<?xml version="1.0" encoding="UTF-8"?>
<gpx xmlns="http://www.topografix.com/GPX/1/1" xmlns:gpxtpx="http://www.garmin.com/xmlschemas/TrackPointExtension/v1" xmlns:xsi="http://www.w3.org/2001/XMLSchema-instance" xsi:schemaLocation="http://www.topografix.com/GPX/1/1 http://www.topografix.com/GPX/1/1/gpx.xsd" version="1.1" creator="gpx.py -- https://github.com/tkrajina/gpxpy">
  <trk>
    <trkseg>
      <trkpt lat="38.901894" lon="111.836006">
        <ele>1406.3568</ele>
        <time>2014-01-14T23:09:29.459000Z</time>
      </trkpt>
      <trkpt lat="38.901894" lon="111.836006">
        <ele>1406.2404</ele>
        <time>2014-01-14T23:09:33.105000Z</time>
      </trkpt>
      <trkpt lat="38.901894" lon="111.836006">
        <ele>1405.8776</ele>
        <time>2014-01-14T23:09:36.751000Z</time>
      </trkpt>
      <trkpt lat="38.90193" lon="111.83591">
        <ele>1405.2904</ele>
        <time>2014-01-14T23:09:40.397000Z</time>
      </trkpt>
      <trkpt lat="38.90202" lon="111.83588">
        <ele>1407.2289</ele>
        <time>2014-01-14T23:09:44.043000Z</time>
      </trkpt>
      <trkpt lat="38.902122" lon="111.835815">
        <ele>1413.2997</ele>
        <time>2014-01-14T23:09:47.689000Z</time>
      </trkpt>
      <trkpt lat="38.902225" lon="111.835785">
        <ele>1419.7499</ele>
        <time>2014-01-14T23:09:51.335000Z</time>
      </trkpt>
      <trkpt lat="38.902344" lon="111.83575">
        <ele>1422.7126</ele>
        <time>2014-01-14T23:09:54.981000Z</time>
      </trkpt>
      <trkpt lat="38.90243" lon="111.83571">
        <ele>1422.7191</ele>
        <time>2014-01-14T23:09:58.627000Z</time>
      </trkpt>
      <trkpt lat="38.902523" lon="111.83566">
        <ele>1421.1483</ele>
        <time>2014-01-14T23:10:02.273000Z</time>
      </trkpt>
      <trkpt lat="38.902596" lon="111.83575">
        <ele>1419.0311</ele>
        <time>2014-01-14T23:10:05.919000Z</time>
      </trkpt>
      <trkpt lat="38.902634" lon="111.83585">
        <ele>1417.4574</ele>
        <time>2014-01-14T23:10:09.565000Z</time>
      </trkpt>
      <trkpt lat="38.902668" lon="111.835976">
        <ele>1417.016</ele>
        <time>2014-01-14T23:10:13.211000Z</time>
      </trkpt>
      <trkpt lat="38.902714" lon="111.83609">
        <ele>1416.6414</ele>
        <time>2014-01-14T23:10:16.857000Z</time>
      </trkpt>
      <trkpt lat="38.902763" lon="111.83622">
        <ele>1415.4368</ele>
        <time>2014-01-14T23:10:20.503000Z</time>
      </trkpt>
      <trkpt lat="38.902805" lon="111.83633">
        <ele>1414.3279</ele>
        <time>2014-01-14T23:10:24.149000Z</time>
      </trkpt>
      <trkpt lat="38.902855" lon="111.83645">
        <ele>1414.9929</ele>
        <time>2014-01-14T23:10:27.795000Z</time>
      </trkpt>
      <trkpt lat="38.902893" lon="111.83657">
        <ele>1417.327</ele>
        <time>2014-01-14T23:10:31.441000Z</time>
      </trkpt>
      <trkpt lat="38.902924" lon="111.836685">
        <ele>1419.2429</ele>
        <time>2014-01-14T23:10:35.087000Z</time>
      </trkpt>
      <trkpt lat="38.902958" lon="111.83683">
        <ele>1419.1138</ele>
        <time>2014-01-14T23:10:38.733000Z</time>
      </trkpt>
      <trkpt lat="38.903004" lon="111.83695">
        <ele>1417.6001</ele>
        <time>2014-01-14T23:10:42.379000Z</time>
      </trkpt>
      <trkpt lat="38.90306" lon="111.837074">
        <ele>1416.306</ele>
        <time>2014-01-14T23:10:46.025000Z</time>
      </trkpt>
      <trkpt lat="38.903126" lon="111.837166">
        <ele>1415.9469</ele>
        <time>2014-01-14T23:10:49.671000Z</time>
      </trkpt>
      <trkpt lat="38.90319" lon="111.83729">
        <ele>1415.9581</ele>
        <time>2014-01-14T23:10:53.317000Z</time>
      </trkpt>
      <trkpt lat="38.903236" lon="111.83741">
        <ele>1415.6587</ele>
        <time>2014-01-14T23:10:56.963000Z</time>
      </trkpt>
      <trkpt lat="38.90327" lon="111.83753">
        <ele>1414.7692</ele>
        <time>2014-01-14T23:11:00.609000Z</time>
      </trkpt>
      <trkpt lat="38.903286" lon="111.83765">
        <ele>1413.4644</ele>
        <time>2014-01-14T23:11:04.255000Z</time>
      </trkpt>
      <trkpt lat="38.90332" lon="111.83776">
        <ele>1411.546</ele>
        <time>2014-01-14T23:11:07.901000Z</time>
      </trkpt>
      <trkpt lat="38.90332" lon="111.83776">
        <ele>1408.9248</ele>
        <time>2014-01-14T23:11:11.547000Z</time>
      </trkpt>
      <trkpt lat="38.903397" lon="111.83788">
        <ele>1407.123</ele>
        <time>2014-01-14T23:11:15.193000Z</time>
      </trkpt>
      <trkpt lat="38.90346" lon="111.838">
        <ele>1407.438</ele>
        <time>2014-01-14T23:11:18.839000Z</time>
      </trkpt>
      <trkpt lat="38.903492" lon="111.83814">
        <ele>1408.8881</ele>
        <time>2014-01-14T23:11:22.485000Z</time>
      </trkpt>
      <trkpt lat="38.903503" lon="111.83826">
        <ele>1410.8115</ele>
        <time>2014-01-14T23:11:26.131000Z</time>
      </trkpt>
      <trkpt lat="38.90354" lon="111.8384">
        <ele>1411.415</ele>
        <time>2014-01-14T23:11:29.777000Z</time>
      </trkpt>
      <trkpt lat="38.903572" lon="111.83853">
        <ele>1412.6868</ele>
        <time>2014-01-14T23:11:33.423000Z</time>
      </trkpt>
      <trkpt lat="38.903606" lon="111.83868">
        <ele>1414.4637</ele>
        <time>2014-01-14T23:11:37.069000Z</time>
      </trkpt>
      <trkpt lat="38.903637" lon="111.83879">
        <ele>1416.2894</ele>
        <time>2014-01-14T23:11:40.715000Z</time>
      </trkpt>
      <trkpt lat="38.90367" lon="111.83891">
        <ele>1417.8009</ele>
        <time>2014-01-14T23:11:44.361000Z</time>
      </trkpt>
      <trkpt lat="38.903725" lon="111.839035">
        <ele>1418.2808</ele>
        <time>2014-01-14T23:11:48.007000Z</time>
      </trkpt>
      <trkpt lat="38.90378" lon="111.83914">
        <ele>1417.4854</ele>
        <time>2014-01-14T23:11:51.653000Z</time>
      </trkpt>
      <trkpt lat="38.90382" lon="111.83926">
        <ele>1416.2029</ele>
        <time>2014-01-14T23:11:55.299000Z</time>
      </trkpt>
      <trkpt lat="38.90386" lon="111.83936">
        <ele>1416.9349</ele>
        <time>2014-01-14T23:11:58.945000Z</time>
      </trkpt>
      <trkpt lat="38.90388" lon="111.83949">
        <ele>1420.7941</ele>
        <time>2014-01-14T23:12:02.591000Z</time>
      </trkpt>
      <trkpt lat="38.903915" lon="111.83963">
        <ele>1424.972</ele>
        <time>2014-01-14T23:12:06.237000Z</time>
      </trkpt>
      <trkpt lat="38.90395" lon="111.83974">
        <ele>1426.463</ele>
        <time>2014-01-14T23:12:09.883000Z</time>
      </trkpt>
      <trkpt lat="38.903984" lon="111.83987">
        <ele>1425.5317</ele>
        <time>2014-01-14T23:12:13.529000Z</time>
      </trkpt>
      <trkpt lat="38.90409" lon="111.839905">
        <ele>1423.792</ele>
        <time>2014-01-14T23:12:17.175000Z</time>
      </trkpt>
      <trkpt lat="38.904205" lon="111.83989">
        <ele>1422.263</ele>
        <time>2014-01-14T23:12:20.821000Z</time>
      </trkpt>
      <trkpt lat="38.90432" lon="111.839836">
        <ele>1420.8636</ele>
        <time>2014-01-14T23:12:24.467000Z</time>
      </trkpt>
      <trkpt lat="38.904404" lon="111.839775">
        <ele>1419.6028</ele>
        <time>2014-01-14T23:12:28.113000Z</time>
      </trkpt>
      <trkpt lat="38.904503" lon="111.83969">
        <ele>1418.8118</ele>
        <time>2014-01-14T23:12:31.759000Z</time>
      </trkpt>
      <trkpt lat="38.90459" lon="111.839645">
        <ele>1418.7815</ele>
        <time>2014-01-14T23:12:35.405000Z</time>
      </trkpt>
      <trkpt lat="38.904682" lon="111.8396">
        <ele>1419.422</ele>
        <time>2014-01-14T23:12:39.051000Z</time>
      </trkpt>
      <trkpt lat="38.90477" lon="111.83954">
        <ele>1420.4547</ele>
        <time>2014-01-14T23:12:42.697000Z</time>
      </trkpt>
      <trkpt lat="38.90486" lon="111.83948">
        <ele>1421.5923</ele>
        <time>2014-01-14T23:12:46.343000Z</time>
      </trkpt>
      <trkpt lat="38.90497" lon="111.839424">
        <ele>1422.4468</ele>
        <time>2014-01-14T23:12:49.989000Z</time>
      </trkpt>
      <trkpt lat="38.90506" lon="111.83939">
        <ele>1422.9459</ele>
        <time>2014-01-14T23:12:53.635000Z</time>
      </trkpt>
      <trkpt lat="38.905148" lon="111.83935">
        <ele>1423.4125</ele>
        <time>2014-01-14T23:12:57.281000Z</time>
      </trkpt>
      <trkpt lat="38.90524" lon="111.83931">
        <ele>1423.734</ele>
        <time>2014-01-14T23:13:00.927000Z</time>
      </trkpt>
      <trkpt lat="38.90536" lon="111.839264">
        <ele>1423.6188</ele>
        <time>2014-01-14T23:13:04.573000Z</time>
      </trkpt>
      <trkpt lat="38.905464" lon="111.8392">
        <ele>1422.4124</ele>
        <time>2014-01-14T23:13:08.219000Z</time>
      </trkpt>
      <trkpt lat="38.905544" lon="111.83915">
        <ele>1419.9994</ele>
        <time>2014-01-14T23:13:11.865000Z</time>
      </trkpt>
      <trkpt lat="38.90563" lon="111.839096">
        <ele>1417.4625</ele>
        <time>2014-01-14T23:13:15.511000Z</time>
      </trkpt>
      <trkpt lat="38.905724" lon="111.83905">
        <ele>1415.6313</ele>
        <time>2014-01-14T23:13:19.157000Z</time>
      </trkpt>
      <trkpt lat="38.905827" lon="111.83902">
        <ele>1414.409</ele>
        <time>2014-01-14T23:13:22.803000Z</time>
      </trkpt>
      <trkpt lat="38.90594" lon="111.839">
        <ele>1412.9469</ele>
        <time>2014-01-14T23:13:26.449000Z</time>
      </trkpt>
      <trkpt lat="38.906036" lon="111.83897">
        <ele>1410.593</ele>
        <time>2014-01-14T23:13:30.095000Z</time>
      </trkpt>
      <trkpt lat="38.90613" lon="111.83888">
        <ele>1408.2759</ele>
        <time>2014-01-14T23:13:33.741000Z</time>
      </trkpt>
      <trkpt lat="38.906227" lon="111.83881">
        <ele>1407.0356</ele>
        <time>2014-01-14T23:13:37.387000Z</time>
      </trkpt>
      <trkpt lat="38.90633" lon="111.83877">
        <ele>1407.0674</ele>
        <time>2014-01-14T23:13:41.033000Z</time>
      </trkpt>
      <trkpt lat="38.90641" lon="111.83871">
        <ele>1408.6594</ele>
        <time>2014-01-14T23:13:44.679000Z</time>
      </trkpt>
      <trkpt lat="38.90653" lon="111.83864">
        <ele>1411.7963</ele>
        <time>2014-01-14T23:13:48.325000Z</time>
      </trkpt>
      <trkpt lat="38.906624" lon="111.83857">
        <ele>1415.9222</ele>
        <time>2014-01-14T23:13:51.971000Z</time>
      </trkpt>
      <trkpt lat="38.90671" lon="111.83851">
        <ele>1420.9027</ele>
        <time>2014-01-14T23:13:55.617000Z</time>
      </trkpt>
      <trkpt lat="38.906807" lon="111.838425">
        <ele>1426.659</ele>
        <time>2014-01-14T23:13:59.263000Z</time>
      </trkpt>
      <trkpt lat="38.906887" lon="111.83836">
        <ele>1431.8732</ele>
        <time>2014-01-14T23:14:02.909000Z</time>
      </trkpt>
      <trkpt lat="38.906994" lon="111.83834">
        <ele>1434.9865</ele>
        <time>2014-01-14T23:14:06.555000Z</time>
      </trkpt>
      <trkpt lat="38.9071" lon="111.8383">
        <ele>1435.2769</ele>
        <time>2014-01-14T23:14:10.201000Z</time>
      </trkpt>
      <trkpt lat="38.90721" lon="111.83826">
        <ele>1433.358</ele>
        <time>2014-01-14T23:14:13.847000Z</time>
      </trkpt>
      <trkpt lat="38.907326" lon="111.83822">
        <ele>1430.7424</ele>
        <time>2014-01-14T23:14:17.493000Z</time>
      </trkpt>
      <trkpt lat="38.907417" lon="111.838165">
        <ele>1427.8623</ele>
        <time>2014-01-14T23:14:21.139000Z</time>
      </trkpt>
      <trkpt lat="38.907516" lon="111.8381">
        <ele>1424.4156</ele>
        <time>2014-01-14T23:14:24.785000Z</time>
      </trkpt>
      <trkpt lat="38.907608" lon="111.83803">
        <ele>1421.3544</ele>
        <time>2014-01-14T23:14:28.431000Z</time>
      </trkpt>
      <trkpt lat="38.907692" lon="111.837975">
        <ele>1419.3953</ele>
        <time>2014-01-14T23:14:32.077000Z</time>
      </trkpt>
      <trkpt lat="38.907787" lon="111.83791">
        <ele>1417.7686</ele>
        <time>2014-01-14T23:14:35.723000Z</time>
      </trkpt>
      <trkpt lat="38.90788" lon="111.83787">
        <ele>1415.3977</ele>
        <time>2014-01-14T23:14:39.369000Z</time>
      </trkpt>
      <trkpt lat="38.907963" lon="111.83781">
        <ele>1412.5479</ele>
        <time>2014-01-14T23:14:43.015000Z</time>
      </trkpt>
      <trkpt lat="38.90806" lon="111.837776">
        <ele>1410.5554</ele>
        <time>2014-01-14T23:14:46.661000Z</time>
      </trkpt>
      <trkpt lat="38.90815" lon="111.837746">
        <ele>1410.0056</ele>
        <time>2014-01-14T23:14:50.307000Z</time>
      </trkpt>
      <trkpt lat="38.908237" lon="111.83771">
        <ele>1409.7574</ele>
        <time>2014-01-14T23:14:53.953000Z</time>
      </trkpt>
      <trkpt lat="38.90833" lon="111.83766">
        <ele>1408.8455</ele>
        <time>2014-01-14T23:14:57.599000Z</time>
      </trkpt>
      <trkpt lat="38.908417" lon="111.8376">
        <ele>1407.6558</ele>
        <time>2014-01-14T23:15:01.245000Z</time>
      </trkpt>
      <trkpt lat="38.908524" lon="111.83754">
        <ele>1406.9434</ele>
        <time>2014-01-14T23:15:04.891000Z</time>
      </trkpt>
      <trkpt lat="38.908627" lon="111.8375">
        <ele>1407.8136</ele>
        <time>2014-01-14T23:15:08.537000Z</time>
      </trkpt>
      <trkpt lat="38.908733" lon="111.837456">
        <ele>1410.9025</ele>
        <time>2014-01-14T23:15:12.183000Z</time>
      </trkpt>
      <trkpt lat="38.908817" lon="111.8374">
        <ele>1414.6307</ele>
        <time>2014-01-14T23:15:15.829000Z</time>
      </trkpt>
      <trkpt lat="38.90891" lon="111.83736">
        <ele>1417.4468</ele>
        <time>2014-01-14T23:15:19.475000Z</time>
      </trkpt>
      <trkpt lat="38.909004" lon="111.83731">
        <ele>1419.7109</ele>
        <time>2014-01-14T23:15:23.121000Z</time>
      </trkpt>
      <trkpt lat="38.909096" lon="111.83733">
        <ele>1421.677</ele>
        <time>2014-01-14T23:15:26.767000Z</time>
      </trkpt>
      <trkpt lat="38.909145" lon="111.83746">
        <ele>1422.3566</ele>
        <time>2014-01-14T23:15:30.413000Z</time>
      </trkpt>
      <trkpt lat="38.90918" lon="111.83759">
        <ele>1421.3816</ele>
        <time>2014-01-14T23:15:34.059000Z</time>
      </trkpt>
      <trkpt lat="38.909203" lon="111.83771">
        <ele>1421.0543</ele>
        <time>2014-01-14T23:15:37.705000Z</time>
      </trkpt>
      <trkpt lat="38.90922" lon="111.83783">
        <ele>1423.2596</ele>
        <time>2014-01-14T23:15:41.351000Z</time>
      </trkpt>
      <trkpt lat="38.909237" lon="111.83797">
        <ele>1426.3647</ele>
        <time>2014-01-14T23:15:44.997000Z</time>
      </trkpt>
      <trkpt lat="38.909252" lon="111.838104">
        <ele>1427.7712</ele>
        <time>2014-01-14T23:15:48.643000Z</time>
      </trkpt>
      <trkpt lat="38.909275" lon="111.83823">
        <ele>1426.1677</ele>
        <time>2014-01-14T23:15:52.289000Z</time>
      </trkpt>
      <trkpt lat="38.909306" lon="111.83833">
        <ele>1422.334</ele>
        <time>2014-01-14T23:15:55.935000Z</time>
      </trkpt>
      <trkpt lat="38.909348" lon="111.838455">
        <ele>1419.247</ele>
        <time>2014-01-14T23:15:59.581000Z</time>
      </trkpt>
      <trkpt lat="38.909378" lon="111.83859">
        <ele>1418.583</ele>
        <time>2014-01-14T23:16:03.227000Z</time>
      </trkpt>
      <trkpt lat="38.909424" lon="111.838715">
        <ele>1419.2684</ele>
        <time>2014-01-14T23:16:06.873000Z</time>
      </trkpt>
      <trkpt lat="38.90944" lon="111.83884">
        <ele>1419.7971</ele>
        <time>2014-01-14T23:16:10.519000Z</time>
      </trkpt>
      <trkpt lat="38.909462" lon="111.83896">
        <ele>1419.8275</ele>
        <time>2014-01-14T23:16:14.165000Z</time>
      </trkpt>
      <trkpt lat="38.909508" lon="111.839096">
        <ele>1419.8091</ele>
        <time>2014-01-14T23:16:17.811000Z</time>
      </trkpt>
      <trkpt lat="38.90954" lon="111.839226">
        <ele>1420.2098</ele>
        <time>2014-01-14T23:16:21.457000Z</time>
      </trkpt>
      <trkpt lat="38.909584" lon="111.83938">
        <ele>1421.0151</ele>
        <time>2014-01-14T23:16:25.103000Z</time>
      </trkpt>
      <trkpt lat="38.9096" lon="111.8395">
        <ele>1421.1211</ele>
        <time>2014-01-14T23:16:28.749000Z</time>
      </trkpt>
      <trkpt lat="38.909622" lon="111.83962">
        <ele>1419.7584</ele>
        <time>2014-01-14T23:16:32.395000Z</time>
      </trkpt>
      <trkpt lat="38.90965" lon="111.83976">
        <ele>1418.4562</ele>
        <time>2014-01-14T23:16:36.041000Z</time>
      </trkpt>
      <trkpt lat="38.909687" lon="111.839905">
        <ele>1418.6196</ele>
        <time>2014-01-14T23:16:39.687000Z</time>
      </trkpt>
      <trkpt lat="38.909725" lon="111.84005">
        <ele>1418.9031</ele>
        <time>2014-01-14T23:16:43.333000Z</time>
      </trkpt>
      <trkpt lat="38.909756" lon="111.84018">
        <ele>1417.8545</ele>
        <time>2014-01-14T23:16:46.979000Z</time>
      </trkpt>
      <trkpt lat="38.909794" lon="111.84031">
        <ele>1416.0612</ele>
        <time>2014-01-14T23:16:50.625000Z</time>
      </trkpt>
      <trkpt lat="38.909832" lon="111.84044">
        <ele>1414.6157</ele>
        <time>2014-01-14T23:16:54.271000Z</time>
      </trkpt>
      <trkpt lat="38.909874" lon="111.84058">
        <ele>1414.0793</ele>
        <time>2014-01-14T23:16:57.917000Z</time>
      </trkpt>
      <trkpt lat="38.90991" lon="111.84072">
        <ele>1414.8992</ele>
        <time>2014-01-14T23:17:01.563000Z</time>
      </trkpt>
      <trkpt lat="38.90993" lon="111.840836">
        <ele>1417.1335</ele>
        <time>2014-01-14T23:17:05.209000Z</time>
      </trkpt>
      <trkpt lat="38.909966" lon="111.84095">
        <ele>1420.4324</ele>
        <time>2014-01-14T23:17:08.855000Z</time>
      </trkpt>
      <trkpt lat="38.91" lon="111.84109">
        <ele>1423.8123</ele>
        <time>2014-01-14T23:17:12.501000Z</time>
      </trkpt>
      <trkpt lat="38.91002" lon="111.8412">
        <ele>1426.0714</ele>
        <time>2014-01-14T23:17:16.147000Z</time>
      </trkpt>
      <trkpt lat="38.91005" lon="111.84135">
        <ele>1426.9028</ele>
        <time>2014-01-14T23:17:19.793000Z</time>
      </trkpt>
      <trkpt lat="38.910076" lon="111.84145">
        <ele>1426.909</ele>
        <time>2014-01-14T23:17:23.439000Z</time>
      </trkpt>
      <trkpt lat="38.910114" lon="111.84156">
        <ele>1426.9542</ele>
        <time>2014-01-14T23:17:27.085000Z</time>
      </trkpt>
      <trkpt lat="38.910152" lon="111.841705">
        <ele>1427.5005</ele>
        <time>2014-01-14T23:17:30.731000Z</time>
      </trkpt>
      <trkpt lat="38.910183" lon="111.84183">
        <ele>1427.7505</ele>
        <time>2014-01-14T23:17:34.377000Z</time>
      </trkpt>
      <trkpt lat="38.91021" lon="111.841934">
        <ele>1426.8865</ele>
        <time>2014-01-14T23:17:38.023000Z</time>
      </trkpt>
      <trkpt lat="38.910236" lon="111.84207">
        <ele>1425.3273</ele>
        <time>2014-01-14T23:17:41.669000Z</time>
      </trkpt>
      <trkpt lat="38.910255" lon="111.84222">
        <ele>1423.8154</ele>
        <time>2014-01-14T23:17:45.315000Z</time>
      </trkpt>
      <trkpt lat="38.910282" lon="111.842354">
        <ele>1422.7548</ele>
        <time>2014-01-14T23:17:48.961000Z</time>
      </trkpt>
      <trkpt lat="38.9103" lon="111.8425">
        <ele>1422.2039</ele>
        <time>2014-01-14T23:17:52.607000Z</time>
      </trkpt>
      <trkpt lat="38.910336" lon="111.84263">
        <ele>1421.616</ele>
        <time>2014-01-14T23:17:56.253000Z</time>
      </trkpt>
      <trkpt lat="38.910362" lon="111.84274">
        <ele>1420.6925</ele>
        <time>2014-01-14T23:17:59.899000Z</time>
      </trkpt>
      <trkpt lat="38.91039" lon="111.842865">
        <ele>1420.4149</ele>
        <time>2014-01-14T23:18:03.545000Z</time>
      </trkpt>
      <trkpt lat="38.910397" lon="111.84301">
        <ele>1421.4701</ele>
        <time>2014-01-14T23:18:07.191000Z</time>
      </trkpt>
      <trkpt lat="38.910423" lon="111.84313">
        <ele>1423.0428</ele>
        <time>2014-01-14T23:18:10.837000Z</time>
      </trkpt>
      <trkpt lat="38.910442" lon="111.843254">
        <ele>1423.8209</ele>
        <time>2014-01-14T23:18:14.483000Z</time>
      </trkpt>
      <trkpt lat="38.91045" lon="111.843376">
        <ele>1423.3761</ele>
        <time>2014-01-14T23:18:18.129000Z</time>
      </trkpt>
      <trkpt lat="38.91048" lon="111.843506">
        <ele>1422.2539</ele>
        <time>2014-01-14T23:18:21.775000Z</time>
      </trkpt>
      <trkpt lat="38.91051" lon="111.84365">
        <ele>1421.2299</ele>
        <time>2014-01-14T23:18:25.421000Z</time>
      </trkpt>
      <trkpt lat="38.910553" lon="111.843796">
        <ele>1420.8916</ele>
        <time>2014-01-14T23:18:29.067000Z</time>
      </trkpt>
      <trkpt lat="38.910614" lon="111.843895">
        <ele>1421.4945</ele>
        <time>2014-01-14T23:18:32.713000Z</time>
      </trkpt>
      <trkpt lat="38.91068" lon="111.844025">
        <ele>1422.5981</ele>
        <time>2014-01-14T23:18:36.359000Z</time>
      </trkpt>
      <trkpt lat="38.910717" lon="111.84415">
        <ele>1423.644</ele>
        <time>2014-01-14T23:18:40.005000Z</time>
      </trkpt>
      <trkpt lat="38.910744" lon="111.84428">
        <ele>1424.418</ele>
        <time>2014-01-14T23:18:43.651000Z</time>
      </trkpt>
      <trkpt lat="38.910755" lon="111.84439">
        <ele>1425.3134</ele>
        <time>2014-01-14T23:18:47.297000Z</time>
      </trkpt>
      <trkpt lat="38.910786" lon="111.84454">
        <ele>1426.7715</ele>
        <time>2014-01-14T23:18:50.943000Z</time>
      </trkpt>
      <trkpt lat="38.91081" lon="111.84466">
        <ele>1428.307</ele>
        <time>2014-01-14T23:18:54.589000Z</time>
      </trkpt>
      <trkpt lat="38.910854" lon="111.84478">
        <ele>1428.7435</ele>
        <time>2014-01-14T23:18:58.235000Z</time>
      </trkpt>
      <trkpt lat="38.910885" lon="111.844894">
        <ele>1427.768</ele>
        <time>2014-01-14T23:19:01.881000Z</time>
      </trkpt>
      <trkpt lat="38.9109" lon="111.84503">
        <ele>1426.9409</ele>
        <time>2014-01-14T23:19:05.527000Z</time>
      </trkpt>
      <trkpt lat="38.910908" lon="111.84515">
        <ele>1427.8031</ele>
        <time>2014-01-14T23:19:09.173000Z</time>
      </trkpt>
      <trkpt lat="38.91096" lon="111.8453">
        <ele>1429.7324</ele>
        <time>2014-01-14T23:19:12.819000Z</time>
      </trkpt>
      <trkpt lat="38.910988" lon="111.845436">
        <ele>1431.2904</ele>
        <time>2014-01-14T23:19:16.465000Z</time>
      </trkpt>
      <trkpt lat="38.911015" lon="111.84557">
        <ele>1431.9586</ele>
        <time>2014-01-14T23:19:20.111000Z</time>
      </trkpt>
      <trkpt lat="38.91104" lon="111.845695">
        <ele>1431.5986</ele>
        <time>2014-01-14T23:19:23.757000Z</time>
      </trkpt>
      <trkpt lat="38.911076" lon="111.845825">
        <ele>1430.3782</ele>
        <time>2014-01-14T23:19:27.403000Z</time>
      </trkpt>
      <trkpt lat="38.9111" lon="111.845955">
        <ele>1429.1683</ele>
        <time>2014-01-14T23:19:31.049000Z</time>
      </trkpt>
      <trkpt lat="38.911114" lon="111.84608">
        <ele>1427.646</ele>
        <time>2014-01-14T23:19:34.695000Z</time>
      </trkpt>
      <trkpt lat="38.91111" lon="111.84623">
        <ele>1425.0669</ele>
        <time>2014-01-14T23:19:38.341000Z</time>
      </trkpt>
      <trkpt lat="38.911148" lon="111.84636">
        <ele>1422.9186</ele>
        <time>2014-01-14T23:19:41.987000Z</time>
      </trkpt>
      <trkpt lat="38.911198" lon="111.84648">
        <ele>1422.6262</ele>
        <time>2014-01-14T23:19:45.633000Z</time>
      </trkpt>
      <trkpt lat="38.911243" lon="111.846596">
        <ele>1422.9995</ele>
        <time>2014-01-14T23:19:49.279000Z</time>
      </trkpt>
      <trkpt lat="38.91129" lon="111.846725">
        <ele>1422.738</ele>
        <time>2014-01-14T23:19:52.925000Z</time>
      </trkpt>
      <trkpt lat="38.91133" lon="111.84686">
        <ele>1421.7745</ele>
        <time>2014-01-14T23:19:56.571000Z</time>
      </trkpt>
      <trkpt lat="38.91138" lon="111.84701">
        <ele>1420.8499</ele>
        <time>2014-01-14T23:20:00.217000Z</time>
      </trkpt>
      <trkpt lat="38.91141" lon="111.84713">
        <ele>1420.7589</ele>
        <time>2014-01-14T23:20:03.863000Z</time>
      </trkpt>
      <trkpt lat="38.91144" lon="111.84726">
        <ele>1421.3801</ele>
        <time>2014-01-14T23:20:07.509000Z</time>
      </trkpt>
      <trkpt lat="38.911465" lon="111.84739">
        <ele>1421.6418</ele>
        <time>2014-01-14T23:20:11.155000Z</time>
      </trkpt>
      <trkpt lat="38.911484" lon="111.847534">
        <ele>1421.1262</ele>
        <time>2014-01-14T23:20:14.801000Z</time>
      </trkpt>
      <trkpt lat="38.911514" lon="111.84767">
        <ele>1420.7312</ele>
        <time>2014-01-14T23:20:18.447000Z</time>
      </trkpt>
      <trkpt lat="38.911552" lon="111.847824">
        <ele>1421.2781</ele>
        <time>2014-01-14T23:20:22.093000Z</time>
      </trkpt>
      <trkpt lat="38.91159" lon="111.84794">
        <ele>1422.5625</ele>
        <time>2014-01-14T23:20:25.739000Z</time>
      </trkpt>
      <trkpt lat="38.911613" lon="111.84807">
        <ele>1424.0305</ele>
        <time>2014-01-14T23:20:29.385000Z</time>
      </trkpt>
      <trkpt lat="38.911648" lon="111.848206">
        <ele>1424.7478</ele>
        <time>2014-01-14T23:20:33.031000Z</time>
      </trkpt>
      <trkpt lat="38.91168" lon="111.84831">
        <ele>1423.9474</ele>
        <time>2014-01-14T23:20:36.677000Z</time>
      </trkpt>
      <trkpt lat="38.911713" lon="111.84843">
        <ele>1422.4978</ele>
        <time>2014-01-14T23:20:40.323000Z</time>
      </trkpt>
      <trkpt lat="38.911755" lon="111.84855">
        <ele>1421.6582</ele>
        <time>2014-01-14T23:20:43.969000Z</time>
      </trkpt>
      <trkpt lat="38.911793" lon="111.84867">
        <ele>1421.5677</ele>
        <time>2014-01-14T23:20:47.615000Z</time>
      </trkpt>
      <trkpt lat="38.91183" lon="111.848785">
        <ele>1421.7264</ele>
        <time>2014-01-14T23:20:51.261000Z</time>
      </trkpt>
      <trkpt lat="38.91188" lon="111.848915">
        <ele>1422.3456</ele>
        <time>2014-01-14T23:20:54.907000Z</time>
      </trkpt>
      <trkpt lat="38.91191" lon="111.84905">
        <ele>1423.7037</ele>
        <time>2014-01-14T23:20:58.553000Z</time>
      </trkpt>
      <trkpt lat="38.911938" lon="111.84917">
        <ele>1425.1489</ele>
        <time>2014-01-14T23:21:02.199000Z</time>
      </trkpt>
      <trkpt lat="38.911964" lon="111.84928">
        <ele>1425.8892</ele>
        <time>2014-01-14T23:21:05.845000Z</time>
      </trkpt>
      <trkpt lat="38.911983" lon="111.84943">
        <ele>1425.8074</ele>
        <time>2014-01-14T23:21:09.491000Z</time>
      </trkpt>
      <trkpt lat="38.912014" lon="111.84957">
        <ele>1424.9081</ele>
        <time>2014-01-14T23:21:13.137000Z</time>
      </trkpt>
      <trkpt lat="38.91205" lon="111.84972">
        <ele>1423.6373</ele>
        <time>2014-01-14T23:21:16.783000Z</time>
      </trkpt>
      <trkpt lat="38.91208" lon="111.84984">
        <ele>1422.7787</ele>
        <time>2014-01-14T23:21:20.429000Z</time>
      </trkpt>
      <trkpt lat="38.91211" lon="111.849976">
        <ele>1422.62</ele>
        <time>2014-01-14T23:21:24.075000Z</time>
      </trkpt>
      <trkpt lat="38.912148" lon="111.85011">
        <ele>1422.8129</ele>
        <time>2014-01-14T23:21:27.721000Z</time>
      </trkpt>
      <trkpt lat="38.912186" lon="111.850235">
        <ele>1423.4572</ele>
        <time>2014-01-14T23:21:31.367000Z</time>
      </trkpt>
      <trkpt lat="38.912216" lon="111.85037">
        <ele>1424.7277</ele>
        <time>2014-01-14T23:21:35.013000Z</time>
      </trkpt>
      <trkpt lat="38.912235" lon="111.85049">
        <ele>1425.6003</ele>
        <time>2014-01-14T23:21:38.659000Z</time>
      </trkpt>
      <trkpt lat="38.912266" lon="111.85062">
        <ele>1425.2406</ele>
        <time>2014-01-14T23:21:42.305000Z</time>
      </trkpt>
      <trkpt lat="38.912296" lon="111.85074">
        <ele>1424.5085</ele>
        <time>2014-01-14T23:21:45.951000Z</time>
      </trkpt>
      <trkpt lat="38.912323" lon="111.850876">
        <ele>1424.3204</ele>
        <time>2014-01-14T23:21:49.597000Z</time>
      </trkpt>
      <trkpt lat="38.912357" lon="111.85099">
        <ele>1424.4047</ele>
        <time>2014-01-14T23:21:53.243000Z</time>
      </trkpt>
      <trkpt lat="38.912388" lon="111.85112">
        <ele>1424.2932</ele>
        <time>2014-01-14T23:21:56.889000Z</time>
      </trkpt>
      <trkpt lat="38.912422" lon="111.85126">
        <ele>1423.8529</ele>
        <time>2014-01-14T23:22:00.535000Z</time>
      </trkpt>
      <trkpt lat="38.91246" lon="111.85138">
        <ele>1423.4165</ele>
        <time>2014-01-14T23:22:04.181000Z</time>
      </trkpt>
      <trkpt lat="38.91249" lon="111.851494">
        <ele>1423.3972</ele>
        <time>2014-01-14T23:22:07.827000Z</time>
      </trkpt>
      <trkpt lat="38.91252" lon="111.85161">
        <ele>1423.6244</ele>
        <time>2014-01-14T23:22:11.473000Z</time>
      </trkpt>
      <trkpt lat="38.91255" lon="111.85175">
        <ele>1423.7286</ele>
        <time>2014-01-14T23:22:15.119000Z</time>
      </trkpt>
      <trkpt lat="38.91259" lon="111.85188">
        <ele>1424.1223</ele>
        <time>2014-01-14T23:22:18.765000Z</time>
      </trkpt>
      <trkpt lat="38.912636" lon="111.85203">
        <ele>1425.1754</ele>
        <time>2014-01-14T23:22:22.411000Z</time>
      </trkpt>
      <trkpt lat="38.912655" lon="111.85216">
        <ele>1426.3872</ele>
        <time>2014-01-14T23:22:26.057000Z</time>
      </trkpt>
      <trkpt lat="38.91268" lon="111.8523">
        <ele>1427.1826</ele>
        <time>2014-01-14T23:22:29.703000Z</time>
      </trkpt>
      <trkpt lat="38.912716" lon="111.85244">
        <ele>1427.6262</ele>
        <time>2014-01-14T23:22:33.349000Z</time>
      </trkpt>
      <trkpt lat="38.912743" lon="111.852585">
        <ele>1427.8793</ele>
        <time>2014-01-14T23:22:36.995000Z</time>
      </trkpt>
      <trkpt lat="38.912766" lon="111.8527">
        <ele>1428.022</ele>
        <time>2014-01-14T23:22:40.641000Z</time>
      </trkpt>
      <trkpt lat="38.912792" lon="111.852844">
        <ele>1428.0996</ele>
        <time>2014-01-14T23:22:44.287000Z</time>
      </trkpt>
      <trkpt lat="38.912827" lon="111.85295">
        <ele>1428.5225</ele>
        <time>2014-01-14T23:22:47.933000Z</time>
      </trkpt>
      <trkpt lat="38.912853" lon="111.85307">
        <ele>1429.7654</ele>
        <time>2014-01-14T23:22:51.579000Z</time>
      </trkpt>
      <trkpt lat="38.912895" lon="111.85321">
        <ele>1431.5375</ele>
        <time>2014-01-14T23:22:55.225000Z</time>
      </trkpt>
      <trkpt lat="38.912945" lon="111.85334">
        <ele>1433.0612</ele>
        <time>2014-01-14T23:22:58.871000Z</time>
      </trkpt>
      <trkpt lat="38.91298" lon="111.85346">
        <ele>1433.8903</ele>
        <time>2014-01-14T23:23:02.517000Z</time>
      </trkpt>
      <trkpt lat="38.91302" lon="111.85357">
        <ele>1433.6086</ele>
        <time>2014-01-14T23:23:06.163000Z</time>
      </trkpt>
      <trkpt lat="38.91308" lon="111.8537">
        <ele>1432.1827</ele>
        <time>2014-01-14T23:23:09.809000Z</time>
      </trkpt>
      <trkpt lat="38.91314" lon="111.853806">
        <ele>1430.524</ele>
        <time>2014-01-14T23:23:13.455000Z</time>
      </trkpt>
      <trkpt lat="38.913204" lon="111.853905">
        <ele>1429.5353</ele>
        <time>2014-01-14T23:23:17.101000Z</time>
      </trkpt>
      <trkpt lat="38.913303" lon="111.85398">
        <ele>1428.9247</ele>
        <time>2014-01-14T23:23:20.747000Z</time>
      </trkpt>
      <trkpt lat="38.913406" lon="111.85399">
        <ele>1427.8816</ele>
        <time>2014-01-14T23:23:24.393000Z</time>
      </trkpt>
      <trkpt lat="38.91352" lon="111.85398">
        <ele>1425.7943</ele>
        <time>2014-01-14T23:23:28.039000Z</time>
      </trkpt>
      <trkpt lat="38.913628" lon="111.85396">
        <ele>1423.0933</ele>
        <time>2014-01-14T23:23:31.685000Z</time>
      </trkpt>
      <trkpt lat="38.91372" lon="111.85394">
        <ele>1421.5353</ele>
        <time>2014-01-14T23:23:35.331000Z</time>
      </trkpt>
      <trkpt lat="38.91372" lon="111.85394">
        <ele>1421.9989</ele>
        <time>2014-01-14T23:23:38.977000Z</time>
      </trkpt>
      <trkpt lat="38.9138" lon="111.854004">
        <ele>1423.2911</ele>
        <time>2014-01-14T23:23:42.623000Z</time>
      </trkpt>
      <trkpt lat="38.9138" lon="111.854004">
        <ele>1423.818</ele>
        <time>2014-01-14T23:23:46.269000Z</time>
      </trkpt>
      <trkpt lat="38.913437" lon="111.854774">
        <ele>1426.7765</ele>
        <time>2014-01-14T23:23:49.915000Z</time>
      </trkpt>
      <trkpt lat="38.913437" lon="111.854774">
        <ele>1427.5518</ele>
        <time>2014-01-14T23:23:53.561000Z</time>
      </trkpt>
      <trkpt lat="38.913334" lon="111.854744">
        <ele>1428.0729</ele>
        <time>2014-01-14T23:23:57.207000Z</time>
      </trkpt>
      <trkpt lat="38.9133" lon="111.85476">
        <ele>1429.167</ele>
        <time>2014-01-14T23:24:00.853000Z</time>
      </trkpt>
      <trkpt lat="38.913204" lon="111.85481">
        <ele>1431.1954</ele>
        <time>2014-01-14T23:24:04.499000Z</time>
      </trkpt>
      <trkpt lat="38.913097" lon="111.85487">
        <ele>1433.2872</ele>
        <time>2014-01-14T23:24:08.145000Z</time>
      </trkpt>
      <trkpt lat="38.91302" lon="111.85496">
        <ele>1434.512</ele>
        <time>2014-01-14T23:24:11.791000Z</time>
      </trkpt>
      <trkpt lat="38.91297" lon="111.855064">
        <ele>1434.3844</ele>
        <time>2014-01-14T23:24:15.437000Z</time>
      </trkpt>
      <trkpt lat="38.912926" lon="111.85518">
        <ele>1433.2961</ele>
        <time>2014-01-14T23:24:19.083000Z</time>
      </trkpt>
      <trkpt lat="38.912876" lon="111.85529">
        <ele>1431.7747</ele>
        <time>2014-01-14T23:24:22.729000Z</time>
      </trkpt>
      <trkpt lat="38.912827" lon="111.85542">
        <ele>1430.4413</ele>
        <time>2014-01-14T23:24:26.375000Z</time>
      </trkpt>
      <trkpt lat="38.91278" lon="111.85552">
        <ele>1429.6865</ele>
        <time>2014-01-14T23:24:30.021000Z</time>
      </trkpt>
      <trkpt lat="38.912735" lon="111.85563">
        <ele>1429.497</ele>
        <time>2014-01-14T23:24:33.667000Z</time>
      </trkpt>
      <trkpt lat="38.912678" lon="111.85577">
        <ele>1429.8887</ele>
        <time>2014-01-14T23:24:37.313000Z</time>
      </trkpt>
      <trkpt lat="38.912636" lon="111.855865">
        <ele>1430.6693</ele>
        <time>2014-01-14T23:24:40.959000Z</time>
      </trkpt>
      <trkpt lat="38.912586" lon="111.85598">
        <ele>1431.7732</ele>
        <time>2014-01-14T23:24:44.605000Z</time>
      </trkpt>
      <trkpt lat="38.91254" lon="111.8561">
        <ele>1432.7534</ele>
        <time>2014-01-14T23:24:48.251000Z</time>
      </trkpt>
      <trkpt lat="38.91254" lon="111.8561">
        <ele>1432.7828</ele>
        <time>2014-01-14T23:24:51.897000Z</time>
      </trkpt>
      <trkpt lat="38.91254" lon="111.8561">
        <ele>1431.9968</ele>
        <time>2014-01-14T23:24:55.543000Z</time>
      </trkpt>
      <trkpt lat="38.912464" lon="111.85627">
        <ele>1431.3015</ele>
        <time>2014-01-14T23:24:59.189000Z</time>
      </trkpt>
      <trkpt lat="38.912415" lon="111.85638">
        <ele>1431.0103</ele>
        <time>2014-01-14T23:25:02.835000Z</time>
      </trkpt>
      <trkpt lat="38.912357" lon="111.85648">
        <ele>1430.9551</ele>
        <time>2014-01-14T23:25:06.481000Z</time>
      </trkpt>
      <trkpt lat="38.912308" lon="111.856606">
        <ele>1430.8016</ele>
        <time>2014-01-14T23:25:10.127000Z</time>
      </trkpt>
      <trkpt lat="38.912254" lon="111.856735">
        <ele>1430.4337</ele>
        <time>2014-01-14T23:25:13.773000Z</time>
      </trkpt>
      <trkpt lat="38.9122" lon="111.85685">
        <ele>1430.2653</ele>
        <time>2014-01-14T23:25:17.419000Z</time>
      </trkpt>
      <trkpt lat="38.91214" lon="111.85698">
        <ele>1430.6226</ele>
        <time>2014-01-14T23:25:21.065000Z</time>
      </trkpt>
      <trkpt lat="38.912083" lon="111.85711">
        <ele>1431.1823</ele>
        <time>2014-01-14T23:25:24.711000Z</time>
      </trkpt>
      <trkpt lat="38.912025" lon="111.85724">
        <ele>1431.7865</ele>
        <time>2014-01-14T23:25:28.357000Z</time>
      </trkpt>
      <trkpt lat="38.911983" lon="111.85734">
        <ele>1432.9613</ele>
        <time>2014-01-14T23:25:32.003000Z</time>
      </trkpt>
      <trkpt lat="38.91193" lon="111.85747">
        <ele>1434.6807</ele>
        <time>2014-01-14T23:25:35.649000Z</time>
      </trkpt>
      <trkpt lat="38.911892" lon="111.85758">
        <ele>1435.9437</ele>
        <time>2014-01-14T23:25:39.295000Z</time>
      </trkpt>
      <trkpt lat="38.911846" lon="111.85769">
        <ele>1436.1997</ele>
        <time>2014-01-14T23:25:42.941000Z</time>
      </trkpt>
      <trkpt lat="38.9118" lon="111.85779">
        <ele>1435.9004</ele>
        <time>2014-01-14T23:25:46.587000Z</time>
      </trkpt>
      <trkpt lat="38.911755" lon="111.85792">
        <ele>1435.5856</ele>
        <time>2014-01-14T23:25:50.233000Z</time>
      </trkpt>
      <trkpt lat="38.911705" lon="111.85805">
        <ele>1435.459</ele>
        <time>2014-01-14T23:25:53.879000Z</time>
      </trkpt>
      <trkpt lat="38.91165" lon="111.858185">
        <ele>1435.448</ele>
        <time>2014-01-14T23:25:57.525000Z</time>
      </trkpt>
      <trkpt lat="38.911594" lon="111.85831">
        <ele>1435.1132</ele>
        <time>2014-01-14T23:26:01.171000Z</time>
      </trkpt>
      <trkpt lat="38.911545" lon="111.85841">
        <ele>1434.1749</ele>
        <time>2014-01-14T23:26:04.817000Z</time>
      </trkpt>
      <trkpt lat="38.911488" lon="111.85853">
        <ele>1432.9357</ele>
        <time>2014-01-14T23:26:08.463000Z</time>
      </trkpt>
      <trkpt lat="38.91143" lon="111.85866">
        <ele>1431.8828</ele>
        <time>2014-01-14T23:26:12.109000Z</time>
      </trkpt>
      <trkpt lat="38.911385" lon="111.85879">
        <ele>1431.8925</ele>
        <time>2014-01-14T23:26:15.755000Z</time>
      </trkpt>
      <trkpt lat="38.911324" lon="111.85892">
        <ele>1433.3572</ele>
        <time>2014-01-14T23:26:19.401000Z</time>
      </trkpt>
      <trkpt lat="38.911266" lon="111.85905">
        <ele>1435.1272</ele>
        <time>2014-01-14T23:26:23.047000Z</time>
      </trkpt>
      <trkpt lat="38.91122" lon="111.85918">
        <ele>1436.0764</ele>
        <time>2014-01-14T23:26:26.693000Z</time>
      </trkpt>
      <trkpt lat="38.911163" lon="111.85931">
        <ele>1436.1212</ele>
        <time>2014-01-14T23:26:30.339000Z</time>
      </trkpt>
      <trkpt lat="38.911118" lon="111.85942">
        <ele>1435.9487</ele>
        <time>2014-01-14T23:26:33.985000Z</time>
      </trkpt>
      <trkpt lat="38.911064" lon="111.859535">
        <ele>1435.9436</ele>
        <time>2014-01-14T23:26:37.631000Z</time>
      </trkpt>
      <trkpt lat="38.911003" lon="111.859665">
        <ele>1435.9281</ele>
        <time>2014-01-14T23:26:41.277000Z</time>
      </trkpt>
      <trkpt lat="38.910954" lon="111.8598">
        <ele>1435.71</ele>
        <time>2014-01-14T23:26:44.923000Z</time>
      </trkpt>
      <trkpt lat="38.910896" lon="111.859924">
        <ele>1435.4796</ele>
        <time>2014-01-14T23:26:48.569000Z</time>
      </trkpt>
      <trkpt lat="38.91084" lon="111.86004">
        <ele>1435.4658</ele>
        <time>2014-01-14T23:26:52.215000Z</time>
      </trkpt>
      <trkpt lat="38.9108" lon="111.86016">
        <ele>1435.6453</ele>
        <time>2014-01-14T23:26:55.861000Z</time>
      </trkpt>
      <trkpt lat="38.910748" lon="111.86028">
        <ele>1435.6077</ele>
        <time>2014-01-14T23:26:59.507000Z</time>
      </trkpt>
      <trkpt lat="38.910686" lon="111.860405">
        <ele>1435.3597</ele>
        <time>2014-01-14T23:27:03.153000Z</time>
      </trkpt>
      <trkpt lat="38.91061" lon="111.86052">
        <ele>1435.3687</ele>
        <time>2014-01-14T23:27:06.799000Z</time>
      </trkpt>
      <trkpt lat="38.91055" lon="111.86064">
        <ele>1436.0542</ele>
        <time>2014-01-14T23:27:10.445000Z</time>
      </trkpt>
      <trkpt lat="38.91051" lon="111.860756">
        <ele>1437.0898</ele>
        <time>2014-01-14T23:27:14.091000Z</time>
      </trkpt>
      <trkpt lat="38.910465" lon="111.86088">
        <ele>1437.8271</ele>
        <time>2014-01-14T23:27:17.737000Z</time>
      </trkpt>
      <trkpt lat="38.910416" lon="111.86101">
        <ele>1438.0509</ele>
        <time>2014-01-14T23:27:21.383000Z</time>
      </trkpt>
      <trkpt lat="38.91037" lon="111.86112">
        <ele>1437.8456</ele>
        <time>2014-01-14T23:27:25.029000Z</time>
      </trkpt>
      <trkpt lat="38.910324" lon="111.86122">
        <ele>1437.5322</ele>
        <time>2014-01-14T23:27:28.675000Z</time>
      </trkpt>
      <trkpt lat="38.910275" lon="111.86133">
        <ele>1437.1772</ele>
        <time>2014-01-14T23:27:32.321000Z</time>
      </trkpt>
      <trkpt lat="38.910233" lon="111.86145">
        <ele>1436.033</ele>
        <time>2014-01-14T23:27:35.967000Z</time>
      </trkpt>
      <trkpt lat="38.910183" lon="111.86157">
        <ele>1433.9448</ele>
        <time>2014-01-14T23:27:39.613000Z</time>
      </trkpt>
      <trkpt lat="38.910133" lon="111.86168">
        <ele>1432.1417</ele>
        <time>2014-01-14T23:27:43.259000Z</time>
      </trkpt>
      <trkpt lat="38.91008" lon="111.86178">
        <ele>1431.3749</ele>
        <time>2014-01-14T23:27:46.905000Z</time>
      </trkpt>
      <trkpt lat="38.91001" lon="111.86191">
        <ele>1431.2764</ele>
        <time>2014-01-14T23:27:50.551000Z</time>
      </trkpt>
      <trkpt lat="38.90995" lon="111.86202">
        <ele>1431.3939</ele>
        <time>2014-01-14T23:27:54.197000Z</time>
      </trkpt>
      <trkpt lat="38.909893" lon="111.86212">
        <ele>1432.2683</ele>
        <time>2014-01-14T23:27:57.843000Z</time>
      </trkpt>
      <trkpt lat="38.90984" lon="111.86225">
        <ele>1434.2823</ele>
        <time>2014-01-14T23:28:01.489000Z</time>
      </trkpt>
      <trkpt lat="38.909786" lon="111.86236">
        <ele>1435.6371</ele>
        <time>2014-01-14T23:28:05.135000Z</time>
      </trkpt>
      <trkpt lat="38.90973" lon="111.86248">
        <ele>1434.5414</ele>
        <time>2014-01-14T23:28:08.781000Z</time>
      </trkpt>
      <trkpt lat="38.909668" lon="111.86257">
        <ele>1432.0521</ele>
        <time>2014-01-14T23:28:12.427000Z</time>
      </trkpt>
      <trkpt lat="38.90961" lon="111.8627">
        <ele>1430.2556</ele>
        <time>2014-01-14T23:28:16.073000Z</time>
      </trkpt>
      <trkpt lat="38.90956" lon="111.86281">
        <ele>1429.8065</ele>
        <time>2014-01-14T23:28:19.719000Z</time>
      </trkpt>
      <trkpt lat="38.909508" lon="111.8629">
        <ele>1430.5245</ele>
        <time>2014-01-14T23:28:23.365000Z</time>
      </trkpt>
      <trkpt lat="38.909454" lon="111.86302">
        <ele>1432.0066</ele>
        <time>2014-01-14T23:28:27.011000Z</time>
      </trkpt>
      <trkpt lat="38.909393" lon="111.863144">
        <ele>1433.682</ele>
        <time>2014-01-14T23:28:30.657000Z</time>
      </trkpt>
      <trkpt lat="38.909332" lon="111.86326">
        <ele>1435.1229</ele>
        <time>2014-01-14T23:28:34.303000Z</time>
      </trkpt>
      <trkpt lat="38.909275" lon="111.86337">
        <ele>1435.5388</ele>
        <time>2014-01-14T23:28:37.949000Z</time>
      </trkpt>
      <trkpt lat="38.90922" lon="111.863495">
        <ele>1434.4846</ele>
        <time>2014-01-14T23:28:41.595000Z</time>
      </trkpt>
      <trkpt lat="38.90916" lon="111.86362">
        <ele>1433.2825</ele>
        <time>2014-01-14T23:28:45.241000Z</time>
      </trkpt>
      <trkpt lat="38.909092" lon="111.86374">
        <ele>1433.0961</ele>
        <time>2014-01-14T23:28:48.887000Z</time>
      </trkpt>
      <trkpt lat="38.90903" lon="111.86385">
        <ele>1433.6283</ele>
        <time>2014-01-14T23:28:52.533000Z</time>
      </trkpt>
      <trkpt lat="38.90897" lon="111.86396">
        <ele>1434.1984</ele>
        <time>2014-01-14T23:28:56.179000Z</time>
      </trkpt>
      <trkpt lat="38.90891" lon="111.86408">
        <ele>1434.4365</ele>
        <time>2014-01-14T23:28:59.825000Z</time>
      </trkpt>
      <trkpt lat="38.908848" lon="111.8642">
        <ele>1434.2483</ele>
        <time>2014-01-14T23:29:03.471000Z</time>
      </trkpt>
      <trkpt lat="38.90879" lon="111.86432">
        <ele>1433.8029</ele>
        <time>2014-01-14T23:29:07.117000Z</time>
      </trkpt>
      <trkpt lat="38.90872" lon="111.864426">
        <ele>1433.5972</ele>
        <time>2014-01-14T23:29:10.763000Z</time>
      </trkpt>
      <trkpt lat="38.908653" lon="111.86453">
        <ele>1433.9456</ele>
        <time>2014-01-14T23:29:14.409000Z</time>
      </trkpt>
      <trkpt lat="38.908604" lon="111.86464">
        <ele>1434.4694</ele>
        <time>2014-01-14T23:29:18.055000Z</time>
      </trkpt>
      <trkpt lat="38.908504" lon="111.86469">
        <ele>1434.7682</ele>
        <time>2014-01-14T23:29:21.701000Z</time>
      </trkpt>
      <trkpt lat="38.90842" lon="111.86466">
        <ele>1434.9265</ele>
        <time>2014-01-14T23:29:25.347000Z</time>
      </trkpt>
      <trkpt lat="38.90837" lon="111.864555">
        <ele>1435.3307</ele>
        <time>2014-01-14T23:29:28.993000Z</time>
      </trkpt>
      <trkpt lat="38.908325" lon="111.86444">
        <ele>1436.1005</ele>
        <time>2014-01-14T23:29:32.639000Z</time>
      </trkpt>
      <trkpt lat="38.908283" lon="111.864296">
        <ele>1437.4785</ele>
        <time>2014-01-14T23:29:36.285000Z</time>
      </trkpt>
      <trkpt lat="38.908237" lon="111.864174">
        <ele>1439.5536</ele>
        <time>2014-01-14T23:29:39.931000Z</time>
      </trkpt>
      <trkpt lat="38.90819" lon="111.864044">
        <ele>1441.421</ele>
        <time>2014-01-14T23:29:43.577000Z</time>
      </trkpt>
      <trkpt lat="38.908142" lon="111.86392">
        <ele>1442.4521</ele>
        <time>2014-01-14T23:29:47.223000Z</time>
      </trkpt>
      <trkpt lat="38.908096" lon="111.8638">
        <ele>1443.0704</ele>
        <time>2014-01-14T23:29:50.869000Z</time>
      </trkpt>
      <trkpt lat="38.90804" lon="111.8637">
        <ele>1443.7236</ele>
        <time>2014-01-14T23:29:54.515000Z</time>
      </trkpt>
      <trkpt lat="38.907978" lon="111.86358">
        <ele>1444.2756</ele>
        <time>2014-01-14T23:29:58.161000Z</time>
      </trkpt>
      <trkpt lat="38.907936" lon="111.863464">
        <ele>1444.1101</ele>
        <time>2014-01-14T23:30:01.807000Z</time>
      </trkpt>
      <trkpt lat="38.907883" lon="111.863335">
        <ele>1443.1746</ele>
        <time>2014-01-14T23:30:05.453000Z</time>
      </trkpt>
      <trkpt lat="38.907833" lon="111.8632">
        <ele>1441.7069</ele>
        <time>2014-01-14T23:30:09.099000Z</time>
      </trkpt>
      <trkpt lat="38.907787" lon="111.8631">
        <ele>1439.5183</ele>
        <time>2014-01-14T23:30:12.745000Z</time>
      </trkpt>
      <trkpt lat="38.907738" lon="111.86299">
        <ele>1437.1476</ele>
        <time>2014-01-14T23:30:16.391000Z</time>
      </trkpt>
      <trkpt lat="38.90769" lon="111.86286">
        <ele>1436.2297</ele>
        <time>2014-01-14T23:30:20.037000Z</time>
      </trkpt>
      <trkpt lat="38.90765" lon="111.86275">
        <ele>1437.5319</ele>
        <time>2014-01-14T23:30:23.683000Z</time>
      </trkpt>
      <trkpt lat="38.907604" lon="111.86262">
        <ele>1440.3505</ele>
        <time>2014-01-14T23:30:27.329000Z</time>
      </trkpt>
      <trkpt lat="38.907555" lon="111.86249">
        <ele>1443.3782</ele>
        <time>2014-01-14T23:30:30.975000Z</time>
      </trkpt>
      <trkpt lat="38.90751" lon="111.86237">
        <ele>1444.6245</ele>
        <time>2014-01-14T23:30:34.621000Z</time>
      </trkpt>
      <trkpt lat="38.907463" lon="111.86226">
        <ele>1443.0973</ele>
        <time>2014-01-14T23:30:38.267000Z</time>
      </trkpt>
      <trkpt lat="38.907394" lon="111.86214">
        <ele>1440.4899</ele>
        <time>2014-01-14T23:30:41.913000Z</time>
      </trkpt>
      <trkpt lat="38.90734" lon="111.86202">
        <ele>1438.5809</ele>
        <time>2014-01-14T23:30:45.559000Z</time>
      </trkpt>
      <trkpt lat="38.90728" lon="111.86191">
        <ele>1437.5853</ele>
        <time>2014-01-14T23:30:49.205000Z</time>
      </trkpt>
      <trkpt lat="38.90722" lon="111.861786">
        <ele>1437.643</ele>
        <time>2014-01-14T23:30:52.851000Z</time>
      </trkpt>
      <trkpt lat="38.907154" lon="111.86166">
        <ele>1438.9453</ele>
        <time>2014-01-14T23:30:56.497000Z</time>
      </trkpt>
      <trkpt lat="38.907085" lon="111.86155">
        <ele>1440.7703</ele>
        <time>2014-01-14T23:31:00.143000Z</time>
      </trkpt>
      <trkpt lat="38.90702" lon="111.86145">
        <ele>1442.0269</ele>
        <time>2014-01-14T23:31:03.789000Z</time>
      </trkpt>
      <trkpt lat="38.906944" lon="111.86136">
        <ele>1442.7953</ele>
        <time>2014-01-14T23:31:07.435000Z</time>
      </trkpt>
      <trkpt lat="38.906857" lon="111.861275">
        <ele>1443.6512</ele>
        <time>2014-01-14T23:31:11.081000Z</time>
      </trkpt>
      <trkpt lat="38.906765" lon="111.861176">
        <ele>1444.4186</ele>
        <time>2014-01-14T23:31:14.727000Z</time>
      </trkpt>
      <trkpt lat="38.906673" lon="111.86109">
        <ele>1444.75</ele>
        <time>2014-01-14T23:31:18.373000Z</time>
      </trkpt>
      <trkpt lat="38.906578" lon="111.86101">
        <ele>1444.7163</ele>
        <time>2014-01-14T23:31:22.019000Z</time>
      </trkpt>
      <trkpt lat="38.906487" lon="111.86093">
        <ele>1444.6151</ele>
        <time>2014-01-14T23:31:25.665000Z</time>
      </trkpt>
      <trkpt lat="38.906395" lon="111.860855">
        <ele>1444.68</ele>
        <time>2014-01-14T23:31:29.311000Z</time>
      </trkpt>
      <trkpt lat="38.906296" lon="111.86079">
        <ele>1444.8977</ele>
        <time>2014-01-14T23:31:32.957000Z</time>
      </trkpt>
      <trkpt lat="38.90621" lon="111.86074">
        <ele>1445.2031</ele>
        <time>2014-01-14T23:31:36.603000Z</time>
      </trkpt>
      <trkpt lat="38.9061" lon="111.86069">
        <ele>1445.507</ele>
        <time>2014-01-14T23:31:40.249000Z</time>
      </trkpt>
      <trkpt lat="38.906017" lon="111.86065">
        <ele>1445.6625</ele>
        <time>2014-01-14T23:31:43.895000Z</time>
      </trkpt>
      <trkpt lat="38.905926" lon="111.86061">
        <ele>1445.694</ele>
        <time>2014-01-14T23:31:47.541000Z</time>
      </trkpt>
      <trkpt lat="38.90582" lon="111.86057">
        <ele>1445.9462</ele>
        <time>2014-01-14T23:31:51.187000Z</time>
      </trkpt>
      <trkpt lat="38.9057" lon="111.860535">
        <ele>1447.1663</ele>
        <time>2014-01-14T23:31:54.833000Z</time>
      </trkpt>
      <trkpt lat="38.9056" lon="111.8605">
        <ele>1449.2767</ele>
        <time>2014-01-14T23:31:58.479000Z</time>
      </trkpt>
      <trkpt lat="38.90551" lon="111.860466">
        <ele>1450.6292</ele>
        <time>2014-01-14T23:32:02.125000Z</time>
      </trkpt>
      <trkpt lat="38.905407" lon="111.86044">
        <ele>1450.1549</ele>
        <time>2014-01-14T23:32:05.771000Z</time>
      </trkpt>
      <trkpt lat="38.90531" lon="111.86041">
        <ele>1448.7942</ele>
        <time>2014-01-14T23:32:09.417000Z</time>
      </trkpt>
      <trkpt lat="38.905224" lon="111.86039">
        <ele>1447.4751</ele>
        <time>2014-01-14T23:32:13.063000Z</time>
      </trkpt>
      <trkpt lat="38.905117" lon="111.86035">
        <ele>1446.2346</ele>
        <time>2014-01-14T23:32:16.709000Z</time>
      </trkpt>
      <trkpt lat="38.905033" lon="111.8603">
        <ele>1444.8933</ele>
        <time>2014-01-14T23:32:20.355000Z</time>
      </trkpt>
      <trkpt lat="38.90494" lon="111.86022">
        <ele>1443.3779</ele>
        <time>2014-01-14T23:32:24.001000Z</time>
      </trkpt>
      <trkpt lat="38.90487" lon="111.86015">
        <ele>1442.055</ele>
        <time>2014-01-14T23:32:27.647000Z</time>
      </trkpt>
      <trkpt lat="38.90479" lon="111.860054">
        <ele>1441.4014</ele>
        <time>2014-01-14T23:32:31.293000Z</time>
      </trkpt>
      <trkpt lat="38.904728" lon="111.859955">
        <ele>1441.7404</ele>
        <time>2014-01-14T23:32:34.939000Z</time>
      </trkpt>
      <trkpt lat="38.904667" lon="111.85984">
        <ele>1443.1923</ele>
        <time>2014-01-14T23:32:38.585000Z</time>
      </trkpt>
      <trkpt lat="38.904613" lon="111.85972">
        <ele>1445.4065</ele>
        <time>2014-01-14T23:32:42.231000Z</time>
      </trkpt>
      <trkpt lat="38.904564" lon="111.8596">
        <ele>1447.6605</ele>
        <time>2014-01-14T23:32:45.877000Z</time>
      </trkpt>
      <trkpt lat="38.904522" lon="111.85949">
        <ele>1449.1555</ele>
        <time>2014-01-14T23:32:49.523000Z</time>
      </trkpt>
      <trkpt lat="38.9045" lon="111.859375">
        <ele>1449.6039</ele>
        <time>2014-01-14T23:32:53.169000Z</time>
      </trkpt>
      <trkpt lat="38.904472" lon="111.85924">
        <ele>1449.4967</ele>
        <time>2014-01-14T23:32:56.815000Z</time>
      </trkpt>
      <trkpt lat="38.90447" lon="111.8591">
        <ele>1449.0946</ele>
        <time>2014-01-14T23:33:00.461000Z</time>
      </trkpt>
      <trkpt lat="38.904465" lon="111.85894">
        <ele>1447.9692</ele>
        <time>2014-01-14T23:33:04.107000Z</time>
      </trkpt>
      <trkpt lat="38.90446" lon="111.85882">
        <ele>1446.1104</ele>
        <time>2014-01-14T23:33:07.753000Z</time>
      </trkpt>
      <trkpt lat="38.904472" lon="111.85867">
        <ele>1444.5242</ele>
        <time>2014-01-14T23:33:11.399000Z</time>
      </trkpt>
      <trkpt lat="38.90448" lon="111.85855">
        <ele>1443.7692</ele>
        <time>2014-01-14T23:33:15.045000Z</time>
      </trkpt>
      <trkpt lat="38.904488" lon="111.85841">
        <ele>1443.2808</ele>
        <time>2014-01-14T23:33:18.691000Z</time>
      </trkpt>
      <trkpt lat="38.904488" lon="111.85827">
        <ele>1442.6659</ele>
        <time>2014-01-14T23:33:22.337000Z</time>
      </trkpt>
      <trkpt lat="38.90449" lon="111.85813">
        <ele>1442.1683</ele>
        <time>2014-01-14T23:33:25.983000Z</time>
      </trkpt>
      <trkpt lat="38.904503" lon="111.85799">
        <ele>1442.3062</ele>
        <time>2014-01-14T23:33:29.629000Z</time>
      </trkpt>
      <trkpt lat="38.904507" lon="111.85786">
        <ele>1443.1311</ele>
        <time>2014-01-14T23:33:33.275000Z</time>
      </trkpt>
      <trkpt lat="38.90452" lon="111.857735">
        <ele>1443.7577</ele>
        <time>2014-01-14T23:33:36.921000Z</time>
      </trkpt>
      <trkpt lat="38.904533" lon="111.85761">
        <ele>1443.4983</ele>
        <time>2014-01-14T23:33:40.567000Z</time>
      </trkpt>
      <trkpt lat="38.904552" lon="111.85749">
        <ele>1442.7556</ele>
        <time>2014-01-14T23:33:44.213000Z</time>
      </trkpt>
      <trkpt lat="38.904568" lon="111.85737">
        <ele>1441.8984</ele>
        <time>2014-01-14T23:33:47.859000Z</time>
      </trkpt>
      <trkpt lat="38.904587" lon="111.85722">
        <ele>1440.9983</ele>
        <time>2014-01-14T23:33:51.505000Z</time>
      </trkpt>
      <trkpt lat="38.904606" lon="111.85708">
        <ele>1440.3424</ele>
        <time>2014-01-14T23:33:55.151000Z</time>
      </trkpt>
      <trkpt lat="38.90461" lon="111.85696">
        <ele>1440.2976</ele>
        <time>2014-01-14T23:33:58.797000Z</time>
      </trkpt>
      <trkpt lat="38.90462" lon="111.85684">
        <ele>1440.7722</ele>
        <time>2014-01-14T23:34:02.443000Z</time>
      </trkpt>
      <trkpt lat="38.904633" lon="111.85669">
        <ele>1441.2849</ele>
        <time>2014-01-14T23:34:06.089000Z</time>
      </trkpt>
      <trkpt lat="38.904648" lon="111.85657">
        <ele>1441.5107</ele>
        <time>2014-01-14T23:34:09.735000Z</time>
      </trkpt>
      <trkpt lat="38.90466" lon="111.856415">
        <ele>1441.2709</ele>
        <time>2014-01-14T23:34:13.381000Z</time>
      </trkpt>
      <trkpt lat="38.904667" lon="111.85626">
        <ele>1440.566</ele>
        <time>2014-01-14T23:34:17.027000Z</time>
      </trkpt>
      <trkpt lat="38.904675" lon="111.85612">
        <ele>1439.8823</ele>
        <time>2014-01-14T23:34:20.673000Z</time>
      </trkpt>
      <trkpt lat="38.90469" lon="111.856">
        <ele>1439.1755</ele>
        <time>2014-01-14T23:34:24.319000Z</time>
      </trkpt>
      <trkpt lat="38.904716" lon="111.85589">
        <ele>1438.1097</ele>
        <time>2014-01-14T23:34:27.965000Z</time>
      </trkpt>
      <trkpt lat="38.904736" lon="111.855736">
        <ele>1437.1587</ele>
        <time>2014-01-14T23:34:31.611000Z</time>
      </trkpt>
      <trkpt lat="38.904755" lon="111.85562">
        <ele>1436.8256</ele>
        <time>2014-01-14T23:34:35.257000Z</time>
      </trkpt>
      <trkpt lat="38.90477" lon="111.855484">
        <ele>1436.8442</ele>
        <time>2014-01-14T23:34:38.903000Z</time>
      </trkpt>
      <trkpt lat="38.90479" lon="111.855354">
        <ele>1436.7172</ele>
        <time>2014-01-14T23:34:42.549000Z</time>
      </trkpt>
      <trkpt lat="38.9048" lon="111.855225">
        <ele>1436.2874</ele>
        <time>2014-01-14T23:34:46.195000Z</time>
      </trkpt>
      <trkpt lat="38.904816" lon="111.855095">
        <ele>1436.2545</ele>
        <time>2014-01-14T23:34:49.841000Z</time>
      </trkpt>
      <trkpt lat="38.90483" lon="111.854965">
        <ele>1437.1078</ele>
        <time>2014-01-14T23:34:53.487000Z</time>
      </trkpt>
      <trkpt lat="38.90484" lon="111.85485">
        <ele>1438.141</ele>
        <time>2014-01-14T23:34:57.133000Z</time>
      </trkpt>
      <trkpt lat="38.90485" lon="111.85473">
        <ele>1438.1921</ele>
        <time>2014-01-14T23:35:00.779000Z</time>
      </trkpt>
      <trkpt lat="38.90487" lon="111.8546">
        <ele>1437.104</ele>
        <time>2014-01-14T23:35:04.425000Z</time>
      </trkpt>
      <trkpt lat="38.904877" lon="111.85446">
        <ele>1436.3099</ele>
        <time>2014-01-14T23:35:08.071000Z</time>
      </trkpt>
      <trkpt lat="38.90488" lon="111.85435">
        <ele>1436.9016</ele>
        <time>2014-01-14T23:35:11.717000Z</time>
      </trkpt>
      <trkpt lat="38.904892" lon="111.854195">
        <ele>1437.8954</ele>
        <time>2014-01-14T23:35:15.363000Z</time>
      </trkpt>
      <trkpt lat="38.904903" lon="111.85407">
        <ele>1438.0536</ele>
        <time>2014-01-14T23:35:19.009000Z</time>
      </trkpt>
      <trkpt lat="38.904922" lon="111.85396">
        <ele>1437.2665</ele>
        <time>2014-01-14T23:35:22.655000Z</time>
      </trkpt>
      <trkpt lat="38.904938" lon="111.85384">
        <ele>1436.3086</ele>
        <time>2014-01-14T23:35:26.301000Z</time>
      </trkpt>
      <trkpt lat="38.904957" lon="111.853714">
        <ele>1436.2969</ele>
        <time>2014-01-14T23:35:29.947000Z</time>
      </trkpt>
      <trkpt lat="38.904976" lon="111.8536">
        <ele>1437.3348</ele>
        <time>2014-01-14T23:35:33.593000Z</time>
      </trkpt>
      <trkpt lat="38.904984" lon="111.85346">
        <ele>1438.4215</ele>
        <time>2014-01-14T23:35:37.239000Z</time>
      </trkpt>
      <trkpt lat="38.904995" lon="111.85333">
        <ele>1439.1699</ele>
        <time>2014-01-14T23:35:40.885000Z</time>
      </trkpt>
      <trkpt lat="38.905" lon="111.85321">
        <ele>1439.956</ele>
        <time>2014-01-14T23:35:44.531000Z</time>
      </trkpt>
      <trkpt lat="38.905" lon="111.85309">
        <ele>1440.6873</ele>
        <time>2014-01-14T23:35:48.177000Z</time>
      </trkpt>
      <trkpt lat="38.90498" lon="111.85294">
        <ele>1440.9745</ele>
        <time>2014-01-14T23:35:51.823000Z</time>
      </trkpt>
      <trkpt lat="38.904957" lon="111.852806">
        <ele>1440.7725</ele>
        <time>2014-01-14T23:35:55.469000Z</time>
      </trkpt>
      <trkpt lat="38.904938" lon="111.85269">
        <ele>1440.0511</ele>
        <time>2014-01-14T23:35:59.115000Z</time>
      </trkpt>
      <trkpt lat="38.904922" lon="111.85254">
        <ele>1438.9745</ele>
        <time>2014-01-14T23:36:02.761000Z</time>
      </trkpt>
      <trkpt lat="38.904896" lon="111.85241">
        <ele>1438.1566</ele>
        <time>2014-01-14T23:36:06.407000Z</time>
      </trkpt>
      <trkpt lat="38.90487" lon="111.85229">
        <ele>1437.9159</ele>
        <time>2014-01-14T23:36:10.053000Z</time>
      </trkpt>
      <trkpt lat="38.904846" lon="111.85217">
        <ele>1437.543</ele>
        <time>2014-01-14T23:36:13.699000Z</time>
      </trkpt>
      <trkpt lat="38.90481" lon="111.85204">
        <ele>1436.4767</ele>
        <time>2014-01-14T23:36:17.345000Z</time>
      </trkpt>
      <trkpt lat="38.904778" lon="111.85194">
        <ele>1435.5387</ele>
        <time>2014-01-14T23:36:20.991000Z</time>
      </trkpt>
      <trkpt lat="38.904743" lon="111.851814">
        <ele>1435.543</ele>
        <time>2014-01-14T23:36:24.637000Z</time>
      </trkpt>
      <trkpt lat="38.9047" lon="111.85168">
        <ele>1435.8921</ele>
        <time>2014-01-14T23:36:28.283000Z</time>
      </trkpt>
      <trkpt lat="38.904663" lon="111.85156">
        <ele>1435.6586</ele>
        <time>2014-01-14T23:36:31.929000Z</time>
      </trkpt>
      <trkpt lat="38.904617" lon="111.851425">
        <ele>1434.7963</ele>
        <time>2014-01-14T23:36:35.575000Z</time>
      </trkpt>
      <trkpt lat="38.904583" lon="111.85132">
        <ele>1433.9584</ele>
        <time>2014-01-14T23:36:39.221000Z</time>
      </trkpt>
      <trkpt lat="38.90454" lon="111.85121">
        <ele>1433.8121</ele>
        <time>2014-01-14T23:36:42.867000Z</time>
      </trkpt>
      <trkpt lat="38.904495" lon="111.8511">
        <ele>1434.4021</ele>
        <time>2014-01-14T23:36:46.513000Z</time>
      </trkpt>
      <trkpt lat="38.904453" lon="111.85098">
        <ele>1435.1604</ele>
        <time>2014-01-14T23:36:50.159000Z</time>
      </trkpt>
      <trkpt lat="38.904404" lon="111.85085">
        <ele>1435.3252</ele>
        <time>2014-01-14T23:36:53.805000Z</time>
      </trkpt>
      <trkpt lat="38.90436" lon="111.85075">
        <ele>1434.6901</ele>
        <time>2014-01-14T23:36:57.451000Z</time>
      </trkpt>
      <trkpt lat="38.904324" lon="111.850624">
        <ele>1433.5979</ele>
        <time>2014-01-14T23:37:01.097000Z</time>
      </trkpt>
      <trkpt lat="38.904285" lon="111.85052">
        <ele>1432.7396</ele>
        <time>2014-01-14T23:37:04.743000Z</time>
      </trkpt>
      <trkpt lat="38.904243" lon="111.8504">
        <ele>1432.3435</ele>
        <time>2014-01-14T23:37:08.389000Z</time>
      </trkpt>
      <trkpt lat="38.9042" lon="111.85028">
        <ele>1432.1172</ele>
        <time>2014-01-14T23:37:12.035000Z</time>
      </trkpt>
      <trkpt lat="38.904152" lon="111.85015">
        <ele>1431.9352</ele>
        <time>2014-01-14T23:37:15.681000Z</time>
      </trkpt>
      <trkpt lat="38.904118" lon="111.85004">
        <ele>1432.5372</ele>
        <time>2014-01-14T23:37:19.327000Z</time>
      </trkpt>
      <trkpt lat="38.90407" lon="111.84991">
        <ele>1434.1815</ele>
        <time>2014-01-14T23:37:22.973000Z</time>
      </trkpt>
      <trkpt lat="38.90403" lon="111.849785">
        <ele>1435.4144</ele>
        <time>2014-01-14T23:37:26.619000Z</time>
      </trkpt>
      <trkpt lat="38.90398" lon="111.84966">
        <ele>1434.6151</ele>
        <time>2014-01-14T23:37:30.265000Z</time>
      </trkpt>
      <trkpt lat="38.903942" lon="111.849556">
        <ele>1432.4207</ele>
        <time>2014-01-14T23:37:33.911000Z</time>
      </trkpt>
      <trkpt lat="38.903885" lon="111.84943">
        <ele>1430.7832</ele>
        <time>2014-01-14T23:37:37.557000Z</time>
      </trkpt>
      <trkpt lat="38.903828" lon="111.8493">
        <ele>1430.5735</ele>
        <time>2014-01-14T23:37:41.203000Z</time>
      </trkpt>
      <trkpt lat="38.903774" lon="111.84917">
        <ele>1431.1733</ele>
        <time>2014-01-14T23:37:44.849000Z</time>
      </trkpt>
      <trkpt lat="38.90373" lon="111.84907">
        <ele>1431.827</ele>
        <time>2014-01-14T23:37:48.495000Z</time>
      </trkpt>
      <trkpt lat="38.903667" lon="111.84896">
        <ele>1432.3774</ele>
        <time>2014-01-14T23:37:52.141000Z</time>
      </trkpt>
      <trkpt lat="38.903606" lon="111.84884">
        <ele>1432.9403</ele>
        <time>2014-01-14T23:37:55.787000Z</time>
      </trkpt>
      <trkpt lat="38.90353" lon="111.848724">
        <ele>1433.404</ele>
        <time>2014-01-14T23:37:59.433000Z</time>
      </trkpt>
      <trkpt lat="38.90347" lon="111.848625">
        <ele>1433.4957</ele>
        <time>2014-01-14T23:38:03.079000Z</time>
      </trkpt>
      <trkpt lat="38.90341" lon="111.848526">
        <ele>1433.0426</ele>
        <time>2014-01-14T23:38:06.725000Z</time>
      </trkpt>
      <trkpt lat="38.903343" lon="111.848404">
        <ele>1431.9678</ele>
        <time>2014-01-14T23:38:10.371000Z</time>
      </trkpt>
      <trkpt lat="38.90328" lon="111.84828">
        <ele>1430.454</ele>
        <time>2014-01-14T23:38:14.017000Z</time>
      </trkpt>
      <trkpt lat="38.90322" lon="111.84817">
        <ele>1429.0311</ele>
        <time>2014-01-14T23:38:17.663000Z</time>
      </trkpt>
      <trkpt lat="38.90316" lon="111.848076">
        <ele>1428.3804</ele>
        <time>2014-01-14T23:38:21.309000Z</time>
      </trkpt>
      <trkpt lat="38.9031" lon="111.84798">
        <ele>1428.6553</ele>
        <time>2014-01-14T23:38:24.955000Z</time>
      </trkpt>
      <trkpt lat="38.903034" lon="111.84787">
        <ele>1429.2411</ele>
        <time>2014-01-14T23:38:28.601000Z</time>
      </trkpt>
      <trkpt lat="38.902958" lon="111.84776">
        <ele>1429.2699</ele>
        <time>2014-01-14T23:38:32.247000Z</time>
      </trkpt>
      <trkpt lat="38.902905" lon="111.84767">
        <ele>1428.5071</ele>
        <time>2014-01-14T23:38:35.893000Z</time>
      </trkpt>
      <trkpt lat="38.902832" lon="111.847565">
        <ele>1427.5049</ele>
        <time>2014-01-14T23:38:39.539000Z</time>
      </trkpt>
      <trkpt lat="38.90276" lon="111.847466">
        <ele>1426.8079</ele>
        <time>2014-01-14T23:38:43.185000Z</time>
      </trkpt>
      <trkpt lat="38.9027" lon="111.84736">
        <ele>1427.1465</ele>
        <time>2014-01-14T23:38:46.831000Z</time>
      </trkpt>
      <trkpt lat="38.902626" lon="111.84725">
        <ele>1429.1201</ele>
        <time>2014-01-14T23:38:50.477000Z</time>
      </trkpt>
      <trkpt lat="38.90256" lon="111.84716">
        <ele>1431.7097</ele>
        <time>2014-01-14T23:38:54.123000Z</time>
      </trkpt>
      <trkpt lat="38.9025" lon="111.84708">
        <ele>1433.4191</ele>
        <time>2014-01-14T23:38:57.769000Z</time>
      </trkpt>
      <trkpt lat="38.902443" lon="111.846985">
        <ele>1434.0294</ele>
        <time>2014-01-14T23:39:01.415000Z</time>
      </trkpt>
      <trkpt lat="38.902386" lon="111.846886">
        <ele>1433.4009</ele>
        <time>2014-01-14T23:39:05.061000Z</time>
      </trkpt>
      <trkpt lat="38.902332" lon="111.846794">
        <ele>1431.5789</ele>
        <time>2014-01-14T23:39:08.707000Z</time>
      </trkpt>
      <trkpt lat="38.90226" lon="111.84667">
        <ele>1429.6941</ele>
        <time>2014-01-14T23:39:12.353000Z</time>
      </trkpt>
      <trkpt lat="38.9022" lon="111.84658">
        <ele>1428.6895</ele>
        <time>2014-01-14T23:39:15.999000Z</time>
      </trkpt>
      <trkpt lat="38.902134" lon="111.84648">
        <ele>1428.3917</ele>
        <time>2014-01-14T23:39:19.645000Z</time>
      </trkpt>
      <trkpt lat="38.902084" lon="111.84638">
        <ele>1428.3496</ele>
        <time>2014-01-14T23:39:23.291000Z</time>
      </trkpt>
      <trkpt lat="38.902016" lon="111.846275">
        <ele>1428.2664</ele>
        <time>2014-01-14T23:39:26.937000Z</time>
      </trkpt>
      <trkpt lat="38.901955" lon="111.84618">
        <ele>1428.2917</ele>
        <time>2014-01-14T23:39:30.583000Z</time>
      </trkpt>
      <trkpt lat="38.901894" lon="111.846085">
        <ele>1428.9406</ele>
        <time>2014-01-14T23:39:34.229000Z</time>
      </trkpt>
      <trkpt lat="38.901814" lon="111.845985">
        <ele>1429.863</ele>
        <time>2014-01-14T23:39:37.875000Z</time>
      </trkpt>
      <trkpt lat="38.901764" lon="111.84589">
        <ele>1430.076</ele>
        <time>2014-01-14T23:39:41.521000Z</time>
      </trkpt>
      <trkpt lat="38.901695" lon="111.84577">
        <ele>1429.5248</ele>
        <time>2014-01-14T23:39:45.167000Z</time>
      </trkpt>
      <trkpt lat="38.90162" lon="111.84566">
        <ele>1428.6915</ele>
        <time>2014-01-14T23:39:48.813000Z</time>
      </trkpt>
      <trkpt lat="38.901558" lon="111.84556">
        <ele>1427.38</ele>
        <time>2014-01-14T23:39:52.459000Z</time>
      </trkpt>
      <trkpt lat="38.901497" lon="111.845474">
        <ele>1425.6838</ele>
        <time>2014-01-14T23:39:56.105000Z</time>
      </trkpt>
      <trkpt lat="38.901424" lon="111.84536">
        <ele>1424.6913</ele>
        <time>2014-01-14T23:39:59.751000Z</time>
      </trkpt>
      <trkpt lat="38.901352" lon="111.84526">
        <ele>1425.2166</ele>
        <time>2014-01-14T23:40:03.397000Z</time>
      </trkpt>
      <trkpt lat="38.901276" lon="111.84514">
        <ele>1426.8147</ele>
        <time>2014-01-14T23:40:07.043000Z</time>
      </trkpt>
      <trkpt lat="38.901215" lon="111.84505">
        <ele>1428.5206</ele>
        <time>2014-01-14T23:40:10.689000Z</time>
      </trkpt>
      <trkpt lat="38.901146" lon="111.84494">
        <ele>1429.6816</ele>
        <time>2014-01-14T23:40:14.335000Z</time>
      </trkpt>
      <trkpt lat="38.901073" lon="111.844826">
        <ele>1430.5138</ele>
        <time>2014-01-14T23:40:17.981000Z</time>
      </trkpt>
      <trkpt lat="38.90101" lon="111.84472">
        <ele>1431.584</ele>
        <time>2014-01-14T23:40:21.627000Z</time>
      </trkpt>
      <trkpt lat="38.90095" lon="111.84462">
        <ele>1432.7161</ele>
        <time>2014-01-14T23:40:25.273000Z</time>
      </trkpt>
      <trkpt lat="38.900894" lon="111.84453">
        <ele>1433.2803</ele>
        <time>2014-01-14T23:40:28.919000Z</time>
      </trkpt>
      <trkpt lat="38.90083" lon="111.84444">
        <ele>1433.0118</ele>
        <time>2014-01-14T23:40:32.565000Z</time>
      </trkpt>
      <trkpt lat="38.90077" lon="111.84434">
        <ele>1432.1057</ele>
        <time>2014-01-14T23:40:36.211000Z</time>
      </trkpt>
      <trkpt lat="38.90071" lon="111.84424">
        <ele>1430.3536</ele>
        <time>2014-01-14T23:40:39.857000Z</time>
      </trkpt>
      <trkpt lat="38.900642" lon="111.84415">
        <ele>1427.817</ele>
        <time>2014-01-14T23:40:43.503000Z</time>
      </trkpt>
      <trkpt lat="38.900574" lon="111.84403">
        <ele>1426.0009</ele>
        <time>2014-01-14T23:40:47.149000Z</time>
      </trkpt>
      <trkpt lat="38.900513" lon="111.84395">
        <ele>1425.9694</ele>
        <time>2014-01-14T23:40:50.795000Z</time>
      </trkpt>
      <trkpt lat="38.900444" lon="111.84384">
        <ele>1426.9427</ele>
        <time>2014-01-14T23:40:54.441000Z</time>
      </trkpt>
      <trkpt lat="38.900383" lon="111.843735">
        <ele>1427.8907</ele>
        <time>2014-01-14T23:40:58.087000Z</time>
      </trkpt>
      <trkpt lat="38.900326" lon="111.84363">
        <ele>1428.3213</ele>
        <time>2014-01-14T23:41:01.733000Z</time>
      </trkpt>
      <trkpt lat="38.900272" lon="111.84352">
        <ele>1428.2083</ele>
        <time>2014-01-14T23:41:05.379000Z</time>
      </trkpt>
      <trkpt lat="38.900223" lon="111.84342">
        <ele>1428.0634</ele>
        <time>2014-01-14T23:41:09.025000Z</time>
      </trkpt>
      <trkpt lat="38.90016" lon="111.84333">
        <ele>1428.27</ele>
        <time>2014-01-14T23:41:12.671000Z</time>
      </trkpt>
      <trkpt lat="38.900097" lon="111.84322">
        <ele>1428.426</ele>
        <time>2014-01-14T23:41:16.317000Z</time>
      </trkpt>
      <trkpt lat="38.90004" lon="111.84312">
        <ele>1428.1256</ele>
        <time>2014-01-14T23:41:19.963000Z</time>
      </trkpt>
      <trkpt lat="38.90004" lon="111.84312">
        <ele>1427.6615</ele>
        <time>2014-01-14T23:41:23.609000Z</time>
      </trkpt>
      <trkpt lat="38.90004" lon="111.84312">
        <ele>1427.269</ele>
        <time>2014-01-14T23:41:27.255000Z</time>
      </trkpt>
      <trkpt lat="38.90004" lon="111.84312">
        <ele>1426.803</ele>
        <time>2014-01-14T23:41:30.901000Z</time>
      </trkpt>
      <trkpt lat="38.89996" lon="111.842995">
        <ele>1426.3164</ele>
        <time>2014-01-14T23:41:34.547000Z</time>
      </trkpt>
      <trkpt lat="38.89991" lon="111.8429">
        <ele>1426.527</ele>
        <time>2014-01-14T23:41:38.193000Z</time>
      </trkpt>
      <trkpt lat="38.89991" lon="111.8429">
        <ele>1427.7648</ele>
        <time>2014-01-14T23:41:41.839000Z</time>
      </trkpt>
      <trkpt lat="38.899834" lon="111.84279">
        <ele>1428.9244</ele>
        <time>2014-01-14T23:41:45.485000Z</time>
      </trkpt>
      <trkpt lat="38.899776" lon="111.8427">
        <ele>1429.0382</ele>
        <time>2014-01-14T23:41:49.131000Z</time>
      </trkpt>
      <trkpt lat="38.899708" lon="111.84258">
        <ele>1428.5742</ele>
        <time>2014-01-14T23:41:52.777000Z</time>
      </trkpt>
      <trkpt lat="38.89964" lon="111.84247">
        <ele>1428.2875</ele>
        <time>2014-01-14T23:41:56.423000Z</time>
      </trkpt>
      <trkpt lat="38.899567" lon="111.84238">
        <ele>1428.6368</ele>
        <time>2014-01-14T23:42:00.069000Z</time>
      </trkpt>
      <trkpt lat="38.8995" lon="111.84226">
        <ele>1429.553</ele>
        <time>2014-01-14T23:42:03.715000Z</time>
      </trkpt>
      <trkpt lat="38.899445" lon="111.84213">
        <ele>1430.3973</ele>
        <time>2014-01-14T23:42:07.361000Z</time>
      </trkpt>
      <trkpt lat="38.899376" lon="111.842">
        <ele>1430.7661</ele>
        <time>2014-01-14T23:42:11.007000Z</time>
      </trkpt>
      <trkpt lat="38.899323" lon="111.84191">
        <ele>1430.842</ele>
        <time>2014-01-14T23:42:14.653000Z</time>
      </trkpt>
      <trkpt lat="38.899265" lon="111.841805">
        <ele>1430.897</ele>
        <time>2014-01-14T23:42:18.299000Z</time>
      </trkpt>
      <trkpt lat="38.899193" lon="111.84169">
        <ele>1431.0065</ele>
        <time>2014-01-14T23:42:21.945000Z</time>
      </trkpt>
      <trkpt lat="38.899136" lon="111.841576">
        <ele>1430.4314</ele>
        <time>2014-01-14T23:42:25.591000Z</time>
      </trkpt>
      <trkpt lat="38.899075" lon="111.84147">
        <ele>1428.7312</ele>
        <time>2014-01-14T23:42:29.237000Z</time>
      </trkpt>
      <trkpt lat="38.899017" lon="111.84136">
        <ele>1426.999</ele>
        <time>2014-01-14T23:42:32.883000Z</time>
      </trkpt>
      <trkpt lat="38.898968" lon="111.84126">
        <ele>1426.3038</ele>
        <time>2014-01-14T23:42:36.529000Z</time>
      </trkpt>
      <trkpt lat="38.8989" lon="111.84113">
        <ele>1426.4406</ele>
        <time>2014-01-14T23:42:40.175000Z</time>
      </trkpt>
      <trkpt lat="38.898838" lon="111.84102">
        <ele>1427.1838</ele>
        <time>2014-01-14T23:42:43.821000Z</time>
      </trkpt>
      <trkpt lat="38.898773" lon="111.840904">
        <ele>1428.6471</ele>
        <time>2014-01-14T23:42:47.467000Z</time>
      </trkpt>
      <trkpt lat="38.898727" lon="111.840805">
        <ele>1430.4606</ele>
        <time>2014-01-14T23:42:51.113000Z</time>
      </trkpt>
      <trkpt lat="38.898655" lon="111.8407">
        <ele>1432.116</ele>
        <time>2014-01-14T23:42:54.759000Z</time>
      </trkpt>
      <trkpt lat="38.89859" lon="111.8406">
        <ele>1433.9414</ele>
        <time>2014-01-14T23:42:58.405000Z</time>
      </trkpt>
      <trkpt lat="38.898518" lon="111.8405">
        <ele>1436.4297</ele>
        <time>2014-01-14T23:43:02.051000Z</time>
      </trkpt>
      <trkpt lat="38.898453" lon="111.84039">
        <ele>1439.0182</ele>
        <time>2014-01-14T23:43:05.697000Z</time>
      </trkpt>
      <trkpt lat="38.898396" lon="111.84029">
        <ele>1440.8224</ele>
        <time>2014-01-14T23:43:09.343000Z</time>
      </trkpt>
      <trkpt lat="38.89835" lon="111.84018">
        <ele>1441.99</ele>
        <time>2014-01-14T23:43:12.989000Z</time>
      </trkpt>
      <trkpt lat="38.8983" lon="111.84008">
        <ele>1443.043</ele>
        <time>2014-01-14T23:43:16.635000Z</time>
      </trkpt>
      <trkpt lat="38.898228" lon="111.83998">
        <ele>1443.4802</ele>
        <time>2014-01-14T23:43:20.281000Z</time>
      </trkpt>
      <trkpt lat="38.898228" lon="111.83998">
        <ele>1442.914</ele>
        <time>2014-01-14T23:43:23.927000Z</time>
      </trkpt>
      <trkpt lat="38.898174" lon="111.83987">
        <ele>1442.0752</ele>
        <time>2014-01-14T23:43:27.573000Z</time>
      </trkpt>
      <trkpt lat="38.89813" lon="111.83976">
        <ele>1441.7274</ele>
        <time>2014-01-14T23:43:31.219000Z</time>
      </trkpt>
      <trkpt lat="38.898083" lon="111.83965">
        <ele>1442.2208</ele>
        <time>2014-01-14T23:43:34.865000Z</time>
      </trkpt>
      <trkpt lat="38.89802" lon="111.83956">
        <ele>1444.5854</ele>
        <time>2014-01-14T23:43:38.511000Z</time>
      </trkpt>
      <trkpt lat="38.89796" lon="111.83946">
        <ele>1445.0557</ele>
        <time>2014-01-14T23:43:42.157000Z</time>
      </trkpt>
      <trkpt lat="38.897892" lon="111.83936">
        <ele>1445.2615</ele>
        <time>2014-01-14T23:43:45.803000Z</time>
      </trkpt>
      <trkpt lat="38.897827" lon="111.839264">
        <ele>1445.4607</ele>
        <time>2014-01-14T23:43:49.449000Z</time>
      </trkpt>
      <trkpt lat="38.89776" lon="111.83914">
        <ele>1445.5419</ele>
        <time>2014-01-14T23:43:53.095000Z</time>
      </trkpt>
      <trkpt lat="38.897705" lon="111.83905">
        <ele>1445.4122</ele>
        <time>2014-01-14T23:43:56.741000Z</time>
      </trkpt>
      <trkpt lat="38.897705" lon="111.83905">
        <ele>1444.9723</ele>
        <time>2014-01-14T23:44:00.387000Z</time>
      </trkpt>
      <trkpt lat="38.897655" lon="111.83894">
        <ele>1444.3418</ele>
        <time>2014-01-14T23:44:04.033000Z</time>
      </trkpt>
      <trkpt lat="38.897606" lon="111.83883">
        <ele>1444.2142</ele>
        <time>2014-01-14T23:44:07.679000Z</time>
      </trkpt>
      <trkpt lat="38.897552" lon="111.83873">
        <ele>1444.7871</ele>
        <time>2014-01-14T23:44:11.325000Z</time>
      </trkpt>
      <trkpt lat="38.897503" lon="111.83862">
        <ele>1446.1544</ele>
        <time>2014-01-14T23:44:14.971000Z</time>
      </trkpt>
      <trkpt lat="38.897465" lon="111.83851">
        <ele>1448.1832</ele>
        <time>2014-01-14T23:44:18.617000Z</time>
      </trkpt>
      <trkpt lat="38.897434" lon="111.83839">
        <ele>1449.9677</ele>
        <time>2014-01-14T23:44:22.263000Z</time>
      </trkpt>
      <trkpt lat="38.897404" lon="111.83826">
        <ele>1450.8234</ele>
        <time>2014-01-14T23:44:25.909000Z</time>
      </trkpt>
      <trkpt lat="38.897404" lon="111.83826">
        <ele>1451.0665</ele>
        <time>2014-01-14T23:44:29.555000Z</time>
      </trkpt>
      <trkpt lat="38.897373" lon="111.838135">
        <ele>1451.0499</ele>
        <time>2014-01-14T23:44:33.201000Z</time>
      </trkpt>
      <trkpt lat="38.897354" lon="111.83801">
        <ele>1451.2808</ele>
        <time>2014-01-14T23:44:36.847000Z</time>
      </trkpt>
      <trkpt lat="38.897324" lon="111.83787">
        <ele>1452.0548</ele>
        <time>2014-01-14T23:44:40.493000Z</time>
      </trkpt>
      <trkpt lat="38.897316" lon="111.83774">
        <ele>1453.0398</ele>
        <time>2014-01-14T23:44:44.139000Z</time>
      </trkpt>
      <trkpt lat="38.897316" lon="111.83761">
        <ele>1453.808</ele>
        <time>2014-01-14T23:44:47.785000Z</time>
      </trkpt>
      <trkpt lat="38.897297" lon="111.83747">
        <ele>1453.8435</ele>
        <time>2014-01-14T23:44:51.431000Z</time>
      </trkpt>
      <trkpt lat="38.8973" lon="111.83734">
        <ele>1452.9362</ele>
        <time>2014-01-14T23:44:55.077000Z</time>
      </trkpt>
      <trkpt lat="38.897312" lon="111.83722">
        <ele>1452.0568</ele>
        <time>2014-01-14T23:44:58.723000Z</time>
      </trkpt>
      <trkpt lat="38.897327" lon="111.837105">
        <ele>1452.0936</ele>
        <time>2014-01-14T23:45:02.369000Z</time>
      </trkpt>
      <trkpt lat="38.897327" lon="111.837105">
        <ele>1452.7023</ele>
        <time>2014-01-14T23:45:06.015000Z</time>
      </trkpt>
      <trkpt lat="38.897343" lon="111.836975">
        <ele>1453.2203</ele>
        <time>2014-01-14T23:45:09.661000Z</time>
      </trkpt>
      <trkpt lat="38.897354" lon="111.836845">
        <ele>1453.7821</ele>
        <time>2014-01-14T23:45:13.307000Z</time>
      </trkpt>
      <trkpt lat="38.89737" lon="111.83672">
        <ele>1454.8665</ele>
        <time>2014-01-14T23:45:16.953000Z</time>
      </trkpt>
      <trkpt lat="38.897396" lon="111.83659">
        <ele>1456.6484</ele>
        <time>2014-01-14T23:45:20.599000Z</time>
      </trkpt>
      <trkpt lat="38.89741" lon="111.836464">
        <ele>1458.7152</ele>
        <time>2014-01-14T23:45:24.245000Z</time>
      </trkpt>
      <trkpt lat="38.897415" lon="111.836334">
        <ele>1460.1189</ele>
        <time>2014-01-14T23:45:27.891000Z</time>
      </trkpt>
      <trkpt lat="38.897415" lon="111.836334">
        <ele>1460.266</ele>
        <time>2014-01-14T23:45:31.537000Z</time>
      </trkpt>
      <trkpt lat="38.89742" lon="111.83618">
        <ele>1459.7684</ele>
        <time>2014-01-14T23:45:35.183000Z</time>
      </trkpt>
      <trkpt lat="38.89743" lon="111.83606">
        <ele>1459.2822</ele>
        <time>2014-01-14T23:45:38.829000Z</time>
      </trkpt>
      <trkpt lat="38.897434" lon="111.83591">
        <ele>1458.8007</ele>
        <time>2014-01-14T23:45:42.475000Z</time>
      </trkpt>
      <trkpt lat="38.89744" lon="111.835785">
        <ele>1458.2953</ele>
        <time>2014-01-14T23:45:46.121000Z</time>
      </trkpt>
      <trkpt lat="38.897453" lon="111.835655">
        <ele>1458.1848</ele>
        <time>2014-01-14T23:45:49.767000Z</time>
      </trkpt>
      <trkpt lat="38.897457" lon="111.83553">
        <ele>1458.6044</ele>
        <time>2014-01-14T23:45:53.413000Z</time>
      </trkpt>
      <trkpt lat="38.897457" lon="111.8354">
        <ele>1458.9567</ele>
        <time>2014-01-14T23:45:57.059000Z</time>
      </trkpt>
      <trkpt lat="38.897465" lon="111.83529">
        <ele>1458.753</ele>
        <time>2014-01-14T23:46:00.705000Z</time>
      </trkpt>
      <trkpt lat="38.897472" lon="111.83516">
        <ele>1458.7474</ele>
        <time>2014-01-14T23:46:04.351000Z</time>
      </trkpt>
      <trkpt lat="38.897476" lon="111.83503">
        <ele>1459.6094</ele>
        <time>2014-01-14T23:46:07.997000Z</time>
      </trkpt>
      <trkpt lat="38.897484" lon="111.83491">
        <ele>1460.8278</ele>
        <time>2014-01-14T23:46:11.643000Z</time>
      </trkpt>
      <trkpt lat="38.897476" lon="111.83478">
        <ele>1461.5482</ele>
        <time>2014-01-14T23:46:15.289000Z</time>
      </trkpt>
      <trkpt lat="38.89747" lon="111.83466">
        <ele>1461.1898</ele>
        <time>2014-01-14T23:46:18.935000Z</time>
      </trkpt>
      <trkpt lat="38.897465" lon="111.83453">
        <ele>1459.8905</ele>
        <time>2014-01-14T23:46:22.581000Z</time>
      </trkpt>
      <trkpt lat="38.897465" lon="111.83439">
        <ele>1458.6364</ele>
        <time>2014-01-14T23:46:26.227000Z</time>
      </trkpt>
      <trkpt lat="38.89748" lon="111.83427">
        <ele>1457.7924</ele>
        <time>2014-01-14T23:46:29.873000Z</time>
      </trkpt>
      <trkpt lat="38.89748" lon="111.83414">
        <ele>1456.9614</ele>
        <time>2014-01-14T23:46:33.519000Z</time>
      </trkpt>
      <trkpt lat="38.89747" lon="111.834015">
        <ele>1456.245</ele>
        <time>2014-01-14T23:46:37.165000Z</time>
      </trkpt>
      <trkpt lat="38.897472" lon="111.833885">
        <ele>1456.0167</ele>
        <time>2014-01-14T23:46:40.811000Z</time>
      </trkpt>
      <trkpt lat="38.89747" lon="111.83375">
        <ele>1456.1243</ele>
        <time>2014-01-14T23:46:44.457000Z</time>
      </trkpt>
      <trkpt lat="38.89747" lon="111.83375">
        <ele>1456.2129</ele>
        <time>2014-01-14T23:46:48.103000Z</time>
      </trkpt>
      <trkpt lat="38.897484" lon="111.83363">
        <ele>1456.1753</ele>
        <time>2014-01-14T23:46:51.749000Z</time>
      </trkpt>
      <trkpt lat="38.89749" lon="111.8335">
        <ele>1456.2338</ele>
        <time>2014-01-14T23:46:55.395000Z</time>
      </trkpt>
      <trkpt lat="38.89749" lon="111.83338">
        <ele>1456.59</ele>
        <time>2014-01-14T23:46:59.041000Z</time>
      </trkpt>
      <trkpt lat="38.89749" lon="111.83338">
        <ele>1457.0101</ele>
        <time>2014-01-14T23:47:02.687000Z</time>
      </trkpt>
      <trkpt lat="38.897488" lon="111.83324">
        <ele>1457.2925</ele>
        <time>2014-01-14T23:47:06.333000Z</time>
      </trkpt>
      <trkpt lat="38.89748" lon="111.83309">
        <ele>1457.3547</ele>
        <time>2014-01-14T23:47:09.979000Z</time>
      </trkpt>
      <trkpt lat="38.897472" lon="111.83294">
        <ele>1457.0955</ele>
        <time>2014-01-14T23:47:13.625000Z</time>
      </trkpt>
      <trkpt lat="38.897465" lon="111.83281">
        <ele>1456.1497</ele>
        <time>2014-01-14T23:47:17.271000Z</time>
      </trkpt>
      <trkpt lat="38.897453" lon="111.83268">
        <ele>1454.3169</ele>
        <time>2014-01-14T23:47:20.917000Z</time>
      </trkpt>
      <trkpt lat="38.89744" lon="111.83256">
        <ele>1451.886</ele>
        <time>2014-01-14T23:47:24.563000Z</time>
      </trkpt>
      <trkpt lat="38.89743" lon="111.83244">
        <ele>1449.5388</ele>
        <time>2014-01-14T23:47:28.209000Z</time>
      </trkpt>
      <trkpt lat="38.89742" lon="111.83232">
        <ele>1448.2081</ele>
        <time>2014-01-14T23:47:31.855000Z</time>
      </trkpt>
      <trkpt lat="38.89741" lon="111.83218">
        <ele>1448.2914</ele>
        <time>2014-01-14T23:47:35.501000Z</time>
      </trkpt>
      <trkpt lat="38.897404" lon="111.83206">
        <ele>1448.914</ele>
        <time>2014-01-14T23:47:39.147000Z</time>
      </trkpt>
      <trkpt lat="38.897396" lon="111.83192">
        <ele>1449.1094</ele>
        <time>2014-01-14T23:47:42.793000Z</time>
      </trkpt>
      <trkpt lat="38.89739" lon="111.83179">
        <ele>1448.7224</ele>
        <time>2014-01-14T23:47:46.439000Z</time>
      </trkpt>
      <trkpt lat="38.89738" lon="111.831665">
        <ele>1448.0254</ele>
        <time>2014-01-14T23:47:50.085000Z</time>
      </trkpt>
      <trkpt lat="38.89737" lon="111.83155">
        <ele>1447.1917</ele>
        <time>2014-01-14T23:47:53.731000Z</time>
      </trkpt>
      <trkpt lat="38.897366" lon="111.83142">
        <ele>1446.4268</ele>
        <time>2014-01-14T23:47:57.377000Z</time>
      </trkpt>
      <trkpt lat="38.897366" lon="111.8313">
        <ele>1445.8518</ele>
        <time>2014-01-14T23:48:01.023000Z</time>
      </trkpt>
      <trkpt lat="38.897358" lon="111.83118">
        <ele>1445.1573</ele>
        <time>2014-01-14T23:48:04.669000Z</time>
      </trkpt>
      <trkpt lat="38.897358" lon="111.831055">
        <ele>1443.9193</ele>
        <time>2014-01-14T23:48:08.315000Z</time>
      </trkpt>
      <trkpt lat="38.897354" lon="111.83092">
        <ele>1442.0493</ele>
        <time>2014-01-14T23:48:11.961000Z</time>
      </trkpt>
      <trkpt lat="38.897346" lon="111.8308">
        <ele>1440.1356</ele>
        <time>2014-01-14T23:48:15.607000Z</time>
      </trkpt>
      <trkpt lat="38.89734" lon="111.83068">
        <ele>1438.8589</ele>
        <time>2014-01-14T23:48:19.253000Z</time>
      </trkpt>
      <trkpt lat="38.89734" lon="111.83054">
        <ele>1437.7886</ele>
        <time>2014-01-14T23:48:22.899000Z</time>
      </trkpt>
      <trkpt lat="38.897335" lon="111.8304">
        <ele>1436.3816</ele>
        <time>2014-01-14T23:48:26.545000Z</time>
      </trkpt>
      <trkpt lat="38.897324" lon="111.83027">
        <ele>1435.7075</ele>
        <time>2014-01-14T23:48:30.191000Z</time>
      </trkpt>
      <trkpt lat="38.897316" lon="111.83012">
        <ele>1436.7504</ele>
        <time>2014-01-14T23:48:33.837000Z</time>
      </trkpt>
      <trkpt lat="38.89732" lon="111.82997">
        <ele>1438.6427</ele>
        <time>2014-01-14T23:48:37.483000Z</time>
      </trkpt>
      <trkpt lat="38.897324" lon="111.82986">
        <ele>1440.0045</ele>
        <time>2014-01-14T23:48:41.129000Z</time>
      </trkpt>
      <trkpt lat="38.897316" lon="111.82973">
        <ele>1440.3046</ele>
        <time>2014-01-14T23:48:44.775000Z</time>
      </trkpt>
      <trkpt lat="38.897312" lon="111.829605">
        <ele>1439.7444</ele>
        <time>2014-01-14T23:48:48.421000Z</time>
      </trkpt>
      <trkpt lat="38.897312" lon="111.82946">
        <ele>1438.6904</ele>
        <time>2014-01-14T23:48:52.067000Z</time>
      </trkpt>
      <trkpt lat="38.897305" lon="111.829315">
        <ele>1437.1482</ele>
        <time>2014-01-14T23:48:55.713000Z</time>
      </trkpt>
      <trkpt lat="38.897305" lon="111.829315">
        <ele>1435.3987</ele>
        <time>2014-01-14T23:48:59.359000Z</time>
      </trkpt>
      <trkpt lat="38.897293" lon="111.82919">
        <ele>1434.3301</ele>
        <time>2014-01-14T23:49:03.005000Z</time>
      </trkpt>
      <trkpt lat="38.897377" lon="111.82915">
        <ele>1434.3658</ele>
        <time>2014-01-14T23:49:06.651000Z</time>
      </trkpt>
      <trkpt lat="38.897377" lon="111.82915">
        <ele>1434.8944</ele>
        <time>2014-01-14T23:49:10.297000Z</time>
      </trkpt>
      <trkpt lat="38.897457" lon="111.82906">
        <ele>1435.0801</ele>
        <time>2014-01-14T23:49:13.943000Z</time>
      </trkpt>
      <trkpt lat="38.897568" lon="111.829025">
        <ele>1434.567</ele>
        <time>2014-01-14T23:49:17.589000Z</time>
      </trkpt>
      <trkpt lat="38.897663" lon="111.829025">
        <ele>1433.6787</ele>
        <time>2014-01-14T23:49:21.235000Z</time>
      </trkpt>
      <trkpt lat="38.89778" lon="111.82904">
        <ele>1432.8112</ele>
        <time>2014-01-14T23:49:24.881000Z</time>
      </trkpt>
      <trkpt lat="38.897877" lon="111.829056">
        <ele>1431.835</ele>
        <time>2014-01-14T23:49:28.527000Z</time>
      </trkpt>
      <trkpt lat="38.897995" lon="111.829056">
        <ele>1430.7478</ele>
        <time>2014-01-14T23:49:32.173000Z</time>
      </trkpt>
      <trkpt lat="38.898094" lon="111.82908">
        <ele>1429.8451</ele>
        <time>2014-01-14T23:49:35.819000Z</time>
      </trkpt>
      <trkpt lat="38.89819" lon="111.8291">
        <ele>1429.2104</ele>
        <time>2014-01-14T23:49:39.465000Z</time>
      </trkpt>
      <trkpt lat="38.898285" lon="111.82912">
        <ele>1428.6602</ele>
        <time>2014-01-14T23:49:43.111000Z</time>
      </trkpt>
      <trkpt lat="38.8984" lon="111.82911">
        <ele>1428.0809</ele>
        <time>2014-01-14T23:49:46.757000Z</time>
      </trkpt>
      <trkpt lat="38.898514" lon="111.82912">
        <ele>1427.6154</ele>
        <time>2014-01-14T23:49:50.403000Z</time>
      </trkpt>
      <trkpt lat="38.898613" lon="111.829124">
        <ele>1427.2999</ele>
        <time>2014-01-14T23:49:54.049000Z</time>
      </trkpt>
      <trkpt lat="38.898724" lon="111.82912">
        <ele>1426.954</ele>
        <time>2014-01-14T23:49:57.695000Z</time>
      </trkpt>
      <trkpt lat="38.89884" lon="111.82912">
        <ele>1426.7294</ele>
        <time>2014-01-14T23:50:01.341000Z</time>
      </trkpt>
      <trkpt lat="38.898952" lon="111.829124">
        <ele>1426.8</ele>
        <time>2014-01-14T23:50:04.987000Z</time>
      </trkpt>
      <trkpt lat="38.899055" lon="111.82913">
        <ele>1426.7863</ele>
        <time>2014-01-14T23:50:08.633000Z</time>
      </trkpt>
      <trkpt lat="38.899162" lon="111.82912">
        <ele>1426.3722</ele>
        <time>2014-01-14T23:50:12.279000Z</time>
      </trkpt>
      <trkpt lat="38.899258" lon="111.8291">
        <ele>1426.0674</ele>
        <time>2014-01-14T23:50:15.925000Z</time>
      </trkpt>
      <trkpt lat="38.89936" lon="111.82906">
        <ele>1426.3934</ele>
        <time>2014-01-14T23:50:19.571000Z</time>
      </trkpt>
      <trkpt lat="38.89946" lon="111.82904">
        <ele>1426.9766</ele>
        <time>2014-01-14T23:50:23.217000Z</time>
      </trkpt>
      <trkpt lat="38.89956" lon="111.82901">
        <ele>1427.2999</ele>
        <time>2014-01-14T23:50:26.863000Z</time>
      </trkpt>
      <trkpt lat="38.899654" lon="111.82899">
        <ele>1427.0927</ele>
        <time>2014-01-14T23:50:30.509000Z</time>
      </trkpt>
      <trkpt lat="38.899754" lon="111.828964">
        <ele>1426.411</ele>
        <time>2014-01-14T23:50:34.155000Z</time>
      </trkpt>
      <trkpt lat="38.89985" lon="111.82894">
        <ele>1425.2666</ele>
        <time>2014-01-14T23:50:37.801000Z</time>
      </trkpt>
      <trkpt lat="38.899956" lon="111.82891">
        <ele>1423.5375</ele>
        <time>2014-01-14T23:50:41.447000Z</time>
      </trkpt>
      <trkpt lat="38.900047" lon="111.82887">
        <ele>1421.7463</ele>
        <time>2014-01-14T23:50:45.093000Z</time>
      </trkpt>
      <trkpt lat="38.900158" lon="111.828835">
        <ele>1420.8234</ele>
        <time>2014-01-14T23:50:48.739000Z</time>
      </trkpt>
      <trkpt lat="38.90024" lon="111.828804">
        <ele>1421.1385</ele>
        <time>2014-01-14T23:50:52.385000Z</time>
      </trkpt>
      <trkpt lat="38.90036" lon="111.82877">
        <ele>1422.3287</ele>
        <time>2014-01-14T23:50:56.031000Z</time>
      </trkpt>
      <trkpt lat="38.900463" lon="111.8288">
        <ele>1423.1682</ele>
        <time>2014-01-14T23:50:59.677000Z</time>
      </trkpt>
      <trkpt lat="38.900463" lon="111.8288">
        <ele>1422.9017</ele>
        <time>2014-01-14T23:51:03.323000Z</time>
      </trkpt>
      <trkpt lat="38.900555" lon="111.828865">
        <ele>1422.1234</ele>
        <time>2014-01-14T23:51:06.969000Z</time>
      </trkpt>
      <trkpt lat="38.900608" lon="111.82899">
        <ele>1421.0853</ele>
        <time>2014-01-14T23:51:10.615000Z</time>
      </trkpt>
      <trkpt lat="38.900608" lon="111.82899">
        <ele>1419.5994</ele>
        <time>2014-01-14T23:51:14.261000Z</time>
      </trkpt>
      <trkpt lat="38.9006" lon="111.82912">
        <ele>1418.4899</ele>
        <time>2014-01-14T23:51:17.907000Z</time>
      </trkpt>
      <trkpt lat="38.900593" lon="111.82925">
        <ele>1418.7235</ele>
        <time>2014-01-14T23:51:21.553000Z</time>
      </trkpt>
      <trkpt lat="38.9006" lon="111.829384">
        <ele>1419.8921</ele>
        <time>2014-01-14T23:51:25.199000Z</time>
      </trkpt>
      <trkpt lat="38.900604" lon="111.82953">
        <ele>1420.8346</ele>
        <time>2014-01-14T23:51:28.845000Z</time>
      </trkpt>
      <trkpt lat="38.900608" lon="111.82964">
        <ele>1420.8279</ele>
        <time>2014-01-14T23:51:32.491000Z</time>
      </trkpt>
      <trkpt lat="38.90062" lon="111.82979">
        <ele>1419.8394</ele>
        <time>2014-01-14T23:51:36.137000Z</time>
      </trkpt>
      <trkpt lat="38.900623" lon="111.82991">
        <ele>1418.3846</ele>
        <time>2014-01-14T23:51:39.783000Z</time>
      </trkpt>
      <trkpt lat="38.90065" lon="111.83004">
        <ele>1417.3059</ele>
        <time>2014-01-14T23:51:43.429000Z</time>
      </trkpt>
      <trkpt lat="38.90066" lon="111.83018">
        <ele>1417.1926</ele>
        <time>2014-01-14T23:51:47.075000Z</time>
      </trkpt>
      <trkpt lat="38.90067" lon="111.83032">
        <ele>1417.862</ele>
        <time>2014-01-14T23:51:50.721000Z</time>
      </trkpt>
      <trkpt lat="38.90069" lon="111.83047">
        <ele>1418.7017</ele>
        <time>2014-01-14T23:51:54.367000Z</time>
      </trkpt>
      <trkpt lat="38.900684" lon="111.8306">
        <ele>1419.3304</ele>
        <time>2014-01-14T23:51:58.013000Z</time>
      </trkpt>
      <trkpt lat="38.90069" lon="111.83075">
        <ele>1419.6782</ele>
        <time>2014-01-14T23:52:01.659000Z</time>
      </trkpt>
      <trkpt lat="38.90069" lon="111.83091">
        <ele>1419.6687</ele>
        <time>2014-01-14T23:52:05.305000Z</time>
      </trkpt>
      <trkpt lat="38.9007" lon="111.83107">
        <ele>1419.3248</ele>
        <time>2014-01-14T23:52:08.951000Z</time>
      </trkpt>
      <trkpt lat="38.90072" lon="111.83121">
        <ele>1418.8433</ele>
        <time>2014-01-14T23:52:12.597000Z</time>
      </trkpt>
      <trkpt lat="38.900738" lon="111.831375">
        <ele>1418.5493</ele>
        <time>2014-01-14T23:52:16.243000Z</time>
      </trkpt>
      <trkpt lat="38.90075" lon="111.83151">
        <ele>1418.6422</ele>
        <time>2014-01-14T23:52:19.889000Z</time>
      </trkpt>
      <trkpt lat="38.900757" lon="111.83164">
        <ele>1419.0289</ele>
        <time>2014-01-14T23:52:23.535000Z</time>
      </trkpt>
      <trkpt lat="38.900764" lon="111.83179">
        <ele>1419.5839</ele>
        <time>2014-01-14T23:52:27.181000Z</time>
      </trkpt>
      <trkpt lat="38.900772" lon="111.83191">
        <ele>1420.0531</ele>
        <time>2014-01-14T23:52:30.827000Z</time>
      </trkpt>
      <trkpt lat="38.900764" lon="111.83206">
        <ele>1420.0973</ele>
        <time>2014-01-14T23:52:34.473000Z</time>
      </trkpt>
      <trkpt lat="38.900772" lon="111.832184">
        <ele>1419.7902</ele>
        <time>2014-01-14T23:52:38.119000Z</time>
      </trkpt>
      <trkpt lat="38.90078" lon="111.8323">
        <ele>1419.4415</ele>
        <time>2014-01-14T23:52:41.765000Z</time>
      </trkpt>
      <trkpt lat="38.90079" lon="111.832436">
        <ele>1419.0797</ele>
        <time>2014-01-14T23:52:45.411000Z</time>
      </trkpt>
      <trkpt lat="38.90079" lon="111.832436">
        <ele>1418.5723</ele>
        <time>2014-01-14T23:52:49.057000Z</time>
      </trkpt>
      <trkpt lat="38.900803" lon="111.832565">
        <ele>1417.9653</ele>
        <time>2014-01-14T23:52:52.703000Z</time>
      </trkpt>
      <trkpt lat="38.90081" lon="111.83269">
        <ele>1418.0366</ele>
        <time>2014-01-14T23:52:56.349000Z</time>
      </trkpt>
      <trkpt lat="38.90082" lon="111.8328">
        <ele>1419.2274</ele>
        <time>2014-01-14T23:52:59.995000Z</time>
      </trkpt>
      <trkpt lat="38.90082" lon="111.8328">
        <ele>1420.6077</ele>
        <time>2014-01-14T23:53:03.641000Z</time>
      </trkpt>
      <trkpt lat="38.90084" lon="111.83294">
        <ele>1420.825</ele>
        <time>2014-01-14T23:53:07.287000Z</time>
      </trkpt>
      <trkpt lat="38.90086" lon="111.83308">
        <ele>1419.7401</ele>
        <time>2014-01-14T23:53:10.933000Z</time>
      </trkpt>
      <trkpt lat="38.900875" lon="111.83321">
        <ele>1418.5815</ele>
        <time>2014-01-14T23:53:14.579000Z</time>
      </trkpt>
      <trkpt lat="38.900887" lon="111.83334">
        <ele>1418.5532</ele>
        <time>2014-01-14T23:53:18.225000Z</time>
      </trkpt>
      <trkpt lat="38.900906" lon="111.83347">
        <ele>1419.6503</ele>
        <time>2014-01-14T23:53:21.871000Z</time>
      </trkpt>
      <trkpt lat="38.90092" lon="111.83362">
        <ele>1421.1023</ele>
        <time>2014-01-14T23:53:25.517000Z</time>
      </trkpt>
      <trkpt lat="38.90094" lon="111.83375">
        <ele>1422.1642</ele>
        <time>2014-01-14T23:53:29.163000Z</time>
      </trkpt>
      <trkpt lat="38.90096" lon="111.83387">
        <ele>1422.4861</ele>
        <time>2014-01-14T23:53:32.809000Z</time>
      </trkpt>
      <trkpt lat="38.900967" lon="111.834015">
        <ele>1421.9071</ele>
        <time>2014-01-14T23:53:36.455000Z</time>
      </trkpt>
      <trkpt lat="38.90098" lon="111.83414">
        <ele>1420.634</ele>
        <time>2014-01-14T23:53:40.101000Z</time>
      </trkpt>
      <trkpt lat="38.901005" lon="111.83427">
        <ele>1419.5034</ele>
        <time>2014-01-14T23:53:43.747000Z</time>
      </trkpt>
      <trkpt lat="38.901028" lon="111.834404">
        <ele>1419.1754</ele>
        <time>2014-01-14T23:53:47.393000Z</time>
      </trkpt>
      <trkpt lat="38.90104" lon="111.83454">
        <ele>1419.6865</ele>
        <time>2014-01-14T23:53:51.039000Z</time>
      </trkpt>
      <trkpt lat="38.901062" lon="111.83467">
        <ele>1420.9052</ele>
        <time>2014-01-14T23:53:54.685000Z</time>
      </trkpt>
      <trkpt lat="38.90109" lon="111.834816">
        <ele>1422.4297</ele>
        <time>2014-01-14T23:53:58.331000Z</time>
      </trkpt>
      <trkpt lat="38.90112" lon="111.83495">
        <ele>1423.5568</ele>
        <time>2014-01-14T23:54:01.977000Z</time>
      </trkpt>
      <trkpt lat="38.90114" lon="111.83507">
        <ele>1424.0277</ele>
        <time>2014-01-14T23:54:05.623000Z</time>
      </trkpt>
      <trkpt lat="38.901157" lon="111.83519">
        <ele>1423.7317</ele>
        <time>2014-01-14T23:54:09.269000Z</time>
      </trkpt>
      <trkpt lat="38.90118" lon="111.83534">
        <ele>1422.3945</ele>
        <time>2014-01-14T23:54:12.914000Z</time>
      </trkpt>
      <trkpt lat="38.901226" lon="111.835464">
        <ele>1420.5332</ele>
        <time>2014-01-14T23:54:16.559000Z</time>
      </trkpt>
      <trkpt lat="38.901253" lon="111.835594">
        <ele>1419.3679</ele>
        <time>2014-01-14T23:54:20.204000Z</time>
      </trkpt>
      <trkpt lat="38.901283" lon="111.835724">
        <ele>1419.6715</ele>
        <time>2014-01-14T23:54:23.849000Z</time>
      </trkpt>
      <trkpt lat="38.901356" lon="111.83579">
        <ele>1421.0302</ele>
        <time>2014-01-14T23:54:27.494000Z</time>
      </trkpt>
      <trkpt lat="38.90145" lon="111.83578">
        <ele>1422.1846</ele>
        <time>2014-01-14T23:54:31.139000Z</time>
      </trkpt>
      <trkpt lat="38.901558" lon="111.83575">
        <ele>1422.4402</ele>
        <time>2014-01-14T23:54:34.784000Z</time>
      </trkpt>
      <trkpt lat="38.901634" lon="111.83587">
        <ele>1422.1818</ele>
        <time>2014-01-14T23:54:38.429000Z</time>
      </trkpt>
      <trkpt lat="38.901695" lon="111.83597">
        <ele>1421.6406</ele>
        <time>2014-01-14T23:54:42.074000Z</time>
      </trkpt>
      <trkpt lat="38.901787" lon="111.83596">
        <ele>1420.7998</ele>
        <time>2014-01-14T23:54:45.719000Z</time>
      </trkpt>
      <trkpt lat="38.901787" lon="111.83596">
        <ele>1419.9547</ele>
        <time>2014-01-14T23:54:49.364000Z</time>
      </trkpt>
      <trkpt lat="38.90188" lon="111.83595">
        <ele>1419.3861</ele>
        <time>2014-01-14T23:54:53.009000Z</time>
      </trkpt>
      <trkpt lat="38.90188" lon="111.83595">
        <time>2014-01-14T23:54:56.654000Z</time>
      </trkpt>
    </trkseg>
  </trk>
</gpx>