<?xml version="1.0" encoding="UTF-8"?>
<gpx xmlns="http://www.topografix.com/GPX/1/1" xmlns:gpxtpx="http://www.garmin.com/xmlschemas/TrackPointExtension/v1" xmlns:xsi="http://www.w3.org/2001/XMLSchema-instance" xsi:schemaLocation="http://www.topografix.com/GPX/1/1 http://www.topografix.com/GPX/1/1/gpx.xsd" version="1.1" creator="gpx.py -- https://github.com/tkrajina/gpxpy">
  <trk>
    <trkseg>
      <trkpt lat="38.901882" lon="111.83597">
        <ele>1445.5134</ele>
        <time>2014-01-11T23:02:37.133000Z</time>
      </trkpt>
      <trkpt lat="38.901966" lon="111.83592">
        <ele>1442.615</ele>
        <time>2014-01-11T23:02:40.719000Z</time>
      </trkpt>
      <trkpt lat="38.902046" lon="111.83587">
        <ele>1435.2112</ele>
        <time>2014-01-11T23:02:44.305000Z</time>
      </trkpt>
      <trkpt lat="38.902134" lon="111.835815">
        <ele>1423.2769</ele>
        <time>2014-01-11T23:02:47.891000Z</time>
      </trkpt>
      <trkpt lat="38.902237" lon="111.83575">
        <ele>1421.4924</ele>
        <time>2014-01-11T23:02:51.477000Z</time>
      </trkpt>
      <trkpt lat="38.902332" lon="111.8357">
        <ele>1420.3723</ele>
        <time>2014-01-11T23:02:55.063000Z</time>
      </trkpt>
      <trkpt lat="38.90246" lon="111.83566">
        <ele>1419.5559</ele>
        <time>2014-01-11T23:02:58.649000Z</time>
      </trkpt>
      <trkpt lat="38.90255" lon="111.83569">
        <ele>1418.7449</ele>
        <time>2014-01-11T23:03:02.235000Z</time>
      </trkpt>
      <trkpt lat="38.90262" lon="111.83577">
        <ele>1417.7516</ele>
        <time>2014-01-11T23:03:05.821000Z</time>
      </trkpt>
      <trkpt lat="38.90265" lon="111.835915">
        <ele>1416.5162</ele>
        <time>2014-01-11T23:03:09.407000Z</time>
      </trkpt>
      <trkpt lat="38.90267" lon="111.836044">
        <ele>1415.6307</ele>
        <time>2014-01-11T23:03:12.993000Z</time>
      </trkpt>
      <trkpt lat="38.902718" lon="111.83616">
        <ele>1415.899</ele>
        <time>2014-01-11T23:03:16.579000Z</time>
      </trkpt>
      <trkpt lat="38.90279" lon="111.83624">
        <ele>1417.3704</ele>
        <time>2014-01-11T23:03:20.165000Z</time>
      </trkpt>
      <trkpt lat="38.90279" lon="111.836365">
        <ele>1419.1829</ele>
        <time>2014-01-11T23:03:23.751000Z</time>
      </trkpt>
      <trkpt lat="38.902855" lon="111.836494">
        <ele>1420.6115</ele>
        <time>2014-01-11T23:03:27.337000Z</time>
      </trkpt>
      <trkpt lat="38.902924" lon="111.83659">
        <ele>1421.6455</ele>
        <time>2014-01-11T23:03:30.923000Z</time>
      </trkpt>
      <trkpt lat="38.902958" lon="111.836716">
        <ele>1422.2711</ele>
        <time>2014-01-11T23:03:34.509000Z</time>
      </trkpt>
      <trkpt lat="38.902996" lon="111.83685">
        <ele>1423.004</ele>
        <time>2014-01-11T23:03:38.095000Z</time>
      </trkpt>
      <trkpt lat="38.90303" lon="111.83698">
        <ele>1424.5078</ele>
        <time>2014-01-11T23:03:41.681000Z</time>
      </trkpt>
      <trkpt lat="38.903072" lon="111.83711">
        <ele>1426.0712</ele>
        <time>2014-01-11T23:03:45.267000Z</time>
      </trkpt>
      <trkpt lat="38.90313" lon="111.837234">
        <ele>1426.8766</ele>
        <time>2014-01-11T23:03:48.853000Z</time>
      </trkpt>
      <trkpt lat="38.903164" lon="111.83734">
        <ele>1426.8186</ele>
        <time>2014-01-11T23:03:52.439000Z</time>
      </trkpt>
      <trkpt lat="38.903202" lon="111.83749">
        <ele>1425.9772</ele>
        <time>2014-01-11T23:03:56.025000Z</time>
      </trkpt>
      <trkpt lat="38.903263" lon="111.83761">
        <ele>1424.7708</ele>
        <time>2014-01-11T23:03:59.611000Z</time>
      </trkpt>
      <trkpt lat="38.903294" lon="111.83773">
        <ele>1423.6907</ele>
        <time>2014-01-11T23:04:03.197000Z</time>
      </trkpt>
      <trkpt lat="38.903324" lon="111.837845">
        <ele>1422.96</ele>
        <time>2014-01-11T23:04:06.783000Z</time>
      </trkpt>
      <trkpt lat="38.903378" lon="111.83797">
        <ele>1422.6882</ele>
        <time>2014-01-11T23:04:10.369000Z</time>
      </trkpt>
      <trkpt lat="38.90343" lon="111.83808">
        <ele>1422.6244</ele>
        <time>2014-01-11T23:04:13.955000Z</time>
      </trkpt>
      <trkpt lat="38.903477" lon="111.83818">
        <ele>1422.5286</ele>
        <time>2014-01-11T23:04:17.541000Z</time>
      </trkpt>
      <trkpt lat="38.903526" lon="111.8383">
        <ele>1422.3975</ele>
        <time>2014-01-11T23:04:21.127000Z</time>
      </trkpt>
      <trkpt lat="38.903557" lon="111.838425">
        <ele>1422.3086</ele>
        <time>2014-01-11T23:04:24.713000Z</time>
      </trkpt>
      <trkpt lat="38.90363" lon="111.83855">
        <ele>1422.2695</ele>
        <time>2014-01-11T23:04:28.299000Z</time>
      </trkpt>
      <trkpt lat="38.903652" lon="111.83867">
        <ele>1422.0896</ele>
        <time>2014-01-11T23:04:31.885000Z</time>
      </trkpt>
      <trkpt lat="38.903687" lon="111.83878">
        <ele>1421.5613</ele>
        <time>2014-01-11T23:04:35.471000Z</time>
      </trkpt>
      <trkpt lat="38.90373" lon="111.83891">
        <ele>1420.8942</ele>
        <time>2014-01-11T23:04:39.057000Z</time>
      </trkpt>
      <trkpt lat="38.903774" lon="111.83902">
        <ele>1420.3564</ele>
        <time>2014-01-11T23:04:42.643000Z</time>
      </trkpt>
      <trkpt lat="38.903812" lon="111.83916">
        <ele>1419.7811</ele>
        <time>2014-01-11T23:04:46.229000Z</time>
      </trkpt>
      <trkpt lat="38.903843" lon="111.83927">
        <ele>1418.7961</ele>
        <time>2014-01-11T23:04:49.815000Z</time>
      </trkpt>
      <trkpt lat="38.903885" lon="111.83942">
        <ele>1417.3293</ele>
        <time>2014-01-11T23:04:53.401000Z</time>
      </trkpt>
      <trkpt lat="38.90394" lon="111.83954">
        <ele>1415.212</ele>
        <time>2014-01-11T23:04:56.987000Z</time>
      </trkpt>
      <trkpt lat="38.904037" lon="111.83961">
        <ele>1412.6062</ele>
        <time>2014-01-11T23:05:00.573000Z</time>
      </trkpt>
      <trkpt lat="38.904114" lon="111.83967">
        <ele>1410.2552</ele>
        <time>2014-01-11T23:05:04.159000Z</time>
      </trkpt>
      <trkpt lat="38.90421" lon="111.83973">
        <ele>1408.6613</ele>
        <time>2014-01-11T23:05:07.745000Z</time>
      </trkpt>
      <trkpt lat="38.904297" lon="111.83975">
        <ele>1409.4979</ele>
        <time>2014-01-11T23:05:11.331000Z</time>
      </trkpt>
      <trkpt lat="38.90439" lon="111.83974">
        <ele>1414.3939</ele>
        <time>2014-01-11T23:05:14.917000Z</time>
      </trkpt>
      <trkpt lat="38.904503" lon="111.839714">
        <ele>1420.8484</ele>
        <time>2014-01-11T23:05:18.503000Z</time>
      </trkpt>
      <trkpt lat="38.90461" lon="111.83967">
        <ele>1425.0331</ele>
        <time>2014-01-11T23:05:22.089000Z</time>
      </trkpt>
      <trkpt lat="38.904713" lon="111.839615">
        <ele>1426.8119</ele>
        <time>2014-01-11T23:05:25.675000Z</time>
      </trkpt>
      <trkpt lat="38.904804" lon="111.83955">
        <ele>1427.9877</ele>
        <time>2014-01-11T23:05:29.261000Z</time>
      </trkpt>
      <trkpt lat="38.904892" lon="111.83949">
        <ele>1430.0394</ele>
        <time>2014-01-11T23:05:32.847000Z</time>
      </trkpt>
      <trkpt lat="38.90498" lon="111.83945">
        <ele>1433.291</ele>
        <time>2014-01-11T23:05:36.433000Z</time>
      </trkpt>
      <trkpt lat="38.905087" lon="111.83941">
        <ele>1436.4298</ele>
        <time>2014-01-11T23:05:40.019000Z</time>
      </trkpt>
      <trkpt lat="38.905178" lon="111.83937">
        <ele>1437.7969</ele>
        <time>2014-01-11T23:05:43.605000Z</time>
      </trkpt>
      <trkpt lat="38.90527" lon="111.839325">
        <ele>1436.7107</ele>
        <time>2014-01-11T23:05:47.191000Z</time>
      </trkpt>
      <trkpt lat="38.905354" lon="111.83929">
        <ele>1433.889</ele>
        <time>2014-01-11T23:05:50.777000Z</time>
      </trkpt>
      <trkpt lat="38.905457" lon="111.839226">
        <ele>1431.3878</ele>
        <time>2014-01-11T23:05:54.363000Z</time>
      </trkpt>
      <trkpt lat="38.905575" lon="111.83916">
        <ele>1430.3851</ele>
        <time>2014-01-11T23:05:57.949000Z</time>
      </trkpt>
      <trkpt lat="38.905655" lon="111.839096">
        <ele>1430.193</ele>
        <time>2014-01-11T23:06:01.535000Z</time>
      </trkpt>
      <trkpt lat="38.90575" lon="111.83906">
        <ele>1429.9803</ele>
        <time>2014-01-11T23:06:05.121000Z</time>
      </trkpt>
      <trkpt lat="38.905838" lon="111.839005">
        <ele>1429.4589</ele>
        <time>2014-01-11T23:06:08.707000Z</time>
      </trkpt>
      <trkpt lat="38.905945" lon="111.83894">
        <ele>1429.0317</ele>
        <time>2014-01-11T23:06:12.293000Z</time>
      </trkpt>
      <trkpt lat="38.906036" lon="111.838905">
        <ele>1429.2307</ele>
        <time>2014-01-11T23:06:15.879000Z</time>
      </trkpt>
      <trkpt lat="38.90613" lon="111.83885">
        <ele>1429.8245</ele>
        <time>2014-01-11T23:06:19.465000Z</time>
      </trkpt>
      <trkpt lat="38.906227" lon="111.8388">
        <ele>1430.2777</ele>
        <time>2014-01-11T23:06:23.051000Z</time>
      </trkpt>
      <trkpt lat="38.906315" lon="111.8387">
        <ele>1430.5668</ele>
        <time>2014-01-11T23:06:26.637000Z</time>
      </trkpt>
      <trkpt lat="38.90639" lon="111.83864">
        <ele>1432.4336</ele>
        <time>2014-01-11T23:06:30.223000Z</time>
      </trkpt>
      <trkpt lat="38.906487" lon="111.838585">
        <ele>1436.9326</ele>
        <time>2014-01-11T23:06:33.809000Z</time>
      </trkpt>
      <trkpt lat="38.906578" lon="111.83853">
        <ele>1440.9697</ele>
        <time>2014-01-11T23:06:37.395000Z</time>
      </trkpt>
      <trkpt lat="38.906662" lon="111.83848">
        <ele>1441.7242</ele>
        <time>2014-01-11T23:06:40.981000Z</time>
      </trkpt>
      <trkpt lat="38.906776" lon="111.838425">
        <ele>1440.0715</ele>
        <time>2014-01-11T23:06:44.567000Z</time>
      </trkpt>
      <trkpt lat="38.90686" lon="111.83838">
        <ele>1437.5276</ele>
        <time>2014-01-11T23:06:48.153000Z</time>
      </trkpt>
      <trkpt lat="38.906948" lon="111.83835">
        <ele>1435.1534</ele>
        <time>2014-01-11T23:06:51.739000Z</time>
      </trkpt>
      <trkpt lat="38.907066" lon="111.83834">
        <ele>1433.0057</ele>
        <time>2014-01-11T23:06:55.325000Z</time>
      </trkpt>
      <trkpt lat="38.90716" lon="111.83832">
        <ele>1430.6981</ele>
        <time>2014-01-11T23:06:58.911000Z</time>
      </trkpt>
      <trkpt lat="38.907246" lon="111.838264">
        <ele>1428.7107</ele>
        <time>2014-01-11T23:07:02.497000Z</time>
      </trkpt>
      <trkpt lat="38.907326" lon="111.83822">
        <ele>1427.3367</ele>
        <time>2014-01-11T23:07:06.083000Z</time>
      </trkpt>
      <trkpt lat="38.907417" lon="111.838165">
        <ele>1426.3986</ele>
        <time>2014-01-11T23:07:09.669000Z</time>
      </trkpt>
      <trkpt lat="38.907516" lon="111.8381">
        <ele>1425.9313</ele>
        <time>2014-01-11T23:07:13.255000Z</time>
      </trkpt>
      <trkpt lat="38.90762" lon="111.83803">
        <ele>1425.7943</ele>
        <time>2014-01-11T23:07:16.841000Z</time>
      </trkpt>
      <trkpt lat="38.907703" lon="111.837975">
        <ele>1425.4928</ele>
        <time>2014-01-11T23:07:20.427000Z</time>
      </trkpt>
      <trkpt lat="38.9078" lon="111.83793">
        <ele>1424.8107</ele>
        <time>2014-01-11T23:07:24.013000Z</time>
      </trkpt>
      <trkpt lat="38.907906" lon="111.83786">
        <ele>1424.1279</ele>
        <time>2014-01-11T23:07:27.599000Z</time>
      </trkpt>
      <trkpt lat="38.908005" lon="111.83782">
        <ele>1424.0615</ele>
        <time>2014-01-11T23:07:31.185000Z</time>
      </trkpt>
      <trkpt lat="38.908115" lon="111.83777">
        <ele>1424.7844</ele>
        <time>2014-01-11T23:07:34.771000Z</time>
      </trkpt>
      <trkpt lat="38.908203" lon="111.83772">
        <ele>1425.8042</ele>
        <time>2014-01-11T23:07:38.357000Z</time>
      </trkpt>
      <trkpt lat="38.90829" lon="111.837654">
        <ele>1425.7454</ele>
        <time>2014-01-11T23:07:41.943000Z</time>
      </trkpt>
      <trkpt lat="38.908375" lon="111.83761">
        <ele>1423.7428</ele>
        <time>2014-01-11T23:07:45.529000Z</time>
      </trkpt>
      <trkpt lat="38.90847" lon="111.837555">
        <ele>1420.9397</ele>
        <time>2014-01-11T23:07:49.115000Z</time>
      </trkpt>
      <trkpt lat="38.90858" lon="111.8375">
        <ele>1419.4745</ele>
        <time>2014-01-11T23:07:52.701000Z</time>
      </trkpt>
      <trkpt lat="38.908665" lon="111.83745">
        <ele>1419.9758</ele>
        <time>2014-01-11T23:07:56.287000Z</time>
      </trkpt>
      <trkpt lat="38.90878" lon="111.837395">
        <ele>1421.6779</ele>
        <time>2014-01-11T23:07:59.873000Z</time>
      </trkpt>
      <trkpt lat="38.908882" lon="111.837364">
        <ele>1423.5663</ele>
        <time>2014-01-11T23:08:03.459000Z</time>
      </trkpt>
      <trkpt lat="38.90899" lon="111.83734">
        <ele>1425.589</ele>
        <time>2014-01-11T23:08:07.045000Z</time>
      </trkpt>
      <trkpt lat="38.90908" lon="111.837395">
        <ele>1427.9226</ele>
        <time>2014-01-11T23:08:10.631000Z</time>
      </trkpt>
      <trkpt lat="38.909126" lon="111.837494">
        <ele>1429.83</ele>
        <time>2014-01-11T23:08:14.217000Z</time>
      </trkpt>
      <trkpt lat="38.909164" lon="111.83763">
        <ele>1430.8467</ele>
        <time>2014-01-11T23:08:17.803000Z</time>
      </trkpt>
      <trkpt lat="38.90919" lon="111.83775">
        <ele>1431.6068</ele>
        <time>2014-01-11T23:08:21.389000Z</time>
      </trkpt>
      <trkpt lat="38.909225" lon="111.83789">
        <ele>1432.3817</ele>
        <time>2014-01-11T23:08:24.975000Z</time>
      </trkpt>
      <trkpt lat="38.90926" lon="111.83803">
        <ele>1433.2238</ele>
        <time>2014-01-11T23:08:28.561000Z</time>
      </trkpt>
      <trkpt lat="38.90927" lon="111.83815">
        <ele>1434.1353</ele>
        <time>2014-01-11T23:08:32.147000Z</time>
      </trkpt>
      <trkpt lat="38.909286" lon="111.838295">
        <ele>1434.7986</ele>
        <time>2014-01-11T23:08:35.733000Z</time>
      </trkpt>
      <trkpt lat="38.909317" lon="111.83843">
        <ele>1435.6619</ele>
        <time>2014-01-11T23:08:39.319000Z</time>
      </trkpt>
      <trkpt lat="38.90934" lon="111.838554">
        <ele>1437.2782</ele>
        <time>2014-01-11T23:08:42.905000Z</time>
      </trkpt>
      <trkpt lat="38.909363" lon="111.83871">
        <ele>1438.839</ele>
        <time>2014-01-11T23:08:46.491000Z</time>
      </trkpt>
      <trkpt lat="38.909393" lon="111.83883">
        <ele>1439.4908</ele>
        <time>2014-01-11T23:08:50.077000Z</time>
      </trkpt>
      <trkpt lat="38.90942" lon="111.83894">
        <ele>1439.9622</ele>
        <time>2014-01-11T23:08:53.663000Z</time>
      </trkpt>
      <trkpt lat="38.90944" lon="111.83906">
        <ele>1440.981</ele>
        <time>2014-01-11T23:08:57.249000Z</time>
      </trkpt>
      <trkpt lat="38.90949" lon="111.83917">
        <ele>1442.0479</ele>
        <time>2014-01-11T23:09:00.835000Z</time>
      </trkpt>
      <trkpt lat="38.909542" lon="111.83931">
        <ele>1441.4417</ele>
        <time>2014-01-11T23:09:04.421000Z</time>
      </trkpt>
      <trkpt lat="38.90957" lon="111.83942">
        <ele>1438.4537</ele>
        <time>2014-01-11T23:09:08.007000Z</time>
      </trkpt>
      <trkpt lat="38.909637" lon="111.83952">
        <ele>1434.3201</ele>
        <time>2014-01-11T23:09:11.593000Z</time>
      </trkpt>
      <trkpt lat="38.9097" lon="111.839615">
        <ele>1430.4036</ele>
        <time>2014-01-11T23:09:15.179000Z</time>
      </trkpt>
      <trkpt lat="38.90975" lon="111.83973">
        <ele>1427.3904</ele>
        <time>2014-01-11T23:09:18.765000Z</time>
      </trkpt>
      <trkpt lat="38.9098" lon="111.839836">
        <ele>1425.886</ele>
        <time>2014-01-11T23:09:22.351000Z</time>
      </trkpt>
      <trkpt lat="38.90983" lon="111.83996">
        <ele>1424.8116</ele>
        <time>2014-01-11T23:09:25.937000Z</time>
      </trkpt>
      <trkpt lat="38.909843" lon="111.84008">
        <ele>1422.9471</ele>
        <time>2014-01-11T23:09:29.523000Z</time>
      </trkpt>
      <trkpt lat="38.90984" lon="111.84022">
        <ele>1421.3186</ele>
        <time>2014-01-11T23:09:33.109000Z</time>
      </trkpt>
      <trkpt lat="38.909832" lon="111.840355">
        <ele>1421.4366</ele>
        <time>2014-01-11T23:09:36.695000Z</time>
      </trkpt>
      <trkpt lat="38.909843" lon="111.84051">
        <ele>1422.8445</ele>
        <time>2014-01-11T23:09:40.281000Z</time>
      </trkpt>
      <trkpt lat="38.909874" lon="111.84062">
        <ele>1425.3025</ele>
        <time>2014-01-11T23:09:43.867000Z</time>
      </trkpt>
      <trkpt lat="38.909904" lon="111.84076">
        <ele>1429.248</ele>
        <time>2014-01-11T23:09:47.453000Z</time>
      </trkpt>
      <trkpt lat="38.909927" lon="111.84091">
        <ele>1434.09</ele>
        <time>2014-01-11T23:09:51.039000Z</time>
      </trkpt>
      <trkpt lat="38.909946" lon="111.841034">
        <ele>1438.2587</ele>
        <time>2014-01-11T23:09:54.625000Z</time>
      </trkpt>
      <trkpt lat="38.909992" lon="111.8412">
        <ele>1440.2706</ele>
        <time>2014-01-11T23:09:58.211000Z</time>
      </trkpt>
      <trkpt lat="38.910053" lon="111.84134">
        <ele>1439.8582</ele>
        <time>2014-01-11T23:10:01.797000Z</time>
      </trkpt>
      <trkpt lat="38.91013" lon="111.84144">
        <ele>1438.5764</ele>
        <time>2014-01-11T23:10:05.383000Z</time>
      </trkpt>
      <trkpt lat="38.910194" lon="111.84153">
        <ele>1437.5651</ele>
        <time>2014-01-11T23:10:08.969000Z</time>
      </trkpt>
      <trkpt lat="38.910267" lon="111.84165">
        <ele>1436.3546</ele>
        <time>2014-01-11T23:10:12.555000Z</time>
      </trkpt>
      <trkpt lat="38.910366" lon="111.84176">
        <ele>1434.624</ele>
        <time>2014-01-11T23:10:16.141000Z</time>
      </trkpt>
      <trkpt lat="38.91043" lon="111.84186">
        <ele>1433.3907</ele>
        <time>2014-01-11T23:10:19.727000Z</time>
      </trkpt>
      <trkpt lat="38.91047" lon="111.842">
        <ele>1433.387</ele>
        <time>2014-01-11T23:10:23.313000Z</time>
      </trkpt>
      <trkpt lat="38.91051" lon="111.84212">
        <ele>1433.2178</ele>
        <time>2014-01-11T23:10:26.899000Z</time>
      </trkpt>
      <trkpt lat="38.91055" lon="111.842255">
        <ele>1431.6772</ele>
        <time>2014-01-11T23:10:30.485000Z</time>
      </trkpt>
      <trkpt lat="38.910526" lon="111.84237">
        <ele>1429.5875</ele>
        <time>2014-01-11T23:10:34.071000Z</time>
      </trkpt>
      <trkpt lat="38.910545" lon="111.84248">
        <ele>1428.0908</ele>
        <time>2014-01-11T23:10:37.657000Z</time>
      </trkpt>
      <trkpt lat="38.9106" lon="111.8426">
        <ele>1427.2423</ele>
        <time>2014-01-11T23:10:41.243000Z</time>
      </trkpt>
      <trkpt lat="38.91063" lon="111.84275">
        <ele>1426.7007</ele>
        <time>2014-01-11T23:10:44.829000Z</time>
      </trkpt>
      <trkpt lat="38.91064" lon="111.84288">
        <ele>1426.3319</ele>
        <time>2014-01-11T23:10:48.415000Z</time>
      </trkpt>
      <trkpt lat="38.910664" lon="111.84302">
        <ele>1425.8799</ele>
        <time>2014-01-11T23:10:52.001000Z</time>
      </trkpt>
      <trkpt lat="38.91067" lon="111.84314">
        <ele>1425.6008</ele>
        <time>2014-01-11T23:10:55.587000Z</time>
      </trkpt>
      <trkpt lat="38.910656" lon="111.843285">
        <ele>1426.3119</ele>
        <time>2014-01-11T23:10:59.173000Z</time>
      </trkpt>
      <trkpt lat="38.910683" lon="111.843445">
        <ele>1428.1377</ele>
        <time>2014-01-11T23:11:02.759000Z</time>
      </trkpt>
      <trkpt lat="38.910717" lon="111.84356">
        <ele>1430.2821</ele>
        <time>2014-01-11T23:11:06.345000Z</time>
      </trkpt>
      <trkpt lat="38.91077" lon="111.843666">
        <ele>1431.7112</ele>
        <time>2014-01-11T23:11:09.931000Z</time>
      </trkpt>
      <trkpt lat="38.91077" lon="111.84383">
        <ele>1431.6304</ele>
        <time>2014-01-11T23:11:13.517000Z</time>
      </trkpt>
      <trkpt lat="38.91076" lon="111.84394">
        <ele>1430.1194</ele>
        <time>2014-01-11T23:11:17.103000Z</time>
      </trkpt>
      <trkpt lat="38.910763" lon="111.84406">
        <ele>1427.9774</ele>
        <time>2014-01-11T23:11:20.689000Z</time>
      </trkpt>
      <trkpt lat="38.91077" lon="111.84419">
        <ele>1426.989</ele>
        <time>2014-01-11T23:11:24.275000Z</time>
      </trkpt>
      <trkpt lat="38.910778" lon="111.84436">
        <ele>1428.1804</ele>
        <time>2014-01-11T23:11:27.861000Z</time>
      </trkpt>
      <trkpt lat="38.910805" lon="111.844505">
        <ele>1430.6008</ele>
        <time>2014-01-11T23:11:31.447000Z</time>
      </trkpt>
      <trkpt lat="38.91081" lon="111.84464">
        <ele>1432.7855</ele>
        <time>2014-01-11T23:11:35.033000Z</time>
      </trkpt>
      <trkpt lat="38.910847" lon="111.84477">
        <ele>1433.8103</ele>
        <time>2014-01-11T23:11:38.619000Z</time>
      </trkpt>
      <trkpt lat="38.910885" lon="111.84489">
        <ele>1433.5787</ele>
        <time>2014-01-11T23:11:42.205000Z</time>
      </trkpt>
      <trkpt lat="38.910915" lon="111.845024">
        <ele>1433.1685</ele>
        <time>2014-01-11T23:11:45.791000Z</time>
      </trkpt>
      <trkpt lat="38.910965" lon="111.84516">
        <ele>1433.5308</ele>
        <time>2014-01-11T23:11:49.377000Z</time>
      </trkpt>
      <trkpt lat="38.911015" lon="111.845276">
        <ele>1434.4784</ele>
        <time>2014-01-11T23:11:52.963000Z</time>
      </trkpt>
      <trkpt lat="38.911045" lon="111.845406">
        <ele>1435.3433</ele>
        <time>2014-01-11T23:11:56.549000Z</time>
      </trkpt>
      <trkpt lat="38.911076" lon="111.845535">
        <ele>1435.9116</ele>
        <time>2014-01-11T23:12:00.135000Z</time>
      </trkpt>
      <trkpt lat="38.911114" lon="111.845665">
        <ele>1436.3066</ele>
        <time>2014-01-11T23:12:03.721000Z</time>
      </trkpt>
      <trkpt lat="38.911194" lon="111.8458">
        <ele>1436.0327</ele>
        <time>2014-01-11T23:12:07.307000Z</time>
      </trkpt>
      <trkpt lat="38.911224" lon="111.84594">
        <ele>1434.2767</ele>
        <time>2014-01-11T23:12:10.893000Z</time>
      </trkpt>
      <trkpt lat="38.911232" lon="111.846054">
        <ele>1431.3516</ele>
        <time>2014-01-11T23:12:14.479000Z</time>
      </trkpt>
      <trkpt lat="38.911266" lon="111.84617">
        <ele>1428.9347</ele>
        <time>2014-01-11T23:12:18.065000Z</time>
      </trkpt>
      <trkpt lat="38.911278" lon="111.8463">
        <ele>1427.9175</ele>
        <time>2014-01-11T23:12:21.651000Z</time>
      </trkpt>
      <trkpt lat="38.911297" lon="111.84645">
        <ele>1427.6083</ele>
        <time>2014-01-11T23:12:25.237000Z</time>
      </trkpt>
      <trkpt lat="38.91131" lon="111.84658">
        <ele>1427.2468</ele>
        <time>2014-01-11T23:12:28.823000Z</time>
      </trkpt>
      <trkpt lat="38.91134" lon="111.84673">
        <ele>1426.8159</ele>
        <time>2014-01-11T23:12:32.409000Z</time>
      </trkpt>
      <trkpt lat="38.91136" lon="111.84685">
        <ele>1426.63</ele>
        <time>2014-01-11T23:12:35.995000Z</time>
      </trkpt>
      <trkpt lat="38.9114" lon="111.84696">
        <ele>1427.0199</ele>
        <time>2014-01-11T23:12:39.581000Z</time>
      </trkpt>
      <trkpt lat="38.91143" lon="111.84709">
        <ele>1428.0139</ele>
        <time>2014-01-11T23:12:43.167000Z</time>
      </trkpt>
      <trkpt lat="38.911453" lon="111.84725">
        <ele>1429.309</ele>
        <time>2014-01-11T23:12:46.753000Z</time>
      </trkpt>
      <trkpt lat="38.91147" lon="111.847404">
        <ele>1430.3062</ele>
        <time>2014-01-11T23:12:50.339000Z</time>
      </trkpt>
      <trkpt lat="38.911484" lon="111.84754">
        <ele>1430.6901</ele>
        <time>2014-01-11T23:12:53.925000Z</time>
      </trkpt>
      <trkpt lat="38.911484" lon="111.84754">
        <ele>1430.696</ele>
        <time>2014-01-11T23:12:57.511000Z</time>
      </trkpt>
      <trkpt lat="38.91151" lon="111.84767">
        <ele>1430.7833</ele>
        <time>2014-01-11T23:13:01.097000Z</time>
      </trkpt>
      <trkpt lat="38.91154" lon="111.847786">
        <ele>1431.8318</ele>
        <time>2014-01-11T23:13:04.683000Z</time>
      </trkpt>
      <trkpt lat="38.911583" lon="111.84792">
        <ele>1434.0156</ele>
        <time>2014-01-11T23:13:08.269000Z</time>
      </trkpt>
      <trkpt lat="38.911583" lon="111.84792">
        <ele>1436.042</ele>
        <time>2014-01-11T23:13:11.855000Z</time>
      </trkpt>
      <trkpt lat="38.911613" lon="111.84806">
        <ele>1436.447</ele>
        <time>2014-01-11T23:13:15.441000Z</time>
      </trkpt>
      <trkpt lat="38.91162" lon="111.848206">
        <ele>1435.1715</ele>
        <time>2014-01-11T23:13:19.027000Z</time>
      </trkpt>
      <trkpt lat="38.911663" lon="111.84832">
        <ele>1433.5527</ele>
        <time>2014-01-11T23:13:22.613000Z</time>
      </trkpt>
      <trkpt lat="38.911694" lon="111.84845">
        <ele>1432.4248</ele>
        <time>2014-01-11T23:13:26.199000Z</time>
      </trkpt>
      <trkpt lat="38.911736" lon="111.8486">
        <ele>1431.2603</ele>
        <time>2014-01-11T23:13:29.785000Z</time>
      </trkpt>
      <trkpt lat="38.91177" lon="111.848724">
        <ele>1429.8539</ele>
        <time>2014-01-11T23:13:33.371000Z</time>
      </trkpt>
      <trkpt lat="38.91182" lon="111.84885">
        <ele>1428.5598</ele>
        <time>2014-01-11T23:13:36.957000Z</time>
      </trkpt>
      <trkpt lat="38.911873" lon="111.84897">
        <ele>1427.56</ele>
        <time>2014-01-11T23:13:40.543000Z</time>
      </trkpt>
      <trkpt lat="38.911907" lon="111.8491">
        <ele>1426.829</ele>
        <time>2014-01-11T23:13:44.129000Z</time>
      </trkpt>
      <trkpt lat="38.91193" lon="111.84922">
        <ele>1425.6091</ele>
        <time>2014-01-11T23:13:47.715000Z</time>
      </trkpt>
      <trkpt lat="38.911964" lon="111.84933">
        <ele>1423.553</ele>
        <time>2014-01-11T23:13:51.301000Z</time>
      </trkpt>
      <trkpt lat="38.91199" lon="111.84947">
        <ele>1421.1869</ele>
        <time>2014-01-11T23:13:54.887000Z</time>
      </trkpt>
      <trkpt lat="38.91202" lon="111.84961">
        <ele>1419.5608</ele>
        <time>2014-01-11T23:13:58.473000Z</time>
      </trkpt>
      <trkpt lat="38.912052" lon="111.84973">
        <ele>1419.6597</ele>
        <time>2014-01-11T23:14:02.059000Z</time>
      </trkpt>
      <trkpt lat="38.912083" lon="111.84988">
        <ele>1421.442</ele>
        <time>2014-01-11T23:14:05.645000Z</time>
      </trkpt>
      <trkpt lat="38.912113" lon="111.850006">
        <ele>1423.9716</ele>
        <time>2014-01-11T23:14:09.231000Z</time>
      </trkpt>
      <trkpt lat="38.91214" lon="111.85013">
        <ele>1426.4587</ele>
        <time>2014-01-11T23:14:12.817000Z</time>
      </trkpt>
      <trkpt lat="38.91217" lon="111.85029">
        <ele>1428.3844</ele>
        <time>2014-01-11T23:14:16.403000Z</time>
      </trkpt>
      <trkpt lat="38.912193" lon="111.8504">
        <ele>1429.7186</ele>
        <time>2014-01-11T23:14:19.989000Z</time>
      </trkpt>
      <trkpt lat="38.91223" lon="111.850525">
        <ele>1430.4355</ele>
        <time>2014-01-11T23:14:23.575000Z</time>
      </trkpt>
      <trkpt lat="38.912266" lon="111.850655">
        <ele>1430.0759</ele>
        <time>2014-01-11T23:14:27.161000Z</time>
      </trkpt>
      <trkpt lat="38.91229" lon="111.85078">
        <ele>1428.6377</ele>
        <time>2014-01-11T23:14:30.747000Z</time>
      </trkpt>
      <trkpt lat="38.912327" lon="111.85092">
        <ele>1427.3698</ele>
        <time>2014-01-11T23:14:34.333000Z</time>
      </trkpt>
      <trkpt lat="38.91236" lon="111.85104">
        <ele>1427.254</ele>
        <time>2014-01-11T23:14:37.919000Z</time>
      </trkpt>
      <trkpt lat="38.912388" lon="111.85116">
        <ele>1427.5183</ele>
        <time>2014-01-11T23:14:41.505000Z</time>
      </trkpt>
      <trkpt lat="38.91242" lon="111.85131">
        <ele>1427.3036</ele>
        <time>2014-01-11T23:14:45.091000Z</time>
      </trkpt>
      <trkpt lat="38.912457" lon="111.85143">
        <ele>1426.2064</ele>
        <time>2014-01-11T23:14:48.677000Z</time>
      </trkpt>
      <trkpt lat="38.912495" lon="111.85157">
        <ele>1425.0791</ele>
        <time>2014-01-11T23:14:52.263000Z</time>
      </trkpt>
      <trkpt lat="38.912514" lon="111.85171">
        <ele>1425.107</ele>
        <time>2014-01-11T23:14:55.849000Z</time>
      </trkpt>
      <trkpt lat="38.91255" lon="111.851845">
        <ele>1426.0074</ele>
        <time>2014-01-11T23:14:59.435000Z</time>
      </trkpt>
      <trkpt lat="38.91258" lon="111.851974">
        <ele>1427.2004</ele>
        <time>2014-01-11T23:15:03.021000Z</time>
      </trkpt>
      <trkpt lat="38.912605" lon="111.85213">
        <ele>1428.6442</ele>
        <time>2014-01-11T23:15:06.607000Z</time>
      </trkpt>
      <trkpt lat="38.912624" lon="111.85224">
        <ele>1429.7059</ele>
        <time>2014-01-11T23:15:10.193000Z</time>
      </trkpt>
      <trkpt lat="38.91266" lon="111.85238">
        <ele>1430.1503</ele>
        <time>2014-01-11T23:15:13.779000Z</time>
      </trkpt>
      <trkpt lat="38.91269" lon="111.85249">
        <ele>1430.4222</ele>
        <time>2014-01-11T23:15:17.365000Z</time>
      </trkpt>
      <trkpt lat="38.91272" lon="111.85264">
        <ele>1430.8881</ele>
        <time>2014-01-11T23:15:20.951000Z</time>
      </trkpt>
      <trkpt lat="38.912754" lon="111.85276">
        <ele>1430.851</ele>
        <time>2014-01-11T23:15:24.537000Z</time>
      </trkpt>
      <trkpt lat="38.912792" lon="111.85289">
        <ele>1429.7281</ele>
        <time>2014-01-11T23:15:28.123000Z</time>
      </trkpt>
      <trkpt lat="38.91283" lon="111.853">
        <ele>1428.3925</ele>
        <time>2014-01-11T23:15:31.709000Z</time>
      </trkpt>
      <trkpt lat="38.91288" lon="111.85311">
        <ele>1428.0381</ele>
        <time>2014-01-11T23:15:35.295000Z</time>
      </trkpt>
      <trkpt lat="38.91293" lon="111.85323">
        <ele>1428.7217</ele>
        <time>2014-01-11T23:15:38.881000Z</time>
      </trkpt>
      <trkpt lat="38.912968" lon="111.853386">
        <ele>1429.6348</ele>
        <time>2014-01-11T23:15:42.467000Z</time>
      </trkpt>
      <trkpt lat="38.91299" lon="111.85351">
        <ele>1430.3228</ele>
        <time>2014-01-11T23:15:46.053000Z</time>
      </trkpt>
      <trkpt lat="38.913033" lon="111.853645">
        <ele>1430.9435</ele>
        <time>2014-01-11T23:15:49.639000Z</time>
      </trkpt>
      <trkpt lat="38.91307" lon="111.85378">
        <ele>1431.4104</ele>
        <time>2014-01-11T23:15:53.225000Z</time>
      </trkpt>
      <trkpt lat="38.913116" lon="111.8539">
        <ele>1431.4935</ele>
        <time>2014-01-11T23:15:56.811000Z</time>
      </trkpt>
      <trkpt lat="38.913116" lon="111.8539">
        <ele>1431.2545</ele>
        <time>2014-01-11T23:16:00.397000Z</time>
      </trkpt>
      <trkpt lat="38.91318" lon="111.854">
        <ele>1430.96</ele>
        <time>2014-01-11T23:16:03.983000Z</time>
      </trkpt>
      <trkpt lat="38.91352" lon="111.854744">
        <ele>1429.6816</ele>
        <time>2014-01-11T23:16:07.569000Z</time>
      </trkpt>
      <trkpt lat="38.91352" lon="111.854744">
        <ele>1429.957</ele>
        <time>2014-01-11T23:16:11.155000Z</time>
      </trkpt>
      <trkpt lat="38.91352" lon="111.854744">
        <ele>1430.8167</ele>
        <time>2014-01-11T23:16:14.741000Z</time>
      </trkpt>
      <trkpt lat="38.91352" lon="111.854744">
        <ele>1431.7244</ele>
        <time>2014-01-11T23:16:18.327000Z</time>
      </trkpt>
      <trkpt lat="38.91352" lon="111.854744">
        <ele>1432.162</ele>
        <time>2014-01-11T23:16:21.913000Z</time>
      </trkpt>
      <trkpt lat="38.913494" lon="111.85496">
        <ele>1431.9581</ele>
        <time>2014-01-11T23:16:25.499000Z</time>
      </trkpt>
      <trkpt lat="38.913486" lon="111.85499">
        <ele>1431.1719</ele>
        <time>2014-01-11T23:16:29.085000Z</time>
      </trkpt>
      <trkpt lat="38.913456" lon="111.85511">
        <ele>1430.6511</ele>
        <time>2014-01-11T23:16:32.671000Z</time>
      </trkpt>
      <trkpt lat="38.913456" lon="111.85523">
        <ele>1431.0149</ele>
        <time>2014-01-11T23:16:36.257000Z</time>
      </trkpt>
      <trkpt lat="38.913452" lon="111.85537">
        <ele>1431.3065</ele>
        <time>2014-01-11T23:16:39.843000Z</time>
      </trkpt>
      <trkpt lat="38.913456" lon="111.855484">
        <ele>1430.4993</ele>
        <time>2014-01-11T23:16:43.429000Z</time>
      </trkpt>
      <trkpt lat="38.91346" lon="111.855606">
        <ele>1428.9081</ele>
        <time>2014-01-11T23:16:47.015000Z</time>
      </trkpt>
      <trkpt lat="38.91347" lon="111.85573">
        <ele>1427.6158</ele>
        <time>2014-01-11T23:16:50.601000Z</time>
      </trkpt>
      <trkpt lat="38.91348" lon="111.85586">
        <ele>1427.5027</ele>
        <time>2014-01-11T23:16:54.187000Z</time>
      </trkpt>
      <trkpt lat="38.91347" lon="111.855995">
        <ele>1428.417</ele>
        <time>2014-01-11T23:16:57.773000Z</time>
      </trkpt>
      <trkpt lat="38.913425" lon="111.85611">
        <ele>1429.3406</ele>
        <time>2014-01-11T23:17:01.359000Z</time>
      </trkpt>
      <trkpt lat="38.913364" lon="111.85623">
        <ele>1429.5962</ele>
        <time>2014-01-11T23:17:04.945000Z</time>
      </trkpt>
      <trkpt lat="38.913292" lon="111.856346">
        <ele>1429.2579</ele>
        <time>2014-01-11T23:17:08.531000Z</time>
      </trkpt>
      <trkpt lat="38.91321" lon="111.85645">
        <ele>1428.6135</ele>
        <time>2014-01-11T23:17:12.117000Z</time>
      </trkpt>
      <trkpt lat="38.913155" lon="111.856544">
        <ele>1427.8789</ele>
        <time>2014-01-11T23:17:15.703000Z</time>
      </trkpt>
      <trkpt lat="38.913082" lon="111.85666">
        <ele>1427.3231</ele>
        <time>2014-01-11T23:17:19.289000Z</time>
      </trkpt>
      <trkpt lat="38.913013" lon="111.856766">
        <ele>1427.0818</ele>
        <time>2014-01-11T23:17:22.875000Z</time>
      </trkpt>
      <trkpt lat="38.91296" lon="111.85686">
        <ele>1427.0771</ele>
        <time>2014-01-11T23:17:26.461000Z</time>
      </trkpt>
      <trkpt lat="38.912903" lon="111.85698">
        <ele>1427.4614</ele>
        <time>2014-01-11T23:17:30.047000Z</time>
      </trkpt>
      <trkpt lat="38.912846" lon="111.85706">
        <ele>1428.3691</ele>
        <time>2014-01-11T23:17:33.633000Z</time>
      </trkpt>
      <trkpt lat="38.912773" lon="111.85718">
        <ele>1429.8573</ele>
        <time>2014-01-11T23:17:37.219000Z</time>
      </trkpt>
      <trkpt lat="38.91271" lon="111.85731">
        <ele>1432.1409</ele>
        <time>2014-01-11T23:17:40.805000Z</time>
      </trkpt>
      <trkpt lat="38.91266" lon="111.85741">
        <ele>1434.7633</ele>
        <time>2014-01-11T23:17:44.391000Z</time>
      </trkpt>
      <trkpt lat="38.912594" lon="111.85754">
        <ele>1436.0043</ele>
        <time>2014-01-11T23:17:47.977000Z</time>
      </trkpt>
      <trkpt lat="38.91254" lon="111.857635">
        <ele>1434.8441</ele>
        <time>2014-01-11T23:17:51.563000Z</time>
      </trkpt>
      <trkpt lat="38.912483" lon="111.85775">
        <ele>1432.4731</ele>
        <time>2014-01-11T23:17:55.149000Z</time>
      </trkpt>
      <trkpt lat="38.912426" lon="111.85788">
        <ele>1430.6534</ele>
        <time>2014-01-11T23:17:58.735000Z</time>
      </trkpt>
      <trkpt lat="38.912373" lon="111.85799">
        <ele>1430.0211</ele>
        <time>2014-01-11T23:18:02.321000Z</time>
      </trkpt>
      <trkpt lat="38.912315" lon="111.8581">
        <ele>1430.4081</ele>
        <time>2014-01-11T23:18:05.907000Z</time>
      </trkpt>
      <trkpt lat="38.91226" lon="111.858215">
        <ele>1431.4631</ele>
        <time>2014-01-11T23:18:09.493000Z</time>
      </trkpt>
      <trkpt lat="38.912216" lon="111.858315">
        <ele>1432.472</ele>
        <time>2014-01-11T23:18:13.079000Z</time>
      </trkpt>
      <trkpt lat="38.912163" lon="111.858444">
        <ele>1432.94</ele>
        <time>2014-01-11T23:18:16.665000Z</time>
      </trkpt>
      <trkpt lat="38.9121" lon="111.858574">
        <ele>1432.9554</ele>
        <time>2014-01-11T23:18:20.251000Z</time>
      </trkpt>
      <trkpt lat="38.912045" lon="111.85869">
        <ele>1432.6711</ele>
        <time>2014-01-11T23:18:23.837000Z</time>
      </trkpt>
      <trkpt lat="38.911995" lon="111.858795">
        <ele>1432.2532</ele>
        <time>2014-01-11T23:18:27.423000Z</time>
      </trkpt>
      <trkpt lat="38.91195" lon="111.85892">
        <ele>1431.878</ele>
        <time>2014-01-11T23:18:31.009000Z</time>
      </trkpt>
      <trkpt lat="38.9119" lon="111.85904">
        <ele>1431.3533</ele>
        <time>2014-01-11T23:18:34.595000Z</time>
      </trkpt>
      <trkpt lat="38.911842" lon="111.85916">
        <ele>1430.7081</ele>
        <time>2014-01-11T23:18:38.181000Z</time>
      </trkpt>
      <trkpt lat="38.91179" lon="111.85926">
        <ele>1430.7277</ele>
        <time>2014-01-11T23:18:41.767000Z</time>
      </trkpt>
      <trkpt lat="38.91174" lon="111.859375">
        <ele>1431.8127</ele>
        <time>2014-01-11T23:18:45.353000Z</time>
      </trkpt>
      <trkpt lat="38.91169" lon="111.85948">
        <ele>1433.1018</ele>
        <time>2014-01-11T23:18:48.939000Z</time>
      </trkpt>
      <trkpt lat="38.911625" lon="111.85962">
        <ele>1433.98</ele>
        <time>2014-01-11T23:18:52.525000Z</time>
      </trkpt>
      <trkpt lat="38.911575" lon="111.85974">
        <ele>1434.6768</ele>
        <time>2014-01-11T23:18:56.111000Z</time>
      </trkpt>
      <trkpt lat="38.91153" lon="111.85987">
        <ele>1435.0941</ele>
        <time>2014-01-11T23:18:59.697000Z</time>
      </trkpt>
      <trkpt lat="38.911472" lon="111.85998">
        <ele>1435.0049</ele>
        <time>2014-01-11T23:19:03.283000Z</time>
      </trkpt>
      <trkpt lat="38.91141" lon="111.8601">
        <ele>1434.6207</ele>
        <time>2014-01-11T23:19:06.869000Z</time>
      </trkpt>
      <trkpt lat="38.91135" lon="111.860214">
        <ele>1434.2904</ele>
        <time>2014-01-11T23:19:10.455000Z</time>
      </trkpt>
      <trkpt lat="38.91131" lon="111.86032">
        <ele>1434.4209</ele>
        <time>2014-01-11T23:19:14.041000Z</time>
      </trkpt>
      <trkpt lat="38.911263" lon="111.86045">
        <ele>1435.1123</ele>
        <time>2014-01-11T23:19:17.627000Z</time>
      </trkpt>
      <trkpt lat="38.911213" lon="111.86057">
        <ele>1435.9507</ele>
        <time>2014-01-11T23:19:21.213000Z</time>
      </trkpt>
      <trkpt lat="38.911163" lon="111.86068">
        <ele>1436.3488</ele>
        <time>2014-01-11T23:19:24.799000Z</time>
      </trkpt>
      <trkpt lat="38.91111" lon="111.860794">
        <ele>1436.2936</ele>
        <time>2014-01-11T23:19:28.385000Z</time>
      </trkpt>
      <trkpt lat="38.91106" lon="111.860916">
        <ele>1436.2401</ele>
        <time>2014-01-11T23:19:31.971000Z</time>
      </trkpt>
      <trkpt lat="38.911007" lon="111.86105">
        <ele>1436.3757</ele>
        <time>2014-01-11T23:19:35.557000Z</time>
      </trkpt>
      <trkpt lat="38.91094" lon="111.861176">
        <ele>1436.5139</ele>
        <time>2014-01-11T23:19:39.143000Z</time>
      </trkpt>
      <trkpt lat="38.910885" lon="111.861305">
        <ele>1436.7208</ele>
        <time>2014-01-11T23:19:42.729000Z</time>
      </trkpt>
      <trkpt lat="38.91082" lon="111.86143">
        <ele>1437.0747</ele>
        <time>2014-01-11T23:19:46.315000Z</time>
      </trkpt>
      <trkpt lat="38.910778" lon="111.86154">
        <ele>1437.499</ele>
        <time>2014-01-11T23:19:49.901000Z</time>
      </trkpt>
      <trkpt lat="38.910732" lon="111.86167">
        <ele>1437.9117</ele>
        <time>2014-01-11T23:19:53.487000Z</time>
      </trkpt>
      <trkpt lat="38.91067" lon="111.8618">
        <ele>1438.2538</ele>
        <time>2014-01-11T23:19:57.073000Z</time>
      </trkpt>
      <trkpt lat="38.910625" lon="111.86191">
        <ele>1438.4407</ele>
        <time>2014-01-11T23:20:00.659000Z</time>
      </trkpt>
      <trkpt lat="38.910576" lon="111.86202">
        <ele>1438.0741</ele>
        <time>2014-01-11T23:20:04.245000Z</time>
      </trkpt>
      <trkpt lat="38.910526" lon="111.86214">
        <ele>1437.4822</ele>
        <time>2014-01-11T23:20:07.831000Z</time>
      </trkpt>
      <trkpt lat="38.91048" lon="111.86227">
        <ele>1437.6661</ele>
        <time>2014-01-11T23:20:11.417000Z</time>
      </trkpt>
      <trkpt lat="38.91044" lon="111.86237">
        <ele>1438.5148</ele>
        <time>2014-01-11T23:20:15.003000Z</time>
      </trkpt>
      <trkpt lat="38.910378" lon="111.8625">
        <ele>1439.1439</ele>
        <time>2014-01-11T23:20:18.589000Z</time>
      </trkpt>
      <trkpt lat="38.91032" lon="111.862625">
        <ele>1439.3862</ele>
        <time>2014-01-11T23:20:22.175000Z</time>
      </trkpt>
      <trkpt lat="38.91027" lon="111.86274">
        <ele>1439.386</ele>
        <time>2014-01-11T23:20:25.761000Z</time>
      </trkpt>
      <trkpt lat="38.910225" lon="111.86283">
        <ele>1439.5471</ele>
        <time>2014-01-11T23:20:29.347000Z</time>
      </trkpt>
      <trkpt lat="38.91016" lon="111.86295">
        <ele>1440.095</ele>
        <time>2014-01-11T23:20:32.933000Z</time>
      </trkpt>
      <trkpt lat="38.910095" lon="111.86306">
        <ele>1440.4503</ele>
        <time>2014-01-11T23:20:36.519000Z</time>
      </trkpt>
      <trkpt lat="38.910038" lon="111.86316">
        <ele>1440.1154</ele>
        <time>2014-01-11T23:20:40.105000Z</time>
      </trkpt>
      <trkpt lat="38.909985" lon="111.863266">
        <ele>1439.4604</ele>
        <time>2014-01-11T23:20:43.691000Z</time>
      </trkpt>
      <trkpt lat="38.909943" lon="111.86338">
        <ele>1439.1367</ele>
        <time>2014-01-11T23:20:47.277000Z</time>
      </trkpt>
      <trkpt lat="38.909893" lon="111.863495">
        <ele>1439.1774</ele>
        <time>2014-01-11T23:20:50.863000Z</time>
      </trkpt>
      <trkpt lat="38.90984" lon="111.86361">
        <ele>1438.7993</ele>
        <time>2014-01-11T23:20:54.449000Z</time>
      </trkpt>
      <trkpt lat="38.909767" lon="111.86373">
        <ele>1437.683</ele>
        <time>2014-01-11T23:20:58.035000Z</time>
      </trkpt>
      <trkpt lat="38.9097" lon="111.86385">
        <ele>1436.921</ele>
        <time>2014-01-11T23:21:01.621000Z</time>
      </trkpt>
      <trkpt lat="38.909622" lon="111.86397">
        <ele>1437.3779</ele>
        <time>2014-01-11T23:21:05.207000Z</time>
      </trkpt>
      <trkpt lat="38.909565" lon="111.86406">
        <ele>1438.3645</ele>
        <time>2014-01-11T23:21:08.793000Z</time>
      </trkpt>
      <trkpt lat="38.9095" lon="111.86417">
        <ele>1438.9005</ele>
        <time>2014-01-11T23:21:12.379000Z</time>
      </trkpt>
      <trkpt lat="38.90944" lon="111.86427">
        <ele>1438.9594</ele>
        <time>2014-01-11T23:21:15.965000Z</time>
      </trkpt>
      <trkpt lat="38.909374" lon="111.86438">
        <ele>1438.8906</ele>
        <time>2014-01-11T23:21:19.551000Z</time>
      </trkpt>
      <trkpt lat="38.909298" lon="111.864494">
        <ele>1438.8256</ele>
        <time>2014-01-11T23:21:23.137000Z</time>
      </trkpt>
      <trkpt lat="38.909218" lon="111.86461">
        <ele>1438.5197</ele>
        <time>2014-01-11T23:21:26.723000Z</time>
      </trkpt>
      <trkpt lat="38.90915" lon="111.864716">
        <ele>1437.7922</ele>
        <time>2014-01-11T23:21:30.309000Z</time>
      </trkpt>
      <trkpt lat="38.9091" lon="111.864815">
        <ele>1437.5105</ele>
        <time>2014-01-11T23:21:33.895000Z</time>
      </trkpt>
      <trkpt lat="38.90904" lon="111.86494">
        <ele>1438.8087</ele>
        <time>2014-01-11T23:21:37.481000Z</time>
      </trkpt>
      <trkpt lat="38.908985" lon="111.86504">
        <ele>1441.0934</ele>
        <time>2014-01-11T23:21:41.067000Z</time>
      </trkpt>
      <trkpt lat="38.908924" lon="111.86514">
        <ele>1442.76</ele>
        <time>2014-01-11T23:21:44.653000Z</time>
      </trkpt>
      <trkpt lat="38.908855" lon="111.865234">
        <ele>1443.0665</ele>
        <time>2014-01-11T23:21:48.239000Z</time>
      </trkpt>
      <trkpt lat="38.908794" lon="111.86532">
        <ele>1441.8811</ele>
        <time>2014-01-11T23:21:51.825000Z</time>
      </trkpt>
      <trkpt lat="38.908794" lon="111.86532">
        <ele>1439.6973</ele>
        <time>2014-01-11T23:21:55.411000Z</time>
      </trkpt>
      <trkpt lat="38.90868" lon="111.86537">
        <ele>1438.6804</ele>
        <time>2014-01-11T23:21:58.997000Z</time>
      </trkpt>
      <trkpt lat="38.90868" lon="111.86536">
        <ele>1440.4564</ele>
        <time>2014-01-11T23:22:02.583000Z</time>
      </trkpt>
      <trkpt lat="38.908653" lon="111.86524">
        <ele>1442.4388</ele>
        <time>2014-01-11T23:22:06.169000Z</time>
      </trkpt>
      <trkpt lat="38.9086" lon="111.86511">
        <ele>1443.6915</ele>
        <time>2014-01-11T23:22:09.755000Z</time>
      </trkpt>
      <trkpt lat="38.90855" lon="111.86498">
        <ele>1443.469</ele>
        <time>2014-01-11T23:22:13.341000Z</time>
      </trkpt>
      <trkpt lat="38.9085" lon="111.86485">
        <ele>1442.7244</ele>
        <time>2014-01-11T23:22:16.927000Z</time>
      </trkpt>
      <trkpt lat="38.908463" lon="111.86474">
        <ele>1442.2264</ele>
        <time>2014-01-11T23:22:20.513000Z</time>
      </trkpt>
      <trkpt lat="38.908417" lon="111.864624">
        <ele>1442.4171</ele>
        <time>2014-01-11T23:22:24.099000Z</time>
      </trkpt>
      <trkpt lat="38.908363" lon="111.86452">
        <ele>1443.1515</ele>
        <time>2014-01-11T23:22:27.685000Z</time>
      </trkpt>
      <trkpt lat="38.90831" lon="111.86439">
        <ele>1443.679</ele>
        <time>2014-01-11T23:22:31.271000Z</time>
      </trkpt>
      <trkpt lat="38.908253" lon="111.86425">
        <ele>1443.5562</ele>
        <time>2014-01-11T23:22:34.857000Z</time>
      </trkpt>
      <trkpt lat="38.9082" lon="111.86413">
        <ele>1443.6163</ele>
        <time>2014-01-11T23:22:38.443000Z</time>
      </trkpt>
      <trkpt lat="38.90816" lon="111.86402">
        <ele>1444.5679</ele>
        <time>2014-01-11T23:22:42.029000Z</time>
      </trkpt>
      <trkpt lat="38.908104" lon="111.86389">
        <ele>1445.7365</ele>
        <time>2014-01-11T23:22:45.615000Z</time>
      </trkpt>
      <trkpt lat="38.908047" lon="111.863754">
        <ele>1446.3185</ele>
        <time>2014-01-11T23:22:49.201000Z</time>
      </trkpt>
      <trkpt lat="38.907993" lon="111.86363">
        <ele>1446.0891</ele>
        <time>2014-01-11T23:22:52.787000Z</time>
      </trkpt>
      <trkpt lat="38.907955" lon="111.863525">
        <ele>1445.1942</ele>
        <time>2014-01-11T23:22:56.373000Z</time>
      </trkpt>
      <trkpt lat="38.907913" lon="111.8634">
        <ele>1444.3538</ele>
        <time>2014-01-11T23:22:59.959000Z</time>
      </trkpt>
      <trkpt lat="38.90786" lon="111.863266">
        <ele>1444.0762</ele>
        <time>2014-01-11T23:23:03.545000Z</time>
      </trkpt>
      <trkpt lat="38.907806" lon="111.86314">
        <ele>1444.7584</ele>
        <time>2014-01-11T23:23:07.131000Z</time>
      </trkpt>
      <trkpt lat="38.907753" lon="111.863">
        <ele>1446.2173</ele>
        <time>2014-01-11T23:23:10.716000Z</time>
      </trkpt>
      <trkpt lat="38.90771" lon="111.8629">
        <ele>1447.272</ele>
        <time>2014-01-11T23:23:14.301000Z</time>
      </trkpt>
      <trkpt lat="38.90766" lon="111.862785">
        <ele>1447.0033</ele>
        <time>2014-01-11T23:23:17.886000Z</time>
      </trkpt>
      <trkpt lat="38.907604" lon="111.862656">
        <ele>1445.559</ele>
        <time>2014-01-11T23:23:21.471000Z</time>
      </trkpt>
      <trkpt lat="38.90756" lon="111.86255">
        <ele>1443.9813</ele>
        <time>2014-01-11T23:23:25.056000Z</time>
      </trkpt>
      <trkpt lat="38.907516" lon="111.86243">
        <ele>1443.3755</ele>
        <time>2014-01-11T23:23:28.641000Z</time>
      </trkpt>
      <trkpt lat="38.90747" lon="111.86233">
        <ele>1443.6855</ele>
        <time>2014-01-11T23:23:32.226000Z</time>
      </trkpt>
      <trkpt lat="38.907406" lon="111.8622">
        <ele>1444.3414</ele>
        <time>2014-01-11T23:23:35.811000Z</time>
      </trkpt>
      <trkpt lat="38.90735" lon="111.86207">
        <ele>1444.8882</ele>
        <time>2014-01-11T23:23:39.396000Z</time>
      </trkpt>
      <trkpt lat="38.907303" lon="111.861946">
        <ele>1445.0356</ele>
        <time>2014-01-11T23:23:42.981000Z</time>
      </trkpt>
      <trkpt lat="38.907246" lon="111.861824">
        <ele>1444.8674</ele>
        <time>2014-01-11T23:23:46.566000Z</time>
      </trkpt>
      <trkpt lat="38.907196" lon="111.861725">
        <ele>1444.6501</ele>
        <time>2014-01-11T23:23:50.151000Z</time>
      </trkpt>
      <trkpt lat="38.907143" lon="111.861626">
        <ele>1444.757</ele>
        <time>2014-01-11T23:23:53.736000Z</time>
      </trkpt>
      <trkpt lat="38.907074" lon="111.8615">
        <ele>1445.709</ele>
        <time>2014-01-11T23:23:57.321000Z</time>
      </trkpt>
      <trkpt lat="38.906998" lon="111.86139">
        <ele>1447.4548</ele>
        <time>2014-01-11T23:24:00.906000Z</time>
      </trkpt>
      <trkpt lat="38.906914" lon="111.86128">
        <ele>1448.9803</ele>
        <time>2014-01-11T23:24:04.491000Z</time>
      </trkpt>
      <trkpt lat="38.906845" lon="111.861206">
        <ele>1449.4088</ele>
        <time>2014-01-11T23:24:08.076000Z</time>
      </trkpt>
      <trkpt lat="38.906765" lon="111.86112">
        <ele>1448.8003</ele>
        <time>2014-01-11T23:24:11.661000Z</time>
      </trkpt>
      <trkpt lat="38.906673" lon="111.861046">
        <ele>1447.7168</ele>
        <time>2014-01-11T23:24:15.246000Z</time>
      </trkpt>
      <trkpt lat="38.906597" lon="111.86097">
        <ele>1446.7449</ele>
        <time>2014-01-11T23:24:18.831000Z</time>
      </trkpt>
      <trkpt lat="38.906506" lon="111.8609">
        <ele>1446.9829</ele>
        <time>2014-01-11T23:24:22.416000Z</time>
      </trkpt>
      <trkpt lat="38.90643" lon="111.86084">
        <ele>1448.9867</ele>
        <time>2014-01-11T23:24:26.001000Z</time>
      </trkpt>
      <trkpt lat="38.906334" lon="111.8608">
        <ele>1451.4432</ele>
        <time>2014-01-11T23:24:29.586000Z</time>
      </trkpt>
      <trkpt lat="38.906334" lon="111.8608">
        <ele>1452.4415</ele>
        <time>2014-01-11T23:24:33.171000Z</time>
      </trkpt>
      <trkpt lat="38.906235" lon="111.86076">
        <ele>1451.4843</ele>
        <time>2014-01-11T23:24:36.756000Z</time>
      </trkpt>
      <trkpt lat="38.906128" lon="111.860725">
        <ele>1449.4497</ele>
        <time>2014-01-11T23:24:40.341000Z</time>
      </trkpt>
      <trkpt lat="38.906128" lon="111.860725">
        <ele>1447.6302</ele>
        <time>2014-01-11T23:24:43.926000Z</time>
      </trkpt>
      <trkpt lat="38.906036" lon="111.860695">
        <ele>1446.3256</ele>
        <time>2014-01-11T23:24:47.511000Z</time>
      </trkpt>
      <trkpt lat="38.90593" lon="111.86066">
        <ele>1445.0696</ele>
        <time>2014-01-11T23:24:51.096000Z</time>
      </trkpt>
      <trkpt lat="38.90581" lon="111.86063">
        <ele>1443.8363</ele>
        <time>2014-01-11T23:24:54.681000Z</time>
      </trkpt>
      <trkpt lat="38.90572" lon="111.860596">
        <ele>1443.047</ele>
        <time>2014-01-11T23:24:58.266000Z</time>
      </trkpt>
      <trkpt lat="38.905605" lon="111.86056">
        <ele>1442.7115</ele>
        <time>2014-01-11T23:25:01.851000Z</time>
      </trkpt>
      <trkpt lat="38.90549" lon="111.86053">
        <ele>1442.5997</ele>
        <time>2014-01-11T23:25:05.436000Z</time>
      </trkpt>
      <trkpt lat="38.905407" lon="111.86049">
        <ele>1443.087</ele>
        <time>2014-01-11T23:25:09.021000Z</time>
      </trkpt>
      <trkpt lat="38.90529" lon="111.860435">
        <ele>1444.4293</ele>
        <time>2014-01-11T23:25:12.606000Z</time>
      </trkpt>
      <trkpt lat="38.905197" lon="111.8604">
        <ele>1445.6183</ele>
        <time>2014-01-11T23:25:16.191000Z</time>
      </trkpt>
      <trkpt lat="38.905113" lon="111.860344">
        <ele>1445.7755</ele>
        <time>2014-01-11T23:25:19.776000Z</time>
      </trkpt>
      <trkpt lat="38.90502" lon="111.86027">
        <ele>1445.4697</ele>
        <time>2014-01-11T23:25:23.361000Z</time>
      </trkpt>
      <trkpt lat="38.904926" lon="111.8602">
        <ele>1445.5707</ele>
        <time>2014-01-11T23:25:26.946000Z</time>
      </trkpt>
      <trkpt lat="38.904854" lon="111.86012">
        <ele>1445.9926</ele>
        <time>2014-01-11T23:25:30.531000Z</time>
      </trkpt>
      <trkpt lat="38.904778" lon="111.86003">
        <ele>1446.0214</ele>
        <time>2014-01-11T23:25:34.116000Z</time>
      </trkpt>
      <trkpt lat="38.904705" lon="111.85992">
        <ele>1445.4756</ele>
        <time>2014-01-11T23:25:37.701000Z</time>
      </trkpt>
      <trkpt lat="38.90465" lon="111.8598">
        <ele>1444.8203</ele>
        <time>2014-01-11T23:25:41.286000Z</time>
      </trkpt>
      <trkpt lat="38.904602" lon="111.85969">
        <ele>1444.4131</ele>
        <time>2014-01-11T23:25:44.871000Z</time>
      </trkpt>
      <trkpt lat="38.904552" lon="111.85956">
        <ele>1444.4857</ele>
        <time>2014-01-11T23:25:48.456000Z</time>
      </trkpt>
      <trkpt lat="38.904522" lon="111.859436">
        <ele>1445.0122</ele>
        <time>2014-01-11T23:25:52.041000Z</time>
      </trkpt>
      <trkpt lat="38.904488" lon="111.859314">
        <ele>1445.5365</ele>
        <time>2014-01-11T23:25:55.626000Z</time>
      </trkpt>
      <trkpt lat="38.904484" lon="111.85915">
        <ele>1445.6619</ele>
        <time>2014-01-11T23:25:59.211000Z</time>
      </trkpt>
      <trkpt lat="38.904476" lon="111.85904">
        <ele>1445.5305</ele>
        <time>2014-01-11T23:26:02.796000Z</time>
      </trkpt>
      <trkpt lat="38.904476" lon="111.8589">
        <ele>1445.1233</ele>
        <time>2014-01-11T23:26:06.381000Z</time>
      </trkpt>
      <trkpt lat="38.904484" lon="111.858765">
        <ele>1444.6642</ele>
        <time>2014-01-11T23:26:09.966000Z</time>
      </trkpt>
      <trkpt lat="38.904495" lon="111.85863">
        <ele>1444.4169</ele>
        <time>2014-01-11T23:26:13.551000Z</time>
      </trkpt>
      <trkpt lat="38.904503" lon="111.85848">
        <ele>1444.3942</ele>
        <time>2014-01-11T23:26:17.136000Z</time>
      </trkpt>
      <trkpt lat="38.904514" lon="111.858345">
        <ele>1444.5303</ele>
        <time>2014-01-11T23:26:20.721000Z</time>
      </trkpt>
      <trkpt lat="38.904526" lon="111.8582">
        <ele>1444.6388</ele>
        <time>2014-01-11T23:26:24.306000Z</time>
      </trkpt>
      <trkpt lat="38.904545" lon="111.85806">
        <ele>1444.3795</ele>
        <time>2014-01-11T23:26:27.891000Z</time>
      </trkpt>
      <trkpt lat="38.90456" lon="111.857925">
        <ele>1443.8564</ele>
        <time>2014-01-11T23:26:31.476000Z</time>
      </trkpt>
      <trkpt lat="38.904568" lon="111.8578">
        <ele>1443.3002</ele>
        <time>2014-01-11T23:26:35.061000Z</time>
      </trkpt>
      <trkpt lat="38.904583" lon="111.85769">
        <ele>1443.192</ele>
        <time>2014-01-11T23:26:38.646000Z</time>
      </trkpt>
      <trkpt lat="38.904594" lon="111.857574">
        <ele>1443.9259</ele>
        <time>2014-01-11T23:26:42.231000Z</time>
      </trkpt>
      <trkpt lat="38.904606" lon="111.85745">
        <ele>1445.2236</ele>
        <time>2014-01-11T23:26:45.816000Z</time>
      </trkpt>
      <trkpt lat="38.904613" lon="111.85732">
        <ele>1446.2682</ele>
        <time>2014-01-11T23:26:49.401000Z</time>
      </trkpt>
      <trkpt lat="38.90463" lon="111.85717">
        <ele>1446.4211</ele>
        <time>2014-01-11T23:26:52.986000Z</time>
      </trkpt>
      <trkpt lat="38.904648" lon="111.85704">
        <ele>1445.5834</ele>
        <time>2014-01-11T23:26:56.571000Z</time>
      </trkpt>
      <trkpt lat="38.90466" lon="111.856895">
        <ele>1444.3282</ele>
        <time>2014-01-11T23:27:00.156000Z</time>
      </trkpt>
      <trkpt lat="38.90466" lon="111.85674">
        <ele>1443.4735</ele>
        <time>2014-01-11T23:27:03.741000Z</time>
      </trkpt>
      <trkpt lat="38.90466" lon="111.85659">
        <ele>1443.258</ele>
        <time>2014-01-11T23:27:07.326000Z</time>
      </trkpt>
      <trkpt lat="38.904667" lon="111.856476">
        <ele>1443.3771</ele>
        <time>2014-01-11T23:27:10.911000Z</time>
      </trkpt>
      <trkpt lat="38.904686" lon="111.85632">
        <ele>1443.5238</ele>
        <time>2014-01-11T23:27:14.496000Z</time>
      </trkpt>
      <trkpt lat="38.904705" lon="111.85617">
        <ele>1443.5927</ele>
        <time>2014-01-11T23:27:18.081000Z</time>
      </trkpt>
      <trkpt lat="38.904716" lon="111.85605">
        <ele>1443.1963</ele>
        <time>2014-01-11T23:27:21.666000Z</time>
      </trkpt>
      <trkpt lat="38.904728" lon="111.8559">
        <ele>1442.0657</ele>
        <time>2014-01-11T23:27:25.251000Z</time>
      </trkpt>
      <trkpt lat="38.904728" lon="111.8559">
        <ele>1440.8329</ele>
        <time>2014-01-11T23:27:28.836000Z</time>
      </trkpt>
      <trkpt lat="38.904728" lon="111.8559">
        <ele>1440.186</ele>
        <time>2014-01-11T23:27:32.421000Z</time>
      </trkpt>
      <trkpt lat="38.904743" lon="111.85561">
        <ele>1439.9031</ele>
        <time>2014-01-11T23:27:36.006000Z</time>
      </trkpt>
      <trkpt lat="38.904755" lon="111.85549">
        <ele>1439.6252</ele>
        <time>2014-01-11T23:27:39.591000Z</time>
      </trkpt>
      <trkpt lat="38.904762" lon="111.85538">
        <ele>1439.4064</ele>
        <time>2014-01-11T23:27:43.176000Z</time>
      </trkpt>
      <trkpt lat="38.90477" lon="111.85525">
        <ele>1439.3672</ele>
        <time>2014-01-11T23:27:46.761000Z</time>
      </trkpt>
      <trkpt lat="38.904778" lon="111.8551">
        <ele>1439.436</ele>
        <time>2014-01-11T23:27:50.346000Z</time>
      </trkpt>
      <trkpt lat="38.90478" lon="111.854965">
        <ele>1439.3307</ele>
        <time>2014-01-11T23:27:53.931000Z</time>
      </trkpt>
      <trkpt lat="38.904793" lon="111.85483">
        <ele>1439.2831</ele>
        <time>2014-01-11T23:27:57.516000Z</time>
      </trkpt>
      <trkpt lat="38.904808" lon="111.85471">
        <ele>1439.7706</ele>
        <time>2014-01-11T23:28:01.101000Z</time>
      </trkpt>
      <trkpt lat="38.904823" lon="111.85458">
        <ele>1440.4672</ele>
        <time>2014-01-11T23:28:04.686000Z</time>
      </trkpt>
      <trkpt lat="38.90484" lon="111.85444">
        <ele>1440.4502</ele>
        <time>2014-01-11T23:28:08.271000Z</time>
      </trkpt>
      <trkpt lat="38.904858" lon="111.85432">
        <ele>1439.5673</ele>
        <time>2014-01-11T23:28:11.856000Z</time>
      </trkpt>
      <trkpt lat="38.90488" lon="111.8542">
        <ele>1438.3921</ele>
        <time>2014-01-11T23:28:15.441000Z</time>
      </trkpt>
      <trkpt lat="38.904896" lon="111.85408">
        <ele>1437.8485</ele>
        <time>2014-01-11T23:28:19.026000Z</time>
      </trkpt>
      <trkpt lat="38.904915" lon="111.85396">
        <ele>1438.0142</ele>
        <time>2014-01-11T23:28:22.611000Z</time>
      </trkpt>
      <trkpt lat="38.90493" lon="111.85383">
        <ele>1438.1145</ele>
        <time>2014-01-11T23:28:26.196000Z</time>
      </trkpt>
      <trkpt lat="38.904938" lon="111.85368">
        <ele>1437.7168</ele>
        <time>2014-01-11T23:28:29.781000Z</time>
      </trkpt>
      <trkpt lat="38.904957" lon="111.85353">
        <ele>1437.1526</ele>
        <time>2014-01-11T23:28:33.366000Z</time>
      </trkpt>
      <trkpt lat="38.904964" lon="111.8534">
        <ele>1436.5984</ele>
        <time>2014-01-11T23:28:36.951000Z</time>
      </trkpt>
      <trkpt lat="38.90496" lon="111.85325">
        <ele>1436.2721</ele>
        <time>2014-01-11T23:28:40.536000Z</time>
      </trkpt>
      <trkpt lat="38.904976" lon="111.853134">
        <ele>1436.5007</ele>
        <time>2014-01-11T23:28:44.121000Z</time>
      </trkpt>
      <trkpt lat="38.90498" lon="111.853004">
        <ele>1437.4961</ele>
        <time>2014-01-11T23:28:47.706000Z</time>
      </trkpt>
      <trkpt lat="38.90498" lon="111.85288">
        <ele>1438.8644</ele>
        <time>2014-01-11T23:28:51.291000Z</time>
      </trkpt>
      <trkpt lat="38.904972" lon="111.85277">
        <ele>1439.6299</ele>
        <time>2014-01-11T23:28:54.876000Z</time>
      </trkpt>
      <trkpt lat="38.904953" lon="111.85262">
        <ele>1439.3333</ele>
        <time>2014-01-11T23:28:58.461000Z</time>
      </trkpt>
      <trkpt lat="38.904934" lon="111.85247">
        <ele>1438.7196</ele>
        <time>2014-01-11T23:29:02.046000Z</time>
      </trkpt>
      <trkpt lat="38.904903" lon="111.85232">
        <ele>1438.5055</ele>
        <time>2014-01-11T23:29:05.631000Z</time>
      </trkpt>
      <trkpt lat="38.90488" lon="111.852196">
        <ele>1438.7498</ele>
        <time>2014-01-11T23:29:09.216000Z</time>
      </trkpt>
      <trkpt lat="38.904858" lon="111.85207">
        <ele>1439.2588</ele>
        <time>2014-01-11T23:29:12.801000Z</time>
      </trkpt>
      <trkpt lat="38.90482" lon="111.85194">
        <ele>1439.7507</ele>
        <time>2014-01-11T23:29:16.386000Z</time>
      </trkpt>
      <trkpt lat="38.904778" lon="111.85181">
        <ele>1440.213</ele>
        <time>2014-01-11T23:29:19.971000Z</time>
      </trkpt>
      <trkpt lat="38.904736" lon="111.85168">
        <ele>1440.7717</ele>
        <time>2014-01-11T23:29:23.556000Z</time>
      </trkpt>
      <trkpt lat="38.904736" lon="111.85168">
        <ele>1440.9231</ele>
        <time>2014-01-11T23:29:27.141000Z</time>
      </trkpt>
      <trkpt lat="38.904736" lon="111.85168">
        <ele>1440.3091</ele>
        <time>2014-01-11T23:29:30.726000Z</time>
      </trkpt>
      <trkpt lat="38.904736" lon="111.85168">
        <ele>1439.5182</ele>
        <time>2014-01-11T23:29:34.311000Z</time>
      </trkpt>
      <trkpt lat="38.904675" lon="111.851524">
        <ele>1439.1371</ele>
        <time>2014-01-11T23:29:37.896000Z</time>
      </trkpt>
      <trkpt lat="38.90464" lon="111.851395">
        <ele>1439.3608</ele>
        <time>2014-01-11T23:29:41.481000Z</time>
      </trkpt>
      <trkpt lat="38.904602" lon="111.85128">
        <ele>1440.4661</ele>
        <time>2014-01-11T23:29:45.066000Z</time>
      </trkpt>
      <trkpt lat="38.904552" lon="111.85115">
        <ele>1441.7866</ele>
        <time>2014-01-11T23:29:48.651000Z</time>
      </trkpt>
      <trkpt lat="38.904507" lon="111.85103">
        <ele>1441.9906</ele>
        <time>2014-01-11T23:29:52.236000Z</time>
      </trkpt>
      <trkpt lat="38.904457" lon="111.85092">
        <ele>1440.874</ele>
        <time>2014-01-11T23:29:55.821000Z</time>
      </trkpt>
      <trkpt lat="38.904408" lon="111.85079">
        <ele>1439.3988</ele>
        <time>2014-01-11T23:29:59.406000Z</time>
      </trkpt>
      <trkpt lat="38.904373" lon="111.85068">
        <ele>1438.3723</ele>
        <time>2014-01-11T23:30:02.991000Z</time>
      </trkpt>
      <trkpt lat="38.90434" lon="111.85056">
        <ele>1437.5747</ele>
        <time>2014-01-11T23:30:06.576000Z</time>
      </trkpt>
      <trkpt lat="38.9043" lon="111.85046">
        <ele>1436.4983</ele>
        <time>2014-01-11T23:30:10.161000Z</time>
      </trkpt>
      <trkpt lat="38.90426" lon="111.850334">
        <ele>1436.101</ele>
        <time>2014-01-11T23:30:13.746000Z</time>
      </trkpt>
      <trkpt lat="38.904217" lon="111.85022">
        <ele>1437.1969</ele>
        <time>2014-01-11T23:30:17.331000Z</time>
      </trkpt>
      <trkpt lat="38.904175" lon="111.850105">
        <ele>1438.3531</ele>
        <time>2014-01-11T23:30:20.916000Z</time>
      </trkpt>
      <trkpt lat="38.904133" lon="111.84997">
        <ele>1438.2278</ele>
        <time>2014-01-11T23:30:24.501000Z</time>
      </trkpt>
      <trkpt lat="38.90408" lon="111.849846">
        <ele>1437.6577</ele>
        <time>2014-01-11T23:30:28.086000Z</time>
      </trkpt>
      <trkpt lat="38.904022" lon="111.84972">
        <ele>1437.6759</ele>
        <time>2014-01-11T23:30:31.671000Z</time>
      </trkpt>
      <trkpt lat="38.903973" lon="111.849594">
        <ele>1437.8085</ele>
        <time>2014-01-11T23:30:35.256000Z</time>
      </trkpt>
      <trkpt lat="38.903934" lon="111.84947">
        <ele>1437.4111</ele>
        <time>2014-01-11T23:30:38.841000Z</time>
      </trkpt>
      <trkpt lat="38.903893" lon="111.84935">
        <ele>1437.0023</ele>
        <time>2014-01-11T23:30:42.426000Z</time>
      </trkpt>
      <trkpt lat="38.903835" lon="111.849236">
        <ele>1437.1661</ele>
        <time>2014-01-11T23:30:46.011000Z</time>
      </trkpt>
      <trkpt lat="38.90378" lon="111.84912">
        <ele>1437.5334</ele>
        <time>2014-01-11T23:30:49.596000Z</time>
      </trkpt>
      <trkpt lat="38.903736" lon="111.849014">
        <ele>1437.5159</ele>
        <time>2014-01-11T23:30:53.181000Z</time>
      </trkpt>
      <trkpt lat="38.90368" lon="111.84889">
        <ele>1436.9241</ele>
        <time>2014-01-11T23:30:56.766000Z</time>
      </trkpt>
      <trkpt lat="38.903625" lon="111.84878">
        <ele>1435.8496</ele>
        <time>2014-01-11T23:31:00.351000Z</time>
      </trkpt>
      <trkpt lat="38.903553" lon="111.848656">
        <ele>1434.6454</ele>
        <time>2014-01-11T23:31:03.936000Z</time>
      </trkpt>
      <trkpt lat="38.903477" lon="111.84855">
        <ele>1433.7689</ele>
        <time>2014-01-11T23:31:07.521000Z</time>
      </trkpt>
      <trkpt lat="38.90342" lon="111.84846">
        <ele>1433.6085</ele>
        <time>2014-01-11T23:31:11.106000Z</time>
      </trkpt>
      <trkpt lat="38.90336" lon="111.84835">
        <ele>1434.1206</ele>
        <time>2014-01-11T23:31:14.691000Z</time>
      </trkpt>
      <trkpt lat="38.903286" lon="111.84821">
        <ele>1434.8466</ele>
        <time>2014-01-11T23:31:18.276000Z</time>
      </trkpt>
      <trkpt lat="38.90322" lon="111.848114">
        <ele>1435.4183</ele>
        <time>2014-01-11T23:31:21.861000Z</time>
      </trkpt>
      <trkpt lat="38.90313" lon="111.84799">
        <ele>1435.7509</ele>
        <time>2014-01-11T23:31:25.446000Z</time>
      </trkpt>
      <trkpt lat="38.903057" lon="111.847885">
        <ele>1435.8741</ele>
        <time>2014-01-11T23:31:29.031000Z</time>
      </trkpt>
      <trkpt lat="38.902996" lon="111.8478">
        <ele>1435.8923</ele>
        <time>2014-01-11T23:31:32.616000Z</time>
      </trkpt>
      <trkpt lat="38.90293" lon="111.847694">
        <ele>1435.2603</ele>
        <time>2014-01-11T23:31:36.201000Z</time>
      </trkpt>
      <trkpt lat="38.902866" lon="111.8476">
        <ele>1433.5973</ele>
        <time>2014-01-11T23:31:39.786000Z</time>
      </trkpt>
      <trkpt lat="38.902798" lon="111.8475">
        <ele>1431.8187</ele>
        <time>2014-01-11T23:31:43.371000Z</time>
      </trkpt>
      <trkpt lat="38.902725" lon="111.84739">
        <ele>1430.8947</ele>
        <time>2014-01-11T23:31:46.956000Z</time>
      </trkpt>
      <trkpt lat="38.90266" lon="111.84728">
        <ele>1430.9753</ele>
        <time>2014-01-11T23:31:50.541000Z</time>
      </trkpt>
      <trkpt lat="38.902584" lon="111.84716">
        <ele>1431.7974</ele>
        <time>2014-01-11T23:31:54.126000Z</time>
      </trkpt>
      <trkpt lat="38.90253" lon="111.84706">
        <ele>1432.278</ele>
        <time>2014-01-11T23:31:57.711000Z</time>
      </trkpt>
      <trkpt lat="38.90245" lon="111.84695">
        <ele>1431.6952</ele>
        <time>2014-01-11T23:32:01.296000Z</time>
      </trkpt>
      <trkpt lat="38.902393" lon="111.84685">
        <ele>1430.9867</ele>
        <time>2014-01-11T23:32:04.881000Z</time>
      </trkpt>
      <trkpt lat="38.902336" lon="111.846756">
        <ele>1431.3019</ele>
        <time>2014-01-11T23:32:08.466000Z</time>
      </trkpt>
      <trkpt lat="38.90228" lon="111.84666">
        <ele>1432.3956</ele>
        <time>2014-01-11T23:32:12.051000Z</time>
      </trkpt>
      <trkpt lat="38.90221" lon="111.84655">
        <ele>1433.4143</ele>
        <time>2014-01-11T23:32:15.636000Z</time>
      </trkpt>
      <trkpt lat="38.90214" lon="111.84644">
        <ele>1433.5226</ele>
        <time>2014-01-11T23:32:19.221000Z</time>
      </trkpt>
      <trkpt lat="38.90209" lon="111.84635">
        <ele>1432.5015</ele>
        <time>2014-01-11T23:32:22.806000Z</time>
      </trkpt>
      <trkpt lat="38.902023" lon="111.84625">
        <ele>1431.0927</ele>
        <time>2014-01-11T23:32:26.391000Z</time>
      </trkpt>
      <trkpt lat="38.90196" lon="111.84615">
        <ele>1430.0842</ele>
        <time>2014-01-11T23:32:29.976000Z</time>
      </trkpt>
      <trkpt lat="38.9019" lon="111.84606">
        <ele>1429.6831</ele>
        <time>2014-01-11T23:32:33.561000Z</time>
      </trkpt>
      <trkpt lat="38.90184" lon="111.84598">
        <ele>1429.965</ele>
        <time>2014-01-11T23:32:37.146000Z</time>
      </trkpt>
      <trkpt lat="38.90177" lon="111.84588">
        <ele>1430.6699</ele>
        <time>2014-01-11T23:32:40.731000Z</time>
      </trkpt>
      <trkpt lat="38.901707" lon="111.84578">
        <ele>1431.3158</ele>
        <time>2014-01-11T23:32:44.316000Z</time>
      </trkpt>
      <trkpt lat="38.901707" lon="111.84578">
        <ele>1431.5989</ele>
        <time>2014-01-11T23:32:47.901000Z</time>
      </trkpt>
      <trkpt lat="38.901707" lon="111.84578">
        <ele>1431.3812</ele>
        <time>2014-01-11T23:32:51.486000Z</time>
      </trkpt>
      <trkpt lat="38.901665" lon="111.84574">
        <ele>1430.7504</ele>
        <time>2014-01-11T23:32:55.071000Z</time>
      </trkpt>
      <trkpt lat="38.90169" lon="111.8458">
        <ele>1431.2242</ele>
        <time>2014-01-11T23:32:58.656000Z</time>
      </trkpt>
      <trkpt lat="38.90169" lon="111.8458">
        <ele>1431.7003</ele>
        <time>2014-01-11T23:33:02.241000Z</time>
      </trkpt>
      <trkpt lat="38.90169" lon="111.8458">
        <ele>1431.925</ele>
        <time>2014-01-11T23:33:05.826000Z</time>
      </trkpt>
      <trkpt lat="38.90169" lon="111.8458">
        <ele>1431.738</ele>
        <time>2014-01-11T23:33:09.411000Z</time>
      </trkpt>
      <trkpt lat="38.90169" lon="111.8458">
        <ele>1431.126</ele>
        <time>2014-01-11T23:33:12.996000Z</time>
      </trkpt>
      <trkpt lat="38.901634" lon="111.84568">
        <ele>1430.4994</ele>
        <time>2014-01-11T23:33:16.581000Z</time>
      </trkpt>
      <trkpt lat="38.90157" lon="111.845566">
        <ele>1430.238</ele>
        <time>2014-01-11T23:33:20.166000Z</time>
      </trkpt>
      <trkpt lat="38.9015" lon="111.84545">
        <ele>1430.437</ele>
        <time>2014-01-11T23:33:23.751000Z</time>
      </trkpt>
      <trkpt lat="38.901432" lon="111.845345">
        <ele>1430.8256</ele>
        <time>2014-01-11T23:33:27.336000Z</time>
      </trkpt>
      <trkpt lat="38.901356" lon="111.845245">
        <ele>1431.0579</ele>
        <time>2014-01-11T23:33:30.921000Z</time>
      </trkpt>
      <trkpt lat="38.9013" lon="111.845146">
        <ele>1431.1735</ele>
        <time>2014-01-11T23:33:34.506000Z</time>
      </trkpt>
      <trkpt lat="38.901234" lon="111.84504">
        <ele>1431.2646</ele>
        <time>2014-01-11T23:33:38.091000Z</time>
      </trkpt>
      <trkpt lat="38.901165" lon="111.84495">
        <ele>1431.2705</ele>
        <time>2014-01-11T23:33:41.676000Z</time>
      </trkpt>
      <trkpt lat="38.901096" lon="111.84484">
        <ele>1431.1018</ele>
        <time>2014-01-11T23:33:45.261000Z</time>
      </trkpt>
      <trkpt lat="38.90103" lon="111.84473">
        <ele>1430.7617</ele>
        <time>2014-01-11T23:33:48.846000Z</time>
      </trkpt>
      <trkpt lat="38.900963" lon="111.84461">
        <ele>1430.2201</ele>
        <time>2014-01-11T23:33:52.431000Z</time>
      </trkpt>
      <trkpt lat="38.900906" lon="111.84451">
        <ele>1429.7151</ele>
        <time>2014-01-11T23:33:56.016000Z</time>
      </trkpt>
      <trkpt lat="38.900845" lon="111.84443">
        <ele>1430.042</ele>
        <time>2014-01-11T23:33:59.601000Z</time>
      </trkpt>
      <trkpt lat="38.900772" lon="111.84433">
        <ele>1431.2874</ele>
        <time>2014-01-11T23:34:03.186000Z</time>
      </trkpt>
      <trkpt lat="38.9007" lon="111.84422">
        <ele>1433.1626</ele>
        <time>2014-01-11T23:34:06.771000Z</time>
      </trkpt>
      <trkpt lat="38.900635" lon="111.84411">
        <ele>1435.6444</ele>
        <time>2014-01-11T23:34:10.356000Z</time>
      </trkpt>
      <trkpt lat="38.900578" lon="111.84402">
        <ele>1438.0087</ele>
        <time>2014-01-11T23:34:13.941000Z</time>
      </trkpt>
      <trkpt lat="38.900513" lon="111.84392">
        <ele>1439.4752</ele>
        <time>2014-01-11T23:34:17.526000Z</time>
      </trkpt>
      <trkpt lat="38.900444" lon="111.84382">
        <ele>1440.0806</ele>
        <time>2014-01-11T23:34:21.111000Z</time>
      </trkpt>
      <trkpt lat="38.90038" lon="111.843735">
        <ele>1439.3322</ele>
        <time>2014-01-11T23:34:24.696000Z</time>
      </trkpt>
      <trkpt lat="38.900322" lon="111.84364">
        <ele>1436.8573</ele>
        <time>2014-01-11T23:34:28.281000Z</time>
      </trkpt>
      <trkpt lat="38.900272" lon="111.84354">
        <ele>1433.8934</ele>
        <time>2014-01-11T23:34:31.866000Z</time>
      </trkpt>
      <trkpt lat="38.900208" lon="111.84342">
        <ele>1432.5059</ele>
        <time>2014-01-11T23:34:35.451000Z</time>
      </trkpt>
      <trkpt lat="38.90014" lon="111.84331">
        <ele>1433.2483</ele>
        <time>2014-01-11T23:34:39.036000Z</time>
      </trkpt>
      <trkpt lat="38.90008" lon="111.8432">
        <ele>1434.8994</ele>
        <time>2014-01-11T23:34:42.621000Z</time>
      </trkpt>
      <trkpt lat="38.900017" lon="111.84309">
        <ele>1436.0676</ele>
        <time>2014-01-11T23:34:46.206000Z</time>
      </trkpt>
      <trkpt lat="38.899956" lon="111.842995">
        <ele>1436.4645</ele>
        <time>2014-01-11T23:34:49.791000Z</time>
      </trkpt>
      <trkpt lat="38.899895" lon="111.84289">
        <ele>1436.0887</ele>
        <time>2014-01-11T23:34:53.376000Z</time>
      </trkpt>
      <trkpt lat="38.899837" lon="111.84279">
        <ele>1434.9636</ele>
        <time>2014-01-11T23:34:56.961000Z</time>
      </trkpt>
      <trkpt lat="38.89978" lon="111.8427">
        <ele>1433.4346</ele>
        <time>2014-01-11T23:35:00.546000Z</time>
      </trkpt>
      <trkpt lat="38.899727" lon="111.8426">
        <ele>1432.0254</ele>
        <time>2014-01-11T23:35:04.131000Z</time>
      </trkpt>
      <trkpt lat="38.899677" lon="111.8425">
        <ele>1431.1139</ele>
        <time>2014-01-11T23:35:07.716000Z</time>
      </trkpt>
      <trkpt lat="38.89962" lon="111.8424">
        <ele>1431.023</ele>
        <time>2014-01-11T23:35:11.301000Z</time>
      </trkpt>
      <trkpt lat="38.89955" lon="111.842285">
        <ele>1431.4595</ele>
        <time>2014-01-11T23:35:14.886000Z</time>
      </trkpt>
      <trkpt lat="38.89949" lon="111.84218">
        <ele>1431.7109</ele>
        <time>2014-01-11T23:35:18.471000Z</time>
      </trkpt>
      <trkpt lat="38.899433" lon="111.84208">
        <ele>1431.5831</ele>
        <time>2014-01-11T23:35:22.056000Z</time>
      </trkpt>
      <trkpt lat="38.89937" lon="111.84196">
        <ele>1431.6042</ele>
        <time>2014-01-11T23:35:25.641000Z</time>
      </trkpt>
      <trkpt lat="38.8993" lon="111.841835">
        <ele>1432.2689</ele>
        <time>2014-01-11T23:35:29.226000Z</time>
      </trkpt>
      <trkpt lat="38.89924" lon="111.841705">
        <ele>1433.4377</ele>
        <time>2014-01-11T23:35:32.811000Z</time>
      </trkpt>
      <trkpt lat="38.89919" lon="111.8416">
        <ele>1434.3895</ele>
        <time>2014-01-11T23:35:36.396000Z</time>
      </trkpt>
      <trkpt lat="38.899128" lon="111.8415">
        <ele>1435.3165</ele>
        <time>2014-01-11T23:35:39.981000Z</time>
      </trkpt>
      <trkpt lat="38.89907" lon="111.84141">
        <ele>1436.8439</ele>
        <time>2014-01-11T23:35:43.566000Z</time>
      </trkpt>
      <trkpt lat="38.899002" lon="111.841286">
        <ele>1438.3519</ele>
        <time>2014-01-11T23:35:47.151000Z</time>
      </trkpt>
      <trkpt lat="38.89894" lon="111.84118">
        <ele>1438.7748</ele>
        <time>2014-01-11T23:35:50.736000Z</time>
      </trkpt>
      <trkpt lat="38.898884" lon="111.84108">
        <ele>1438.206</ele>
        <time>2014-01-11T23:35:54.321000Z</time>
      </trkpt>
      <trkpt lat="38.898827" lon="111.84097">
        <ele>1437.7205</ele>
        <time>2014-01-11T23:35:57.906000Z</time>
      </trkpt>
      <trkpt lat="38.898766" lon="111.840866">
        <ele>1438.2351</ele>
        <time>2014-01-11T23:36:01.491000Z</time>
      </trkpt>
      <trkpt lat="38.898697" lon="111.84075">
        <ele>1439.4596</ele>
        <time>2014-01-11T23:36:05.076000Z</time>
      </trkpt>
      <trkpt lat="38.898632" lon="111.84064">
        <ele>1440.4713</ele>
        <time>2014-01-11T23:36:08.661000Z</time>
      </trkpt>
      <trkpt lat="38.89858" lon="111.84054">
        <ele>1440.8953</ele>
        <time>2014-01-11T23:36:12.246000Z</time>
      </trkpt>
      <trkpt lat="38.89852" lon="111.84044">
        <ele>1441.0398</ele>
        <time>2014-01-11T23:36:15.831000Z</time>
      </trkpt>
      <trkpt lat="38.898464" lon="111.84032">
        <ele>1441.6488</ele>
        <time>2014-01-11T23:36:19.416000Z</time>
      </trkpt>
      <trkpt lat="38.8984" lon="111.84022">
        <ele>1443.0122</ele>
        <time>2014-01-11T23:36:23.001000Z</time>
      </trkpt>
      <trkpt lat="38.898335" lon="111.8401">
        <ele>1444.5513</ele>
        <time>2014-01-11T23:36:26.586000Z</time>
      </trkpt>
      <trkpt lat="38.898277" lon="111.84001">
        <ele>1445.5454</ele>
        <time>2014-01-11T23:36:30.171000Z</time>
      </trkpt>
      <trkpt lat="38.898216" lon="111.8399">
        <ele>1445.8223</ele>
        <time>2014-01-11T23:36:33.756000Z</time>
      </trkpt>
      <trkpt lat="38.898163" lon="111.83978">
        <ele>1445.6959</ele>
        <time>2014-01-11T23:36:37.341000Z</time>
      </trkpt>
      <trkpt lat="38.89811" lon="111.83969">
        <ele>1445.9186</ele>
        <time>2014-01-11T23:36:40.926000Z</time>
      </trkpt>
      <trkpt lat="38.89805" lon="111.83959">
        <ele>1446.8953</ele>
        <time>2014-01-11T23:36:44.511000Z</time>
      </trkpt>
      <trkpt lat="38.897995" lon="111.83949">
        <ele>1448.2521</ele>
        <time>2014-01-11T23:36:48.096000Z</time>
      </trkpt>
      <trkpt lat="38.897938" lon="111.83938">
        <ele>1449.3173</ele>
        <time>2014-01-11T23:36:51.681000Z</time>
      </trkpt>
      <trkpt lat="38.89788" lon="111.83928">
        <ele>1449.8405</ele>
        <time>2014-01-11T23:36:55.266000Z</time>
      </trkpt>
      <trkpt lat="38.897816" lon="111.839165">
        <ele>1450.3125</ele>
        <time>2014-01-11T23:36:58.851000Z</time>
      </trkpt>
      <trkpt lat="38.89776" lon="111.839066">
        <ele>1451.2263</ele>
        <time>2014-01-11T23:37:02.436000Z</time>
      </trkpt>
      <trkpt lat="38.89776" lon="111.839066">
        <ele>1451.755</ele>
        <time>2014-01-11T23:37:06.021000Z</time>
      </trkpt>
      <trkpt lat="38.897705" lon="111.838974">
        <ele>1451.1</ele>
        <time>2014-01-11T23:37:09.606000Z</time>
      </trkpt>
      <trkpt lat="38.897636" lon="111.83887">
        <ele>1449.8141</ele>
        <time>2014-01-11T23:37:13.191000Z</time>
      </trkpt>
      <trkpt lat="38.897583" lon="111.83876">
        <ele>1448.6929</ele>
        <time>2014-01-11T23:37:16.776000Z</time>
      </trkpt>
      <trkpt lat="38.89754" lon="111.838646">
        <ele>1448.459</ele>
        <time>2014-01-11T23:37:20.361000Z</time>
      </trkpt>
      <trkpt lat="38.8975" lon="111.838524">
        <ele>1449.7588</ele>
        <time>2014-01-11T23:37:23.946000Z</time>
      </trkpt>
      <trkpt lat="38.8975" lon="111.838524">
        <ele>1451.5537</ele>
        <time>2014-01-11T23:37:27.531000Z</time>
      </trkpt>
      <trkpt lat="38.89746" lon="111.83841">
        <ele>1452.8783</ele>
        <time>2014-01-11T23:37:31.116000Z</time>
      </trkpt>
      <trkpt lat="38.897434" lon="111.838295">
        <ele>1454.2374</ele>
        <time>2014-01-11T23:37:34.701000Z</time>
      </trkpt>
      <trkpt lat="38.89741" lon="111.83814">
        <ele>1455.7052</ele>
        <time>2014-01-11T23:37:38.286000Z</time>
      </trkpt>
      <trkpt lat="38.897396" lon="111.83802">
        <ele>1456.6667</ele>
        <time>2014-01-11T23:37:41.871000Z</time>
      </trkpt>
      <trkpt lat="38.897373" lon="111.83788">
        <ele>1456.6469</ele>
        <time>2014-01-11T23:37:45.456000Z</time>
      </trkpt>
      <trkpt lat="38.89736" lon="111.83775">
        <ele>1455.5112</ele>
        <time>2014-01-11T23:37:49.041000Z</time>
      </trkpt>
      <trkpt lat="38.897366" lon="111.83761">
        <ele>1454.2762</ele>
        <time>2014-01-11T23:37:52.626000Z</time>
      </trkpt>
      <trkpt lat="38.897366" lon="111.83748">
        <ele>1454.3643</ele>
        <time>2014-01-11T23:37:56.211000Z</time>
      </trkpt>
      <trkpt lat="38.89737" lon="111.83733">
        <ele>1455.9067</ele>
        <time>2014-01-11T23:37:59.796000Z</time>
      </trkpt>
      <trkpt lat="38.897373" lon="111.83721">
        <ele>1457.6259</ele>
        <time>2014-01-11T23:38:03.381000Z</time>
      </trkpt>
      <trkpt lat="38.897385" lon="111.83708">
        <ele>1458.5428</ele>
        <time>2014-01-11T23:38:06.966000Z</time>
      </trkpt>
      <trkpt lat="38.897392" lon="111.83697">
        <ele>1458.8446</ele>
        <time>2014-01-11T23:38:10.551000Z</time>
      </trkpt>
      <trkpt lat="38.897396" lon="111.83681">
        <ele>1458.9915</ele>
        <time>2014-01-11T23:38:14.136000Z</time>
      </trkpt>
      <trkpt lat="38.89742" lon="111.836655">
        <ele>1459.6849</ele>
        <time>2014-01-11T23:38:17.721000Z</time>
      </trkpt>
      <trkpt lat="38.897434" lon="111.83652">
        <ele>1461.1267</ele>
        <time>2014-01-11T23:38:21.306000Z</time>
      </trkpt>
      <trkpt lat="38.897438" lon="111.83639">
        <ele>1462.4752</ele>
        <time>2014-01-11T23:38:24.891000Z</time>
      </trkpt>
      <trkpt lat="38.897438" lon="111.83625">
        <ele>1462.6982</ele>
        <time>2014-01-11T23:38:28.476000Z</time>
      </trkpt>
      <trkpt lat="38.897438" lon="111.836105">
        <ele>1461.6548</ele>
        <time>2014-01-11T23:38:32.061000Z</time>
      </trkpt>
      <trkpt lat="38.897438" lon="111.836105">
        <ele>1460.1951</ele>
        <time>2014-01-11T23:38:35.646000Z</time>
      </trkpt>
      <trkpt lat="38.89744" lon="111.83598">
        <ele>1459.364</ele>
        <time>2014-01-11T23:38:39.231000Z</time>
      </trkpt>
      <trkpt lat="38.897465" lon="111.83585">
        <ele>1459.3478</ele>
        <time>2014-01-11T23:38:42.816000Z</time>
      </trkpt>
      <trkpt lat="38.897472" lon="111.835724">
        <ele>1459.9213</ele>
        <time>2014-01-11T23:38:46.401000Z</time>
      </trkpt>
      <trkpt lat="38.89748" lon="111.835594">
        <ele>1460.4226</ele>
        <time>2014-01-11T23:38:49.986000Z</time>
      </trkpt>
      <trkpt lat="38.897484" lon="111.83547">
        <ele>1460.2518</ele>
        <time>2014-01-11T23:38:53.571000Z</time>
      </trkpt>
      <trkpt lat="38.897488" lon="111.83534">
        <ele>1459.759</ele>
        <time>2014-01-11T23:38:57.156000Z</time>
      </trkpt>
      <trkpt lat="38.897488" lon="111.83534">
        <ele>1459.5271</ele>
        <time>2014-01-11T23:39:00.741000Z</time>
      </trkpt>
      <trkpt lat="38.89749" lon="111.835205">
        <ele>1459.9893</ele>
        <time>2014-01-11T23:39:04.326000Z</time>
      </trkpt>
      <trkpt lat="38.897495" lon="111.83505">
        <ele>1461.1721</ele>
        <time>2014-01-11T23:39:07.911000Z</time>
      </trkpt>
      <trkpt lat="38.8975" lon="111.8349">
        <ele>1462.1486</ele>
        <time>2014-01-11T23:39:11.496000Z</time>
      </trkpt>
      <trkpt lat="38.8975" lon="111.83478">
        <ele>1461.8368</ele>
        <time>2014-01-11T23:39:15.081000Z</time>
      </trkpt>
      <trkpt lat="38.89749" lon="111.83463">
        <ele>1460.2881</ele>
        <time>2014-01-11T23:39:18.666000Z</time>
      </trkpt>
      <trkpt lat="38.897503" lon="111.83448">
        <ele>1458.8319</ele>
        <time>2014-01-11T23:39:22.251000Z</time>
      </trkpt>
      <trkpt lat="38.897507" lon="111.83436">
        <ele>1458.5094</ele>
        <time>2014-01-11T23:39:25.836000Z</time>
      </trkpt>
      <trkpt lat="38.897507" lon="111.83422">
        <ele>1458.8536</ele>
        <time>2014-01-11T23:39:29.421000Z</time>
      </trkpt>
      <trkpt lat="38.89751" lon="111.8341">
        <ele>1459.0735</ele>
        <time>2014-01-11T23:39:33.006000Z</time>
      </trkpt>
      <trkpt lat="38.89751" lon="111.83398">
        <ele>1458.8524</ele>
        <time>2014-01-11T23:39:36.591000Z</time>
      </trkpt>
      <trkpt lat="38.897507" lon="111.83385">
        <ele>1458.3319</ele>
        <time>2014-01-11T23:39:40.176000Z</time>
      </trkpt>
      <trkpt lat="38.89749" lon="111.833694">
        <ele>1457.7667</ele>
        <time>2014-01-11T23:39:43.761000Z</time>
      </trkpt>
      <trkpt lat="38.897484" lon="111.83357">
        <ele>1457.1611</ele>
        <time>2014-01-11T23:39:47.346000Z</time>
      </trkpt>
      <trkpt lat="38.89748" lon="111.83345">
        <ele>1456.5281</ele>
        <time>2014-01-11T23:39:50.931000Z</time>
      </trkpt>
      <trkpt lat="38.89747" lon="111.83333">
        <ele>1456.1943</ele>
        <time>2014-01-11T23:39:54.516000Z</time>
      </trkpt>
      <trkpt lat="38.897465" lon="111.833206">
        <ele>1456.339</ele>
        <time>2014-01-11T23:39:58.101000Z</time>
      </trkpt>
      <trkpt lat="38.89746" lon="111.833084">
        <ele>1456.6584</ele>
        <time>2014-01-11T23:40:01.686000Z</time>
      </trkpt>
      <trkpt lat="38.897457" lon="111.83294">
        <ele>1456.4626</ele>
        <time>2014-01-11T23:40:05.271000Z</time>
      </trkpt>
      <trkpt lat="38.89745" lon="111.8328">
        <ele>1455.4949</ele>
        <time>2014-01-11T23:40:08.856000Z</time>
      </trkpt>
      <trkpt lat="38.89744" lon="111.83269">
        <ele>1454.2113</ele>
        <time>2014-01-11T23:40:12.441000Z</time>
      </trkpt>
      <trkpt lat="38.897434" lon="111.832565">
        <ele>1453.3224</ele>
        <time>2014-01-11T23:40:16.026000Z</time>
      </trkpt>
      <trkpt lat="38.897427" lon="111.832436">
        <ele>1452.9762</ele>
        <time>2014-01-11T23:40:19.611000Z</time>
      </trkpt>
      <trkpt lat="38.89742" lon="111.83231">
        <ele>1452.6703</ele>
        <time>2014-01-11T23:40:23.196000Z</time>
      </trkpt>
      <trkpt lat="38.89741" lon="111.8322">
        <ele>1452.0851</ele>
        <time>2014-01-11T23:40:26.781000Z</time>
      </trkpt>
      <trkpt lat="38.897404" lon="111.83206">
        <ele>1451.499</ele>
        <time>2014-01-11T23:40:30.366000Z</time>
      </trkpt>
      <trkpt lat="38.897392" lon="111.83193">
        <ele>1450.92</ele>
        <time>2014-01-11T23:40:33.951000Z</time>
      </trkpt>
      <trkpt lat="38.897385" lon="111.831795">
        <ele>1450.3268</ele>
        <time>2014-01-11T23:40:37.536000Z</time>
      </trkpt>
      <trkpt lat="38.897385" lon="111.831665">
        <ele>1449.9364</ele>
        <time>2014-01-11T23:40:41.121000Z</time>
      </trkpt>
      <trkpt lat="38.897377" lon="111.83153">
        <ele>1449.8243</ele>
        <time>2014-01-11T23:40:44.706000Z</time>
      </trkpt>
      <trkpt lat="38.897366" lon="111.8314">
        <ele>1449.8444</ele>
        <time>2014-01-11T23:40:48.291000Z</time>
      </trkpt>
      <trkpt lat="38.897358" lon="111.83126">
        <ele>1449.4095</ele>
        <time>2014-01-11T23:40:51.876000Z</time>
      </trkpt>
      <trkpt lat="38.897354" lon="111.831116">
        <ele>1448.184</ele>
        <time>2014-01-11T23:40:55.461000Z</time>
      </trkpt>
      <trkpt lat="38.89735" lon="111.830986">
        <ele>1446.6066</ele>
        <time>2014-01-11T23:40:59.046000Z</time>
      </trkpt>
      <trkpt lat="38.897343" lon="111.83086">
        <ele>1445.2177</ele>
        <time>2014-01-11T23:41:02.631000Z</time>
      </trkpt>
      <trkpt lat="38.897335" lon="111.830734">
        <ele>1444.3248</ele>
        <time>2014-01-11T23:41:06.216000Z</time>
      </trkpt>
      <trkpt lat="38.897324" lon="111.83059">
        <ele>1443.9774</ele>
        <time>2014-01-11T23:41:09.801000Z</time>
      </trkpt>
      <trkpt lat="38.897312" lon="111.83044">
        <ele>1443.8372</ele>
        <time>2014-01-11T23:41:13.386000Z</time>
      </trkpt>
      <trkpt lat="38.897305" lon="111.83032">
        <ele>1443.5422</ele>
        <time>2014-01-11T23:41:16.971000Z</time>
      </trkpt>
      <trkpt lat="38.897293" lon="111.830185">
        <ele>1442.8785</ele>
        <time>2014-01-11T23:41:20.556000Z</time>
      </trkpt>
      <trkpt lat="38.897293" lon="111.830055">
        <ele>1442.106</ele>
        <time>2014-01-11T23:41:24.141000Z</time>
      </trkpt>
      <trkpt lat="38.89729" lon="111.82994">
        <ele>1441.6404</ele>
        <time>2014-01-11T23:41:27.726000Z</time>
      </trkpt>
      <trkpt lat="38.897278" lon="111.82981">
        <ele>1441.3998</ele>
        <time>2014-01-11T23:41:31.311000Z</time>
      </trkpt>
      <trkpt lat="38.89726" lon="111.82966">
        <ele>1440.6965</ele>
        <time>2014-01-11T23:41:34.896000Z</time>
      </trkpt>
      <trkpt lat="38.897255" lon="111.829544">
        <ele>1439.2904</ele>
        <time>2014-01-11T23:41:38.481000Z</time>
      </trkpt>
      <trkpt lat="38.897243" lon="111.829414">
        <ele>1437.7985</ele>
        <time>2014-01-11T23:41:42.066000Z</time>
      </trkpt>
      <trkpt lat="38.89723" lon="111.82926">
        <ele>1436.7438</ele>
        <time>2014-01-11T23:41:45.651000Z</time>
      </trkpt>
      <trkpt lat="38.897285" lon="111.82917">
        <ele>1436.2532</ele>
        <time>2014-01-11T23:41:49.236000Z</time>
      </trkpt>
      <trkpt lat="38.89737" lon="111.82911">
        <ele>1436.291</ele>
        <time>2014-01-11T23:41:52.821000Z</time>
      </trkpt>
      <trkpt lat="38.897453" lon="111.82903">
        <ele>1435.7834</ele>
        <time>2014-01-11T23:41:56.406000Z</time>
      </trkpt>
      <trkpt lat="38.89756" lon="111.82902">
        <ele>1433.8364</ele>
        <time>2014-01-11T23:41:59.991000Z</time>
      </trkpt>
      <trkpt lat="38.897655" lon="111.829">
        <ele>1431.4203</ele>
        <time>2014-01-11T23:42:03.576000Z</time>
      </trkpt>
      <trkpt lat="38.897762" lon="111.829025">
        <ele>1430.3005</ele>
        <time>2014-01-11T23:42:07.161000Z</time>
      </trkpt>
      <trkpt lat="38.89787" lon="111.82904">
        <ele>1430.8765</ele>
        <time>2014-01-11T23:42:10.746000Z</time>
      </trkpt>
      <trkpt lat="38.89797" lon="111.82906">
        <ele>1432.1566</ele>
        <time>2014-01-11T23:42:14.331000Z</time>
      </trkpt>
      <trkpt lat="38.898067" lon="111.82908">
        <ele>1433.0701</ele>
        <time>2014-01-11T23:42:17.916000Z</time>
      </trkpt>
      <trkpt lat="38.898163" lon="111.8291">
        <ele>1433.1133</ele>
        <time>2014-01-11T23:42:21.501000Z</time>
      </trkpt>
      <trkpt lat="38.898277" lon="111.82912">
        <ele>1432.2821</ele>
        <time>2014-01-11T23:42:25.086000Z</time>
      </trkpt>
      <trkpt lat="38.898376" lon="111.82912">
        <ele>1431.0546</ele>
        <time>2014-01-11T23:42:28.671000Z</time>
      </trkpt>
      <trkpt lat="38.898495" lon="111.829124">
        <ele>1429.9708</ele>
        <time>2014-01-11T23:42:32.256000Z</time>
      </trkpt>
      <trkpt lat="38.898605" lon="111.829124">
        <ele>1429.2449</ele>
        <time>2014-01-11T23:42:35.841000Z</time>
      </trkpt>
      <trkpt lat="38.898716" lon="111.82911">
        <ele>1428.866</ele>
        <time>2014-01-11T23:42:39.426000Z</time>
      </trkpt>
      <trkpt lat="38.898834" lon="111.82912">
        <ele>1428.7115</ele>
        <time>2014-01-11T23:42:43.011000Z</time>
      </trkpt>
      <trkpt lat="38.898926" lon="111.82913">
        <ele>1428.753</ele>
        <time>2014-01-11T23:42:46.596000Z</time>
      </trkpt>
      <trkpt lat="38.899048" lon="111.82915">
        <ele>1428.9203</ele>
        <time>2014-01-11T23:42:50.181000Z</time>
      </trkpt>
      <trkpt lat="38.899155" lon="111.829124">
        <ele>1428.8329</ele>
        <time>2014-01-11T23:42:53.766000Z</time>
      </trkpt>
      <trkpt lat="38.899258" lon="111.82914">
        <ele>1428.2545</ele>
        <time>2014-01-11T23:42:57.351000Z</time>
      </trkpt>
      <trkpt lat="38.89933" lon="111.82923">
        <ele>1427.4227</ele>
        <time>2014-01-11T23:43:00.936000Z</time>
      </trkpt>
      <trkpt lat="38.899384" lon="111.82934">
        <ele>1426.6459</ele>
        <time>2014-01-11T23:43:04.521000Z</time>
      </trkpt>
      <trkpt lat="38.899445" lon="111.829445">
        <ele>1425.7158</ele>
        <time>2014-01-11T23:43:08.106000Z</time>
      </trkpt>
      <trkpt lat="38.899498" lon="111.82955">
        <ele>1424.4744</ele>
        <time>2014-01-11T23:43:11.691000Z</time>
      </trkpt>
      <trkpt lat="38.899563" lon="111.82966">
        <ele>1423.5676</ele>
        <time>2014-01-11T23:43:15.276000Z</time>
      </trkpt>
      <trkpt lat="38.899616" lon="111.82976">
        <ele>1423.5615</ele>
        <time>2014-01-11T23:43:18.861000Z</time>
      </trkpt>
      <trkpt lat="38.899677" lon="111.82986">
        <ele>1423.9586</ele>
        <time>2014-01-11T23:43:22.446000Z</time>
      </trkpt>
      <trkpt lat="38.89974" lon="111.829956">
        <ele>1424.2024</ele>
        <time>2014-01-11T23:43:26.031000Z</time>
      </trkpt>
      <trkpt lat="38.89978" lon="111.83007">
        <ele>1424.4725</ele>
        <time>2014-01-11T23:43:29.616000Z</time>
      </trkpt>
      <trkpt lat="38.899822" lon="111.83019">
        <ele>1425.0889</ele>
        <time>2014-01-11T23:43:33.201000Z</time>
      </trkpt>
      <trkpt lat="38.89987" lon="111.83031">
        <ele>1425.9105</ele>
        <time>2014-01-11T23:43:36.786000Z</time>
      </trkpt>
      <trkpt lat="38.89992" lon="111.83042">
        <ele>1426.7355</ele>
        <time>2014-01-11T23:43:40.371000Z</time>
      </trkpt>
      <trkpt lat="38.899967" lon="111.830536">
        <ele>1427.7312</ele>
        <time>2014-01-11T23:43:43.956000Z</time>
      </trkpt>
      <trkpt lat="38.899998" lon="111.83065">
        <ele>1428.8468</ele>
        <time>2014-01-11T23:43:47.541000Z</time>
      </trkpt>
      <trkpt lat="38.90005" lon="111.830765">
        <ele>1429.5327</ele>
        <time>2014-01-11T23:43:51.126000Z</time>
      </trkpt>
      <trkpt lat="38.9001" lon="111.83087">
        <ele>1429.3143</ele>
        <time>2014-01-11T23:43:54.711000Z</time>
      </trkpt>
      <trkpt lat="38.90013" lon="111.83098">
        <ele>1428.4725</ele>
        <time>2014-01-11T23:43:58.296000Z</time>
      </trkpt>
      <trkpt lat="38.90017" lon="111.83109">
        <ele>1427.2948</ele>
        <time>2014-01-11T23:44:01.881000Z</time>
      </trkpt>
      <trkpt lat="38.90017" lon="111.83109">
        <ele>1426.0453</ele>
        <time>2014-01-11T23:44:05.466000Z</time>
      </trkpt>
      <trkpt lat="38.900192" lon="111.83117">
        <ele>1425.3224</ele>
        <time>2014-01-11T23:44:09.051000Z</time>
      </trkpt>
      <trkpt lat="38.900192" lon="111.83117">
        <ele>1425.2924</ele>
        <time>2014-01-11T23:44:12.636000Z</time>
      </trkpt>
      <trkpt lat="38.90023" lon="111.83131">
        <ele>1425.2031</ele>
        <time>2014-01-11T23:44:16.221000Z</time>
      </trkpt>
      <trkpt lat="38.90024" lon="111.831345">
        <ele>1424.5056</ele>
        <time>2014-01-11T23:44:19.806000Z</time>
      </trkpt>
      <trkpt lat="38.900276" lon="111.8315">
        <ele>1423.4855</ele>
        <time>2014-01-11T23:44:23.391000Z</time>
      </trkpt>
      <trkpt lat="38.900295" lon="111.83161">
        <ele>1423.0275</ele>
        <time>2014-01-11T23:44:26.976000Z</time>
      </trkpt>
      <trkpt lat="38.90033" lon="111.83172">
        <ele>1424.2256</ele>
        <time>2014-01-11T23:44:30.561000Z</time>
      </trkpt>
      <trkpt lat="38.900356" lon="111.83186">
        <ele>1427.0038</ele>
        <time>2014-01-11T23:44:34.146000Z</time>
      </trkpt>
      <trkpt lat="38.90041" lon="111.83201">
        <ele>1429.5907</ele>
        <time>2014-01-11T23:44:37.731000Z</time>
      </trkpt>
      <trkpt lat="38.900448" lon="111.832115">
        <ele>1430.1777</ele>
        <time>2014-01-11T23:44:41.316000Z</time>
      </trkpt>
      <trkpt lat="38.900482" lon="111.832245">
        <ele>1428.4238</ele>
        <time>2014-01-11T23:44:44.901000Z</time>
      </trkpt>
      <trkpt lat="38.900505" lon="111.83236">
        <ele>1425.6664</ele>
        <time>2014-01-11T23:44:48.486000Z</time>
      </trkpt>
      <trkpt lat="38.90054" lon="111.83251">
        <ele>1423.6731</ele>
        <time>2014-01-11T23:44:52.071000Z</time>
      </trkpt>
      <trkpt lat="38.900566" lon="111.83263">
        <ele>1423.0376</ele>
        <time>2014-01-11T23:44:55.656000Z</time>
      </trkpt>
      <trkpt lat="38.900593" lon="111.83276">
        <ele>1423.2236</ele>
        <time>2014-01-11T23:44:59.241000Z</time>
      </trkpt>
      <trkpt lat="38.90061" lon="111.832886">
        <ele>1423.3082</ele>
        <time>2014-01-11T23:45:02.826000Z</time>
      </trkpt>
      <trkpt lat="38.900646" lon="111.83303">
        <ele>1422.9811</ele>
        <time>2014-01-11T23:45:06.411000Z</time>
      </trkpt>
      <trkpt lat="38.900665" lon="111.833176">
        <ele>1422.6818</ele>
        <time>2014-01-11T23:45:09.996000Z</time>
      </trkpt>
      <trkpt lat="38.900696" lon="111.83328">
        <ele>1422.6766</ele>
        <time>2014-01-11T23:45:13.581000Z</time>
      </trkpt>
      <trkpt lat="38.900803" lon="111.83336">
        <ele>1422.8463</ele>
        <time>2014-01-11T23:45:17.166000Z</time>
      </trkpt>
      <trkpt lat="38.90084" lon="111.83348">
        <ele>1422.9508</ele>
        <time>2014-01-11T23:45:20.751000Z</time>
      </trkpt>
      <trkpt lat="38.900867" lon="111.833595">
        <ele>1422.9075</ele>
        <time>2014-01-11T23:45:24.336000Z</time>
      </trkpt>
      <trkpt lat="38.900894" lon="111.83373">
        <ele>1422.6752</ele>
        <time>2014-01-11T23:45:27.921000Z</time>
      </trkpt>
      <trkpt lat="38.90092" lon="111.833885">
        <ele>1422.203</ele>
        <time>2014-01-11T23:45:31.506000Z</time>
      </trkpt>
      <trkpt lat="38.90094" lon="111.83402">
        <ele>1421.6415</ele>
        <time>2014-01-11T23:45:35.091000Z</time>
      </trkpt>
      <trkpt lat="38.900963" lon="111.83415">
        <ele>1421.2567</ele>
        <time>2014-01-11T23:45:38.676000Z</time>
      </trkpt>
      <trkpt lat="38.900986" lon="111.83427">
        <ele>1421.1117</ele>
        <time>2014-01-11T23:45:42.261000Z</time>
      </trkpt>
      <trkpt lat="38.901012" lon="111.83438">
        <ele>1420.8954</ele>
        <time>2014-01-11T23:45:45.846000Z</time>
      </trkpt>
      <trkpt lat="38.901035" lon="111.834496">
        <ele>1420.372</ele>
        <time>2014-01-11T23:45:49.431000Z</time>
      </trkpt>
      <trkpt lat="38.90106" lon="111.834625">
        <ele>1420.1112</ele>
        <time>2014-01-11T23:45:53.016000Z</time>
      </trkpt>
      <trkpt lat="38.90108" lon="111.83475">
        <ele>1420.5983</ele>
        <time>2014-01-11T23:45:56.601000Z</time>
      </trkpt>
      <trkpt lat="38.901104" lon="111.83488">
        <ele>1421.5059</ele>
        <time>2014-01-11T23:46:00.186000Z</time>
      </trkpt>
      <trkpt lat="38.901123" lon="111.83499">
        <ele>1422.5684</ele>
        <time>2014-01-11T23:46:03.771000Z</time>
      </trkpt>
      <trkpt lat="38.901146" lon="111.83512">
        <ele>1423.6357</ele>
        <time>2014-01-11T23:46:07.356000Z</time>
      </trkpt>
      <trkpt lat="38.90117" lon="111.83527">
        <ele>1423.5875</ele>
        <time>2014-01-11T23:46:10.941000Z</time>
      </trkpt>
      <trkpt lat="38.901203" lon="111.83541">
        <ele>1421.8838</ele>
        <time>2014-01-11T23:46:14.526000Z</time>
      </trkpt>
      <trkpt lat="38.90125" lon="111.835556">
        <ele>1420.0996</ele>
        <time>2014-01-11T23:46:18.111000Z</time>
      </trkpt>
      <trkpt lat="38.901276" lon="111.83567">
        <ele>1420.0616</ele>
        <time>2014-01-11T23:46:21.696000Z</time>
      </trkpt>
      <trkpt lat="38.90131" lon="111.835785">
        <ele>1421.8278</ele>
        <time>2014-01-11T23:46:25.281000Z</time>
      </trkpt>
      <trkpt lat="38.90131" lon="111.835785">
        <ele>1424.1404</ele>
        <time>2014-01-11T23:46:28.866000Z</time>
      </trkpt>
      <trkpt lat="38.901417" lon="111.8358">
        <ele>1425.1338</ele>
        <time>2014-01-11T23:46:32.451000Z</time>
      </trkpt>
      <trkpt lat="38.901516" lon="111.83575">
        <ele>1424.2114</ele>
        <time>2014-01-11T23:46:36.036000Z</time>
      </trkpt>
      <trkpt lat="38.901623" lon="111.83578">
        <ele>1422.7054</ele>
        <time>2014-01-11T23:46:39.621000Z</time>
      </trkpt>
      <trkpt lat="38.901623" lon="111.83578">
        <ele>1421.866</ele>
        <time>2014-01-11T23:46:43.206000Z</time>
      </trkpt>
      <trkpt lat="38.90168" lon="111.835884">
        <ele>1421.5559</ele>
        <time>2014-01-11T23:46:46.791000Z</time>
      </trkpt>
      <trkpt lat="38.90174" lon="111.83598">
        <ele>1421.3319</ele>
        <time>2014-01-11T23:46:50.376000Z</time>
      </trkpt>
      <trkpt lat="38.90174" lon="111.83598">
        <ele>1420.9379</ele>
        <time>2014-01-11T23:46:53.961000Z</time>
      </trkpt>
      <trkpt lat="38.901833" lon="111.83596">
        <time>2014-01-11T23:46:57.546000Z</time>
      </trkpt>
    </trkseg>
  </trk>
</gpx>