<?xml version="1.0" encoding="UTF-8"?>
<gpx xmlns="http://www.topografix.com/GPX/1/1" xmlns:gpxtpx="http://www.garmin.com/xmlschemas/TrackPointExtension/v1" xmlns:xsi="http://www.w3.org/2001/XMLSchema-instance" xsi:schemaLocation="http://www.topografix.com/GPX/1/1 http://www.topografix.com/GPX/1/1/gpx.xsd" version="1.1" creator="gpx.py -- https://github.com/tkrajina/gpxpy">
  <trk>
    <trkseg>
      <trkpt lat="38.818184" lon="121.14745">
        <ele>57.171303</ele>
        <time>2014-04-29T07:38:55.355000Z</time>
      </trkpt>
      <trkpt lat="38.818172" lon="121.14746">
        <ele>63.03543</ele>
        <time>2014-04-29T07:38:58.882000Z</time>
      </trkpt>
      <trkpt lat="38.81806" lon="121.14745">
        <ele>66.45694</ele>
        <time>2014-04-29T07:39:02.409000Z</time>
      </trkpt>
      <trkpt lat="38.81806" lon="121.14745">
        <ele>67.580956</ele>
        <time>2014-04-29T07:39:05.936000Z</time>
      </trkpt>
      <trkpt lat="38.817963" lon="121.14743">
        <ele>67.52141</ele>
        <time>2014-04-29T07:39:09.463000Z</time>
      </trkpt>
      <trkpt lat="38.817867" lon="121.14742">
        <ele>67.31991</ele>
        <time>2014-04-29T07:39:12.990000Z</time>
      </trkpt>
      <trkpt lat="38.817757" lon="121.14741">
        <ele>67.41296</ele>
        <time>2014-04-29T07:39:16.517000Z</time>
      </trkpt>
      <trkpt lat="38.81766" lon="121.147415">
        <ele>67.36571</ele>
        <time>2014-04-29T07:39:20.044000Z</time>
      </trkpt>
      <trkpt lat="38.81755" lon="121.147415">
        <ele>66.88255</ele>
        <time>2014-04-29T07:39:23.571000Z</time>
      </trkpt>
      <trkpt lat="38.817463" lon="121.14744">
        <ele>66.520515</ele>
        <time>2014-04-29T07:39:27.098000Z</time>
      </trkpt>
      <trkpt lat="38.817383" lon="121.14751">
        <ele>66.78449</ele>
        <time>2014-04-29T07:39:30.625000Z</time>
      </trkpt>
      <trkpt lat="38.817326" lon="121.1476">
        <ele>66.81708</ele>
        <time>2014-04-29T07:39:34.152000Z</time>
      </trkpt>
      <trkpt lat="38.817276" lon="121.147705">
        <ele>65.155266</ele>
        <time>2014-04-29T07:39:37.679000Z</time>
      </trkpt>
      <trkpt lat="38.81726" lon="121.147835">
        <ele>61.652</ele>
        <time>2014-04-29T07:39:41.206000Z</time>
      </trkpt>
      <trkpt lat="38.81727" lon="121.14796">
        <ele>57.86878</ele>
        <time>2014-04-29T07:39:44.733000Z</time>
      </trkpt>
      <trkpt lat="38.817303" lon="121.14806">
        <ele>54.4125</ele>
        <time>2014-04-29T07:39:48.260000Z</time>
      </trkpt>
      <trkpt lat="38.817375" lon="121.14817">
        <ele>50.95848</ele>
        <time>2014-04-29T07:39:51.787000Z</time>
      </trkpt>
      <trkpt lat="38.817455" lon="121.14823">
        <ele>48.240753</ele>
        <time>2014-04-29T07:39:55.314000Z</time>
      </trkpt>
      <trkpt lat="38.81757" lon="121.14826">
        <ele>46.856236</ele>
        <time>2014-04-29T07:39:58.841000Z</time>
      </trkpt>
      <trkpt lat="38.817684" lon="121.14826">
        <ele>46.266693</ele>
        <time>2014-04-29T07:40:02.368000Z</time>
      </trkpt>
      <trkpt lat="38.817787" lon="121.14827">
        <ele>46.58994</ele>
        <time>2014-04-29T07:40:05.895000Z</time>
      </trkpt>
      <trkpt lat="38.817894" lon="121.14828">
        <ele>47.898228</ele>
        <time>2014-04-29T07:40:09.422000Z</time>
      </trkpt>
      <trkpt lat="38.817986" lon="121.14828">
        <ele>49.4304</ele>
        <time>2014-04-29T07:40:12.949000Z</time>
      </trkpt>
      <trkpt lat="38.818096" lon="121.14828">
        <ele>50.499096</ele>
        <time>2014-04-29T07:40:16.476000Z</time>
      </trkpt>
      <trkpt lat="38.818188" lon="121.14828">
        <ele>51.449875</ele>
        <time>2014-04-29T07:40:20.003000Z</time>
      </trkpt>
      <trkpt lat="38.818295" lon="121.14829">
        <ele>52.820908</ele>
        <time>2014-04-29T07:40:23.530000Z</time>
      </trkpt>
      <trkpt lat="38.818394" lon="121.14829">
        <ele>54.320713</ele>
        <time>2014-04-29T07:40:27.057000Z</time>
      </trkpt>
      <trkpt lat="38.818485" lon="121.148285">
        <ele>55.2264</ele>
        <time>2014-04-29T07:40:30.584000Z</time>
      </trkpt>
      <trkpt lat="38.818577" lon="121.14822">
        <ele>55.318443</ele>
        <time>2014-04-29T07:40:34.111000Z</time>
      </trkpt>
      <trkpt lat="38.81864" lon="121.14812">
        <ele>54.83011</ele>
        <time>2014-04-29T07:40:37.638000Z</time>
      </trkpt>
      <trkpt lat="38.81869" lon="121.14799">
        <ele>54.882492</ele>
        <time>2014-04-29T07:40:41.165000Z</time>
      </trkpt>
      <trkpt lat="38.818707" lon="121.14784">
        <ele>56.186443</ele>
        <time>2014-04-29T07:40:44.692000Z</time>
      </trkpt>
      <trkpt lat="38.81869" lon="121.14771">
        <ele>57.926037</ele>
        <time>2014-04-29T07:40:48.219000Z</time>
      </trkpt>
      <trkpt lat="38.818626" lon="121.1476">
        <ele>59.856865</ele>
        <time>2014-04-29T07:40:51.746000Z</time>
      </trkpt>
      <trkpt lat="38.818554" lon="121.147514">
        <ele>62.309925</ele>
        <time>2014-04-29T07:40:55.273000Z</time>
      </trkpt>
      <trkpt lat="38.818455" lon="121.14746">
        <ele>64.66371</ele>
        <time>2014-04-29T07:40:58.800000Z</time>
      </trkpt>
      <trkpt lat="38.81835" lon="121.14744">
        <ele>66.50937</ele>
        <time>2014-04-29T07:41:02.327000Z</time>
      </trkpt>
      <trkpt lat="38.81825" lon="121.14744">
        <ele>67.911896</ele>
        <time>2014-04-29T07:41:05.854000Z</time>
      </trkpt>
      <trkpt lat="38.818153" lon="121.14744">
        <ele>67.901924</ele>
        <time>2014-04-29T07:41:09.381000Z</time>
      </trkpt>
      <trkpt lat="38.818047" lon="121.14743">
        <ele>66.07412</ele>
        <time>2014-04-29T07:41:12.908000Z</time>
      </trkpt>
      <trkpt lat="38.817944" lon="121.14743">
        <ele>63.727116</ele>
        <time>2014-04-29T07:41:16.435000Z</time>
      </trkpt>
      <trkpt lat="38.817837" lon="121.14739">
        <ele>62.23275</ele>
        <time>2014-04-29T07:41:19.962000Z</time>
      </trkpt>
      <trkpt lat="38.817734" lon="121.14741">
        <ele>61.53451</ele>
        <time>2014-04-29T07:41:23.489000Z</time>
      </trkpt>
      <trkpt lat="38.81763" lon="121.147415">
        <ele>61.25834</ele>
        <time>2014-04-29T07:41:27.016000Z</time>
      </trkpt>
      <trkpt lat="38.817535" lon="121.14742">
        <ele>61.36721</ele>
        <time>2014-04-29T07:41:30.543000Z</time>
      </trkpt>
      <trkpt lat="38.81744" lon="121.147446">
        <ele>61.846416</ele>
        <time>2014-04-29T07:41:34.070000Z</time>
      </trkpt>
      <trkpt lat="38.817368" lon="121.14751">
        <ele>62.361748</ele>
        <time>2014-04-29T07:41:37.597000Z</time>
      </trkpt>
      <trkpt lat="38.8173" lon="121.14759">
        <ele>61.96066</ele>
        <time>2014-04-29T07:41:41.124000Z</time>
      </trkpt>
      <trkpt lat="38.817234" lon="121.14771">
        <ele>60.07227</ele>
        <time>2014-04-29T07:41:44.651000Z</time>
      </trkpt>
      <trkpt lat="38.81721" lon="121.14783">
        <ele>57.275524</ele>
        <time>2014-04-29T07:41:48.178000Z</time>
      </trkpt>
      <trkpt lat="38.81723" lon="121.14798">
        <ele>54.427807</ele>
        <time>2014-04-29T07:41:51.705000Z</time>
      </trkpt>
      <trkpt lat="38.817276" lon="121.148094">
        <ele>51.79095</ele>
        <time>2014-04-29T07:41:55.232000Z</time>
      </trkpt>
      <trkpt lat="38.81735" lon="121.14819">
        <ele>49.082035</ele>
        <time>2014-04-29T07:41:58.759000Z</time>
      </trkpt>
      <trkpt lat="38.81745" lon="121.148254">
        <ele>46.43228</ele>
        <time>2014-04-29T07:42:02.286000Z</time>
      </trkpt>
      <trkpt lat="38.817547" lon="121.14827">
        <ele>45.09015</ele>
        <time>2014-04-29T07:42:05.813000Z</time>
      </trkpt>
      <trkpt lat="38.817646" lon="121.14828">
        <ele>45.71794</ele>
        <time>2014-04-29T07:42:09.340000Z</time>
      </trkpt>
      <trkpt lat="38.817757" lon="121.148285">
        <ele>48.058506</ele>
        <time>2014-04-29T07:42:12.867000Z</time>
      </trkpt>
      <trkpt lat="38.81786" lon="121.148285">
        <ele>51.03343</ele>
        <time>2014-04-29T07:42:16.394000Z</time>
      </trkpt>
      <trkpt lat="38.81795" lon="121.148285">
        <ele>52.87818</ele>
        <time>2014-04-29T07:42:19.921000Z</time>
      </trkpt>
      <trkpt lat="38.818047" lon="121.1483">
        <ele>52.741146</ele>
        <time>2014-04-29T07:42:23.448000Z</time>
      </trkpt>
      <trkpt lat="38.818134" lon="121.1483">
        <ele>51.245407</ele>
        <time>2014-04-29T07:42:26.975000Z</time>
      </trkpt>
      <trkpt lat="38.818237" lon="121.148285">
        <ele>49.408695</ele>
        <time>2014-04-29T07:42:30.502000Z</time>
      </trkpt>
      <trkpt lat="38.818336" lon="121.14829">
        <ele>48.608894</ele>
        <time>2014-04-29T07:42:34.029000Z</time>
      </trkpt>
      <trkpt lat="38.81847" lon="121.148285">
        <ele>49.67341</ele>
        <time>2014-04-29T07:42:37.556000Z</time>
      </trkpt>
      <trkpt lat="38.818577" lon="121.14824">
        <ele>51.619095</ele>
        <time>2014-04-29T07:42:41.083000Z</time>
      </trkpt>
      <trkpt lat="38.818653" lon="121.14813">
        <ele>52.7483</ele>
        <time>2014-04-29T07:42:44.610000Z</time>
      </trkpt>
      <trkpt lat="38.818707" lon="121.14802">
        <ele>52.56227</ele>
        <time>2014-04-29T07:42:48.137000Z</time>
      </trkpt>
      <trkpt lat="38.81873" lon="121.1479">
        <ele>52.12826</ele>
        <time>2014-04-29T07:42:51.664000Z</time>
      </trkpt>
      <trkpt lat="38.81871" lon="121.14774">
        <ele>52.38685</ele>
        <time>2014-04-29T07:42:55.191000Z</time>
      </trkpt>
      <trkpt lat="38.81865" lon="121.14764">
        <ele>53.086082</ele>
        <time>2014-04-29T07:42:58.718000Z</time>
      </trkpt>
      <trkpt lat="38.81857" lon="121.14754">
        <ele>54.057224</ele>
        <time>2014-04-29T07:43:02.245000Z</time>
      </trkpt>
      <trkpt lat="38.81847" lon="121.14746">
        <ele>55.32119</ele>
        <time>2014-04-29T07:43:05.772000Z</time>
      </trkpt>
      <trkpt lat="38.81838" lon="121.14742">
        <ele>56.363243</ele>
        <time>2014-04-29T07:43:09.299000Z</time>
      </trkpt>
      <trkpt lat="38.818287" lon="121.147415">
        <ele>57.378143</ele>
        <time>2014-04-29T07:43:12.826000Z</time>
      </trkpt>
      <trkpt lat="38.81818" lon="121.14743">
        <ele>58.88317</ele>
        <time>2014-04-29T07:43:16.353000Z</time>
      </trkpt>
      <trkpt lat="38.818085" lon="121.14742">
        <ele>60.57752</ele>
        <time>2014-04-29T07:43:19.880000Z</time>
      </trkpt>
      <trkpt lat="38.817978" lon="121.147415">
        <ele>61.784565</ele>
        <time>2014-04-29T07:43:23.407000Z</time>
      </trkpt>
      <trkpt lat="38.817867" lon="121.147415">
        <ele>62.355705</ele>
        <time>2014-04-29T07:43:26.934000Z</time>
      </trkpt>
      <trkpt lat="38.81777" lon="121.1474">
        <ele>62.49161</ele>
        <time>2014-04-29T07:43:30.461000Z</time>
      </trkpt>
      <trkpt lat="38.81766" lon="121.1474">
        <ele>62.472855</ele>
        <time>2014-04-29T07:43:33.988000Z</time>
      </trkpt>
      <trkpt lat="38.817554" lon="121.1474">
        <ele>62.43467</ele>
        <time>2014-04-29T07:43:37.515000Z</time>
      </trkpt>
      <trkpt lat="38.817444" lon="121.14744">
        <ele>62.47033</ele>
        <time>2014-04-29T07:43:41.042000Z</time>
      </trkpt>
      <trkpt lat="38.81736" lon="121.14751">
        <ele>62.071632</ele>
        <time>2014-04-29T07:43:44.569000Z</time>
      </trkpt>
      <trkpt lat="38.817284" lon="121.14761">
        <ele>60.992645</ele>
        <time>2014-04-29T07:43:48.096000Z</time>
      </trkpt>
      <trkpt lat="38.81725" lon="121.14773">
        <ele>59.879772</ele>
        <time>2014-04-29T07:43:51.623000Z</time>
      </trkpt>
      <trkpt lat="38.817245" lon="121.14786">
        <ele>58.52694</ele>
        <time>2014-04-29T07:43:55.150000Z</time>
      </trkpt>
      <trkpt lat="38.817257" lon="121.14798">
        <ele>56.228508</ele>
        <time>2014-04-29T07:43:58.677000Z</time>
      </trkpt>
      <trkpt lat="38.8173" lon="121.148094">
        <ele>53.70999</ele>
        <time>2014-04-29T07:44:02.204000Z</time>
      </trkpt>
      <trkpt lat="38.817368" lon="121.14819">
        <ele>51.995514</ele>
        <time>2014-04-29T07:44:05.731000Z</time>
      </trkpt>
      <trkpt lat="38.81745" lon="121.14825">
        <ele>51.14909</ele>
        <time>2014-04-29T07:44:09.258000Z</time>
      </trkpt>
      <trkpt lat="38.817566" lon="121.14827">
        <ele>50.894794</ele>
        <time>2014-04-29T07:44:12.785000Z</time>
      </trkpt>
      <trkpt lat="38.817657" lon="121.14827">
        <ele>50.827595</ele>
        <time>2014-04-29T07:44:16.312000Z</time>
      </trkpt>
      <trkpt lat="38.817764" lon="121.14827">
        <ele>50.45556</ele>
        <time>2014-04-29T07:44:19.839000Z</time>
      </trkpt>
      <trkpt lat="38.81786" lon="121.14827">
        <ele>49.610443</ele>
        <time>2014-04-29T07:44:23.366000Z</time>
      </trkpt>
      <trkpt lat="38.817963" lon="121.14828">
        <ele>49.150284</ele>
        <time>2014-04-29T07:44:26.893000Z</time>
      </trkpt>
      <trkpt lat="38.81806" lon="121.148285">
        <ele>49.698254</ele>
        <time>2014-04-29T07:44:30.420000Z</time>
      </trkpt>
      <trkpt lat="38.818165" lon="121.1483">
        <ele>50.789875</ele>
        <time>2014-04-29T07:44:33.947000Z</time>
      </trkpt>
      <trkpt lat="38.81827" lon="121.14829">
        <ele>51.512413</ele>
        <time>2014-04-29T07:44:37.474000Z</time>
      </trkpt>
      <trkpt lat="38.818363" lon="121.148285">
        <ele>51.175728</ele>
        <time>2014-04-29T07:44:41.001000Z</time>
      </trkpt>
      <trkpt lat="38.818462" lon="121.14827">
        <ele>50.041656</ele>
        <time>2014-04-29T07:44:44.528000Z</time>
      </trkpt>
      <trkpt lat="38.818558" lon="121.14823">
        <ele>49.44125</ele>
        <time>2014-04-29T07:44:48.055000Z</time>
      </trkpt>
      <trkpt lat="38.818626" lon="121.14814">
        <ele>50.134655</ele>
        <time>2014-04-29T07:44:51.582000Z</time>
      </trkpt>
      <trkpt lat="38.818676" lon="121.14803">
        <ele>51.321373</ele>
        <time>2014-04-29T07:44:55.109000Z</time>
      </trkpt>
      <trkpt lat="38.818703" lon="121.147896">
        <ele>51.657875</ele>
        <time>2014-04-29T07:44:58.636000Z</time>
      </trkpt>
      <trkpt lat="38.8187" lon="121.14776">
        <ele>51.00284</ele>
        <time>2014-04-29T07:45:02.163000Z</time>
      </trkpt>
      <trkpt lat="38.818665" lon="121.14763">
        <ele>50.288322</ele>
        <time>2014-04-29T07:45:05.690000Z</time>
      </trkpt>
      <trkpt lat="38.818607" lon="121.14754">
        <ele>50.755955</ele>
        <time>2014-04-29T07:45:09.217000Z</time>
      </trkpt>
      <trkpt lat="38.81852" lon="121.14745">
        <ele>52.755604</ele>
        <time>2014-04-29T07:45:12.744000Z</time>
      </trkpt>
      <trkpt lat="38.81842" lon="121.147415">
        <ele>55.5402</ele>
        <time>2014-04-29T07:45:16.271000Z</time>
      </trkpt>
      <trkpt lat="38.818302" lon="121.14741">
        <ele>58.32168</ele>
        <time>2014-04-29T07:45:19.798000Z</time>
      </trkpt>
      <trkpt lat="38.818207" lon="121.147415">
        <ele>60.5143</ele>
        <time>2014-04-29T07:45:23.325000Z</time>
      </trkpt>
      <trkpt lat="38.818104" lon="121.14742">
        <ele>61.622402</ele>
        <time>2014-04-29T07:45:26.852000Z</time>
      </trkpt>
      <trkpt lat="38.817997" lon="121.14742">
        <ele>61.85177</ele>
        <time>2014-04-29T07:45:30.379000Z</time>
      </trkpt>
      <trkpt lat="38.817883" lon="121.14742">
        <ele>61.245823</ele>
        <time>2014-04-29T07:45:33.906000Z</time>
      </trkpt>
      <trkpt lat="38.817787" lon="121.14741">
        <ele>60.34092</ele>
        <time>2014-04-29T07:45:37.433000Z</time>
      </trkpt>
      <trkpt lat="38.817684" lon="121.1474">
        <ele>60.31025</ele>
        <time>2014-04-29T07:45:40.960000Z</time>
      </trkpt>
      <trkpt lat="38.81757" lon="121.1474">
        <ele>61.17459</ele>
        <time>2014-04-29T07:45:44.487000Z</time>
      </trkpt>
      <trkpt lat="38.817455" lon="121.14743">
        <ele>61.96951</ele>
        <time>2014-04-29T07:45:48.014000Z</time>
      </trkpt>
      <trkpt lat="38.817368" lon="121.14751">
        <ele>62.006252</ele>
        <time>2014-04-29T07:45:51.541000Z</time>
      </trkpt>
      <trkpt lat="38.817295" lon="121.147606">
        <ele>61.151123</ele>
        <time>2014-04-29T07:45:55.068000Z</time>
      </trkpt>
      <trkpt lat="38.81725" lon="121.14773">
        <ele>60.003307</ele>
        <time>2014-04-29T07:45:58.595000Z</time>
      </trkpt>
      <trkpt lat="38.81724" lon="121.14785">
        <ele>58.74212</ele>
        <time>2014-04-29T07:46:02.122000Z</time>
      </trkpt>
      <trkpt lat="38.817257" lon="121.148">
        <ele>56.943047</ele>
        <time>2014-04-29T07:46:05.649000Z</time>
      </trkpt>
      <trkpt lat="38.8173" lon="121.14811">
        <ele>54.69962</ele>
        <time>2014-04-29T07:46:09.176000Z</time>
      </trkpt>
      <trkpt lat="38.81737" lon="121.14821">
        <ele>52.69453</ele>
        <time>2014-04-29T07:46:12.703000Z</time>
      </trkpt>
      <trkpt lat="38.817467" lon="121.14825">
        <ele>51.49708</ele>
        <time>2014-04-29T07:46:16.230000Z</time>
      </trkpt>
      <trkpt lat="38.817574" lon="121.14826">
        <ele>50.99136</ele>
        <time>2014-04-29T07:46:19.757000Z</time>
      </trkpt>
      <trkpt lat="38.817677" lon="121.14827">
        <ele>50.73397</ele>
        <time>2014-04-29T07:46:23.284000Z</time>
      </trkpt>
      <trkpt lat="38.81777" lon="121.14827">
        <ele>50.514908</ele>
        <time>2014-04-29T07:46:26.811000Z</time>
      </trkpt>
      <trkpt lat="38.817863" lon="121.14828">
        <ele>50.428894</ele>
        <time>2014-04-29T07:46:30.338000Z</time>
      </trkpt>
      <trkpt lat="38.81796" lon="121.14828">
        <ele>50.46931</ele>
        <time>2014-04-29T07:46:33.865000Z</time>
      </trkpt>
      <trkpt lat="38.81806" lon="121.148285">
        <ele>50.399532</ele>
        <time>2014-04-29T07:46:37.392000Z</time>
      </trkpt>
      <trkpt lat="38.81817" lon="121.148285">
        <ele>50.15121</ele>
        <time>2014-04-29T07:46:40.919000Z</time>
      </trkpt>
      <trkpt lat="38.818268" lon="121.148285">
        <ele>49.855408</ele>
        <time>2014-04-29T07:46:44.446000Z</time>
      </trkpt>
      <trkpt lat="38.818367" lon="121.14831">
        <ele>49.56074</ele>
        <time>2014-04-29T07:46:47.973000Z</time>
      </trkpt>
      <trkpt lat="38.81848" lon="121.14828">
        <ele>49.802963</ele>
        <time>2014-04-29T07:46:51.500000Z</time>
      </trkpt>
      <trkpt lat="38.81857" lon="121.14821">
        <ele>50.95777</ele>
        <time>2014-04-29T07:46:55.027000Z</time>
      </trkpt>
      <trkpt lat="38.818645" lon="121.1481">
        <ele>52.258636</ele>
        <time>2014-04-29T07:46:58.554000Z</time>
      </trkpt>
      <trkpt lat="38.818687" lon="121.14799">
        <ele>52.97055</ele>
        <time>2014-04-29T07:47:02.081000Z</time>
      </trkpt>
      <trkpt lat="38.818707" lon="121.14787">
        <ele>53.157726</ele>
        <time>2014-04-29T07:47:05.608000Z</time>
      </trkpt>
      <trkpt lat="38.818695" lon="121.147736">
        <ele>52.784607</ele>
        <time>2014-04-29T07:47:09.135000Z</time>
      </trkpt>
      <trkpt lat="38.818653" lon="121.14761">
        <ele>51.974384</ele>
        <time>2014-04-29T07:47:12.662000Z</time>
      </trkpt>
      <trkpt lat="38.818577" lon="121.14751">
        <ele>51.888855</ele>
        <time>2014-04-29T07:47:16.189000Z</time>
      </trkpt>
      <trkpt lat="38.81849" lon="121.147446">
        <ele>53.673256</ele>
        <time>2014-04-29T07:47:19.716000Z</time>
      </trkpt>
      <trkpt lat="38.818382" lon="121.147415">
        <ele>56.619896</ele>
        <time>2014-04-29T07:47:23.243000Z</time>
      </trkpt>
      <trkpt lat="38.818275" lon="121.14743">
        <ele>58.9179</ele>
        <time>2014-04-29T07:47:26.770000Z</time>
      </trkpt>
      <trkpt lat="38.818172" lon="121.14742">
        <ele>59.85555</ele>
        <time>2014-04-29T07:47:30.297000Z</time>
      </trkpt>
      <trkpt lat="38.818066" lon="121.14742">
        <ele>60.132305</ele>
        <time>2014-04-29T07:47:33.824000Z</time>
      </trkpt>
      <trkpt lat="38.81797" lon="121.14741">
        <ele>60.869217</ele>
        <time>2014-04-29T07:47:37.351000Z</time>
      </trkpt>
      <trkpt lat="38.817856" lon="121.1474">
        <ele>62.513103</ele>
        <time>2014-04-29T07:47:40.878000Z</time>
      </trkpt>
      <trkpt lat="38.817757" lon="121.14739">
        <ele>64.36531</ele>
        <time>2014-04-29T07:47:44.405000Z</time>
      </trkpt>
      <trkpt lat="38.817665" lon="121.14739">
        <ele>65.360374</ele>
        <time>2014-04-29T07:47:47.932000Z</time>
      </trkpt>
      <trkpt lat="38.81756" lon="121.14739">
        <ele>64.830215</ele>
        <time>2014-04-29T07:47:51.459000Z</time>
      </trkpt>
      <trkpt lat="38.81746" lon="121.147415">
        <ele>63.170826</ele>
        <time>2014-04-29T07:47:54.986000Z</time>
      </trkpt>
      <trkpt lat="38.817368" lon="121.14748">
        <ele>61.59627</ele>
        <time>2014-04-29T07:47:58.513000Z</time>
      </trkpt>
      <trkpt lat="38.81731" lon="121.14757">
        <ele>60.807095</ele>
        <time>2014-04-29T07:48:02.040000Z</time>
      </trkpt>
      <trkpt lat="38.81726" lon="121.14767">
        <ele>60.24137</ele>
        <time>2014-04-29T07:48:05.567000Z</time>
      </trkpt>
      <trkpt lat="38.817245" lon="121.1478">
        <ele>58.930492</ele>
        <time>2014-04-29T07:48:09.094000Z</time>
      </trkpt>
      <trkpt lat="38.817253" lon="121.147934">
        <ele>56.755386</ele>
        <time>2014-04-29T07:48:12.621000Z</time>
      </trkpt>
      <trkpt lat="38.81727" lon="121.148056">
        <ele>54.527687</ele>
        <time>2014-04-29T07:48:16.148000Z</time>
      </trkpt>
      <trkpt lat="38.81732" lon="121.14815">
        <ele>52.93215</ele>
        <time>2014-04-29T07:48:19.675000Z</time>
      </trkpt>
      <trkpt lat="38.8174" lon="121.14823">
        <ele>52.101376</ele>
        <time>2014-04-29T07:48:23.202000Z</time>
      </trkpt>
      <trkpt lat="38.817505" lon="121.148254">
        <ele>51.649063</ele>
        <time>2014-04-29T07:48:26.729000Z</time>
      </trkpt>
      <trkpt lat="38.817604" lon="121.14826">
        <ele>51.025368</ele>
        <time>2014-04-29T07:48:30.256000Z</time>
      </trkpt>
      <trkpt lat="38.817715" lon="121.14827">
        <ele>50.143257</ele>
        <time>2014-04-29T07:48:33.783000Z</time>
      </trkpt>
      <trkpt lat="38.817806" lon="121.14827">
        <ele>49.433033</ele>
        <time>2014-04-29T07:48:37.310000Z</time>
      </trkpt>
      <trkpt lat="38.8179" lon="121.14827">
        <ele>49.057205</ele>
        <time>2014-04-29T07:48:40.837000Z</time>
      </trkpt>
      <trkpt lat="38.818012" lon="121.14828">
        <ele>49.129288</ele>
        <time>2014-04-29T07:48:44.364000Z</time>
      </trkpt>
      <trkpt lat="38.818123" lon="121.14829">
        <ele>49.828033</ele>
        <time>2014-04-29T07:48:47.891000Z</time>
      </trkpt>
      <trkpt lat="38.818226" lon="121.14829">
        <ele>50.720943</ele>
        <time>2014-04-29T07:48:51.418000Z</time>
      </trkpt>
      <trkpt lat="38.81833" lon="121.14829">
        <ele>50.8658</ele>
        <time>2014-04-29T07:48:54.945000Z</time>
      </trkpt>
      <trkpt lat="38.81844" lon="121.148285">
        <ele>50.029705</ele>
        <time>2014-04-29T07:48:58.472000Z</time>
      </trkpt>
      <trkpt lat="38.81854" lon="121.148224">
        <ele>48.749413</ele>
        <time>2014-04-29T07:49:01.999000Z</time>
      </trkpt>
      <trkpt lat="38.818623" lon="121.14814">
        <ele>47.662254</ele>
        <time>2014-04-29T07:49:05.526000Z</time>
      </trkpt>
      <trkpt lat="38.818684" lon="121.14803">
        <ele>47.798492</ele>
        <time>2014-04-29T07:49:09.053000Z</time>
      </trkpt>
      <trkpt lat="38.818714" lon="121.147896">
        <ele>49.942947</ele>
        <time>2014-04-29T07:49:12.580000Z</time>
      </trkpt>
      <trkpt lat="38.818703" lon="121.14777">
        <ele>52.88831</ele>
        <time>2014-04-29T07:49:16.107000Z</time>
      </trkpt>
      <trkpt lat="38.818653" lon="121.14764">
        <ele>54.803688</ele>
        <time>2014-04-29T07:49:19.634000Z</time>
      </trkpt>
      <trkpt lat="38.818584" lon="121.14754">
        <ele>55.365917</ele>
        <time>2014-04-29T07:49:23.161000Z</time>
      </trkpt>
      <trkpt lat="38.81851" lon="121.14748">
        <ele>55.322636</ele>
        <time>2014-04-29T07:49:26.688000Z</time>
      </trkpt>
      <trkpt lat="38.818398" lon="121.14743">
        <ele>55.61632</ele>
        <time>2014-04-29T07:49:30.215000Z</time>
      </trkpt>
      <trkpt lat="38.818283" lon="121.147415">
        <ele>56.23084</ele>
        <time>2014-04-29T07:49:33.742000Z</time>
      </trkpt>
      <trkpt lat="38.818172" lon="121.14742">
        <ele>56.51267</ele>
        <time>2014-04-29T07:49:37.269000Z</time>
      </trkpt>
      <trkpt lat="38.818058" lon="121.14741">
        <ele>56.430073</ele>
        <time>2014-04-29T07:49:40.796000Z</time>
      </trkpt>
      <trkpt lat="38.81796" lon="121.1474">
        <ele>56.354855</ele>
        <time>2014-04-29T07:49:44.323000Z</time>
      </trkpt>
      <trkpt lat="38.817856" lon="121.14739">
        <ele>56.31392</ele>
        <time>2014-04-29T07:49:47.850000Z</time>
      </trkpt>
      <trkpt lat="38.817757" lon="121.14739">
        <ele>56.361897</ele>
        <time>2014-04-29T07:49:51.377000Z</time>
      </trkpt>
      <trkpt lat="38.817654" lon="121.147385">
        <ele>56.42251</ele>
        <time>2014-04-29T07:49:54.904000Z</time>
      </trkpt>
      <trkpt lat="38.817554" lon="121.1474">
        <ele>56.3594</ele>
        <time>2014-04-29T07:49:58.431000Z</time>
      </trkpt>
      <trkpt lat="38.817444" lon="121.14743">
        <ele>56.2303</ele>
        <time>2014-04-29T07:50:01.958000Z</time>
      </trkpt>
      <trkpt lat="38.817352" lon="121.14749">
        <ele>56.22183</ele>
        <time>2014-04-29T07:50:05.485000Z</time>
      </trkpt>
      <trkpt lat="38.817276" lon="121.14759">
        <ele>56.323048</ele>
        <time>2014-04-29T07:50:09.012000Z</time>
      </trkpt>
      <trkpt lat="38.81724" lon="121.14772">
        <ele>56.339283</ele>
        <time>2014-04-29T07:50:12.539000Z</time>
      </trkpt>
      <trkpt lat="38.817238" lon="121.14784">
        <ele>56.136436</ele>
        <time>2014-04-29T07:50:16.066000Z</time>
      </trkpt>
      <trkpt lat="38.81727" lon="121.147995">
        <ele>55.6523</ele>
        <time>2014-04-29T07:50:19.593000Z</time>
      </trkpt>
      <trkpt lat="38.81732" lon="121.1481">
        <ele>54.06527</ele>
        <time>2014-04-29T07:50:23.120000Z</time>
      </trkpt>
      <trkpt lat="38.81739" lon="121.1482">
        <ele>51.187836</ele>
        <time>2014-04-29T07:50:26.647000Z</time>
      </trkpt>
      <trkpt lat="38.817497" lon="121.14826">
        <ele>48.7937</ele>
        <time>2014-04-29T07:50:30.174000Z</time>
      </trkpt>
      <trkpt lat="38.81761" lon="121.14827">
        <ele>48.144207</ele>
        <time>2014-04-29T07:50:33.701000Z</time>
      </trkpt>
      <trkpt lat="38.81772" lon="121.14827">
        <ele>48.516605</ele>
        <time>2014-04-29T07:50:37.228000Z</time>
      </trkpt>
      <trkpt lat="38.81781" lon="121.14827">
        <ele>48.916706</ele>
        <time>2014-04-29T07:50:40.755000Z</time>
      </trkpt>
      <trkpt lat="38.817924" lon="121.14826">
        <ele>48.664223</ele>
        <time>2014-04-29T07:50:44.282000Z</time>
      </trkpt>
      <trkpt lat="38.818035" lon="121.14826">
        <ele>47.68986</ele>
        <time>2014-04-29T07:50:47.809000Z</time>
      </trkpt>
      <trkpt lat="38.81813" lon="121.14827">
        <ele>46.83884</ele>
        <time>2014-04-29T07:50:51.336000Z</time>
      </trkpt>
      <trkpt lat="38.818245" lon="121.14827">
        <ele>46.77884</ele>
        <time>2014-04-29T07:50:54.863000Z</time>
      </trkpt>
      <trkpt lat="38.81834" lon="121.14828">
        <ele>47.2041</ele>
        <time>2014-04-29T07:50:58.390000Z</time>
      </trkpt>
      <trkpt lat="38.81843" lon="121.14826">
        <ele>47.590275</ele>
        <time>2014-04-29T07:51:01.917000Z</time>
      </trkpt>
      <trkpt lat="38.818546" lon="121.14822">
        <ele>48.10264</ele>
        <time>2014-04-29T07:51:05.444000Z</time>
      </trkpt>
      <trkpt lat="38.81863" lon="121.14812">
        <ele>49.08411</ele>
        <time>2014-04-29T07:51:08.971000Z</time>
      </trkpt>
      <trkpt lat="38.818684" lon="121.147995">
        <ele>50.43895</ele>
        <time>2014-04-29T07:51:12.498000Z</time>
      </trkpt>
      <trkpt lat="38.8187" lon="121.14787">
        <ele>51.814827</ele>
        <time>2014-04-29T07:51:16.025000Z</time>
      </trkpt>
      <trkpt lat="38.818687" lon="121.14773">
        <ele>52.831093</ele>
        <time>2014-04-29T07:51:19.552000Z</time>
      </trkpt>
      <trkpt lat="38.818634" lon="121.1476">
        <ele>53.274094</ele>
        <time>2014-04-29T07:51:23.079000Z</time>
      </trkpt>
      <trkpt lat="38.818573" lon="121.14751">
        <ele>53.33924</ele>
        <time>2014-04-29T07:51:26.606000Z</time>
      </trkpt>
      <trkpt lat="38.8185" lon="121.14744">
        <ele>53.670094</ele>
        <time>2014-04-29T07:51:30.133000Z</time>
      </trkpt>
      <trkpt lat="38.818382" lon="121.1474">
        <ele>54.135708</ele>
        <time>2014-04-29T07:51:33.660000Z</time>
      </trkpt>
      <trkpt lat="38.818283" lon="121.14741">
        <ele>54.26868</ele>
        <time>2014-04-29T07:51:37.187000Z</time>
      </trkpt>
      <trkpt lat="38.818165" lon="121.147415">
        <ele>54.51854</ele>
        <time>2014-04-29T07:51:40.714000Z</time>
      </trkpt>
      <trkpt lat="38.818066" lon="121.147415">
        <ele>55.10207</ele>
        <time>2014-04-29T07:51:44.241000Z</time>
      </trkpt>
      <trkpt lat="38.817974" lon="121.14742">
        <ele>55.43106</ele>
        <time>2014-04-29T07:51:47.768000Z</time>
      </trkpt>
      <trkpt lat="38.81785" lon="121.14743">
        <ele>54.84335</ele>
        <time>2014-04-29T07:51:51.295000Z</time>
      </trkpt>
      <trkpt lat="38.81774" lon="121.14742">
        <ele>53.162483</ele>
        <time>2014-04-29T07:51:54.822000Z</time>
      </trkpt>
      <trkpt lat="38.817646" lon="121.147415">
        <ele>51.75071</ele>
        <time>2014-04-29T07:51:58.349000Z</time>
      </trkpt>
      <trkpt lat="38.817528" lon="121.1474">
        <ele>51.701927</ele>
        <time>2014-04-29T07:52:01.876000Z</time>
      </trkpt>
      <trkpt lat="38.81742" lon="121.14744">
        <ele>52.370636</ele>
        <time>2014-04-29T07:52:05.403000Z</time>
      </trkpt>
      <trkpt lat="38.81734" lon="121.1475">
        <ele>53.26775</ele>
        <time>2014-04-29T07:52:08.930000Z</time>
      </trkpt>
      <trkpt lat="38.817276" lon="121.14759">
        <ele>54.435383</ele>
        <time>2014-04-29T07:52:12.457000Z</time>
      </trkpt>
      <trkpt lat="38.817234" lon="121.147705">
        <ele>55.02861</ele>
        <time>2014-04-29T07:52:15.984000Z</time>
      </trkpt>
      <trkpt lat="38.81723" lon="121.147835">
        <ele>54.02224</ele>
        <time>2014-04-29T07:52:19.511000Z</time>
      </trkpt>
      <trkpt lat="38.817245" lon="121.14797">
        <ele>51.828445</ele>
        <time>2014-04-29T07:52:23.038000Z</time>
      </trkpt>
      <trkpt lat="38.817295" lon="121.14808">
        <ele>49.384624</ele>
        <time>2014-04-29T07:52:26.565000Z</time>
      </trkpt>
      <trkpt lat="38.81736" lon="121.14818">
        <ele>47.126602</ele>
        <time>2014-04-29T07:52:30.092000Z</time>
      </trkpt>
      <trkpt lat="38.817448" lon="121.148254">
        <ele>45.258747</ele>
        <time>2014-04-29T07:52:33.619000Z</time>
      </trkpt>
      <trkpt lat="38.817543" lon="121.14828">
        <ele>44.182888</ele>
        <time>2014-04-29T07:52:37.146000Z</time>
      </trkpt>
      <trkpt lat="38.817642" lon="121.14828">
        <ele>44.247463</ele>
        <time>2014-04-29T07:52:40.673000Z</time>
      </trkpt>
      <trkpt lat="38.817753" lon="121.14826">
        <ele>45.198833</ele>
        <time>2014-04-29T07:52:44.200000Z</time>
      </trkpt>
      <trkpt lat="38.817852" lon="121.14827">
        <ele>46.1688</ele>
        <time>2014-04-29T07:52:47.727000Z</time>
      </trkpt>
      <trkpt lat="38.817966" lon="121.14828">
        <ele>46.622284</ele>
        <time>2014-04-29T07:52:51.254000Z</time>
      </trkpt>
      <trkpt lat="38.818066" lon="121.14828">
        <ele>46.58333</ele>
        <time>2014-04-29T07:52:54.781000Z</time>
      </trkpt>
      <trkpt lat="38.81816" lon="121.14828">
        <ele>46.31707</ele>
        <time>2014-04-29T07:52:58.308000Z</time>
      </trkpt>
      <trkpt lat="38.818256" lon="121.148285">
        <ele>46.621197</ele>
        <time>2014-04-29T07:53:01.835000Z</time>
      </trkpt>
      <trkpt lat="38.818356" lon="121.148285">
        <ele>47.94729</ele>
        <time>2014-04-29T07:53:05.362000Z</time>
      </trkpt>
      <trkpt lat="38.818447" lon="121.14829">
        <ele>49.356655</ele>
        <time>2014-04-29T07:53:08.889000Z</time>
      </trkpt>
      <trkpt lat="38.81855" lon="121.14825">
        <ele>49.858624</ele>
        <time>2014-04-29T07:53:12.416000Z</time>
      </trkpt>
      <trkpt lat="38.81863" lon="121.148155">
        <ele>49.541523</ele>
        <time>2014-04-29T07:53:15.943000Z</time>
      </trkpt>
      <trkpt lat="38.818687" lon="121.14803">
        <ele>48.651917</ele>
        <time>2014-04-29T07:53:19.470000Z</time>
      </trkpt>
      <trkpt lat="38.818695" lon="121.14788">
        <ele>47.452896</ele>
        <time>2014-04-29T07:53:22.997000Z</time>
      </trkpt>
      <trkpt lat="38.818684" lon="121.14774">
        <ele>46.50306</ele>
        <time>2014-04-29T07:53:26.524000Z</time>
      </trkpt>
      <trkpt lat="38.81865" lon="121.14763">
        <ele>46.752377</ele>
        <time>2014-04-29T07:53:30.051000Z</time>
      </trkpt>
      <trkpt lat="38.818584" lon="121.14752">
        <ele>48.42061</ele>
        <time>2014-04-29T07:53:33.578000Z</time>
      </trkpt>
      <trkpt lat="38.81851" lon="121.14745">
        <ele>50.48771</ele>
        <time>2014-04-29T07:53:37.105000Z</time>
      </trkpt>
      <trkpt lat="38.818417" lon="121.14742">
        <ele>51.959946</ele>
        <time>2014-04-29T07:53:40.632000Z</time>
      </trkpt>
      <trkpt lat="38.818302" lon="121.147415">
        <ele>52.91153</ele>
        <time>2014-04-29T07:53:44.159000Z</time>
      </trkpt>
      <trkpt lat="38.818184" lon="121.147415">
        <ele>54.126076</ele>
        <time>2014-04-29T07:53:47.686000Z</time>
      </trkpt>
      <trkpt lat="38.818066" lon="121.147415">
        <ele>55.8774</ele>
        <time>2014-04-29T07:53:51.213000Z</time>
      </trkpt>
      <trkpt lat="38.817966" lon="121.14741">
        <ele>57.331192</ele>
        <time>2014-04-29T07:53:54.740000Z</time>
      </trkpt>
      <trkpt lat="38.81787" lon="121.14741">
        <ele>57.67719</ele>
        <time>2014-04-29T07:53:58.267000Z</time>
      </trkpt>
      <trkpt lat="38.81776" lon="121.14741">
        <ele>57.084934</ele>
        <time>2014-04-29T07:54:01.794000Z</time>
      </trkpt>
      <trkpt lat="38.817646" lon="121.1474">
        <ele>56.329113</ele>
        <time>2014-04-29T07:54:05.321000Z</time>
      </trkpt>
      <trkpt lat="38.81756" lon="121.1474">
        <ele>56.001476</ele>
        <time>2014-04-29T07:54:08.848000Z</time>
      </trkpt>
      <trkpt lat="38.817463" lon="121.147415">
        <ele>56.187496</ele>
        <time>2014-04-29T07:54:12.375000Z</time>
      </trkpt>
      <trkpt lat="38.817364" lon="121.14749">
        <ele>56.692074</ele>
        <time>2014-04-29T07:54:15.902000Z</time>
      </trkpt>
      <trkpt lat="38.81729" lon="121.14758">
        <ele>57.08591</ele>
        <time>2014-04-29T07:54:19.429000Z</time>
      </trkpt>
      <trkpt lat="38.81725" lon="121.14772">
        <ele>56.5534</ele>
        <time>2014-04-29T07:54:22.956000Z</time>
      </trkpt>
      <trkpt lat="38.817234" lon="121.14787">
        <ele>54.773354</ele>
        <time>2014-04-29T07:54:26.483000Z</time>
      </trkpt>
      <trkpt lat="38.81727" lon="121.14801">
        <ele>52.565765</ele>
        <time>2014-04-29T07:54:30.010000Z</time>
      </trkpt>
      <trkpt lat="38.817318" lon="121.14814">
        <ele>50.7042</ele>
        <time>2014-04-29T07:54:33.537000Z</time>
      </trkpt>
      <trkpt lat="38.8174" lon="121.14823">
        <ele>49.343704</ele>
        <time>2014-04-29T07:54:37.064000Z</time>
      </trkpt>
      <trkpt lat="38.81752" lon="121.14828">
        <ele>48.68328</ele>
        <time>2014-04-29T07:54:40.591000Z</time>
      </trkpt>
      <trkpt lat="38.81761" lon="121.14828">
        <ele>48.647305</ele>
        <time>2014-04-29T07:54:44.118000Z</time>
      </trkpt>
      <trkpt lat="38.817703" lon="121.14827">
        <ele>48.84783</ele>
        <time>2014-04-29T07:54:47.645000Z</time>
      </trkpt>
      <trkpt lat="38.8178" lon="121.14828">
        <ele>48.869564</ele>
        <time>2014-04-29T07:54:51.172000Z</time>
      </trkpt>
      <trkpt lat="38.81789" lon="121.14828">
        <ele>48.779823</ele>
        <time>2014-04-29T07:54:54.699000Z</time>
      </trkpt>
      <trkpt lat="38.81798" lon="121.14829">
        <ele>48.996655</ele>
        <time>2014-04-29T07:54:58.226000Z</time>
      </trkpt>
      <trkpt lat="38.818096" lon="121.148285">
        <ele>49.472935</ele>
        <time>2014-04-29T07:55:01.753000Z</time>
      </trkpt>
      <trkpt lat="38.818184" lon="121.14829">
        <ele>49.84955</ele>
        <time>2014-04-29T07:55:05.280000Z</time>
      </trkpt>
      <trkpt lat="38.818287" lon="121.1483">
        <ele>50.28544</ele>
        <time>2014-04-29T07:55:08.807000Z</time>
      </trkpt>
      <trkpt lat="38.81838" lon="121.1483">
        <ele>51.06217</ele>
        <time>2014-04-29T07:55:12.334000Z</time>
      </trkpt>
      <trkpt lat="38.818485" lon="121.14826">
        <ele>51.951607</ele>
        <time>2014-04-29T07:55:15.861000Z</time>
      </trkpt>
      <trkpt lat="38.81856" lon="121.1482">
        <ele>52.709633</ele>
        <time>2014-04-29T07:55:19.388000Z</time>
      </trkpt>
      <trkpt lat="38.818626" lon="121.148094">
        <ele>53.22255</ele>
        <time>2014-04-29T07:55:22.915000Z</time>
      </trkpt>
      <trkpt lat="38.81867" lon="121.147995">
        <ele>53.445812</ele>
        <time>2014-04-29T07:55:26.442000Z</time>
      </trkpt>
      <trkpt lat="38.818695" lon="121.14786">
        <ele>53.687725</ele>
        <time>2014-04-29T07:55:29.969000Z</time>
      </trkpt>
      <trkpt lat="38.818695" lon="121.14773">
        <ele>54.232433</ele>
        <time>2014-04-29T07:55:33.496000Z</time>
      </trkpt>
      <trkpt lat="38.818626" lon="121.14758">
        <ele>54.981647</ele>
        <time>2014-04-29T07:55:37.023000Z</time>
      </trkpt>
      <trkpt lat="38.818535" lon="121.14748">
        <ele>55.72227</ele>
        <time>2014-04-29T07:55:40.550000Z</time>
      </trkpt>
      <trkpt lat="38.818424" lon="121.147415">
        <ele>56.14117</ele>
        <time>2014-04-29T07:55:44.077000Z</time>
      </trkpt>
      <trkpt lat="38.818314" lon="121.147415">
        <ele>56.05912</ele>
        <time>2014-04-29T07:55:47.604000Z</time>
      </trkpt>
      <trkpt lat="38.8182" lon="121.14742">
        <ele>55.634563</ele>
        <time>2014-04-29T07:55:51.131000Z</time>
      </trkpt>
      <trkpt lat="38.8181" lon="121.14742">
        <ele>55.341663</ele>
        <time>2014-04-29T07:55:54.658000Z</time>
      </trkpt>
      <trkpt lat="38.817978" lon="121.147415">
        <ele>55.449802</ele>
        <time>2014-04-29T07:55:58.185000Z</time>
      </trkpt>
      <trkpt lat="38.817875" lon="121.1474">
        <ele>55.663982</ele>
        <time>2014-04-29T07:56:01.712000Z</time>
      </trkpt>
      <trkpt lat="38.81776" lon="121.1474">
        <ele>55.491146</ele>
        <time>2014-04-29T07:56:05.239000Z</time>
      </trkpt>
      <trkpt lat="38.81766" lon="121.14739">
        <ele>54.89079</ele>
        <time>2014-04-29T07:56:08.766000Z</time>
      </trkpt>
      <trkpt lat="38.817562" lon="121.14739">
        <ele>54.30138</ele>
        <time>2014-04-29T07:56:12.293000Z</time>
      </trkpt>
      <trkpt lat="38.817463" lon="121.1474">
        <ele>53.80836</ele>
        <time>2014-04-29T07:56:15.820000Z</time>
      </trkpt>
      <trkpt lat="38.81737" lon="121.14746">
        <ele>53.171734</ele>
        <time>2014-04-29T07:56:19.347000Z</time>
      </trkpt>
      <trkpt lat="38.81729" lon="121.14755">
        <ele>52.566948</ele>
        <time>2014-04-29T07:56:22.874000Z</time>
      </trkpt>
      <trkpt lat="38.81723" lon="121.147705">
        <ele>52.268906</ele>
        <time>2014-04-29T07:56:26.401000Z</time>
      </trkpt>
      <trkpt lat="38.81722" lon="121.147835">
        <ele>52.306873</ele>
        <time>2014-04-29T07:56:29.928000Z</time>
      </trkpt>
      <trkpt lat="38.81723" lon="121.14795">
        <ele>52.406067</ele>
        <time>2014-04-29T07:56:33.455000Z</time>
      </trkpt>
      <trkpt lat="38.817284" lon="121.14809">
        <ele>52.150787</ele>
        <time>2014-04-29T07:56:36.982000Z</time>
      </trkpt>
      <trkpt lat="38.817345" lon="121.14818">
        <ele>51.209923</ele>
        <time>2014-04-29T07:56:40.509000Z</time>
      </trkpt>
      <trkpt lat="38.817436" lon="121.14824">
        <ele>49.755272</ele>
        <time>2014-04-29T07:56:44.036000Z</time>
      </trkpt>
      <trkpt lat="38.81755" lon="121.14827">
        <ele>48.527027</ele>
        <time>2014-04-29T07:56:47.563000Z</time>
      </trkpt>
      <trkpt lat="38.817642" lon="121.14827">
        <ele>47.789444</ele>
        <time>2014-04-29T07:56:51.090000Z</time>
      </trkpt>
      <trkpt lat="38.817757" lon="121.14827">
        <ele>46.72623</ele>
        <time>2014-04-29T07:56:54.617000Z</time>
      </trkpt>
      <trkpt lat="38.81786" lon="121.14827">
        <ele>45.10199</ele>
        <time>2014-04-29T07:56:58.144000Z</time>
      </trkpt>
      <trkpt lat="38.81796" lon="121.14827">
        <ele>43.748245</ele>
        <time>2014-04-29T07:57:01.671000Z</time>
      </trkpt>
      <trkpt lat="38.818054" lon="121.14829">
        <ele>43.55486</ele>
        <time>2014-04-29T07:57:05.198000Z</time>
      </trkpt>
      <trkpt lat="38.818172" lon="121.1483">
        <ele>44.982334</ele>
        <time>2014-04-29T07:57:08.725000Z</time>
      </trkpt>
      <trkpt lat="38.818264" lon="121.14831">
        <ele>47.693684</ele>
        <time>2014-04-29T07:57:12.252000Z</time>
      </trkpt>
      <trkpt lat="38.81836" lon="121.1483">
        <ele>50.067295</ele>
        <time>2014-04-29T07:57:15.779000Z</time>
      </trkpt>
      <trkpt lat="38.818474" lon="121.14828">
        <ele>51.223312</ele>
        <time>2014-04-29T07:57:19.306000Z</time>
      </trkpt>
      <trkpt lat="38.818565" lon="121.148224">
        <ele>51.459736</ele>
        <time>2014-04-29T07:57:22.833000Z</time>
      </trkpt>
      <trkpt lat="38.81864" lon="121.14813">
        <ele>50.98099</ele>
        <time>2014-04-29T07:57:26.360000Z</time>
      </trkpt>
      <trkpt lat="38.818684" lon="121.14802">
        <ele>50.178257</ele>
        <time>2014-04-29T07:57:29.887000Z</time>
      </trkpt>
      <trkpt lat="38.818707" lon="121.14789">
        <ele>49.437313</ele>
        <time>2014-04-29T07:57:33.414000Z</time>
      </trkpt>
      <trkpt lat="38.818707" lon="121.14776">
        <ele>48.553635</ele>
        <time>2014-04-29T07:57:36.941000Z</time>
      </trkpt>
      <trkpt lat="38.818672" lon="121.147644">
        <ele>47.737362</ele>
        <time>2014-04-29T07:57:40.468000Z</time>
      </trkpt>
      <trkpt lat="38.818607" lon="121.14753">
        <ele>48.175163</ele>
        <time>2014-04-29T07:57:43.995000Z</time>
      </trkpt>
      <trkpt lat="38.818516" lon="121.14746">
        <ele>50.366673</ele>
        <time>2014-04-29T07:57:47.522000Z</time>
      </trkpt>
      <trkpt lat="38.818413" lon="121.14742">
        <ele>52.846764</ele>
        <time>2014-04-29T07:57:51.049000Z</time>
      </trkpt>
      <trkpt lat="38.818317" lon="121.14742">
        <ele>54.06406</ele>
        <time>2014-04-29T07:57:54.576000Z</time>
      </trkpt>
      <trkpt lat="38.8182" lon="121.14742">
        <ele>54.066387</ele>
        <time>2014-04-29T07:57:58.103000Z</time>
      </trkpt>
      <trkpt lat="38.818104" lon="121.147415">
        <ele>53.538467</ele>
        <time>2014-04-29T07:58:01.630000Z</time>
      </trkpt>
      <trkpt lat="38.81799" lon="121.147415">
        <ele>53.192226</ele>
        <time>2014-04-29T07:58:05.157000Z</time>
      </trkpt>
      <trkpt lat="38.817894" lon="121.14742">
        <ele>53.52335</ele>
        <time>2014-04-29T07:58:08.684000Z</time>
      </trkpt>
      <trkpt lat="38.817795" lon="121.14742">
        <ele>54.430782</ele>
        <time>2014-04-29T07:58:12.211000Z</time>
      </trkpt>
      <trkpt lat="38.817677" lon="121.147415">
        <ele>55.04595</ele>
        <time>2014-04-29T07:58:15.738000Z</time>
      </trkpt>
      <trkpt lat="38.817574" lon="121.1474">
        <ele>54.634495</ele>
        <time>2014-04-29T07:58:19.265000Z</time>
      </trkpt>
      <trkpt lat="38.817467" lon="121.147415">
        <ele>53.539494</ele>
        <time>2014-04-29T07:58:22.792000Z</time>
      </trkpt>
      <trkpt lat="38.817368" lon="121.14748">
        <ele>52.906937</ele>
        <time>2014-04-29T07:58:26.319000Z</time>
      </trkpt>
      <trkpt lat="38.817287" lon="121.14758">
        <ele>53.272064</ele>
        <time>2014-04-29T07:58:29.846000Z</time>
      </trkpt>
      <trkpt lat="38.817238" lon="121.14771">
        <ele>53.86031</ele>
        <time>2014-04-29T07:58:33.373000Z</time>
      </trkpt>
      <trkpt lat="38.817223" lon="121.14786">
        <ele>53.68975</ele>
        <time>2014-04-29T07:58:36.900000Z</time>
      </trkpt>
      <trkpt lat="38.817238" lon="121.147995">
        <ele>52.67303</ele>
        <time>2014-04-29T07:58:40.427000Z</time>
      </trkpt>
      <trkpt lat="38.817287" lon="121.14812">
        <ele>51.39748</ele>
        <time>2014-04-29T07:58:43.954000Z</time>
      </trkpt>
      <trkpt lat="38.817368" lon="121.14821">
        <ele>50.243855</ele>
        <time>2014-04-29T07:58:47.481000Z</time>
      </trkpt>
      <trkpt lat="38.81748" lon="121.14826">
        <ele>48.88757</ele>
        <time>2014-04-29T07:58:51.008000Z</time>
      </trkpt>
      <trkpt lat="38.817608" lon="121.148285">
        <ele>47.24768</ele>
        <time>2014-04-29T07:58:54.535000Z</time>
      </trkpt>
      <trkpt lat="38.81772" lon="121.14828">
        <ele>45.96904</ele>
        <time>2014-04-29T07:58:58.062000Z</time>
      </trkpt>
      <trkpt lat="38.81783" lon="121.14828">
        <ele>45.460354</ele>
        <time>2014-04-29T07:59:01.589000Z</time>
      </trkpt>
      <trkpt lat="38.81796" lon="121.148285">
        <ele>45.59283</ele>
        <time>2014-04-29T07:59:05.116000Z</time>
      </trkpt>
      <trkpt lat="38.818054" lon="121.148285">
        <ele>46.07216</ele>
        <time>2014-04-29T07:59:08.643000Z</time>
      </trkpt>
      <trkpt lat="38.818176" lon="121.148285">
        <ele>46.511734</ele>
        <time>2014-04-29T07:59:12.170000Z</time>
      </trkpt>
      <trkpt lat="38.818306" lon="121.148285">
        <ele>46.847256</ele>
        <time>2014-04-29T07:59:15.697000Z</time>
      </trkpt>
      <trkpt lat="38.818424" lon="121.14828">
        <ele>47.017002</ele>
        <time>2014-04-29T07:59:19.224000Z</time>
      </trkpt>
      <trkpt lat="38.818535" lon="121.14823">
        <ele>46.885548</ele>
        <time>2014-04-29T07:59:22.751000Z</time>
      </trkpt>
      <trkpt lat="38.818615" lon="121.14815">
        <ele>46.707138</ele>
        <time>2014-04-29T07:59:26.278000Z</time>
      </trkpt>
      <trkpt lat="38.818672" lon="121.14802">
        <ele>46.810047</ele>
        <time>2014-04-29T07:59:29.805000Z</time>
      </trkpt>
      <trkpt lat="38.8187" lon="121.14788">
        <ele>47.119728</ele>
        <time>2014-04-29T07:59:33.332000Z</time>
      </trkpt>
      <trkpt lat="38.818695" lon="121.14774">
        <ele>47.57983</ele>
        <time>2014-04-29T07:59:36.859000Z</time>
      </trkpt>
      <trkpt lat="38.818653" lon="121.14761">
        <ele>48.131397</ele>
        <time>2014-04-29T07:59:40.386000Z</time>
      </trkpt>
      <trkpt lat="38.81858" lon="121.1475">
        <ele>49.275578</ele>
        <time>2014-04-29T07:59:43.913000Z</time>
      </trkpt>
      <trkpt lat="38.818466" lon="121.14743">
        <ele>51.279156</ele>
        <time>2014-04-29T07:59:47.440000Z</time>
      </trkpt>
      <trkpt lat="38.81838" lon="121.1474">
        <ele>53.074066</ele>
        <time>2014-04-29T07:59:50.967000Z</time>
      </trkpt>
      <trkpt lat="38.818268" lon="121.1474">
        <ele>53.446407</ele>
        <time>2014-04-29T07:59:54.494000Z</time>
      </trkpt>
      <trkpt lat="38.818146" lon="121.14739">
        <ele>52.613354</ele>
        <time>2014-04-29T07:59:58.021000Z</time>
      </trkpt>
      <trkpt lat="38.81803" lon="121.1474">
        <ele>51.541874</ele>
        <time>2014-04-29T08:00:01.548000Z</time>
      </trkpt>
      <trkpt lat="38.817905" lon="121.1474">
        <ele>50.947853</ele>
        <time>2014-04-29T08:00:05.075000Z</time>
      </trkpt>
      <trkpt lat="38.817776" lon="121.1474">
        <ele>51.025505</ele>
        <time>2014-04-29T08:00:08.602000Z</time>
      </trkpt>
      <trkpt lat="38.81768" lon="121.14739">
        <ele>51.622955</ele>
        <time>2014-04-29T08:00:12.129000Z</time>
      </trkpt>
      <trkpt lat="38.817562" lon="121.14739">
        <ele>52.322884</ele>
        <time>2014-04-29T08:00:15.656000Z</time>
      </trkpt>
      <trkpt lat="38.817455" lon="121.14742">
        <ele>52.81452</ele>
        <time>2014-04-29T08:00:19.183000Z</time>
      </trkpt>
      <trkpt lat="38.81735" lon="121.14749">
        <ele>53.3183</ele>
        <time>2014-04-29T08:00:22.710000Z</time>
      </trkpt>
      <trkpt lat="38.817265" lon="121.147606">
        <ele>54.03933</ele>
        <time>2014-04-29T08:00:26.237000Z</time>
      </trkpt>
      <trkpt lat="38.81723" lon="121.14774">
        <ele>54.233677</ele>
        <time>2014-04-29T08:00:29.764000Z</time>
      </trkpt>
      <trkpt lat="38.817234" lon="121.14788">
        <ele>53.00378</ele>
        <time>2014-04-29T08:00:33.291000Z</time>
      </trkpt>
      <trkpt lat="38.81727" lon="121.14802">
        <ele>50.557926</ele>
        <time>2014-04-29T08:00:36.818000Z</time>
      </trkpt>
      <trkpt lat="38.817333" lon="121.14813">
        <ele>47.53933</ele>
        <time>2014-04-29T08:00:40.345000Z</time>
      </trkpt>
      <trkpt lat="38.81744" lon="121.14823">
        <ele>44.744774</ele>
        <time>2014-04-29T08:00:43.872000Z</time>
      </trkpt>
      <trkpt lat="38.817574" lon="121.148285">
        <ele>43.418583</ele>
        <time>2014-04-29T08:00:47.399000Z</time>
      </trkpt>
      <trkpt lat="38.81769" lon="121.148285">
        <ele>43.864098</ele>
        <time>2014-04-29T08:00:50.926000Z</time>
      </trkpt>
      <trkpt lat="38.817818" lon="121.14829">
        <ele>44.938084</ele>
        <time>2014-04-29T08:00:54.453000Z</time>
      </trkpt>
      <trkpt lat="38.81794" lon="121.148285">
        <ele>45.66722</ele>
        <time>2014-04-29T08:00:57.980000Z</time>
      </trkpt>
      <trkpt lat="38.818047" lon="121.14829">
        <ele>46.355206</ele>
        <time>2014-04-29T08:01:01.507000Z</time>
      </trkpt>
      <trkpt lat="38.818157" lon="121.14829">
        <ele>47.588776</ele>
        <time>2014-04-29T08:01:05.034000Z</time>
      </trkpt>
      <trkpt lat="38.818275" lon="121.1483">
        <ele>49.05222</ele>
        <time>2014-04-29T08:01:08.561000Z</time>
      </trkpt>
      <trkpt lat="38.818398" lon="121.14829">
        <ele>49.80667</ele>
        <time>2014-04-29T08:01:12.088000Z</time>
      </trkpt>
      <trkpt lat="38.818516" lon="121.14825">
        <ele>49.605896</ele>
        <time>2014-04-29T08:01:15.615000Z</time>
      </trkpt>
      <trkpt lat="38.818604" lon="121.148155">
        <ele>49.04729</ele>
        <time>2014-04-29T08:01:19.142000Z</time>
      </trkpt>
      <trkpt lat="38.81866" lon="121.14803">
        <ele>48.696793</ele>
        <time>2014-04-29T08:01:22.669000Z</time>
      </trkpt>
      <trkpt lat="38.818687" lon="121.147896">
        <ele>48.64236</ele>
        <time>2014-04-29T08:01:26.196000Z</time>
      </trkpt>
      <trkpt lat="38.818687" lon="121.14776">
        <ele>48.758026</ele>
        <time>2014-04-29T08:01:29.723000Z</time>
      </trkpt>
      <trkpt lat="38.81865" lon="121.14762">
        <ele>49.05555</ele>
        <time>2014-04-29T08:01:33.250000Z</time>
      </trkpt>
      <trkpt lat="38.81859" lon="121.14754">
        <ele>49.56567</ele>
        <time>2014-04-29T08:01:36.777000Z</time>
      </trkpt>
      <trkpt lat="38.818512" lon="121.14746">
        <ele>50.517197</ele>
        <time>2014-04-29T08:01:40.304000Z</time>
      </trkpt>
      <trkpt lat="38.81775" lon="121.14734">
        <ele>51.849957</ele>
        <time>2014-04-29T08:01:43.831000Z</time>
      </trkpt>
      <trkpt lat="38.817738" lon="121.14734">
        <ele>49.4696</ele>
        <time>2014-04-29T08:01:47.358000Z</time>
      </trkpt>
      <trkpt lat="38.817635" lon="121.14739">
        <ele>46.849617</ele>
        <time>2014-04-29T08:01:50.885000Z</time>
      </trkpt>
      <trkpt lat="38.817528" lon="121.147415">
        <ele>45.779335</ele>
        <time>2014-04-29T08:01:54.412000Z</time>
      </trkpt>
      <trkpt lat="38.817528" lon="121.147415">
        <ele>46.343803</ele>
        <time>2014-04-29T08:01:57.939000Z</time>
      </trkpt>
      <trkpt lat="38.817432" lon="121.14744">
        <ele>47.876057</ele>
        <time>2014-04-29T08:02:01.466000Z</time>
      </trkpt>
      <trkpt lat="38.81734" lon="121.14749">
        <ele>49.961536</ele>
        <time>2014-04-29T08:02:04.993000Z</time>
      </trkpt>
      <trkpt lat="38.81727" lon="121.14758">
        <ele>51.98513</ele>
        <time>2014-04-29T08:02:08.520000Z</time>
      </trkpt>
      <trkpt lat="38.817215" lon="121.14771">
        <ele>52.627003</ele>
        <time>2014-04-29T08:02:12.047000Z</time>
      </trkpt>
      <trkpt lat="38.8172" lon="121.147835">
        <ele>51.401966</ele>
        <time>2014-04-29T08:02:15.574000Z</time>
      </trkpt>
      <trkpt lat="38.817207" lon="121.14796">
        <ele>49.45441</ele>
        <time>2014-04-29T08:02:19.101000Z</time>
      </trkpt>
      <trkpt lat="38.81727" lon="121.14808">
        <ele>47.93772</ele>
        <time>2014-04-29T08:02:22.628000Z</time>
      </trkpt>
      <trkpt lat="38.817337" lon="121.148155">
        <ele>46.93954</ele>
        <time>2014-04-29T08:02:26.155000Z</time>
      </trkpt>
      <trkpt lat="38.817436" lon="121.148224">
        <ele>46.226074</ele>
        <time>2014-04-29T08:02:29.682000Z</time>
      </trkpt>
      <trkpt lat="38.817543" lon="121.14826">
        <ele>45.65221</ele>
        <time>2014-04-29T08:02:33.209000Z</time>
      </trkpt>
      <trkpt lat="38.817654" lon="121.14826">
        <ele>45.0303</ele>
        <time>2014-04-29T08:02:36.736000Z</time>
      </trkpt>
      <trkpt lat="38.817764" lon="121.148254">
        <ele>44.11501</ele>
        <time>2014-04-29T08:02:40.263000Z</time>
      </trkpt>
      <trkpt lat="38.817867" lon="121.148254">
        <ele>43.192852</ele>
        <time>2014-04-29T08:02:43.790000Z</time>
      </trkpt>
      <trkpt lat="38.817978" lon="121.14826">
        <ele>42.81244</ele>
        <time>2014-04-29T08:02:47.317000Z</time>
      </trkpt>
      <trkpt lat="38.818085" lon="121.14826">
        <ele>42.80891</ele>
        <time>2014-04-29T08:02:50.844000Z</time>
      </trkpt>
      <trkpt lat="38.8182" lon="121.14827">
        <ele>42.725166</ele>
        <time>2014-04-29T08:02:54.371000Z</time>
      </trkpt>
      <trkpt lat="38.81829" lon="121.14828">
        <ele>42.480015</ele>
        <time>2014-04-29T08:02:57.898000Z</time>
      </trkpt>
      <trkpt lat="38.81841" lon="121.14827">
        <ele>42.49254</ele>
        <time>2014-04-29T08:03:01.425000Z</time>
      </trkpt>
      <trkpt lat="38.81851" lon="121.14824">
        <ele>43.553158</ele>
        <time>2014-04-29T08:03:04.952000Z</time>
      </trkpt>
      <trkpt lat="38.81859" lon="121.14816">
        <ele>45.503918</ele>
        <time>2014-04-29T08:03:08.479000Z</time>
      </trkpt>
      <trkpt lat="38.81865" lon="121.14804">
        <ele>46.6695</ele>
        <time>2014-04-29T08:03:12.006000Z</time>
      </trkpt>
      <trkpt lat="38.81868" lon="121.147934">
        <ele>46.106888</ele>
        <time>2014-04-29T08:03:15.533000Z</time>
      </trkpt>
      <trkpt lat="38.8187" lon="121.14781">
        <ele>45.276398</ele>
        <time>2014-04-29T08:03:19.060000Z</time>
      </trkpt>
      <trkpt lat="38.81868" lon="121.14769">
        <ele>45.5622</ele>
        <time>2014-04-29T08:03:22.587000Z</time>
      </trkpt>
      <trkpt lat="38.81863" lon="121.14758">
        <ele>46.62504</ele>
        <time>2014-04-29T08:03:26.114000Z</time>
      </trkpt>
      <trkpt lat="38.818558" lon="121.14749">
        <ele>47.86251</ele>
        <time>2014-04-29T08:03:29.641000Z</time>
      </trkpt>
      <trkpt lat="38.81846" lon="121.14743">
        <ele>49.00244</ele>
        <time>2014-04-29T08:03:33.168000Z</time>
      </trkpt>
      <trkpt lat="38.81835" lon="121.147415">
        <ele>49.733234</ele>
        <time>2014-04-29T08:03:36.695000Z</time>
      </trkpt>
      <trkpt lat="38.81824" lon="121.1474">
        <ele>49.652786</ele>
        <time>2014-04-29T08:03:40.222000Z</time>
      </trkpt>
      <trkpt lat="38.81815" lon="121.14739">
        <ele>48.738674</ele>
        <time>2014-04-29T08:03:43.749000Z</time>
      </trkpt>
      <trkpt lat="38.818043" lon="121.14739">
        <ele>48.105286</ele>
        <time>2014-04-29T08:03:47.276000Z</time>
      </trkpt>
      <trkpt lat="38.817944" lon="121.1474">
        <ele>48.592407</ele>
        <time>2014-04-29T08:03:50.803000Z</time>
      </trkpt>
      <trkpt lat="38.81784" lon="121.1474">
        <ele>49.140285</ele>
        <time>2014-04-29T08:03:54.330000Z</time>
      </trkpt>
      <trkpt lat="38.81774" lon="121.1474">
        <ele>48.649765</ele>
        <time>2014-04-29T08:03:57.857000Z</time>
      </trkpt>
      <trkpt lat="38.81765" lon="121.14739">
        <ele>47.692913</ele>
        <time>2014-04-29T08:04:01.384000Z</time>
      </trkpt>
      <trkpt lat="38.81755" lon="121.14738">
        <ele>47.31613</ele>
        <time>2014-04-29T08:04:04.911000Z</time>
      </trkpt>
      <trkpt lat="38.817455" lon="121.1474">
        <ele>47.645065</ele>
        <time>2014-04-29T08:04:08.438000Z</time>
      </trkpt>
      <trkpt lat="38.81735" lon="121.14746">
        <ele>48.14919</ele>
        <time>2014-04-29T08:04:11.965000Z</time>
      </trkpt>
      <trkpt lat="38.817257" lon="121.14755">
        <ele>48.942818</ele>
        <time>2014-04-29T08:04:15.492000Z</time>
      </trkpt>
      <trkpt lat="38.817207" lon="121.147675">
        <ele>50.337578</ele>
        <time>2014-04-29T08:04:19.019000Z</time>
      </trkpt>
      <trkpt lat="38.81719" lon="121.1478">
        <ele>51.414455</ele>
        <time>2014-04-29T08:04:22.546000Z</time>
      </trkpt>
      <trkpt lat="38.817215" lon="121.147934">
        <ele>51.18506</ele>
        <time>2014-04-29T08:04:26.073000Z</time>
      </trkpt>
      <trkpt lat="38.817272" lon="121.14805">
        <ele>50.010723</ele>
        <time>2014-04-29T08:04:29.600000Z</time>
      </trkpt>
      <trkpt lat="38.817356" lon="121.14813">
        <ele>48.740837</ele>
        <time>2014-04-29T08:04:33.127000Z</time>
      </trkpt>
      <trkpt lat="38.817448" lon="121.148186">
        <ele>47.712353</ele>
        <time>2014-04-29T08:04:36.654000Z</time>
      </trkpt>
      <trkpt lat="38.81756" lon="121.14823">
        <ele>46.440426</ele>
        <time>2014-04-29T08:04:40.181000Z</time>
      </trkpt>
      <trkpt lat="38.817654" lon="121.14824">
        <ele>45.196808</ele>
        <time>2014-04-29T08:04:43.708000Z</time>
      </trkpt>
      <trkpt lat="38.817753" lon="121.14826">
        <ele>45.196365</ele>
        <time>2014-04-29T08:04:47.235000Z</time>
      </trkpt>
      <trkpt lat="38.817856" lon="121.14827">
        <ele>46.34468</ele>
        <time>2014-04-29T08:04:50.762000Z</time>
      </trkpt>
      <trkpt lat="38.81795" lon="121.14827">
        <ele>47.18772</ele>
        <time>2014-04-29T08:04:54.289000Z</time>
      </trkpt>
      <trkpt lat="38.818047" lon="121.14827">
        <ele>47.120975</ele>
        <time>2014-04-29T08:04:57.816000Z</time>
      </trkpt>
      <trkpt lat="38.81815" lon="121.148285">
        <ele>46.62897</ele>
        <time>2014-04-29T08:05:01.343000Z</time>
      </trkpt>
      <trkpt lat="38.818256" lon="121.14829">
        <ele>46.191975</ele>
        <time>2014-04-29T08:05:04.870000Z</time>
      </trkpt>
      <trkpt lat="38.81836" lon="121.148285">
        <ele>45.84415</ele>
        <time>2014-04-29T08:05:08.397000Z</time>
      </trkpt>
      <trkpt lat="38.81846" lon="121.14826">
        <ele>45.70098</ele>
        <time>2014-04-29T08:05:11.924000Z</time>
      </trkpt>
      <trkpt lat="38.818542" lon="121.1482">
        <ele>46.408184</ele>
        <time>2014-04-29T08:05:15.451000Z</time>
      </trkpt>
      <trkpt lat="38.81862" lon="121.1481">
        <ele>48.112404</ele>
        <time>2014-04-29T08:05:18.978000Z</time>
      </trkpt>
      <trkpt lat="38.818665" lon="121.14799">
        <ele>49.83272</ele>
        <time>2014-04-29T08:05:22.505000Z</time>
      </trkpt>
      <trkpt lat="38.818687" lon="121.147865">
        <ele>50.87443</ele>
        <time>2014-04-29T08:05:26.032000Z</time>
      </trkpt>
      <trkpt lat="38.81868" lon="121.14774">
        <ele>51.423912</ele>
        <time>2014-04-29T08:05:29.559000Z</time>
      </trkpt>
      <trkpt lat="38.818634" lon="121.14762">
        <ele>51.20753</ele>
        <time>2014-04-29T08:05:33.086000Z</time>
      </trkpt>
      <trkpt lat="38.81857" lon="121.147514">
        <ele>50.088066</ele>
        <time>2014-04-29T08:05:36.613000Z</time>
      </trkpt>
      <trkpt lat="38.818474" lon="121.14744">
        <ele>49.42002</ele>
        <time>2014-04-29T08:05:40.140000Z</time>
      </trkpt>
      <trkpt lat="38.818363" lon="121.147415">
        <ele>50.244526</ele>
        <time>2014-04-29T08:05:43.667000Z</time>
      </trkpt>
      <trkpt lat="38.818256" lon="121.14741">
        <ele>51.43851</ele>
        <time>2014-04-29T08:05:47.194000Z</time>
      </trkpt>
      <trkpt lat="38.818146" lon="121.147415">
        <ele>51.68245</ele>
        <time>2014-04-29T08:05:50.721000Z</time>
      </trkpt>
      <trkpt lat="38.818043" lon="121.14741">
        <ele>51.26142</ele>
        <time>2014-04-29T08:05:54.248000Z</time>
      </trkpt>
      <trkpt lat="38.817944" lon="121.14739">
        <ele>50.74242</ele>
        <time>2014-04-29T08:05:57.775000Z</time>
      </trkpt>
      <trkpt lat="38.817852" lon="121.14739">
        <ele>50.37992</ele>
        <time>2014-04-29T08:06:01.302000Z</time>
      </trkpt>
      <trkpt lat="38.817753" lon="121.14739">
        <ele>50.434563</ele>
        <time>2014-04-29T08:06:04.829000Z</time>
      </trkpt>
      <trkpt lat="38.81765" lon="121.14739">
        <ele>50.842148</ele>
        <time>2014-04-29T08:06:08.356000Z</time>
      </trkpt>
      <trkpt lat="38.81756" lon="121.14739">
        <ele>51.20458</ele>
        <time>2014-04-29T08:06:11.883000Z</time>
      </trkpt>
      <trkpt lat="38.81746" lon="121.147415">
        <ele>51.336075</ele>
        <time>2014-04-29T08:06:15.410000Z</time>
      </trkpt>
      <trkpt lat="38.817356" lon="121.147484">
        <ele>51.214035</ele>
        <time>2014-04-29T08:06:18.937000Z</time>
      </trkpt>
      <trkpt lat="38.817272" lon="121.14758">
        <ele>50.989998</ele>
        <time>2014-04-29T08:06:22.464000Z</time>
      </trkpt>
      <trkpt lat="38.817215" lon="121.1477">
        <ele>50.95252</ele>
        <time>2014-04-29T08:06:25.991000Z</time>
      </trkpt>
      <trkpt lat="38.8172" lon="121.14781">
        <ele>50.944035</ele>
        <time>2014-04-29T08:06:29.518000Z</time>
      </trkpt>
      <trkpt lat="38.817226" lon="121.14795">
        <ele>49.989464</ele>
        <time>2014-04-29T08:06:33.045000Z</time>
      </trkpt>
      <trkpt lat="38.81728" lon="121.14807">
        <ele>47.914387</ele>
        <time>2014-04-29T08:06:36.572000Z</time>
      </trkpt>
      <trkpt lat="38.817364" lon="121.148155">
        <ele>45.906155</ele>
        <time>2014-04-29T08:06:40.099000Z</time>
      </trkpt>
      <trkpt lat="38.81744" lon="121.14822">
        <ele>44.748707</ele>
        <time>2014-04-29T08:06:43.626000Z</time>
      </trkpt>
      <trkpt lat="38.81753" lon="121.148254">
        <ele>44.280464</ele>
        <time>2014-04-29T08:06:47.153000Z</time>
      </trkpt>
      <trkpt lat="38.817623" lon="121.14827">
        <ele>44.294174</ele>
        <time>2014-04-29T08:06:50.680000Z</time>
      </trkpt>
      <trkpt lat="38.817734" lon="121.148285">
        <ele>45.40831</ele>
        <time>2014-04-29T08:06:54.207000Z</time>
      </trkpt>
      <trkpt lat="38.817844" lon="121.14829">
        <ele>47.80904</ele>
        <time>2014-04-29T08:06:57.734000Z</time>
      </trkpt>
      <trkpt lat="38.81794" lon="121.14831">
        <ele>50.08192</ele>
        <time>2014-04-29T08:07:01.261000Z</time>
      </trkpt>
      <trkpt lat="38.81803" lon="121.14831">
        <ele>51.165306</ele>
        <time>2014-04-29T08:07:04.788000Z</time>
      </trkpt>
      <trkpt lat="38.818127" lon="121.14832">
        <ele>51.74548</ele>
        <time>2014-04-29T08:07:08.315000Z</time>
      </trkpt>
      <trkpt lat="38.818226" lon="121.14833">
        <ele>52.717384</ele>
        <time>2014-04-29T08:07:11.842000Z</time>
      </trkpt>
      <trkpt lat="38.81833" lon="121.148346">
        <ele>53.96528</ele>
        <time>2014-04-29T08:07:15.369000Z</time>
      </trkpt>
      <trkpt lat="38.818428" lon="121.14832">
        <ele>54.813587</ele>
        <time>2014-04-29T08:07:18.896000Z</time>
      </trkpt>
      <trkpt lat="38.818523" lon="121.14825">
        <ele>54.298965</ele>
        <time>2014-04-29T08:07:22.423000Z</time>
      </trkpt>
      <trkpt lat="38.81861" lon="121.14813">
        <ele>51.51786</ele>
        <time>2014-04-29T08:07:25.950000Z</time>
      </trkpt>
      <trkpt lat="38.81866" lon="121.14803">
        <ele>47.52395</ele>
        <time>2014-04-29T08:07:29.477000Z</time>
      </trkpt>
      <trkpt lat="38.81868" lon="121.14792">
        <ele>44.6371</ele>
        <time>2014-04-29T08:07:33.004000Z</time>
      </trkpt>
      <trkpt lat="38.818687" lon="121.14779">
        <ele>43.692776</ele>
        <time>2014-04-29T08:07:36.531000Z</time>
      </trkpt>
      <trkpt lat="38.818665" lon="121.14767">
        <ele>43.99814</ele>
        <time>2014-04-29T08:07:40.058000Z</time>
      </trkpt>
      <trkpt lat="38.818607" lon="121.14756">
        <ele>44.73595</ele>
        <time>2014-04-29T08:07:43.585000Z</time>
      </trkpt>
      <trkpt lat="38.818546" lon="121.14748">
        <ele>45.578564</ele>
        <time>2014-04-29T08:07:47.112000Z</time>
      </trkpt>
      <trkpt lat="38.81846" lon="121.14742">
        <ele>46.769676</ele>
        <time>2014-04-29T08:07:50.639000Z</time>
      </trkpt>
      <trkpt lat="38.81837" lon="121.14739">
        <ele>48.263714</ele>
        <time>2014-04-29T08:07:54.166000Z</time>
      </trkpt>
      <trkpt lat="38.818264" lon="121.1474">
        <ele>49.10019</ele>
        <time>2014-04-29T08:07:57.693000Z</time>
      </trkpt>
      <trkpt lat="38.818153" lon="121.147415">
        <ele>48.71908</ele>
        <time>2014-04-29T08:08:01.220000Z</time>
      </trkpt>
      <trkpt lat="38.818043" lon="121.147415">
        <ele>47.86668</ele>
        <time>2014-04-29T08:08:04.747000Z</time>
      </trkpt>
      <trkpt lat="38.817932" lon="121.14741">
        <ele>47.59869</ele>
        <time>2014-04-29T08:08:08.274000Z</time>
      </trkpt>
      <trkpt lat="38.81784" lon="121.1474">
        <ele>48.47389</ele>
        <time>2014-04-29T08:08:11.801000Z</time>
      </trkpt>
      <trkpt lat="38.817745" lon="121.14738">
        <ele>50.087845</ele>
        <time>2014-04-29T08:08:15.328000Z</time>
      </trkpt>
      <trkpt lat="38.817642" lon="121.14738">
        <ele>51.067703</ele>
        <time>2014-04-29T08:08:18.855000Z</time>
      </trkpt>
      <trkpt lat="38.817547" lon="121.147385">
        <ele>50.69204</ele>
        <time>2014-04-29T08:08:22.382000Z</time>
      </trkpt>
      <trkpt lat="38.817455" lon="121.14741">
        <ele>49.72212</ele>
        <time>2014-04-29T08:08:25.909000Z</time>
      </trkpt>
      <trkpt lat="38.817375" lon="121.14746">
        <ele>49.0611</ele>
        <time>2014-04-29T08:08:29.436000Z</time>
      </trkpt>
      <trkpt lat="38.817295" lon="121.147545">
        <ele>48.84676</ele>
        <time>2014-04-29T08:08:32.963000Z</time>
      </trkpt>
      <trkpt lat="38.817238" lon="121.14768">
        <ele>48.85354</ele>
        <time>2014-04-29T08:08:36.490000Z</time>
      </trkpt>
      <trkpt lat="38.817223" lon="121.14783">
        <ele>48.856884</ele>
        <time>2014-04-29T08:08:40.017000Z</time>
      </trkpt>
      <trkpt lat="38.817238" lon="121.14798">
        <ele>48.549156</ele>
        <time>2014-04-29T08:08:43.544000Z</time>
      </trkpt>
      <trkpt lat="38.81728" lon="121.14808">
        <ele>47.5011</ele>
        <time>2014-04-29T08:08:47.071000Z</time>
      </trkpt>
      <trkpt lat="38.817356" lon="121.148186">
        <ele>45.90009</ele>
        <time>2014-04-29T08:08:50.598000Z</time>
      </trkpt>
      <trkpt lat="38.81745" lon="121.14825">
        <ele>45.004837</ele>
        <time>2014-04-29T08:08:54.125000Z</time>
      </trkpt>
      <trkpt lat="38.817574" lon="121.14827">
        <ele>45.989628</ele>
        <time>2014-04-29T08:08:57.652000Z</time>
      </trkpt>
      <trkpt lat="38.817677" lon="121.14826">
        <ele>48.33463</ele>
        <time>2014-04-29T08:09:01.179000Z</time>
      </trkpt>
      <trkpt lat="38.817772" lon="121.14826">
        <ele>50.297714</ele>
        <time>2014-04-29T08:09:04.706000Z</time>
      </trkpt>
      <trkpt lat="38.817863" lon="121.14827">
        <ele>50.97113</ele>
        <time>2014-04-29T08:09:08.233000Z</time>
      </trkpt>
      <trkpt lat="38.817974" lon="121.14827">
        <ele>50.83436</ele>
        <time>2014-04-29T08:09:11.760000Z</time>
      </trkpt>
      <trkpt lat="38.818073" lon="121.14827">
        <ele>50.534374</ele>
        <time>2014-04-29T08:09:15.287000Z</time>
      </trkpt>
      <trkpt lat="38.818184" lon="121.14827">
        <ele>50.144016</ele>
        <time>2014-04-29T08:09:18.814000Z</time>
      </trkpt>
      <trkpt lat="38.818287" lon="121.14828">
        <ele>49.405388</ele>
        <time>2014-04-29T08:09:22.341000Z</time>
      </trkpt>
      <trkpt lat="38.818405" lon="121.14828">
        <ele>48.422066</ele>
        <time>2014-04-29T08:09:25.868000Z</time>
      </trkpt>
      <trkpt lat="38.8185" lon="121.14824">
        <ele>47.56356</ele>
        <time>2014-04-29T08:09:29.395000Z</time>
      </trkpt>
      <trkpt lat="38.818573" lon="121.14816">
        <ele>46.896423</ele>
        <time>2014-04-29T08:09:32.922000Z</time>
      </trkpt>
      <trkpt lat="38.818634" lon="121.14806">
        <ele>46.205025</ele>
        <time>2014-04-29T08:09:36.449000Z</time>
      </trkpt>
      <trkpt lat="38.81868" lon="121.14796">
        <ele>45.499924</ele>
        <time>2014-04-29T08:09:39.976000Z</time>
      </trkpt>
      <trkpt lat="38.818687" lon="121.147835">
        <ele>44.977</ele>
        <time>2014-04-29T08:09:43.503000Z</time>
      </trkpt>
      <trkpt lat="38.81866" lon="121.147675">
        <ele>44.738567</ele>
        <time>2014-04-29T08:09:47.030000Z</time>
      </trkpt>
      <trkpt lat="38.81862" lon="121.147575">
        <ele>44.748714</ele>
        <time>2014-04-29T08:09:50.557000Z</time>
      </trkpt>
      <trkpt lat="38.818527" lon="121.14747">
        <ele>45.244637</ele>
        <time>2014-04-29T08:09:54.084000Z</time>
      </trkpt>
      <trkpt lat="38.81843" lon="121.14741">
        <ele>46.38496</ele>
        <time>2014-04-29T08:09:57.611000Z</time>
      </trkpt>
      <trkpt lat="38.818325" lon="121.1474">
        <ele>47.62675</ele>
        <time>2014-04-29T08:10:01.138000Z</time>
      </trkpt>
      <trkpt lat="38.818214" lon="121.147415">
        <ele>48.351067</ele>
        <time>2014-04-29T08:10:04.665000Z</time>
      </trkpt>
      <trkpt lat="38.8181" lon="121.14741">
        <ele>48.56189</ele>
        <time>2014-04-29T08:10:08.192000Z</time>
      </trkpt>
      <trkpt lat="38.81798" lon="121.1474">
        <ele>48.349392</ele>
        <time>2014-04-29T08:10:11.719000Z</time>
      </trkpt>
      <trkpt lat="38.817886" lon="121.147385">
        <ele>47.86024</ele>
        <time>2014-04-29T08:10:15.246000Z</time>
      </trkpt>
      <trkpt lat="38.81778" lon="121.147385">
        <ele>47.298798</ele>
        <time>2014-04-29T08:10:18.773000Z</time>
      </trkpt>
      <trkpt lat="38.817684" lon="121.14738">
        <ele>46.704426</ele>
        <time>2014-04-29T08:10:22.300000Z</time>
      </trkpt>
      <trkpt lat="38.817585" lon="121.14738">
        <ele>46.155945</ele>
        <time>2014-04-29T08:10:25.827000Z</time>
      </trkpt>
      <trkpt lat="38.817463" lon="121.1474">
        <ele>45.841774</ele>
        <time>2014-04-29T08:10:29.354000Z</time>
      </trkpt>
      <trkpt lat="38.81738" lon="121.14745">
        <ele>45.81353</ele>
        <time>2014-04-29T08:10:32.881000Z</time>
      </trkpt>
      <trkpt lat="38.817303" lon="121.14753">
        <ele>45.906975</ele>
        <time>2014-04-29T08:10:36.408000Z</time>
      </trkpt>
      <trkpt lat="38.81724" lon="121.14763">
        <ele>45.97677</ele>
        <time>2014-04-29T08:10:39.935000Z</time>
      </trkpt>
      <trkpt lat="38.81722" lon="121.14775">
        <ele>45.99221</ele>
        <time>2014-04-29T08:10:43.462000Z</time>
      </trkpt>
      <trkpt lat="38.817226" lon="121.14788">
        <ele>45.913742</ele>
        <time>2014-04-29T08:10:46.989000Z</time>
      </trkpt>
      <trkpt lat="38.817253" lon="121.148">
        <ele>44.902664</ele>
        <time>2014-04-29T08:10:50.516000Z</time>
      </trkpt>
      <trkpt lat="38.81732" lon="121.148125">
        <ele>42.56418</ele>
        <time>2014-04-29T08:10:54.043000Z</time>
      </trkpt>
      <trkpt lat="38.817417" lon="121.14821">
        <ele>40.432816</ele>
        <time>2014-04-29T08:10:57.570000Z</time>
      </trkpt>
      <trkpt lat="38.81752" lon="121.14824">
        <ele>40.31709</ele>
        <time>2014-04-29T08:11:01.097000Z</time>
      </trkpt>
      <trkpt lat="38.817616" lon="121.148254">
        <ele>41.877155</ele>
        <time>2014-04-29T08:11:04.624000Z</time>
      </trkpt>
      <trkpt lat="38.81772" lon="121.14826">
        <ele>43.6053</ele>
        <time>2014-04-29T08:11:08.151000Z</time>
      </trkpt>
      <trkpt lat="38.817818" lon="121.14826">
        <ele>44.585247</ele>
        <time>2014-04-29T08:11:11.678000Z</time>
      </trkpt>
      <trkpt lat="38.81792" lon="121.14826">
        <ele>45.23516</ele>
        <time>2014-04-29T08:11:15.205000Z</time>
      </trkpt>
      <trkpt lat="38.818012" lon="121.14827">
        <ele>46.07079</ele>
        <time>2014-04-29T08:11:18.732000Z</time>
      </trkpt>
      <trkpt lat="38.818123" lon="121.14828">
        <ele>46.983505</ele>
        <time>2014-04-29T08:11:22.259000Z</time>
      </trkpt>
      <trkpt lat="38.818233" lon="121.14829">
        <ele>47.490715</ele>
        <time>2014-04-29T08:11:25.786000Z</time>
      </trkpt>
      <trkpt lat="38.818344" lon="121.1483">
        <ele>47.476105</ele>
        <time>2014-04-29T08:11:29.313000Z</time>
      </trkpt>
      <trkpt lat="38.818462" lon="121.14826">
        <ele>47.199585</ele>
        <time>2014-04-29T08:11:32.840000Z</time>
      </trkpt>
      <trkpt lat="38.81855" lon="121.14819">
        <ele>46.773384</ele>
        <time>2014-04-29T08:11:36.367000Z</time>
      </trkpt>
      <trkpt lat="38.81862" lon="121.1481">
        <ele>45.86701</ele>
        <time>2014-04-29T08:11:39.894000Z</time>
      </trkpt>
      <trkpt lat="38.818665" lon="121.147995">
        <ele>44.59996</ele>
        <time>2014-04-29T08:11:43.421000Z</time>
      </trkpt>
      <trkpt lat="38.818684" lon="121.14787">
        <ele>43.609512</ele>
        <time>2014-04-29T08:11:46.948000Z</time>
      </trkpt>
      <trkpt lat="38.81867" lon="121.14775">
        <ele>43.323273</ele>
        <time>2014-04-29T08:11:50.475000Z</time>
      </trkpt>
      <trkpt lat="38.818634" lon="121.14764">
        <ele>43.57091</ele>
        <time>2014-04-29T08:11:54.002000Z</time>
      </trkpt>
      <trkpt lat="38.818577" lon="121.147545">
        <ele>44.043346</ele>
        <time>2014-04-29T08:11:57.529000Z</time>
      </trkpt>
      <trkpt lat="38.81849" lon="121.14745">
        <ele>44.61458</ele>
        <time>2014-04-29T08:12:01.056000Z</time>
      </trkpt>
      <trkpt lat="38.818398" lon="121.1474">
        <ele>45.323013</ele>
        <time>2014-04-29T08:12:04.583000Z</time>
      </trkpt>
      <trkpt lat="38.81829" lon="121.147385">
        <ele>46.04636</ele>
        <time>2014-04-29T08:12:08.110000Z</time>
      </trkpt>
      <trkpt lat="38.81819" lon="121.147385">
        <ele>46.645107</ele>
        <time>2014-04-29T08:12:11.637000Z</time>
      </trkpt>
      <trkpt lat="38.81808" lon="121.147385">
        <ele>47.21818</ele>
        <time>2014-04-29T08:12:15.164000Z</time>
      </trkpt>
      <trkpt lat="38.817978" lon="121.1474">
        <ele>47.811993</ele>
        <time>2014-04-29T08:12:18.691000Z</time>
      </trkpt>
      <trkpt lat="38.817875" lon="121.1474">
        <ele>48.096775</ele>
        <time>2014-04-29T08:12:22.218000Z</time>
      </trkpt>
      <trkpt lat="38.81778" lon="121.14739">
        <ele>47.773346</ele>
        <time>2014-04-29T08:12:25.745000Z</time>
      </trkpt>
      <trkpt lat="38.817665" lon="121.14738">
        <ele>47.02804</ele>
        <time>2014-04-29T08:12:29.272000Z</time>
      </trkpt>
      <trkpt lat="38.81755" lon="121.14736">
        <ele>46.334557</ele>
        <time>2014-04-29T08:12:32.799000Z</time>
      </trkpt>
      <trkpt lat="38.817448" lon="121.147385">
        <ele>45.905003</ele>
        <time>2014-04-29T08:12:36.326000Z</time>
      </trkpt>
      <trkpt lat="38.81735" lon="121.147446">
        <ele>45.642082</ele>
        <time>2014-04-29T08:12:39.853000Z</time>
      </trkpt>
      <trkpt lat="38.817276" lon="121.14753">
        <ele>45.467216</ele>
        <time>2014-04-29T08:12:43.380000Z</time>
      </trkpt>
      <trkpt lat="38.817234" lon="121.14764">
        <ele>45.45719</ele>
        <time>2014-04-29T08:12:46.907000Z</time>
      </trkpt>
      <trkpt lat="38.817207" lon="121.147766">
        <ele>45.766144</ele>
        <time>2014-04-29T08:12:50.434000Z</time>
      </trkpt>
      <trkpt lat="38.81722" lon="121.147896">
        <ele>46.183308</ele>
        <time>2014-04-29T08:12:53.961000Z</time>
      </trkpt>
      <trkpt lat="38.81727" lon="121.14803">
        <ele>46.01782</ele>
        <time>2014-04-29T08:12:57.488000Z</time>
      </trkpt>
      <trkpt lat="38.817326" lon="121.14813">
        <ele>45.12035</ele>
        <time>2014-04-29T08:13:01.015000Z</time>
      </trkpt>
      <trkpt lat="38.817413" lon="121.148224">
        <ele>44.260933</ele>
        <time>2014-04-29T08:13:04.542000Z</time>
      </trkpt>
      <trkpt lat="38.817505" lon="121.148254">
        <ele>43.97368</ele>
        <time>2014-04-29T08:13:08.069000Z</time>
      </trkpt>
      <trkpt lat="38.817604" lon="121.14826">
        <ele>43.814556</ele>
        <time>2014-04-29T08:13:11.596000Z</time>
      </trkpt>
      <trkpt lat="38.81771" lon="121.148285">
        <ele>43.325207</ele>
        <time>2014-04-29T08:13:15.123000Z</time>
      </trkpt>
      <trkpt lat="38.817814" lon="121.14828">
        <ele>43.38285</ele>
        <time>2014-04-29T08:13:18.650000Z</time>
      </trkpt>
      <trkpt lat="38.81792" lon="121.14827">
        <ele>44.828293</ele>
        <time>2014-04-29T08:13:22.177000Z</time>
      </trkpt>
      <trkpt lat="38.818035" lon="121.14828">
        <ele>46.863113</ele>
        <time>2014-04-29T08:13:25.704000Z</time>
      </trkpt>
      <trkpt lat="38.818134" lon="121.14827">
        <ele>48.3836</ele>
        <time>2014-04-29T08:13:29.231000Z</time>
      </trkpt>
      <trkpt lat="38.818237" lon="121.14827">
        <ele>49.11645</ele>
        <time>2014-04-29T08:13:32.758000Z</time>
      </trkpt>
      <trkpt lat="38.81834" lon="121.14828">
        <ele>49.013077</ele>
        <time>2014-04-29T08:13:36.285000Z</time>
      </trkpt>
      <trkpt lat="38.818447" lon="121.14826">
        <ele>48.33467</ele>
        <time>2014-04-29T08:13:39.812000Z</time>
      </trkpt>
      <trkpt lat="38.818535" lon="121.14821">
        <ele>47.615536</ele>
        <time>2014-04-29T08:13:43.339000Z</time>
      </trkpt>
      <trkpt lat="38.81862" lon="121.14812">
        <ele>47.077053</ele>
        <time>2014-04-29T08:13:46.866000Z</time>
      </trkpt>
      <trkpt lat="38.818672" lon="121.147995">
        <ele>46.628456</ele>
        <time>2014-04-29T08:13:50.393000Z</time>
      </trkpt>
      <trkpt lat="38.81869" lon="121.14788">
        <ele>46.09622</ele>
        <time>2014-04-29T08:13:53.920000Z</time>
      </trkpt>
      <trkpt lat="38.81868" lon="121.14774">
        <ele>45.384773</ele>
        <time>2014-04-29T08:13:57.447000Z</time>
      </trkpt>
      <trkpt lat="38.81864" lon="121.14762">
        <ele>44.948513</ele>
        <time>2014-04-29T08:14:00.974000Z</time>
      </trkpt>
      <trkpt lat="38.81858" lon="121.14752">
        <ele>45.17233</ele>
        <time>2014-04-29T08:14:04.501000Z</time>
      </trkpt>
      <trkpt lat="38.81847" lon="121.14743">
        <ele>45.665424</ele>
        <time>2014-04-29T08:14:08.028000Z</time>
      </trkpt>
      <trkpt lat="38.818375" lon="121.1474">
        <ele>46.376602</ele>
        <time>2014-04-29T08:14:11.555000Z</time>
      </trkpt>
      <trkpt lat="38.81828" lon="121.14741">
        <ele>47.558586</ele>
        <time>2014-04-29T08:14:15.082000Z</time>
      </trkpt>
      <trkpt lat="38.81816" lon="121.1474">
        <ele>48.772144</ele>
        <time>2014-04-29T08:14:18.609000Z</time>
      </trkpt>
      <trkpt lat="38.818043" lon="121.1474">
        <ele>49.550728</ele>
        <time>2014-04-29T08:14:22.136000Z</time>
      </trkpt>
      <trkpt lat="38.817944" lon="121.1474">
        <ele>50.030075</ele>
        <time>2014-04-29T08:14:25.663000Z</time>
      </trkpt>
      <trkpt lat="38.81784" lon="121.1474">
        <ele>50.42919</ele>
        <time>2014-04-29T08:14:29.190000Z</time>
      </trkpt>
      <trkpt lat="38.81773" lon="121.14739">
        <ele>50.81072</ele>
        <time>2014-04-29T08:14:32.717000Z</time>
      </trkpt>
      <trkpt lat="38.817608" lon="121.14739">
        <ele>51.09213</ele>
        <time>2014-04-29T08:14:36.244000Z</time>
      </trkpt>
      <trkpt lat="38.817505" lon="121.1474">
        <ele>51.25636</ele>
        <time>2014-04-29T08:14:39.771000Z</time>
      </trkpt>
      <trkpt lat="38.817387" lon="121.14743">
        <ele>51.38695</ele>
        <time>2014-04-29T08:14:43.298000Z</time>
      </trkpt>
      <trkpt lat="38.817303" lon="121.14752">
        <ele>51.47963</ele>
        <time>2014-04-29T08:14:46.825000Z</time>
      </trkpt>
      <trkpt lat="38.817238" lon="121.14765">
        <ele>51.479935</ele>
        <time>2014-04-29T08:14:50.352000Z</time>
      </trkpt>
      <trkpt lat="38.817215" lon="121.14777">
        <ele>51.13813</ele>
        <time>2014-04-29T08:14:53.879000Z</time>
      </trkpt>
      <trkpt lat="38.817223" lon="121.14792">
        <ele>50.09402</ele>
        <time>2014-04-29T08:14:57.406000Z</time>
      </trkpt>
      <trkpt lat="38.81726" lon="121.148026">
        <ele>48.290375</ele>
        <time>2014-04-29T08:15:00.933000Z</time>
      </trkpt>
      <trkpt lat="38.817326" lon="121.14814">
        <ele>46.25894</ele>
        <time>2014-04-29T08:15:04.460000Z</time>
      </trkpt>
      <trkpt lat="38.81742" lon="121.14823">
        <ele>44.75396</ele>
        <time>2014-04-29T08:15:07.987000Z</time>
      </trkpt>
      <trkpt lat="38.817513" lon="121.14826">
        <ele>44.07165</ele>
        <time>2014-04-29T08:15:11.514000Z</time>
      </trkpt>
      <trkpt lat="38.817627" lon="121.14826">
        <ele>44.581184</ele>
        <time>2014-04-29T08:15:15.041000Z</time>
      </trkpt>
      <trkpt lat="38.817738" lon="121.148254">
        <ele>46.362804</ele>
        <time>2014-04-29T08:15:18.568000Z</time>
      </trkpt>
      <trkpt lat="38.817833" lon="121.148254">
        <ele>48.79296</ele>
        <time>2014-04-29T08:15:22.095000Z</time>
      </trkpt>
      <trkpt lat="38.817932" lon="121.148254">
        <ele>51.14549</ele>
        <time>2014-04-29T08:15:25.622000Z</time>
      </trkpt>
      <trkpt lat="38.818035" lon="121.14826">
        <ele>52.626324</ele>
        <time>2014-04-29T08:15:29.149000Z</time>
      </trkpt>
      <trkpt lat="38.818146" lon="121.14826">
        <ele>52.788788</ele>
        <time>2014-04-29T08:15:32.676000Z</time>
      </trkpt>
      <trkpt lat="38.818268" lon="121.14826">
        <ele>52.28908</ele>
        <time>2014-04-29T08:15:36.203000Z</time>
      </trkpt>
      <trkpt lat="38.818367" lon="121.148285">
        <ele>51.649933</ele>
        <time>2014-04-29T08:15:39.730000Z</time>
      </trkpt>
      <trkpt lat="38.818466" lon="121.14826">
        <ele>50.619823</ele>
        <time>2014-04-29T08:15:43.257000Z</time>
      </trkpt>
      <trkpt lat="38.81856" lon="121.14818">
        <ele>49.180325</ele>
        <time>2014-04-29T08:15:46.784000Z</time>
      </trkpt>
      <trkpt lat="38.818638" lon="121.14807">
        <ele>48.028786</ele>
        <time>2014-04-29T08:15:50.311000Z</time>
      </trkpt>
      <trkpt lat="38.81868" lon="121.14796">
        <ele>47.31931</ele>
        <time>2014-04-29T08:15:53.838000Z</time>
      </trkpt>
      <trkpt lat="38.818695" lon="121.147835">
        <ele>46.643894</ele>
        <time>2014-04-29T08:15:57.365000Z</time>
      </trkpt>
      <trkpt lat="38.81867" lon="121.14771">
        <ele>46.163464</ele>
        <time>2014-04-29T08:16:00.892000Z</time>
      </trkpt>
      <trkpt lat="38.818623" lon="121.1476">
        <ele>46.195858</ele>
        <time>2014-04-29T08:16:04.419000Z</time>
      </trkpt>
      <trkpt lat="38.818542" lon="121.1475">
        <ele>46.5377</ele>
        <time>2014-04-29T08:16:07.946000Z</time>
      </trkpt>
      <trkpt lat="38.81844" lon="121.14743">
        <ele>46.783314</ele>
        <time>2014-04-29T08:16:11.473000Z</time>
      </trkpt>
      <trkpt lat="38.81834" lon="121.147415">
        <ele>46.764954</ele>
        <time>2014-04-29T08:16:15Z</time>
      </trkpt>
      <trkpt lat="38.818233" lon="121.1474">
        <ele>46.9268</ele>
        <time>2014-04-29T08:16:18.527000Z</time>
      </trkpt>
      <trkpt lat="38.81813" lon="121.14739">
        <ele>47.674206</ele>
        <time>2014-04-29T08:16:22.054000Z</time>
      </trkpt>
      <trkpt lat="38.818016" lon="121.1474">
        <ele>48.60346</ele>
        <time>2014-04-29T08:16:25.581000Z</time>
      </trkpt>
      <trkpt lat="38.817894" lon="121.1474">
        <ele>49.06125</ele>
        <time>2014-04-29T08:16:29.108000Z</time>
      </trkpt>
      <trkpt lat="38.817787" lon="121.1474">
        <ele>48.90021</ele>
        <time>2014-04-29T08:16:32.635000Z</time>
      </trkpt>
      <trkpt lat="38.817673" lon="121.14739">
        <ele>48.3574</ele>
        <time>2014-04-29T08:16:36.162000Z</time>
      </trkpt>
      <trkpt lat="38.817554" lon="121.147385">
        <ele>47.74965</ele>
        <time>2014-04-29T08:16:39.689000Z</time>
      </trkpt>
      <trkpt lat="38.81745" lon="121.147415">
        <ele>47.03766</ele>
        <time>2014-04-29T08:16:43.216000Z</time>
      </trkpt>
      <trkpt lat="38.817356" lon="121.147484">
        <ele>46.16703</ele>
        <time>2014-04-29T08:16:46.743000Z</time>
      </trkpt>
      <trkpt lat="38.817272" lon="121.14758">
        <ele>45.47206</ele>
        <time>2014-04-29T08:16:50.270000Z</time>
      </trkpt>
      <trkpt lat="38.81723" lon="121.147705">
        <ele>45.15083</ele>
        <time>2014-04-29T08:16:53.797000Z</time>
      </trkpt>
      <trkpt lat="38.817215" lon="121.14786">
        <ele>44.836483</ele>
        <time>2014-04-29T08:16:57.324000Z</time>
      </trkpt>
      <trkpt lat="38.817234" lon="121.14797">
        <ele>44.251865</ele>
        <time>2014-04-29T08:17:00.851000Z</time>
      </trkpt>
      <trkpt lat="38.81729" lon="121.148094">
        <ele>43.67349</ele>
        <time>2014-04-29T08:17:04.378000Z</time>
      </trkpt>
      <trkpt lat="38.81737" lon="121.148186">
        <ele>43.678814</ele>
        <time>2014-04-29T08:17:07.905000Z</time>
      </trkpt>
      <trkpt lat="38.81747" lon="121.14825">
        <ele>44.367977</ele>
        <time>2014-04-29T08:17:11.432000Z</time>
      </trkpt>
      <trkpt lat="38.817574" lon="121.14827">
        <ele>45.55043</ele>
        <time>2014-04-29T08:17:14.959000Z</time>
      </trkpt>
      <trkpt lat="38.817696" lon="121.14827">
        <ele>47.0924</ele>
        <time>2014-04-29T08:17:18.486000Z</time>
      </trkpt>
      <trkpt lat="38.817806" lon="121.14828">
        <ele>48.54239</ele>
        <time>2014-04-29T08:17:22.013000Z</time>
      </trkpt>
      <trkpt lat="38.817913" lon="121.14827">
        <ele>49.579906</ele>
        <time>2014-04-29T08:17:25.540000Z</time>
      </trkpt>
      <trkpt lat="38.818027" lon="121.14827">
        <ele>50.66574</ele>
        <time>2014-04-29T08:17:29.067000Z</time>
      </trkpt>
      <trkpt lat="38.81814" lon="121.14827">
        <ele>51.93464</ele>
        <time>2014-04-29T08:17:32.594000Z</time>
      </trkpt>
      <trkpt lat="38.81824" lon="121.14827">
        <ele>52.274666</ele>
        <time>2014-04-29T08:17:36.121000Z</time>
      </trkpt>
      <trkpt lat="38.818344" lon="121.14828">
        <ele>51.09617</ele>
        <time>2014-04-29T08:17:39.648000Z</time>
      </trkpt>
      <trkpt lat="38.818455" lon="121.14826">
        <ele>49.79648</ele>
        <time>2014-04-29T08:17:43.175000Z</time>
      </trkpt>
      <trkpt lat="38.81855" lon="121.14819">
        <ele>49.64101</ele>
        <time>2014-04-29T08:17:46.702000Z</time>
      </trkpt>
      <trkpt lat="38.818623" lon="121.14809">
        <ele>49.561565</ele>
        <time>2014-04-29T08:17:50.229000Z</time>
      </trkpt>
      <trkpt lat="38.818665" lon="121.147964">
        <ele>48.196316</ele>
        <time>2014-04-29T08:17:53.756000Z</time>
      </trkpt>
      <trkpt lat="38.81868" lon="121.14782">
        <ele>46.139343</ele>
        <time>2014-04-29T08:17:57.283000Z</time>
      </trkpt>
      <trkpt lat="38.81867" lon="121.14769">
        <ele>45.07894</ele>
        <time>2014-04-29T08:18:00.810000Z</time>
      </trkpt>
      <trkpt lat="38.818615" lon="121.14758">
        <ele>45.505787</ele>
        <time>2014-04-29T08:18:04.337000Z</time>
      </trkpt>
      <trkpt lat="38.81854" lon="121.147484">
        <ele>46.256866</ele>
        <time>2014-04-29T08:18:07.864000Z</time>
      </trkpt>
      <trkpt lat="38.818436" lon="121.14742">
        <ele>46.298958</ele>
        <time>2014-04-29T08:18:11.391000Z</time>
      </trkpt>
      <trkpt lat="38.81832" lon="121.1474">
        <ele>46.388905</ele>
        <time>2014-04-29T08:18:14.918000Z</time>
      </trkpt>
      <trkpt lat="38.818207" lon="121.14739">
        <ele>47.350075</ele>
        <time>2014-04-29T08:18:18.445000Z</time>
      </trkpt>
      <trkpt lat="38.818096" lon="121.14739">
        <ele>48.276817</ele>
        <time>2014-04-29T08:18:21.972000Z</time>
      </trkpt>
      <trkpt lat="38.817974" lon="121.1474">
        <ele>48.14212</ele>
        <time>2014-04-29T08:18:25.499000Z</time>
      </trkpt>
      <trkpt lat="38.81787" lon="121.147385">
        <ele>47.303104</ele>
        <time>2014-04-29T08:18:29.026000Z</time>
      </trkpt>
      <trkpt lat="38.817776" lon="121.14738">
        <ele>46.501804</ele>
        <time>2014-04-29T08:18:32.553000Z</time>
      </trkpt>
      <trkpt lat="38.817673" lon="121.14737">
        <ele>46.310482</ele>
        <time>2014-04-29T08:18:36.080000Z</time>
      </trkpt>
      <trkpt lat="38.81756" lon="121.14737">
        <ele>46.845108</ele>
        <time>2014-04-29T08:18:39.607000Z</time>
      </trkpt>
      <trkpt lat="38.81744" lon="121.1474">
        <ele>47.489597</ele>
        <time>2014-04-29T08:18:43.134000Z</time>
      </trkpt>
      <trkpt lat="38.81734" lon="121.14748">
        <ele>47.719933</ele>
        <time>2014-04-29T08:18:46.661000Z</time>
      </trkpt>
      <trkpt lat="38.817257" lon="121.1476">
        <ele>47.721413</ele>
        <time>2014-04-29T08:18:50.188000Z</time>
      </trkpt>
      <trkpt lat="38.81721" lon="121.147736">
        <ele>47.857662</ele>
        <time>2014-04-29T08:18:53.715000Z</time>
      </trkpt>
      <trkpt lat="38.81721" lon="121.147865">
        <ele>48.092064</ele>
        <time>2014-04-29T08:18:57.242000Z</time>
      </trkpt>
      <trkpt lat="38.817238" lon="121.147995">
        <ele>47.828293</ele>
        <time>2014-04-29T08:19:00.769000Z</time>
      </trkpt>
      <trkpt lat="38.81731" lon="121.148125">
        <ele>46.864338</ele>
        <time>2014-04-29T08:19:04.296000Z</time>
      </trkpt>
      <trkpt lat="38.817387" lon="121.1482">
        <ele>46.163067</ele>
        <time>2014-04-29T08:19:07.823000Z</time>
      </trkpt>
      <trkpt lat="38.8175" lon="121.14824">
        <ele>46.538242</ele>
        <time>2014-04-29T08:19:11.350000Z</time>
      </trkpt>
      <trkpt lat="38.817616" lon="121.14825">
        <ele>47.492043</ele>
        <time>2014-04-29T08:19:14.877000Z</time>
      </trkpt>
      <trkpt lat="38.817722" lon="121.148254">
        <ele>48.246284</ele>
        <time>2014-04-29T08:19:18.404000Z</time>
      </trkpt>
      <trkpt lat="38.81784" lon="121.14826">
        <ele>48.670055</ele>
        <time>2014-04-29T08:19:21.931000Z</time>
      </trkpt>
      <trkpt lat="38.81794" lon="121.14826">
        <ele>49.175465</ele>
        <time>2014-04-29T08:19:25.458000Z</time>
      </trkpt>
      <trkpt lat="38.818054" lon="121.14826">
        <ele>49.712246</ele>
        <time>2014-04-29T08:19:28.985000Z</time>
      </trkpt>
      <trkpt lat="38.81817" lon="121.14827">
        <ele>49.916283</ele>
        <time>2014-04-29T08:19:32.512000Z</time>
      </trkpt>
      <trkpt lat="38.818268" lon="121.14827">
        <ele>49.68276</ele>
        <time>2014-04-29T08:19:36.039000Z</time>
      </trkpt>
      <trkpt lat="38.818386" lon="121.148285">
        <ele>48.770454</ele>
        <time>2014-04-29T08:19:39.566000Z</time>
      </trkpt>
      <trkpt lat="38.81849" lon="121.14824">
        <ele>47.269947</ele>
        <time>2014-04-29T08:19:43.093000Z</time>
      </trkpt>
      <trkpt lat="38.818596" lon="121.14815">
        <ele>46.246246</ele>
        <time>2014-04-29T08:19:46.620000Z</time>
      </trkpt>
      <trkpt lat="38.818657" lon="121.14804">
        <ele>46.211266</ele>
        <time>2014-04-29T08:19:50.147000Z</time>
      </trkpt>
      <trkpt lat="38.81869" lon="121.14791">
        <ele>46.531033</ele>
        <time>2014-04-29T08:19:53.674000Z</time>
      </trkpt>
      <trkpt lat="38.818695" lon="121.14777">
        <ele>46.519165</ele>
        <time>2014-04-29T08:19:57.201000Z</time>
      </trkpt>
      <trkpt lat="38.818653" lon="121.147644">
        <ele>46.155785</ele>
        <time>2014-04-29T08:20:00.728000Z</time>
      </trkpt>
      <trkpt lat="38.818584" lon="121.14753">
        <ele>45.465767</ele>
        <time>2014-04-29T08:20:04.255000Z</time>
      </trkpt>
      <trkpt lat="38.81847" lon="121.14744">
        <ele>44.493465</ele>
        <time>2014-04-29T08:20:07.782000Z</time>
      </trkpt>
      <trkpt lat="38.818344" lon="121.1474">
        <ele>44.05879</ele>
        <time>2014-04-29T08:20:11.309000Z</time>
      </trkpt>
      <trkpt lat="38.81824" lon="121.1474">
        <ele>44.709988</ele>
        <time>2014-04-29T08:20:14.836000Z</time>
      </trkpt>
      <trkpt lat="38.81812" lon="121.14739">
        <ele>45.711918</ele>
        <time>2014-04-29T08:20:18.363000Z</time>
      </trkpt>
      <trkpt lat="38.81802" lon="121.147385">
        <ele>46.287407</ele>
        <time>2014-04-29T08:20:21.890000Z</time>
      </trkpt>
      <trkpt lat="38.817905" lon="121.147385">
        <ele>46.535915</ele>
        <time>2014-04-29T08:20:25.417000Z</time>
      </trkpt>
      <trkpt lat="38.81779" lon="121.14739">
        <ele>46.784855</ele>
        <time>2014-04-29T08:20:28.944000Z</time>
      </trkpt>
      <trkpt lat="38.81768" lon="121.1474">
        <ele>47.337902</ele>
        <time>2014-04-29T08:20:32.471000Z</time>
      </trkpt>
      <trkpt lat="38.81759" lon="121.14741">
        <ele>48.259384</ele>
        <time>2014-04-29T08:20:35.998000Z</time>
      </trkpt>
      <trkpt lat="38.81748" lon="121.1474">
        <ele>49.208256</ele>
        <time>2014-04-29T08:20:39.525000Z</time>
      </trkpt>
      <trkpt lat="38.817375" lon="121.14745">
        <ele>49.817444</ele>
        <time>2014-04-29T08:20:43.052000Z</time>
      </trkpt>
      <trkpt lat="38.81729" lon="121.147545">
        <ele>49.98787</ele>
        <time>2014-04-29T08:20:46.579000Z</time>
      </trkpt>
      <trkpt lat="38.817234" lon="121.14767">
        <ele>49.601936</ele>
        <time>2014-04-29T08:20:50.106000Z</time>
      </trkpt>
      <trkpt lat="38.817215" lon="121.14781">
        <ele>48.74258</ele>
        <time>2014-04-29T08:20:53.633000Z</time>
      </trkpt>
      <trkpt lat="38.81724" lon="121.147934">
        <ele>47.705647</ele>
        <time>2014-04-29T08:20:57.160000Z</time>
      </trkpt>
      <trkpt lat="38.817295" lon="121.14809">
        <ele>46.79557</ele>
        <time>2014-04-29T08:21:00.687000Z</time>
      </trkpt>
      <trkpt lat="38.817364" lon="121.148186">
        <ele>46.37567</ele>
        <time>2014-04-29T08:21:04.214000Z</time>
      </trkpt>
      <trkpt lat="38.817463" lon="121.14825">
        <ele>46.72827</ele>
        <time>2014-04-29T08:21:07.741000Z</time>
      </trkpt>
      <trkpt lat="38.817585" lon="121.14828">
        <ele>47.55291</ele>
        <time>2014-04-29T08:21:11.268000Z</time>
      </trkpt>
      <trkpt lat="38.817703" lon="121.14827">
        <ele>47.850132</ele>
        <time>2014-04-29T08:21:14.795000Z</time>
      </trkpt>
      <trkpt lat="38.81781" lon="121.14827">
        <ele>47.117508</ele>
        <time>2014-04-29T08:21:18.322000Z</time>
      </trkpt>
      <trkpt lat="38.817936" lon="121.14827">
        <ele>46.230217</ele>
        <time>2014-04-29T08:21:21.849000Z</time>
      </trkpt>
      <trkpt lat="38.818027" lon="121.14828">
        <ele>46.592995</ele>
        <time>2014-04-29T08:21:25.376000Z</time>
      </trkpt>
      <trkpt lat="38.818142" lon="121.14828">
        <ele>48.354843</ele>
        <time>2014-04-29T08:21:28.903000Z</time>
      </trkpt>
      <trkpt lat="38.818253" lon="121.14828">
        <ele>50.234264</ele>
        <time>2014-04-29T08:21:32.430000Z</time>
      </trkpt>
      <trkpt lat="38.81835" lon="121.148285">
        <ele>50.74492</ele>
        <time>2014-04-29T08:21:35.957000Z</time>
      </trkpt>
      <trkpt lat="38.818466" lon="121.148254">
        <ele>49.75967</ele>
        <time>2014-04-29T08:21:39.484000Z</time>
      </trkpt>
      <trkpt lat="38.818577" lon="121.14818">
        <ele>48.423252</ele>
        <time>2014-04-29T08:21:43.011000Z</time>
      </trkpt>
      <trkpt lat="38.818645" lon="121.148056">
        <ele>47.669617</ele>
        <time>2014-04-29T08:21:46.538000Z</time>
      </trkpt>
      <trkpt lat="38.818684" lon="121.14795">
        <ele>47.319973</ele>
        <time>2014-04-29T08:21:50.065000Z</time>
      </trkpt>
      <trkpt lat="38.818695" lon="121.1478">
        <ele>47.040028</ele>
        <time>2014-04-29T08:21:53.592000Z</time>
      </trkpt>
      <trkpt lat="38.81867" lon="121.147644">
        <ele>46.819923</ele>
        <time>2014-04-29T08:21:57.119000Z</time>
      </trkpt>
      <trkpt lat="38.818615" lon="121.147545">
        <ele>46.55282</ele>
        <time>2014-04-29T08:22:00.646000Z</time>
      </trkpt>
      <trkpt lat="38.818512" lon="121.14745">
        <ele>46.0787</ele>
        <time>2014-04-29T08:22:04.173000Z</time>
      </trkpt>
      <trkpt lat="38.818405" lon="121.14741">
        <ele>45.646236</ele>
        <time>2014-04-29T08:22:07.700000Z</time>
      </trkpt>
      <trkpt lat="38.81828" lon="121.14739">
        <ele>45.82483</ele>
        <time>2014-04-29T08:22:11.227000Z</time>
      </trkpt>
      <trkpt lat="38.81816" lon="121.147385">
        <ele>46.923172</ele>
        <time>2014-04-29T08:22:14.754000Z</time>
      </trkpt>
      <trkpt lat="38.81803" lon="121.14739">
        <ele>48.33556</ele>
        <time>2014-04-29T08:22:18.281000Z</time>
      </trkpt>
      <trkpt lat="38.817905" lon="121.147385">
        <ele>49.125916</ele>
        <time>2014-04-29T08:22:21.808000Z</time>
      </trkpt>
      <trkpt lat="38.817806" lon="121.147385">
        <ele>49.195282</ele>
        <time>2014-04-29T08:22:25.335000Z</time>
      </trkpt>
      <trkpt lat="38.817688" lon="121.147385">
        <ele>48.983067</ele>
        <time>2014-04-29T08:22:28.862000Z</time>
      </trkpt>
      <trkpt lat="38.81757" lon="121.14738">
        <ele>48.78257</ele>
        <time>2014-04-29T08:22:32.389000Z</time>
      </trkpt>
      <trkpt lat="38.81746" lon="121.14739">
        <ele>48.33482</ele>
        <time>2014-04-29T08:22:35.916000Z</time>
      </trkpt>
      <trkpt lat="38.817337" lon="121.14748">
        <ele>47.39305</ele>
        <time>2014-04-29T08:22:39.443000Z</time>
      </trkpt>
      <trkpt lat="38.81727" lon="121.14757">
        <ele>46.794926</ele>
        <time>2014-04-29T08:22:42.970000Z</time>
      </trkpt>
      <trkpt lat="38.817223" lon="121.14772">
        <ele>47.243225</ele>
        <time>2014-04-29T08:22:46.497000Z</time>
      </trkpt>
      <trkpt lat="38.81722" lon="121.14785">
        <ele>47.310932</ele>
        <time>2014-04-29T08:22:50.024000Z</time>
      </trkpt>
      <trkpt lat="38.817245" lon="121.14799">
        <ele>45.75511</ele>
        <time>2014-04-29T08:22:53.551000Z</time>
      </trkpt>
      <trkpt lat="38.81733" lon="121.148125">
        <ele>43.722347</ele>
        <time>2014-04-29T08:22:57.078000Z</time>
      </trkpt>
      <trkpt lat="38.8174" lon="121.1482">
        <ele>42.602627</ele>
        <time>2014-04-29T08:23:00.605000Z</time>
      </trkpt>
      <trkpt lat="38.817516" lon="121.14826">
        <ele>42.50873</ele>
        <time>2014-04-29T08:23:04.132000Z</time>
      </trkpt>
      <trkpt lat="38.817604" lon="121.14827">
        <ele>43.603218</ele>
        <time>2014-04-29T08:23:07.659000Z</time>
      </trkpt>
      <trkpt lat="38.817738" lon="121.14827">
        <ele>45.679073</ele>
        <time>2014-04-29T08:23:11.186000Z</time>
      </trkpt>
      <trkpt lat="38.81786" lon="121.14827">
        <ele>47.713703</ele>
        <time>2014-04-29T08:23:14.713000Z</time>
      </trkpt>
      <trkpt lat="38.817966" lon="121.14827">
        <ele>48.950745</ele>
        <time>2014-04-29T08:23:18.240000Z</time>
      </trkpt>
      <trkpt lat="38.818096" lon="121.148285">
        <ele>49.152683</ele>
        <time>2014-04-29T08:23:21.767000Z</time>
      </trkpt>
      <trkpt lat="38.818226" lon="121.148285">
        <ele>48.447845</ele>
        <time>2014-04-29T08:23:25.294000Z</time>
      </trkpt>
      <trkpt lat="38.818336" lon="121.148285">
        <ele>47.55169</ele>
        <time>2014-04-29T08:23:28.821000Z</time>
      </trkpt>
      <trkpt lat="38.81847" lon="121.14825">
        <ele>47.15661</ele>
        <time>2014-04-29T08:23:32.348000Z</time>
      </trkpt>
      <trkpt lat="38.81857" lon="121.14815">
        <ele>46.826546</ele>
        <time>2014-04-29T08:23:35.875000Z</time>
      </trkpt>
      <trkpt lat="38.818665" lon="121.14801">
        <ele>46.11979</ele>
        <time>2014-04-29T08:23:39.402000Z</time>
      </trkpt>
      <trkpt lat="38.8187" lon="121.147865">
        <ele>45.542507</ele>
        <time>2014-04-29T08:23:42.929000Z</time>
      </trkpt>
      <trkpt lat="38.8187" lon="121.14775">
        <ele>45.473362</ele>
        <time>2014-04-29T08:23:46.456000Z</time>
      </trkpt>
      <trkpt lat="38.818653" lon="121.1476">
        <ele>45.559326</ele>
        <time>2014-04-29T08:23:49.983000Z</time>
      </trkpt>
      <trkpt lat="38.818565" lon="121.147484">
        <ele>45.38936</ele>
        <time>2014-04-29T08:23:53.510000Z</time>
      </trkpt>
      <trkpt lat="38.81844" lon="121.1474">
        <ele>44.80249</ele>
        <time>2014-04-29T08:23:57.037000Z</time>
      </trkpt>
      <trkpt lat="38.818348" lon="121.147385">
        <ele>44.83172</ele>
        <time>2014-04-29T08:24:00.564000Z</time>
      </trkpt>
      <trkpt lat="38.818222" lon="121.147385">
        <ele>46.17437</ele>
        <time>2014-04-29T08:24:04.091000Z</time>
      </trkpt>
      <trkpt lat="38.818073" lon="121.1474">
        <ele>47.758102</ele>
        <time>2014-04-29T08:24:07.618000Z</time>
      </trkpt>
      <trkpt lat="38.81795" lon="121.14741">
        <ele>48.492012</ele>
        <time>2014-04-29T08:24:11.145000Z</time>
      </trkpt>
      <trkpt lat="38.81783" lon="121.1474">
        <ele>48.552456</ele>
        <time>2014-04-29T08:24:14.672000Z</time>
      </trkpt>
      <trkpt lat="38.8177" lon="121.147385">
        <ele>48.421173</ele>
        <time>2014-04-29T08:24:18.199000Z</time>
      </trkpt>
      <trkpt lat="38.817596" lon="121.14738">
        <time>2014-04-29T08:24:21.725000Z</time>
      </trkpt>
    </trkseg>
  </trk>
</gpx>