<?xml version="1.0" encoding="UTF-8"?>
<gpx xmlns="http://www.topografix.com/GPX/1/1" xmlns:gpxtpx="http://www.garmin.com/xmlschemas/TrackPointExtension/v1" xmlns:xsi="http://www.w3.org/2001/XMLSchema-instance" xsi:schemaLocation="http://www.topografix.com/GPX/1/1 http://www.topografix.com/GPX/1/1/gpx.xsd" version="1.1" creator="gpx.py -- https://github.com/tkrajina/gpxpy">
  <trk>
    <trkseg>
      <trkpt lat="38.815395" lon="121.148605">
        <ele>42.498684</ele>
        <time>2014-05-14T23:57:34.026000Z</time>
      </trkpt>
      <trkpt lat="38.815395" lon="121.148605">
        <ele>41.633095</ele>
        <time>2014-05-14T23:57:37.502000Z</time>
      </trkpt>
      <trkpt lat="38.815395" lon="121.148605">
        <ele>42.384754</ele>
        <time>2014-05-14T23:57:40.978000Z</time>
      </trkpt>
      <trkpt lat="38.81536" lon="121.14873">
        <ele>42.830956</ele>
        <time>2014-05-14T23:57:44.454000Z</time>
      </trkpt>
      <trkpt lat="38.81534" lon="121.14884">
        <ele>42.540817</ele>
        <time>2014-05-14T23:57:47.930000Z</time>
      </trkpt>
      <trkpt lat="38.81529" lon="121.14897">
        <ele>41.79883</ele>
        <time>2014-05-14T23:57:51.406000Z</time>
      </trkpt>
      <trkpt lat="38.815228" lon="121.14911">
        <ele>41.07086</ele>
        <time>2014-05-14T23:57:54.882000Z</time>
      </trkpt>
      <trkpt lat="38.815228" lon="121.14911">
        <ele>40.718822</ele>
        <time>2014-05-14T23:57:58.358000Z</time>
      </trkpt>
      <trkpt lat="38.81521" lon="121.14922">
        <ele>40.725563</ele>
        <time>2014-05-14T23:58:01.834000Z</time>
      </trkpt>
      <trkpt lat="38.815258" lon="121.14932">
        <ele>41.163025</ele>
        <time>2014-05-14T23:58:05.310000Z</time>
      </trkpt>
      <trkpt lat="38.815327" lon="121.149445">
        <ele>42.158085</ele>
        <time>2014-05-14T23:58:08.786000Z</time>
      </trkpt>
      <trkpt lat="38.815384" lon="121.14954">
        <ele>43.829563</ele>
        <time>2014-05-14T23:58:12.262000Z</time>
      </trkpt>
      <trkpt lat="38.81539" lon="121.1497">
        <ele>46.9574</ele>
        <time>2014-05-14T23:58:15.738000Z</time>
      </trkpt>
      <trkpt lat="38.815376" lon="121.14985">
        <ele>52.405537</ele>
        <time>2014-05-14T23:58:19.214000Z</time>
      </trkpt>
      <trkpt lat="38.815376" lon="121.14996">
        <ele>59.486385</ele>
        <time>2014-05-14T23:58:22.690000Z</time>
      </trkpt>
      <trkpt lat="38.815346" lon="121.15008">
        <ele>65.85328</ele>
        <time>2014-05-14T23:58:26.166000Z</time>
      </trkpt>
      <trkpt lat="38.81535" lon="121.1502">
        <ele>69.46035</ele>
        <time>2014-05-14T23:58:29.642000Z</time>
      </trkpt>
      <trkpt lat="38.815346" lon="121.15035">
        <ele>70.17848</ele>
        <time>2014-05-14T23:58:33.118000Z</time>
      </trkpt>
      <trkpt lat="38.815334" lon="121.15047">
        <ele>69.47557</ele>
        <time>2014-05-14T23:58:36.594000Z</time>
      </trkpt>
      <trkpt lat="38.81533" lon="121.15062">
        <ele>68.663345</ele>
        <time>2014-05-14T23:58:40.070000Z</time>
      </trkpt>
      <trkpt lat="38.815315" lon="121.15082">
        <ele>67.27766</ele>
        <time>2014-05-14T23:58:43.546000Z</time>
      </trkpt>
      <trkpt lat="38.815296" lon="121.15099">
        <ele>64.121895</ele>
        <time>2014-05-14T23:58:47.022000Z</time>
      </trkpt>
      <trkpt lat="38.8153" lon="121.151146">
        <ele>58.445774</ele>
        <time>2014-05-14T23:58:50.498000Z</time>
      </trkpt>
      <trkpt lat="38.815292" lon="121.151306">
        <ele>51.16725</ele>
        <time>2014-05-14T23:58:53.974000Z</time>
      </trkpt>
      <trkpt lat="38.815277" lon="121.15146">
        <ele>45.22064</ele>
        <time>2014-05-14T23:58:57.450000Z</time>
      </trkpt>
      <trkpt lat="38.815254" lon="121.15158">
        <ele>42.43999</ele>
        <time>2014-05-14T23:59:00.926000Z</time>
      </trkpt>
      <trkpt lat="38.815212" lon="121.1517">
        <ele>41.761127</ele>
        <time>2014-05-14T23:59:04.402000Z</time>
      </trkpt>
      <trkpt lat="38.815163" lon="121.151825">
        <ele>41.48274</ele>
        <time>2014-05-14T23:59:07.878000Z</time>
      </trkpt>
      <trkpt lat="38.815117" lon="121.15194">
        <ele>40.771164</ele>
        <time>2014-05-14T23:59:11.354000Z</time>
      </trkpt>
      <trkpt lat="38.815075" lon="121.152054">
        <ele>40.08038</ele>
        <time>2014-05-14T23:59:14.830000Z</time>
      </trkpt>
      <trkpt lat="38.81505" lon="121.15217">
        <ele>39.91685</ele>
        <time>2014-05-14T23:59:18.306000Z</time>
      </trkpt>
      <trkpt lat="38.81502" lon="121.15229">
        <ele>40.213097</ele>
        <time>2014-05-14T23:59:21.782000Z</time>
      </trkpt>
      <trkpt lat="38.81501" lon="121.15241">
        <ele>41.2814</ele>
        <time>2014-05-14T23:59:25.258000Z</time>
      </trkpt>
      <trkpt lat="38.815006" lon="121.15256">
        <ele>43.15115</ele>
        <time>2014-05-14T23:59:28.734000Z</time>
      </trkpt>
      <trkpt lat="38.815006" lon="121.15267">
        <ele>44.736465</ele>
        <time>2014-05-14T23:59:32.210000Z</time>
      </trkpt>
      <trkpt lat="38.814995" lon="121.15282">
        <ele>45.171246</ele>
        <time>2014-05-14T23:59:35.686000Z</time>
      </trkpt>
      <trkpt lat="38.815044" lon="121.15294">
        <ele>44.116486</ele>
        <time>2014-05-14T23:59:39.162000Z</time>
      </trkpt>
      <trkpt lat="38.815113" lon="121.15303">
        <ele>42.034824</ele>
        <time>2014-05-14T23:59:42.638000Z</time>
      </trkpt>
      <trkpt lat="38.815266" lon="121.15315">
        <ele>40.446335</ele>
        <time>2014-05-14T23:59:46.114000Z</time>
      </trkpt>
      <trkpt lat="38.815315" lon="121.153275">
        <ele>40.036446</ele>
        <time>2014-05-14T23:59:49.590000Z</time>
      </trkpt>
      <trkpt lat="38.815228" lon="121.15338">
        <ele>39.704777</ele>
        <time>2014-05-14T23:59:53.066000Z</time>
      </trkpt>
      <trkpt lat="38.815117" lon="121.15337">
        <ele>37.510933</ele>
        <time>2014-05-14T23:59:56.542000Z</time>
      </trkpt>
      <trkpt lat="38.81501" lon="121.15333">
        <ele>33.11654</ele>
        <time>2014-05-15T00:00:00.018000Z</time>
      </trkpt>
      <trkpt lat="38.81492" lon="121.153275">
        <ele>28.927437</ele>
        <time>2014-05-15T00:00:03.494000Z</time>
      </trkpt>
      <trkpt lat="38.814835" lon="121.15322">
        <ele>27.20785</ele>
        <time>2014-05-15T00:00:06.970000Z</time>
      </trkpt>
      <trkpt lat="38.81474" lon="121.15318">
        <ele>27.940338</ele>
        <time>2014-05-15T00:00:10.446000Z</time>
      </trkpt>
      <trkpt lat="38.81463" lon="121.15314">
        <ele>30.126057</ele>
        <time>2014-05-15T00:00:13.922000Z</time>
      </trkpt>
      <trkpt lat="38.814526" lon="121.15311">
        <ele>33.144073</ele>
        <time>2014-05-15T00:00:17.398000Z</time>
      </trkpt>
      <trkpt lat="38.81443" lon="121.15309">
        <ele>36.260494</ele>
        <time>2014-05-15T00:00:20.874000Z</time>
      </trkpt>
      <trkpt lat="38.814327" lon="121.15307">
        <ele>37.524925</ele>
        <time>2014-05-15T00:00:24.350000Z</time>
      </trkpt>
      <trkpt lat="38.81424" lon="121.153015">
        <ele>35.855064</ele>
        <time>2014-05-15T00:00:27.826000Z</time>
      </trkpt>
      <trkpt lat="38.81413" lon="121.15298">
        <ele>32.092556</ele>
        <time>2014-05-15T00:00:31.302000Z</time>
      </trkpt>
      <trkpt lat="38.81404" lon="121.15295">
        <ele>26.97563</ele>
        <time>2014-05-15T00:00:34.778000Z</time>
      </trkpt>
      <trkpt lat="38.81393" lon="121.15292">
        <ele>21.448101</ele>
        <time>2014-05-15T00:00:38.254000Z</time>
      </trkpt>
      <trkpt lat="38.81384" lon="121.15289">
        <ele>17.418524</ele>
        <time>2014-05-15T00:00:41.730000Z</time>
      </trkpt>
      <trkpt lat="38.813747" lon="121.15287">
        <ele>15.666885</ele>
        <time>2014-05-15T00:00:45.206000Z</time>
      </trkpt>
      <trkpt lat="38.81365" lon="121.15286">
        <ele>15.585189</ele>
        <time>2014-05-15T00:00:48.682000Z</time>
      </trkpt>
      <trkpt lat="38.81355" lon="121.15285">
        <ele>16.851208</ele>
        <time>2014-05-15T00:00:52.158000Z</time>
      </trkpt>
      <trkpt lat="38.81343" lon="121.152824">
        <ele>19.228037</ele>
        <time>2014-05-15T00:00:55.634000Z</time>
      </trkpt>
      <trkpt lat="38.813343" lon="121.1528">
        <ele>21.695103</ele>
        <time>2014-05-15T00:00:59.110000Z</time>
      </trkpt>
      <trkpt lat="38.81324" lon="121.15277">
        <ele>22.69961</ele>
        <time>2014-05-15T00:01:02.586000Z</time>
      </trkpt>
      <trkpt lat="38.81315" lon="121.15276">
        <ele>21.747173</ele>
        <time>2014-05-15T00:01:06.062000Z</time>
      </trkpt>
      <trkpt lat="38.813034" lon="121.15274">
        <ele>19.995163</ele>
        <time>2014-05-15T00:01:09.538000Z</time>
      </trkpt>
      <trkpt lat="38.812935" lon="121.152725">
        <ele>18.74553</ele>
        <time>2014-05-15T00:01:13.014000Z</time>
      </trkpt>
      <trkpt lat="38.81282" lon="121.15271">
        <ele>18.229221</ele>
        <time>2014-05-15T00:01:16.490000Z</time>
      </trkpt>
      <trkpt lat="38.812706" lon="121.15269">
        <ele>17.957853</ele>
        <time>2014-05-15T00:01:19.966000Z</time>
      </trkpt>
      <trkpt lat="38.812588" lon="121.15266">
        <ele>17.524908</ele>
        <time>2014-05-15T00:01:23.442000Z</time>
      </trkpt>
      <trkpt lat="38.81247" lon="121.152626">
        <ele>16.582972</ele>
        <time>2014-05-15T00:01:26.918000Z</time>
      </trkpt>
      <trkpt lat="38.812386" lon="121.15259">
        <ele>14.127586</ele>
        <time>2014-05-15T00:01:30.394000Z</time>
      </trkpt>
      <trkpt lat="38.81227" lon="121.15256">
        <ele>10.277972</ele>
        <time>2014-05-15T00:01:33.870000Z</time>
      </trkpt>
      <trkpt lat="38.812172" lon="121.15252">
        <ele>7.101754</ele>
        <time>2014-05-15T00:01:37.346000Z</time>
      </trkpt>
      <trkpt lat="38.81205" lon="121.15248">
        <ele>5.8431873</ele>
        <time>2014-05-15T00:01:40.822000Z</time>
      </trkpt>
      <trkpt lat="38.811913" lon="121.152435">
        <ele>6.178485</ele>
        <time>2014-05-15T00:01:44.298000Z</time>
      </trkpt>
      <trkpt lat="38.811817" lon="121.15241">
        <ele>7.4484916</ele>
        <time>2014-05-15T00:01:47.774000Z</time>
      </trkpt>
      <trkpt lat="38.81169" lon="121.15239">
        <ele>8.749668</ele>
        <time>2014-05-15T00:01:51.250000Z</time>
      </trkpt>
      <trkpt lat="38.81159" lon="121.152374">
        <ele>10.215471</ele>
        <time>2014-05-15T00:01:54.726000Z</time>
      </trkpt>
      <trkpt lat="38.811474" lon="121.15235">
        <ele>12.3461</ele>
        <time>2014-05-15T00:01:58.202000Z</time>
      </trkpt>
      <trkpt lat="38.811382" lon="121.15232">
        <ele>14.0509815</ele>
        <time>2014-05-15T00:02:01.678000Z</time>
      </trkpt>
      <trkpt lat="38.811283" lon="121.1523">
        <ele>14.236017</ele>
        <time>2014-05-15T00:02:05.154000Z</time>
      </trkpt>
      <trkpt lat="38.81119" lon="121.15227">
        <ele>12.819789</ele>
        <time>2014-05-15T00:02:08.630000Z</time>
      </trkpt>
      <trkpt lat="38.811073" lon="121.15223">
        <ele>9.714397</ele>
        <time>2014-05-15T00:02:12.106000Z</time>
      </trkpt>
      <trkpt lat="38.810966" lon="121.152214">
        <ele>5.985122</ele>
        <time>2014-05-15T00:02:15.582000Z</time>
      </trkpt>
      <trkpt lat="38.810867" lon="121.15219">
        <ele>3.7303588</ele>
        <time>2014-05-15T00:02:19.058000Z</time>
      </trkpt>
      <trkpt lat="38.810764" lon="121.15217">
        <ele>3.9156625</ele>
        <time>2014-05-15T00:02:22.534000Z</time>
      </trkpt>
      <trkpt lat="38.81067" lon="121.15215">
        <ele>5.794626</ele>
        <time>2014-05-15T00:02:26.010000Z</time>
      </trkpt>
      <trkpt lat="38.810574" lon="121.152145">
        <ele>8.754402</ele>
        <time>2014-05-15T00:02:29.486000Z</time>
      </trkpt>
      <trkpt lat="38.81048" lon="121.15214">
        <ele>12.316487</ele>
        <time>2014-05-15T00:02:32.962000Z</time>
      </trkpt>
      <trkpt lat="38.810387" lon="121.15213">
        <ele>14.782384</ele>
        <time>2014-05-15T00:02:36.438000Z</time>
      </trkpt>
      <trkpt lat="38.81029" lon="121.15212">
        <ele>14.940993</ele>
        <time>2014-05-15T00:02:39.914000Z</time>
      </trkpt>
      <trkpt lat="38.810196" lon="121.1521">
        <ele>13.706695</ele>
        <time>2014-05-15T00:02:43.390000Z</time>
      </trkpt>
      <trkpt lat="38.81011" lon="121.15207">
        <ele>12.5083885</ele>
        <time>2014-05-15T00:02:46.866000Z</time>
      </trkpt>
      <trkpt lat="38.81" lon="121.15204">
        <ele>11.944383</ele>
        <time>2014-05-15T00:02:50.342000Z</time>
      </trkpt>
      <trkpt lat="38.80991" lon="121.15201">
        <ele>11.606689</ele>
        <time>2014-05-15T00:02:53.818000Z</time>
      </trkpt>
      <trkpt lat="38.809795" lon="121.15197">
        <ele>10.209262</ele>
        <time>2014-05-15T00:02:57.294000Z</time>
      </trkpt>
      <trkpt lat="38.809692" lon="121.15196">
        <ele>7.43684</ele>
        <time>2014-05-15T00:03:00.770000Z</time>
      </trkpt>
      <trkpt lat="38.809593" lon="121.15196">
        <ele>5.0033884</ele>
        <time>2014-05-15T00:03:04.246000Z</time>
      </trkpt>
      <trkpt lat="38.809498" lon="121.15197">
        <ele>4.2386727</ele>
        <time>2014-05-15T00:03:07.722000Z</time>
      </trkpt>
      <trkpt lat="38.809383" lon="121.15195">
        <ele>4.98301</ele>
        <time>2014-05-15T00:03:11.198000Z</time>
      </trkpt>
      <trkpt lat="38.809288" lon="121.15192">
        <ele>7.242119</ele>
        <time>2014-05-15T00:03:14.674000Z</time>
      </trkpt>
      <trkpt lat="38.809196" lon="121.15188">
        <ele>10.327708</ele>
        <time>2014-05-15T00:03:18.150000Z</time>
      </trkpt>
      <trkpt lat="38.809093" lon="121.15186">
        <ele>12.276449</ele>
        <time>2014-05-15T00:03:21.626000Z</time>
      </trkpt>
      <trkpt lat="38.808994" lon="121.15183">
        <ele>11.993202</ele>
        <time>2014-05-15T00:03:25.102000Z</time>
      </trkpt>
      <trkpt lat="38.808884" lon="121.15179">
        <ele>10.444437</ele>
        <time>2014-05-15T00:03:28.578000Z</time>
      </trkpt>
      <trkpt lat="38.808792" lon="121.15176">
        <ele>8.69123</ele>
        <time>2014-05-15T00:03:32.054000Z</time>
      </trkpt>
      <trkpt lat="38.808697" lon="121.15175">
        <ele>7.139052</ele>
        <time>2014-05-15T00:03:35.530000Z</time>
      </trkpt>
      <trkpt lat="38.8086" lon="121.15171">
        <ele>6.2719607</ele>
        <time>2014-05-15T00:03:39.006000Z</time>
      </trkpt>
      <trkpt lat="38.80851" lon="121.15169">
        <ele>7.017119</ele>
        <time>2014-05-15T00:03:42.482000Z</time>
      </trkpt>
      <trkpt lat="38.808403" lon="121.151665">
        <ele>9.360795</ele>
        <time>2014-05-15T00:03:45.958000Z</time>
      </trkpt>
      <trkpt lat="38.808315" lon="121.15164">
        <ele>11.622847</ele>
        <time>2014-05-15T00:03:49.434000Z</time>
      </trkpt>
      <trkpt lat="38.808228" lon="121.1516">
        <ele>12.438821</ele>
        <time>2014-05-15T00:03:52.910000Z</time>
      </trkpt>
      <trkpt lat="38.808136" lon="121.15157">
        <ele>12.071286</ele>
        <time>2014-05-15T00:03:56.386000Z</time>
      </trkpt>
      <trkpt lat="38.808037" lon="121.15154">
        <ele>11.394019</ele>
        <time>2014-05-15T00:03:59.862000Z</time>
      </trkpt>
      <trkpt lat="38.807945" lon="121.15154">
        <ele>10.535227</ele>
        <time>2014-05-15T00:04:03.338000Z</time>
      </trkpt>
      <trkpt lat="38.80785" lon="121.15153">
        <ele>9.071217</ele>
        <time>2014-05-15T00:04:06.814000Z</time>
      </trkpt>
      <trkpt lat="38.807747" lon="121.151505">
        <ele>7.541582</ele>
        <time>2014-05-15T00:04:10.290000Z</time>
      </trkpt>
      <trkpt lat="38.807636" lon="121.151474">
        <ele>6.2266946</ele>
        <time>2014-05-15T00:04:13.766000Z</time>
      </trkpt>
      <trkpt lat="38.80754" lon="121.15146">
        <ele>4.588234</ele>
        <time>2014-05-15T00:04:17.242000Z</time>
      </trkpt>
      <trkpt lat="38.807453" lon="121.151436">
        <ele>3.1433887</ele>
        <time>2014-05-15T00:04:20.718000Z</time>
      </trkpt>
      <trkpt lat="38.807335" lon="121.1514">
        <ele>2.5223804</ele>
        <time>2014-05-15T00:04:24.194000Z</time>
      </trkpt>
      <trkpt lat="38.807243" lon="121.151375">
        <ele>2.3978548</ele>
        <time>2014-05-15T00:04:27.670000Z</time>
      </trkpt>
      <trkpt lat="38.807144" lon="121.151375">
        <ele>2.2634947</ele>
        <time>2014-05-15T00:04:31.146000Z</time>
      </trkpt>
      <trkpt lat="38.80705" lon="121.15136">
        <ele>1.9609983</ele>
        <time>2014-05-15T00:04:34.622000Z</time>
      </trkpt>
      <trkpt lat="38.806957" lon="121.151344">
        <ele>1.6770079</ele>
        <time>2014-05-15T00:04:38.098000Z</time>
      </trkpt>
      <trkpt lat="38.806847" lon="121.15132">
        <ele>1.3764974</ele>
        <time>2014-05-15T00:04:41.574000Z</time>
      </trkpt>
      <trkpt lat="38.806732" lon="121.15129">
        <ele>0.86387885</ele>
        <time>2014-05-15T00:04:45.050000Z</time>
      </trkpt>
      <trkpt lat="38.806637" lon="121.15127">
        <ele>0.30420136</ele>
        <time>2014-05-15T00:04:48.526000Z</time>
      </trkpt>
      <trkpt lat="38.806526" lon="121.151245">
        <ele>0</ele>
        <time>2014-05-15T00:04:52.002000Z</time>
      </trkpt>
      <trkpt lat="38.80643" lon="121.15123">
        <ele>0</ele>
        <time>2014-05-15T00:04:55.478000Z</time>
      </trkpt>
      <trkpt lat="38.806324" lon="121.15119">
        <ele>0</ele>
        <time>2014-05-15T00:04:58.954000Z</time>
      </trkpt>
      <trkpt lat="38.806206" lon="121.15117">
        <ele>0.011565273</ele>
        <time>2014-05-15T00:05:02.430000Z</time>
      </trkpt>
      <trkpt lat="38.806114" lon="121.15114">
        <ele>0.13084388</ele>
        <time>2014-05-15T00:05:05.906000Z</time>
      </trkpt>
      <trkpt lat="38.806015" lon="121.1511">
        <ele>0.23310475</ele>
        <time>2014-05-15T00:05:09.382000Z</time>
      </trkpt>
      <trkpt lat="38.805916" lon="121.15108">
        <ele>0.24019375</ele>
        <time>2014-05-15T00:05:12.858000Z</time>
      </trkpt>
      <trkpt lat="38.805824" lon="121.15104">
        <ele>0.15002343</ele>
        <time>2014-05-15T00:05:16.334000Z</time>
      </trkpt>
      <trkpt lat="38.805737" lon="121.15102">
        <ele>0.04437595</ele>
        <time>2014-05-15T00:05:19.810000Z</time>
      </trkpt>
      <trkpt lat="38.805653" lon="121.15097">
        <ele>0</ele>
        <time>2014-05-15T00:05:23.286000Z</time>
      </trkpt>
      <trkpt lat="38.80556" lon="121.15095">
        <ele>0</ele>
        <time>2014-05-15T00:05:26.762000Z</time>
      </trkpt>
      <trkpt lat="38.805466" lon="121.15094">
        <ele>0</ele>
        <time>2014-05-15T00:05:30.238000Z</time>
      </trkpt>
      <trkpt lat="38.805367" lon="121.150925">
        <ele>0</ele>
        <time>2014-05-15T00:05:33.714000Z</time>
      </trkpt>
      <trkpt lat="38.805264" lon="121.1509">
        <ele>0.0008144485</ele>
        <time>2014-05-15T00:05:37.190000Z</time>
      </trkpt>
      <trkpt lat="38.805172" lon="121.15086">
        <ele>0.001614226</ele>
        <time>2014-05-15T00:05:40.666000Z</time>
      </trkpt>
      <trkpt lat="38.805084" lon="121.15085">
        <ele>0.009927059</ele>
        <time>2014-05-15T00:05:44.142000Z</time>
      </trkpt>
      <trkpt lat="38.80499" lon="121.15083">
        <ele>0.023576798</ele>
        <time>2014-05-15T00:05:47.618000Z</time>
      </trkpt>
      <trkpt lat="38.80488" lon="121.150795">
        <ele>0.023845794</ele>
        <time>2014-05-15T00:05:51.094000Z</time>
      </trkpt>
      <trkpt lat="38.804783" lon="121.15077">
        <ele>0.011213675</ele>
        <time>2014-05-15T00:05:54.570000Z</time>
      </trkpt>
      <trkpt lat="38.804695" lon="121.15076">
        <ele>0.0016380998</ele>
        <time>2014-05-15T00:05:58.046000Z</time>
      </trkpt>
      <trkpt lat="38.804604" lon="121.15073">
        <ele>0</ele>
        <time>2014-05-15T00:06:01.522000Z</time>
      </trkpt>
      <trkpt lat="38.804504" lon="121.150696">
        <ele>0</ele>
        <time>2014-05-15T00:06:04.998000Z</time>
      </trkpt>
      <trkpt lat="38.804394" lon="121.15068">
        <ele>0</ele>
        <time>2014-05-15T00:06:08.474000Z</time>
      </trkpt>
      <trkpt lat="38.804302" lon="121.15066">
        <ele>0</ele>
        <time>2014-05-15T00:06:11.950000Z</time>
      </trkpt>
      <trkpt lat="38.80421" lon="121.15065">
        <ele>0.0001633376</ele>
        <time>2014-05-15T00:06:15.426000Z</time>
      </trkpt>
      <trkpt lat="38.80412" lon="121.15062">
        <ele>0.000158283</ele>
        <time>2014-05-15T00:06:18.902000Z</time>
      </trkpt>
      <trkpt lat="38.80412" lon="121.15062">
        <ele>0.0000194236</ele>
        <time>2014-05-15T00:06:22.378000Z</time>
      </trkpt>
      <trkpt lat="38.804005" lon="121.15059">
        <ele>0.0000225243</ele>
        <time>2014-05-15T00:06:25.854000Z</time>
      </trkpt>
      <trkpt lat="38.803913" lon="121.150566">
        <ele>0.0000399743</ele>
        <time>2014-05-15T00:06:29.330000Z</time>
      </trkpt>
      <trkpt lat="38.803818" lon="121.15054">
        <ele>0.0000336575</ele>
        <time>2014-05-15T00:06:32.806000Z</time>
      </trkpt>
      <trkpt lat="38.80372" lon="121.15052">
        <ele>0.0000139197</ele>
        <time>2014-05-15T00:06:36.282000Z</time>
      </trkpt>
      <trkpt lat="38.80361" lon="121.15049">
        <ele>0.17869318</ele>
        <time>2014-05-15T00:06:39.758000Z</time>
      </trkpt>
      <trkpt lat="38.803516" lon="121.15047">
        <ele>0.87112457</ele>
        <time>2014-05-15T00:06:43.234000Z</time>
      </trkpt>
      <trkpt lat="38.803417" lon="121.15044">
        <ele>1.9401699</ele>
        <time>2014-05-15T00:06:46.710000Z</time>
      </trkpt>
      <trkpt lat="38.803326" lon="121.15041">
        <ele>2.5789456</ele>
        <time>2014-05-15T00:06:50.186000Z</time>
      </trkpt>
      <trkpt lat="38.803215" lon="121.15038">
        <ele>2.182854</ele>
        <time>2014-05-15T00:06:53.662000Z</time>
      </trkpt>
      <trkpt lat="38.803104" lon="121.15036">
        <ele>1.1175041</ele>
        <time>2014-05-15T00:06:57.138000Z</time>
      </trkpt>
      <trkpt lat="38.802986" lon="121.15035">
        <ele>0.218381</ele>
        <time>2014-05-15T00:07:00.614000Z</time>
      </trkpt>
      <trkpt lat="38.802883" lon="121.15033">
        <ele>0</ele>
        <time>2014-05-15T00:07:04.090000Z</time>
      </trkpt>
      <trkpt lat="38.80277" lon="121.15031">
        <ele>0.7698139</ele>
        <time>2014-05-15T00:07:07.566000Z</time>
      </trkpt>
      <trkpt lat="38.802677" lon="121.15031">
        <ele>2.3159106</ele>
        <time>2014-05-15T00:07:11.042000Z</time>
      </trkpt>
      <trkpt lat="38.802578" lon="121.15032">
        <ele>3.300511</ele>
        <time>2014-05-15T00:07:14.518000Z</time>
      </trkpt>
      <trkpt lat="38.802467" lon="121.15031">
        <ele>2.9281614</ele>
        <time>2014-05-15T00:07:17.994000Z</time>
      </trkpt>
      <trkpt lat="38.802467" lon="121.15031">
        <ele>2.1795096</ele>
        <time>2014-05-15T00:07:21.470000Z</time>
      </trkpt>
      <trkpt lat="38.802265" lon="121.15024">
        <ele>2.5661864</ele>
        <time>2014-05-15T00:07:24.946000Z</time>
      </trkpt>
      <trkpt lat="38.802166" lon="121.15017">
        <ele>3.2250059</ele>
        <time>2014-05-15T00:07:28.422000Z</time>
      </trkpt>
      <trkpt lat="38.802082" lon="121.15012">
        <ele>4.381832</ele>
        <time>2014-05-15T00:07:31.898000Z</time>
      </trkpt>
      <trkpt lat="38.801975" lon="121.150055">
        <ele>6.5930676</ele>
        <time>2014-05-15T00:07:35.374000Z</time>
      </trkpt>
      <trkpt lat="38.801895" lon="121.149994">
        <ele>12.510603</ele>
        <time>2014-05-15T00:07:38.850000Z</time>
      </trkpt>
      <trkpt lat="38.801792" lon="121.14996">
        <ele>13.428636</ele>
        <time>2014-05-15T00:07:42.326000Z</time>
      </trkpt>
      <trkpt lat="38.801693" lon="121.14993">
        <ele>14.244813</ele>
        <time>2014-05-15T00:07:45.802000Z</time>
      </trkpt>
      <trkpt lat="38.801582" lon="121.14985">
        <ele>16.419058</ele>
        <time>2014-05-15T00:07:49.278000Z</time>
      </trkpt>
      <trkpt lat="38.80149" lon="121.14977">
        <ele>18.555508</ele>
        <time>2014-05-15T00:07:52.754000Z</time>
      </trkpt>
      <trkpt lat="38.801407" lon="121.14971">
        <ele>18.014355</ele>
        <time>2014-05-15T00:07:56.230000Z</time>
      </trkpt>
      <trkpt lat="38.80131" lon="121.1497">
        <ele>14.774356</ele>
        <time>2014-05-15T00:07:59.706000Z</time>
      </trkpt>
      <trkpt lat="38.801205" lon="121.149666">
        <ele>11.737423</ele>
        <time>2014-05-15T00:08:03.182000Z</time>
      </trkpt>
      <trkpt lat="38.8011" lon="121.14962">
        <ele>11.028178</ele>
        <time>2014-05-15T00:08:06.658000Z</time>
      </trkpt>
      <trkpt lat="38.800987" lon="121.149574">
        <ele>13.326079</ele>
        <time>2014-05-15T00:08:10.134000Z</time>
      </trkpt>
      <trkpt lat="38.800884" lon="121.14951">
        <ele>18.139982</ele>
        <time>2014-05-15T00:08:13.610000Z</time>
      </trkpt>
      <trkpt lat="38.800797" lon="121.14947">
        <ele>22.41833</ele>
        <time>2014-05-15T00:08:17.086000Z</time>
      </trkpt>
      <trkpt lat="38.80071" lon="121.14944">
        <ele>23.692146</ele>
        <time>2014-05-15T00:08:20.562000Z</time>
      </trkpt>
      <trkpt lat="38.80062" lon="121.149414">
        <ele>22.758327</ele>
        <time>2014-05-15T00:08:24.038000Z</time>
      </trkpt>
      <trkpt lat="38.800533" lon="121.149376">
        <ele>21.078362</ele>
        <time>2014-05-15T00:08:27.514000Z</time>
      </trkpt>
      <trkpt lat="38.800434" lon="121.14932">
        <ele>19.56574</ele>
        <time>2014-05-15T00:08:30.990000Z</time>
      </trkpt>
      <trkpt lat="38.800327" lon="121.1493">
        <ele>18.888718</ele>
        <time>2014-05-15T00:08:34.466000Z</time>
      </trkpt>
      <trkpt lat="38.800232" lon="121.14926">
        <ele>19.252075</ele>
        <time>2014-05-15T00:08:37.942000Z</time>
      </trkpt>
      <trkpt lat="38.800117" lon="121.14923">
        <ele>20.068844</ele>
        <time>2014-05-15T00:08:41.418000Z</time>
      </trkpt>
      <trkpt lat="38.800022" lon="121.14921">
        <ele>20.839518</ele>
        <time>2014-05-15T00:08:44.894000Z</time>
      </trkpt>
      <trkpt lat="38.799927" lon="121.149185">
        <ele>21.485275</ele>
        <time>2014-05-15T00:08:48.370000Z</time>
      </trkpt>
      <trkpt lat="38.799828" lon="121.14914">
        <ele>22.023052</ele>
        <time>2014-05-15T00:08:51.846000Z</time>
      </trkpt>
      <trkpt lat="38.79973" lon="121.1491">
        <ele>23.042908</ele>
        <time>2014-05-15T00:08:55.322000Z</time>
      </trkpt>
      <trkpt lat="38.799625" lon="121.149055">
        <ele>24.837988</ele>
        <time>2014-05-15T00:08:58.798000Z</time>
      </trkpt>
      <trkpt lat="38.799522" lon="121.14902">
        <ele>26.108479</ele>
        <time>2014-05-15T00:09:02.274000Z</time>
      </trkpt>
      <trkpt lat="38.799416" lon="121.14899">
        <ele>25.105486</ele>
        <time>2014-05-15T00:09:05.750000Z</time>
      </trkpt>
      <trkpt lat="38.799305" lon="121.148964">
        <ele>22.184252</ele>
        <time>2014-05-15T00:09:09.226000Z</time>
      </trkpt>
      <trkpt lat="38.799194" lon="121.14893">
        <ele>19.015244</ele>
        <time>2014-05-15T00:09:12.702000Z</time>
      </trkpt>
      <trkpt lat="38.799103" lon="121.14891">
        <ele>16.06437</ele>
        <time>2014-05-15T00:09:16.178000Z</time>
      </trkpt>
      <trkpt lat="38.799103" lon="121.14891">
        <ele>11.823743</ele>
        <time>2014-05-15T00:09:19.654000Z</time>
      </trkpt>
      <trkpt lat="38.798946" lon="121.14874">
        <ele>12.319351</ele>
        <time>2014-05-15T00:09:23.130000Z</time>
      </trkpt>
      <trkpt lat="38.79886" lon="121.1487">
        <ele>15.905416</ele>
        <time>2014-05-15T00:09:26.606000Z</time>
      </trkpt>
      <trkpt lat="38.79886" lon="121.1487">
        <ele>22.2462</ele>
        <time>2014-05-15T00:09:30.082000Z</time>
      </trkpt>
      <trkpt lat="38.798744" lon="121.14866">
        <ele>27.830898</ele>
        <time>2014-05-15T00:09:33.558000Z</time>
      </trkpt>
      <trkpt lat="38.798634" lon="121.14864">
        <ele>29.37245</ele>
        <time>2014-05-15T00:09:37.034000Z</time>
      </trkpt>
      <trkpt lat="38.798527" lon="121.14861">
        <ele>28.540096</ele>
        <time>2014-05-15T00:09:40.510000Z</time>
      </trkpt>
      <trkpt lat="38.798527" lon="121.14861">
        <ele>28.363785</ele>
        <time>2014-05-15T00:09:43.986000Z</time>
      </trkpt>
      <trkpt lat="38.79848" lon="121.1485">
        <ele>29.231417</ele>
        <time>2014-05-15T00:09:47.462000Z</time>
      </trkpt>
      <trkpt lat="38.79853" lon="121.14839">
        <ele>30.044994</ele>
        <time>2014-05-15T00:09:50.938000Z</time>
      </trkpt>
      <trkpt lat="38.79855" lon="121.14826">
        <ele>30.453957</ele>
        <time>2014-05-15T00:09:54.414000Z</time>
      </trkpt>
      <trkpt lat="38.798466" lon="121.14819">
        <ele>29.722477</ele>
        <time>2014-05-15T00:09:57.890000Z</time>
      </trkpt>
      <trkpt lat="38.798367" lon="121.14816">
        <ele>27.770557</ele>
        <time>2014-05-15T00:10:01.366000Z</time>
      </trkpt>
      <trkpt lat="38.798367" lon="121.14816">
        <ele>25.624474</ele>
        <time>2014-05-15T00:10:04.842000Z</time>
      </trkpt>
      <trkpt lat="38.798275" lon="121.14816">
        <ele>24.419891</ele>
        <time>2014-05-15T00:10:08.318000Z</time>
      </trkpt>
      <trkpt lat="38.79816" lon="121.14815">
        <ele>24.307285</ele>
        <time>2014-05-15T00:10:11.794000Z</time>
      </trkpt>
      <trkpt lat="38.798065" lon="121.148125">
        <ele>24.902498</ele>
        <time>2014-05-15T00:10:15.270000Z</time>
      </trkpt>
      <trkpt lat="38.79797" lon="121.14811">
        <ele>25.563896</ele>
        <time>2014-05-15T00:10:18.746000Z</time>
      </trkpt>
      <trkpt lat="38.797867" lon="121.1481">
        <ele>24.851357</ele>
        <time>2014-05-15T00:10:22.222000Z</time>
      </trkpt>
      <trkpt lat="38.79777" lon="121.14808">
        <ele>21.956835</ele>
        <time>2014-05-15T00:10:25.698000Z</time>
      </trkpt>
      <trkpt lat="38.797672" lon="121.148056">
        <ele>18.735775</ele>
        <time>2014-05-15T00:10:29.174000Z</time>
      </trkpt>
      <trkpt lat="38.797565" lon="121.14811">
        <ele>16.997715</ele>
        <time>2014-05-15T00:10:32.650000Z</time>
      </trkpt>
      <trkpt lat="38.797466" lon="121.14806">
        <ele>15.887985</ele>
        <time>2014-05-15T00:10:36.126000Z</time>
      </trkpt>
      <trkpt lat="38.79736" lon="121.14802">
        <ele>14.609652</ele>
        <time>2014-05-15T00:10:39.602000Z</time>
      </trkpt>
      <trkpt lat="38.797256" lon="121.14798">
        <ele>13.638064</ele>
        <time>2014-05-15T00:10:43.078000Z</time>
      </trkpt>
      <trkpt lat="38.797153" lon="121.14794">
        <ele>13.211444</ele>
        <time>2014-05-15T00:10:46.554000Z</time>
      </trkpt>
      <trkpt lat="38.79707" lon="121.147896">
        <ele>13.051197</ele>
        <time>2014-05-15T00:10:50.030000Z</time>
      </trkpt>
      <trkpt lat="38.796993" lon="121.147835">
        <ele>12.963813</ele>
        <time>2014-05-15T00:10:53.506000Z</time>
      </trkpt>
      <trkpt lat="38.796913" lon="121.14777">
        <ele>13.3017435</ele>
        <time>2014-05-15T00:10:56.982000Z</time>
      </trkpt>
      <trkpt lat="38.796825" lon="121.14771">
        <ele>14.516614</ele>
        <time>2014-05-15T00:11:00.458000Z</time>
      </trkpt>
      <trkpt lat="38.79673" lon="121.14768">
        <ele>16.142044</ele>
        <time>2014-05-15T00:11:03.934000Z</time>
      </trkpt>
      <trkpt lat="38.796623" lon="121.14764">
        <ele>17.518408</ele>
        <time>2014-05-15T00:11:07.410000Z</time>
      </trkpt>
      <trkpt lat="38.79653" lon="121.1476">
        <ele>19.186203</ele>
        <time>2014-05-15T00:11:10.886000Z</time>
      </trkpt>
      <trkpt lat="38.796436" lon="121.14757">
        <ele>21.423216</ele>
        <time>2014-05-15T00:11:14.362000Z</time>
      </trkpt>
      <trkpt lat="38.796337" lon="121.147545">
        <ele>22.875849</ele>
        <time>2014-05-15T00:11:17.838000Z</time>
      </trkpt>
      <trkpt lat="38.796246" lon="121.147514">
        <ele>22.398668</ele>
        <time>2014-05-15T00:11:21.314000Z</time>
      </trkpt>
      <trkpt lat="38.796154" lon="121.147484">
        <ele>20.753063</ele>
        <time>2014-05-15T00:11:24.790000Z</time>
      </trkpt>
      <trkpt lat="38.796062" lon="121.14745">
        <ele>19.369942</ele>
        <time>2014-05-15T00:11:28.266000Z</time>
      </trkpt>
      <trkpt lat="38.795975" lon="121.14742">
        <ele>18.693914</ele>
        <time>2014-05-15T00:11:31.742000Z</time>
      </trkpt>
      <trkpt lat="38.795868" lon="121.147385">
        <ele>18.385431</ele>
        <time>2014-05-15T00:11:35.218000Z</time>
      </trkpt>
      <trkpt lat="38.795773" lon="121.14735">
        <ele>18.535368</ele>
        <time>2014-05-15T00:11:38.694000Z</time>
      </trkpt>
      <trkpt lat="38.795677" lon="121.147316">
        <ele>19.280905</ele>
        <time>2014-05-15T00:11:42.170000Z</time>
      </trkpt>
      <trkpt lat="38.795578" lon="121.14728">
        <ele>20.092928</ele>
        <time>2014-05-15T00:11:45.646000Z</time>
      </trkpt>
      <trkpt lat="38.795494" lon="121.14725">
        <ele>20.643251</ele>
        <time>2014-05-15T00:11:49.122000Z</time>
      </trkpt>
      <trkpt lat="38.7954" lon="121.14722">
        <ele>21.217033</ele>
        <time>2014-05-15T00:11:52.598000Z</time>
      </trkpt>
      <trkpt lat="38.795296" lon="121.14716">
        <ele>21.846666</ele>
        <time>2014-05-15T00:11:56.074000Z</time>
      </trkpt>
      <trkpt lat="38.795197" lon="121.14712">
        <ele>21.877214</ele>
        <time>2014-05-15T00:11:59.550000Z</time>
      </trkpt>
      <trkpt lat="38.7951" lon="121.14708">
        <ele>21.000284</ele>
        <time>2014-05-15T00:12:03.026000Z</time>
      </trkpt>
      <trkpt lat="38.79501" lon="121.14704">
        <ele>20.491163</ele>
        <time>2014-05-15T00:12:06.502000Z</time>
      </trkpt>
      <trkpt lat="38.79492" lon="121.14701">
        <ele>21.437813</ele>
        <time>2014-05-15T00:12:09.978000Z</time>
      </trkpt>
      <trkpt lat="38.794827" lon="121.14698">
        <ele>22.962238</ele>
        <time>2014-05-15T00:12:13.454000Z</time>
      </trkpt>
      <trkpt lat="38.794735" lon="121.14694">
        <ele>24.034437</ele>
        <time>2014-05-15T00:12:16.930000Z</time>
      </trkpt>
      <trkpt lat="38.794647" lon="121.146904">
        <ele>24.64913</ele>
        <time>2014-05-15T00:12:20.406000Z</time>
      </trkpt>
      <trkpt lat="38.794556" lon="121.14687">
        <ele>25.032278</ele>
        <time>2014-05-15T00:12:23.882000Z</time>
      </trkpt>
      <trkpt lat="38.794464" lon="121.14684">
        <ele>25.216013</ele>
        <time>2014-05-15T00:12:27.358000Z</time>
      </trkpt>
      <trkpt lat="38.794373" lon="121.1468">
        <ele>24.910385</ele>
        <time>2014-05-15T00:12:30.834000Z</time>
      </trkpt>
      <trkpt lat="38.794262" lon="121.14674">
        <ele>23.64746</ele>
        <time>2014-05-15T00:12:34.310000Z</time>
      </trkpt>
      <trkpt lat="38.79415" lon="121.1467">
        <ele>21.47431</ele>
        <time>2014-05-15T00:12:37.786000Z</time>
      </trkpt>
      <trkpt lat="38.79404" lon="121.14665">
        <ele>19.279552</ele>
        <time>2014-05-15T00:12:41.262000Z</time>
      </trkpt>
      <trkpt lat="38.793945" lon="121.14659">
        <ele>18.378546</ele>
        <time>2014-05-15T00:12:44.738000Z</time>
      </trkpt>
      <trkpt lat="38.793842" lon="121.14654">
        <ele>19.046267</ele>
        <time>2014-05-15T00:12:48.214000Z</time>
      </trkpt>
      <trkpt lat="38.79376" lon="121.14649">
        <ele>20.014784</ele>
        <time>2014-05-15T00:12:51.690000Z</time>
      </trkpt>
      <trkpt lat="38.79367" lon="121.146454">
        <ele>20.2214</ele>
        <time>2014-05-15T00:12:55.166000Z</time>
      </trkpt>
      <trkpt lat="38.79358" lon="121.14643">
        <ele>20.29605</ele>
        <time>2014-05-15T00:12:58.642000Z</time>
      </trkpt>
      <trkpt lat="38.793476" lon="121.146385">
        <ele>20.986433</ele>
        <time>2014-05-15T00:13:02.118000Z</time>
      </trkpt>
      <trkpt lat="38.793392" lon="121.14634">
        <ele>21.356998</ele>
        <time>2014-05-15T00:13:05.594000Z</time>
      </trkpt>
      <trkpt lat="38.793304" lon="121.14629">
        <ele>20.238806</ele>
        <time>2014-05-15T00:13:09.070000Z</time>
      </trkpt>
      <trkpt lat="38.793217" lon="121.14625">
        <ele>18.041233</ele>
        <time>2014-05-15T00:13:12.546000Z</time>
      </trkpt>
      <trkpt lat="38.793125" lon="121.1462">
        <ele>15.977961</ele>
        <time>2014-05-15T00:13:16.022000Z</time>
      </trkpt>
      <trkpt lat="38.793034" lon="121.146164">
        <ele>14.805257</ele>
        <time>2014-05-15T00:13:19.498000Z</time>
      </trkpt>
      <trkpt lat="38.792934" lon="121.14613">
        <ele>14.80794</ele>
        <time>2014-05-15T00:13:22.974000Z</time>
      </trkpt>
      <trkpt lat="38.79284" lon="121.146095">
        <ele>15.748913</ele>
        <time>2014-05-15T00:13:26.450000Z</time>
      </trkpt>
      <trkpt lat="38.792747" lon="121.14606">
        <ele>17.084265</ele>
        <time>2014-05-15T00:13:29.926000Z</time>
      </trkpt>
      <trkpt lat="38.79265" lon="121.14602">
        <ele>18.533531</ele>
        <time>2014-05-15T00:13:33.402000Z</time>
      </trkpt>
      <trkpt lat="38.79255" lon="121.14599">
        <ele>19.903624</ele>
        <time>2014-05-15T00:13:36.878000Z</time>
      </trkpt>
      <trkpt lat="38.79244" lon="121.14594">
        <ele>19.925217</ele>
        <time>2014-05-15T00:13:40.354000Z</time>
      </trkpt>
      <trkpt lat="38.792343" lon="121.145905">
        <ele>17.934069</ele>
        <time>2014-05-15T00:13:43.830000Z</time>
      </trkpt>
      <trkpt lat="38.792244" lon="121.14587">
        <ele>14.25131</ele>
        <time>2014-05-15T00:13:47.306000Z</time>
      </trkpt>
      <trkpt lat="38.792156" lon="121.14582">
        <ele>9.46295</ele>
        <time>2014-05-15T00:13:50.782000Z</time>
      </trkpt>
      <trkpt lat="38.79207" lon="121.145775">
        <ele>5.0904903</ele>
        <time>2014-05-15T00:13:54.258000Z</time>
      </trkpt>
      <trkpt lat="38.791965" lon="121.14572">
        <ele>2.401382</ele>
        <time>2014-05-15T00:13:57.734000Z</time>
      </trkpt>
      <trkpt lat="38.79187" lon="121.14568">
        <ele>0.8876329</ele>
        <time>2014-05-15T00:14:01.210000Z</time>
      </trkpt>
      <trkpt lat="38.791775" lon="121.14564">
        <ele>0.06394377</ele>
        <time>2014-05-15T00:14:04.686000Z</time>
      </trkpt>
      <trkpt lat="38.791676" lon="121.14559">
        <ele>0</ele>
        <time>2014-05-15T00:14:08.162000Z</time>
      </trkpt>
      <trkpt lat="38.79157" lon="121.14556">
        <ele>0</ele>
        <time>2014-05-15T00:14:11.638000Z</time>
      </trkpt>
      <trkpt lat="38.79148" lon="121.14552">
        <ele>0.28879505</ele>
        <time>2014-05-15T00:14:15.114000Z</time>
      </trkpt>
      <trkpt lat="38.79139" lon="121.145485">
        <ele>0.76376677</ele>
        <time>2014-05-15T00:14:18.590000Z</time>
      </trkpt>
      <trkpt lat="38.79129" lon="121.14544">
        <ele>1.4056047</ele>
        <time>2014-05-15T00:14:22.066000Z</time>
      </trkpt>
      <trkpt lat="38.791195" lon="121.14539">
        <ele>2.5470967</ele>
        <time>2014-05-15T00:14:25.542000Z</time>
      </trkpt>
      <trkpt lat="38.791084" lon="121.14535">
        <ele>4.4037075</ele>
        <time>2014-05-15T00:14:29.018000Z</time>
      </trkpt>
      <trkpt lat="38.790977" lon="121.14531">
        <ele>6.5643053</ele>
        <time>2014-05-15T00:14:32.494000Z</time>
      </trkpt>
      <trkpt lat="38.790894" lon="121.14527">
        <ele>8.151317</ele>
        <time>2014-05-15T00:14:35.970000Z</time>
      </trkpt>
      <trkpt lat="38.7908" lon="121.14523">
        <ele>8.911459</ele>
        <time>2014-05-15T00:14:39.446000Z</time>
      </trkpt>
      <trkpt lat="38.79069" lon="121.145226">
        <ele>9.305565</ele>
        <time>2014-05-15T00:14:42.922000Z</time>
      </trkpt>
      <trkpt lat="38.790585" lon="121.14525">
        <ele>9.2399</ele>
        <time>2014-05-15T00:14:46.398000Z</time>
      </trkpt>
      <trkpt lat="38.79047" lon="121.14528">
        <ele>8.534112</ele>
        <time>2014-05-15T00:14:49.874000Z</time>
      </trkpt>
      <trkpt lat="38.79037" lon="121.14531">
        <ele>8.140796</ele>
        <time>2014-05-15T00:14:53.350000Z</time>
      </trkpt>
      <trkpt lat="38.790257" lon="121.14532">
        <ele>8.810154</ele>
        <time>2014-05-15T00:14:56.826000Z</time>
      </trkpt>
      <trkpt lat="38.790157" lon="121.14533">
        <ele>9.812179</ele>
        <time>2014-05-15T00:15:00.302000Z</time>
      </trkpt>
      <trkpt lat="38.79005" lon="121.14535">
        <ele>10.327188</ele>
        <time>2014-05-15T00:15:03.778000Z</time>
      </trkpt>
      <trkpt lat="38.789925" lon="121.14537">
        <ele>10.178644</ele>
        <time>2014-05-15T00:15:07.254000Z</time>
      </trkpt>
      <trkpt lat="38.789833" lon="121.14537">
        <ele>9.782791</ele>
        <time>2014-05-15T00:15:10.730000Z</time>
      </trkpt>
      <trkpt lat="38.789722" lon="121.145355">
        <ele>9.6739435</ele>
        <time>2014-05-15T00:15:14.206000Z</time>
      </trkpt>
      <trkpt lat="38.789616" lon="121.14535">
        <ele>9.7147875</ele>
        <time>2014-05-15T00:15:17.682000Z</time>
      </trkpt>
      <trkpt lat="38.789505" lon="121.14534">
        <ele>9.631505</ele>
        <time>2014-05-15T00:15:21.158000Z</time>
      </trkpt>
      <trkpt lat="38.789394" lon="121.145325">
        <ele>9.44811</ele>
        <time>2014-05-15T00:15:24.634000Z</time>
      </trkpt>
      <trkpt lat="38.789295" lon="121.14532">
        <ele>9.22847</ele>
        <time>2014-05-15T00:15:28.110000Z</time>
      </trkpt>
      <trkpt lat="38.789204" lon="121.14531">
        <ele>8.89192</ele>
        <time>2014-05-15T00:15:31.586000Z</time>
      </trkpt>
      <trkpt lat="38.78911" lon="121.1453">
        <ele>8.317094</ele>
        <time>2014-05-15T00:15:35.062000Z</time>
      </trkpt>
      <trkpt lat="38.788994" lon="121.14529">
        <ele>7.664324</ele>
        <time>2014-05-15T00:15:38.538000Z</time>
      </trkpt>
      <trkpt lat="38.788895" lon="121.14528">
        <ele>7.252086</ele>
        <time>2014-05-15T00:15:42.014000Z</time>
      </trkpt>
      <trkpt lat="38.788788" lon="121.14526">
        <ele>7.1928105</ele>
        <time>2014-05-15T00:15:45.490000Z</time>
      </trkpt>
      <trkpt lat="38.78867" lon="121.14525">
        <ele>7.859874</ele>
        <time>2014-05-15T00:15:48.966000Z</time>
      </trkpt>
      <trkpt lat="38.78857" lon="121.14522">
        <ele>9.493441</ele>
        <time>2014-05-15T00:15:52.442000Z</time>
      </trkpt>
      <trkpt lat="38.788464" lon="121.14516">
        <ele>11.420522</ele>
        <time>2014-05-15T00:15:55.918000Z</time>
      </trkpt>
      <trkpt lat="38.788383" lon="121.145096">
        <ele>11.93278</ele>
        <time>2014-05-15T00:15:59.394000Z</time>
      </trkpt>
      <trkpt lat="38.788303" lon="121.145035">
        <ele>10.110643</ele>
        <time>2014-05-15T00:16:02.870000Z</time>
      </trkpt>
      <trkpt lat="38.7882" lon="121.14497">
        <ele>7.580479</ele>
        <time>2014-05-15T00:16:06.346000Z</time>
      </trkpt>
      <trkpt lat="38.788097" lon="121.14492">
        <ele>6.314985</ele>
        <time>2014-05-15T00:16:09.822000Z</time>
      </trkpt>
      <trkpt lat="38.78799" lon="121.14487">
        <ele>6.0824676</ele>
        <time>2014-05-15T00:16:13.298000Z</time>
      </trkpt>
      <trkpt lat="38.78799" lon="121.14487">
        <ele>6.0491576</ele>
        <time>2014-05-15T00:16:16.774000Z</time>
      </trkpt>
      <trkpt lat="38.787895" lon="121.14482">
        <ele>6.0665445</ele>
        <time>2014-05-15T00:16:20.250000Z</time>
      </trkpt>
      <trkpt lat="38.787796" lon="121.144806">
        <ele>7.014192</ele>
        <time>2014-05-15T00:16:23.726000Z</time>
      </trkpt>
      <trkpt lat="38.787796" lon="121.144806">
        <ele>11.494822</ele>
        <time>2014-05-15T00:16:27.202000Z</time>
      </trkpt>
      <trkpt lat="38.787796" lon="121.144806">
        <ele>11.455494</ele>
        <time>2014-05-15T00:16:30.678000Z</time>
      </trkpt>
      <trkpt lat="38.787624" lon="121.144806">
        <ele>10.374684</ele>
        <time>2014-05-15T00:16:34.154000Z</time>
      </trkpt>
      <trkpt lat="38.78752" lon="121.14477">
        <ele>8.266069</ele>
        <time>2014-05-15T00:16:37.630000Z</time>
      </trkpt>
      <trkpt lat="38.78742" lon="121.14469">
        <ele>4.566912</ele>
        <time>2014-05-15T00:16:41.106000Z</time>
      </trkpt>
      <trkpt lat="38.787315" lon="121.14465">
        <ele>1.0789741</ele>
        <time>2014-05-15T00:16:44.582000Z</time>
      </trkpt>
      <trkpt lat="38.78723" lon="121.144615">
        <ele>0</ele>
        <time>2014-05-15T00:16:48.058000Z</time>
      </trkpt>
      <trkpt lat="38.787148" lon="121.14456">
        <ele>0</ele>
        <time>2014-05-15T00:16:51.534000Z</time>
      </trkpt>
      <trkpt lat="38.78705" lon="121.14449">
        <ele>0</ele>
        <time>2014-05-15T00:16:55.010000Z</time>
      </trkpt>
      <trkpt lat="38.78696" lon="121.14441">
        <ele>0</ele>
        <time>2014-05-15T00:16:58.486000Z</time>
      </trkpt>
      <trkpt lat="38.78689" lon="121.14434">
        <ele>0.04138651</ele>
        <time>2014-05-15T00:17:01.962000Z</time>
      </trkpt>
      <trkpt lat="38.786797" lon="121.14428">
        <ele>0.055232715</ele>
        <time>2014-05-15T00:17:05.438000Z</time>
      </trkpt>
      <trkpt lat="38.786716" lon="121.14421">
        <ele>0.029741203</ele>
        <time>2014-05-15T00:17:08.914000Z</time>
      </trkpt>
      <trkpt lat="38.786636" lon="121.144135">
        <ele>0.0066273343</ele>
        <time>2014-05-15T00:17:12.390000Z</time>
      </trkpt>
      <trkpt lat="38.78658" lon="121.14404">
        <ele>0</ele>
        <time>2014-05-15T00:17:15.866000Z</time>
      </trkpt>
      <trkpt lat="38.786514" lon="121.14396">
        <ele>0</ele>
        <time>2014-05-15T00:17:19.342000Z</time>
      </trkpt>
      <trkpt lat="38.78645" lon="121.143875">
        <ele>0</ele>
        <time>2014-05-15T00:17:22.818000Z</time>
      </trkpt>
      <trkpt lat="38.78638" lon="121.14378">
        <ele>0.0382241</ele>
        <time>2014-05-15T00:17:26.294000Z</time>
      </trkpt>
      <trkpt lat="38.786297" lon="121.143684">
        <ele>0.30795532</ele>
        <time>2014-05-15T00:17:29.770000Z</time>
      </trkpt>
      <trkpt lat="38.786213" lon="121.14358">
        <ele>1.1642758</ele>
        <time>2014-05-15T00:17:33.246000Z</time>
      </trkpt>
      <trkpt lat="38.786137" lon="121.14347">
        <ele>2.6037636</ele>
        <time>2014-05-15T00:17:36.722000Z</time>
      </trkpt>
      <trkpt lat="38.786053" lon="121.14338">
        <ele>3.9809284</ele>
        <time>2014-05-15T00:17:40.198000Z</time>
      </trkpt>
      <trkpt lat="38.785988" lon="121.14328">
        <ele>4.727084</ele>
        <time>2014-05-15T00:17:43.674000Z</time>
      </trkpt>
      <trkpt lat="38.785885" lon="121.1432">
        <ele>5.121804</ele>
        <time>2014-05-15T00:17:47.150000Z</time>
      </trkpt>
      <trkpt lat="38.785797" lon="121.143135">
        <ele>5.536753</ele>
        <time>2014-05-15T00:17:50.626000Z</time>
      </trkpt>
      <trkpt lat="38.785694" lon="121.14309">
        <ele>5.333217</ele>
        <time>2014-05-15T00:17:54.102000Z</time>
      </trkpt>
      <trkpt lat="38.7856" lon="121.14301">
        <ele>5.2461843</ele>
        <time>2014-05-15T00:17:57.578000Z</time>
      </trkpt>
      <trkpt lat="38.785515" lon="121.14295">
        <ele>5.5567493</ele>
        <time>2014-05-15T00:18:01.054000Z</time>
      </trkpt>
      <trkpt lat="38.785427" lon="121.14291">
        <ele>5.1088448</ele>
        <time>2014-05-15T00:18:04.530000Z</time>
      </trkpt>
      <trkpt lat="38.785343" lon="121.14285">
        <ele>3.5971847</ele>
        <time>2014-05-15T00:18:08.006000Z</time>
      </trkpt>
      <trkpt lat="38.785248" lon="121.142815">
        <ele>1.5806789</ele>
        <time>2014-05-15T00:18:11.482000Z</time>
      </trkpt>
      <trkpt lat="38.78513" lon="121.142784">
        <ele>0.16369788</ele>
        <time>2014-05-15T00:18:14.958000Z</time>
      </trkpt>
      <trkpt lat="38.785023" lon="121.14274">
        <ele>0</ele>
        <time>2014-05-15T00:18:18.434000Z</time>
      </trkpt>
      <trkpt lat="38.784924" lon="121.1427">
        <ele>0</ele>
        <time>2014-05-15T00:18:21.910000Z</time>
      </trkpt>
      <trkpt lat="38.78484" lon="121.142654">
        <ele>0</ele>
        <time>2014-05-15T00:18:25.386000Z</time>
      </trkpt>
      <trkpt lat="38.78475" lon="121.142624">
        <ele>0.67042</ele>
        <time>2014-05-15T00:18:28.862000Z</time>
      </trkpt>
      <trkpt lat="38.784653" lon="121.14256">
        <ele>2.48696</ele>
        <time>2014-05-15T00:18:32.338000Z</time>
      </trkpt>
      <trkpt lat="38.78455" lon="121.14251">
        <ele>3.7908201</ele>
        <time>2014-05-15T00:18:35.814000Z</time>
      </trkpt>
      <trkpt lat="38.784435" lon="121.142456">
        <ele>3.1301777</ele>
        <time>2014-05-15T00:18:39.290000Z</time>
      </trkpt>
      <trkpt lat="38.784344" lon="121.14242">
        <ele>1.4387511</ele>
        <time>2014-05-15T00:18:42.766000Z</time>
      </trkpt>
      <trkpt lat="38.784245" lon="121.14237">
        <ele>0.56608844</ele>
        <time>2014-05-15T00:18:46.242000Z</time>
      </trkpt>
      <trkpt lat="38.78414" lon="121.14234">
        <ele>1.088476</ele>
        <time>2014-05-15T00:18:49.718000Z</time>
      </trkpt>
      <trkpt lat="38.784046" lon="121.14229">
        <ele>1.7299355</ele>
        <time>2014-05-15T00:18:53.194000Z</time>
      </trkpt>
      <trkpt lat="38.783943" lon="121.142235">
        <ele>1.3667771</ele>
        <time>2014-05-15T00:18:56.670000Z</time>
      </trkpt>
      <trkpt lat="38.783855" lon="121.142166">
        <ele>0.5348727</ele>
        <time>2014-05-15T00:19:00.146000Z</time>
      </trkpt>
      <trkpt lat="38.78376" lon="121.142105">
        <ele>0.012780499</ele>
        <time>2014-05-15T00:19:03.622000Z</time>
      </trkpt>
      <trkpt lat="38.78367" lon="121.142044">
        <ele>0</ele>
        <time>2014-05-15T00:19:07.098000Z</time>
      </trkpt>
      <trkpt lat="38.783566" lon="121.14199">
        <ele>0</ele>
        <time>2014-05-15T00:19:10.574000Z</time>
      </trkpt>
      <trkpt lat="38.78347" lon="121.14192">
        <ele>0</ele>
        <time>2014-05-15T00:19:14.050000Z</time>
      </trkpt>
      <trkpt lat="38.783382" lon="121.14187">
        <ele>0</ele>
        <time>2014-05-15T00:19:17.526000Z</time>
      </trkpt>
      <trkpt lat="38.783302" lon="121.14181">
        <ele>0.011779536</ele>
        <time>2014-05-15T00:19:21.002000Z</time>
      </trkpt>
      <trkpt lat="38.783215" lon="121.14174">
        <ele>0.009014528</ele>
        <time>2014-05-15T00:19:24.478000Z</time>
      </trkpt>
      <trkpt lat="38.783127" lon="121.14167">
        <ele>0.0034223667</ele>
        <time>2014-05-15T00:19:27.954000Z</time>
      </trkpt>
      <trkpt lat="38.783016" lon="121.14161">
        <ele>0.0000050609</ele>
        <time>2014-05-15T00:19:31.430000Z</time>
      </trkpt>
      <trkpt lat="38.782917" lon="121.14156">
        <ele>0</ele>
        <time>2014-05-15T00:19:34.906000Z</time>
      </trkpt>
      <trkpt lat="38.782825" lon="121.14151">
        <ele>0</ele>
        <time>2014-05-15T00:19:38.382000Z</time>
      </trkpt>
      <trkpt lat="38.78273" lon="121.14146">
        <ele>0</ele>
        <time>2014-05-15T00:19:41.858000Z</time>
      </trkpt>
      <trkpt lat="38.78265" lon="121.141396">
        <ele>0.0000028031</ele>
        <time>2014-05-15T00:19:45.334000Z</time>
      </trkpt>
      <trkpt lat="38.78257" lon="121.14132">
        <ele>0.000080053</ele>
        <time>2014-05-15T00:19:48.810000Z</time>
      </trkpt>
      <trkpt lat="38.78246" lon="121.14126">
        <ele>0.0000593985</ele>
        <time>2014-05-15T00:19:52.286000Z</time>
      </trkpt>
      <trkpt lat="38.782364" lon="121.14121">
        <ele>0.0000218568</ele>
        <time>2014-05-15T00:19:55.762000Z</time>
      </trkpt>
      <trkpt lat="38.78227" lon="121.14112">
        <ele>0</ele>
        <time>2014-05-15T00:19:59.238000Z</time>
      </trkpt>
      <trkpt lat="38.782154" lon="121.14108">
        <ele>0</ele>
        <time>2014-05-15T00:20:02.714000Z</time>
      </trkpt>
      <trkpt lat="38.782063" lon="121.14105">
        <ele>0</ele>
        <time>2014-05-15T00:20:06.190000Z</time>
      </trkpt>
      <trkpt lat="38.78201" lon="121.14094">
        <ele>0</ele>
        <time>2014-05-15T00:20:09.666000Z</time>
      </trkpt>
      <trkpt lat="38.781998" lon="121.14079">
        <ele>0.0000000608</ele>
        <time>2014-05-15T00:20:13.142000Z</time>
      </trkpt>
      <trkpt lat="38.782" lon="121.14066">
        <ele>0.000000543</ele>
        <time>2014-05-15T00:20:16.618000Z</time>
      </trkpt>
      <trkpt lat="38.78202" lon="121.14051">
        <ele>0.000000391</ele>
        <time>2014-05-15T00:20:20.094000Z</time>
      </trkpt>
      <trkpt lat="38.78201" lon="121.14039">
        <ele>0.0000001393</ele>
        <time>2014-05-15T00:20:23.570000Z</time>
      </trkpt>
      <trkpt lat="38.782013" lon="121.14025">
        <ele>0</ele>
        <time>2014-05-15T00:20:27.046000Z</time>
      </trkpt>
      <trkpt lat="38.78203" lon="121.14012">
        <ele>0</ele>
        <time>2014-05-15T00:20:30.522000Z</time>
      </trkpt>
      <trkpt lat="38.78207" lon="121.14001">
        <ele>0</ele>
        <time>2014-05-15T00:20:33.998000Z</time>
      </trkpt>
      <trkpt lat="38.782104" lon="121.13989">
        <ele>0</ele>
        <time>2014-05-15T00:20:37.474000Z</time>
      </trkpt>
      <trkpt lat="38.78218" lon="121.1398">
        <ele>0.12813213</ele>
        <time>2014-05-15T00:20:40.950000Z</time>
      </trkpt>
      <trkpt lat="38.782227" lon="121.139656">
        <ele>1.6345979</ele>
        <time>2014-05-15T00:20:44.426000Z</time>
      </trkpt>
      <trkpt lat="38.782265" lon="121.13954">
        <ele>5.031637</ele>
        <time>2014-05-15T00:20:47.902000Z</time>
      </trkpt>
      <trkpt lat="38.782314" lon="121.13943">
        <ele>8.110877</ele>
        <time>2014-05-15T00:20:51.378000Z</time>
      </trkpt>
      <trkpt lat="38.782352" lon="121.13931">
        <ele>9.053247</ele>
        <time>2014-05-15T00:20:54.854000Z</time>
      </trkpt>
      <trkpt lat="38.782387" lon="121.139175">
        <ele>8.906216</ele>
        <time>2014-05-15T00:20:58.330000Z</time>
      </trkpt>
      <trkpt lat="38.78241" lon="121.13904">
        <ele>8.972542</ele>
        <time>2014-05-15T00:21:01.806000Z</time>
      </trkpt>
      <trkpt lat="38.78254" lon="121.1391">
        <ele>9.654295</ele>
        <time>2014-05-15T00:21:05.282000Z</time>
      </trkpt>
      <trkpt lat="38.782604" lon="121.13895">
        <ele>13.180404</ele>
        <time>2014-05-15T00:21:08.758000Z</time>
      </trkpt>
      <trkpt lat="38.782734" lon="121.138954">
        <ele>20.40519</ele>
        <time>2014-05-15T00:21:12.234000Z</time>
      </trkpt>
      <trkpt lat="38.782898" lon="121.13897">
        <ele>26.150194</ele>
        <time>2014-05-15T00:21:15.710000Z</time>
      </trkpt>
      <trkpt lat="38.783077" lon="121.139">
        <ele>25.676273</ele>
        <time>2014-05-15T00:21:19.186000Z</time>
      </trkpt>
      <trkpt lat="38.783077" lon="121.139">
        <ele>21.212471</ele>
        <time>2014-05-15T00:21:22.662000Z</time>
      </trkpt>
      <trkpt lat="38.78319" lon="121.139015">
        <ele>16.659714</ele>
        <time>2014-05-15T00:21:26.138000Z</time>
      </trkpt>
      <trkpt lat="38.783306" lon="121.13902">
        <ele>13.007225</ele>
        <time>2014-05-15T00:21:29.614000Z</time>
      </trkpt>
      <trkpt lat="38.783413" lon="121.13904">
        <ele>10.173514</ele>
        <time>2014-05-15T00:21:33.090000Z</time>
      </trkpt>
      <trkpt lat="38.783413" lon="121.13904">
        <ele>8.972617</ele>
        <time>2014-05-15T00:21:36.566000Z</time>
      </trkpt>
      <trkpt lat="38.783577" lon="121.139175">
        <ele>9.461211</ele>
        <time>2014-05-15T00:21:40.042000Z</time>
      </trkpt>
      <trkpt lat="38.78364" lon="121.13927">
        <ele>9.256461</ele>
        <time>2014-05-15T00:21:43.518000Z</time>
      </trkpt>
      <trkpt lat="38.78371" lon="121.13936">
        <ele>8.429017</ele>
        <time>2014-05-15T00:21:46.994000Z</time>
      </trkpt>
      <trkpt lat="38.783794" lon="121.139465">
        <ele>7.978932</ele>
        <time>2014-05-15T00:21:50.470000Z</time>
      </trkpt>
      <trkpt lat="38.783867" lon="121.13956">
        <ele>8.435841</ele>
        <time>2014-05-15T00:21:53.946000Z</time>
      </trkpt>
      <trkpt lat="38.783943" lon="121.13963">
        <ele>9.129371</ele>
        <time>2014-05-15T00:21:57.422000Z</time>
      </trkpt>
      <trkpt lat="38.784027" lon="121.13971">
        <ele>9.371838</ele>
        <time>2014-05-15T00:22:00.898000Z</time>
      </trkpt>
      <trkpt lat="38.784092" lon="121.1398">
        <ele>9.345894</ele>
        <time>2014-05-15T00:22:04.374000Z</time>
      </trkpt>
      <trkpt lat="38.784157" lon="121.139885">
        <ele>9.415953</ele>
        <time>2014-05-15T00:22:07.850000Z</time>
      </trkpt>
      <trkpt lat="38.784233" lon="121.139946">
        <ele>9.733669</ele>
        <time>2014-05-15T00:22:11.326000Z</time>
      </trkpt>
      <trkpt lat="38.784332" lon="121.140015">
        <ele>10.200216</ele>
        <time>2014-05-15T00:22:14.802000Z</time>
      </trkpt>
      <trkpt lat="38.784428" lon="121.14009">
        <ele>10.598409</ele>
        <time>2014-05-15T00:22:18.278000Z</time>
      </trkpt>
      <trkpt lat="38.784504" lon="121.14016">
        <ele>11.127758</ele>
        <time>2014-05-15T00:22:21.754000Z</time>
      </trkpt>
      <trkpt lat="38.7846" lon="121.14024">
        <ele>12.134409</ele>
        <time>2014-05-15T00:22:25.230000Z</time>
      </trkpt>
      <trkpt lat="38.78467" lon="121.14032">
        <ele>13.279498</ele>
        <time>2014-05-15T00:22:28.706000Z</time>
      </trkpt>
      <trkpt lat="38.784767" lon="121.1404">
        <ele>13.928318</ele>
        <time>2014-05-15T00:22:32.182000Z</time>
      </trkpt>
      <trkpt lat="38.784855" lon="121.14049">
        <ele>13.875111</ele>
        <time>2014-05-15T00:22:35.658000Z</time>
      </trkpt>
      <trkpt lat="38.78494" lon="121.14055">
        <ele>13.052244</ele>
        <time>2014-05-15T00:22:39.134000Z</time>
      </trkpt>
      <trkpt lat="38.785038" lon="121.14061">
        <ele>11.311502</ele>
        <time>2014-05-15T00:22:42.610000Z</time>
      </trkpt>
      <trkpt lat="38.78512" lon="121.14069">
        <ele>9.078193</ele>
        <time>2014-05-15T00:22:46.086000Z</time>
      </trkpt>
      <trkpt lat="38.785202" lon="121.140656">
        <ele>7.1016974</ele>
        <time>2014-05-15T00:22:49.562000Z</time>
      </trkpt>
      <trkpt lat="38.78519" lon="121.14052">
        <ele>5.6949296</ele>
        <time>2014-05-15T00:22:53.038000Z</time>
      </trkpt>
      <trkpt lat="38.785175" lon="121.14038">
        <ele>4.915406</ele>
        <time>2014-05-15T00:22:56.514000Z</time>
      </trkpt>
      <trkpt lat="38.785156" lon="121.14025">
        <ele>4.7784505</ele>
        <time>2014-05-15T00:22:59.990000Z</time>
      </trkpt>
      <trkpt lat="38.78513" lon="121.140114">
        <ele>5.225411</ele>
        <time>2014-05-15T00:23:03.466000Z</time>
      </trkpt>
      <trkpt lat="38.785114" lon="121.13999">
        <ele>6.0456395</ele>
        <time>2014-05-15T00:23:06.942000Z</time>
      </trkpt>
      <trkpt lat="38.785103" lon="121.13987">
        <ele>6.794698</ele>
        <time>2014-05-15T00:23:10.418000Z</time>
      </trkpt>
      <trkpt lat="38.78509" lon="121.13975">
        <ele>7.2364783</ele>
        <time>2014-05-15T00:23:13.894000Z</time>
      </trkpt>
      <trkpt lat="38.785084" lon="121.139626">
        <ele>7.4436717</ele>
        <time>2014-05-15T00:23:17.370000Z</time>
      </trkpt>
      <trkpt lat="38.785072" lon="121.13948">
        <ele>7.485227</ele>
        <time>2014-05-15T00:23:20.846000Z</time>
      </trkpt>
      <trkpt lat="38.785084" lon="121.139366">
        <ele>7.264525</ele>
        <time>2014-05-15T00:23:24.322000Z</time>
      </trkpt>
      <trkpt lat="38.785088" lon="121.13922">
        <ele>6.600317</ele>
        <time>2014-05-15T00:23:27.798000Z</time>
      </trkpt>
      <trkpt lat="38.785072" lon="121.13908">
        <ele>5.6856923</ele>
        <time>2014-05-15T00:23:31.274000Z</time>
      </trkpt>
      <trkpt lat="38.78508" lon="121.138954">
        <ele>5.0540447</ele>
        <time>2014-05-15T00:23:34.750000Z</time>
      </trkpt>
      <trkpt lat="38.7851" lon="121.138824">
        <ele>4.983555</ele>
        <time>2014-05-15T00:23:38.226000Z</time>
      </trkpt>
      <trkpt lat="38.785114" lon="121.13869">
        <ele>5.211083</ele>
        <time>2014-05-15T00:23:41.702000Z</time>
      </trkpt>
      <trkpt lat="38.785133" lon="121.138565">
        <ele>5.307934</ele>
        <time>2014-05-15T00:23:45.178000Z</time>
      </trkpt>
      <trkpt lat="38.78508" lon="121.13865">
        <ele>5.079444</ele>
        <time>2014-05-15T00:23:48.654000Z</time>
      </trkpt>
      <trkpt lat="38.78508" lon="121.13865">
        <ele>5.07738</ele>
        <time>2014-05-15T00:23:52.130000Z</time>
      </trkpt>
      <trkpt lat="38.78508" lon="121.13865">
        <ele>5.076989</ele>
        <time>2014-05-15T00:23:55.606000Z</time>
      </trkpt>
      <trkpt lat="38.78509" lon="121.138794">
        <ele>5.0758467</ele>
        <time>2014-05-15T00:23:59.082000Z</time>
      </trkpt>
      <trkpt lat="38.785072" lon="121.13895">
        <ele>5.074323</ele>
        <time>2014-05-15T00:24:02.558000Z</time>
      </trkpt>
      <trkpt lat="38.785072" lon="121.13907">
        <ele>5.1263056</ele>
        <time>2014-05-15T00:24:06.034000Z</time>
      </trkpt>
      <trkpt lat="38.78506" lon="121.1392">
        <ele>5.263649</ele>
        <time>2014-05-15T00:24:09.510000Z</time>
      </trkpt>
      <trkpt lat="38.78506" lon="121.13932">
        <ele>5.5121455</ele>
        <time>2014-05-15T00:24:12.986000Z</time>
      </trkpt>
      <trkpt lat="38.785057" lon="121.13944">
        <ele>6.3202105</ele>
        <time>2014-05-15T00:24:16.462000Z</time>
      </trkpt>
      <trkpt lat="38.785065" lon="121.139595">
        <ele>7.9225106</ele>
        <time>2014-05-15T00:24:19.938000Z</time>
      </trkpt>
      <trkpt lat="38.785084" lon="121.13973">
        <ele>9.7142105</ele>
        <time>2014-05-15T00:24:23.414000Z</time>
      </trkpt>
      <trkpt lat="38.785095" lon="121.13985">
        <ele>10.848322</ele>
        <time>2014-05-15T00:24:26.890000Z</time>
      </trkpt>
      <trkpt lat="38.78509" lon="121.13997">
        <ele>10.822936</ele>
        <time>2014-05-15T00:24:30.366000Z</time>
      </trkpt>
      <trkpt lat="38.785095" lon="121.14008">
        <ele>9.846338</ele>
        <time>2014-05-15T00:24:33.842000Z</time>
      </trkpt>
      <trkpt lat="38.78511" lon="121.14021">
        <ele>8.315921</ele>
        <time>2014-05-15T00:24:37.318000Z</time>
      </trkpt>
      <trkpt lat="38.78511" lon="121.14034">
        <ele>6.494492</ele>
        <time>2014-05-15T00:24:40.794000Z</time>
      </trkpt>
      <trkpt lat="38.785137" lon="121.14047">
        <ele>5.3544617</ele>
        <time>2014-05-15T00:24:44.270000Z</time>
      </trkpt>
      <trkpt lat="38.78518" lon="121.1406">
        <ele>5.802002</ele>
        <time>2014-05-15T00:24:47.746000Z</time>
      </trkpt>
      <trkpt lat="38.785183" lon="121.140724">
        <ele>7.239392</ele>
        <time>2014-05-15T00:24:51.222000Z</time>
      </trkpt>
      <trkpt lat="38.785183" lon="121.140724">
        <ele>8.248887</ele>
        <time>2014-05-15T00:24:54.698000Z</time>
      </trkpt>
      <trkpt lat="38.78508" lon="121.14067">
        <ele>8.189602</ele>
        <time>2014-05-15T00:24:58.174000Z</time>
      </trkpt>
      <trkpt lat="38.784977" lon="121.14058">
        <ele>7.4174995</ele>
        <time>2014-05-15T00:25:01.650000Z</time>
      </trkpt>
      <trkpt lat="38.78489" lon="121.140526">
        <ele>6.47109</ele>
        <time>2014-05-15T00:25:05.126000Z</time>
      </trkpt>
      <trkpt lat="38.78481" lon="121.14046">
        <ele>5.931805</ele>
        <time>2014-05-15T00:25:08.602000Z</time>
      </trkpt>
      <trkpt lat="38.784702" lon="121.14038">
        <ele>6.2456098</ele>
        <time>2014-05-15T00:25:12.078000Z</time>
      </trkpt>
      <trkpt lat="38.784626" lon="121.14031">
        <ele>6.22027</ele>
        <time>2014-05-15T00:25:15.554000Z</time>
      </trkpt>
      <trkpt lat="38.784546" lon="121.14024">
        <ele>5.6293936</ele>
        <time>2014-05-15T00:25:19.030000Z</time>
      </trkpt>
      <trkpt lat="38.78448" lon="121.14016">
        <ele>4.765395</ele>
        <time>2014-05-15T00:25:22.506000Z</time>
      </trkpt>
      <trkpt lat="38.78441" lon="121.14008">
        <ele>3.6085548</ele>
        <time>2014-05-15T00:25:25.982000Z</time>
      </trkpt>
      <trkpt lat="38.784336" lon="121.14">
        <ele>2.1160393</ele>
        <time>2014-05-15T00:25:29.458000Z</time>
      </trkpt>
      <trkpt lat="38.784245" lon="121.139946">
        <ele>1.0205021</ele>
        <time>2014-05-15T00:25:32.934000Z</time>
      </trkpt>
      <trkpt lat="38.78416" lon="121.13989">
        <ele>1.4311006</ele>
        <time>2014-05-15T00:25:36.410000Z</time>
      </trkpt>
      <trkpt lat="38.784077" lon="121.13983">
        <ele>3.327193</ele>
        <time>2014-05-15T00:25:39.886000Z</time>
      </trkpt>
      <trkpt lat="38.783978" lon="121.139755">
        <ele>5.4699483</ele>
        <time>2014-05-15T00:25:43.362000Z</time>
      </trkpt>
      <trkpt lat="38.7839" lon="121.139694">
        <ele>6.659622</ele>
        <time>2014-05-15T00:25:46.838000Z</time>
      </trkpt>
      <trkpt lat="38.783825" lon="121.139626">
        <ele>6.446449</ele>
        <time>2014-05-15T00:25:50.314000Z</time>
      </trkpt>
      <trkpt lat="38.783737" lon="121.13954">
        <ele>4.78757</ele>
        <time>2014-05-15T00:25:53.790000Z</time>
      </trkpt>
      <trkpt lat="38.783653" lon="121.13947">
        <ele>2.4917805</ele>
        <time>2014-05-15T00:25:57.266000Z</time>
      </trkpt>
      <trkpt lat="38.78356" lon="121.1394">
        <ele>0.7024608</ele>
        <time>2014-05-15T00:26:00.742000Z</time>
      </trkpt>
      <trkpt lat="38.783474" lon="121.1393">
        <ele>0</ele>
        <time>2014-05-15T00:26:04.218000Z</time>
      </trkpt>
      <trkpt lat="38.783405" lon="121.13921">
        <ele>0</ele>
        <time>2014-05-15T00:26:07.694000Z</time>
      </trkpt>
      <trkpt lat="38.783318" lon="121.139145">
        <ele>0</ele>
        <time>2014-05-15T00:26:11.170000Z</time>
      </trkpt>
      <trkpt lat="38.78321" lon="121.13906">
        <ele>0.1076094</ele>
        <time>2014-05-15T00:26:14.646000Z</time>
      </trkpt>
      <trkpt lat="38.78309" lon="121.13906">
        <ele>0.4356004</ele>
        <time>2014-05-15T00:26:18.122000Z</time>
      </trkpt>
      <trkpt lat="38.782978" lon="121.1391">
        <ele>0.6330889</ele>
        <time>2014-05-15T00:26:21.598000Z</time>
      </trkpt>
      <trkpt lat="38.782875" lon="121.13913">
        <ele>1.1690739</ele>
        <time>2014-05-15T00:26:25.074000Z</time>
      </trkpt>
      <trkpt lat="38.782757" lon="121.13916">
        <ele>2.2891994</ele>
        <time>2014-05-15T00:26:28.550000Z</time>
      </trkpt>
      <trkpt lat="38.78266" lon="121.13917">
        <ele>3.3029442</ele>
        <time>2014-05-15T00:26:32.026000Z</time>
      </trkpt>
      <trkpt lat="38.782566" lon="121.13917">
        <ele>3.6001549</ele>
        <time>2014-05-15T00:26:35.502000Z</time>
      </trkpt>
      <trkpt lat="38.78249" lon="121.139244">
        <ele>3.8261573</ele>
        <time>2014-05-15T00:26:38.978000Z</time>
      </trkpt>
      <trkpt lat="38.782425" lon="121.13932">
        <ele>4.806117</ele>
        <time>2014-05-15T00:26:42.454000Z</time>
      </trkpt>
      <trkpt lat="38.78238" lon="121.13943">
        <ele>6.199136</ele>
        <time>2014-05-15T00:26:45.930000Z</time>
      </trkpt>
      <trkpt lat="38.782345" lon="121.139534">
        <ele>7.2616053</ele>
        <time>2014-05-15T00:26:49.406000Z</time>
      </trkpt>
      <trkpt lat="38.782276" lon="121.13961">
        <ele>7.6839194</ele>
        <time>2014-05-15T00:26:52.882000Z</time>
      </trkpt>
      <trkpt lat="38.78219" lon="121.139656">
        <ele>7.4421453</ele>
        <time>2014-05-15T00:26:56.358000Z</time>
      </trkpt>
      <trkpt lat="38.78211" lon="121.13971">
        <ele>7.28429</ele>
        <time>2014-05-15T00:26:59.834000Z</time>
      </trkpt>
      <trkpt lat="38.78211" lon="121.13971">
        <ele>7.7583804</ele>
        <time>2014-05-15T00:27:03.310000Z</time>
      </trkpt>
      <trkpt lat="38.78206" lon="121.13981">
        <ele>8.417823</ele>
        <time>2014-05-15T00:27:06.786000Z</time>
      </trkpt>
      <trkpt lat="38.782055" lon="121.13992">
        <ele>8.732619</ele>
        <time>2014-05-15T00:27:10.262000Z</time>
      </trkpt>
      <trkpt lat="38.782055" lon="121.13992">
        <ele>8.772277</ele>
        <time>2014-05-15T00:27:13.738000Z</time>
      </trkpt>
      <trkpt lat="38.782024" lon="121.14005">
        <ele>9.13718</ele>
        <time>2014-05-15T00:27:17.214000Z</time>
      </trkpt>
      <trkpt lat="38.781975" lon="121.14018">
        <ele>9.782347</ele>
        <time>2014-05-15T00:27:20.690000Z</time>
      </trkpt>
      <trkpt lat="38.781933" lon="121.1403">
        <ele>9.879805</ele>
        <time>2014-05-15T00:27:24.166000Z</time>
      </trkpt>
      <trkpt lat="38.781902" lon="121.14042">
        <ele>9.402497</ele>
        <time>2014-05-15T00:27:27.642000Z</time>
      </trkpt>
      <trkpt lat="38.781876" lon="121.14054">
        <ele>9.564679</ele>
        <time>2014-05-15T00:27:31.118000Z</time>
      </trkpt>
      <trkpt lat="38.781826" lon="121.14067">
        <ele>10.8394575</ele>
        <time>2014-05-15T00:27:34.594000Z</time>
      </trkpt>
      <trkpt lat="38.781742" lon="121.140724">
        <ele>12.300709</ele>
        <time>2014-05-15T00:27:38.070000Z</time>
      </trkpt>
      <trkpt lat="38.781704" lon="121.14084">
        <ele>12.846705</ele>
        <time>2014-05-15T00:27:41.546000Z</time>
      </trkpt>
      <trkpt lat="38.7818" lon="121.14091">
        <ele>12.516313</ele>
        <time>2014-05-15T00:27:45.022000Z</time>
      </trkpt>
      <trkpt lat="38.781883" lon="121.141">
        <ele>11.776919</ele>
        <time>2014-05-15T00:27:48.498000Z</time>
      </trkpt>
      <trkpt lat="38.781956" lon="121.141075">
        <ele>11.175331</ele>
        <time>2014-05-15T00:27:51.974000Z</time>
      </trkpt>
      <trkpt lat="38.782043" lon="121.14117">
        <ele>11.073514</ele>
        <time>2014-05-15T00:27:55.450000Z</time>
      </trkpt>
      <trkpt lat="38.782143" lon="121.141235">
        <ele>11.314437</ele>
        <time>2014-05-15T00:27:58.926000Z</time>
      </trkpt>
      <trkpt lat="38.782223" lon="121.1413">
        <ele>11.159172</ele>
        <time>2014-05-15T00:28:02.402000Z</time>
      </trkpt>
      <trkpt lat="38.782307" lon="121.141365">
        <ele>10.051224</ele>
        <time>2014-05-15T00:28:05.878000Z</time>
      </trkpt>
      <trkpt lat="38.7824" lon="121.14142">
        <ele>8.524811</ele>
        <time>2014-05-15T00:28:09.354000Z</time>
      </trkpt>
      <trkpt lat="38.782486" lon="121.14148">
        <ele>7.670784</ele>
        <time>2014-05-15T00:28:12.830000Z</time>
      </trkpt>
      <trkpt lat="38.78258" lon="121.14154">
        <ele>7.6106853</ele>
        <time>2014-05-15T00:28:16.306000Z</time>
      </trkpt>
      <trkpt lat="38.782665" lon="121.1416">
        <ele>7.3243637</ele>
        <time>2014-05-15T00:28:19.782000Z</time>
      </trkpt>
      <trkpt lat="38.782753" lon="121.141655">
        <ele>5.885577</ele>
        <time>2014-05-15T00:28:23.257000Z</time>
      </trkpt>
      <trkpt lat="38.782856" lon="121.14173">
        <ele>3.7651553</ele>
        <time>2014-05-15T00:28:26.732000Z</time>
      </trkpt>
      <trkpt lat="38.782967" lon="121.14179">
        <ele>3.0914762</ele>
        <time>2014-05-15T00:28:30.207000Z</time>
      </trkpt>
      <trkpt lat="38.783062" lon="121.14185">
        <ele>5.8916326</ele>
        <time>2014-05-15T00:28:33.682000Z</time>
      </trkpt>
      <trkpt lat="38.783142" lon="121.14191">
        <ele>11.119071</ele>
        <time>2014-05-15T00:28:37.157000Z</time>
      </trkpt>
      <trkpt lat="38.783234" lon="121.141975">
        <ele>15.330215</ele>
        <time>2014-05-15T00:28:40.632000Z</time>
      </trkpt>
      <trkpt lat="38.78333" lon="121.142044">
        <ele>16.928839</ele>
        <time>2014-05-15T00:28:44.107000Z</time>
      </trkpt>
      <trkpt lat="38.783417" lon="121.14208">
        <ele>16.888672</ele>
        <time>2014-05-15T00:28:47.582000Z</time>
      </trkpt>
      <trkpt lat="38.783512" lon="121.14213">
        <ele>16.401827</ele>
        <time>2014-05-15T00:28:51.057000Z</time>
      </trkpt>
      <trkpt lat="38.7836" lon="121.1422">
        <ele>15.738935</ele>
        <time>2014-05-15T00:28:54.532000Z</time>
      </trkpt>
      <trkpt lat="38.783695" lon="121.14225">
        <ele>14.456482</ele>
        <time>2014-05-15T00:28:58.007000Z</time>
      </trkpt>
      <trkpt lat="38.783783" lon="121.1423">
        <ele>12.269086</ele>
        <time>2014-05-15T00:29:01.482000Z</time>
      </trkpt>
      <trkpt lat="38.78387" lon="121.14236">
        <ele>9.803096</ele>
        <time>2014-05-15T00:29:04.957000Z</time>
      </trkpt>
      <trkpt lat="38.783974" lon="121.14242">
        <ele>8.456529</ele>
        <time>2014-05-15T00:29:08.432000Z</time>
      </trkpt>
      <trkpt lat="38.78406" lon="121.14245">
        <ele>8.764757</ele>
        <time>2014-05-15T00:29:11.907000Z</time>
      </trkpt>
      <trkpt lat="38.78418" lon="121.14251">
        <ele>9.675731</ele>
        <time>2014-05-15T00:29:15.382000Z</time>
      </trkpt>
      <trkpt lat="38.78429" lon="121.14254">
        <ele>10.035103</ele>
        <time>2014-05-15T00:29:18.857000Z</time>
      </trkpt>
      <trkpt lat="38.784397" lon="121.14258">
        <ele>9.865124</ele>
        <time>2014-05-15T00:29:22.332000Z</time>
      </trkpt>
      <trkpt lat="38.78448" lon="121.142624">
        <ele>9.968216</ele>
        <time>2014-05-15T00:29:25.807000Z</time>
      </trkpt>
      <trkpt lat="38.78456" lon="121.14268">
        <ele>11.210221</ele>
        <time>2014-05-15T00:29:29.282000Z</time>
      </trkpt>
      <trkpt lat="38.784645" lon="121.14274">
        <ele>15.347304</ele>
        <time>2014-05-15T00:29:32.757000Z</time>
      </trkpt>
      <trkpt lat="38.784733" lon="121.1428">
        <ele>16.25997</ele>
        <time>2014-05-15T00:29:36.232000Z</time>
      </trkpt>
      <trkpt lat="38.784733" lon="121.1428">
        <ele>16.456541</ele>
        <time>2014-05-15T00:29:39.707000Z</time>
      </trkpt>
      <trkpt lat="38.784813" lon="121.14285">
        <ele>17.133575</ele>
        <time>2014-05-15T00:29:43.182000Z</time>
      </trkpt>
      <trkpt lat="38.784904" lon="121.14288">
        <ele>19.175611</ele>
        <time>2014-05-15T00:29:46.657000Z</time>
      </trkpt>
      <trkpt lat="38.785023" lon="121.142914">
        <ele>21.592108</ele>
        <time>2014-05-15T00:29:50.132000Z</time>
      </trkpt>
      <trkpt lat="38.785137" lon="121.142944">
        <ele>22.226955</ele>
        <time>2014-05-15T00:29:53.607000Z</time>
      </trkpt>
      <trkpt lat="38.785236" lon="121.142975">
        <ele>19.650969</ele>
        <time>2014-05-15T00:29:57.082000Z</time>
      </trkpt>
      <trkpt lat="38.785324" lon="121.143005">
        <ele>14.63599</ele>
        <time>2014-05-15T00:30:00.557000Z</time>
      </trkpt>
      <trkpt lat="38.78543" lon="121.14306">
        <ele>9.778057</ele>
        <time>2014-05-15T00:30:04.032000Z</time>
      </trkpt>
      <trkpt lat="38.78552" lon="121.14311">
        <ele>6.871376</ele>
        <time>2014-05-15T00:30:07.507000Z</time>
      </trkpt>
      <trkpt lat="38.785606" lon="121.14316">
        <ele>5.914845</ele>
        <time>2014-05-15T00:30:10.982000Z</time>
      </trkpt>
      <trkpt lat="38.785694" lon="121.14322">
        <ele>5.987915</ele>
        <time>2014-05-15T00:30:14.457000Z</time>
      </trkpt>
      <trkpt lat="38.785786" lon="121.143295">
        <ele>5.721393</ele>
        <time>2014-05-15T00:30:17.932000Z</time>
      </trkpt>
      <trkpt lat="38.785866" lon="121.143394">
        <ele>4.4868526</ele>
        <time>2014-05-15T00:30:21.407000Z</time>
      </trkpt>
      <trkpt lat="38.785942" lon="121.14352">
        <ele>3.3562498</ele>
        <time>2014-05-15T00:30:24.882000Z</time>
      </trkpt>
      <trkpt lat="38.78601" lon="121.143616">
        <ele>3.9073768</ele>
        <time>2014-05-15T00:30:28.357000Z</time>
      </trkpt>
      <trkpt lat="38.78607" lon="121.14372">
        <ele>5.981726</ele>
        <time>2014-05-15T00:30:31.832000Z</time>
      </trkpt>
      <trkpt lat="38.786148" lon="121.14383">
        <ele>7.507788</ele>
        <time>2014-05-15T00:30:35.307000Z</time>
      </trkpt>
      <trkpt lat="38.78622" lon="121.14391">
        <ele>6.4957275</ele>
        <time>2014-05-15T00:30:38.782000Z</time>
      </trkpt>
      <trkpt lat="38.786304" lon="121.144">
        <ele>3.5230103</ele>
        <time>2014-05-15T00:30:42.257000Z</time>
      </trkpt>
      <trkpt lat="38.7864" lon="121.1441">
        <ele>0.99631035</ele>
        <time>2014-05-15T00:30:45.732000Z</time>
      </trkpt>
      <trkpt lat="38.78647" lon="121.14417">
        <ele>0.1820467</ele>
        <time>2014-05-15T00:30:49.207000Z</time>
      </trkpt>
      <trkpt lat="38.786556" lon="121.14425">
        <ele>0.39119095</ele>
        <time>2014-05-15T00:30:52.682000Z</time>
      </trkpt>
      <trkpt lat="38.786644" lon="121.14431">
        <ele>0.7158378</ele>
        <time>2014-05-15T00:30:56.157000Z</time>
      </trkpt>
      <trkpt lat="38.78674" lon="121.14439">
        <ele>0.8471341</ele>
        <time>2014-05-15T00:30:59.632000Z</time>
      </trkpt>
      <trkpt lat="38.786823" lon="121.14446">
        <ele>0.73391634</ele>
        <time>2014-05-15T00:31:03.107000Z</time>
      </trkpt>
      <trkpt lat="38.786903" lon="121.14452">
        <ele>0.41598126</ele>
        <time>2014-05-15T00:31:06.582000Z</time>
      </trkpt>
      <trkpt lat="38.78699" lon="121.14458">
        <ele>0.10369455</ele>
        <time>2014-05-15T00:31:10.057000Z</time>
      </trkpt>
      <trkpt lat="38.787094" lon="121.14463">
        <ele>0.43565127</ele>
        <time>2014-05-15T00:31:13.532000Z</time>
      </trkpt>
      <trkpt lat="38.787178" lon="121.14469">
        <ele>1.6564505</ele>
        <time>2014-05-15T00:31:17.007000Z</time>
      </trkpt>
      <trkpt lat="38.787262" lon="121.14476">
        <ele>2.97621</ele>
        <time>2014-05-15T00:31:20.482000Z</time>
      </trkpt>
      <trkpt lat="38.787346" lon="121.14483">
        <ele>3.6124957</ele>
        <time>2014-05-15T00:31:23.957000Z</time>
      </trkpt>
      <trkpt lat="38.787445" lon="121.144905">
        <ele>3.716313</ele>
        <time>2014-05-15T00:31:27.432000Z</time>
      </trkpt>
      <trkpt lat="38.787533" lon="121.14496">
        <ele>3.7564526</ele>
        <time>2014-05-15T00:31:30.907000Z</time>
      </trkpt>
      <trkpt lat="38.78764" lon="121.14502">
        <ele>3.9823017</ele>
        <time>2014-05-15T00:31:34.382000Z</time>
      </trkpt>
      <trkpt lat="38.787758" lon="121.14508">
        <ele>4.5147805</ele>
        <time>2014-05-15T00:31:37.857000Z</time>
      </trkpt>
      <trkpt lat="38.78787" lon="121.14515">
        <ele>5.334185</ele>
        <time>2014-05-15T00:31:41.332000Z</time>
      </trkpt>
      <trkpt lat="38.78796" lon="121.14519">
        <ele>6.0406284</ele>
        <time>2014-05-15T00:31:44.807000Z</time>
      </trkpt>
      <trkpt lat="38.78807" lon="121.14523">
        <ele>6.537826</ele>
        <time>2014-05-15T00:31:48.282000Z</time>
      </trkpt>
      <trkpt lat="38.788162" lon="121.14524">
        <ele>8.026901</ele>
        <time>2014-05-15T00:31:51.757000Z</time>
      </trkpt>
      <trkpt lat="38.78827" lon="121.14527">
        <ele>10.958811</ele>
        <time>2014-05-15T00:31:55.232000Z</time>
      </trkpt>
      <trkpt lat="38.78836" lon="121.14532">
        <ele>13.102045</ele>
        <time>2014-05-15T00:31:58.707000Z</time>
      </trkpt>
      <trkpt lat="38.78845" lon="121.14535">
        <ele>12.75403</ele>
        <time>2014-05-15T00:32:02.182000Z</time>
      </trkpt>
      <trkpt lat="38.788555" lon="121.14538">
        <ele>10.895005</ele>
        <time>2014-05-15T00:32:05.657000Z</time>
      </trkpt>
      <trkpt lat="38.788662" lon="121.14541">
        <ele>8.064963</ele>
        <time>2014-05-15T00:32:09.132000Z</time>
      </trkpt>
      <trkpt lat="38.788773" lon="121.14543">
        <ele>4.497102</ele>
        <time>2014-05-15T00:32:12.607000Z</time>
      </trkpt>
      <trkpt lat="38.788883" lon="121.14545">
        <ele>1.8809135</ele>
        <time>2014-05-15T00:32:16.082000Z</time>
      </trkpt>
      <trkpt lat="38.78899" lon="121.14547">
        <ele>2.0904987</ele>
        <time>2014-05-15T00:32:19.557000Z</time>
      </trkpt>
      <trkpt lat="38.7891" lon="121.14549">
        <ele>4.984075</ele>
        <time>2014-05-15T00:32:23.032000Z</time>
      </trkpt>
      <trkpt lat="38.789207" lon="121.145515">
        <ele>8.363288</ele>
        <time>2014-05-15T00:32:26.507000Z</time>
      </trkpt>
      <trkpt lat="38.789303" lon="121.145546">
        <ele>10.288926</ele>
        <time>2014-05-15T00:32:29.982000Z</time>
      </trkpt>
      <trkpt lat="38.789402" lon="121.145546">
        <ele>10.618129</ele>
        <time>2014-05-15T00:32:33.457000Z</time>
      </trkpt>
      <trkpt lat="38.789505" lon="121.14555">
        <ele>9.533775</ele>
        <time>2014-05-15T00:32:36.932000Z</time>
      </trkpt>
      <trkpt lat="38.789597" lon="121.14554">
        <ele>6.8563886</ele>
        <time>2014-05-15T00:32:40.407000Z</time>
      </trkpt>
      <trkpt lat="38.789703" lon="121.14554">
        <ele>3.3018663</ele>
        <time>2014-05-15T00:32:43.882000Z</time>
      </trkpt>
      <trkpt lat="38.789814" lon="121.14554">
        <ele>0.58404905</ele>
        <time>2014-05-15T00:32:47.357000Z</time>
      </trkpt>
      <trkpt lat="38.789932" lon="121.14553">
        <ele>0</ele>
        <time>2014-05-15T00:32:50.832000Z</time>
      </trkpt>
      <trkpt lat="38.79006" lon="121.14551">
        <ele>0</ele>
        <time>2014-05-15T00:32:54.307000Z</time>
      </trkpt>
      <trkpt lat="38.790195" lon="121.145485">
        <ele>0</ele>
        <time>2014-05-15T00:32:57.782000Z</time>
      </trkpt>
      <trkpt lat="38.7903" lon="121.14546">
        <ele>0</ele>
        <time>2014-05-15T00:33:01.257000Z</time>
      </trkpt>
      <trkpt lat="38.790394" lon="121.14545">
        <ele>0.041887254</ele>
        <time>2014-05-15T00:33:04.732000Z</time>
      </trkpt>
      <trkpt lat="38.79049" lon="121.14545">
        <ele>0.04432689</ele>
        <time>2014-05-15T00:33:08.207000Z</time>
      </trkpt>
      <trkpt lat="38.7906" lon="121.145424">
        <ele>0.04435869</ele>
        <time>2014-05-15T00:33:11.682000Z</time>
      </trkpt>
      <trkpt lat="38.790714" lon="121.1454">
        <ele>0.13896088</ele>
        <time>2014-05-15T00:33:15.157000Z</time>
      </trkpt>
      <trkpt lat="38.79081" lon="121.14539">
        <ele>0.9689228</ele>
        <time>2014-05-15T00:33:18.632000Z</time>
      </trkpt>
      <trkpt lat="38.790916" lon="121.14542">
        <ele>2.862391</ele>
        <time>2014-05-15T00:33:22.107000Z</time>
      </trkpt>
      <trkpt lat="38.791004" lon="121.14545">
        <ele>4.801494</ele>
        <time>2014-05-15T00:33:25.582000Z</time>
      </trkpt>
      <trkpt lat="38.7911" lon="121.14549">
        <ele>6.4703283</ele>
        <time>2014-05-15T00:33:29.057000Z</time>
      </trkpt>
      <trkpt lat="38.7912" lon="121.145546">
        <ele>8.448948</ele>
        <time>2014-05-15T00:33:32.532000Z</time>
      </trkpt>
      <trkpt lat="38.791306" lon="121.14559">
        <ele>9.461558</ele>
        <time>2014-05-15T00:33:36.007000Z</time>
      </trkpt>
      <trkpt lat="38.791405" lon="121.145645">
        <ele>8.383499</ele>
        <time>2014-05-15T00:33:39.482000Z</time>
      </trkpt>
      <trkpt lat="38.791508" lon="121.14569">
        <ele>6.2785683</ele>
        <time>2014-05-15T00:33:42.957000Z</time>
      </trkpt>
      <trkpt lat="38.791607" lon="121.14574">
        <ele>4.188919</ele>
        <time>2014-05-15T00:33:46.432000Z</time>
      </trkpt>
      <trkpt lat="38.79171" lon="121.14578">
        <ele>2.2675395</ele>
        <time>2014-05-15T00:33:49.907000Z</time>
      </trkpt>
      <trkpt lat="38.79181" lon="121.145805">
        <ele>0.79689956</ele>
        <time>2014-05-15T00:33:53.382000Z</time>
      </trkpt>
      <trkpt lat="38.791904" lon="121.145836">
        <ele>0.070937</ele>
        <time>2014-05-15T00:33:56.857000Z</time>
      </trkpt>
      <trkpt lat="38.792004" lon="121.14586">
        <ele>0.7859731</ele>
        <time>2014-05-15T00:34:00.332000Z</time>
      </trkpt>
      <trkpt lat="38.79209" lon="121.1459">
        <ele>2.9848528</ele>
        <time>2014-05-15T00:34:03.807000Z</time>
      </trkpt>
      <trkpt lat="38.79218" lon="121.14593">
        <ele>5.1967454</ele>
        <time>2014-05-15T00:34:07.282000Z</time>
      </trkpt>
      <trkpt lat="38.792294" lon="121.145966">
        <ele>6.301008</ele>
        <time>2014-05-15T00:34:10.757000Z</time>
      </trkpt>
      <trkpt lat="38.792397" lon="121.14602">
        <ele>8.377252</ele>
        <time>2014-05-15T00:34:14.232000Z</time>
      </trkpt>
      <trkpt lat="38.792492" lon="121.14606">
        <ele>13.249384</ele>
        <time>2014-05-15T00:34:17.707000Z</time>
      </trkpt>
      <trkpt lat="38.792595" lon="121.14612">
        <ele>18.887573</ele>
        <time>2014-05-15T00:34:21.182000Z</time>
      </trkpt>
      <trkpt lat="38.792698" lon="121.146164">
        <ele>22.488157</ele>
        <time>2014-05-15T00:34:24.657000Z</time>
      </trkpt>
      <trkpt lat="38.792793" lon="121.14619">
        <ele>23.442907</ele>
        <time>2014-05-15T00:34:28.132000Z</time>
      </trkpt>
      <trkpt lat="38.792877" lon="121.14622">
        <ele>22.07542</ele>
        <time>2014-05-15T00:34:31.607000Z</time>
      </trkpt>
      <trkpt lat="38.792995" lon="121.146255">
        <ele>20.092226</ele>
        <time>2014-05-15T00:34:35.082000Z</time>
      </trkpt>
      <trkpt lat="38.79308" lon="121.14629">
        <ele>19.21474</ele>
        <time>2014-05-15T00:34:38.557000Z</time>
      </trkpt>
      <trkpt lat="38.793186" lon="121.14634">
        <ele>19.748438</ele>
        <time>2014-05-15T00:34:42.032000Z</time>
      </trkpt>
      <trkpt lat="38.793278" lon="121.14637">
        <ele>20.67855</ele>
        <time>2014-05-15T00:34:45.507000Z</time>
      </trkpt>
      <trkpt lat="38.793373" lon="121.14643">
        <ele>20.6603</ele>
        <time>2014-05-15T00:34:48.982000Z</time>
      </trkpt>
      <trkpt lat="38.79348" lon="121.146484">
        <ele>19.045065</ele>
        <time>2014-05-15T00:34:52.457000Z</time>
      </trkpt>
      <trkpt lat="38.793564" lon="121.14653">
        <ele>16.270945</ele>
        <time>2014-05-15T00:34:55.932000Z</time>
      </trkpt>
      <trkpt lat="38.79365" lon="121.146576">
        <ele>13.354868</ele>
        <time>2014-05-15T00:34:59.407000Z</time>
      </trkpt>
      <trkpt lat="38.79376" lon="121.14663">
        <ele>11.14895</ele>
        <time>2014-05-15T00:35:02.882000Z</time>
      </trkpt>
      <trkpt lat="38.793865" lon="121.14668">
        <ele>9.703329</ele>
        <time>2014-05-15T00:35:06.357000Z</time>
      </trkpt>
      <trkpt lat="38.793957" lon="121.14671">
        <ele>8.952831</ele>
        <time>2014-05-15T00:35:09.832000Z</time>
      </trkpt>
      <trkpt lat="38.794056" lon="121.14675">
        <ele>8.80207</ele>
        <time>2014-05-15T00:35:13.307000Z</time>
      </trkpt>
      <trkpt lat="38.794155" lon="121.146774">
        <ele>8.956569</ele>
        <time>2014-05-15T00:35:16.782000Z</time>
      </trkpt>
      <trkpt lat="38.794266" lon="121.14683">
        <ele>9.229732</ele>
        <time>2014-05-15T00:35:20.257000Z</time>
      </trkpt>
      <trkpt lat="38.79438" lon="121.146866">
        <ele>10.0129795</ele>
        <time>2014-05-15T00:35:23.732000Z</time>
      </trkpt>
      <trkpt lat="38.794483" lon="121.146904">
        <ele>11.544153</ele>
        <time>2014-05-15T00:35:27.207000Z</time>
      </trkpt>
      <trkpt lat="38.794586" lon="121.146935">
        <ele>13.011855</ele>
        <time>2014-05-15T00:35:30.682000Z</time>
      </trkpt>
      <trkpt lat="38.79467" lon="121.146965">
        <ele>13.43874</ele>
        <time>2014-05-15T00:35:34.157000Z</time>
      </trkpt>
      <trkpt lat="38.794765" lon="121.14701">
        <ele>13.148634</ele>
        <time>2014-05-15T00:35:37.632000Z</time>
      </trkpt>
      <trkpt lat="38.794853" lon="121.147064">
        <ele>13.036383</ele>
        <time>2014-05-15T00:35:41.107000Z</time>
      </trkpt>
      <trkpt lat="38.794952" lon="121.14712">
        <ele>13.287272</ele>
        <time>2014-05-15T00:35:44.582000Z</time>
      </trkpt>
      <trkpt lat="38.795048" lon="121.14718">
        <ele>13.802367</ele>
        <time>2014-05-15T00:35:48.057000Z</time>
      </trkpt>
      <trkpt lat="38.79514" lon="121.14721">
        <ele>14.237311</ele>
        <time>2014-05-15T00:35:51.532000Z</time>
      </trkpt>
      <trkpt lat="38.79522" lon="121.147255">
        <ele>13.872212</ele>
        <time>2014-05-15T00:35:55.007000Z</time>
      </trkpt>
      <trkpt lat="38.79532" lon="121.1473">
        <ele>12.887938</ele>
        <time>2014-05-15T00:35:58.482000Z</time>
      </trkpt>
      <trkpt lat="38.79543" lon="121.14736">
        <ele>11.6654825</ele>
        <time>2014-05-15T00:36:01.957000Z</time>
      </trkpt>
      <trkpt lat="38.79552" lon="121.14739">
        <ele>10.195722</ele>
        <time>2014-05-15T00:36:05.432000Z</time>
      </trkpt>
      <trkpt lat="38.795616" lon="121.14744">
        <ele>10.093736</ele>
        <time>2014-05-15T00:36:08.907000Z</time>
      </trkpt>
      <trkpt lat="38.795727" lon="121.147484">
        <ele>13.223836</ele>
        <time>2014-05-15T00:36:12.382000Z</time>
      </trkpt>
      <trkpt lat="38.79583" lon="121.14752">
        <ele>18.199095</ele>
        <time>2014-05-15T00:36:15.857000Z</time>
      </trkpt>
      <trkpt lat="38.795944" lon="121.14756">
        <ele>21.902218</ele>
        <time>2014-05-15T00:36:19.332000Z</time>
      </trkpt>
      <trkpt lat="38.796066" lon="121.147606">
        <ele>23.16755</ele>
        <time>2014-05-15T00:36:22.807000Z</time>
      </trkpt>
      <trkpt lat="38.796185" lon="121.147644">
        <ele>22.701101</ele>
        <time>2014-05-15T00:36:26.282000Z</time>
      </trkpt>
      <trkpt lat="38.79628" lon="121.14768">
        <ele>21.615705</ele>
        <time>2014-05-15T00:36:29.757000Z</time>
      </trkpt>
      <trkpt lat="38.796394" lon="121.14774">
        <ele>20.559118</ele>
        <time>2014-05-15T00:36:33.232000Z</time>
      </trkpt>
      <trkpt lat="38.796497" lon="121.1478">
        <ele>19.344154</ele>
        <time>2014-05-15T00:36:36.707000Z</time>
      </trkpt>
      <trkpt lat="38.7966" lon="121.147865">
        <ele>17.700325</ele>
        <time>2014-05-15T00:36:40.182000Z</time>
      </trkpt>
      <trkpt lat="38.79669" lon="121.147896">
        <ele>15.748445</ele>
        <time>2014-05-15T00:36:43.657000Z</time>
      </trkpt>
      <trkpt lat="38.7968" lon="121.147934">
        <ele>13.762015</ele>
        <time>2014-05-15T00:36:47.132000Z</time>
      </trkpt>
      <trkpt lat="38.79689" lon="121.147964">
        <ele>12.15932</ele>
        <time>2014-05-15T00:36:50.607000Z</time>
      </trkpt>
      <trkpt lat="38.797" lon="121.14799">
        <ele>11.282213</ele>
        <time>2014-05-15T00:36:54.082000Z</time>
      </trkpt>
      <trkpt lat="38.797096" lon="121.14804">
        <ele>10.921377</ele>
        <time>2014-05-15T00:36:57.557000Z</time>
      </trkpt>
      <trkpt lat="38.7972" lon="121.148094">
        <ele>10.324435</ele>
        <time>2014-05-15T00:37:01.032000Z</time>
      </trkpt>
      <trkpt lat="38.797287" lon="121.14813">
        <ele>9.431652</ele>
        <time>2014-05-15T00:37:04.507000Z</time>
      </trkpt>
      <trkpt lat="38.79738" lon="121.14818">
        <ele>8.394429</ele>
        <time>2014-05-15T00:37:07.982000Z</time>
      </trkpt>
      <trkpt lat="38.797466" lon="121.14822">
        <ele>7.100476</ele>
        <time>2014-05-15T00:37:11.457000Z</time>
      </trkpt>
      <trkpt lat="38.797554" lon="121.14825">
        <ele>6.0335736</ele>
        <time>2014-05-15T00:37:14.932000Z</time>
      </trkpt>
      <trkpt lat="38.797653" lon="121.14829">
        <ele>5.705502</ele>
        <time>2014-05-15T00:37:18.407000Z</time>
      </trkpt>
      <trkpt lat="38.797756" lon="121.14833">
        <ele>5.1733656</ele>
        <time>2014-05-15T00:37:21.882000Z</time>
      </trkpt>
      <trkpt lat="38.797848" lon="121.14839">
        <ele>3.7747333</ele>
        <time>2014-05-15T00:37:25.357000Z</time>
      </trkpt>
      <trkpt lat="38.79796" lon="121.14844">
        <ele>2.5099235</ele>
        <time>2014-05-15T00:37:28.832000Z</time>
      </trkpt>
      <trkpt lat="38.79805" lon="121.14847">
        <ele>3.7291703</ele>
        <time>2014-05-15T00:37:32.307000Z</time>
      </trkpt>
      <trkpt lat="38.79816" lon="121.14852">
        <ele>7.756738</ele>
        <time>2014-05-15T00:37:35.782000Z</time>
      </trkpt>
      <trkpt lat="38.798252" lon="121.14857">
        <ele>12.483786</ele>
        <time>2014-05-15T00:37:39.257000Z</time>
      </trkpt>
      <trkpt lat="38.798367" lon="121.14863">
        <ele>16.14052</ele>
        <time>2014-05-15T00:37:42.732000Z</time>
      </trkpt>
      <trkpt lat="38.798477" lon="121.14869">
        <ele>18.4687</ele>
        <time>2014-05-15T00:37:46.207000Z</time>
      </trkpt>
      <trkpt lat="38.798576" lon="121.14875">
        <ele>19.648003</ele>
        <time>2014-05-15T00:37:49.682000Z</time>
      </trkpt>
      <trkpt lat="38.798664" lon="121.14881">
        <ele>21.135628</ele>
        <time>2014-05-15T00:37:53.157000Z</time>
      </trkpt>
      <trkpt lat="38.798767" lon="121.14884">
        <ele>23.956013</ele>
        <time>2014-05-15T00:37:56.632000Z</time>
      </trkpt>
      <trkpt lat="38.79888" lon="121.14889">
        <ele>27.42553</ele>
        <time>2014-05-15T00:38:00.107000Z</time>
      </trkpt>
      <trkpt lat="38.798965" lon="121.148926">
        <ele>30.490267</ele>
        <time>2014-05-15T00:38:03.582000Z</time>
      </trkpt>
      <trkpt lat="38.79907" lon="121.148964">
        <ele>32.718506</ele>
        <time>2014-05-15T00:38:07.057000Z</time>
      </trkpt>
      <trkpt lat="38.79916" lon="121.149">
        <ele>32.864143</ele>
        <time>2014-05-15T00:38:10.532000Z</time>
      </trkpt>
      <trkpt lat="38.799267" lon="121.149055">
        <ele>30.265661</ele>
        <time>2014-05-15T00:38:14.007000Z</time>
      </trkpt>
      <trkpt lat="38.79936" lon="121.149086">
        <ele>25.806288</ele>
        <time>2014-05-15T00:38:17.482000Z</time>
      </trkpt>
      <trkpt lat="38.799473" lon="121.14912">
        <ele>21.039429</ele>
        <time>2014-05-15T00:38:20.957000Z</time>
      </trkpt>
      <trkpt lat="38.79957" lon="121.14915">
        <ele>16.586819</ele>
        <time>2014-05-15T00:38:24.432000Z</time>
      </trkpt>
      <trkpt lat="38.799675" lon="121.14919">
        <ele>12.730049</ele>
        <time>2014-05-15T00:38:27.907000Z</time>
      </trkpt>
      <trkpt lat="38.79978" lon="121.14923">
        <ele>10.12566</ele>
        <time>2014-05-15T00:38:31.382000Z</time>
      </trkpt>
      <trkpt lat="38.799873" lon="121.14927">
        <ele>9.181008</ele>
        <time>2014-05-15T00:38:34.857000Z</time>
      </trkpt>
      <trkpt lat="38.79998" lon="121.14932">
        <ele>9.288364</ele>
        <time>2014-05-15T00:38:38.332000Z</time>
      </trkpt>
      <trkpt lat="38.800076" lon="121.14937">
        <ele>10.9174795</ele>
        <time>2014-05-15T00:38:41.807000Z</time>
      </trkpt>
      <trkpt lat="38.800175" lon="121.149414">
        <ele>14.383786</ele>
        <time>2014-05-15T00:38:45.282000Z</time>
      </trkpt>
      <trkpt lat="38.80028" lon="121.14947">
        <ele>18.072102</ele>
        <time>2014-05-15T00:38:48.757000Z</time>
      </trkpt>
      <trkpt lat="38.80037" lon="121.14952">
        <ele>20.1219</ele>
        <time>2014-05-15T00:38:52.232000Z</time>
      </trkpt>
      <trkpt lat="38.80047" lon="121.14957">
        <ele>20.202877</ele>
        <time>2014-05-15T00:38:55.707000Z</time>
      </trkpt>
      <trkpt lat="38.800568" lon="121.1496">
        <ele>18.12159</ele>
        <time>2014-05-15T00:38:59.182000Z</time>
      </trkpt>
      <trkpt lat="38.80066" lon="121.14964">
        <ele>14.415598</ele>
        <time>2014-05-15T00:39:02.657000Z</time>
      </trkpt>
      <trkpt lat="38.800766" lon="121.14969">
        <ele>10.963034</ele>
        <time>2014-05-15T00:39:06.132000Z</time>
      </trkpt>
      <trkpt lat="38.800865" lon="121.14973">
        <ele>9.048852</ele>
        <time>2014-05-15T00:39:09.607000Z</time>
      </trkpt>
      <trkpt lat="38.80096" lon="121.14976">
        <ele>7.768747</ele>
        <time>2014-05-15T00:39:13.082000Z</time>
      </trkpt>
      <trkpt lat="38.80106" lon="121.14979">
        <ele>5.7174764</ele>
        <time>2014-05-15T00:39:16.557000Z</time>
      </trkpt>
      <trkpt lat="38.80116" lon="121.14982">
        <ele>2.9184418</ele>
        <time>2014-05-15T00:39:20.032000Z</time>
      </trkpt>
      <trkpt lat="38.801277" lon="121.14985">
        <ele>0.66923934</ele>
        <time>2014-05-15T00:39:23.507000Z</time>
      </trkpt>
      <trkpt lat="38.80137" lon="121.14988">
        <ele>0.21654758</ele>
        <time>2014-05-15T00:39:26.982000Z</time>
      </trkpt>
      <trkpt lat="38.80148" lon="121.149925">
        <ele>1.5910057</ele>
        <time>2014-05-15T00:39:30.457000Z</time>
      </trkpt>
      <trkpt lat="38.801567" lon="121.149956">
        <ele>3.9647899</ele>
        <time>2014-05-15T00:39:33.932000Z</time>
      </trkpt>
      <trkpt lat="38.80168" lon="121.14999">
        <ele>6.375812</ele>
        <time>2014-05-15T00:39:37.407000Z</time>
      </trkpt>
      <trkpt lat="38.801807" lon="121.15001">
        <ele>8.012489</ele>
        <time>2014-05-15T00:39:40.882000Z</time>
      </trkpt>
      <trkpt lat="38.80192" lon="121.150055">
        <ele>8.930588</ele>
        <time>2014-05-15T00:39:44.357000Z</time>
      </trkpt>
      <trkpt lat="38.80202" lon="121.15011">
        <ele>10.557067</ele>
        <time>2014-05-15T00:39:47.832000Z</time>
      </trkpt>
      <trkpt lat="38.80212" lon="121.15017">
        <ele>13.22737</ele>
        <time>2014-05-15T00:39:51.307000Z</time>
      </trkpt>
      <trkpt lat="38.80223" lon="121.15022">
        <ele>14.684954</ele>
        <time>2014-05-15T00:39:54.782000Z</time>
      </trkpt>
      <trkpt lat="38.80233" lon="121.150276">
        <ele>13.432241</ele>
        <time>2014-05-15T00:39:58.257000Z</time>
      </trkpt>
      <trkpt lat="38.80243" lon="121.15032">
        <ele>11.191642</ele>
        <time>2014-05-15T00:40:01.732000Z</time>
      </trkpt>
      <trkpt lat="38.80254" lon="121.15036">
        <ele>9.911373</ele>
        <time>2014-05-15T00:40:05.207000Z</time>
      </trkpt>
      <trkpt lat="38.80263" lon="121.15038">
        <ele>10.152964</ele>
        <time>2014-05-15T00:40:08.682000Z</time>
      </trkpt>
      <trkpt lat="38.80273" lon="121.150406">
        <ele>11.714289</ele>
        <time>2014-05-15T00:40:12.157000Z</time>
      </trkpt>
      <trkpt lat="38.802834" lon="121.150444">
        <ele>13.550262</ele>
        <time>2014-05-15T00:40:15.632000Z</time>
      </trkpt>
      <trkpt lat="38.80296" lon="121.15047">
        <ele>14.709729</ele>
        <time>2014-05-15T00:40:19.107000Z</time>
      </trkpt>
      <trkpt lat="38.80305" lon="121.15049">
        <ele>14.917761</ele>
        <time>2014-05-15T00:40:22.582000Z</time>
      </trkpt>
      <trkpt lat="38.803143" lon="121.15052">
        <ele>13.267476</ele>
        <time>2014-05-15T00:40:26.057000Z</time>
      </trkpt>
      <trkpt lat="38.803226" lon="121.15055">
        <ele>9.450129</ele>
        <time>2014-05-15T00:40:29.532000Z</time>
      </trkpt>
      <trkpt lat="38.803345" lon="121.15058">
        <ele>5.0197372</ele>
        <time>2014-05-15T00:40:33.007000Z</time>
      </trkpt>
      <trkpt lat="38.803436" lon="121.150604">
        <ele>1.6937288</ele>
        <time>2014-05-15T00:40:36.482000Z</time>
      </trkpt>
      <trkpt lat="38.803528" lon="121.15063">
        <ele>0</ele>
        <time>2014-05-15T00:40:39.957000Z</time>
      </trkpt>
      <trkpt lat="38.803642" lon="121.15064">
        <ele>0</ele>
        <time>2014-05-15T00:40:43.432000Z</time>
      </trkpt>
      <trkpt lat="38.803745" lon="121.15068">
        <ele>0</ele>
        <time>2014-05-15T00:40:46.907000Z</time>
      </trkpt>
      <trkpt lat="38.80386" lon="121.15069">
        <ele>0</ele>
        <time>2014-05-15T00:40:50.382000Z</time>
      </trkpt>
      <trkpt lat="38.803947" lon="121.1507">
        <ele>0.0070942785</ele>
        <time>2014-05-15T00:40:53.857000Z</time>
      </trkpt>
      <trkpt lat="38.804054" lon="121.150734">
        <ele>0.043844532</ele>
        <time>2014-05-15T00:40:57.332000Z</time>
      </trkpt>
      <trkpt lat="38.804173" lon="121.15076">
        <ele>0.03094831</ele>
        <time>2014-05-15T00:41:00.807000Z</time>
      </trkpt>
      <trkpt lat="38.804287" lon="121.15078">
        <ele>0.0107797915</ele>
        <time>2014-05-15T00:41:04.282000Z</time>
      </trkpt>
      <trkpt lat="38.804382" lon="121.1508">
        <ele>0</ele>
        <time>2014-05-15T00:41:07.757000Z</time>
      </trkpt>
      <trkpt lat="38.804485" lon="121.15082">
        <ele>0</ele>
        <time>2014-05-15T00:41:11.232000Z</time>
      </trkpt>
      <trkpt lat="38.8046" lon="121.15084">
        <ele>0</ele>
        <time>2014-05-15T00:41:14.707000Z</time>
      </trkpt>
      <trkpt lat="38.804707" lon="121.150856">
        <ele>0</ele>
        <time>2014-05-15T00:41:18.182000Z</time>
      </trkpt>
      <trkpt lat="38.804813" lon="121.15089">
        <ele>0.0000688076</ele>
        <time>2014-05-15T00:41:21.657000Z</time>
      </trkpt>
      <trkpt lat="38.804928" lon="121.15091">
        <ele>0.0002965682</ele>
        <time>2014-05-15T00:41:25.132000Z</time>
      </trkpt>
      <trkpt lat="38.805035" lon="121.150925">
        <ele>0.0002034046</ele>
        <time>2014-05-15T00:41:28.607000Z</time>
      </trkpt>
      <trkpt lat="38.805134" lon="121.15096">
        <ele>0.0000684544</ele>
        <time>2014-05-15T00:41:32.082000Z</time>
      </trkpt>
      <trkpt lat="38.805233" lon="121.151024">
        <ele>1.1068465</ele>
        <time>2014-05-15T00:41:35.557000Z</time>
      </trkpt>
      <trkpt lat="38.80533" lon="121.15111">
        <ele>4.6417522</ele>
        <time>2014-05-15T00:41:39.032000Z</time>
      </trkpt>
      <trkpt lat="38.80542" lon="121.15114">
        <ele>9.771719</ele>
        <time>2014-05-15T00:41:42.507000Z</time>
      </trkpt>
      <trkpt lat="38.805534" lon="121.151146">
        <ele>13.67687</ele>
        <time>2014-05-15T00:41:45.982000Z</time>
      </trkpt>
      <trkpt lat="38.80563" lon="121.15118">
        <ele>15.006595</ele>
        <time>2014-05-15T00:41:49.457000Z</time>
      </trkpt>
      <trkpt lat="38.80573" lon="121.1512">
        <ele>14.8831215</ele>
        <time>2014-05-15T00:41:52.932000Z</time>
      </trkpt>
      <trkpt lat="38.805824" lon="121.151215">
        <ele>14.640256</ele>
        <time>2014-05-15T00:41:56.407000Z</time>
      </trkpt>
      <trkpt lat="38.805916" lon="121.15124">
        <ele>14.477332</ele>
        <time>2014-05-15T00:41:59.882000Z</time>
      </trkpt>
      <trkpt lat="38.806007" lon="121.15125">
        <ele>14.680196</ele>
        <time>2014-05-15T00:42:03.357000Z</time>
      </trkpt>
      <trkpt lat="38.8061" lon="121.151276">
        <ele>15.888853</ele>
        <time>2014-05-15T00:42:06.832000Z</time>
      </trkpt>
      <trkpt lat="38.806206" lon="121.151306">
        <ele>17.990284</ele>
        <time>2014-05-15T00:42:10.307000Z</time>
      </trkpt>
      <trkpt lat="38.806313" lon="121.151344">
        <ele>19.899279</ele>
        <time>2014-05-15T00:42:13.782000Z</time>
      </trkpt>
      <trkpt lat="38.806423" lon="121.15137">
        <ele>20.984837</ele>
        <time>2014-05-15T00:42:17.257000Z</time>
      </trkpt>
      <trkpt lat="38.806534" lon="121.1514">
        <ele>21.389975</ele>
        <time>2014-05-15T00:42:20.732000Z</time>
      </trkpt>
      <trkpt lat="38.806652" lon="121.15142">
        <ele>21.278269</ele>
        <time>2014-05-15T00:42:24.207000Z</time>
      </trkpt>
      <trkpt lat="38.806744" lon="121.15144">
        <ele>20.672003</ele>
        <time>2014-05-15T00:42:27.682000Z</time>
      </trkpt>
      <trkpt lat="38.806847" lon="121.15145">
        <ele>19.754606</ele>
        <time>2014-05-15T00:42:31.157000Z</time>
      </trkpt>
      <trkpt lat="38.80694" lon="121.15147">
        <ele>19.595505</ele>
        <time>2014-05-15T00:42:34.632000Z</time>
      </trkpt>
      <trkpt lat="38.807045" lon="121.1515">
        <ele>20.78677</ele>
        <time>2014-05-15T00:42:38.107000Z</time>
      </trkpt>
      <trkpt lat="38.80716" lon="121.15153">
        <ele>22.338951</ele>
        <time>2014-05-15T00:42:41.582000Z</time>
      </trkpt>
      <trkpt lat="38.80729" lon="121.15156">
        <ele>23.233288</ele>
        <time>2014-05-15T00:42:45.057000Z</time>
      </trkpt>
      <trkpt lat="38.8074" lon="121.151596">
        <ele>23.47853</ele>
        <time>2014-05-15T00:42:48.532000Z</time>
      </trkpt>
      <trkpt lat="38.8075" lon="121.15162">
        <ele>23.338177</ele>
        <time>2014-05-15T00:42:52.007000Z</time>
      </trkpt>
      <trkpt lat="38.80761" lon="121.15164">
        <ele>23.010662</ele>
        <time>2014-05-15T00:42:55.482000Z</time>
      </trkpt>
      <trkpt lat="38.80772" lon="121.151665">
        <ele>22.705988</ele>
        <time>2014-05-15T00:42:58.957000Z</time>
      </trkpt>
      <trkpt lat="38.807827" lon="121.15168">
        <ele>23.030205</ele>
        <time>2014-05-15T00:43:02.432000Z</time>
      </trkpt>
      <trkpt lat="38.807934" lon="121.15171">
        <ele>24.182844</ele>
        <time>2014-05-15T00:43:05.907000Z</time>
      </trkpt>
      <trkpt lat="38.808064" lon="121.15173">
        <ele>24.820553</ele>
        <time>2014-05-15T00:43:09.382000Z</time>
      </trkpt>
      <trkpt lat="38.80817" lon="121.15176">
        <ele>23.948526</ele>
        <time>2014-05-15T00:43:12.857000Z</time>
      </trkpt>
      <trkpt lat="38.808285" lon="121.15179">
        <ele>22.324303</ele>
        <time>2014-05-15T00:43:16.332000Z</time>
      </trkpt>
      <trkpt lat="38.808384" lon="121.15181">
        <ele>20.916393</ele>
        <time>2014-05-15T00:43:19.807000Z</time>
      </trkpt>
      <trkpt lat="38.808502" lon="121.15183">
        <ele>20.084932</ele>
        <time>2014-05-15T00:43:23.282000Z</time>
      </trkpt>
      <trkpt lat="38.808594" lon="121.15185">
        <ele>19.99488</ele>
        <time>2014-05-15T00:43:26.757000Z</time>
      </trkpt>
      <trkpt lat="38.80869" lon="121.15188">
        <ele>20.625551</ele>
        <time>2014-05-15T00:43:30.232000Z</time>
      </trkpt>
      <trkpt lat="38.80879" lon="121.15191">
        <ele>21.75304</ele>
        <time>2014-05-15T00:43:33.707000Z</time>
      </trkpt>
      <trkpt lat="38.808895" lon="121.151924">
        <ele>22.818556</ele>
        <time>2014-05-15T00:43:37.182000Z</time>
      </trkpt>
      <trkpt lat="38.808987" lon="121.15195">
        <ele>23.358118</ele>
        <time>2014-05-15T00:43:40.657000Z</time>
      </trkpt>
      <trkpt lat="38.809093" lon="121.15196">
        <ele>23.383106</ele>
        <time>2014-05-15T00:43:44.132000Z</time>
      </trkpt>
      <trkpt lat="38.809185" lon="121.15197">
        <ele>23.203493</ele>
        <time>2014-05-15T00:43:47.607000Z</time>
      </trkpt>
      <trkpt lat="38.809288" lon="121.151985">
        <ele>23.374844</ele>
        <time>2014-05-15T00:43:51.082000Z</time>
      </trkpt>
      <trkpt lat="38.80939" lon="121.152016">
        <ele>24.540535</ele>
        <time>2014-05-15T00:43:54.557000Z</time>
      </trkpt>
      <trkpt lat="38.80951" lon="121.15206">
        <ele>26.434832</ele>
        <time>2014-05-15T00:43:58.032000Z</time>
      </trkpt>
      <trkpt lat="38.809612" lon="121.15209">
        <ele>27.935087</ele>
        <time>2014-05-15T00:44:01.507000Z</time>
      </trkpt>
      <trkpt lat="38.809723" lon="121.15212">
        <ele>28.291883</ele>
        <time>2014-05-15T00:44:04.982000Z</time>
      </trkpt>
      <trkpt lat="38.809837" lon="121.15216">
        <ele>27.383486</ele>
        <time>2014-05-15T00:44:08.457000Z</time>
      </trkpt>
      <trkpt lat="38.80994" lon="121.15219">
        <ele>25.772099</ele>
        <time>2014-05-15T00:44:11.932000Z</time>
      </trkpt>
      <trkpt lat="38.810028" lon="121.15221">
        <ele>24.600698</ele>
        <time>2014-05-15T00:44:15.407000Z</time>
      </trkpt>
      <trkpt lat="38.810127" lon="121.152245">
        <ele>24.863247</ele>
        <time>2014-05-15T00:44:18.882000Z</time>
      </trkpt>
      <trkpt lat="38.81022" lon="121.15227">
        <ele>26.418095</ele>
        <time>2014-05-15T00:44:22.357000Z</time>
      </trkpt>
      <trkpt lat="38.810318" lon="121.15229">
        <ele>28.334398</ele>
        <time>2014-05-15T00:44:25.832000Z</time>
      </trkpt>
      <trkpt lat="38.810425" lon="121.15232">
        <ele>29.737461</ele>
        <time>2014-05-15T00:44:29.307000Z</time>
      </trkpt>
      <trkpt lat="38.810524" lon="121.152336">
        <ele>30.401018</ele>
        <time>2014-05-15T00:44:32.782000Z</time>
      </trkpt>
      <trkpt lat="38.810627" lon="121.15235">
        <ele>30.763344</ele>
        <time>2014-05-15T00:44:36.257000Z</time>
      </trkpt>
      <trkpt lat="38.810734" lon="121.15239">
        <ele>31.239027</ele>
        <time>2014-05-15T00:44:39.732000Z</time>
      </trkpt>
      <trkpt lat="38.810844" lon="121.15243">
        <ele>31.953468</ele>
        <time>2014-05-15T00:44:43.207000Z</time>
      </trkpt>
      <trkpt lat="38.810955" lon="121.15246">
        <ele>32.927788</ele>
        <time>2014-05-15T00:44:46.682000Z</time>
      </trkpt>
      <trkpt lat="38.81105" lon="121.1525">
        <ele>33.744617</ele>
        <time>2014-05-15T00:44:50.157000Z</time>
      </trkpt>
      <trkpt lat="38.81115" lon="121.152534">
        <ele>34.81764</ele>
        <time>2014-05-15T00:44:53.632000Z</time>
      </trkpt>
      <trkpt lat="38.811245" lon="121.15256">
        <ele>36.72478</ele>
        <time>2014-05-15T00:44:57.107000Z</time>
      </trkpt>
      <trkpt lat="38.81136" lon="121.15259">
        <ele>38.528732</ele>
        <time>2014-05-15T00:45:00.582000Z</time>
      </trkpt>
      <trkpt lat="38.81147" lon="121.15259">
        <ele>39.20534</ele>
        <time>2014-05-15T00:45:04.057000Z</time>
      </trkpt>
      <trkpt lat="38.811592" lon="121.15255">
        <ele>38.862465</ele>
        <time>2014-05-15T00:45:07.532000Z</time>
      </trkpt>
      <trkpt lat="38.811703" lon="121.15251">
        <ele>37.492645</ele>
        <time>2014-05-15T00:45:11.007000Z</time>
      </trkpt>
      <trkpt lat="38.811806" lon="121.152504">
        <ele>35.35338</ele>
        <time>2014-05-15T00:45:14.482000Z</time>
      </trkpt>
      <trkpt lat="38.811905" lon="121.15251">
        <ele>33.579887</ele>
        <time>2014-05-15T00:45:17.957000Z</time>
      </trkpt>
      <trkpt lat="38.812016" lon="121.15252">
        <ele>32.913383</ele>
        <time>2014-05-15T00:45:21.432000Z</time>
      </trkpt>
      <trkpt lat="38.812134" lon="121.15255">
        <ele>32.948578</ele>
        <time>2014-05-15T00:45:24.907000Z</time>
      </trkpt>
      <trkpt lat="38.812225" lon="121.15258">
        <ele>33.471992</ele>
        <time>2014-05-15T00:45:28.382000Z</time>
      </trkpt>
      <trkpt lat="38.812317" lon="121.152596">
        <ele>34.424397</ele>
        <time>2014-05-15T00:45:31.857000Z</time>
      </trkpt>
      <trkpt lat="38.81242" lon="121.15261">
        <ele>35.075104</ele>
        <time>2014-05-15T00:45:35.332000Z</time>
      </trkpt>
      <trkpt lat="38.81253" lon="121.15263">
        <ele>34.879208</ele>
        <time>2014-05-15T00:45:38.807000Z</time>
      </trkpt>
      <trkpt lat="38.812622" lon="121.152664">
        <ele>35.25145</ele>
        <time>2014-05-15T00:45:42.282000Z</time>
      </trkpt>
      <trkpt lat="38.812714" lon="121.15269">
        <ele>37.30699</ele>
        <time>2014-05-15T00:45:45.757000Z</time>
      </trkpt>
      <trkpt lat="38.812805" lon="121.15271">
        <ele>40.261147</ele>
        <time>2014-05-15T00:45:49.232000Z</time>
      </trkpt>
      <trkpt lat="38.8129" lon="121.15273">
        <ele>42.889744</ele>
        <time>2014-05-15T00:45:52.707000Z</time>
      </trkpt>
      <trkpt lat="38.812996" lon="121.15273">
        <ele>44.568</ele>
        <time>2014-05-15T00:45:56.182000Z</time>
      </trkpt>
      <trkpt lat="38.813084" lon="121.152756">
        <ele>45.135414</ele>
        <time>2014-05-15T00:45:59.657000Z</time>
      </trkpt>
      <trkpt lat="38.813187" lon="121.15278">
        <ele>45.041763</ele>
        <time>2014-05-15T00:46:03.132000Z</time>
      </trkpt>
      <trkpt lat="38.81328" lon="121.15281">
        <ele>43.7683</ele>
        <time>2014-05-15T00:46:06.607000Z</time>
      </trkpt>
      <trkpt lat="38.813374" lon="121.15283">
        <ele>41.079983</ele>
        <time>2014-05-15T00:46:10.082000Z</time>
      </trkpt>
      <trkpt lat="38.813484" lon="121.15286">
        <ele>38.891884</ele>
        <time>2014-05-15T00:46:13.557000Z</time>
      </trkpt>
      <trkpt lat="38.81358" lon="121.1529">
        <ele>38.858646</ele>
        <time>2014-05-15T00:46:17.032000Z</time>
      </trkpt>
      <trkpt lat="38.813675" lon="121.15294">
        <ele>40.561035</ele>
        <time>2014-05-15T00:46:20.507000Z</time>
      </trkpt>
      <trkpt lat="38.813774" lon="121.152954">
        <ele>43.083855</ele>
        <time>2014-05-15T00:46:23.982000Z</time>
      </trkpt>
      <trkpt lat="38.813866" lon="121.15297">
        <ele>45.299736</ele>
        <time>2014-05-15T00:46:27.457000Z</time>
      </trkpt>
      <trkpt lat="38.81397" lon="121.15299">
        <ele>46.096565</ele>
        <time>2014-05-15T00:46:30.932000Z</time>
      </trkpt>
      <trkpt lat="38.81408" lon="121.15301">
        <ele>45.492542</ele>
        <time>2014-05-15T00:46:34.407000Z</time>
      </trkpt>
      <trkpt lat="38.814175" lon="121.15303">
        <ele>44.013462</ele>
        <time>2014-05-15T00:46:37.882000Z</time>
      </trkpt>
      <trkpt lat="38.814274" lon="121.15306">
        <ele>42.231323</ele>
        <time>2014-05-15T00:46:41.357000Z</time>
      </trkpt>
      <trkpt lat="38.814373" lon="121.15308">
        <ele>41.250134</ele>
        <time>2014-05-15T00:46:44.832000Z</time>
      </trkpt>
      <trkpt lat="38.81447" lon="121.153114">
        <ele>41.97202</ele>
        <time>2014-05-15T00:46:48.307000Z</time>
      </trkpt>
      <trkpt lat="38.814594" lon="121.15315">
        <ele>43.66338</ele>
        <time>2014-05-15T00:46:51.782000Z</time>
      </trkpt>
      <trkpt lat="38.814697" lon="121.15318">
        <ele>44.23217</ele>
        <time>2014-05-15T00:46:55.257000Z</time>
      </trkpt>
      <trkpt lat="38.814793" lon="121.1532">
        <ele>42.755386</ele>
        <time>2014-05-15T00:46:58.732000Z</time>
      </trkpt>
      <trkpt lat="38.81489" lon="121.15321">
        <ele>40.887566</ele>
        <time>2014-05-15T00:47:02.207000Z</time>
      </trkpt>
      <trkpt lat="38.81501" lon="121.15323">
        <ele>40.223587</ele>
        <time>2014-05-15T00:47:05.682000Z</time>
      </trkpt>
      <trkpt lat="38.815105" lon="121.153244">
        <ele>40.26638</ele>
        <time>2014-05-15T00:47:09.157000Z</time>
      </trkpt>
      <trkpt lat="38.81519" lon="121.15318">
        <ele>40.14053</ele>
        <time>2014-05-15T00:47:12.632000Z</time>
      </trkpt>
      <trkpt lat="38.815228" lon="121.15304">
        <ele>39.70437</ele>
        <time>2014-05-15T00:47:16.107000Z</time>
      </trkpt>
      <trkpt lat="38.81525" lon="121.1529">
        <ele>39.070698</ele>
        <time>2014-05-15T00:47:19.582000Z</time>
      </trkpt>
      <trkpt lat="38.815277" lon="121.15276">
        <ele>38.34563</ele>
        <time>2014-05-15T00:47:23.057000Z</time>
      </trkpt>
      <trkpt lat="38.815285" lon="121.15262">
        <ele>37.730526</ele>
        <time>2014-05-15T00:47:26.532000Z</time>
      </trkpt>
      <trkpt lat="38.815292" lon="121.1525">
        <ele>37.265224</ele>
        <time>2014-05-15T00:47:30.007000Z</time>
      </trkpt>
      <trkpt lat="38.815296" lon="121.152374">
        <ele>36.80559</ele>
        <time>2014-05-15T00:47:33.482000Z</time>
      </trkpt>
      <trkpt lat="38.815292" lon="121.15224">
        <ele>36.41349</ele>
        <time>2014-05-15T00:47:36.957000Z</time>
      </trkpt>
      <trkpt lat="38.815296" lon="121.152115">
        <ele>36.272945</ele>
        <time>2014-05-15T00:47:40.432000Z</time>
      </trkpt>
      <trkpt lat="38.815304" lon="121.15198">
        <ele>36.80013</ele>
        <time>2014-05-15T00:47:43.907000Z</time>
      </trkpt>
      <trkpt lat="38.815315" lon="121.151855">
        <ele>38.086567</ele>
        <time>2014-05-15T00:47:47.382000Z</time>
      </trkpt>
      <trkpt lat="38.815323" lon="121.151726">
        <ele>39.260593</ele>
        <time>2014-05-15T00:47:50.857000Z</time>
      </trkpt>
      <trkpt lat="38.81532" lon="121.1516">
        <ele>39.528385</ele>
        <time>2014-05-15T00:47:54.332000Z</time>
      </trkpt>
      <trkpt lat="38.81533" lon="121.15147">
        <ele>39.242447</ele>
        <time>2014-05-15T00:47:57.807000Z</time>
      </trkpt>
      <trkpt lat="38.81533" lon="121.15133">
        <ele>39.01616</ele>
        <time>2014-05-15T00:48:01.282000Z</time>
      </trkpt>
      <trkpt lat="38.815334" lon="121.151184">
        <ele>39.01337</ele>
        <time>2014-05-15T00:48:04.757000Z</time>
      </trkpt>
      <trkpt lat="38.81534" lon="121.151054">
        <ele>39.07509</ele>
        <time>2014-05-15T00:48:08.232000Z</time>
      </trkpt>
      <trkpt lat="38.815346" lon="121.15092">
        <ele>39.094852</ele>
        <time>2014-05-15T00:48:11.707000Z</time>
      </trkpt>
      <trkpt lat="38.815357" lon="121.15079">
        <ele>39.32486</ele>
        <time>2014-05-15T00:48:15.182000Z</time>
      </trkpt>
      <trkpt lat="38.815357" lon="121.150665">
        <ele>40.048046</ele>
        <time>2014-05-15T00:48:18.657000Z</time>
      </trkpt>
      <trkpt lat="38.81536" lon="121.15054">
        <ele>41.13961</ele>
        <time>2014-05-15T00:48:22.132000Z</time>
      </trkpt>
      <trkpt lat="38.81537" lon="121.15041">
        <ele>42.41466</ele>
        <time>2014-05-15T00:48:25.607000Z</time>
      </trkpt>
      <trkpt lat="38.815365" lon="121.15029">
        <ele>43.6542</ele>
        <time>2014-05-15T00:48:29.082000Z</time>
      </trkpt>
      <trkpt lat="38.81537" lon="121.150154">
        <ele>44.44445</ele>
        <time>2014-05-15T00:48:32.557000Z</time>
      </trkpt>
      <trkpt lat="38.81537" lon="121.15001">
        <ele>44.683994</ele>
        <time>2014-05-15T00:48:36.032000Z</time>
      </trkpt>
      <trkpt lat="38.815384" lon="121.14987">
        <ele>44.486454</ele>
        <time>2014-05-15T00:48:39.507000Z</time>
      </trkpt>
      <trkpt lat="38.815388" lon="121.14975">
        <ele>43.990353</ele>
        <time>2014-05-15T00:48:42.982000Z</time>
      </trkpt>
      <trkpt lat="38.8154" lon="121.1496">
        <ele>43.517605</ele>
        <time>2014-05-15T00:48:46.457000Z</time>
      </trkpt>
      <trkpt lat="38.815395" lon="121.149475">
        <ele>43.501682</ele>
        <time>2014-05-15T00:48:49.932000Z</time>
      </trkpt>
      <trkpt lat="38.8154" lon="121.149345">
        <ele>44.061592</ele>
        <time>2014-05-15T00:48:53.407000Z</time>
      </trkpt>
      <trkpt lat="38.815407" lon="121.14919">
        <ele>44.95565</ele>
        <time>2014-05-15T00:48:56.882000Z</time>
      </trkpt>
      <trkpt lat="38.815403" lon="121.14908">
        <ele>45.960434</ele>
        <time>2014-05-15T00:49:00.357000Z</time>
      </trkpt>
      <trkpt lat="38.8154" lon="121.14895">
        <ele>46.904343</ele>
        <time>2014-05-15T00:49:03.832000Z</time>
      </trkpt>
      <trkpt lat="38.815403" lon="121.148834">
        <ele>47.507565</ele>
        <time>2014-05-15T00:49:07.307000Z</time>
      </trkpt>
      <trkpt lat="38.8154" lon="121.14871">
        <ele>47.59671</ele>
        <time>2014-05-15T00:49:10.782000Z</time>
      </trkpt>
      <trkpt lat="38.8154" lon="121.14871">
        <time>2014-05-15T00:49:14.257000Z</time>
      </trkpt>
    </trkseg>
  </trk>
</gpx>