<?xml version="1.0" encoding="UTF-8"?>
<gpx xmlns="http://www.topografix.com/GPX/1/1" xmlns:gpxtpx="http://www.garmin.com/xmlschemas/TrackPointExtension/v1" xmlns:xsi="http://www.w3.org/2001/XMLSchema-instance" xsi:schemaLocation="http://www.topografix.com/GPX/1/1 http://www.topografix.com/GPX/1/1/gpx.xsd" version="1.1" creator="gpx.py -- https://github.com/tkrajina/gpxpy">
  <trk>
    <trkseg>
      <trkpt lat="38.818504" lon="121.14743">
        <ele>51.419582</ele>
        <time>2014-05-29T09:31:16.540000Z</time>
      </trkpt>
      <trkpt lat="38.818497" lon="121.14743">
        <ele>50.836884</ele>
        <time>2014-05-29T09:31:19.851000Z</time>
      </trkpt>
      <trkpt lat="38.81841" lon="121.147415">
        <ele>53.368412</ele>
        <time>2014-05-29T09:31:23.162000Z</time>
      </trkpt>
      <trkpt lat="38.81841" lon="121.147415">
        <ele>56.614403</ele>
        <time>2014-05-29T09:31:26.473000Z</time>
      </trkpt>
      <trkpt lat="38.8183" lon="121.147385">
        <ele>58.31372</ele>
        <time>2014-05-29T09:31:29.784000Z</time>
      </trkpt>
      <trkpt lat="38.81819" lon="121.14737">
        <ele>58.670315</ele>
        <time>2014-05-29T09:31:33.095000Z</time>
      </trkpt>
      <trkpt lat="38.818096" lon="121.14736">
        <ele>58.49459</ele>
        <time>2014-05-29T09:31:36.406000Z</time>
      </trkpt>
      <trkpt lat="38.817986" lon="121.14736">
        <ele>58.452263</ele>
        <time>2014-05-29T09:31:39.717000Z</time>
      </trkpt>
      <trkpt lat="38.81789" lon="121.14736">
        <ele>58.83905</ele>
        <time>2014-05-29T09:31:43.028000Z</time>
      </trkpt>
      <trkpt lat="38.817795" lon="121.147354">
        <ele>59.359215</ele>
        <time>2014-05-29T09:31:46.339000Z</time>
      </trkpt>
      <trkpt lat="38.817688" lon="121.14734">
        <ele>59.228874</ele>
        <time>2014-05-29T09:31:49.650000Z</time>
      </trkpt>
      <trkpt lat="38.81758" lon="121.14732">
        <ele>57.92167</ele>
        <time>2014-05-29T09:31:52.961000Z</time>
      </trkpt>
      <trkpt lat="38.817482" lon="121.14733">
        <ele>55.92734</ele>
        <time>2014-05-29T09:31:56.272000Z</time>
      </trkpt>
      <trkpt lat="38.817383" lon="121.14737">
        <ele>54.30995</ele>
        <time>2014-05-29T09:31:59.583000Z</time>
      </trkpt>
      <trkpt lat="38.81731" lon="121.14744">
        <ele>53.486336</ele>
        <time>2014-05-29T09:32:02.894000Z</time>
      </trkpt>
      <trkpt lat="38.81724" lon="121.14754">
        <ele>53.291897</ele>
        <time>2014-05-29T09:32:06.205000Z</time>
      </trkpt>
      <trkpt lat="38.817192" lon="121.14766">
        <ele>53.466576</ele>
        <time>2014-05-29T09:32:09.516000Z</time>
      </trkpt>
      <trkpt lat="38.81716" lon="121.14779">
        <ele>53.745213</ele>
        <time>2014-05-29T09:32:12.827000Z</time>
      </trkpt>
      <trkpt lat="38.81717" lon="121.14793">
        <ele>53.51042</ele>
        <time>2014-05-29T09:32:16.138000Z</time>
      </trkpt>
      <trkpt lat="38.817196" lon="121.14803">
        <ele>52.081562</ele>
        <time>2014-05-29T09:32:19.449000Z</time>
      </trkpt>
      <trkpt lat="38.81724" lon="121.14813">
        <ele>49.886124</ele>
        <time>2014-05-29T09:32:22.760000Z</time>
      </trkpt>
      <trkpt lat="38.8173" lon="121.14823">
        <ele>48.316895</ele>
        <time>2014-05-29T09:32:26.071000Z</time>
      </trkpt>
      <trkpt lat="38.81737" lon="121.14831">
        <ele>47.942345</ele>
        <time>2014-05-29T09:32:29.382000Z</time>
      </trkpt>
      <trkpt lat="38.81745" lon="121.14836">
        <ele>47.93903</ele>
        <time>2014-05-29T09:32:32.693000Z</time>
      </trkpt>
      <trkpt lat="38.81754" lon="121.14839">
        <ele>46.268276</ele>
        <time>2014-05-29T09:32:36.004000Z</time>
      </trkpt>
      <trkpt lat="38.817642" lon="121.14841">
        <ele>41.35644</ele>
        <time>2014-05-29T09:32:39.315000Z</time>
      </trkpt>
      <trkpt lat="38.81774" lon="121.14842">
        <ele>34.5982</ele>
        <time>2014-05-29T09:32:42.626000Z</time>
      </trkpt>
      <trkpt lat="38.817837" lon="121.14843">
        <ele>29.57836</ele>
        <time>2014-05-29T09:32:45.937000Z</time>
      </trkpt>
      <trkpt lat="38.817944" lon="121.14843">
        <ele>28.21773</ele>
        <time>2014-05-29T09:32:49.248000Z</time>
      </trkpt>
      <trkpt lat="38.81805" lon="121.148415">
        <ele>29.361362</ele>
        <time>2014-05-29T09:32:52.559000Z</time>
      </trkpt>
      <trkpt lat="38.81815" lon="121.14841">
        <ele>31.152018</ele>
        <time>2014-05-29T09:32:55.870000Z</time>
      </trkpt>
      <trkpt lat="38.81826" lon="121.1484">
        <ele>33.154156</ele>
        <time>2014-05-29T09:32:59.181000Z</time>
      </trkpt>
      <trkpt lat="38.81836" lon="121.14839">
        <ele>35.66071</ele>
        <time>2014-05-29T09:33:02.492000Z</time>
      </trkpt>
      <trkpt lat="38.818447" lon="121.14835">
        <ele>38.732418</ele>
        <time>2014-05-29T09:33:05.803000Z</time>
      </trkpt>
      <trkpt lat="38.81853" lon="121.1483">
        <ele>41.67474</ele>
        <time>2014-05-29T09:33:09.114000Z</time>
      </trkpt>
      <trkpt lat="38.81861" lon="121.14821">
        <ele>43.445477</ele>
        <time>2014-05-29T09:33:12.425000Z</time>
      </trkpt>
      <trkpt lat="38.818665" lon="121.1481">
        <ele>43.870377</ele>
        <time>2014-05-29T09:33:15.736000Z</time>
      </trkpt>
      <trkpt lat="38.818703" lon="121.14797">
        <ele>43.725357</ele>
        <time>2014-05-29T09:33:19.047000Z</time>
      </trkpt>
      <trkpt lat="38.818726" lon="121.14784">
        <ele>44.223408</ele>
        <time>2014-05-29T09:33:22.358000Z</time>
      </trkpt>
      <trkpt lat="38.818718" lon="121.14773">
        <ele>46.5404</ele>
        <time>2014-05-29T09:33:25.669000Z</time>
      </trkpt>
      <trkpt lat="38.818687" lon="121.147606">
        <ele>50.09581</ele>
        <time>2014-05-29T09:33:28.980000Z</time>
      </trkpt>
      <trkpt lat="38.818626" lon="121.1475">
        <ele>53.00422</ele>
        <time>2014-05-29T09:33:32.291000Z</time>
      </trkpt>
      <trkpt lat="38.81945" lon="121.14732">
        <ele>56.81963</ele>
        <time>2014-05-29T09:33:35.602000Z</time>
      </trkpt>
      <trkpt lat="38.819427" lon="121.14732">
        <ele>56.75404</ele>
        <time>2014-05-29T09:33:38.913000Z</time>
      </trkpt>
      <trkpt lat="38.819427" lon="121.14732">
        <ele>54.699524</ele>
        <time>2014-05-29T09:33:42.224000Z</time>
      </trkpt>
      <trkpt lat="38.819317" lon="121.1473">
        <ele>52.27316</ele>
        <time>2014-05-29T09:33:45.535000Z</time>
      </trkpt>
      <trkpt lat="38.819218" lon="121.14729">
        <ele>50.885387</ele>
        <time>2014-05-29T09:33:48.846000Z</time>
      </trkpt>
      <trkpt lat="38.819103" lon="121.1473">
        <ele>50.044144</ele>
        <time>2014-05-29T09:33:52.157000Z</time>
      </trkpt>
      <trkpt lat="38.819004" lon="121.147316">
        <ele>49.242706</ele>
        <time>2014-05-29T09:33:55.468000Z</time>
      </trkpt>
      <trkpt lat="38.818905" lon="121.14735">
        <ele>48.697407</ele>
        <time>2014-05-29T09:33:58.779000Z</time>
      </trkpt>
      <trkpt lat="38.818794" lon="121.14738">
        <ele>48.549335</ele>
        <time>2014-05-29T09:34:02.090000Z</time>
      </trkpt>
      <trkpt lat="38.81869" lon="121.14737">
        <ele>48.566837</ele>
        <time>2014-05-29T09:34:05.401000Z</time>
      </trkpt>
      <trkpt lat="38.818592" lon="121.14735">
        <ele>48.330456</ele>
        <time>2014-05-29T09:34:08.712000Z</time>
      </trkpt>
      <trkpt lat="38.818504" lon="121.14732">
        <ele>47.531498</ele>
        <time>2014-05-29T09:34:12.023000Z</time>
      </trkpt>
      <trkpt lat="38.818417" lon="121.14733">
        <ele>46.21001</ele>
        <time>2014-05-29T09:34:15.334000Z</time>
      </trkpt>
      <trkpt lat="38.818417" lon="121.14733">
        <ele>46.66251</ele>
        <time>2014-05-29T09:34:18.645000Z</time>
      </trkpt>
      <trkpt lat="38.818417" lon="121.14733">
        <ele>46.794304</ele>
        <time>2014-05-29T09:34:21.956000Z</time>
      </trkpt>
      <trkpt lat="38.81833" lon="121.147316">
        <ele>46.540573</ele>
        <time>2014-05-29T09:34:25.267000Z</time>
      </trkpt>
      <trkpt lat="38.81822" lon="121.147316">
        <ele>47.42094</ele>
        <time>2014-05-29T09:34:28.578000Z</time>
      </trkpt>
      <trkpt lat="38.818127" lon="121.14731">
        <ele>53.13877</ele>
        <time>2014-05-29T09:34:31.889000Z</time>
      </trkpt>
      <trkpt lat="38.818027" lon="121.1473">
        <ele>54.026566</ele>
        <time>2014-05-29T09:34:35.200000Z</time>
      </trkpt>
      <trkpt lat="38.817917" lon="121.14729">
        <ele>53.654243</ele>
        <time>2014-05-29T09:34:38.511000Z</time>
      </trkpt>
      <trkpt lat="38.81781" lon="121.14728">
        <ele>52.71343</ele>
        <time>2014-05-29T09:34:41.822000Z</time>
      </trkpt>
      <trkpt lat="38.817696" lon="121.14727">
        <ele>51.29685</ele>
        <time>2014-05-29T09:34:45.133000Z</time>
      </trkpt>
      <trkpt lat="38.81759" lon="121.14726">
        <ele>49.42517</ele>
        <time>2014-05-29T09:34:48.444000Z</time>
      </trkpt>
      <trkpt lat="38.81747" lon="121.14728">
        <ele>47.33121</ele>
        <time>2014-05-29T09:34:51.755000Z</time>
      </trkpt>
      <trkpt lat="38.81738" lon="121.14733">
        <ele>45.733612</ele>
        <time>2014-05-29T09:34:55.066000Z</time>
      </trkpt>
      <trkpt lat="38.817287" lon="121.147415">
        <ele>45.261093</ele>
        <time>2014-05-29T09:34:58.377000Z</time>
      </trkpt>
      <trkpt lat="38.81722" lon="121.14753">
        <ele>45.605885</ele>
        <time>2014-05-29T09:35:01.688000Z</time>
      </trkpt>
      <trkpt lat="38.817177" lon="121.14765">
        <ele>46.381023</ele>
        <time>2014-05-29T09:35:04.999000Z</time>
      </trkpt>
      <trkpt lat="38.817154" lon="121.14778">
        <ele>47.327003</ele>
        <time>2014-05-29T09:35:08.310000Z</time>
      </trkpt>
      <trkpt lat="38.81716" lon="121.14792">
        <ele>48.02374</ele>
        <time>2014-05-29T09:35:11.621000Z</time>
      </trkpt>
      <trkpt lat="38.817192" lon="121.14804">
        <ele>48.03568</ele>
        <time>2014-05-29T09:35:14.932000Z</time>
      </trkpt>
      <trkpt lat="38.817253" lon="121.14814">
        <ele>47.501026</ele>
        <time>2014-05-29T09:35:18.243000Z</time>
      </trkpt>
      <trkpt lat="38.817326" lon="121.14824">
        <ele>47.14232</ele>
        <time>2014-05-29T09:35:21.554000Z</time>
      </trkpt>
      <trkpt lat="38.817406" lon="121.1483">
        <ele>47.51059</ele>
        <time>2014-05-29T09:35:24.865000Z</time>
      </trkpt>
      <trkpt lat="38.817513" lon="121.14832">
        <ele>48.338673</ele>
        <time>2014-05-29T09:35:28.176000Z</time>
      </trkpt>
      <trkpt lat="38.81762" lon="121.14832">
        <ele>49.64532</ele>
        <time>2014-05-29T09:35:31.487000Z</time>
      </trkpt>
      <trkpt lat="38.81771" lon="121.14832">
        <ele>51.53559</ele>
        <time>2014-05-29T09:35:34.798000Z</time>
      </trkpt>
      <trkpt lat="38.81783" lon="121.14832">
        <ele>53.62922</ele>
        <time>2014-05-29T09:35:38.109000Z</time>
      </trkpt>
      <trkpt lat="38.81794" lon="121.14834">
        <ele>55.853554</ele>
        <time>2014-05-29T09:35:41.420000Z</time>
      </trkpt>
      <trkpt lat="38.81804" lon="121.14833">
        <ele>58.023304</ele>
        <time>2014-05-29T09:35:44.731000Z</time>
      </trkpt>
      <trkpt lat="38.818157" lon="121.14833">
        <ele>59.500416</ele>
        <time>2014-05-29T09:35:48.042000Z</time>
      </trkpt>
      <trkpt lat="38.818268" lon="121.14834">
        <ele>60.173367</ele>
        <time>2014-05-29T09:35:51.353000Z</time>
      </trkpt>
      <trkpt lat="38.818375" lon="121.148346">
        <ele>60.27138</ele>
        <time>2014-05-29T09:35:54.664000Z</time>
      </trkpt>
      <trkpt lat="38.818474" lon="121.14832">
        <ele>60.088943</ele>
        <time>2014-05-29T09:35:57.975000Z</time>
      </trkpt>
      <trkpt lat="38.818573" lon="121.14826">
        <ele>60.308617</ele>
        <time>2014-05-29T09:36:01.286000Z</time>
      </trkpt>
      <trkpt lat="38.818645" lon="121.14818">
        <ele>61.238647</ele>
        <time>2014-05-29T09:36:04.597000Z</time>
      </trkpt>
      <trkpt lat="38.818703" lon="121.14806">
        <ele>61.741245</ele>
        <time>2014-05-29T09:36:07.908000Z</time>
      </trkpt>
      <trkpt lat="38.81873" lon="121.14793">
        <ele>60.718513</ele>
        <time>2014-05-29T09:36:11.219000Z</time>
      </trkpt>
      <trkpt lat="38.818737" lon="121.14779">
        <ele>58.96444</ele>
        <time>2014-05-29T09:36:14.530000Z</time>
      </trkpt>
      <trkpt lat="38.818718" lon="121.14767">
        <ele>57.76256</ele>
        <time>2014-05-29T09:36:17.841000Z</time>
      </trkpt>
      <trkpt lat="38.81867" lon="121.147545">
        <ele>57.160595</ele>
        <time>2014-05-29T09:36:21.152000Z</time>
      </trkpt>
      <trkpt lat="38.818584" lon="121.14745">
        <ele>56.610703</ele>
        <time>2014-05-29T09:36:24.463000Z</time>
      </trkpt>
      <trkpt lat="38.818493" lon="121.14738">
        <ele>55.28213</ele>
        <time>2014-05-29T09:36:27.774000Z</time>
      </trkpt>
      <trkpt lat="38.8184" lon="121.14734">
        <ele>52.953026</ele>
        <time>2014-05-29T09:36:31.085000Z</time>
      </trkpt>
      <trkpt lat="38.818306" lon="121.14733">
        <ele>50.326942</ele>
        <time>2014-05-29T09:36:34.396000Z</time>
      </trkpt>
      <trkpt lat="38.81819" lon="121.14733">
        <ele>47.98717</ele>
        <time>2014-05-29T09:36:37.707000Z</time>
      </trkpt>
      <trkpt lat="38.81809" lon="121.147316">
        <ele>46.384567</ele>
        <time>2014-05-29T09:36:41.018000Z</time>
      </trkpt>
      <trkpt lat="38.81798" lon="121.14731">
        <ele>46.374336</ele>
        <time>2014-05-29T09:36:44.329000Z</time>
      </trkpt>
      <trkpt lat="38.817875" lon="121.1473">
        <ele>47.717033</ele>
        <time>2014-05-29T09:36:47.640000Z</time>
      </trkpt>
      <trkpt lat="38.81778" lon="121.14728">
        <ele>49.214725</ele>
        <time>2014-05-29T09:36:50.951000Z</time>
      </trkpt>
      <trkpt lat="38.817688" lon="121.14726">
        <ele>49.96725</ele>
        <time>2014-05-29T09:36:54.262000Z</time>
      </trkpt>
      <trkpt lat="38.817596" lon="121.147255">
        <ele>49.799183</ele>
        <time>2014-05-29T09:36:57.573000Z</time>
      </trkpt>
      <trkpt lat="38.817497" lon="121.147255">
        <ele>48.872173</ele>
        <time>2014-05-29T09:37:00.884000Z</time>
      </trkpt>
      <trkpt lat="38.817417" lon="121.1473">
        <ele>47.70491</ele>
        <time>2014-05-29T09:37:04.195000Z</time>
      </trkpt>
      <trkpt lat="38.81732" lon="121.1474">
        <ele>46.867588</ele>
        <time>2014-05-29T09:37:07.506000Z</time>
      </trkpt>
      <trkpt lat="38.817253" lon="121.14752">
        <ele>46.642193</ele>
        <time>2014-05-29T09:37:10.817000Z</time>
      </trkpt>
      <trkpt lat="38.817215" lon="121.14766">
        <ele>46.904343</ele>
        <time>2014-05-29T09:37:14.128000Z</time>
      </trkpt>
      <trkpt lat="38.817204" lon="121.14778">
        <ele>47.437668</ele>
        <time>2014-05-29T09:37:17.439000Z</time>
      </trkpt>
      <trkpt lat="38.81721" lon="121.14791">
        <ele>47.9871</ele>
        <time>2014-05-29T09:37:20.750000Z</time>
      </trkpt>
      <trkpt lat="38.817238" lon="121.14803">
        <ele>48.311867</ele>
        <time>2014-05-29T09:37:24.061000Z</time>
      </trkpt>
      <trkpt lat="38.817284" lon="121.14815">
        <ele>48.274727</ele>
        <time>2014-05-29T09:37:27.372000Z</time>
      </trkpt>
      <trkpt lat="38.81735" lon="121.14825">
        <ele>47.978718</ele>
        <time>2014-05-29T09:37:30.683000Z</time>
      </trkpt>
      <trkpt lat="38.817455" lon="121.1483">
        <ele>48.05239</ele>
        <time>2014-05-29T09:37:33.994000Z</time>
      </trkpt>
      <trkpt lat="38.817562" lon="121.148315">
        <ele>48.986305</ele>
        <time>2014-05-29T09:37:37.305000Z</time>
      </trkpt>
      <trkpt lat="38.817673" lon="121.148315">
        <ele>50.290493</ele>
        <time>2014-05-29T09:37:40.616000Z</time>
      </trkpt>
      <trkpt lat="38.817783" lon="121.14832">
        <ele>51.24584</ele>
        <time>2014-05-29T09:37:43.927000Z</time>
      </trkpt>
      <trkpt lat="38.817898" lon="121.14833">
        <ele>51.756462</ele>
        <time>2014-05-29T09:37:47.238000Z</time>
      </trkpt>
      <trkpt lat="38.817997" lon="121.14833">
        <ele>52.49073</ele>
        <time>2014-05-29T09:37:50.549000Z</time>
      </trkpt>
      <trkpt lat="38.818104" lon="121.14833">
        <ele>54.17587</ele>
        <time>2014-05-29T09:37:53.860000Z</time>
      </trkpt>
      <trkpt lat="38.8182" lon="121.14833">
        <ele>56.2969</ele>
        <time>2014-05-29T09:37:57.171000Z</time>
      </trkpt>
      <trkpt lat="38.818302" lon="121.14834">
        <ele>56.955997</ele>
        <time>2014-05-29T09:38:00.482000Z</time>
      </trkpt>
      <trkpt lat="38.818405" lon="121.148315">
        <ele>55.423058</ele>
        <time>2014-05-29T09:38:03.793000Z</time>
      </trkpt>
      <trkpt lat="38.81851" lon="121.14828">
        <ele>53.378365</ele>
        <time>2014-05-29T09:38:07.104000Z</time>
      </trkpt>
      <trkpt lat="38.8186" lon="121.1482">
        <ele>52.889816</ele>
        <time>2014-05-29T09:38:10.415000Z</time>
      </trkpt>
      <trkpt lat="38.81867" lon="121.1481">
        <ele>54.579323</ele>
        <time>2014-05-29T09:38:13.726000Z</time>
      </trkpt>
      <trkpt lat="38.818714" lon="121.147995">
        <ele>57.40266</ele>
        <time>2014-05-29T09:38:17.037000Z</time>
      </trkpt>
      <trkpt lat="38.81873" lon="121.14786">
        <ele>59.33505</ele>
        <time>2014-05-29T09:38:20.348000Z</time>
      </trkpt>
      <trkpt lat="38.818726" lon="121.14774">
        <ele>59.062084</ele>
        <time>2014-05-29T09:38:23.659000Z</time>
      </trkpt>
      <trkpt lat="38.818695" lon="121.147606">
        <ele>56.98004</ele>
        <time>2014-05-29T09:38:26.970000Z</time>
      </trkpt>
      <trkpt lat="38.818634" lon="121.14749">
        <ele>54.728855</ele>
        <time>2014-05-29T09:38:30.281000Z</time>
      </trkpt>
      <trkpt lat="38.81857" lon="121.14741">
        <ele>53.64182</ele>
        <time>2014-05-29T09:38:33.592000Z</time>
      </trkpt>
      <trkpt lat="38.81849" lon="121.14735">
        <ele>53.878315</ele>
        <time>2014-05-29T09:38:36.903000Z</time>
      </trkpt>
      <trkpt lat="38.818398" lon="121.14732">
        <ele>54.8051</ele>
        <time>2014-05-29T09:38:40.214000Z</time>
      </trkpt>
      <trkpt lat="38.818295" lon="121.14731">
        <ele>55.028584</ele>
        <time>2014-05-29T09:38:43.525000Z</time>
      </trkpt>
      <trkpt lat="38.818203" lon="121.1473">
        <ele>53.716667</ele>
        <time>2014-05-29T09:38:46.836000Z</time>
      </trkpt>
      <trkpt lat="38.81811" lon="121.14729">
        <ele>51.783134</ele>
        <time>2014-05-29T09:38:50.147000Z</time>
      </trkpt>
      <trkpt lat="38.817997" lon="121.14728">
        <ele>50.50878</ele>
        <time>2014-05-29T09:38:53.458000Z</time>
      </trkpt>
      <trkpt lat="38.817898" lon="121.14727">
        <ele>49.8833</ele>
        <time>2014-05-29T09:38:56.769000Z</time>
      </trkpt>
      <trkpt lat="38.817795" lon="121.14727">
        <ele>49.66432</ele>
        <time>2014-05-29T09:39:00.080000Z</time>
      </trkpt>
      <trkpt lat="38.817684" lon="121.14727">
        <ele>50.1264</ele>
        <time>2014-05-29T09:39:03.391000Z</time>
      </trkpt>
      <trkpt lat="38.817574" lon="121.14728">
        <ele>51.111996</ele>
        <time>2014-05-29T09:39:06.702000Z</time>
      </trkpt>
      <trkpt lat="38.81746" lon="121.14729">
        <ele>51.872868</ele>
        <time>2014-05-29T09:39:10.013000Z</time>
      </trkpt>
      <trkpt lat="38.817364" lon="121.14735">
        <ele>51.935528</ele>
        <time>2014-05-29T09:39:13.324000Z</time>
      </trkpt>
      <trkpt lat="38.81728" lon="121.147446">
        <ele>51.298088</ele>
        <time>2014-05-29T09:39:16.635000Z</time>
      </trkpt>
      <trkpt lat="38.81723" lon="121.14757">
        <ele>50.434593</ele>
        <time>2014-05-29T09:39:19.946000Z</time>
      </trkpt>
      <trkpt lat="38.8172" lon="121.147675">
        <ele>50.18785</ele>
        <time>2014-05-29T09:39:23.257000Z</time>
      </trkpt>
      <trkpt lat="38.81719" lon="121.1478">
        <ele>50.83435</ele>
        <time>2014-05-29T09:39:26.568000Z</time>
      </trkpt>
      <trkpt lat="38.817192" lon="121.14793">
        <ele>51.506805</ele>
        <time>2014-05-29T09:39:29.879000Z</time>
      </trkpt>
      <trkpt lat="38.81724" lon="121.14806">
        <ele>51.38779</ele>
        <time>2014-05-29T09:39:33.190000Z</time>
      </trkpt>
      <trkpt lat="38.817265" lon="121.148186">
        <ele>50.703938</ele>
        <time>2014-05-29T09:39:36.501000Z</time>
      </trkpt>
      <trkpt lat="38.81735" lon="121.14827">
        <ele>50.017315</ele>
        <time>2014-05-29T09:39:39.812000Z</time>
      </trkpt>
      <trkpt lat="38.81744" lon="121.1483">
        <ele>49.681423</ele>
        <time>2014-05-29T09:39:43.123000Z</time>
      </trkpt>
      <trkpt lat="38.817554" lon="121.148315">
        <ele>49.734676</ele>
        <time>2014-05-29T09:39:46.434000Z</time>
      </trkpt>
      <trkpt lat="38.817654" lon="121.148315">
        <ele>49.748646</ele>
        <time>2014-05-29T09:39:49.745000Z</time>
      </trkpt>
      <trkpt lat="38.81776" lon="121.14831">
        <ele>49.408176</ele>
        <time>2014-05-29T09:39:53.056000Z</time>
      </trkpt>
      <trkpt lat="38.817883" lon="121.148315">
        <ele>49.34151</ele>
        <time>2014-05-29T09:39:56.367000Z</time>
      </trkpt>
      <trkpt lat="38.817993" lon="121.148315">
        <ele>50.65489</ele>
        <time>2014-05-29T09:39:59.678000Z</time>
      </trkpt>
      <trkpt lat="38.818108" lon="121.14833">
        <ele>53.096764</ele>
        <time>2014-05-29T09:40:02.989000Z</time>
      </trkpt>
      <trkpt lat="38.81822" lon="121.14834">
        <ele>54.33441</ele>
        <time>2014-05-29T09:40:06.300000Z</time>
      </trkpt>
      <trkpt lat="38.818336" lon="121.14834">
        <ele>53.079292</ele>
        <time>2014-05-29T09:40:09.611000Z</time>
      </trkpt>
      <trkpt lat="38.818436" lon="121.14831">
        <ele>50.95445</ele>
        <time>2014-05-29T09:40:12.922000Z</time>
      </trkpt>
      <trkpt lat="38.81854" lon="121.14825">
        <ele>49.6893</ele>
        <time>2014-05-29T09:40:16.233000Z</time>
      </trkpt>
      <trkpt lat="38.818626" lon="121.14815">
        <ele>49.337326</ele>
        <time>2014-05-29T09:40:19.544000Z</time>
      </trkpt>
      <trkpt lat="38.818687" lon="121.14803">
        <ele>50.21572</ele>
        <time>2014-05-29T09:40:22.855000Z</time>
      </trkpt>
      <trkpt lat="38.81872" lon="121.147896">
        <ele>52.426365</ele>
        <time>2014-05-29T09:40:26.166000Z</time>
      </trkpt>
      <trkpt lat="38.81873" lon="121.14777">
        <ele>54.571083</ele>
        <time>2014-05-29T09:40:29.477000Z</time>
      </trkpt>
      <trkpt lat="38.81873" lon="121.14777">
        <ele>55.393246</ele>
        <time>2014-05-29T09:40:32.788000Z</time>
      </trkpt>
      <trkpt lat="38.8187" lon="121.14766">
        <ele>54.764793</ele>
        <time>2014-05-29T09:40:36.099000Z</time>
      </trkpt>
      <trkpt lat="38.81865" lon="121.14756">
        <ele>52.99185</ele>
        <time>2014-05-29T09:40:39.410000Z</time>
      </trkpt>
      <trkpt lat="38.818584" lon="121.147446">
        <ele>51.106075</ele>
        <time>2014-05-29T09:40:42.721000Z</time>
      </trkpt>
      <trkpt lat="38.818584" lon="121.147446">
        <ele>50.089252</ele>
        <time>2014-05-29T09:40:46.032000Z</time>
      </trkpt>
      <trkpt lat="38.81849" lon="121.14738">
        <ele>50.026184</ele>
        <time>2014-05-29T09:40:49.343000Z</time>
      </trkpt>
      <trkpt lat="38.818382" lon="121.14734">
        <ele>51.147438</ele>
        <time>2014-05-29T09:40:52.654000Z</time>
      </trkpt>
      <trkpt lat="38.81829" lon="121.14732">
        <ele>53.465046</ele>
        <time>2014-05-29T09:40:55.965000Z</time>
      </trkpt>
      <trkpt lat="38.818188" lon="121.14731">
        <ele>55.969074</ele>
        <time>2014-05-29T09:40:59.276000Z</time>
      </trkpt>
      <trkpt lat="38.81808" lon="121.1473">
        <ele>57.659523</ele>
        <time>2014-05-29T09:41:02.587000Z</time>
      </trkpt>
      <trkpt lat="38.817978" lon="121.147285">
        <ele>57.729553</ele>
        <time>2014-05-29T09:41:05.898000Z</time>
      </trkpt>
      <trkpt lat="38.817863" lon="121.14727">
        <ele>56.042557</ele>
        <time>2014-05-29T09:41:09.209000Z</time>
      </trkpt>
      <trkpt lat="38.81777" lon="121.14727">
        <ele>54.782528</ele>
        <time>2014-05-29T09:41:12.520000Z</time>
      </trkpt>
      <trkpt lat="38.817673" lon="121.14727">
        <ele>55.718105</ele>
        <time>2014-05-29T09:41:15.831000Z</time>
      </trkpt>
      <trkpt lat="38.81756" lon="121.14727">
        <ele>57.833645</ele>
        <time>2014-05-29T09:41:19.142000Z</time>
      </trkpt>
      <trkpt lat="38.817467" lon="121.14728">
        <ele>59.83777</ele>
        <time>2014-05-29T09:41:22.453000Z</time>
      </trkpt>
      <trkpt lat="38.81737" lon="121.14734">
        <ele>61.40445</ele>
        <time>2014-05-29T09:41:25.764000Z</time>
      </trkpt>
      <trkpt lat="38.81728" lon="121.147446">
        <ele>60.74095</ele>
        <time>2014-05-29T09:41:29.075000Z</time>
      </trkpt>
      <trkpt lat="38.817215" lon="121.14755">
        <ele>56.750298</ele>
        <time>2014-05-29T09:41:32.386000Z</time>
      </trkpt>
      <trkpt lat="38.817196" lon="121.147675">
        <ele>51.999916</ele>
        <time>2014-05-29T09:41:35.697000Z</time>
      </trkpt>
      <trkpt lat="38.817184" lon="121.147804">
        <ele>49.312077</ele>
        <time>2014-05-29T09:41:39.008000Z</time>
      </trkpt>
      <trkpt lat="38.817196" lon="121.14794">
        <ele>48.61854</ele>
        <time>2014-05-29T09:41:42.319000Z</time>
      </trkpt>
      <trkpt lat="38.817234" lon="121.148056">
        <ele>48.92454</ele>
        <time>2014-05-29T09:41:45.630000Z</time>
      </trkpt>
      <trkpt lat="38.8173" lon="121.148155">
        <ele>49.577778</ele>
        <time>2014-05-29T09:41:48.941000Z</time>
      </trkpt>
      <trkpt lat="38.81736" lon="121.148254">
        <ele>50.66827</ele>
        <time>2014-05-29T09:41:52.252000Z</time>
      </trkpt>
      <trkpt lat="38.817455" lon="121.14831">
        <ele>51.770374</ele>
        <time>2014-05-29T09:41:55.563000Z</time>
      </trkpt>
      <trkpt lat="38.817554" lon="121.14832">
        <ele>52.11785</ele>
        <time>2014-05-29T09:41:58.874000Z</time>
      </trkpt>
      <trkpt lat="38.817654" lon="121.148315">
        <ele>51.991776</ele>
        <time>2014-05-29T09:42:02.185000Z</time>
      </trkpt>
      <trkpt lat="38.817764" lon="121.148315">
        <ele>51.98437</ele>
        <time>2014-05-29T09:42:05.496000Z</time>
      </trkpt>
      <trkpt lat="38.81787" lon="121.14832">
        <ele>52.00829</ele>
        <time>2014-05-29T09:42:08.807000Z</time>
      </trkpt>
      <trkpt lat="38.817966" lon="121.14834">
        <ele>52.01646</ele>
        <time>2014-05-29T09:42:12.118000Z</time>
      </trkpt>
      <trkpt lat="38.818066" lon="121.14834">
        <ele>52.164837</ele>
        <time>2014-05-29T09:42:15.429000Z</time>
      </trkpt>
      <trkpt lat="38.81817" lon="121.148346">
        <ele>52.562134</ele>
        <time>2014-05-29T09:42:18.740000Z</time>
      </trkpt>
      <trkpt lat="38.818268" lon="121.14835">
        <ele>52.9741</ele>
        <time>2014-05-29T09:42:22.051000Z</time>
      </trkpt>
      <trkpt lat="38.81837" lon="121.14836">
        <ele>53.156456</ele>
        <time>2014-05-29T09:42:25.362000Z</time>
      </trkpt>
      <trkpt lat="38.818474" lon="121.14832">
        <ele>52.951725</ele>
        <time>2014-05-29T09:42:28.673000Z</time>
      </trkpt>
      <trkpt lat="38.818573" lon="121.148254">
        <ele>52.364525</ele>
        <time>2014-05-29T09:42:31.984000Z</time>
      </trkpt>
      <trkpt lat="38.81866" lon="121.14814">
        <ele>51.99476</ele>
        <time>2014-05-29T09:42:35.295000Z</time>
      </trkpt>
      <trkpt lat="38.81871" lon="121.14803">
        <ele>52.496708</ele>
        <time>2014-05-29T09:42:38.606000Z</time>
      </trkpt>
      <trkpt lat="38.81873" lon="121.14791">
        <ele>53.9751</ele>
        <time>2014-05-29T09:42:41.917000Z</time>
      </trkpt>
      <trkpt lat="38.818737" lon="121.14778">
        <ele>55.807858</ele>
        <time>2014-05-29T09:42:45.228000Z</time>
      </trkpt>
      <trkpt lat="38.818752" lon="121.14762">
        <ele>57.09595</ele>
        <time>2014-05-29T09:42:48.539000Z</time>
      </trkpt>
      <trkpt lat="38.81874" lon="121.14748">
        <ele>57.761623</ele>
        <time>2014-05-29T09:42:51.850000Z</time>
      </trkpt>
      <trkpt lat="38.81869" lon="121.147385">
        <ele>58.27149</ele>
        <time>2014-05-29T09:42:55.161000Z</time>
      </trkpt>
      <trkpt lat="38.81858" lon="121.147316">
        <ele>58.42352</ele>
        <time>2014-05-29T09:42:58.472000Z</time>
      </trkpt>
      <trkpt lat="38.818462" lon="121.1473">
        <ele>57.71122</ele>
        <time>2014-05-29T09:43:01.783000Z</time>
      </trkpt>
      <trkpt lat="38.818367" lon="121.14729">
        <ele>55.821407</ele>
        <time>2014-05-29T09:43:05.094000Z</time>
      </trkpt>
      <trkpt lat="38.818256" lon="121.14729">
        <ele>53.2562</ele>
        <time>2014-05-29T09:43:08.405000Z</time>
      </trkpt>
      <trkpt lat="38.818142" lon="121.147285">
        <ele>51.301018</ele>
        <time>2014-05-29T09:43:11.716000Z</time>
      </trkpt>
      <trkpt lat="38.818035" lon="121.14728">
        <ele>50.868248</ele>
        <time>2014-05-29T09:43:15.027000Z</time>
      </trkpt>
      <trkpt lat="38.818035" lon="121.14728">
        <ele>51.35453</ele>
        <time>2014-05-29T09:43:18.338000Z</time>
      </trkpt>
      <trkpt lat="38.817898" lon="121.14722">
        <ele>52.42843</ele>
        <time>2014-05-29T09:43:21.649000Z</time>
      </trkpt>
      <trkpt lat="38.817898" lon="121.14722">
        <ele>52.55851</ele>
        <time>2014-05-29T09:43:24.960000Z</time>
      </trkpt>
      <trkpt lat="38.817776" lon="121.14725">
        <ele>52.587616</ele>
        <time>2014-05-29T09:43:28.271000Z</time>
      </trkpt>
      <trkpt lat="38.81775" lon="121.147255">
        <ele>52.47892</ele>
        <time>2014-05-29T09:43:31.582000Z</time>
      </trkpt>
      <trkpt lat="38.81765" lon="121.14726">
        <ele>52.57901</ele>
        <time>2014-05-29T09:43:34.893000Z</time>
      </trkpt>
      <trkpt lat="38.81765" lon="121.14726">
        <ele>53.037468</ele>
        <time>2014-05-29T09:43:38.204000Z</time>
      </trkpt>
      <trkpt lat="38.817535" lon="121.147255">
        <ele>53.603878</ele>
        <time>2014-05-29T09:43:41.515000Z</time>
      </trkpt>
      <trkpt lat="38.817432" lon="121.14727">
        <ele>54.255634</ele>
        <time>2014-05-29T09:43:44.826000Z</time>
      </trkpt>
      <trkpt lat="38.817333" lon="121.14733">
        <ele>55.098656</ele>
        <time>2014-05-29T09:43:48.137000Z</time>
      </trkpt>
      <trkpt lat="38.81725" lon="121.14744">
        <ele>55.523426</ele>
        <time>2014-05-29T09:43:51.448000Z</time>
      </trkpt>
      <trkpt lat="38.817192" lon="121.14755">
        <ele>55.104965</ele>
        <time>2014-05-29T09:43:54.759000Z</time>
      </trkpt>
      <trkpt lat="38.81716" lon="121.14767">
        <ele>54.16366</ele>
        <time>2014-05-29T09:43:58.070000Z</time>
      </trkpt>
      <trkpt lat="38.81715" lon="121.1478">
        <ele>52.908592</ele>
        <time>2014-05-29T09:44:01.381000Z</time>
      </trkpt>
      <trkpt lat="38.817177" lon="121.14795">
        <ele>51.574654</ele>
        <time>2014-05-29T09:44:04.692000Z</time>
      </trkpt>
      <trkpt lat="38.817215" lon="121.14806">
        <ele>50.87289</ele>
        <time>2014-05-29T09:44:08.003000Z</time>
      </trkpt>
      <trkpt lat="38.817276" lon="121.14816">
        <ele>51.042397</ele>
        <time>2014-05-29T09:44:11.314000Z</time>
      </trkpt>
      <trkpt lat="38.817364" lon="121.148254">
        <ele>51.540993</ele>
        <time>2014-05-29T09:44:14.625000Z</time>
      </trkpt>
      <trkpt lat="38.817467" lon="121.148315">
        <ele>51.762596</ele>
        <time>2014-05-29T09:44:17.936000Z</time>
      </trkpt>
      <trkpt lat="38.81758" lon="121.14834">
        <ele>51.823986</ele>
        <time>2014-05-29T09:44:21.247000Z</time>
      </trkpt>
      <trkpt lat="38.817684" lon="121.14835">
        <ele>52.036835</ele>
        <time>2014-05-29T09:44:24.558000Z</time>
      </trkpt>
      <trkpt lat="38.8178" lon="121.14835">
        <ele>52.507942</ele>
        <time>2014-05-29T09:44:27.869000Z</time>
      </trkpt>
      <trkpt lat="38.817913" lon="121.14835">
        <ele>52.942802</ele>
        <time>2014-05-29T09:44:31.180000Z</time>
      </trkpt>
      <trkpt lat="38.81801" lon="121.14837">
        <ele>52.912045</ele>
        <time>2014-05-29T09:44:34.491000Z</time>
      </trkpt>
      <trkpt lat="38.81811" lon="121.14838">
        <ele>52.4981</ele>
        <time>2014-05-29T09:44:37.802000Z</time>
      </trkpt>
      <trkpt lat="38.818203" lon="121.14837">
        <ele>52.305096</ele>
        <time>2014-05-29T09:44:41.113000Z</time>
      </trkpt>
      <trkpt lat="38.8183" lon="121.14837">
        <ele>52.69523</ele>
        <time>2014-05-29T09:44:44.424000Z</time>
      </trkpt>
      <trkpt lat="38.81839" lon="121.14837">
        <ele>53.5504</ele>
        <time>2014-05-29T09:44:47.735000Z</time>
      </trkpt>
      <trkpt lat="38.818474" lon="121.14833">
        <ele>53.779217</ele>
        <time>2014-05-29T09:44:51.046000Z</time>
      </trkpt>
      <trkpt lat="38.818573" lon="121.14823">
        <ele>52.748825</ele>
        <time>2014-05-29T09:44:54.357000Z</time>
      </trkpt>
      <trkpt lat="38.818645" lon="121.14813">
        <ele>51.55119</ele>
        <time>2014-05-29T09:44:57.668000Z</time>
      </trkpt>
      <trkpt lat="38.818707" lon="121.14801">
        <ele>51.394302</ele>
        <time>2014-05-29T09:45:00.979000Z</time>
      </trkpt>
      <trkpt lat="38.818733" lon="121.14785">
        <ele>52.806183</ele>
        <time>2014-05-29T09:45:04.290000Z</time>
      </trkpt>
      <trkpt lat="38.818726" lon="121.14772">
        <ele>55.444195</ele>
        <time>2014-05-29T09:45:07.601000Z</time>
      </trkpt>
      <trkpt lat="38.818676" lon="121.14758">
        <ele>57.728046</ele>
        <time>2014-05-29T09:45:10.912000Z</time>
      </trkpt>
      <trkpt lat="38.81862" lon="121.147484">
        <ele>58.489147</ele>
        <time>2014-05-29T09:45:14.223000Z</time>
      </trkpt>
      <trkpt lat="38.81854" lon="121.14738">
        <ele>57.941124</ele>
        <time>2014-05-29T09:45:17.534000Z</time>
      </trkpt>
      <trkpt lat="38.818455" lon="121.14733">
        <ele>56.830345</ele>
        <time>2014-05-29T09:45:20.845000Z</time>
      </trkpt>
      <trkpt lat="38.81834" lon="121.147316">
        <ele>55.674393</ele>
        <time>2014-05-29T09:45:24.156000Z</time>
      </trkpt>
      <trkpt lat="38.818253" lon="121.14729">
        <ele>54.430798</ele>
        <time>2014-05-29T09:45:27.467000Z</time>
      </trkpt>
      <trkpt lat="38.818142" lon="121.14726">
        <ele>53.19053</ele>
        <time>2014-05-29T09:45:30.778000Z</time>
      </trkpt>
      <trkpt lat="38.81803" lon="121.147255">
        <ele>52.32399</ele>
        <time>2014-05-29T09:45:34.089000Z</time>
      </trkpt>
      <trkpt lat="38.817932" lon="121.14725">
        <ele>51.85172</ele>
        <time>2014-05-29T09:45:37.400000Z</time>
      </trkpt>
      <trkpt lat="38.817825" lon="121.147224">
        <ele>51.5974</ele>
        <time>2014-05-29T09:45:40.711000Z</time>
      </trkpt>
      <trkpt lat="38.81772" lon="121.147224">
        <ele>51.480442</ele>
        <time>2014-05-29T09:45:44.022000Z</time>
      </trkpt>
      <trkpt lat="38.817604" lon="121.14722">
        <ele>51.4756</ele>
        <time>2014-05-29T09:45:47.333000Z</time>
      </trkpt>
      <trkpt lat="38.8175" lon="121.14723">
        <ele>51.52501</ele>
        <time>2014-05-29T09:45:50.644000Z</time>
      </trkpt>
      <trkpt lat="38.817394" lon="121.14727">
        <ele>51.54911</ele>
        <time>2014-05-29T09:45:53.955000Z</time>
      </trkpt>
      <trkpt lat="38.817314" lon="121.14735">
        <ele>51.506687</ele>
        <time>2014-05-29T09:45:57.266000Z</time>
      </trkpt>
      <trkpt lat="38.81724" lon="121.147446">
        <ele>51.734077</ele>
        <time>2014-05-29T09:46:00.577000Z</time>
      </trkpt>
      <trkpt lat="38.817192" lon="121.14756">
        <ele>52.4567</ele>
        <time>2014-05-29T09:46:03.888000Z</time>
      </trkpt>
      <trkpt lat="38.817154" lon="121.14769">
        <ele>53.270298</ele>
        <time>2014-05-29T09:46:07.199000Z</time>
      </trkpt>
      <trkpt lat="38.817142" lon="121.147835">
        <ele>53.83977</ele>
        <time>2014-05-29T09:46:10.510000Z</time>
      </trkpt>
      <trkpt lat="38.81716" lon="121.14796">
        <ele>54.232784</ele>
        <time>2014-05-29T09:46:13.821000Z</time>
      </trkpt>
      <trkpt lat="38.817196" lon="121.14807">
        <ele>54.44856</ele>
        <time>2014-05-29T09:46:17.132000Z</time>
      </trkpt>
      <trkpt lat="38.817257" lon="121.14819">
        <ele>54.674202</ele>
        <time>2014-05-29T09:46:20.443000Z</time>
      </trkpt>
      <trkpt lat="38.817333" lon="121.148285">
        <ele>55.1747</ele>
        <time>2014-05-29T09:46:23.754000Z</time>
      </trkpt>
      <trkpt lat="38.817432" lon="121.14834">
        <ele>55.787064</ele>
        <time>2014-05-29T09:46:27.065000Z</time>
      </trkpt>
      <trkpt lat="38.81754" lon="121.14835">
        <ele>55.836483</ele>
        <time>2014-05-29T09:46:30.376000Z</time>
      </trkpt>
      <trkpt lat="38.817654" lon="121.14835">
        <ele>54.874203</ele>
        <time>2014-05-29T09:46:33.687000Z</time>
      </trkpt>
      <trkpt lat="38.817753" lon="121.14835">
        <ele>53.4251</ele>
        <time>2014-05-29T09:46:36.998000Z</time>
      </trkpt>
      <trkpt lat="38.817844" lon="121.14836">
        <ele>52.34566</ele>
        <time>2014-05-29T09:46:40.309000Z</time>
      </trkpt>
      <trkpt lat="38.817955" lon="121.14837">
        <ele>51.697536</ele>
        <time>2014-05-29T09:46:43.620000Z</time>
      </trkpt>
      <trkpt lat="38.818077" lon="121.14836">
        <ele>51.20475</ele>
        <time>2014-05-29T09:46:46.931000Z</time>
      </trkpt>
      <trkpt lat="38.81817" lon="121.14836">
        <ele>51.13765</ele>
        <time>2014-05-29T09:46:50.242000Z</time>
      </trkpt>
      <trkpt lat="38.81829" lon="121.14837">
        <ele>51.699432</ele>
        <time>2014-05-29T09:46:53.553000Z</time>
      </trkpt>
      <trkpt lat="38.818405" lon="121.148346">
        <ele>51.90648</ele>
        <time>2014-05-29T09:46:56.864000Z</time>
      </trkpt>
      <trkpt lat="38.818523" lon="121.14828">
        <ele>50.995827</ele>
        <time>2014-05-29T09:47:00.175000Z</time>
      </trkpt>
      <trkpt lat="38.818596" lon="121.14819">
        <ele>50.24889</ele>
        <time>2014-05-29T09:47:03.486000Z</time>
      </trkpt>
      <trkpt lat="38.81866" lon="121.14808">
        <ele>51.104717</ele>
        <time>2014-05-29T09:47:06.797000Z</time>
      </trkpt>
      <trkpt lat="38.8187" lon="121.147964">
        <ele>53.335308</ele>
        <time>2014-05-29T09:47:10.108000Z</time>
      </trkpt>
      <trkpt lat="38.818707" lon="121.14782">
        <ele>55.91726</ele>
        <time>2014-05-29T09:47:13.419000Z</time>
      </trkpt>
      <trkpt lat="38.818687" lon="121.14768">
        <ele>57.874214</ele>
        <time>2014-05-29T09:47:16.730000Z</time>
      </trkpt>
      <trkpt lat="38.818645" lon="121.14755">
        <ele>58.64528</ele>
        <time>2014-05-29T09:47:20.041000Z</time>
      </trkpt>
      <trkpt lat="38.818577" lon="121.14744">
        <ele>58.492603</ele>
        <time>2014-05-29T09:47:23.352000Z</time>
      </trkpt>
      <trkpt lat="38.81849" lon="121.14737">
        <ele>57.742413</ele>
        <time>2014-05-29T09:47:26.663000Z</time>
      </trkpt>
      <trkpt lat="38.818398" lon="121.14734">
        <ele>56.477676</ele>
        <time>2014-05-29T09:47:29.974000Z</time>
      </trkpt>
      <trkpt lat="38.81829" lon="121.14729">
        <ele>55.143208</ele>
        <time>2014-05-29T09:47:33.285000Z</time>
      </trkpt>
      <trkpt lat="38.818184" lon="121.14727">
        <ele>54.787704</ele>
        <time>2014-05-29T09:47:36.596000Z</time>
      </trkpt>
      <trkpt lat="38.81808" lon="121.14726">
        <ele>55.709343</ele>
        <time>2014-05-29T09:47:39.907000Z</time>
      </trkpt>
      <trkpt lat="38.81798" lon="121.14726">
        <ele>56.6437</ele>
        <time>2014-05-29T09:47:43.218000Z</time>
      </trkpt>
      <trkpt lat="38.817886" lon="121.147255">
        <ele>56.23653</ele>
        <time>2014-05-29T09:47:46.529000Z</time>
      </trkpt>
      <trkpt lat="38.81779" lon="121.14724">
        <ele>54.81583</ele>
        <time>2014-05-29T09:47:49.840000Z</time>
      </trkpt>
      <trkpt lat="38.817688" lon="121.14723">
        <ele>53.56568</ele>
        <time>2014-05-29T09:47:53.151000Z</time>
      </trkpt>
      <trkpt lat="38.817577" lon="121.147224">
        <ele>53.054207</ele>
        <time>2014-05-29T09:47:56.462000Z</time>
      </trkpt>
      <trkpt lat="38.81747" lon="121.14724">
        <ele>53.03485</ele>
        <time>2014-05-29T09:47:59.773000Z</time>
      </trkpt>
      <trkpt lat="38.817364" lon="121.14728">
        <ele>52.96932</ele>
        <time>2014-05-29T09:48:03.084000Z</time>
      </trkpt>
      <trkpt lat="38.817287" lon="121.14736">
        <ele>52.602245</ele>
        <time>2014-05-29T09:48:06.395000Z</time>
      </trkpt>
      <trkpt lat="38.81722" lon="121.14748">
        <ele>52.25563</ele>
        <time>2014-05-29T09:48:09.706000Z</time>
      </trkpt>
      <trkpt lat="38.817177" lon="121.1476">
        <ele>52.222492</ele>
        <time>2014-05-29T09:48:13.017000Z</time>
      </trkpt>
      <trkpt lat="38.817154" lon="121.14775">
        <ele>52.30296</ele>
        <time>2014-05-29T09:48:16.328000Z</time>
      </trkpt>
      <trkpt lat="38.81716" lon="121.14789">
        <ele>52.111927</ele>
        <time>2014-05-29T09:48:19.639000Z</time>
      </trkpt>
      <trkpt lat="38.817192" lon="121.14801">
        <ele>51.757442</ele>
        <time>2014-05-29T09:48:22.950000Z</time>
      </trkpt>
      <trkpt lat="38.81724" lon="121.14814">
        <ele>51.88771</ele>
        <time>2014-05-29T09:48:26.261000Z</time>
      </trkpt>
      <trkpt lat="38.817326" lon="121.14823">
        <ele>52.805805</ele>
        <time>2014-05-29T09:48:29.572000Z</time>
      </trkpt>
      <trkpt lat="38.817436" lon="121.1483">
        <ele>54.13574</ele>
        <time>2014-05-29T09:48:32.883000Z</time>
      </trkpt>
      <trkpt lat="38.817528" lon="121.14832">
        <ele>55.31281</ele>
        <time>2014-05-29T09:48:36.194000Z</time>
      </trkpt>
      <trkpt lat="38.817623" lon="121.14833">
        <ele>55.574547</ele>
        <time>2014-05-29T09:48:39.505000Z</time>
      </trkpt>
      <trkpt lat="38.81772" lon="121.14833">
        <ele>54.573597</ele>
        <time>2014-05-29T09:48:42.816000Z</time>
      </trkpt>
      <trkpt lat="38.81781" lon="121.14834">
        <ele>53.013775</ele>
        <time>2014-05-29T09:48:46.127000Z</time>
      </trkpt>
      <trkpt lat="38.817917" lon="121.148346">
        <ele>51.41777</ele>
        <time>2014-05-29T09:48:49.438000Z</time>
      </trkpt>
      <trkpt lat="38.818035" lon="121.14834">
        <ele>49.471863</ele>
        <time>2014-05-29T09:48:52.749000Z</time>
      </trkpt>
      <trkpt lat="38.81813" lon="121.148346">
        <ele>47.42257</ele>
        <time>2014-05-29T09:48:56.060000Z</time>
      </trkpt>
      <trkpt lat="38.81823" lon="121.14835">
        <ele>46.175083</ele>
        <time>2014-05-29T09:48:59.371000Z</time>
      </trkpt>
      <trkpt lat="38.81835" lon="121.14835">
        <ele>46.47869</ele>
        <time>2014-05-29T09:49:02.682000Z</time>
      </trkpt>
      <trkpt lat="38.81846" lon="121.148315">
        <ele>48.411263</ele>
        <time>2014-05-29T09:49:05.993000Z</time>
      </trkpt>
      <trkpt lat="38.818542" lon="121.14827">
        <ele>50.876507</ele>
        <time>2014-05-29T09:49:09.304000Z</time>
      </trkpt>
      <trkpt lat="38.818626" lon="121.148186">
        <ele>52.445446</ele>
        <time>2014-05-29T09:49:12.615000Z</time>
      </trkpt>
      <trkpt lat="38.81869" lon="121.14806">
        <ele>52.83521</ele>
        <time>2014-05-29T09:49:15.926000Z</time>
      </trkpt>
      <trkpt lat="38.818726" lon="121.14795">
        <ele>52.633972</ele>
        <time>2014-05-29T09:49:19.237000Z</time>
      </trkpt>
      <trkpt lat="38.818733" lon="121.147835">
        <ele>52.31917</ele>
        <time>2014-05-29T09:49:22.548000Z</time>
      </trkpt>
      <trkpt lat="38.81873" lon="121.14771">
        <ele>51.908978</ele>
        <time>2014-05-29T09:49:25.859000Z</time>
      </trkpt>
      <trkpt lat="38.8187" lon="121.147606">
        <ele>51.52381</ele>
        <time>2014-05-29T09:49:29.170000Z</time>
      </trkpt>
      <trkpt lat="38.818653" lon="121.14749">
        <ele>51.331345</ele>
        <time>2014-05-29T09:49:32.481000Z</time>
      </trkpt>
      <trkpt lat="38.81857" lon="121.1474">
        <ele>51.437443</ele>
        <time>2014-05-29T09:49:35.792000Z</time>
      </trkpt>
      <trkpt lat="38.818485" lon="121.14734">
        <ele>51.725655</ele>
        <time>2014-05-29T09:49:39.103000Z</time>
      </trkpt>
      <trkpt lat="38.81838" lon="121.14729">
        <ele>51.88373</ele>
        <time>2014-05-29T09:49:42.414000Z</time>
      </trkpt>
      <trkpt lat="38.81828" lon="121.147285">
        <ele>51.845848</ele>
        <time>2014-05-29T09:49:45.725000Z</time>
      </trkpt>
      <trkpt lat="38.81816" lon="121.14728">
        <ele>51.845093</ele>
        <time>2014-05-29T09:49:49.036000Z</time>
      </trkpt>
      <trkpt lat="38.81807" lon="121.14727">
        <ele>51.879513</ele>
        <time>2014-05-29T09:49:52.347000Z</time>
      </trkpt>
      <trkpt lat="38.817974" lon="121.14726">
        <ele>51.587254</ele>
        <time>2014-05-29T09:49:55.658000Z</time>
      </trkpt>
      <trkpt lat="38.817883" lon="121.147255">
        <ele>50.743706</ele>
        <time>2014-05-29T09:49:58.969000Z</time>
      </trkpt>
      <trkpt lat="38.817783" lon="121.14725">
        <ele>50.07691</ele>
        <time>2014-05-29T09:50:02.280000Z</time>
      </trkpt>
      <trkpt lat="38.817688" lon="121.14724">
        <ele>50.215385</ele>
        <time>2014-05-29T09:50:05.591000Z</time>
      </trkpt>
      <trkpt lat="38.817577" lon="121.147224">
        <ele>50.405796</ele>
        <time>2014-05-29T09:50:08.902000Z</time>
      </trkpt>
      <trkpt lat="38.81748" lon="121.14724">
        <ele>49.725796</ele>
        <time>2014-05-29T09:50:12.213000Z</time>
      </trkpt>
      <trkpt lat="38.81738" lon="121.14729">
        <ele>48.22219</ele>
        <time>2014-05-29T09:50:15.524000Z</time>
      </trkpt>
      <trkpt lat="38.817295" lon="121.14739">
        <ele>46.60633</ele>
        <time>2014-05-29T09:50:18.835000Z</time>
      </trkpt>
      <trkpt lat="38.817234" lon="121.14749">
        <ele>45.777565</ele>
        <time>2014-05-29T09:50:22.146000Z</time>
      </trkpt>
      <trkpt lat="38.81719" lon="121.14761">
        <ele>46.180786</ele>
        <time>2014-05-29T09:50:25.457000Z</time>
      </trkpt>
      <trkpt lat="38.81716" lon="121.14774">
        <ele>47.27504</ele>
        <time>2014-05-29T09:50:28.768000Z</time>
      </trkpt>
      <trkpt lat="38.817165" lon="121.14786">
        <ele>48.21988</ele>
        <time>2014-05-29T09:50:32.079000Z</time>
      </trkpt>
      <trkpt lat="38.817196" lon="121.148">
        <ele>48.66161</ele>
        <time>2014-05-29T09:50:35.390000Z</time>
      </trkpt>
      <trkpt lat="38.817245" lon="121.14811">
        <ele>48.88204</ele>
        <time>2014-05-29T09:50:38.701000Z</time>
      </trkpt>
      <trkpt lat="38.817318" lon="121.14821">
        <ele>49.213654</ele>
        <time>2014-05-29T09:50:42.012000Z</time>
      </trkpt>
      <trkpt lat="38.81741" lon="121.14827">
        <ele>49.557682</ele>
        <time>2014-05-29T09:50:45.323000Z</time>
      </trkpt>
      <trkpt lat="38.817497" lon="121.14831">
        <ele>49.74428</ele>
        <time>2014-05-29T09:50:48.634000Z</time>
      </trkpt>
      <trkpt lat="38.8176" lon="121.14832">
        <ele>49.893173</ele>
        <time>2014-05-29T09:50:51.945000Z</time>
      </trkpt>
      <trkpt lat="38.817722" lon="121.14832">
        <ele>50.02988</ele>
        <time>2014-05-29T09:50:55.256000Z</time>
      </trkpt>
      <trkpt lat="38.817814" lon="121.14832">
        <ele>50.009853</ele>
        <time>2014-05-29T09:50:58.567000Z</time>
      </trkpt>
      <trkpt lat="38.81792" lon="121.14833">
        <ele>49.84463</ele>
        <time>2014-05-29T09:51:01.878000Z</time>
      </trkpt>
      <trkpt lat="38.818012" lon="121.14833">
        <ele>49.701218</ele>
        <time>2014-05-29T09:51:05.189000Z</time>
      </trkpt>
      <trkpt lat="38.818108" lon="121.14833">
        <ele>49.58591</ele>
        <time>2014-05-29T09:51:08.500000Z</time>
      </trkpt>
      <trkpt lat="38.818203" lon="121.14833">
        <ele>49.345844</ele>
        <time>2014-05-29T09:51:11.811000Z</time>
      </trkpt>
      <trkpt lat="38.8183" lon="121.14833">
        <ele>48.880127</ele>
        <time>2014-05-29T09:51:15.122000Z</time>
      </trkpt>
      <trkpt lat="38.81841" lon="121.14834">
        <ele>48.427647</ele>
        <time>2014-05-29T09:51:18.433000Z</time>
      </trkpt>
      <trkpt lat="38.818527" lon="121.14829">
        <ele>48.316715</ele>
        <time>2014-05-29T09:51:21.744000Z</time>
      </trkpt>
      <trkpt lat="38.81861" lon="121.14822">
        <ele>48.537</ele>
        <time>2014-05-29T09:51:25.055000Z</time>
      </trkpt>
      <trkpt lat="38.81868" lon="121.1481">
        <ele>48.97659</ele>
        <time>2014-05-29T09:51:28.366000Z</time>
      </trkpt>
      <trkpt lat="38.818718" lon="121.14798">
        <ele>49.620724</ele>
        <time>2014-05-29T09:51:31.677000Z</time>
      </trkpt>
      <trkpt lat="38.818737" lon="121.14786">
        <ele>50.404045</ele>
        <time>2014-05-29T09:51:34.988000Z</time>
      </trkpt>
      <trkpt lat="38.81873" lon="121.14771">
        <ele>51.436455</ele>
        <time>2014-05-29T09:51:38.299000Z</time>
      </trkpt>
      <trkpt lat="38.8187" lon="121.14759">
        <ele>52.657894</ele>
        <time>2014-05-29T09:51:41.610000Z</time>
      </trkpt>
      <trkpt lat="38.818653" lon="121.147484">
        <ele>53.487617</ele>
        <time>2014-05-29T09:51:44.921000Z</time>
      </trkpt>
      <trkpt lat="38.818573" lon="121.147385">
        <ele>53.617058</ele>
        <time>2014-05-29T09:51:48.232000Z</time>
      </trkpt>
      <trkpt lat="38.81848" lon="121.14733">
        <ele>53.398922</ele>
        <time>2014-05-29T09:51:51.543000Z</time>
      </trkpt>
      <trkpt lat="38.81839" lon="121.14729">
        <ele>53.063442</ele>
        <time>2014-05-29T09:51:54.854000Z</time>
      </trkpt>
      <trkpt lat="38.818275" lon="121.14728">
        <ele>52.544632</ele>
        <time>2014-05-29T09:51:58.165000Z</time>
      </trkpt>
      <trkpt lat="38.81816" lon="121.14727">
        <ele>51.968445</ele>
        <time>2014-05-29T09:52:01.476000Z</time>
      </trkpt>
      <trkpt lat="38.818073" lon="121.14726">
        <ele>51.615967</ele>
        <time>2014-05-29T09:52:04.787000Z</time>
      </trkpt>
      <trkpt lat="38.817978" lon="121.14723">
        <ele>51.537983</ele>
        <time>2014-05-29T09:52:08.098000Z</time>
      </trkpt>
      <trkpt lat="38.81787" lon="121.14723">
        <ele>51.482414</ele>
        <time>2014-05-29T09:52:11.409000Z</time>
      </trkpt>
      <trkpt lat="38.81776" lon="121.14723">
        <ele>51.074936</ele>
        <time>2014-05-29T09:52:14.720000Z</time>
      </trkpt>
      <trkpt lat="38.81766" lon="121.14723">
        <ele>50.332558</ele>
        <time>2014-05-29T09:52:18.031000Z</time>
      </trkpt>
      <trkpt lat="38.817566" lon="121.14723">
        <ele>49.91765</ele>
        <time>2014-05-29T09:52:21.342000Z</time>
      </trkpt>
      <trkpt lat="38.817455" lon="121.147255">
        <ele>50.265152</ele>
        <time>2014-05-29T09:52:24.653000Z</time>
      </trkpt>
      <trkpt lat="38.81736" lon="121.14732">
        <ele>50.903835</ele>
        <time>2014-05-29T09:52:27.964000Z</time>
      </trkpt>
      <trkpt lat="38.817284" lon="121.1474">
        <ele>51.167778</ele>
        <time>2014-05-29T09:52:31.275000Z</time>
      </trkpt>
      <trkpt lat="38.81722" lon="121.147514">
        <ele>50.999073</ele>
        <time>2014-05-29T09:52:34.586000Z</time>
      </trkpt>
      <trkpt lat="38.817173" lon="121.14764">
        <ele>50.675697</ele>
        <time>2014-05-29T09:52:37.897000Z</time>
      </trkpt>
      <trkpt lat="38.81716" lon="121.14775">
        <ele>50.53671</ele>
        <time>2014-05-29T09:52:41.208000Z</time>
      </trkpt>
      <trkpt lat="38.817173" lon="121.1479">
        <ele>50.63408</ele>
        <time>2014-05-29T09:52:44.519000Z</time>
      </trkpt>
      <trkpt lat="38.817207" lon="121.14803">
        <ele>50.753258</ele>
        <time>2014-05-29T09:52:47.830000Z</time>
      </trkpt>
      <trkpt lat="38.817276" lon="121.148155">
        <ele>50.836147</ele>
        <time>2014-05-29T09:52:51.141000Z</time>
      </trkpt>
      <trkpt lat="38.81736" lon="121.14823">
        <ele>50.96655</ele>
        <time>2014-05-29T09:52:54.452000Z</time>
      </trkpt>
      <trkpt lat="38.817448" lon="121.148285">
        <ele>51.090122</ele>
        <time>2014-05-29T09:52:57.763000Z</time>
      </trkpt>
      <trkpt lat="38.817535" lon="121.14831">
        <ele>51.293037</ele>
        <time>2014-05-29T09:53:01.074000Z</time>
      </trkpt>
      <trkpt lat="38.81763" lon="121.148315">
        <ele>51.65858</ele>
        <time>2014-05-29T09:53:04.385000Z</time>
      </trkpt>
      <trkpt lat="38.817722" lon="121.14831">
        <ele>52.042023</ele>
        <time>2014-05-29T09:53:07.696000Z</time>
      </trkpt>
      <trkpt lat="38.817818" lon="121.14831">
        <ele>51.720585</ele>
        <time>2014-05-29T09:53:11.007000Z</time>
      </trkpt>
      <trkpt lat="38.817917" lon="121.14831">
        <ele>50.387142</ele>
        <time>2014-05-29T09:53:14.318000Z</time>
      </trkpt>
      <trkpt lat="38.81801" lon="121.148315">
        <ele>49.38028</ele>
        <time>2014-05-29T09:53:17.629000Z</time>
      </trkpt>
      <trkpt lat="38.818104" lon="121.148315">
        <ele>49.830173</ele>
        <time>2014-05-29T09:53:20.940000Z</time>
      </trkpt>
      <trkpt lat="38.818207" lon="121.148315">
        <ele>51.140812</ele>
        <time>2014-05-29T09:53:24.251000Z</time>
      </trkpt>
      <trkpt lat="38.818317" lon="121.148315">
        <ele>52.24145</ele>
        <time>2014-05-29T09:53:27.562000Z</time>
      </trkpt>
      <trkpt lat="38.818428" lon="121.148315">
        <ele>52.762554</ele>
        <time>2014-05-29T09:53:30.873000Z</time>
      </trkpt>
      <trkpt lat="38.818527" lon="121.148285">
        <ele>52.816044</ele>
        <time>2014-05-29T09:53:34.184000Z</time>
      </trkpt>
      <trkpt lat="38.818615" lon="121.1482">
        <ele>52.479603</ele>
        <time>2014-05-29T09:53:37.495000Z</time>
      </trkpt>
      <trkpt lat="38.818684" lon="121.14809">
        <ele>51.87582</ele>
        <time>2014-05-29T09:53:40.806000Z</time>
      </trkpt>
      <trkpt lat="38.818726" lon="121.147964">
        <ele>51.28616</ele>
        <time>2014-05-29T09:53:44.117000Z</time>
      </trkpt>
      <trkpt lat="38.818745" lon="121.14782">
        <ele>50.854248</ele>
        <time>2014-05-29T09:53:47.428000Z</time>
      </trkpt>
      <trkpt lat="38.818737" lon="121.14768">
        <ele>50.679237</ele>
        <time>2014-05-29T09:53:50.739000Z</time>
      </trkpt>
      <trkpt lat="38.818703" lon="121.147575">
        <ele>50.663788</ele>
        <time>2014-05-29T09:53:54.050000Z</time>
      </trkpt>
      <trkpt lat="38.818645" lon="121.14747">
        <ele>50.651768</ele>
        <time>2014-05-29T09:53:57.361000Z</time>
      </trkpt>
      <trkpt lat="38.818577" lon="121.14739">
        <ele>50.690514</ele>
        <time>2014-05-29T09:54:00.672000Z</time>
      </trkpt>
      <trkpt lat="38.81849" lon="121.14733">
        <ele>50.89184</ele>
        <time>2014-05-29T09:54:03.983000Z</time>
      </trkpt>
      <trkpt lat="38.818394" lon="121.147285">
        <ele>51.15094</ele>
        <time>2014-05-29T09:54:07.294000Z</time>
      </trkpt>
      <trkpt lat="38.818302" lon="121.14728">
        <ele>51.294373</ele>
        <time>2014-05-29T09:54:10.605000Z</time>
      </trkpt>
      <trkpt lat="38.81818" lon="121.14728">
        <ele>51.057114</ele>
        <time>2014-05-29T09:54:13.916000Z</time>
      </trkpt>
      <trkpt lat="38.818058" lon="121.14726">
        <ele>50.479607</ele>
        <time>2014-05-29T09:54:17.227000Z</time>
      </trkpt>
      <trkpt lat="38.817963" lon="121.147255">
        <ele>50.109867</ele>
        <time>2014-05-29T09:54:20.538000Z</time>
      </trkpt>
      <trkpt lat="38.817844" lon="121.147255">
        <ele>50.174767</ele>
        <time>2014-05-29T09:54:23.849000Z</time>
      </trkpt>
      <trkpt lat="38.817734" lon="121.14725">
        <ele>50.438015</ele>
        <time>2014-05-29T09:54:27.160000Z</time>
      </trkpt>
      <trkpt lat="38.817642" lon="121.14724">
        <ele>50.66188</ele>
        <time>2014-05-29T09:54:30.471000Z</time>
      </trkpt>
      <trkpt lat="38.817543" lon="121.14723">
        <ele>50.596478</ele>
        <time>2014-05-29T09:54:33.782000Z</time>
      </trkpt>
      <trkpt lat="38.817455" lon="121.14726">
        <ele>50.37089</ele>
        <time>2014-05-29T09:54:37.093000Z</time>
      </trkpt>
      <trkpt lat="38.817352" lon="121.14734">
        <ele>50.24423</ele>
        <time>2014-05-29T09:54:40.404000Z</time>
      </trkpt>
      <trkpt lat="38.81727" lon="121.14743">
        <ele>49.927647</ele>
        <time>2014-05-29T09:54:43.715000Z</time>
      </trkpt>
      <trkpt lat="38.817204" lon="121.147545">
        <ele>49.196552</ele>
        <time>2014-05-29T09:54:47.026000Z</time>
      </trkpt>
      <trkpt lat="38.81716" lon="121.14769">
        <ele>48.60594</ele>
        <time>2014-05-29T09:54:50.337000Z</time>
      </trkpt>
      <trkpt lat="38.81716" lon="121.14781">
        <ele>48.742928</ele>
        <time>2014-05-29T09:54:53.648000Z</time>
      </trkpt>
      <trkpt lat="38.817177" lon="121.14793">
        <ele>49.28433</ele>
        <time>2014-05-29T09:54:56.959000Z</time>
      </trkpt>
      <trkpt lat="38.817223" lon="121.14807">
        <ele>49.70083</ele>
        <time>2014-05-29T09:55:00.270000Z</time>
      </trkpt>
      <trkpt lat="38.817287" lon="121.14818">
        <ele>50.257942</ele>
        <time>2014-05-29T09:55:03.581000Z</time>
      </trkpt>
      <trkpt lat="38.817394" lon="121.148254">
        <ele>51.26999</ele>
        <time>2014-05-29T09:55:06.892000Z</time>
      </trkpt>
      <trkpt lat="38.8175" lon="121.1483">
        <ele>52.17763</ele>
        <time>2014-05-29T09:55:10.203000Z</time>
      </trkpt>
      <trkpt lat="38.817604" lon="121.1483">
        <ele>52.358707</ele>
        <time>2014-05-29T09:55:13.514000Z</time>
      </trkpt>
      <trkpt lat="38.817707" lon="121.14829">
        <ele>52.08633</ele>
        <time>2014-05-29T09:55:16.825000Z</time>
      </trkpt>
      <trkpt lat="38.81781" lon="121.14829">
        <ele>52.14069</ele>
        <time>2014-05-29T09:55:20.136000Z</time>
      </trkpt>
      <trkpt lat="38.817913" lon="121.1483">
        <ele>52.77022</ele>
        <time>2014-05-29T09:55:23.447000Z</time>
      </trkpt>
      <trkpt lat="38.81803" lon="121.14831">
        <ele>53.398163</ele>
        <time>2014-05-29T09:55:26.758000Z</time>
      </trkpt>
      <trkpt lat="38.818142" lon="121.14832">
        <ele>53.606575</ele>
        <time>2014-05-29T09:55:30.069000Z</time>
      </trkpt>
      <trkpt lat="38.81824" lon="121.14833">
        <ele>53.276783</ele>
        <time>2014-05-29T09:55:33.380000Z</time>
      </trkpt>
      <trkpt lat="38.81834" lon="121.14834">
        <ele>52.404037</ele>
        <time>2014-05-29T09:55:36.691000Z</time>
      </trkpt>
      <trkpt lat="38.81844" lon="121.14832">
        <ele>51.29834</ele>
        <time>2014-05-29T09:55:40.002000Z</time>
      </trkpt>
      <trkpt lat="38.81855" lon="121.14828">
        <ele>50.314613</ele>
        <time>2014-05-29T09:55:43.313000Z</time>
      </trkpt>
      <trkpt lat="38.81863" lon="121.148186">
        <ele>49.56494</ele>
        <time>2014-05-29T09:55:46.624000Z</time>
      </trkpt>
      <trkpt lat="38.818684" lon="121.14808">
        <ele>49.106606</ele>
        <time>2014-05-29T09:55:49.935000Z</time>
      </trkpt>
      <trkpt lat="38.81872" lon="121.147964">
        <ele>49.241074</ele>
        <time>2014-05-29T09:55:53.246000Z</time>
      </trkpt>
      <trkpt lat="38.81874" lon="121.14785">
        <ele>50.06545</ele>
        <time>2014-05-29T09:55:56.557000Z</time>
      </trkpt>
      <trkpt lat="38.818733" lon="121.14771">
        <ele>50.95874</ele>
        <time>2014-05-29T09:55:59.868000Z</time>
      </trkpt>
      <trkpt lat="38.818703" lon="121.147606">
        <ele>51.38036</ele>
        <time>2014-05-29T09:56:03.179000Z</time>
      </trkpt>
      <trkpt lat="38.81865" lon="121.147484">
        <ele>51.51678</ele>
        <time>2014-05-29T09:56:06.490000Z</time>
      </trkpt>
      <trkpt lat="38.81858" lon="121.14741">
        <ele>51.674767</ele>
        <time>2014-05-29T09:56:09.801000Z</time>
      </trkpt>
      <trkpt lat="38.818474" lon="121.14734">
        <ele>52.072132</ele>
        <time>2014-05-29T09:56:13.112000Z</time>
      </trkpt>
      <trkpt lat="38.818356" lon="121.14731">
        <ele>52.889084</ele>
        <time>2014-05-29T09:56:16.423000Z</time>
      </trkpt>
      <trkpt lat="38.818253" lon="121.14729">
        <ele>53.923244</ele>
        <time>2014-05-29T09:56:19.734000Z</time>
      </trkpt>
      <trkpt lat="38.818153" lon="121.147285">
        <ele>54.303776</ele>
        <time>2014-05-29T09:56:23.045000Z</time>
      </trkpt>
      <trkpt lat="38.818054" lon="121.14727">
        <ele>53.55388</ele>
        <time>2014-05-29T09:56:26.356000Z</time>
      </trkpt>
      <trkpt lat="38.817963" lon="121.14726">
        <ele>52.056816</ele>
        <time>2014-05-29T09:56:29.667000Z</time>
      </trkpt>
      <trkpt lat="38.81786" lon="121.147255">
        <ele>50.49545</ele>
        <time>2014-05-29T09:56:32.978000Z</time>
      </trkpt>
      <trkpt lat="38.81776" lon="121.14725">
        <ele>49.758827</ele>
        <time>2014-05-29T09:56:36.289000Z</time>
      </trkpt>
      <trkpt lat="38.817657" lon="121.14725">
        <ele>50.40058</ele>
        <time>2014-05-29T09:56:39.600000Z</time>
      </trkpt>
      <trkpt lat="38.81756" lon="121.14725">
        <ele>51.661316</ele>
        <time>2014-05-29T09:56:42.911000Z</time>
      </trkpt>
      <trkpt lat="38.817448" lon="121.14728">
        <ele>52.47488</ele>
        <time>2014-05-29T09:56:46.222000Z</time>
      </trkpt>
      <trkpt lat="38.817356" lon="121.14733">
        <ele>52.65797</ele>
        <time>2014-05-29T09:56:49.533000Z</time>
      </trkpt>
      <trkpt lat="38.817276" lon="121.147415">
        <ele>52.376575</ele>
        <time>2014-05-29T09:56:52.844000Z</time>
      </trkpt>
      <trkpt lat="38.81722" lon="121.147514">
        <ele>51.706097</ele>
        <time>2014-05-29T09:56:56.155000Z</time>
      </trkpt>
      <trkpt lat="38.81718" lon="121.14763">
        <ele>50.48638</ele>
        <time>2014-05-29T09:56:59.466000Z</time>
      </trkpt>
      <trkpt lat="38.817165" lon="121.1478">
        <ele>49.108925</ele>
        <time>2014-05-29T09:57:02.777000Z</time>
      </trkpt>
      <trkpt lat="38.817177" lon="121.14793">
        <ele>48.463467</ele>
        <time>2014-05-29T09:57:06.088000Z</time>
      </trkpt>
      <trkpt lat="38.81722" lon="121.148056">
        <ele>48.56812</ele>
        <time>2014-05-29T09:57:09.399000Z</time>
      </trkpt>
      <trkpt lat="38.817276" lon="121.148155">
        <ele>48.644512</ele>
        <time>2014-05-29T09:57:12.710000Z</time>
      </trkpt>
      <trkpt lat="38.81736" lon="121.148254">
        <ele>48.446022</ele>
        <time>2014-05-29T09:57:16.021000Z</time>
      </trkpt>
      <trkpt lat="38.817455" lon="121.1483">
        <ele>48.134464</ele>
        <time>2014-05-29T09:57:19.332000Z</time>
      </trkpt>
      <trkpt lat="38.817562" lon="121.148315">
        <ele>48.308964</ele>
        <time>2014-05-29T09:57:22.643000Z</time>
      </trkpt>
      <trkpt lat="38.817665" lon="121.148315">
        <ele>49.23357</ele>
        <time>2014-05-29T09:57:25.954000Z</time>
      </trkpt>
      <trkpt lat="38.81777" lon="121.14831">
        <ele>50.267597</ele>
        <time>2014-05-29T09:57:29.265000Z</time>
      </trkpt>
      <trkpt lat="38.817867" lon="121.148315">
        <ele>50.74204</ele>
        <time>2014-05-29T09:57:32.576000Z</time>
      </trkpt>
      <trkpt lat="38.81797" lon="121.14833">
        <ele>50.745758</ele>
        <time>2014-05-29T09:57:35.887000Z</time>
      </trkpt>
      <trkpt lat="38.81807" lon="121.14834">
        <ele>50.74809</ele>
        <time>2014-05-29T09:57:39.198000Z</time>
      </trkpt>
      <trkpt lat="38.818184" lon="121.14834">
        <ele>51.030766</ele>
        <time>2014-05-29T09:57:42.509000Z</time>
      </trkpt>
      <trkpt lat="38.818287" lon="121.14833">
        <ele>51.394882</ele>
        <time>2014-05-29T09:57:45.820000Z</time>
      </trkpt>
      <trkpt lat="38.818394" lon="121.148315">
        <ele>51.75883</ele>
        <time>2014-05-29T09:57:49.131000Z</time>
      </trkpt>
      <trkpt lat="38.81849" lon="121.14828">
        <ele>52.24498</ele>
        <time>2014-05-29T09:57:52.442000Z</time>
      </trkpt>
      <trkpt lat="38.818592" lon="121.1482">
        <ele>52.57397</ele>
        <time>2014-05-29T09:57:55.753000Z</time>
      </trkpt>
      <trkpt lat="38.81866" lon="121.148094">
        <ele>52.49098</ele>
        <time>2014-05-29T09:57:59.064000Z</time>
      </trkpt>
      <trkpt lat="38.81871" lon="121.14799">
        <ele>52.23127</ele>
        <time>2014-05-29T09:58:02.375000Z</time>
      </trkpt>
      <trkpt lat="38.818737" lon="121.147865">
        <ele>52.087353</ele>
        <time>2014-05-29T09:58:05.686000Z</time>
      </trkpt>
      <trkpt lat="38.818733" lon="121.14774">
        <ele>52.104507</ele>
        <time>2014-05-29T09:58:08.997000Z</time>
      </trkpt>
      <trkpt lat="38.8187" lon="121.147606">
        <ele>52.301296</ele>
        <time>2014-05-29T09:58:12.308000Z</time>
      </trkpt>
      <trkpt lat="38.818623" lon="121.14746">
        <ele>52.657715</ele>
        <time>2014-05-29T09:58:15.619000Z</time>
      </trkpt>
      <trkpt lat="38.81854" lon="121.14737">
        <ele>53.04021</ele>
        <time>2014-05-29T09:58:18.930000Z</time>
      </trkpt>
      <trkpt lat="38.818443" lon="121.147316">
        <ele>52.96439</ele>
        <time>2014-05-29T09:58:22.241000Z</time>
      </trkpt>
      <trkpt lat="38.818348" lon="121.147285">
        <ele>52.178467</ele>
        <time>2014-05-29T09:58:25.552000Z</time>
      </trkpt>
      <trkpt lat="38.81825" lon="121.14727">
        <ele>51.10393</ele>
        <time>2014-05-29T09:58:28.863000Z</time>
      </trkpt>
      <trkpt lat="38.818146" lon="121.14726">
        <ele>50.087246</ele>
        <time>2014-05-29T09:58:32.174000Z</time>
      </trkpt>
      <trkpt lat="38.818047" lon="121.147255">
        <ele>49.037563</ele>
        <time>2014-05-29T09:58:35.485000Z</time>
      </trkpt>
      <trkpt lat="38.81793" lon="121.147255">
        <ele>47.92278</ele>
        <time>2014-05-29T09:58:38.796000Z</time>
      </trkpt>
      <trkpt lat="38.817837" lon="121.14725">
        <ele>46.883587</ele>
        <time>2014-05-29T09:58:42.107000Z</time>
      </trkpt>
      <trkpt lat="38.81774" lon="121.14725">
        <ele>46.221092</ele>
        <time>2014-05-29T09:58:45.418000Z</time>
      </trkpt>
      <trkpt lat="38.817646" lon="121.14723">
        <ele>46.1783</ele>
        <time>2014-05-29T09:58:48.729000Z</time>
      </trkpt>
      <trkpt lat="38.81755" lon="121.14723">
        <ele>46.88588</ele>
        <time>2014-05-29T09:58:52.040000Z</time>
      </trkpt>
      <trkpt lat="38.81746" lon="121.14726">
        <ele>47.80762</ele>
        <time>2014-05-29T09:58:55.351000Z</time>
      </trkpt>
      <trkpt lat="38.81735" lon="121.14733">
        <ele>48.351112</ele>
        <time>2014-05-29T09:58:58.662000Z</time>
      </trkpt>
      <trkpt lat="38.817257" lon="121.14742">
        <ele>48.73196</ele>
        <time>2014-05-29T09:59:01.973000Z</time>
      </trkpt>
      <trkpt lat="38.817192" lon="121.14755">
        <ele>49.125286</ele>
        <time>2014-05-29T09:59:05.284000Z</time>
      </trkpt>
      <trkpt lat="38.81715" lon="121.147705">
        <ele>49.602848</ele>
        <time>2014-05-29T09:59:08.595000Z</time>
      </trkpt>
      <trkpt lat="38.817146" lon="121.14784">
        <ele>50.382023</ele>
        <time>2014-05-29T09:59:11.906000Z</time>
      </trkpt>
      <trkpt lat="38.81716" lon="121.14798">
        <ele>50.914684</ele>
        <time>2014-05-29T09:59:15.217000Z</time>
      </trkpt>
      <trkpt lat="38.8172" lon="121.14809">
        <ele>50.585938</ele>
        <time>2014-05-29T09:59:18.528000Z</time>
      </trkpt>
      <trkpt lat="38.817265" lon="121.14817">
        <ele>49.68983</ele>
        <time>2014-05-29T09:59:21.839000Z</time>
      </trkpt>
      <trkpt lat="38.81735" lon="121.14825">
        <ele>48.8397</ele>
        <time>2014-05-29T09:59:25.150000Z</time>
      </trkpt>
      <trkpt lat="38.81746" lon="121.1483">
        <ele>48.195347</ele>
        <time>2014-05-29T09:59:28.461000Z</time>
      </trkpt>
      <trkpt lat="38.817566" lon="121.148315">
        <ele>47.488087</ele>
        <time>2014-05-29T09:59:31.772000Z</time>
      </trkpt>
      <trkpt lat="38.81767" lon="121.14831">
        <ele>46.858166</ele>
        <time>2014-05-29T09:59:35.083000Z</time>
      </trkpt>
      <trkpt lat="38.81776" lon="121.14831">
        <ele>47.305027</ele>
        <time>2014-05-29T09:59:38.394000Z</time>
      </trkpt>
      <trkpt lat="38.81786" lon="121.14831">
        <ele>49.04127</ele>
        <time>2014-05-29T09:59:41.705000Z</time>
      </trkpt>
      <trkpt lat="38.81795" lon="121.14831">
        <ele>50.774796</ele>
        <time>2014-05-29T09:59:45.016000Z</time>
      </trkpt>
      <trkpt lat="38.818047" lon="121.148315">
        <ele>51.68872</ele>
        <time>2014-05-29T09:59:48.327000Z</time>
      </trkpt>
      <trkpt lat="38.81816" lon="121.14832">
        <ele>52.076694</ele>
        <time>2014-05-29T09:59:51.638000Z</time>
      </trkpt>
      <trkpt lat="38.818264" lon="121.14833">
        <ele>52.17294</ele>
        <time>2014-05-29T09:59:54.949000Z</time>
      </trkpt>
      <trkpt lat="38.818356" lon="121.14833">
        <ele>52.06035</ele>
        <time>2014-05-29T09:59:58.260000Z</time>
      </trkpt>
      <trkpt lat="38.818478" lon="121.1483">
        <ele>51.90809</ele>
        <time>2014-05-29T10:00:01.571000Z</time>
      </trkpt>
      <trkpt lat="38.818573" lon="121.14824">
        <ele>51.89125</ele>
        <time>2014-05-29T10:00:04.882000Z</time>
      </trkpt>
      <trkpt lat="38.818653" lon="121.14815">
        <ele>51.903694</ele>
        <time>2014-05-29T10:00:08.193000Z</time>
      </trkpt>
      <trkpt lat="38.818703" lon="121.14805">
        <ele>51.598465</ele>
        <time>2014-05-29T10:00:11.504000Z</time>
      </trkpt>
      <trkpt lat="38.818737" lon="121.14793">
        <ele>50.992096</ele>
        <time>2014-05-29T10:00:14.815000Z</time>
      </trkpt>
      <trkpt lat="38.81875" lon="121.14779">
        <ele>50.560757</ele>
        <time>2014-05-29T10:00:18.126000Z</time>
      </trkpt>
      <trkpt lat="38.818733" lon="121.14765">
        <ele>50.617405</ele>
        <time>2014-05-29T10:00:21.437000Z</time>
      </trkpt>
      <trkpt lat="38.81869" lon="121.147545">
        <ele>51.054577</ele>
        <time>2014-05-29T10:00:24.748000Z</time>
      </trkpt>
      <trkpt lat="38.81861" lon="121.147415">
        <ele>51.533104</ele>
        <time>2014-05-29T10:00:28.059000Z</time>
      </trkpt>
      <trkpt lat="38.818527" lon="121.147354">
        <ele>51.934845</ele>
        <time>2014-05-29T10:00:31.370000Z</time>
      </trkpt>
      <trkpt lat="38.818428" lon="121.14731">
        <ele>52.387356</ele>
        <time>2014-05-29T10:00:34.681000Z</time>
      </trkpt>
      <trkpt lat="38.81832" lon="121.14728">
        <ele>52.839005</ele>
        <time>2014-05-29T10:00:37.992000Z</time>
      </trkpt>
      <trkpt lat="38.818203" lon="121.147255">
        <ele>53.025806</ele>
        <time>2014-05-29T10:00:41.303000Z</time>
      </trkpt>
      <trkpt lat="38.8181" lon="121.147255">
        <ele>52.859467</ele>
        <time>2014-05-29T10:00:44.614000Z</time>
      </trkpt>
      <trkpt lat="38.81799" lon="121.147255">
        <ele>52.540913</ele>
        <time>2014-05-29T10:00:47.925000Z</time>
      </trkpt>
      <trkpt lat="38.81788" lon="121.14726">
        <ele>52.31517</ele>
        <time>2014-05-29T10:00:51.236000Z</time>
      </trkpt>
      <trkpt lat="38.81777" lon="121.14724">
        <ele>52.53088</ele>
        <time>2014-05-29T10:00:54.547000Z</time>
      </trkpt>
      <trkpt lat="38.81767" lon="121.14723">
        <ele>53.443092</ele>
        <time>2014-05-29T10:00:57.858000Z</time>
      </trkpt>
      <trkpt lat="38.817566" lon="121.147224">
        <ele>54.68535</ele>
        <time>2014-05-29T10:01:01.169000Z</time>
      </trkpt>
      <trkpt lat="38.817455" lon="121.14723">
        <ele>55.55404</ele>
        <time>2014-05-29T10:01:04.480000Z</time>
      </trkpt>
      <trkpt lat="38.817356" lon="121.14729">
        <ele>55.360188</ele>
        <time>2014-05-29T10:01:07.791000Z</time>
      </trkpt>
      <trkpt lat="38.81727" lon="121.14739">
        <ele>53.88423</ele>
        <time>2014-05-29T10:01:11.102000Z</time>
      </trkpt>
      <trkpt lat="38.8172" lon="121.147514">
        <ele>52.00901</ele>
        <time>2014-05-29T10:01:14.413000Z</time>
      </trkpt>
      <trkpt lat="38.817165" lon="121.147644">
        <ele>50.878708</ele>
        <time>2014-05-29T10:01:17.724000Z</time>
      </trkpt>
      <trkpt lat="38.817146" lon="121.14777">
        <ele>50.780212</ele>
        <time>2014-05-29T10:01:21.035000Z</time>
      </trkpt>
      <trkpt lat="38.81715" lon="121.14792">
        <ele>51.175354</ele>
        <time>2014-05-29T10:01:24.346000Z</time>
      </trkpt>
      <trkpt lat="38.817184" lon="121.148056">
        <ele>51.51466</ele>
        <time>2014-05-29T10:01:27.657000Z</time>
      </trkpt>
      <trkpt lat="38.81724" lon="121.148155">
        <ele>51.53993</ele>
        <time>2014-05-29T10:01:30.968000Z</time>
      </trkpt>
      <trkpt lat="38.817314" lon="121.14824">
        <ele>51.18949</ele>
        <time>2014-05-29T10:01:34.279000Z</time>
      </trkpt>
      <trkpt lat="38.817417" lon="121.14831">
        <ele>50.71988</ele>
        <time>2014-05-29T10:01:37.590000Z</time>
      </trkpt>
      <trkpt lat="38.817516" lon="121.14834">
        <ele>50.256626</ele>
        <time>2014-05-29T10:01:40.901000Z</time>
      </trkpt>
      <trkpt lat="38.817616" lon="121.14833">
        <ele>49.87336</ele>
        <time>2014-05-29T10:01:44.212000Z</time>
      </trkpt>
      <trkpt lat="38.817738" lon="121.14832">
        <ele>49.755753</ele>
        <time>2014-05-29T10:01:47.523000Z</time>
      </trkpt>
      <trkpt lat="38.81785" lon="121.14833">
        <ele>49.70129</ele>
        <time>2014-05-29T10:01:50.834000Z</time>
      </trkpt>
      <trkpt lat="38.817966" lon="121.14833">
        <ele>49.392094</ele>
        <time>2014-05-29T10:01:54.145000Z</time>
      </trkpt>
      <trkpt lat="38.818058" lon="121.14833">
        <ele>48.74608</ele>
        <time>2014-05-29T10:01:57.456000Z</time>
      </trkpt>
      <trkpt lat="38.818176" lon="121.14834">
        <ele>48.065033</ele>
        <time>2014-05-29T10:02:00.767000Z</time>
      </trkpt>
      <trkpt lat="38.818275" lon="121.148346">
        <ele>48.247772</ele>
        <time>2014-05-29T10:02:04.078000Z</time>
      </trkpt>
      <trkpt lat="38.81837" lon="121.14834">
        <ele>49.674088</ele>
        <time>2014-05-29T10:02:07.389000Z</time>
      </trkpt>
      <trkpt lat="38.818474" lon="121.14831">
        <ele>51.564854</ele>
        <time>2014-05-29T10:02:10.700000Z</time>
      </trkpt>
      <trkpt lat="38.818565" lon="121.14823">
        <ele>53.153954</ele>
        <time>2014-05-29T10:02:14.011000Z</time>
      </trkpt>
      <trkpt lat="38.818645" lon="121.14814">
        <ele>54.304104</ele>
        <time>2014-05-29T10:02:17.322000Z</time>
      </trkpt>
      <trkpt lat="38.818707" lon="121.14803">
        <ele>54.90959</ele>
        <time>2014-05-29T10:02:20.633000Z</time>
      </trkpt>
      <trkpt lat="38.81874" lon="121.1479">
        <ele>54.7671</ele>
        <time>2014-05-29T10:02:23.944000Z</time>
      </trkpt>
      <trkpt lat="38.818752" lon="121.14778">
        <ele>54.00037</ele>
        <time>2014-05-29T10:02:27.255000Z</time>
      </trkpt>
      <trkpt lat="38.81873" lon="121.14762">
        <ele>52.927494</ele>
        <time>2014-05-29T10:02:30.566000Z</time>
      </trkpt>
      <trkpt lat="38.818665" lon="121.147484">
        <ele>51.930405</ele>
        <time>2014-05-29T10:02:33.877000Z</time>
      </trkpt>
      <trkpt lat="38.81858" lon="121.14738">
        <ele>51.43113</ele>
        <time>2014-05-29T10:02:37.188000Z</time>
      </trkpt>
      <trkpt lat="38.81849" lon="121.147316">
        <ele>51.54415</ele>
        <time>2014-05-29T10:02:40.499000Z</time>
      </trkpt>
      <trkpt lat="38.818375" lon="121.14727">
        <ele>51.881714</ele>
        <time>2014-05-29T10:02:43.810000Z</time>
      </trkpt>
      <trkpt lat="38.81828" lon="121.147255">
        <ele>52.18828</ele>
        <time>2014-05-29T10:02:47.121000Z</time>
      </trkpt>
      <trkpt lat="38.81818" lon="121.14725">
        <ele>52.479977</ele>
        <time>2014-05-29T10:02:50.432000Z</time>
      </trkpt>
      <trkpt lat="38.81807" lon="121.14724">
        <ele>52.696907</ele>
        <time>2014-05-29T10:02:53.743000Z</time>
      </trkpt>
      <trkpt lat="38.81797" lon="121.14723">
        <ele>52.769417</ele>
        <time>2014-05-29T10:02:57.054000Z</time>
      </trkpt>
      <trkpt lat="38.81785" lon="121.14723">
        <ele>52.704845</ele>
        <time>2014-05-29T10:03:00.365000Z</time>
      </trkpt>
      <trkpt lat="38.817753" lon="121.14723">
        <ele>52.547768</ele>
        <time>2014-05-29T10:03:03.676000Z</time>
      </trkpt>
      <trkpt lat="38.817657" lon="121.14723">
        <ele>52.404675</ele>
        <time>2014-05-29T10:03:06.987000Z</time>
      </trkpt>
      <trkpt lat="38.81755" lon="121.14722">
        <ele>52.249535</ele>
        <time>2014-05-29T10:03:10.298000Z</time>
      </trkpt>
      <trkpt lat="38.817448" lon="121.14724">
        <ele>52.002663</ele>
        <time>2014-05-29T10:03:13.609000Z</time>
      </trkpt>
      <trkpt lat="38.817337" lon="121.1473">
        <ele>51.774986</ele>
        <time>2014-05-29T10:03:16.920000Z</time>
      </trkpt>
      <trkpt lat="38.817253" lon="121.1474">
        <ele>51.705135</ele>
        <time>2014-05-29T10:03:20.231000Z</time>
      </trkpt>
      <trkpt lat="38.817192" lon="121.14751">
        <ele>51.813507</ele>
        <time>2014-05-29T10:03:23.542000Z</time>
      </trkpt>
      <trkpt lat="38.81716" lon="121.147644">
        <ele>52.044415</ele>
        <time>2014-05-29T10:03:26.853000Z</time>
      </trkpt>
      <trkpt lat="38.817146" lon="121.14777">
        <ele>52.249832</ele>
        <time>2014-05-29T10:03:30.164000Z</time>
      </trkpt>
      <trkpt lat="38.81716" lon="121.14793">
        <ele>52.30231</ele>
        <time>2014-05-29T10:03:33.475000Z</time>
      </trkpt>
      <trkpt lat="38.817207" lon="121.14805">
        <ele>52.193417</ele>
        <time>2014-05-29T10:03:36.786000Z</time>
      </trkpt>
      <trkpt lat="38.817265" lon="121.14815">
        <ele>51.58911</ele>
        <time>2014-05-29T10:03:40.097000Z</time>
      </trkpt>
      <trkpt lat="38.817333" lon="121.14823">
        <ele>50.346146</ele>
        <time>2014-05-29T10:03:43.408000Z</time>
      </trkpt>
      <trkpt lat="38.81742" lon="121.148285">
        <ele>49.288616</ele>
        <time>2014-05-29T10:03:46.719000Z</time>
      </trkpt>
      <trkpt lat="38.81752" lon="121.1483">
        <ele>49.10317</ele>
        <time>2014-05-29T10:03:50.030000Z</time>
      </trkpt>
      <trkpt lat="38.817616" lon="121.14829">
        <ele>49.41849</ele>
        <time>2014-05-29T10:03:53.341000Z</time>
      </trkpt>
      <trkpt lat="38.81772" lon="121.14829">
        <ele>49.946667</ele>
        <time>2014-05-29T10:03:56.652000Z</time>
      </trkpt>
      <trkpt lat="38.81782" lon="121.1483">
        <ele>50.68271</ele>
        <time>2014-05-29T10:03:59.963000Z</time>
      </trkpt>
      <trkpt lat="38.817932" lon="121.148315">
        <ele>51.329216</ele>
        <time>2014-05-29T10:04:03.274000Z</time>
      </trkpt>
      <trkpt lat="38.81804" lon="121.14833">
        <ele>51.61487</ele>
        <time>2014-05-29T10:04:06.585000Z</time>
      </trkpt>
      <trkpt lat="38.818153" lon="121.14833">
        <ele>51.808712</ele>
        <time>2014-05-29T10:04:09.896000Z</time>
      </trkpt>
      <trkpt lat="38.818245" lon="121.14833">
        <ele>52.32512</ele>
        <time>2014-05-29T10:04:13.207000Z</time>
      </trkpt>
      <trkpt lat="38.818344" lon="121.14833">
        <ele>53.098614</ele>
        <time>2014-05-29T10:04:16.518000Z</time>
      </trkpt>
      <trkpt lat="38.818447" lon="121.14831">
        <ele>53.63125</ele>
        <time>2014-05-29T10:04:19.829000Z</time>
      </trkpt>
      <trkpt lat="38.818546" lon="121.14826">
        <ele>53.702473</ele>
        <time>2014-05-29T10:04:23.140000Z</time>
      </trkpt>
      <trkpt lat="38.81864" lon="121.14815">
        <ele>53.284878</ele>
        <time>2014-05-29T10:04:26.451000Z</time>
      </trkpt>
      <trkpt lat="38.8187" lon="121.14803">
        <ele>52.44942</ele>
        <time>2014-05-29T10:04:29.762000Z</time>
      </trkpt>
      <trkpt lat="38.81873" lon="121.14793">
        <ele>51.611</ele>
        <time>2014-05-29T10:04:33.073000Z</time>
      </trkpt>
      <trkpt lat="38.81874" lon="121.14778">
        <ele>51.027836</ele>
        <time>2014-05-29T10:04:36.384000Z</time>
      </trkpt>
      <trkpt lat="38.818718" lon="121.14765">
        <ele>50.581993</ele>
        <time>2014-05-29T10:04:39.695000Z</time>
      </trkpt>
      <trkpt lat="38.81868" lon="121.14754">
        <ele>50.180244</ele>
        <time>2014-05-29T10:04:43.006000Z</time>
      </trkpt>
      <trkpt lat="38.81861" lon="121.14743">
        <ele>49.75235</ele>
        <time>2014-05-29T10:04:46.317000Z</time>
      </trkpt>
      <trkpt lat="38.818527" lon="121.147354">
        <ele>49.3537</ele>
        <time>2014-05-29T10:04:49.628000Z</time>
      </trkpt>
      <trkpt lat="38.818424" lon="121.1473">
        <ele>49.15093</ele>
        <time>2014-05-29T10:04:52.939000Z</time>
      </trkpt>
      <trkpt lat="38.818314" lon="121.147285">
        <ele>49.619278</ele>
        <time>2014-05-29T10:04:56.250000Z</time>
      </trkpt>
      <trkpt lat="38.818203" lon="121.147285">
        <ele>50.938416</ele>
        <time>2014-05-29T10:04:59.561000Z</time>
      </trkpt>
      <trkpt lat="38.81808" lon="121.14727">
        <ele>52.12085</ele>
        <time>2014-05-29T10:05:02.872000Z</time>
      </trkpt>
      <trkpt lat="38.817974" lon="121.14726">
        <ele>51.695225</ele>
        <time>2014-05-29T10:05:06.183000Z</time>
      </trkpt>
      <trkpt lat="38.817886" lon="121.14726">
        <ele>49.70456</ele>
        <time>2014-05-29T10:05:09.494000Z</time>
      </trkpt>
      <trkpt lat="38.817772" lon="121.14726">
        <ele>47.836437</ele>
        <time>2014-05-29T10:05:12.805000Z</time>
      </trkpt>
      <trkpt lat="38.81766" lon="121.14725">
        <ele>47.549477</ele>
        <time>2014-05-29T10:05:16.116000Z</time>
      </trkpt>
      <trkpt lat="38.817547" lon="121.14724">
        <ele>48.911674</ele>
        <time>2014-05-29T10:05:19.427000Z</time>
      </trkpt>
      <trkpt lat="38.817448" lon="121.147255">
        <ele>50.956463</ele>
        <time>2014-05-29T10:05:22.738000Z</time>
      </trkpt>
      <trkpt lat="38.817356" lon="121.14732">
        <ele>52.42143</ele>
        <time>2014-05-29T10:05:26.049000Z</time>
      </trkpt>
      <trkpt lat="38.817276" lon="121.147415">
        <ele>52.86809</ele>
        <time>2014-05-29T10:05:29.360000Z</time>
      </trkpt>
      <trkpt lat="38.81721" lon="121.14754">
        <ele>52.696865</ele>
        <time>2014-05-29T10:05:32.671000Z</time>
      </trkpt>
      <trkpt lat="38.817177" lon="121.14765">
        <ele>52.279617</ele>
        <time>2014-05-29T10:05:35.982000Z</time>
      </trkpt>
      <trkpt lat="38.81715" lon="121.14777">
        <ele>51.872944</ele>
        <time>2014-05-29T10:05:39.293000Z</time>
      </trkpt>
      <trkpt lat="38.817154" lon="121.14791">
        <ele>51.69786</ele>
        <time>2014-05-29T10:05:42.604000Z</time>
      </trkpt>
      <trkpt lat="38.81718" lon="121.148026">
        <ele>51.74935</ele>
        <time>2014-05-29T10:05:45.915000Z</time>
      </trkpt>
      <trkpt lat="38.81725" lon="121.14814">
        <ele>51.882084</ele>
        <time>2014-05-29T10:05:49.226000Z</time>
      </trkpt>
      <trkpt lat="38.817318" lon="121.148224">
        <ele>51.677513</ele>
        <time>2014-05-29T10:05:52.537000Z</time>
      </trkpt>
      <trkpt lat="38.817417" lon="121.148285">
        <ele>50.894993</ele>
        <time>2014-05-29T10:05:55.848000Z</time>
      </trkpt>
      <trkpt lat="38.81753" lon="121.148315">
        <ele>50.038723</ele>
        <time>2014-05-29T10:05:59.159000Z</time>
      </trkpt>
      <trkpt lat="38.81764" lon="121.14832">
        <ele>49.496548</ele>
        <time>2014-05-29T10:06:02.470000Z</time>
      </trkpt>
      <trkpt lat="38.817753" lon="121.14833">
        <ele>48.72289</ele>
        <time>2014-05-29T10:06:05.781000Z</time>
      </trkpt>
      <trkpt lat="38.81786" lon="121.14834">
        <ele>47.339314</ele>
        <time>2014-05-29T10:06:09.092000Z</time>
      </trkpt>
      <trkpt lat="38.817963" lon="121.14834">
        <ele>46.00989</ele>
        <time>2014-05-29T10:06:12.403000Z</time>
      </trkpt>
      <trkpt lat="38.818054" lon="121.14834">
        <ele>46.09095</ele>
        <time>2014-05-29T10:06:15.714000Z</time>
      </trkpt>
      <trkpt lat="38.818146" lon="121.148346">
        <ele>47.7391</ele>
        <time>2014-05-29T10:06:19.025000Z</time>
      </trkpt>
      <trkpt lat="38.818264" lon="121.14835">
        <ele>49.343014</ele>
        <time>2014-05-29T10:06:22.336000Z</time>
      </trkpt>
      <trkpt lat="38.818367" lon="121.14835">
        <ele>49.698715</ele>
        <time>2014-05-29T10:06:25.647000Z</time>
      </trkpt>
      <trkpt lat="38.818455" lon="121.14833">
        <ele>49.30365</ele>
        <time>2014-05-29T10:06:28.958000Z</time>
      </trkpt>
      <trkpt lat="38.818573" lon="121.14826">
        <ele>48.952404</ele>
        <time>2014-05-29T10:06:32.269000Z</time>
      </trkpt>
      <trkpt lat="38.81864" lon="121.14816">
        <ele>48.893757</ele>
        <time>2014-05-29T10:06:35.580000Z</time>
      </trkpt>
      <trkpt lat="38.818703" lon="121.14804">
        <ele>49.036575</ele>
        <time>2014-05-29T10:06:38.891000Z</time>
      </trkpt>
      <trkpt lat="38.81873" lon="121.14791">
        <ele>49.309376</ele>
        <time>2014-05-29T10:06:42.202000Z</time>
      </trkpt>
      <trkpt lat="38.818737" lon="121.14777">
        <ele>49.578835</ele>
        <time>2014-05-29T10:06:45.513000Z</time>
      </trkpt>
      <trkpt lat="38.81872" lon="121.14766">
        <ele>49.914787</ele>
        <time>2014-05-29T10:06:48.824000Z</time>
      </trkpt>
      <trkpt lat="38.81868" lon="121.147545">
        <ele>50.36907</ele>
        <time>2014-05-29T10:06:52.135000Z</time>
      </trkpt>
      <trkpt lat="38.81861" lon="121.14744">
        <ele>50.59786</ele>
        <time>2014-05-29T10:06:55.446000Z</time>
      </trkpt>
      <trkpt lat="38.818535" lon="121.14737">
        <ele>50.476517</ele>
        <time>2014-05-29T10:06:58.757000Z</time>
      </trkpt>
      <trkpt lat="38.81844" lon="121.14731">
        <ele>50.422676</ele>
        <time>2014-05-29T10:07:02.068000Z</time>
      </trkpt>
      <trkpt lat="38.818348" lon="121.14728">
        <ele>50.60683</ele>
        <time>2014-05-29T10:07:05.379000Z</time>
      </trkpt>
      <trkpt lat="38.818245" lon="121.14727">
        <ele>50.829124</ele>
        <time>2014-05-29T10:07:08.690000Z</time>
      </trkpt>
      <trkpt lat="38.818142" lon="121.14727">
        <ele>50.80861</ele>
        <time>2014-05-29T10:07:12.001000Z</time>
      </trkpt>
      <trkpt lat="38.818027" lon="121.14726">
        <ele>50.19897</ele>
        <time>2014-05-29T10:07:15.312000Z</time>
      </trkpt>
      <trkpt lat="38.817936" lon="121.14726">
        <ele>49.001198</ele>
        <time>2014-05-29T10:07:18.623000Z</time>
      </trkpt>
      <trkpt lat="38.81783" lon="121.147255">
        <ele>47.910828</ele>
        <time>2014-05-29T10:07:21.934000Z</time>
      </trkpt>
      <trkpt lat="38.81771" lon="121.147255">
        <ele>47.500538</ele>
        <time>2014-05-29T10:07:25.245000Z</time>
      </trkpt>
      <trkpt lat="38.817604" lon="121.14724">
        <ele>47.51892</ele>
        <time>2014-05-29T10:07:28.556000Z</time>
      </trkpt>
      <trkpt lat="38.817505" lon="121.14725">
        <ele>47.653408</ele>
        <time>2014-05-29T10:07:31.867000Z</time>
      </trkpt>
      <trkpt lat="38.81739" lon="121.14731">
        <ele>47.898136</ele>
        <time>2014-05-29T10:07:35.178000Z</time>
      </trkpt>
      <trkpt lat="38.81728" lon="121.1474">
        <ele>48.64426</ele>
        <time>2014-05-29T10:07:38.489000Z</time>
      </trkpt>
      <trkpt lat="38.8172" lon="121.14753">
        <ele>50.068512</ele>
        <time>2014-05-29T10:07:41.800000Z</time>
      </trkpt>
      <trkpt lat="38.817165" lon="121.14764">
        <ele>51.48823</ele>
        <time>2014-05-29T10:07:45.111000Z</time>
      </trkpt>
      <trkpt lat="38.817146" lon="121.14777">
        <ele>52.142654</ele>
        <time>2014-05-29T10:07:48.422000Z</time>
      </trkpt>
      <trkpt lat="38.817154" lon="121.14791">
        <ele>52.183186</ele>
        <time>2014-05-29T10:07:51.733000Z</time>
      </trkpt>
      <trkpt lat="38.81719" lon="121.148026">
        <ele>51.939945</ele>
        <time>2014-05-29T10:07:55.044000Z</time>
      </trkpt>
      <trkpt lat="38.81725" lon="121.14815">
        <ele>51.515015</ele>
        <time>2014-05-29T10:07:58.355000Z</time>
      </trkpt>
      <trkpt lat="38.817337" lon="121.14823">
        <ele>50.70586</ele>
        <time>2014-05-29T10:08:01.666000Z</time>
      </trkpt>
      <trkpt lat="38.817448" lon="121.14829">
        <ele>49.512054</ele>
        <time>2014-05-29T10:08:04.977000Z</time>
      </trkpt>
      <trkpt lat="38.817554" lon="121.14832">
        <ele>48.49482</ele>
        <time>2014-05-29T10:08:08.288000Z</time>
      </trkpt>
      <trkpt lat="38.817657" lon="121.14832">
        <ele>48.059067</ele>
        <time>2014-05-29T10:08:11.599000Z</time>
      </trkpt>
      <trkpt lat="38.817772" lon="121.14833">
        <ele>48.015312</ele>
        <time>2014-05-29T10:08:14.910000Z</time>
      </trkpt>
      <trkpt lat="38.81788" lon="121.14833">
        <ele>48.092636</ele>
        <time>2014-05-29T10:08:18.221000Z</time>
      </trkpt>
      <trkpt lat="38.817978" lon="121.14832">
        <ele>48.172047</ele>
        <time>2014-05-29T10:08:21.532000Z</time>
      </trkpt>
      <trkpt lat="38.818073" lon="121.14832">
        <ele>48.73641</ele>
        <time>2014-05-29T10:08:24.843000Z</time>
      </trkpt>
      <trkpt lat="38.818184" lon="121.14833">
        <ele>50.09268</ele>
        <time>2014-05-29T10:08:28.154000Z</time>
      </trkpt>
      <trkpt lat="38.81827" lon="121.148346">
        <ele>51.497093</ele>
        <time>2014-05-29T10:08:31.465000Z</time>
      </trkpt>
      <trkpt lat="38.818398" lon="121.14835">
        <ele>51.873802</ele>
        <time>2014-05-29T10:08:34.776000Z</time>
      </trkpt>
      <trkpt lat="38.81849" lon="121.14831">
        <ele>51.145397</ele>
        <time>2014-05-29T10:08:38.087000Z</time>
      </trkpt>
      <trkpt lat="38.81858" lon="121.148224">
        <ele>50.446217</ele>
        <time>2014-05-29T10:08:41.398000Z</time>
      </trkpt>
      <trkpt lat="38.81865" lon="121.14814">
        <ele>50.6578</ele>
        <time>2014-05-29T10:08:44.709000Z</time>
      </trkpt>
      <trkpt lat="38.81871" lon="121.14802">
        <ele>51.162468</ele>
        <time>2014-05-29T10:08:48.020000Z</time>
      </trkpt>
      <trkpt lat="38.818737" lon="121.14789">
        <ele>51.020023</ele>
        <time>2014-05-29T10:08:51.331000Z</time>
      </trkpt>
      <trkpt lat="38.81874" lon="121.14777">
        <ele>49.923706</ele>
        <time>2014-05-29T10:08:54.642000Z</time>
      </trkpt>
      <trkpt lat="38.81873" lon="121.14765">
        <ele>48.266346</ele>
        <time>2014-05-29T10:08:57.953000Z</time>
      </trkpt>
      <trkpt lat="38.81869" lon="121.147545">
        <ele>46.8921</ele>
        <time>2014-05-29T10:09:01.264000Z</time>
      </trkpt>
      <trkpt lat="38.81862" lon="121.14744">
        <ele>46.388275</ele>
        <time>2014-05-29T10:09:04.575000Z</time>
      </trkpt>
      <trkpt lat="38.818527" lon="121.147354">
        <ele>47.500996</ele>
        <time>2014-05-29T10:09:07.886000Z</time>
      </trkpt>
      <trkpt lat="38.8184" lon="121.14731">
        <ele>50.234547</ele>
        <time>2014-05-29T10:09:11.197000Z</time>
      </trkpt>
      <trkpt lat="38.818287" lon="121.147285">
        <ele>52.984203</ele>
        <time>2014-05-29T10:09:14.508000Z</time>
      </trkpt>
      <trkpt lat="38.818195" lon="121.147285">
        <ele>54.251575</ele>
        <time>2014-05-29T10:09:17.819000Z</time>
      </trkpt>
      <trkpt lat="38.818092" lon="121.14728">
        <ele>54.07029</ele>
        <time>2014-05-29T10:09:21.130000Z</time>
      </trkpt>
      <trkpt lat="38.817993" lon="121.14726">
        <ele>53.24094</ele>
        <time>2014-05-29T10:09:24.441000Z</time>
      </trkpt>
      <trkpt lat="38.817898" lon="121.147255">
        <ele>52.532856</ele>
        <time>2014-05-29T10:09:27.752000Z</time>
      </trkpt>
      <trkpt lat="38.81778" lon="121.147255">
        <ele>52.176025</ele>
        <time>2014-05-29T10:09:31.063000Z</time>
      </trkpt>
      <trkpt lat="38.81766" lon="121.14725">
        <ele>52.436737</ele>
        <time>2014-05-29T10:09:34.374000Z</time>
      </trkpt>
      <trkpt lat="38.817554" lon="121.14725">
        <ele>53.94235</ele>
        <time>2014-05-29T10:09:37.685000Z</time>
      </trkpt>
      <trkpt lat="38.817463" lon="121.147255">
        <ele>56.475914</ele>
        <time>2014-05-29T10:09:40.996000Z</time>
      </trkpt>
      <trkpt lat="38.817356" lon="121.1473">
        <ele>58.351196</ele>
        <time>2014-05-29T10:09:44.307000Z</time>
      </trkpt>
      <trkpt lat="38.81726" lon="121.147385">
        <ele>58.488537</ele>
        <time>2014-05-29T10:09:47.618000Z</time>
      </trkpt>
      <trkpt lat="38.8172" lon="121.14749">
        <ele>57.47498</ele>
        <time>2014-05-29T10:09:50.929000Z</time>
      </trkpt>
      <trkpt lat="38.817158" lon="121.14761">
        <ele>55.863403</ele>
        <time>2014-05-29T10:09:54.240000Z</time>
      </trkpt>
      <trkpt lat="38.81714" lon="121.14774">
        <ele>53.627666</ele>
        <time>2014-05-29T10:09:57.551000Z</time>
      </trkpt>
      <trkpt lat="38.817146" lon="121.1479">
        <ele>51.269016</ele>
        <time>2014-05-29T10:10:00.862000Z</time>
      </trkpt>
      <trkpt lat="38.817192" lon="121.148056">
        <ele>49.705715</ele>
        <time>2014-05-29T10:10:04.173000Z</time>
      </trkpt>
      <trkpt lat="38.817257" lon="121.14817">
        <ele>49.032906</ele>
        <time>2014-05-29T10:10:07.484000Z</time>
      </trkpt>
      <trkpt lat="38.81734" lon="121.14824">
        <ele>48.655426</ele>
        <time>2014-05-29T10:10:10.795000Z</time>
      </trkpt>
      <trkpt lat="38.817432" lon="121.148285">
        <ele>48.36606</ele>
        <time>2014-05-29T10:10:14.106000Z</time>
      </trkpt>
      <trkpt lat="38.817535" lon="121.148315">
        <ele>48.649628</ele>
        <time>2014-05-29T10:10:17.417000Z</time>
      </trkpt>
      <trkpt lat="38.817642" lon="121.14832">
        <ele>49.626114</ele>
        <time>2014-05-29T10:10:20.728000Z</time>
      </trkpt>
      <trkpt lat="38.817734" lon="121.14833">
        <ele>50.602028</ele>
        <time>2014-05-29T10:10:24.039000Z</time>
      </trkpt>
      <trkpt lat="38.817833" lon="121.14834">
        <ele>51.370453</ele>
        <time>2014-05-29T10:10:27.350000Z</time>
      </trkpt>
      <trkpt lat="38.817947" lon="121.14833">
        <ele>52.289677</ele>
        <time>2014-05-29T10:10:30.661000Z</time>
      </trkpt>
      <trkpt lat="38.818058" lon="121.14833">
        <ele>53.289093</ele>
        <time>2014-05-29T10:10:33.972000Z</time>
      </trkpt>
      <trkpt lat="38.818165" lon="121.14834">
        <ele>54.07857</ele>
        <time>2014-05-29T10:10:37.283000Z</time>
      </trkpt>
      <trkpt lat="38.81828" lon="121.14834">
        <ele>54.527752</ele>
        <time>2014-05-29T10:10:40.594000Z</time>
      </trkpt>
      <trkpt lat="38.81839" lon="121.14834">
        <ele>54.677277</ele>
        <time>2014-05-29T10:10:43.905000Z</time>
      </trkpt>
      <trkpt lat="38.81849" lon="121.1483">
        <ele>54.729706</ele>
        <time>2014-05-29T10:10:47.216000Z</time>
      </trkpt>
      <trkpt lat="38.818596" lon="121.14822">
        <ele>54.879307</ele>
        <time>2014-05-29T10:10:50.527000Z</time>
      </trkpt>
      <trkpt lat="38.81867" lon="121.14811">
        <ele>54.919636</ele>
        <time>2014-05-29T10:10:53.838000Z</time>
      </trkpt>
      <trkpt lat="38.81872" lon="121.147995">
        <ele>54.286873</ele>
        <time>2014-05-29T10:10:57.149000Z</time>
      </trkpt>
      <trkpt lat="38.818745" lon="121.14784">
        <ele>52.79769</ele>
        <time>2014-05-29T10:11:00.460000Z</time>
      </trkpt>
      <trkpt lat="38.818733" lon="121.1477">
        <ele>50.76401</ele>
        <time>2014-05-29T10:11:03.771000Z</time>
      </trkpt>
      <trkpt lat="38.8187" lon="121.14757">
        <ele>48.75193</ele>
        <time>2014-05-29T10:11:07.082000Z</time>
      </trkpt>
      <trkpt lat="38.818626" lon="121.147446">
        <ele>47.439606</ele>
        <time>2014-05-29T10:11:10.393000Z</time>
      </trkpt>
      <trkpt lat="38.81854" lon="121.14736">
        <ele>47.67414</ele>
        <time>2014-05-29T10:11:13.704000Z</time>
      </trkpt>
      <trkpt lat="38.818413" lon="121.1473">
        <ele>49.631607</ele>
        <time>2014-05-29T10:11:17.015000Z</time>
      </trkpt>
      <trkpt lat="38.81832" lon="121.14728">
        <ele>52.123524</ele>
        <time>2014-05-29T10:11:20.326000Z</time>
      </trkpt>
      <trkpt lat="38.818203" lon="121.147255">
        <ele>53.852634</ele>
        <time>2014-05-29T10:11:23.637000Z</time>
      </trkpt>
      <trkpt lat="38.818104" lon="121.147255">
        <ele>54.431904</ele>
        <time>2014-05-29T10:11:26.948000Z</time>
      </trkpt>
      <trkpt lat="38.817993" lon="121.14725">
        <ele>54.07642</ele>
        <time>2014-05-29T10:11:30.259000Z</time>
      </trkpt>
      <trkpt lat="38.817898" lon="121.14725">
        <ele>53.18505</ele>
        <time>2014-05-29T10:11:33.570000Z</time>
      </trkpt>
      <trkpt lat="38.817787" lon="121.147255">
        <ele>51.980244</ele>
        <time>2014-05-29T10:11:36.881000Z</time>
      </trkpt>
      <trkpt lat="38.81769" lon="121.14724">
        <ele>50.849957</ele>
        <time>2014-05-29T10:11:40.192000Z</time>
      </trkpt>
      <trkpt lat="38.817577" lon="121.14723">
        <ele>49.987026</ele>
        <time>2014-05-29T10:11:43.503000Z</time>
      </trkpt>
      <trkpt lat="38.817474" lon="121.14725">
        <ele>49.21632</ele>
        <time>2014-05-29T10:11:46.814000Z</time>
      </trkpt>
      <trkpt lat="38.817375" lon="121.14731">
        <ele>48.656555</ele>
        <time>2014-05-29T10:11:50.125000Z</time>
      </trkpt>
      <trkpt lat="38.817287" lon="121.1474">
        <ele>48.312233</ele>
        <time>2014-05-29T10:11:53.436000Z</time>
      </trkpt>
      <trkpt lat="38.817226" lon="121.14751">
        <ele>47.947914</ele>
        <time>2014-05-29T10:11:56.747000Z</time>
      </trkpt>
      <trkpt lat="38.81719" lon="121.147644">
        <ele>47.62908</ele>
        <time>2014-05-29T10:12:00.058000Z</time>
      </trkpt>
      <trkpt lat="38.817177" lon="121.1478">
        <ele>47.33158</ele>
        <time>2014-05-29T10:12:03.369000Z</time>
      </trkpt>
      <trkpt lat="38.817184" lon="121.14796">
        <ele>46.89944</ele>
        <time>2014-05-29T10:12:06.680000Z</time>
      </trkpt>
      <trkpt lat="38.81722" lon="121.14807">
        <ele>46.699585</ele>
        <time>2014-05-29T10:12:09.991000Z</time>
      </trkpt>
      <trkpt lat="38.817284" lon="121.14818">
        <ele>47.107372</ele>
        <time>2014-05-29T10:12:13.302000Z</time>
      </trkpt>
      <trkpt lat="38.817364" lon="121.14826">
        <ele>48.179295</ele>
        <time>2014-05-29T10:12:16.613000Z</time>
      </trkpt>
      <trkpt lat="38.81746" lon="121.14832">
        <ele>49.866974</ele>
        <time>2014-05-29T10:12:19.924000Z</time>
      </trkpt>
      <trkpt lat="38.817566" lon="121.148346">
        <ele>51.609135</ele>
        <time>2014-05-29T10:12:23.235000Z</time>
      </trkpt>
      <trkpt lat="38.81767" lon="121.148346">
        <ele>52.574028</ele>
        <time>2014-05-29T10:12:26.546000Z</time>
      </trkpt>
      <trkpt lat="38.817772" lon="121.14833">
        <ele>52.22702</ele>
        <time>2014-05-29T10:12:29.857000Z</time>
      </trkpt>
      <trkpt lat="38.817886" lon="121.14833">
        <ele>50.799023</ele>
        <time>2014-05-29T10:12:33.168000Z</time>
      </trkpt>
      <trkpt lat="38.817997" lon="121.14833">
        <ele>49.498497</ele>
        <time>2014-05-29T10:12:36.479000Z</time>
      </trkpt>
      <trkpt lat="38.81809" lon="121.14832">
        <ele>49.378082</ele>
        <time>2014-05-29T10:12:39.790000Z</time>
      </trkpt>
      <trkpt lat="38.818207" lon="121.14833">
        <ele>50.318184</ele>
        <time>2014-05-29T10:12:43.101000Z</time>
      </trkpt>
      <trkpt lat="38.818314" lon="121.14834">
        <ele>51.496803</ele>
        <time>2014-05-29T10:12:46.412000Z</time>
      </trkpt>
      <trkpt lat="38.818436" lon="121.14832">
        <ele>51.701427</ele>
        <time>2014-05-29T10:12:49.723000Z</time>
      </trkpt>
      <trkpt lat="38.818523" lon="121.148285">
        <ele>50.54931</ele>
        <time>2014-05-29T10:12:53.034000Z</time>
      </trkpt>
      <trkpt lat="38.818604" lon="121.1482">
        <ele>49.174988</ele>
        <time>2014-05-29T10:12:56.345000Z</time>
      </trkpt>
      <trkpt lat="38.81868" lon="121.148094">
        <ele>48.62324</ele>
        <time>2014-05-29T10:12:59.656000Z</time>
      </trkpt>
      <trkpt lat="38.81871" lon="121.14797">
        <ele>48.704117</ele>
        <time>2014-05-29T10:13:02.967000Z</time>
      </trkpt>
      <trkpt lat="38.818726" lon="121.147835">
        <ele>48.938423</ele>
        <time>2014-05-29T10:13:06.278000Z</time>
      </trkpt>
      <trkpt lat="38.818718" lon="121.147705">
        <ele>49.013294</ele>
        <time>2014-05-29T10:13:09.589000Z</time>
      </trkpt>
      <trkpt lat="38.818684" lon="121.147575">
        <ele>48.857822</ele>
        <time>2014-05-29T10:13:12.900000Z</time>
      </trkpt>
      <trkpt lat="38.81862" lon="121.14747">
        <ele>49.315014</ele>
        <time>2014-05-29T10:13:16.211000Z</time>
      </trkpt>
      <trkpt lat="38.818542" lon="121.14738">
        <ele>50.951214</ele>
        <time>2014-05-29T10:13:19.522000Z</time>
      </trkpt>
      <trkpt lat="38.81846" lon="121.147316">
        <ele>52.215984</ele>
        <time>2014-05-29T10:13:22.833000Z</time>
      </trkpt>
      <trkpt lat="38.81836" lon="121.147285">
        <ele>51.5038</ele>
        <time>2014-05-29T10:13:26.144000Z</time>
      </trkpt>
      <trkpt lat="38.818256" lon="121.147285">
        <ele>49.628277</ele>
        <time>2014-05-29T10:13:29.455000Z</time>
      </trkpt>
      <trkpt lat="38.81814" lon="121.147285">
        <ele>48.204853</ele>
        <time>2014-05-29T10:13:32.766000Z</time>
      </trkpt>
      <trkpt lat="38.818035" lon="121.14727">
        <ele>47.79338</ele>
        <time>2014-05-29T10:13:36.077000Z</time>
      </trkpt>
      <trkpt lat="38.817917" lon="121.14726">
        <ele>48.20583</ele>
        <time>2014-05-29T10:13:39.388000Z</time>
      </trkpt>
      <trkpt lat="38.817814" lon="121.147255">
        <ele>49.01719</ele>
        <time>2014-05-29T10:13:42.699000Z</time>
      </trkpt>
      <trkpt lat="38.8177" lon="121.14725">
        <ele>49.512253</ele>
        <time>2014-05-29T10:13:46.010000Z</time>
      </trkpt>
      <trkpt lat="38.817604" lon="121.147255">
        <ele>49.32806</ele>
        <time>2014-05-29T10:13:49.321000Z</time>
      </trkpt>
      <trkpt lat="38.81749" lon="121.14726">
        <ele>48.880417</ele>
        <time>2014-05-29T10:13:52.632000Z</time>
      </trkpt>
      <trkpt lat="38.817375" lon="121.14731">
        <ele>48.61019</ele>
        <time>2014-05-29T10:13:55.943000Z</time>
      </trkpt>
      <trkpt lat="38.81728" lon="121.14739">
        <ele>48.542046</ele>
        <time>2014-05-29T10:13:59.254000Z</time>
      </trkpt>
      <trkpt lat="38.81721" lon="121.14749">
        <ele>48.68703</ele>
        <time>2014-05-29T10:14:02.565000Z</time>
      </trkpt>
      <trkpt lat="38.81717" lon="121.14763">
        <ele>49.036373</ele>
        <time>2014-05-29T10:14:05.876000Z</time>
      </trkpt>
      <trkpt lat="38.81715" lon="121.14776">
        <ele>49.376995</ele>
        <time>2014-05-29T10:14:09.187000Z</time>
      </trkpt>
      <trkpt lat="38.817154" lon="121.1479">
        <ele>49.79577</ele>
        <time>2014-05-29T10:14:12.498000Z</time>
      </trkpt>
      <trkpt lat="38.817192" lon="121.14803">
        <ele>50.499317</ele>
        <time>2014-05-29T10:14:15.809000Z</time>
      </trkpt>
      <trkpt lat="38.81725" lon="121.14813">
        <ele>50.80442</ele>
        <time>2014-05-29T10:14:19.120000Z</time>
      </trkpt>
      <trkpt lat="38.81733" lon="121.148224">
        <ele>50.122353</ele>
        <time>2014-05-29T10:14:22.431000Z</time>
      </trkpt>
      <trkpt lat="38.817425" lon="121.14828">
        <ele>48.885048</ele>
        <time>2014-05-29T10:14:25.742000Z</time>
      </trkpt>
      <trkpt lat="38.817543" lon="121.14832">
        <ele>47.548824</ele>
        <time>2014-05-29T10:14:29.053000Z</time>
      </trkpt>
      <trkpt lat="38.81765" lon="121.14832">
        <ele>46.523075</ele>
        <time>2014-05-29T10:14:32.364000Z</time>
      </trkpt>
      <trkpt lat="38.81776" lon="121.14834">
        <ele>46.260273</ele>
        <time>2014-05-29T10:14:35.675000Z</time>
      </trkpt>
      <trkpt lat="38.817856" lon="121.148346">
        <ele>46.5506</ele>
        <time>2014-05-29T10:14:38.986000Z</time>
      </trkpt>
      <trkpt lat="38.817966" lon="121.14835">
        <ele>47.17664</ele>
        <time>2014-05-29T10:14:42.297000Z</time>
      </trkpt>
      <trkpt lat="38.818085" lon="121.14836">
        <ele>48.10333</ele>
        <time>2014-05-29T10:14:45.608000Z</time>
      </trkpt>
      <trkpt lat="38.818188" lon="121.14835">
        <ele>49.175762</ele>
        <time>2014-05-29T10:14:48.919000Z</time>
      </trkpt>
      <trkpt lat="38.81829" lon="121.14836">
        <ele>50.237846</ele>
        <time>2014-05-29T10:14:52.230000Z</time>
      </trkpt>
      <trkpt lat="38.818394" lon="121.14835">
        <ele>50.87979</ele>
        <time>2014-05-29T10:14:55.541000Z</time>
      </trkpt>
      <trkpt lat="38.81848" lon="121.14831">
        <ele>50.81598</ele>
        <time>2014-05-29T10:14:58.852000Z</time>
      </trkpt>
      <trkpt lat="38.818565" lon="121.14824">
        <ele>50.45436</ele>
        <time>2014-05-29T10:15:02.162000Z</time>
      </trkpt>
      <trkpt lat="38.81864" lon="121.148125">
        <ele>50.31707</ele>
        <time>2014-05-29T10:15:05.472000Z</time>
      </trkpt>
      <trkpt lat="38.818707" lon="121.147995">
        <ele>50.682507</ele>
        <time>2014-05-29T10:15:08.782000Z</time>
      </trkpt>
      <trkpt lat="38.818737" lon="121.14786">
        <ele>51.39306</ele>
        <time>2014-05-29T10:15:12.092000Z</time>
      </trkpt>
      <trkpt lat="38.818733" lon="121.14774">
        <ele>51.899143</ele>
        <time>2014-05-29T10:15:15.402000Z</time>
      </trkpt>
      <trkpt lat="38.818703" lon="121.14759">
        <ele>51.360188</ele>
        <time>2014-05-29T10:15:18.712000Z</time>
      </trkpt>
      <trkpt lat="38.818645" lon="121.14747">
        <ele>49.667824</ele>
        <time>2014-05-29T10:15:22.022000Z</time>
      </trkpt>
      <trkpt lat="38.818577" lon="121.147385">
        <ele>48.445004</ele>
        <time>2014-05-29T10:15:25.332000Z</time>
      </trkpt>
      <trkpt lat="38.81848" lon="121.147316">
        <ele>48.882023</ele>
        <time>2014-05-29T10:15:28.642000Z</time>
      </trkpt>
      <trkpt lat="38.81837" lon="121.14728">
        <ele>50.1693</ele>
        <time>2014-05-29T10:15:31.952000Z</time>
      </trkpt>
      <trkpt lat="38.81826" lon="121.14728">
        <ele>51.10612</ele>
        <time>2014-05-29T10:15:35.262000Z</time>
      </trkpt>
      <trkpt lat="38.818146" lon="121.14727">
        <ele>51.060104</ele>
        <time>2014-05-29T10:15:38.572000Z</time>
      </trkpt>
      <trkpt lat="38.818043" lon="121.14726">
        <ele>50.038742</ele>
        <time>2014-05-29T10:15:41.882000Z</time>
      </trkpt>
      <trkpt lat="38.817947" lon="121.14726">
        <ele>48.93661</ele>
        <time>2014-05-29T10:15:45.192000Z</time>
      </trkpt>
      <trkpt lat="38.817825" lon="121.14726">
        <ele>48.686207</ele>
        <time>2014-05-29T10:15:48.502000Z</time>
      </trkpt>
      <trkpt lat="38.81772" lon="121.14727">
        <ele>49.372242</ele>
        <time>2014-05-29T10:15:51.812000Z</time>
      </trkpt>
      <trkpt lat="38.817604" lon="121.14727">
        <ele>50.704586</ele>
        <time>2014-05-29T10:15:55.122000Z</time>
      </trkpt>
      <trkpt lat="38.817493" lon="121.147285">
        <ele>52.316372</ele>
        <time>2014-05-29T10:15:58.432000Z</time>
      </trkpt>
      <trkpt lat="38.8174" lon="121.14732">
        <ele>53.243004</ele>
        <time>2014-05-29T10:16:01.742000Z</time>
      </trkpt>
      <trkpt lat="38.817307" lon="121.14739">
        <ele>52.92998</ele>
        <time>2014-05-29T10:16:05.052000Z</time>
      </trkpt>
      <trkpt lat="38.817226" lon="121.14749">
        <ele>52.08876</ele>
        <time>2014-05-29T10:16:08.362000Z</time>
      </trkpt>
      <trkpt lat="38.81718" lon="121.147606">
        <ele>51.511383</ele>
        <time>2014-05-29T10:16:11.672000Z</time>
      </trkpt>
      <trkpt lat="38.817158" lon="121.14772">
        <ele>51.15347</ele>
        <time>2014-05-29T10:16:14.982000Z</time>
      </trkpt>
      <trkpt lat="38.817154" lon="121.147865">
        <ele>50.617134</ele>
        <time>2014-05-29T10:16:18.292000Z</time>
      </trkpt>
      <trkpt lat="38.81718" lon="121.148026">
        <ele>49.91351</ele>
        <time>2014-05-29T10:16:21.602000Z</time>
      </trkpt>
      <trkpt lat="38.817234" lon="121.148125">
        <ele>49.81637</ele>
        <time>2014-05-29T10:16:24.912000Z</time>
      </trkpt>
      <trkpt lat="38.81731" lon="121.14821">
        <ele>50.699818</ele>
        <time>2014-05-29T10:16:28.222000Z</time>
      </trkpt>
      <trkpt lat="38.817394" lon="121.14827">
        <ele>51.799904</ele>
        <time>2014-05-29T10:16:31.532000Z</time>
      </trkpt>
      <trkpt lat="38.817486" lon="121.1483">
        <ele>52.429813</ele>
        <time>2014-05-29T10:16:34.842000Z</time>
      </trkpt>
      <trkpt lat="38.817585" lon="121.148315">
        <ele>52.69081</ele>
        <time>2014-05-29T10:16:38.152000Z</time>
      </trkpt>
      <trkpt lat="38.817696" lon="121.14832">
        <ele>52.669743</ele>
        <time>2014-05-29T10:16:41.462000Z</time>
      </trkpt>
      <trkpt lat="38.81779" lon="121.14834">
        <ele>52.408646</ele>
        <time>2014-05-29T10:16:44.772000Z</time>
      </trkpt>
      <trkpt lat="38.817894" lon="121.148346">
        <ele>52.19739</ele>
        <time>2014-05-29T10:16:48.082000Z</time>
      </trkpt>
      <trkpt lat="38.81801" lon="121.148346">
        <ele>52.531624</ele>
        <time>2014-05-29T10:16:51.392000Z</time>
      </trkpt>
      <trkpt lat="38.81812" lon="121.14834">
        <ele>53.86182</ele>
        <time>2014-05-29T10:16:54.702000Z</time>
      </trkpt>
      <trkpt lat="38.81823" lon="121.14833">
        <ele>55.914906</ele>
        <time>2014-05-29T10:16:58.012000Z</time>
      </trkpt>
      <trkpt lat="38.81832" lon="121.14834">
        <ele>57.64162</ele>
        <time>2014-05-29T10:17:01.322000Z</time>
      </trkpt>
      <trkpt lat="38.818417" lon="121.14834">
        <ele>58.405693</ele>
        <time>2014-05-29T10:17:04.632000Z</time>
      </trkpt>
      <trkpt lat="38.818516" lon="121.14829">
        <ele>58.259525</ele>
        <time>2014-05-29T10:17:07.942000Z</time>
      </trkpt>
      <trkpt lat="38.81859" lon="121.148224">
        <ele>57.490192</ele>
        <time>2014-05-29T10:17:11.252000Z</time>
      </trkpt>
      <trkpt lat="38.818665" lon="121.14811">
        <ele>56.353813</ele>
        <time>2014-05-29T10:17:14.562000Z</time>
      </trkpt>
      <trkpt lat="38.818714" lon="121.148">
        <ele>55.131588</ele>
        <time>2014-05-29T10:17:17.872000Z</time>
      </trkpt>
      <trkpt lat="38.81874" lon="121.14785">
        <ele>54.070324</ele>
        <time>2014-05-29T10:17:21.182000Z</time>
      </trkpt>
      <trkpt lat="38.818733" lon="121.14771">
        <ele>53.307964</ele>
        <time>2014-05-29T10:17:24.492000Z</time>
      </trkpt>
      <trkpt lat="38.818703" lon="121.14759">
        <ele>52.87494</ele>
        <time>2014-05-29T10:17:27.802000Z</time>
      </trkpt>
      <trkpt lat="38.81863" lon="121.147446">
        <ele>52.584064</ele>
        <time>2014-05-29T10:17:31.112000Z</time>
      </trkpt>
      <trkpt lat="38.81854" lon="121.14736">
        <ele>52.162872</ele>
        <time>2014-05-29T10:17:34.422000Z</time>
      </trkpt>
      <trkpt lat="38.818436" lon="121.1473">
        <ele>52.203526</ele>
        <time>2014-05-29T10:17:37.732000Z</time>
      </trkpt>
      <trkpt lat="38.818336" lon="121.14728">
        <ele>53.167423</ele>
        <time>2014-05-29T10:17:41.042000Z</time>
      </trkpt>
      <trkpt lat="38.81822" lon="121.14728">
        <ele>54.31968</ele>
        <time>2014-05-29T10:17:44.352000Z</time>
      </trkpt>
      <trkpt lat="38.8181" lon="121.14728">
        <ele>55.05538</ele>
        <time>2014-05-29T10:17:47.662000Z</time>
      </trkpt>
      <trkpt lat="38.817993" lon="121.14728">
        <ele>55.546844</ele>
        <time>2014-05-29T10:17:50.972000Z</time>
      </trkpt>
      <trkpt lat="38.817905" lon="121.14727">
        <ele>55.529137</ele>
        <time>2014-05-29T10:17:54.282000Z</time>
      </trkpt>
      <trkpt lat="38.817802" lon="121.14726">
        <ele>54.46447</ele>
        <time>2014-05-29T10:17:57.592000Z</time>
      </trkpt>
      <trkpt lat="38.81769" lon="121.14726">
        <ele>52.762608</ele>
        <time>2014-05-29T10:18:00.902000Z</time>
      </trkpt>
      <trkpt lat="38.81758" lon="121.14725">
        <ele>51.54177</ele>
        <time>2014-05-29T10:18:04.212000Z</time>
      </trkpt>
      <trkpt lat="38.817474" lon="121.14726">
        <ele>51.309956</ele>
        <time>2014-05-29T10:18:07.522000Z</time>
      </trkpt>
      <trkpt lat="38.817352" lon="121.147316">
        <ele>51.683224</ele>
        <time>2014-05-29T10:18:10.832000Z</time>
      </trkpt>
      <trkpt lat="38.817245" lon="121.14741">
        <ele>52.372536</ele>
        <time>2014-05-29T10:18:14.142000Z</time>
      </trkpt>
      <trkpt lat="38.81717" lon="121.14755">
        <ele>53.29065</ele>
        <time>2014-05-29T10:18:17.452000Z</time>
      </trkpt>
      <trkpt lat="38.817135" lon="121.14771">
        <ele>53.858833</ele>
        <time>2014-05-29T10:18:20.762000Z</time>
      </trkpt>
      <trkpt lat="38.817146" lon="121.14784">
        <ele>53.50059</ele>
        <time>2014-05-29T10:18:24.072000Z</time>
      </trkpt>
      <trkpt lat="38.81718" lon="121.14798">
        <ele>52.582726</ele>
        <time>2014-05-29T10:18:27.382000Z</time>
      </trkpt>
      <trkpt lat="38.817215" lon="121.14809">
        <ele>51.36425</ele>
        <time>2014-05-29T10:18:30.692000Z</time>
      </trkpt>
      <trkpt lat="38.81728" lon="121.148186">
        <time>2014-05-29T10:18:34.002000Z</time>
      </trkpt>
    </trkseg>
  </trk>
</gpx>