<?xml version="1.0" encoding="UTF-8"?>
<gpx xmlns="http://www.topografix.com/GPX/1/1" xmlns:gpxtpx="http://www.garmin.com/xmlschemas/TrackPointExtension/v1" xmlns:xsi="http://www.w3.org/2001/XMLSchema-instance" xsi:schemaLocation="http://www.topografix.com/GPX/1/1 http://www.topografix.com/GPX/1/1/gpx.xsd" version="1.1" creator="gpx.py -- https://github.com/tkrajina/gpxpy">
  <trk>
    <trkseg>
      <trkpt lat="38.818443" lon="121.147446">
        <ele>44.966194</ele>
        <time>2014-05-28T09:37:18.712000Z</time>
      </trkpt>
      <trkpt lat="38.818436" lon="121.147446">
        <ele>48.015667</ele>
        <time>2014-05-28T09:37:22.080000Z</time>
      </trkpt>
      <trkpt lat="38.81835" lon="121.14739">
        <ele>49.790634</ele>
        <time>2014-05-28T09:37:25.448000Z</time>
      </trkpt>
      <trkpt lat="38.81835" lon="121.14739">
        <ele>50.26362</ele>
        <time>2014-05-28T09:37:28.816000Z</time>
      </trkpt>
      <trkpt lat="38.818256" lon="121.14738">
        <ele>50.13296</ele>
        <time>2014-05-28T09:37:32.184000Z</time>
      </trkpt>
      <trkpt lat="38.81816" lon="121.14738">
        <ele>50.159554</ele>
        <time>2014-05-28T09:37:35.552000Z</time>
      </trkpt>
      <trkpt lat="38.81806" lon="121.147385">
        <ele>50.71402</ele>
        <time>2014-05-28T09:37:38.920000Z</time>
      </trkpt>
      <trkpt lat="38.817966" lon="121.1474">
        <ele>51.500393</ele>
        <time>2014-05-28T09:37:42.288000Z</time>
      </trkpt>
      <trkpt lat="38.81786" lon="121.1474">
        <ele>52.379513</ele>
        <time>2014-05-28T09:37:45.656000Z</time>
      </trkpt>
      <trkpt lat="38.817757" lon="121.14739">
        <ele>53.39551</ele>
        <time>2014-05-28T09:37:49.024000Z</time>
      </trkpt>
      <trkpt lat="38.81765" lon="121.14738">
        <ele>54.17552</ele>
        <time>2014-05-28T09:37:52.392000Z</time>
      </trkpt>
      <trkpt lat="38.81756" lon="121.14737">
        <ele>54.25332</ele>
        <time>2014-05-28T09:37:55.760000Z</time>
      </trkpt>
      <trkpt lat="38.817467" lon="121.14738">
        <ele>53.30561</ele>
        <time>2014-05-28T09:37:59.128000Z</time>
      </trkpt>
      <trkpt lat="38.81738" lon="121.147415">
        <ele>51.595806</ele>
        <time>2014-05-28T09:38:02.496000Z</time>
      </trkpt>
      <trkpt lat="38.817303" lon="121.14749">
        <ele>50.07637</ele>
        <time>2014-05-28T09:38:05.864000Z</time>
      </trkpt>
      <trkpt lat="38.817245" lon="121.14761">
        <ele>48.828983</ele>
        <time>2014-05-28T09:38:09.232000Z</time>
      </trkpt>
      <trkpt lat="38.817215" lon="121.14772">
        <ele>47.021843</ele>
        <time>2014-05-28T09:38:12.600000Z</time>
      </trkpt>
      <trkpt lat="38.81721" lon="121.14787">
        <ele>44.7792</ele>
        <time>2014-05-28T09:38:15.968000Z</time>
      </trkpt>
      <trkpt lat="38.81724" lon="121.14801">
        <ele>43.112247</ele>
        <time>2014-05-28T09:38:19.336000Z</time>
      </trkpt>
      <trkpt lat="38.817307" lon="121.14812">
        <ele>42.528698</ele>
        <time>2014-05-28T09:38:22.704000Z</time>
      </trkpt>
      <trkpt lat="38.817387" lon="121.14821">
        <ele>43.05916</ele>
        <time>2014-05-28T09:38:26.072000Z</time>
      </trkpt>
      <trkpt lat="38.81749" lon="121.148254">
        <ele>44.29149</ele>
        <time>2014-05-28T09:38:29.440000Z</time>
      </trkpt>
      <trkpt lat="38.817585" lon="121.14828">
        <ele>44.906647</ele>
        <time>2014-05-28T09:38:32.808000Z</time>
      </trkpt>
      <trkpt lat="38.817684" lon="121.148285">
        <ele>44.027912</ele>
        <time>2014-05-28T09:38:36.176000Z</time>
      </trkpt>
      <trkpt lat="38.817795" lon="121.14829">
        <ele>42.478264</ele>
        <time>2014-05-28T09:38:39.544000Z</time>
      </trkpt>
      <trkpt lat="38.817886" lon="121.14829">
        <ele>41.425938</ele>
        <time>2014-05-28T09:38:42.912000Z</time>
      </trkpt>
      <trkpt lat="38.817997" lon="121.1483">
        <ele>41.49549</ele>
        <time>2014-05-28T09:38:46.280000Z</time>
      </trkpt>
      <trkpt lat="38.818096" lon="121.14831">
        <ele>42.618176</ele>
        <time>2014-05-28T09:38:49.648000Z</time>
      </trkpt>
      <trkpt lat="38.81822" lon="121.1483">
        <ele>43.72319</ele>
        <time>2014-05-28T09:38:53.016000Z</time>
      </trkpt>
      <trkpt lat="38.818317" lon="121.14831">
        <ele>43.63512</ele>
        <time>2014-05-28T09:38:56.384000Z</time>
      </trkpt>
      <trkpt lat="38.818428" lon="121.14829">
        <ele>42.458946</ele>
        <time>2014-05-28T09:38:59.752000Z</time>
      </trkpt>
      <trkpt lat="38.81855" lon="121.14823">
        <ele>41.181484</ele>
        <time>2014-05-28T09:39:03.120000Z</time>
      </trkpt>
      <trkpt lat="38.818634" lon="121.14812">
        <ele>40.447067</ele>
        <time>2014-05-28T09:39:06.488000Z</time>
      </trkpt>
      <trkpt lat="38.81868" lon="121.14798">
        <ele>40.078426</ele>
        <time>2014-05-28T09:39:09.856000Z</time>
      </trkpt>
      <trkpt lat="38.818695" lon="121.14784">
        <ele>39.49817</ele>
        <time>2014-05-28T09:39:13.224000Z</time>
      </trkpt>
      <trkpt lat="38.818687" lon="121.14772">
        <ele>38.20638</ele>
        <time>2014-05-28T09:39:16.592000Z</time>
      </trkpt>
      <trkpt lat="38.81867" lon="121.14758">
        <ele>36.544373</ele>
        <time>2014-05-28T09:39:19.960000Z</time>
      </trkpt>
      <trkpt lat="38.818626" lon="121.14746">
        <ele>36.090435</ele>
        <time>2014-05-28T09:39:23.328000Z</time>
      </trkpt>
      <trkpt lat="38.818565" lon="121.147354">
        <ele>37.71813</ele>
        <time>2014-05-28T09:39:26.696000Z</time>
      </trkpt>
      <trkpt lat="38.818462" lon="121.14735">
        <ele>43.753536</ele>
        <time>2014-05-28T09:39:30.064000Z</time>
      </trkpt>
      <trkpt lat="38.818462" lon="121.14735">
        <ele>46.19742</ele>
        <time>2014-05-28T09:39:33.432000Z</time>
      </trkpt>
      <trkpt lat="38.818367" lon="121.14738">
        <ele>48.109684</ele>
        <time>2014-05-28T09:39:36.800000Z</time>
      </trkpt>
      <trkpt lat="38.818275" lon="121.147385">
        <ele>48.262993</ele>
        <time>2014-05-28T09:39:40.168000Z</time>
      </trkpt>
      <trkpt lat="38.81818" lon="121.147385">
        <ele>47.05592</ele>
        <time>2014-05-28T09:39:43.536000Z</time>
      </trkpt>
      <trkpt lat="38.81809" lon="121.147385">
        <ele>46.095028</ele>
        <time>2014-05-28T09:39:46.904000Z</time>
      </trkpt>
      <trkpt lat="38.81799" lon="121.14738">
        <ele>46.220985</ele>
        <time>2014-05-28T09:39:50.272000Z</time>
      </trkpt>
      <trkpt lat="38.817883" lon="121.14736">
        <ele>46.94548</ele>
        <time>2014-05-28T09:39:53.640000Z</time>
      </trkpt>
      <trkpt lat="38.817772" lon="121.147354">
        <ele>47.678967</ele>
        <time>2014-05-28T09:39:57.008000Z</time>
      </trkpt>
      <trkpt lat="38.817665" lon="121.147354">
        <ele>47.929737</ele>
        <time>2014-05-28T09:40:00.376000Z</time>
      </trkpt>
      <trkpt lat="38.817574" lon="121.147354">
        <ele>47.641838</ele>
        <time>2014-05-28T09:40:03.744000Z</time>
      </trkpt>
      <trkpt lat="38.817455" lon="121.147354">
        <ele>47.017506</ele>
        <time>2014-05-28T09:40:07.112000Z</time>
      </trkpt>
      <trkpt lat="38.817375" lon="121.1474">
        <ele>46.482918</ele>
        <time>2014-05-28T09:40:10.480000Z</time>
      </trkpt>
      <trkpt lat="38.8173" lon="121.14748">
        <ele>46.537804</ele>
        <time>2014-05-28T09:40:13.848000Z</time>
      </trkpt>
      <trkpt lat="38.817234" lon="121.14759">
        <ele>47.209045</ele>
        <time>2014-05-28T09:40:17.216000Z</time>
      </trkpt>
      <trkpt lat="38.817207" lon="121.14771">
        <ele>47.939102</ele>
        <time>2014-05-28T09:40:20.584000Z</time>
      </trkpt>
      <trkpt lat="38.8172" lon="121.147835">
        <ele>48.03051</ele>
        <time>2014-05-28T09:40:23.952000Z</time>
      </trkpt>
      <trkpt lat="38.8172" lon="121.147835">
        <ele>47.302597</ele>
        <time>2014-05-28T09:40:27.320000Z</time>
      </trkpt>
      <trkpt lat="38.817223" lon="121.147964">
        <ele>46.30084</ele>
        <time>2014-05-28T09:40:30.688000Z</time>
      </trkpt>
      <trkpt lat="38.81726" lon="121.14808">
        <ele>45.483307</ele>
        <time>2014-05-28T09:40:34.056000Z</time>
      </trkpt>
      <trkpt lat="38.81733" lon="121.14818">
        <ele>44.899055</ele>
        <time>2014-05-28T09:40:37.424000Z</time>
      </trkpt>
      <trkpt lat="38.81733" lon="121.14818">
        <ele>44.60828</ele>
        <time>2014-05-28T09:40:40.792000Z</time>
      </trkpt>
      <trkpt lat="38.81742" lon="121.148254">
        <ele>44.342293</ele>
        <time>2014-05-28T09:40:44.160000Z</time>
      </trkpt>
      <trkpt lat="38.817516" lon="121.148285">
        <ele>44.063663</ele>
        <time>2014-05-28T09:40:47.528000Z</time>
      </trkpt>
      <trkpt lat="38.81762" lon="121.14829">
        <ele>44.36004</ele>
        <time>2014-05-28T09:40:50.896000Z</time>
      </trkpt>
      <trkpt lat="38.817722" lon="121.1483">
        <ele>45.5569</ele>
        <time>2014-05-28T09:40:54.264000Z</time>
      </trkpt>
      <trkpt lat="38.817837" lon="121.14829">
        <ele>47.075123</ele>
        <time>2014-05-28T09:40:57.632000Z</time>
      </trkpt>
      <trkpt lat="38.817944" lon="121.14829">
        <ele>47.670025</ele>
        <time>2014-05-28T09:41:01Z</time>
      </trkpt>
      <trkpt lat="38.81804" lon="121.1483">
        <ele>46.805664</ele>
        <time>2014-05-28T09:41:04.368000Z</time>
      </trkpt>
      <trkpt lat="38.81813" lon="121.14831">
        <ele>45.51165</ele>
        <time>2014-05-28T09:41:07.736000Z</time>
      </trkpt>
      <trkpt lat="38.818245" lon="121.14831">
        <ele>45.11119</ele>
        <time>2014-05-28T09:41:11.104000Z</time>
      </trkpt>
      <trkpt lat="38.81834" lon="121.14832">
        <ele>45.43509</ele>
        <time>2014-05-28T09:41:14.472000Z</time>
      </trkpt>
      <trkpt lat="38.81843" lon="121.148285">
        <ele>45.55626</ele>
        <time>2014-05-28T09:41:17.840000Z</time>
      </trkpt>
      <trkpt lat="38.81852" lon="121.14823">
        <ele>45.24331</ele>
        <time>2014-05-28T09:41:21.208000Z</time>
      </trkpt>
      <trkpt lat="38.818596" lon="121.14813">
        <ele>44.752415</ele>
        <time>2014-05-28T09:41:24.576000Z</time>
      </trkpt>
      <trkpt lat="38.818645" lon="121.14802">
        <ele>43.88139</ele>
        <time>2014-05-28T09:41:27.944000Z</time>
      </trkpt>
      <trkpt lat="38.818672" lon="121.14787">
        <ele>42.589817</ele>
        <time>2014-05-28T09:41:31.312000Z</time>
      </trkpt>
      <trkpt lat="38.818645" lon="121.14773">
        <ele>41.349064</ele>
        <time>2014-05-28T09:41:34.680000Z</time>
      </trkpt>
      <trkpt lat="38.81861" lon="121.14761">
        <ele>40.40344</ele>
        <time>2014-05-28T09:41:38.048000Z</time>
      </trkpt>
      <trkpt lat="38.818558" lon="121.147514">
        <ele>39.47543</ele>
        <time>2014-05-28T09:41:41.416000Z</time>
      </trkpt>
      <trkpt lat="38.81848" lon="121.147446">
        <ele>38.716637</ele>
        <time>2014-05-28T09:41:44.784000Z</time>
      </trkpt>
      <trkpt lat="38.818386" lon="121.14741">
        <ele>39.32643</ele>
        <time>2014-05-28T09:41:48.152000Z</time>
      </trkpt>
      <trkpt lat="38.81829" lon="121.147385">
        <ele>41.656467</ele>
        <time>2014-05-28T09:41:51.520000Z</time>
      </trkpt>
      <trkpt lat="38.818176" lon="121.14737">
        <ele>44.08955</ele>
        <time>2014-05-28T09:41:54.888000Z</time>
      </trkpt>
      <trkpt lat="38.818073" lon="121.14736">
        <ele>45.657913</ele>
        <time>2014-05-28T09:41:58.256000Z</time>
      </trkpt>
      <trkpt lat="38.81797" lon="121.147354">
        <ele>46.88997</ele>
        <time>2014-05-28T09:42:01.624000Z</time>
      </trkpt>
      <trkpt lat="38.817867" lon="121.147354">
        <ele>47.666065</ele>
        <time>2014-05-28T09:42:04.992000Z</time>
      </trkpt>
      <trkpt lat="38.81776" lon="121.14735">
        <ele>47.594982</ele>
        <time>2014-05-28T09:42:08.360000Z</time>
      </trkpt>
      <trkpt lat="38.81767" lon="121.14735">
        <ele>46.969086</ele>
        <time>2014-05-28T09:42:11.728000Z</time>
      </trkpt>
      <trkpt lat="38.817554" lon="121.14734">
        <ele>46.324677</ele>
        <time>2014-05-28T09:42:15.096000Z</time>
      </trkpt>
      <trkpt lat="38.81746" lon="121.14735">
        <ele>45.97145</ele>
        <time>2014-05-28T09:42:18.464000Z</time>
      </trkpt>
      <trkpt lat="38.817368" lon="121.14739">
        <ele>45.842407</ele>
        <time>2014-05-28T09:42:21.832000Z</time>
      </trkpt>
      <trkpt lat="38.81729" lon="121.14747">
        <ele>44.82754</ele>
        <time>2014-05-28T09:42:25.200000Z</time>
      </trkpt>
      <trkpt lat="38.817234" lon="121.14757">
        <ele>42.328754</ele>
        <time>2014-05-28T09:42:28.568000Z</time>
      </trkpt>
      <trkpt lat="38.817204" lon="121.14768">
        <ele>40.421417</ele>
        <time>2014-05-28T09:42:31.936000Z</time>
      </trkpt>
      <trkpt lat="38.8172" lon="121.14782">
        <ele>41.10814</ele>
        <time>2014-05-28T09:42:35.304000Z</time>
      </trkpt>
      <trkpt lat="38.81722" lon="121.14796">
        <ele>43.285397</ele>
        <time>2014-05-28T09:42:38.672000Z</time>
      </trkpt>
      <trkpt lat="38.81727" lon="121.14808">
        <ele>44.998787</ele>
        <time>2014-05-28T09:42:42.040000Z</time>
      </trkpt>
      <trkpt lat="38.81734" lon="121.14819">
        <ele>46.092636</ele>
        <time>2014-05-28T09:42:45.408000Z</time>
      </trkpt>
      <trkpt lat="38.817432" lon="121.148254">
        <ele>47.215805</ele>
        <time>2014-05-28T09:42:48.776000Z</time>
      </trkpt>
      <trkpt lat="38.817543" lon="121.14828">
        <ele>48.080948</ele>
        <time>2014-05-28T09:42:52.144000Z</time>
      </trkpt>
      <trkpt lat="38.81765" lon="121.148285">
        <ele>48.23816</ele>
        <time>2014-05-28T09:42:55.512000Z</time>
      </trkpt>
      <trkpt lat="38.817745" lon="121.14829">
        <ele>47.813656</ele>
        <time>2014-05-28T09:42:58.880000Z</time>
      </trkpt>
      <trkpt lat="38.817852" lon="121.148285">
        <ele>46.785065</ele>
        <time>2014-05-28T09:43:02.248000Z</time>
      </trkpt>
      <trkpt lat="38.81795" lon="121.148285">
        <ele>45.220394</ele>
        <time>2014-05-28T09:43:05.616000Z</time>
      </trkpt>
      <trkpt lat="38.818047" lon="121.148285">
        <ele>43.694027</ele>
        <time>2014-05-28T09:43:08.984000Z</time>
      </trkpt>
      <trkpt lat="38.81815" lon="121.1483">
        <ele>42.636826</ele>
        <time>2014-05-28T09:43:12.352000Z</time>
      </trkpt>
      <trkpt lat="38.81826" lon="121.1483">
        <ele>42.01769</ele>
        <time>2014-05-28T09:43:15.720000Z</time>
      </trkpt>
      <trkpt lat="38.818363" lon="121.1483">
        <ele>41.925064</ele>
        <time>2014-05-28T09:43:19.088000Z</time>
      </trkpt>
      <trkpt lat="38.81847" lon="121.14826">
        <ele>42.580044</ele>
        <time>2014-05-28T09:43:22.456000Z</time>
      </trkpt>
      <trkpt lat="38.81856" lon="121.14819">
        <ele>43.677612</ele>
        <time>2014-05-28T09:43:25.824000Z</time>
      </trkpt>
      <trkpt lat="38.818638" lon="121.14808">
        <ele>44.57097</ele>
        <time>2014-05-28T09:43:29.192000Z</time>
      </trkpt>
      <trkpt lat="38.81867" lon="121.14795">
        <ele>44.884495</ele>
        <time>2014-05-28T09:43:32.560000Z</time>
      </trkpt>
      <trkpt lat="38.818676" lon="121.14782">
        <ele>44.714706</ele>
        <time>2014-05-28T09:43:35.928000Z</time>
      </trkpt>
      <trkpt lat="38.818657" lon="121.1477">
        <ele>44.40651</ele>
        <time>2014-05-28T09:43:39.296000Z</time>
      </trkpt>
      <trkpt lat="38.818604" lon="121.1476">
        <ele>44.205215</ele>
        <time>2014-05-28T09:43:42.664000Z</time>
      </trkpt>
      <trkpt lat="38.81853" lon="121.14752">
        <ele>44.13199</ele>
        <time>2014-05-28T09:43:46.032000Z</time>
      </trkpt>
      <trkpt lat="38.818443" lon="121.14747">
        <ele>44.34263</ele>
        <time>2014-05-28T09:43:49.400000Z</time>
      </trkpt>
      <trkpt lat="38.818348" lon="121.14744">
        <ele>45.079338</ele>
        <time>2014-05-28T09:43:52.768000Z</time>
      </trkpt>
      <trkpt lat="38.81825" lon="121.14742">
        <ele>46.070667</ele>
        <time>2014-05-28T09:43:56.136000Z</time>
      </trkpt>
      <trkpt lat="38.81815" lon="121.14741">
        <ele>46.769306</ele>
        <time>2014-05-28T09:43:59.504000Z</time>
      </trkpt>
      <trkpt lat="38.81806" lon="121.14738">
        <ele>47.021664</ele>
        <time>2014-05-28T09:44:02.872000Z</time>
      </trkpt>
      <trkpt lat="38.817944" lon="121.14738">
        <ele>46.98482</ele>
        <time>2014-05-28T09:44:06.240000Z</time>
      </trkpt>
      <trkpt lat="38.81784" lon="121.14738">
        <ele>46.860073</ele>
        <time>2014-05-28T09:44:09.608000Z</time>
      </trkpt>
      <trkpt lat="38.817745" lon="121.14736">
        <ele>46.916782</ele>
        <time>2014-05-28T09:44:12.976000Z</time>
      </trkpt>
      <trkpt lat="38.817646" lon="121.14735">
        <ele>47.248566</ele>
        <time>2014-05-28T09:44:16.344000Z</time>
      </trkpt>
      <trkpt lat="38.817535" lon="121.14735">
        <ele>47.63685</ele>
        <time>2014-05-28T09:44:19.712000Z</time>
      </trkpt>
      <trkpt lat="38.81743" lon="121.14738">
        <ele>47.763813</ele>
        <time>2014-05-28T09:44:23.080000Z</time>
      </trkpt>
      <trkpt lat="38.817337" lon="121.14746">
        <ele>47.592613</ele>
        <time>2014-05-28T09:44:26.448000Z</time>
      </trkpt>
      <trkpt lat="38.817276" lon="121.14758">
        <ele>47.44464</ele>
        <time>2014-05-28T09:44:29.816000Z</time>
      </trkpt>
      <trkpt lat="38.81724" lon="121.147705">
        <ele>47.56958</ele>
        <time>2014-05-28T09:44:33.184000Z</time>
      </trkpt>
      <trkpt lat="38.81723" lon="121.14784">
        <ele>47.676826</ele>
        <time>2014-05-28T09:44:36.552000Z</time>
      </trkpt>
      <trkpt lat="38.817265" lon="121.147995">
        <ele>47.48098</ele>
        <time>2014-05-28T09:44:39.920000Z</time>
      </trkpt>
      <trkpt lat="38.817318" lon="121.148125">
        <ele>47.173115</ele>
        <time>2014-05-28T09:44:43.288000Z</time>
      </trkpt>
      <trkpt lat="38.817398" lon="121.14822">
        <ele>47.001343</ele>
        <time>2014-05-28T09:44:46.656000Z</time>
      </trkpt>
      <trkpt lat="38.817482" lon="121.14826">
        <ele>46.967175</ele>
        <time>2014-05-28T09:44:50.024000Z</time>
      </trkpt>
      <trkpt lat="38.817577" lon="121.14827">
        <ele>47.2789</ele>
        <time>2014-05-28T09:44:53.392000Z</time>
      </trkpt>
      <trkpt lat="38.81769" lon="121.14828">
        <ele>48.050194</ele>
        <time>2014-05-28T09:44:56.760000Z</time>
      </trkpt>
      <trkpt lat="38.817795" lon="121.14828">
        <ele>48.525795</ele>
        <time>2014-05-28T09:45:00.128000Z</time>
      </trkpt>
      <trkpt lat="38.81789" lon="121.148285">
        <ele>47.684162</ele>
        <time>2014-05-28T09:45:03.496000Z</time>
      </trkpt>
      <trkpt lat="38.81801" lon="121.14828">
        <ele>45.52377</ele>
        <time>2014-05-28T09:45:06.864000Z</time>
      </trkpt>
      <trkpt lat="38.81811" lon="121.148285">
        <ele>42.93005</ele>
        <time>2014-05-28T09:45:10.232000Z</time>
      </trkpt>
      <trkpt lat="38.818226" lon="121.14829">
        <ele>40.887432</ele>
        <time>2014-05-28T09:45:13.600000Z</time>
      </trkpt>
      <trkpt lat="38.818317" lon="121.14831">
        <ele>40.33589</ele>
        <time>2014-05-28T09:45:16.968000Z</time>
      </trkpt>
      <trkpt lat="38.818424" lon="121.148285">
        <ele>42.084705</ele>
        <time>2014-05-28T09:45:20.336000Z</time>
      </trkpt>
      <trkpt lat="38.818527" lon="121.14822">
        <ele>45.36424</ele>
        <time>2014-05-28T09:45:23.704000Z</time>
      </trkpt>
      <trkpt lat="38.818604" lon="121.14812">
        <ele>47.697998</ele>
        <time>2014-05-28T09:45:27.072000Z</time>
      </trkpt>
      <trkpt lat="38.818653" lon="121.147995">
        <ele>47.166706</ele>
        <time>2014-05-28T09:45:30.440000Z</time>
      </trkpt>
      <trkpt lat="38.81866" lon="121.14786">
        <ele>44.315083</ele>
        <time>2014-05-28T09:45:33.808000Z</time>
      </trkpt>
      <trkpt lat="38.818653" lon="121.147736">
        <ele>40.970695</ele>
        <time>2014-05-28T09:45:37.176000Z</time>
      </trkpt>
      <trkpt lat="38.818604" lon="121.1476">
        <ele>38.419834</ele>
        <time>2014-05-28T09:45:40.544000Z</time>
      </trkpt>
      <trkpt lat="38.81854" lon="121.1475">
        <ele>37.257824</ele>
        <time>2014-05-28T09:45:43.912000Z</time>
      </trkpt>
      <trkpt lat="38.818455" lon="121.147415">
        <ele>37.732086</ele>
        <time>2014-05-28T09:45:47.280000Z</time>
      </trkpt>
      <trkpt lat="38.818348" lon="121.14737">
        <ele>39.298008</ele>
        <time>2014-05-28T09:45:50.648000Z</time>
      </trkpt>
      <trkpt lat="38.818233" lon="121.14736">
        <ele>41.28779</ele>
        <time>2014-05-28T09:45:54.016000Z</time>
      </trkpt>
      <trkpt lat="38.818123" lon="121.14736">
        <ele>43.340668</ele>
        <time>2014-05-28T09:45:57.384000Z</time>
      </trkpt>
      <trkpt lat="38.81803" lon="121.14738">
        <ele>45.623943</ele>
        <time>2014-05-28T09:46:00.752000Z</time>
      </trkpt>
      <trkpt lat="38.817924" lon="121.147385">
        <ele>48.68186</ele>
        <time>2014-05-28T09:46:04.120000Z</time>
      </trkpt>
      <trkpt lat="38.81781" lon="121.14737">
        <ele>52.06445</ele>
        <time>2014-05-28T09:46:07.488000Z</time>
      </trkpt>
      <trkpt lat="38.81771" lon="121.14737">
        <ele>54.20274</ele>
        <time>2014-05-28T09:46:10.856000Z</time>
      </trkpt>
      <trkpt lat="38.81761" lon="121.14736">
        <ele>54.45265</ele>
        <time>2014-05-28T09:46:14.224000Z</time>
      </trkpt>
      <trkpt lat="38.817505" lon="121.14738">
        <ele>53.623795</ele>
        <time>2014-05-28T09:46:17.592000Z</time>
      </trkpt>
      <trkpt lat="38.81739" lon="121.14742">
        <ele>52.77916</ele>
        <time>2014-05-28T09:46:20.960000Z</time>
      </trkpt>
      <trkpt lat="38.817303" lon="121.14751">
        <ele>52.112206</ele>
        <time>2014-05-28T09:46:24.328000Z</time>
      </trkpt>
      <trkpt lat="38.81724" lon="121.14763">
        <ele>50.930714</ele>
        <time>2014-05-28T09:46:27.696000Z</time>
      </trkpt>
      <trkpt lat="38.817223" lon="121.14774">
        <ele>49.173668</ele>
        <time>2014-05-28T09:46:31.064000Z</time>
      </trkpt>
      <trkpt lat="38.817226" lon="121.14788">
        <ele>48.07565</ele>
        <time>2014-05-28T09:46:34.432000Z</time>
      </trkpt>
      <trkpt lat="38.81726" lon="121.14801">
        <ele>48.334538</ele>
        <time>2014-05-28T09:46:37.800000Z</time>
      </trkpt>
      <trkpt lat="38.81733" lon="121.14813">
        <ele>48.258827</ele>
        <time>2014-05-28T09:46:41.168000Z</time>
      </trkpt>
      <trkpt lat="38.817413" lon="121.14822">
        <ele>46.463703</ele>
        <time>2014-05-28T09:46:44.536000Z</time>
      </trkpt>
      <trkpt lat="38.817513" lon="121.14826">
        <ele>45.341457</ele>
        <time>2014-05-28T09:46:47.904000Z</time>
      </trkpt>
      <trkpt lat="38.81763" lon="121.14827">
        <ele>47.055218</ele>
        <time>2014-05-28T09:46:51.272000Z</time>
      </trkpt>
      <trkpt lat="38.817722" lon="121.14828">
        <ele>49.149544</ele>
        <time>2014-05-28T09:46:54.640000Z</time>
      </trkpt>
      <trkpt lat="38.817833" lon="121.14828">
        <ele>49.01463</ele>
        <time>2014-05-28T09:46:58.008000Z</time>
      </trkpt>
      <trkpt lat="38.817944" lon="121.148285">
        <ele>47.55806</ele>
        <time>2014-05-28T09:47:01.376000Z</time>
      </trkpt>
      <trkpt lat="38.818058" lon="121.14829">
        <ele>46.295155</ele>
        <time>2014-05-28T09:47:04.744000Z</time>
      </trkpt>
      <trkpt lat="38.818165" lon="121.1483">
        <ele>45.440598</ele>
        <time>2014-05-28T09:47:08.112000Z</time>
      </trkpt>
      <trkpt lat="38.81827" lon="121.1483">
        <ele>44.598797</ele>
        <time>2014-05-28T09:47:11.480000Z</time>
      </trkpt>
      <trkpt lat="38.818382" lon="121.14829">
        <ele>43.60518</ele>
        <time>2014-05-28T09:47:14.848000Z</time>
      </trkpt>
      <trkpt lat="38.818493" lon="121.148224">
        <ele>42.982944</ele>
        <time>2014-05-28T09:47:18.216000Z</time>
      </trkpt>
      <trkpt lat="38.81857" lon="121.14814">
        <ele>43.111397</ele>
        <time>2014-05-28T09:47:21.584000Z</time>
      </trkpt>
      <trkpt lat="38.818623" lon="121.14805">
        <ele>43.35799</ele>
        <time>2014-05-28T09:47:24.952000Z</time>
      </trkpt>
      <trkpt lat="38.818657" lon="121.14792">
        <ele>43.143024</ele>
        <time>2014-05-28T09:47:28.320000Z</time>
      </trkpt>
      <trkpt lat="38.818657" lon="121.1478">
        <ele>42.79192</ele>
        <time>2014-05-28T09:47:31.688000Z</time>
      </trkpt>
      <trkpt lat="38.81863" lon="121.147675">
        <ele>43.018314</ele>
        <time>2014-05-28T09:47:35.056000Z</time>
      </trkpt>
      <trkpt lat="38.81857" lon="121.14756">
        <ele>43.802933</ele>
        <time>2014-05-28T09:47:38.424000Z</time>
      </trkpt>
      <trkpt lat="38.818478" lon="121.14746">
        <ele>44.55033</ele>
        <time>2014-05-28T09:47:41.792000Z</time>
      </trkpt>
      <trkpt lat="38.818367" lon="121.147415">
        <ele>45.63337</ele>
        <time>2014-05-28T09:47:45.160000Z</time>
      </trkpt>
      <trkpt lat="38.81827" lon="121.147415">
        <ele>47.620235</ele>
        <time>2014-05-28T09:47:48.528000Z</time>
      </trkpt>
      <trkpt lat="38.81818" lon="121.1474">
        <ele>49.92615</ele>
        <time>2014-05-28T09:47:51.896000Z</time>
      </trkpt>
      <trkpt lat="38.81807" lon="121.14739">
        <ele>51.75426</ele>
        <time>2014-05-28T09:47:55.264000Z</time>
      </trkpt>
      <trkpt lat="38.817955" lon="121.14738">
        <ele>52.88497</ele>
        <time>2014-05-28T09:47:58.632000Z</time>
      </trkpt>
      <trkpt lat="38.81785" lon="121.14737">
        <ele>53.257793</ele>
        <time>2014-05-28T09:48:02Z</time>
      </trkpt>
      <trkpt lat="38.817734" lon="121.14736">
        <ele>53.190014</ele>
        <time>2014-05-28T09:48:05.368000Z</time>
      </trkpt>
      <trkpt lat="38.817616" lon="121.14736">
        <ele>53.15329</ele>
        <time>2014-05-28T09:48:08.736000Z</time>
      </trkpt>
      <trkpt lat="38.81752" lon="121.14736">
        <ele>53.27663</ele>
        <time>2014-05-28T09:48:12.104000Z</time>
      </trkpt>
      <trkpt lat="38.817417" lon="121.1474">
        <ele>52.911457</ele>
        <time>2014-05-28T09:48:15.472000Z</time>
      </trkpt>
      <trkpt lat="38.81732" lon="121.147484">
        <ele>51.649197</ele>
        <time>2014-05-28T09:48:18.840000Z</time>
      </trkpt>
      <trkpt lat="38.81726" lon="121.14758">
        <ele>50.144047</ele>
        <time>2014-05-28T09:48:22.208000Z</time>
      </trkpt>
      <trkpt lat="38.817226" lon="121.1477">
        <ele>49.25054</ele>
        <time>2014-05-28T09:48:25.576000Z</time>
      </trkpt>
      <trkpt lat="38.81721" lon="121.14782">
        <ele>48.753197</ele>
        <time>2014-05-28T09:48:28.944000Z</time>
      </trkpt>
      <trkpt lat="38.817238" lon="121.14796">
        <ele>47.808327</ele>
        <time>2014-05-28T09:48:32.312000Z</time>
      </trkpt>
      <trkpt lat="38.817287" lon="121.14808">
        <ele>46.213852</ele>
        <time>2014-05-28T09:48:35.680000Z</time>
      </trkpt>
      <trkpt lat="38.817368" lon="121.14817">
        <ele>44.742195</ele>
        <time>2014-05-28T09:48:39.048000Z</time>
      </trkpt>
      <trkpt lat="38.817463" lon="121.14823">
        <ele>43.914528</ele>
        <time>2014-05-28T09:48:42.416000Z</time>
      </trkpt>
      <trkpt lat="38.817566" lon="121.148254">
        <ele>43.281788</ele>
        <time>2014-05-28T09:48:45.784000Z</time>
      </trkpt>
      <trkpt lat="38.81768" lon="121.14826">
        <ele>42.45866</ele>
        <time>2014-05-28T09:48:49.152000Z</time>
      </trkpt>
      <trkpt lat="38.817787" lon="121.14827">
        <ele>42.045006</ele>
        <time>2014-05-28T09:48:52.520000Z</time>
      </trkpt>
      <trkpt lat="38.817898" lon="121.14826">
        <ele>42.683956</ele>
        <time>2014-05-28T09:48:55.888000Z</time>
      </trkpt>
      <trkpt lat="38.818012" lon="121.14828">
        <ele>43.85381</ele>
        <time>2014-05-28T09:48:59.256000Z</time>
      </trkpt>
      <trkpt lat="38.818115" lon="121.148285">
        <ele>44.688755</ele>
        <time>2014-05-28T09:49:02.624000Z</time>
      </trkpt>
      <trkpt lat="38.81821" lon="121.14829">
        <ele>45.51361</ele>
        <time>2014-05-28T09:49:05.992000Z</time>
      </trkpt>
      <trkpt lat="38.81832" lon="121.1483">
        <ele>46.85385</ele>
        <time>2014-05-28T09:49:09.360000Z</time>
      </trkpt>
      <trkpt lat="38.81843" lon="121.14827">
        <ele>48.097908</ele>
        <time>2014-05-28T09:49:12.728000Z</time>
      </trkpt>
      <trkpt lat="38.81853" lon="121.14819">
        <ele>48.099255</ele>
        <time>2014-05-28T09:49:16.096000Z</time>
      </trkpt>
      <trkpt lat="38.818592" lon="121.14811">
        <ele>46.778328</ele>
        <time>2014-05-28T09:49:19.464000Z</time>
      </trkpt>
      <trkpt lat="38.81865" lon="121.14799">
        <ele>45.274773</ele>
        <time>2014-05-28T09:49:22.832000Z</time>
      </trkpt>
      <trkpt lat="38.81867" lon="121.14785">
        <ele>44.17271</ele>
        <time>2014-05-28T09:49:26.200000Z</time>
      </trkpt>
      <trkpt lat="38.818653" lon="121.14771">
        <ele>42.983078</ele>
        <time>2014-05-28T09:49:29.568000Z</time>
      </trkpt>
      <trkpt lat="38.818607" lon="121.147606">
        <ele>41.7861</ele>
        <time>2014-05-28T09:49:32.936000Z</time>
      </trkpt>
      <trkpt lat="38.81854" lon="121.1475">
        <ele>41.474865</ele>
        <time>2014-05-28T09:49:36.304000Z</time>
      </trkpt>
      <trkpt lat="38.818447" lon="121.147415">
        <ele>43.208725</ele>
        <time>2014-05-28T09:49:39.672000Z</time>
      </trkpt>
      <trkpt lat="38.81833" lon="121.147385">
        <ele>46.708107</ele>
        <time>2014-05-28T09:49:43.040000Z</time>
      </trkpt>
      <trkpt lat="38.81822" lon="121.147385">
        <ele>49.851788</ele>
        <time>2014-05-28T09:49:46.408000Z</time>
      </trkpt>
      <trkpt lat="38.818104" lon="121.147385">
        <ele>51.408894</ele>
        <time>2014-05-28T09:49:49.776000Z</time>
      </trkpt>
      <trkpt lat="38.818005" lon="121.14738">
        <ele>51.79373</ele>
        <time>2014-05-28T09:49:53.144000Z</time>
      </trkpt>
      <trkpt lat="38.817898" lon="121.14738">
        <ele>51.60861</ele>
        <time>2014-05-28T09:49:56.512000Z</time>
      </trkpt>
      <trkpt lat="38.817795" lon="121.14737">
        <ele>51.368988</ele>
        <time>2014-05-28T09:49:59.880000Z</time>
      </trkpt>
      <trkpt lat="38.8177" lon="121.147354">
        <ele>51.96495</ele>
        <time>2014-05-28T09:50:03.248000Z</time>
      </trkpt>
      <trkpt lat="38.817604" lon="121.14734">
        <ele>54.26544</ele>
        <time>2014-05-28T09:50:06.616000Z</time>
      </trkpt>
      <trkpt lat="38.8175" lon="121.14735">
        <ele>57.92796</ele>
        <time>2014-05-28T09:50:09.984000Z</time>
      </trkpt>
      <trkpt lat="38.817398" lon="121.14741">
        <ele>61.324455</ele>
        <time>2014-05-28T09:50:13.352000Z</time>
      </trkpt>
      <trkpt lat="38.81732" lon="121.1475">
        <ele>62.67639</ele>
        <time>2014-05-28T09:50:16.720000Z</time>
      </trkpt>
      <trkpt lat="38.817257" lon="121.14761">
        <ele>61.508793</ele>
        <time>2014-05-28T09:50:20.088000Z</time>
      </trkpt>
      <trkpt lat="38.81722" lon="121.14775">
        <ele>58.63022</ele>
        <time>2014-05-28T09:50:23.456000Z</time>
      </trkpt>
      <trkpt lat="38.817223" lon="121.147896">
        <ele>54.578</ele>
        <time>2014-05-28T09:50:26.824000Z</time>
      </trkpt>
      <trkpt lat="38.817257" lon="121.148">
        <ele>50.022835</ele>
        <time>2014-05-28T09:50:30.192000Z</time>
      </trkpt>
      <trkpt lat="38.81731" lon="121.14811">
        <ele>46.78615</ele>
        <time>2014-05-28T09:50:33.560000Z</time>
      </trkpt>
      <trkpt lat="38.817383" lon="121.1482">
        <ele>45.614326</ele>
        <time>2014-05-28T09:50:36.928000Z</time>
      </trkpt>
      <trkpt lat="38.81747" lon="121.14825">
        <ele>45.585594</ele>
        <time>2014-05-28T09:50:40.296000Z</time>
      </trkpt>
      <trkpt lat="38.81758" lon="121.148254">
        <ele>45.755653</ele>
        <time>2014-05-28T09:50:43.664000Z</time>
      </trkpt>
      <trkpt lat="38.817688" lon="121.148254">
        <ele>45.493656</ele>
        <time>2014-05-28T09:50:47.032000Z</time>
      </trkpt>
      <trkpt lat="38.817783" lon="121.148254">
        <ele>44.4835</ele>
        <time>2014-05-28T09:50:50.400000Z</time>
      </trkpt>
      <trkpt lat="38.8179" lon="121.14826">
        <ele>43.313805</ele>
        <time>2014-05-28T09:50:53.768000Z</time>
      </trkpt>
      <trkpt lat="38.817997" lon="121.14826">
        <ele>42.682545</ele>
        <time>2014-05-28T09:50:57.136000Z</time>
      </trkpt>
      <trkpt lat="38.81811" lon="121.14827">
        <ele>43.102768</ele>
        <time>2014-05-28T09:51:00.504000Z</time>
      </trkpt>
      <trkpt lat="38.818207" lon="121.14827">
        <ele>44.029545</ele>
        <time>2014-05-28T09:51:03.872000Z</time>
      </trkpt>
      <trkpt lat="38.818317" lon="121.14828">
        <ele>44.540848</ele>
        <time>2014-05-28T09:51:07.240000Z</time>
      </trkpt>
      <trkpt lat="38.818428" lon="121.14825">
        <ele>44.77593</ele>
        <time>2014-05-28T09:51:10.608000Z</time>
      </trkpt>
      <trkpt lat="38.81852" lon="121.14819">
        <ele>45.13744</ele>
        <time>2014-05-28T09:51:13.976000Z</time>
      </trkpt>
      <trkpt lat="38.818607" lon="121.1481">
        <ele>45.551758</ele>
        <time>2014-05-28T09:51:17.344000Z</time>
      </trkpt>
      <trkpt lat="38.818665" lon="121.14798">
        <ele>46.252968</ele>
        <time>2014-05-28T09:51:20.712000Z</time>
      </trkpt>
      <trkpt lat="38.81868" lon="121.147835">
        <ele>47.193047</ele>
        <time>2014-05-28T09:51:24.080000Z</time>
      </trkpt>
      <trkpt lat="38.818657" lon="121.14768">
        <ele>47.921722</ele>
        <time>2014-05-28T09:51:27.448000Z</time>
      </trkpt>
      <trkpt lat="38.818607" lon="121.14758">
        <ele>48.209206</ele>
        <time>2014-05-28T09:51:30.816000Z</time>
      </trkpt>
      <trkpt lat="38.818523" lon="121.14748">
        <ele>48.485096</ele>
        <time>2014-05-28T09:51:34.184000Z</time>
      </trkpt>
      <trkpt lat="38.818424" lon="121.147415">
        <ele>49.14315</ele>
        <time>2014-05-28T09:51:37.552000Z</time>
      </trkpt>
      <trkpt lat="38.818317" lon="121.14739">
        <ele>49.915348</ele>
        <time>2014-05-28T09:51:40.920000Z</time>
      </trkpt>
      <trkpt lat="38.818222" lon="121.14738">
        <ele>50.61378</ele>
        <time>2014-05-28T09:51:44.288000Z</time>
      </trkpt>
      <trkpt lat="38.818108" lon="121.14737">
        <ele>51.115864</ele>
        <time>2014-05-28T09:51:47.656000Z</time>
      </trkpt>
      <trkpt lat="38.81799" lon="121.14737">
        <ele>51.051132</ele>
        <time>2014-05-28T09:51:51.024000Z</time>
      </trkpt>
      <trkpt lat="38.817875" lon="121.14736">
        <ele>50.59313</ele>
        <time>2014-05-28T09:51:54.392000Z</time>
      </trkpt>
      <trkpt lat="38.817757" lon="121.14735">
        <ele>50.875175</ele>
        <time>2014-05-28T09:51:57.760000Z</time>
      </trkpt>
      <trkpt lat="38.81766" lon="121.14735">
        <ele>52.36695</ele>
        <time>2014-05-28T09:52:01.128000Z</time>
      </trkpt>
      <trkpt lat="38.81757" lon="121.14735">
        <ele>54.0586</ele>
        <time>2014-05-28T09:52:04.496000Z</time>
      </trkpt>
      <trkpt lat="38.817455" lon="121.14736">
        <ele>54.72341</ele>
        <time>2014-05-28T09:52:07.864000Z</time>
      </trkpt>
      <trkpt lat="38.817368" lon="121.147415">
        <ele>53.94544</ele>
        <time>2014-05-28T09:52:11.232000Z</time>
      </trkpt>
      <trkpt lat="38.817295" lon="121.14752">
        <ele>52.19516</ele>
        <time>2014-05-28T09:52:14.600000Z</time>
      </trkpt>
      <trkpt lat="38.817238" lon="121.14765">
        <ele>50.52967</ele>
        <time>2014-05-28T09:52:17.968000Z</time>
      </trkpt>
      <trkpt lat="38.81721" lon="121.14779">
        <ele>49.599987</ele>
        <time>2014-05-28T09:52:21.336000Z</time>
      </trkpt>
      <trkpt lat="38.817234" lon="121.14793">
        <ele>49.426144</ele>
        <time>2014-05-28T09:52:24.704000Z</time>
      </trkpt>
      <trkpt lat="38.81728" lon="121.14805">
        <ele>49.671307</ele>
        <time>2014-05-28T09:52:28.072000Z</time>
      </trkpt>
      <trkpt lat="38.81735" lon="121.14813">
        <ele>49.4722</ele>
        <time>2014-05-28T09:52:31.440000Z</time>
      </trkpt>
      <trkpt lat="38.81742" lon="121.14821">
        <ele>48.16057</ele>
        <time>2014-05-28T09:52:34.808000Z</time>
      </trkpt>
      <trkpt lat="38.81752" lon="121.14823">
        <ele>45.974796</ele>
        <time>2014-05-28T09:52:38.176000Z</time>
      </trkpt>
      <trkpt lat="38.817627" lon="121.14824">
        <ele>43.884895</ele>
        <time>2014-05-28T09:52:41.544000Z</time>
      </trkpt>
      <trkpt lat="38.817738" lon="121.14825">
        <ele>42.57037</ele>
        <time>2014-05-28T09:52:44.912000Z</time>
      </trkpt>
      <trkpt lat="38.817844" lon="121.14826">
        <ele>42.029823</ele>
        <time>2014-05-28T09:52:48.280000Z</time>
      </trkpt>
      <trkpt lat="38.81794" lon="121.148254">
        <ele>41.808197</ele>
        <time>2014-05-28T09:52:51.648000Z</time>
      </trkpt>
      <trkpt lat="38.818047" lon="121.14826">
        <ele>41.51899</ele>
        <time>2014-05-28T09:52:55.016000Z</time>
      </trkpt>
      <trkpt lat="38.818157" lon="121.14827">
        <ele>41.192642</ele>
        <time>2014-05-28T09:52:58.384000Z</time>
      </trkpt>
      <trkpt lat="38.818268" lon="121.148285">
        <ele>41.333946</ele>
        <time>2014-05-28T09:53:01.752000Z</time>
      </trkpt>
      <trkpt lat="38.818367" lon="121.14828">
        <ele>42.148514</ele>
        <time>2014-05-28T09:53:05.120000Z</time>
      </trkpt>
      <trkpt lat="38.818462" lon="121.148224">
        <ele>43.136715</ele>
        <time>2014-05-28T09:53:08.488000Z</time>
      </trkpt>
      <trkpt lat="38.81854" lon="121.14815">
        <ele>43.60092</ele>
        <time>2014-05-28T09:53:11.856000Z</time>
      </trkpt>
      <trkpt lat="38.818607" lon="121.148056">
        <ele>43.32115</ele>
        <time>2014-05-28T09:53:15.224000Z</time>
      </trkpt>
      <trkpt lat="38.81866" lon="121.14792">
        <ele>42.295177</ele>
        <time>2014-05-28T09:53:18.592000Z</time>
      </trkpt>
      <trkpt lat="38.818665" lon="121.14778">
        <ele>40.726864</ele>
        <time>2014-05-28T09:53:21.960000Z</time>
      </trkpt>
      <trkpt lat="38.818626" lon="121.14767">
        <ele>39.281025</ele>
        <time>2014-05-28T09:53:25.328000Z</time>
      </trkpt>
      <trkpt lat="38.81856" lon="121.14756">
        <ele>38.497055</ele>
        <time>2014-05-28T09:53:28.696000Z</time>
      </trkpt>
      <trkpt lat="38.818466" lon="121.14749">
        <ele>38.265633</ele>
        <time>2014-05-28T09:53:32.064000Z</time>
      </trkpt>
      <trkpt lat="38.81835" lon="121.147446">
        <ele>39.434784</ele>
        <time>2014-05-28T09:53:35.432000Z</time>
      </trkpt>
      <trkpt lat="38.818253" lon="121.14742">
        <ele>42.94799</ele>
        <time>2014-05-28T09:53:38.800000Z</time>
      </trkpt>
      <trkpt lat="38.818142" lon="121.14741">
        <ele>47.58697</ele>
        <time>2014-05-28T09:53:42.168000Z</time>
      </trkpt>
      <trkpt lat="38.818047" lon="121.14739">
        <ele>51.158577</ele>
        <time>2014-05-28T09:53:45.536000Z</time>
      </trkpt>
      <trkpt lat="38.817947" lon="121.14738">
        <ele>52.780743</ele>
        <time>2014-05-28T09:53:48.904000Z</time>
      </trkpt>
      <trkpt lat="38.81786" lon="121.147354">
        <ele>52.507774</ele>
        <time>2014-05-28T09:53:52.272000Z</time>
      </trkpt>
      <trkpt lat="38.81777" lon="121.147354">
        <ele>51.146156</ele>
        <time>2014-05-28T09:53:55.640000Z</time>
      </trkpt>
      <trkpt lat="38.817677" lon="121.147354">
        <ele>50.050636</ele>
        <time>2014-05-28T09:53:59.008000Z</time>
      </trkpt>
      <trkpt lat="38.81758" lon="121.14736">
        <ele>49.955647</ele>
        <time>2014-05-28T09:54:02.376000Z</time>
      </trkpt>
      <trkpt lat="38.817467" lon="121.14737">
        <ele>50.38034</ele>
        <time>2014-05-28T09:54:05.744000Z</time>
      </trkpt>
      <trkpt lat="38.817375" lon="121.14743">
        <ele>51.149612</ele>
        <time>2014-05-28T09:54:09.112000Z</time>
      </trkpt>
      <trkpt lat="38.8173" lon="121.14754">
        <ele>52.390438</ele>
        <time>2014-05-28T09:54:12.480000Z</time>
      </trkpt>
      <trkpt lat="38.81724" lon="121.14767">
        <ele>53.120834</ele>
        <time>2014-05-28T09:54:15.848000Z</time>
      </trkpt>
      <trkpt lat="38.81722" lon="121.14778">
        <ele>52.07467</ele>
        <time>2014-05-28T09:54:19.216000Z</time>
      </trkpt>
      <trkpt lat="38.817223" lon="121.14793">
        <ele>49.73907</ele>
        <time>2014-05-28T09:54:22.584000Z</time>
      </trkpt>
      <trkpt lat="38.81728" lon="121.14804">
        <ele>47.533424</ele>
        <time>2014-05-28T09:54:25.952000Z</time>
      </trkpt>
      <trkpt lat="38.81735" lon="121.14814">
        <ele>46.130775</ele>
        <time>2014-05-28T09:54:29.320000Z</time>
      </trkpt>
      <trkpt lat="38.817444" lon="121.14822">
        <ele>45.513783</ele>
        <time>2014-05-28T09:54:32.688000Z</time>
      </trkpt>
      <trkpt lat="38.817562" lon="121.14825">
        <ele>45.47736</ele>
        <time>2014-05-28T09:54:36.056000Z</time>
      </trkpt>
      <trkpt lat="38.817677" lon="121.14826">
        <ele>45.640823</ele>
        <time>2014-05-28T09:54:39.424000Z</time>
      </trkpt>
      <trkpt lat="38.817783" lon="121.148285">
        <ele>45.636932</ele>
        <time>2014-05-28T09:54:42.792000Z</time>
      </trkpt>
      <trkpt lat="38.817894" lon="121.1483">
        <ele>45.664455</ele>
        <time>2014-05-28T09:54:46.160000Z</time>
      </trkpt>
      <trkpt lat="38.817986" lon="121.1483">
        <ele>46.162594</ele>
        <time>2014-05-28T09:54:49.528000Z</time>
      </trkpt>
      <trkpt lat="38.818085" lon="121.14831">
        <ele>47.3748</ele>
        <time>2014-05-28T09:54:52.896000Z</time>
      </trkpt>
      <trkpt lat="38.8182" lon="121.14831">
        <ele>49.187836</ele>
        <time>2014-05-28T09:54:56.264000Z</time>
      </trkpt>
      <trkpt lat="38.818302" lon="121.148315">
        <ele>51.011715</ele>
        <time>2014-05-28T09:54:59.632000Z</time>
      </trkpt>
      <trkpt lat="38.81841" lon="121.14831">
        <ele>52.062744</ele>
        <time>2014-05-28T09:55:03Z</time>
      </trkpt>
      <trkpt lat="38.818516" lon="121.148254">
        <ele>52.35123</ele>
        <time>2014-05-28T09:55:06.368000Z</time>
      </trkpt>
      <trkpt lat="38.818584" lon="121.14818">
        <ele>52.00335</ele>
        <time>2014-05-28T09:55:09.736000Z</time>
      </trkpt>
      <trkpt lat="38.81865" lon="121.14808">
        <ele>50.967068</ele>
        <time>2014-05-28T09:55:13.104000Z</time>
      </trkpt>
      <trkpt lat="38.818687" lon="121.14797">
        <ele>49.415802</ele>
        <time>2014-05-28T09:55:16.472000Z</time>
      </trkpt>
      <trkpt lat="38.818695" lon="121.147835">
        <ele>47.81885</ele>
        <time>2014-05-28T09:55:19.840000Z</time>
      </trkpt>
      <trkpt lat="38.818684" lon="121.14772">
        <ele>46.565754</ele>
        <time>2014-05-28T09:55:23.208000Z</time>
      </trkpt>
      <trkpt lat="38.818638" lon="121.1476">
        <ele>45.944748</ele>
        <time>2014-05-28T09:55:26.576000Z</time>
      </trkpt>
      <trkpt lat="38.818565" lon="121.1475">
        <ele>45.831425</ele>
        <time>2014-05-28T09:55:29.944000Z</time>
      </trkpt>
      <trkpt lat="38.81847" lon="121.14744">
        <ele>45.975</ele>
        <time>2014-05-28T09:55:33.312000Z</time>
      </trkpt>
      <trkpt lat="38.81836" lon="121.14738">
        <ele>46.224636</ele>
        <time>2014-05-28T09:55:36.680000Z</time>
      </trkpt>
      <trkpt lat="38.818264" lon="121.147354">
        <ele>46.769775</ele>
        <time>2014-05-28T09:55:40.048000Z</time>
      </trkpt>
      <trkpt lat="38.81817" lon="121.14734">
        <ele>47.71415</ele>
        <time>2014-05-28T09:55:43.416000Z</time>
      </trkpt>
      <trkpt lat="38.81805" lon="121.14733">
        <ele>48.381474</ele>
        <time>2014-05-28T09:55:46.784000Z</time>
      </trkpt>
      <trkpt lat="38.817944" lon="121.14733">
        <ele>48.05433</ele>
        <time>2014-05-28T09:55:50.152000Z</time>
      </trkpt>
      <trkpt lat="38.817818" lon="121.14732">
        <ele>47.102337</ele>
        <time>2014-05-28T09:55:53.520000Z</time>
      </trkpt>
      <trkpt lat="38.8177" lon="121.14735">
        <ele>46.316944</ele>
        <time>2014-05-28T09:55:56.888000Z</time>
      </trkpt>
      <trkpt lat="38.8176" lon="121.147354">
        <ele>46.81445</ele>
        <time>2014-05-28T09:56:00.256000Z</time>
      </trkpt>
      <trkpt lat="38.817505" lon="121.14736">
        <ele>48.92563</ele>
        <time>2014-05-28T09:56:03.624000Z</time>
      </trkpt>
      <trkpt lat="38.8174" lon="121.14739">
        <ele>50.99387</ele>
        <time>2014-05-28T09:56:06.992000Z</time>
      </trkpt>
      <trkpt lat="38.81732" lon="121.14746">
        <ele>51.37514</ele>
        <time>2014-05-28T09:56:10.360000Z</time>
      </trkpt>
      <trkpt lat="38.817257" lon="121.147575">
        <ele>50.342552</ele>
        <time>2014-05-28T09:56:13.728000Z</time>
      </trkpt>
      <trkpt lat="38.817223" lon="121.14772">
        <ele>48.98156</ele>
        <time>2014-05-28T09:56:17.096000Z</time>
      </trkpt>
      <trkpt lat="38.81722" lon="121.147865">
        <ele>47.918068</ele>
        <time>2014-05-28T09:56:20.464000Z</time>
      </trkpt>
      <trkpt lat="38.817253" lon="121.148">
        <ele>47.409595</ele>
        <time>2014-05-28T09:56:23.832000Z</time>
      </trkpt>
      <trkpt lat="38.817314" lon="121.148125">
        <ele>47.291985</ele>
        <time>2014-05-28T09:56:27.200000Z</time>
      </trkpt>
      <trkpt lat="38.8174" lon="121.14822">
        <ele>47.031338</ele>
        <time>2014-05-28T09:56:30.568000Z</time>
      </trkpt>
      <trkpt lat="38.817513" lon="121.14826">
        <ele>46.59509</ele>
        <time>2014-05-28T09:56:33.936000Z</time>
      </trkpt>
      <trkpt lat="38.81767" lon="121.148285">
        <ele>46.427322</ele>
        <time>2014-05-28T09:56:37.304000Z</time>
      </trkpt>
      <trkpt lat="38.817772" lon="121.148285">
        <ele>46.53219</ele>
        <time>2014-05-28T09:56:40.672000Z</time>
      </trkpt>
      <trkpt lat="38.81793" lon="121.14829">
        <ele>46.547844</ele>
        <time>2014-05-28T09:56:44.040000Z</time>
      </trkpt>
      <trkpt lat="38.818123" lon="121.1483">
        <ele>46.107872</ele>
        <time>2014-05-28T09:56:47.408000Z</time>
      </trkpt>
      <trkpt lat="38.818333" lon="121.14829">
        <ele>45.39756</ele>
        <time>2014-05-28T09:56:50.776000Z</time>
      </trkpt>
      <trkpt lat="38.818523" lon="121.14823">
        <ele>44.53594</ele>
        <time>2014-05-28T09:56:54.144000Z</time>
      </trkpt>
      <trkpt lat="38.8186" lon="121.14813">
        <ele>43.451195</ele>
        <time>2014-05-28T09:56:57.512000Z</time>
      </trkpt>
      <trkpt lat="38.818657" lon="121.14798">
        <ele>42.522472</ele>
        <time>2014-05-28T09:57:00.880000Z</time>
      </trkpt>
      <trkpt lat="38.81867" lon="121.14775">
        <ele>42.431282</ele>
        <time>2014-05-28T09:57:04.248000Z</time>
      </trkpt>
      <trkpt lat="38.818596" lon="121.14752">
        <ele>43.33211</ele>
        <time>2014-05-28T09:57:07.616000Z</time>
      </trkpt>
      <trkpt lat="38.818523" lon="121.14743">
        <ele>45.03692</ele>
        <time>2014-05-28T09:57:10.984000Z</time>
      </trkpt>
      <trkpt lat="38.818398" lon="121.14734">
        <ele>46.783127</ele>
        <time>2014-05-28T09:57:14.352000Z</time>
      </trkpt>
      <trkpt lat="38.818363" lon="121.147354">
        <ele>50.388927</ele>
        <time>2014-05-28T09:57:17.720000Z</time>
      </trkpt>
      <trkpt lat="38.818363" lon="121.147354">
        <ele>49.243748</ele>
        <time>2014-05-28T09:57:21.088000Z</time>
      </trkpt>
      <trkpt lat="38.818226" lon="121.14734">
        <ele>48.399624</ele>
        <time>2014-05-28T09:57:24.456000Z</time>
      </trkpt>
      <trkpt lat="38.818203" lon="121.14733">
        <ele>47.377617</ele>
        <time>2014-05-28T09:57:27.824000Z</time>
      </trkpt>
      <trkpt lat="38.818096" lon="121.14733">
        <ele>45.67506</ele>
        <time>2014-05-28T09:57:31.192000Z</time>
      </trkpt>
      <trkpt lat="38.817993" lon="121.14733">
        <ele>44.294765</ele>
        <time>2014-05-28T09:57:34.560000Z</time>
      </trkpt>
      <trkpt lat="38.817898" lon="121.14733">
        <ele>43.973072</ele>
        <time>2014-05-28T09:57:37.928000Z</time>
      </trkpt>
      <trkpt lat="38.817802" lon="121.14736">
        <ele>44.017216</ele>
        <time>2014-05-28T09:57:41.296000Z</time>
      </trkpt>
      <trkpt lat="38.817703" lon="121.147354">
        <ele>43.7565</ele>
        <time>2014-05-28T09:57:44.664000Z</time>
      </trkpt>
      <trkpt lat="38.817604" lon="121.147354">
        <ele>43.681534</ele>
        <time>2014-05-28T09:57:48.032000Z</time>
      </trkpt>
      <trkpt lat="38.817513" lon="121.14735">
        <ele>44.66734</ele>
        <time>2014-05-28T09:57:51.400000Z</time>
      </trkpt>
      <trkpt lat="38.81742" lon="121.14737">
        <ele>46.562046</ele>
        <time>2014-05-28T09:57:54.768000Z</time>
      </trkpt>
      <trkpt lat="38.81734" lon="121.14744">
        <ele>48.291286</ele>
        <time>2014-05-28T09:57:58.136000Z</time>
      </trkpt>
      <trkpt lat="38.817284" lon="121.14753">
        <ele>49.230614</ele>
        <time>2014-05-28T09:58:01.504000Z</time>
      </trkpt>
      <trkpt lat="38.817234" lon="121.14764">
        <ele>49.481266</ele>
        <time>2014-05-28T09:58:04.872000Z</time>
      </trkpt>
      <trkpt lat="38.817215" lon="121.14775">
        <ele>49.088795</ele>
        <time>2014-05-28T09:58:08.240000Z</time>
      </trkpt>
      <trkpt lat="38.817226" lon="121.14787">
        <ele>48.208786</ele>
        <time>2014-05-28T09:58:11.608000Z</time>
      </trkpt>
      <trkpt lat="38.817257" lon="121.147995">
        <ele>47.35937</ele>
        <time>2014-05-28T09:58:14.976000Z</time>
      </trkpt>
      <trkpt lat="38.817307" lon="121.1481">
        <ele>46.90749</ele>
        <time>2014-05-28T09:58:18.344000Z</time>
      </trkpt>
      <trkpt lat="38.81739" lon="121.1482">
        <ele>46.994762</ele>
        <time>2014-05-28T09:58:21.712000Z</time>
      </trkpt>
      <trkpt lat="38.817482" lon="121.148254">
        <ele>47.440636</ele>
        <time>2014-05-28T09:58:25.080000Z</time>
      </trkpt>
      <trkpt lat="38.817574" lon="121.14827">
        <ele>47.64254</ele>
        <time>2014-05-28T09:58:28.448000Z</time>
      </trkpt>
      <trkpt lat="38.817665" lon="121.14828">
        <ele>47.46199</ele>
        <time>2014-05-28T09:58:31.816000Z</time>
      </trkpt>
      <trkpt lat="38.817757" lon="121.148285">
        <ele>47.499176</ele>
        <time>2014-05-28T09:58:35.184000Z</time>
      </trkpt>
      <trkpt lat="38.81786" lon="121.14829">
        <ele>48.00556</ele>
        <time>2014-05-28T09:58:38.552000Z</time>
      </trkpt>
      <trkpt lat="38.817947" lon="121.148285">
        <ele>48.58206</ele>
        <time>2014-05-28T09:58:41.920000Z</time>
      </trkpt>
      <trkpt lat="38.818054" lon="121.14829">
        <ele>48.79835</ele>
        <time>2014-05-28T09:58:45.288000Z</time>
      </trkpt>
      <trkpt lat="38.818153" lon="121.1483">
        <ele>48.441463</ele>
        <time>2014-05-28T09:58:48.656000Z</time>
      </trkpt>
      <trkpt lat="38.818256" lon="121.14829">
        <ele>47.566525</ele>
        <time>2014-05-28T09:58:52.024000Z</time>
      </trkpt>
      <trkpt lat="38.818363" lon="121.148285">
        <ele>46.73133</ele>
        <time>2014-05-28T09:58:55.392000Z</time>
      </trkpt>
      <trkpt lat="38.818462" lon="121.14826">
        <ele>46.601116</ele>
        <time>2014-05-28T09:58:58.760000Z</time>
      </trkpt>
      <trkpt lat="38.818565" lon="121.14819">
        <ele>47.201588</ele>
        <time>2014-05-28T09:59:02.128000Z</time>
      </trkpt>
      <trkpt lat="38.818634" lon="121.14812">
        <ele>47.938755</ele>
        <time>2014-05-28T09:59:05.496000Z</time>
      </trkpt>
      <trkpt lat="38.818687" lon="121.14799">
        <ele>48.12129</ele>
        <time>2014-05-28T09:59:08.864000Z</time>
      </trkpt>
      <trkpt lat="38.818687" lon="121.14799">
        <ele>47.850025</ele>
        <time>2014-05-28T09:59:12.232000Z</time>
      </trkpt>
      <trkpt lat="38.818703" lon="121.14784">
        <ele>47.397785</ele>
        <time>2014-05-28T09:59:15.600000Z</time>
      </trkpt>
      <trkpt lat="38.81869" lon="121.147705">
        <ele>46.72168</ele>
        <time>2014-05-28T09:59:18.968000Z</time>
      </trkpt>
      <trkpt lat="38.81863" lon="121.147575">
        <ele>46.02545</ele>
        <time>2014-05-28T09:59:22.336000Z</time>
      </trkpt>
      <trkpt lat="38.818546" lon="121.14748">
        <ele>46.12664</ele>
        <time>2014-05-28T09:59:25.704000Z</time>
      </trkpt>
      <trkpt lat="38.81845" lon="121.14741">
        <ele>47.331364</ele>
        <time>2014-05-28T09:59:29.072000Z</time>
      </trkpt>
      <trkpt lat="38.818333" lon="121.14738">
        <ele>48.93207</ele>
        <time>2014-05-28T09:59:32.440000Z</time>
      </trkpt>
      <trkpt lat="38.81823" lon="121.14738">
        <ele>50.54745</ele>
        <time>2014-05-28T09:59:35.808000Z</time>
      </trkpt>
      <trkpt lat="38.818134" lon="121.14738">
        <ele>52.043514</ele>
        <time>2014-05-28T09:59:39.176000Z</time>
      </trkpt>
      <trkpt lat="38.81804" lon="121.14737">
        <ele>53.357395</ele>
        <time>2014-05-28T09:59:42.544000Z</time>
      </trkpt>
      <trkpt lat="38.817947" lon="121.14736">
        <ele>54.418163</ele>
        <time>2014-05-28T09:59:45.912000Z</time>
      </trkpt>
      <trkpt lat="38.817837" lon="121.14736">
        <ele>54.635082</ele>
        <time>2014-05-28T09:59:49.280000Z</time>
      </trkpt>
      <trkpt lat="38.81773" lon="121.14737">
        <ele>53.758854</ele>
        <time>2014-05-28T09:59:52.648000Z</time>
      </trkpt>
      <trkpt lat="38.817627" lon="121.14736">
        <ele>52.53426</ele>
        <time>2014-05-28T09:59:56.016000Z</time>
      </trkpt>
      <trkpt lat="38.817535" lon="121.14736">
        <ele>51.715534</ele>
        <time>2014-05-28T09:59:59.384000Z</time>
      </trkpt>
      <trkpt lat="38.817432" lon="121.147385">
        <ele>51.402424</ele>
        <time>2014-05-28T10:00:02.752000Z</time>
      </trkpt>
      <trkpt lat="38.817352" lon="121.14744">
        <ele>51.42776</ele>
        <time>2014-05-28T10:00:06.120000Z</time>
      </trkpt>
      <trkpt lat="38.81728" lon="121.14753">
        <ele>51.313885</ele>
        <time>2014-05-28T10:00:09.488000Z</time>
      </trkpt>
      <trkpt lat="38.817238" lon="121.14764">
        <ele>50.752235</ele>
        <time>2014-05-28T10:00:12.856000Z</time>
      </trkpt>
      <trkpt lat="38.817223" lon="121.14775">
        <ele>49.689484</ele>
        <time>2014-05-28T10:00:16.224000Z</time>
      </trkpt>
      <trkpt lat="38.81723" lon="121.14789">
        <ele>48.232105</ele>
        <time>2014-05-28T10:00:19.592000Z</time>
      </trkpt>
      <trkpt lat="38.817276" lon="121.148026">
        <ele>46.694107</ele>
        <time>2014-05-28T10:00:22.960000Z</time>
      </trkpt>
      <trkpt lat="38.81734" lon="121.14813">
        <ele>45.48037</ele>
        <time>2014-05-28T10:00:26.328000Z</time>
      </trkpt>
      <trkpt lat="38.81734" lon="121.14813">
        <ele>44.87644</ele>
        <time>2014-05-28T10:00:29.696000Z</time>
      </trkpt>
      <trkpt lat="38.817436" lon="121.14821">
        <ele>44.917637</ele>
        <time>2014-05-28T10:00:33.064000Z</time>
      </trkpt>
      <trkpt lat="38.81753" lon="121.14825">
        <ele>45.201397</ele>
        <time>2014-05-28T10:00:36.432000Z</time>
      </trkpt>
      <trkpt lat="38.81764" lon="121.148254">
        <ele>45.354656</ele>
        <time>2014-05-28T10:00:39.800000Z</time>
      </trkpt>
      <trkpt lat="38.81764" lon="121.148254">
        <ele>45.330433</ele>
        <time>2014-05-28T10:00:43.168000Z</time>
      </trkpt>
      <trkpt lat="38.817745" lon="121.148254">
        <ele>45.27762</ele>
        <time>2014-05-28T10:00:46.536000Z</time>
      </trkpt>
      <trkpt lat="38.817852" lon="121.14826">
        <ele>45.729504</ele>
        <time>2014-05-28T10:00:49.904000Z</time>
      </trkpt>
      <trkpt lat="38.817963" lon="121.14826">
        <ele>46.937008</ele>
        <time>2014-05-28T10:00:53.272000Z</time>
      </trkpt>
      <trkpt lat="38.818073" lon="121.14826">
        <ele>48.180305</ele>
        <time>2014-05-28T10:00:56.640000Z</time>
      </trkpt>
      <trkpt lat="38.818184" lon="121.14828">
        <ele>48.68662</ele>
        <time>2014-05-28T10:01:00.008000Z</time>
      </trkpt>
      <trkpt lat="38.818287" lon="121.148285">
        <ele>48.563484</ele>
        <time>2014-05-28T10:01:03.376000Z</time>
      </trkpt>
      <trkpt lat="38.81841" lon="121.14827">
        <ele>48.337257</ele>
        <time>2014-05-28T10:01:06.744000Z</time>
      </trkpt>
      <trkpt lat="38.81851" lon="121.148224">
        <ele>48.359383</ele>
        <time>2014-05-28T10:01:10.112000Z</time>
      </trkpt>
      <trkpt lat="38.818584" lon="121.148155">
        <ele>48.448887</ele>
        <time>2014-05-28T10:01:13.480000Z</time>
      </trkpt>
      <trkpt lat="38.81864" lon="121.148056">
        <ele>48.36832</ele>
        <time>2014-05-28T10:01:16.848000Z</time>
      </trkpt>
      <trkpt lat="38.818672" lon="121.1479">
        <ele>48.32381</ele>
        <time>2014-05-28T10:01:20.216000Z</time>
      </trkpt>
      <trkpt lat="38.818676" lon="121.14778">
        <ele>48.577274</ele>
        <time>2014-05-28T10:01:23.584000Z</time>
      </trkpt>
      <trkpt lat="38.818645" lon="121.147644">
        <ele>48.982624</ele>
        <time>2014-05-28T10:01:26.952000Z</time>
      </trkpt>
      <trkpt lat="38.818592" lon="121.14752">
        <ele>49.33851</ele>
        <time>2014-05-28T10:01:30.320000Z</time>
      </trkpt>
      <trkpt lat="38.81853" lon="121.14744">
        <ele>49.634975</ele>
        <time>2014-05-28T10:01:33.688000Z</time>
      </trkpt>
      <trkpt lat="38.818443" lon="121.147385">
        <ele>50.19615</ele>
        <time>2014-05-28T10:01:37.056000Z</time>
      </trkpt>
      <trkpt lat="38.818333" lon="121.14736">
        <ele>50.794613</ele>
        <time>2014-05-28T10:01:40.424000Z</time>
      </trkpt>
      <trkpt lat="38.81823" lon="121.14733">
        <ele>50.447243</ele>
        <time>2014-05-28T10:01:43.792000Z</time>
      </trkpt>
      <trkpt lat="38.81813" lon="121.14733">
        <ele>49.150257</ele>
        <time>2014-05-28T10:01:47.160000Z</time>
      </trkpt>
      <trkpt lat="38.81802" lon="121.14733">
        <ele>48.015556</ele>
        <time>2014-05-28T10:01:50.528000Z</time>
      </trkpt>
      <trkpt lat="38.81792" lon="121.14734">
        <ele>48.000683</ele>
        <time>2014-05-28T10:01:53.896000Z</time>
      </trkpt>
      <trkpt lat="38.817802" lon="121.14733">
        <ele>49.1986</ele>
        <time>2014-05-28T10:01:57.264000Z</time>
      </trkpt>
      <trkpt lat="38.817703" lon="121.147316">
        <ele>50.57694</ele>
        <time>2014-05-28T10:02:00.632000Z</time>
      </trkpt>
      <trkpt lat="38.8176" lon="121.14731">
        <ele>51.263126</ele>
        <time>2014-05-28T10:02:04Z</time>
      </trkpt>
      <trkpt lat="38.817482" lon="121.1473">
        <ele>51.257755</ele>
        <time>2014-05-28T10:02:07.368000Z</time>
      </trkpt>
      <trkpt lat="38.817394" lon="121.14734">
        <ele>50.889305</ele>
        <time>2014-05-28T10:02:10.736000Z</time>
      </trkpt>
      <trkpt lat="38.817303" lon="121.147415">
        <ele>50.541515</ele>
        <time>2014-05-28T10:02:14.104000Z</time>
      </trkpt>
      <trkpt lat="38.817238" lon="121.14753">
        <ele>50.139698</ele>
        <time>2014-05-28T10:02:17.472000Z</time>
      </trkpt>
      <trkpt lat="38.8172" lon="121.14765">
        <ele>49.517296</ele>
        <time>2014-05-28T10:02:20.840000Z</time>
      </trkpt>
      <trkpt lat="38.817184" lon="121.14777">
        <ele>48.89599</ele>
        <time>2014-05-28T10:02:24.208000Z</time>
      </trkpt>
      <trkpt lat="38.817192" lon="121.14791">
        <ele>48.296734</ele>
        <time>2014-05-28T10:02:27.576000Z</time>
      </trkpt>
      <trkpt lat="38.817226" lon="121.14804">
        <ele>47.44037</ele>
        <time>2014-05-28T10:02:30.944000Z</time>
      </trkpt>
      <trkpt lat="38.81729" lon="121.14814">
        <ele>46.633232</ele>
        <time>2014-05-28T10:02:34.312000Z</time>
      </trkpt>
      <trkpt lat="38.81738" lon="121.14824">
        <ele>46.70437</ele>
        <time>2014-05-28T10:02:37.680000Z</time>
      </trkpt>
      <trkpt lat="38.817467" lon="121.14828">
        <ele>47.866257</ele>
        <time>2014-05-28T10:02:41.048000Z</time>
      </trkpt>
      <trkpt lat="38.817566" lon="121.1483">
        <ele>49.407513</ele>
        <time>2014-05-28T10:02:44.416000Z</time>
      </trkpt>
      <trkpt lat="38.81768" lon="121.1483">
        <ele>50.48292</ele>
        <time>2014-05-28T10:02:47.784000Z</time>
      </trkpt>
      <trkpt lat="38.817795" lon="121.14831">
        <ele>50.76014</ele>
        <time>2014-05-28T10:02:51.152000Z</time>
      </trkpt>
      <trkpt lat="38.8179" lon="121.14831">
        <ele>50.498226</ele>
        <time>2014-05-28T10:02:54.520000Z</time>
      </trkpt>
      <trkpt lat="38.818016" lon="121.148315">
        <ele>50.162624</ele>
        <time>2014-05-28T10:02:57.888000Z</time>
      </trkpt>
      <trkpt lat="38.81811" lon="121.14832">
        <ele>49.979584</ele>
        <time>2014-05-28T10:03:01.256000Z</time>
      </trkpt>
      <trkpt lat="38.818207" lon="121.14834">
        <ele>50.15829</ele>
        <time>2014-05-28T10:03:04.624000Z</time>
      </trkpt>
      <trkpt lat="38.81831" lon="121.148346">
        <ele>50.77459</ele>
        <time>2014-05-28T10:03:07.992000Z</time>
      </trkpt>
      <trkpt lat="38.8184" lon="121.14833">
        <ele>51.438515</ele>
        <time>2014-05-28T10:03:11.360000Z</time>
      </trkpt>
      <trkpt lat="38.818504" lon="121.14827">
        <ele>51.749226</ele>
        <time>2014-05-28T10:03:14.728000Z</time>
      </trkpt>
      <trkpt lat="38.818592" lon="121.14818">
        <ele>51.49622</ele>
        <time>2014-05-28T10:03:18.096000Z</time>
      </trkpt>
      <trkpt lat="38.818653" lon="121.14807">
        <ele>50.55336</ele>
        <time>2014-05-28T10:03:21.464000Z</time>
      </trkpt>
      <trkpt lat="38.818687" lon="121.14794">
        <ele>48.98701</ele>
        <time>2014-05-28T10:03:24.832000Z</time>
      </trkpt>
      <trkpt lat="38.818703" lon="121.147804">
        <ele>47.213947</ele>
        <time>2014-05-28T10:03:28.200000Z</time>
      </trkpt>
      <trkpt lat="38.818695" lon="121.14767">
        <ele>45.884457</ele>
        <time>2014-05-28T10:03:31.568000Z</time>
      </trkpt>
      <trkpt lat="38.81864" lon="121.14753">
        <ele>45.37001</ele>
        <time>2014-05-28T10:03:34.936000Z</time>
      </trkpt>
      <trkpt lat="38.818558" lon="121.147415">
        <ele>45.386513</ele>
        <time>2014-05-28T10:03:38.304000Z</time>
      </trkpt>
      <trkpt lat="38.818466" lon="121.14736">
        <ele>45.565987</ele>
        <time>2014-05-28T10:03:41.672000Z</time>
      </trkpt>
      <trkpt lat="38.81836" lon="121.14733">
        <ele>45.958122</ele>
        <time>2014-05-28T10:03:45.040000Z</time>
      </trkpt>
      <trkpt lat="38.81824" lon="121.14732">
        <ele>46.8252</ele>
        <time>2014-05-28T10:03:48.408000Z</time>
      </trkpt>
      <trkpt lat="38.818115" lon="121.14734">
        <ele>47.89892</ele>
        <time>2014-05-28T10:03:51.776000Z</time>
      </trkpt>
      <trkpt lat="38.818" lon="121.14734">
        <ele>48.665222</ele>
        <time>2014-05-28T10:03:55.144000Z</time>
      </trkpt>
      <trkpt lat="38.817898" lon="121.14734">
        <ele>48.985577</ele>
        <time>2014-05-28T10:03:58.512000Z</time>
      </trkpt>
      <trkpt lat="38.8178" lon="121.14736">
        <ele>49.111305</ele>
        <time>2014-05-28T10:04:01.880000Z</time>
      </trkpt>
      <trkpt lat="38.817703" lon="121.147354">
        <ele>49.25567</ele>
        <time>2014-05-28T10:04:05.248000Z</time>
      </trkpt>
      <trkpt lat="38.817604" lon="121.14735">
        <ele>48.93083</ele>
        <time>2014-05-28T10:04:08.616000Z</time>
      </trkpt>
      <trkpt lat="38.81751" lon="121.14735">
        <ele>47.76778</ele>
        <time>2014-05-28T10:04:11.984000Z</time>
      </trkpt>
      <trkpt lat="38.817417" lon="121.14736">
        <ele>46.723785</ele>
        <time>2014-05-28T10:04:15.352000Z</time>
      </trkpt>
      <trkpt lat="38.81734" lon="121.14742">
        <ele>46.800278</ele>
        <time>2014-05-28T10:04:18.720000Z</time>
      </trkpt>
      <trkpt lat="38.81727" lon="121.14751">
        <ele>47.799637</ele>
        <time>2014-05-28T10:04:22.088000Z</time>
      </trkpt>
      <trkpt lat="38.81722" lon="121.147644">
        <ele>48.99551</ele>
        <time>2014-05-28T10:04:25.456000Z</time>
      </trkpt>
      <trkpt lat="38.81719" lon="121.14779">
        <ele>49.57547</ele>
        <time>2014-05-28T10:04:28.824000Z</time>
      </trkpt>
      <trkpt lat="38.8172" lon="121.14792">
        <ele>49.198338</ele>
        <time>2014-05-28T10:04:32.192000Z</time>
      </trkpt>
      <trkpt lat="38.81725" lon="121.14805">
        <ele>48.28821</ele>
        <time>2014-05-28T10:04:35.560000Z</time>
      </trkpt>
      <trkpt lat="38.817318" lon="121.148155">
        <ele>47.444057</ele>
        <time>2014-05-28T10:04:38.928000Z</time>
      </trkpt>
      <trkpt lat="38.817398" lon="121.14823">
        <ele>47.18427</ele>
        <time>2014-05-28T10:04:42.296000Z</time>
      </trkpt>
      <trkpt lat="38.8175" lon="121.14828">
        <ele>47.630768</ele>
        <time>2014-05-28T10:04:45.664000Z</time>
      </trkpt>
      <trkpt lat="38.817608" lon="121.14828">
        <ele>47.738247</ele>
        <time>2014-05-28T10:04:49.032000Z</time>
      </trkpt>
      <trkpt lat="38.817715" lon="121.148285">
        <ele>46.723625</ele>
        <time>2014-05-28T10:04:52.400000Z</time>
      </trkpt>
      <trkpt lat="38.817818" lon="121.14829">
        <ele>45.405266</ele>
        <time>2014-05-28T10:04:55.768000Z</time>
      </trkpt>
      <trkpt lat="38.817924" lon="121.14829">
        <ele>44.583046</ele>
        <time>2014-05-28T10:04:59.136000Z</time>
      </trkpt>
      <trkpt lat="38.818027" lon="121.1483">
        <ele>44.31376</ele>
        <time>2014-05-28T10:05:02.504000Z</time>
      </trkpt>
      <trkpt lat="38.81812" lon="121.148315">
        <ele>44.58942</ele>
        <time>2014-05-28T10:05:05.872000Z</time>
      </trkpt>
      <trkpt lat="38.818237" lon="121.14833">
        <ele>45.29918</ele>
        <time>2014-05-28T10:05:09.240000Z</time>
      </trkpt>
      <trkpt lat="38.818333" lon="121.14832">
        <ele>46.173405</ele>
        <time>2014-05-28T10:05:12.608000Z</time>
      </trkpt>
      <trkpt lat="38.81843" lon="121.148285">
        <ele>46.7229</ele>
        <time>2014-05-28T10:05:15.976000Z</time>
      </trkpt>
      <trkpt lat="38.818527" lon="121.1482">
        <ele>46.64272</ele>
        <time>2014-05-28T10:05:19.344000Z</time>
      </trkpt>
      <trkpt lat="38.818615" lon="121.148094">
        <ele>46.46588</ele>
        <time>2014-05-28T10:05:22.712000Z</time>
      </trkpt>
      <trkpt lat="38.818672" lon="121.147964">
        <ele>46.674187</ele>
        <time>2014-05-28T10:05:26.080000Z</time>
      </trkpt>
      <trkpt lat="38.818695" lon="121.14781">
        <ele>46.801018</ele>
        <time>2014-05-28T10:05:29.448000Z</time>
      </trkpt>
      <trkpt lat="38.81869" lon="121.147675">
        <ele>46.37005</ele>
        <time>2014-05-28T10:05:32.816000Z</time>
      </trkpt>
      <trkpt lat="38.818638" lon="121.14755">
        <ele>45.38539</ele>
        <time>2014-05-28T10:05:36.184000Z</time>
      </trkpt>
      <trkpt lat="38.81857" lon="121.14746">
        <ele>44.450832</ele>
        <time>2014-05-28T10:05:39.552000Z</time>
      </trkpt>
      <trkpt lat="38.818455" lon="121.147385">
        <ele>44.577713</ele>
        <time>2014-05-28T10:05:42.920000Z</time>
      </trkpt>
      <trkpt lat="38.81834" lon="121.147354">
        <ele>45.73947</ele>
        <time>2014-05-28T10:05:46.288000Z</time>
      </trkpt>
      <trkpt lat="38.818233" lon="121.147354">
        <ele>46.807484</ele>
        <time>2014-05-28T10:05:49.656000Z</time>
      </trkpt>
      <trkpt lat="38.818127" lon="121.14736">
        <ele>47.452267</ele>
        <time>2014-05-28T10:05:53.024000Z</time>
      </trkpt>
      <trkpt lat="38.818012" lon="121.14737">
        <ele>48.317898</ele>
        <time>2014-05-28T10:05:56.392000Z</time>
      </trkpt>
      <trkpt lat="38.81791" lon="121.14737">
        <ele>49.768913</ele>
        <time>2014-05-28T10:05:59.760000Z</time>
      </trkpt>
      <trkpt lat="38.8178" lon="121.14737">
        <ele>51.227978</ele>
        <time>2014-05-28T10:06:03.128000Z</time>
      </trkpt>
      <trkpt lat="38.817707" lon="121.14736">
        <ele>52.046356</ele>
        <time>2014-05-28T10:06:06.496000Z</time>
      </trkpt>
      <trkpt lat="38.817604" lon="121.14735">
        <ele>51.950043</ele>
        <time>2014-05-28T10:06:09.864000Z</time>
      </trkpt>
      <trkpt lat="38.817493" lon="121.147354">
        <ele>51.0961</ele>
        <time>2014-05-28T10:06:13.232000Z</time>
      </trkpt>
      <trkpt lat="38.817394" lon="121.14739">
        <ele>49.656902</ele>
        <time>2014-05-28T10:06:16.600000Z</time>
      </trkpt>
      <trkpt lat="38.817314" lon="121.14748">
        <ele>47.797195</ele>
        <time>2014-05-28T10:06:19.968000Z</time>
      </trkpt>
      <trkpt lat="38.81724" lon="121.147606">
        <ele>46.176018</ele>
        <time>2014-05-28T10:06:23.336000Z</time>
      </trkpt>
      <trkpt lat="38.817204" lon="121.14773">
        <ele>45.345474</ele>
        <time>2014-05-28T10:06:26.704000Z</time>
      </trkpt>
      <trkpt lat="38.817192" lon="121.14785">
        <ele>45.064095</ele>
        <time>2014-05-28T10:06:30.072000Z</time>
      </trkpt>
      <trkpt lat="38.817223" lon="121.14798">
        <ele>45.03968</ele>
        <time>2014-05-28T10:06:33.440000Z</time>
      </trkpt>
      <trkpt lat="38.817284" lon="121.14811">
        <ele>45.28494</ele>
        <time>2014-05-28T10:06:36.808000Z</time>
      </trkpt>
      <trkpt lat="38.817356" lon="121.14819">
        <ele>45.816177</ele>
        <time>2014-05-28T10:06:40.176000Z</time>
      </trkpt>
      <trkpt lat="38.81745" lon="121.14823">
        <ele>46.38005</ele>
        <time>2014-05-28T10:06:43.544000Z</time>
      </trkpt>
      <trkpt lat="38.817566" lon="121.14825">
        <ele>46.76242</ele>
        <time>2014-05-28T10:06:46.912000Z</time>
      </trkpt>
      <trkpt lat="38.81767" lon="121.14824">
        <ele>47.21697</ele>
        <time>2014-05-28T10:06:50.280000Z</time>
      </trkpt>
      <trkpt lat="38.817776" lon="121.14824">
        <ele>47.924927</ele>
        <time>2014-05-28T10:06:53.648000Z</time>
      </trkpt>
      <trkpt lat="38.81788" lon="121.14825">
        <ele>48.359318</ele>
        <time>2014-05-28T10:06:57.016000Z</time>
      </trkpt>
      <trkpt lat="38.817978" lon="121.14825">
        <ele>47.472538</ele>
        <time>2014-05-28T10:07:00.384000Z</time>
      </trkpt>
      <trkpt lat="38.818066" lon="121.148254">
        <ele>45.334255</ele>
        <time>2014-05-28T10:07:03.752000Z</time>
      </trkpt>
      <trkpt lat="38.818176" lon="121.14826">
        <ele>43.829197</ele>
        <time>2014-05-28T10:07:07.120000Z</time>
      </trkpt>
      <trkpt lat="38.818287" lon="121.14827">
        <ele>44.545074</ele>
        <time>2014-05-28T10:07:10.488000Z</time>
      </trkpt>
      <trkpt lat="38.818386" lon="121.14827">
        <ele>46.685772</ele>
        <time>2014-05-28T10:07:13.856000Z</time>
      </trkpt>
      <trkpt lat="38.818485" lon="121.148224">
        <ele>48.476273</ele>
        <time>2014-05-28T10:07:17.224000Z</time>
      </trkpt>
      <trkpt lat="38.818573" lon="121.14813">
        <ele>49.10865</ele>
        <time>2014-05-28T10:07:20.592000Z</time>
      </trkpt>
      <trkpt lat="38.818634" lon="121.148026">
        <ele>48.88118</ele>
        <time>2014-05-28T10:07:23.960000Z</time>
      </trkpt>
      <trkpt lat="38.818665" lon="121.147896">
        <ele>48.538887</ele>
        <time>2014-05-28T10:07:27.328000Z</time>
      </trkpt>
      <trkpt lat="38.81867" lon="121.14775">
        <ele>48.556087</ele>
        <time>2014-05-28T10:07:30.696000Z</time>
      </trkpt>
      <trkpt lat="38.818645" lon="121.14762">
        <ele>48.779907</ele>
        <time>2014-05-28T10:07:34.064000Z</time>
      </trkpt>
      <trkpt lat="38.8186" lon="121.14751">
        <ele>48.551983</ele>
        <time>2014-05-28T10:07:37.432000Z</time>
      </trkpt>
      <trkpt lat="38.818516" lon="121.14742">
        <ele>47.592083</ele>
        <time>2014-05-28T10:07:40.800000Z</time>
      </trkpt>
      <trkpt lat="38.81843" lon="121.14737">
        <ele>46.515526</ele>
        <time>2014-05-28T10:07:44.168000Z</time>
      </trkpt>
      <trkpt lat="38.818325" lon="121.14735">
        <ele>46.0267</ele>
        <time>2014-05-28T10:07:47.536000Z</time>
      </trkpt>
      <trkpt lat="38.818222" lon="121.14734">
        <ele>46.02273</ele>
        <time>2014-05-28T10:07:50.904000Z</time>
      </trkpt>
      <trkpt lat="38.81812" lon="121.14734">
        <ele>45.734665</ele>
        <time>2014-05-28T10:07:54.272000Z</time>
      </trkpt>
      <trkpt lat="38.817997" lon="121.14733">
        <ele>44.791176</ele>
        <time>2014-05-28T10:07:57.640000Z</time>
      </trkpt>
      <trkpt lat="38.817898" lon="121.14732">
        <ele>44.026264</ele>
        <time>2014-05-28T10:08:01.008000Z</time>
      </trkpt>
      <trkpt lat="38.81779" lon="121.14732">
        <ele>44.092785</ele>
        <time>2014-05-28T10:08:04.375000Z</time>
      </trkpt>
      <trkpt lat="38.817684" lon="121.147316">
        <ele>44.562027</ele>
        <time>2014-05-28T10:08:07.742000Z</time>
      </trkpt>
      <trkpt lat="38.81758" lon="121.147316">
        <ele>44.78846</ele>
        <time>2014-05-28T10:08:11.109000Z</time>
      </trkpt>
      <trkpt lat="38.817482" lon="121.14733">
        <ele>44.59686</ele>
        <time>2014-05-28T10:08:14.476000Z</time>
      </trkpt>
      <trkpt lat="38.817375" lon="121.147385">
        <ele>44.226906</ele>
        <time>2014-05-28T10:08:17.843000Z</time>
      </trkpt>
      <trkpt lat="38.817287" lon="121.147484">
        <ele>43.974213</ele>
        <time>2014-05-28T10:08:21.210000Z</time>
      </trkpt>
      <trkpt lat="38.81723" lon="121.1476">
        <ele>44.234776</ele>
        <time>2014-05-28T10:08:24.577000Z</time>
      </trkpt>
      <trkpt lat="38.817207" lon="121.14773">
        <ele>45.344593</ele>
        <time>2014-05-28T10:08:27.944000Z</time>
      </trkpt>
      <trkpt lat="38.81721" lon="121.14787">
        <ele>46.82508</ele>
        <time>2014-05-28T10:08:31.311000Z</time>
      </trkpt>
      <trkpt lat="38.81725" lon="121.14801">
        <ele>47.7901</ele>
        <time>2014-05-28T10:08:34.678000Z</time>
      </trkpt>
      <trkpt lat="38.817307" lon="121.14812">
        <ele>48.030067</ele>
        <time>2014-05-28T10:08:38.045000Z</time>
      </trkpt>
      <trkpt lat="38.81739" lon="121.1482">
        <ele>47.813576</ele>
        <time>2014-05-28T10:08:41.412000Z</time>
      </trkpt>
      <trkpt lat="38.817482" lon="121.14824">
        <ele>47.4203</ele>
        <time>2014-05-28T10:08:44.779000Z</time>
      </trkpt>
      <trkpt lat="38.817596" lon="121.14827">
        <ele>46.790146</ele>
        <time>2014-05-28T10:08:48.146000Z</time>
      </trkpt>
      <trkpt lat="38.81769" lon="121.148285">
        <ele>45.685528</ele>
        <time>2014-05-28T10:08:51.513000Z</time>
      </trkpt>
      <trkpt lat="38.817806" lon="121.14829">
        <ele>44.579945</ele>
        <time>2014-05-28T10:08:54.880000Z</time>
      </trkpt>
      <trkpt lat="38.817898" lon="121.14829">
        <ele>44.34174</ele>
        <time>2014-05-28T10:08:58.247000Z</time>
      </trkpt>
      <trkpt lat="38.818005" lon="121.14829">
        <ele>44.89993</ele>
        <time>2014-05-28T10:09:01.614000Z</time>
      </trkpt>
      <trkpt lat="38.818134" lon="121.1483">
        <ele>45.583572</ele>
        <time>2014-05-28T10:09:04.981000Z</time>
      </trkpt>
      <trkpt lat="38.81824" lon="121.14831">
        <ele>46.04247</ele>
        <time>2014-05-28T10:09:08.348000Z</time>
      </trkpt>
      <trkpt lat="38.81835" lon="121.14831">
        <ele>46.076313</ele>
        <time>2014-05-28T10:09:11.715000Z</time>
      </trkpt>
      <trkpt lat="38.818436" lon="121.148285">
        <ele>45.518658</ele>
        <time>2014-05-28T10:09:15.082000Z</time>
      </trkpt>
      <trkpt lat="38.818546" lon="121.14821">
        <ele>44.66375</ele>
        <time>2014-05-28T10:09:18.449000Z</time>
      </trkpt>
      <trkpt lat="38.818623" lon="121.14811">
        <ele>44.42617</ele>
        <time>2014-05-28T10:09:21.816000Z</time>
      </trkpt>
      <trkpt lat="38.81867" lon="121.147995">
        <ele>45.20405</ele>
        <time>2014-05-28T10:09:25.183000Z</time>
      </trkpt>
      <trkpt lat="38.818695" lon="121.14786">
        <ele>46.0777</ele>
        <time>2014-05-28T10:09:28.550000Z</time>
      </trkpt>
      <trkpt lat="38.81869" lon="121.14774">
        <ele>46.209538</ele>
        <time>2014-05-28T10:09:31.917000Z</time>
      </trkpt>
      <trkpt lat="38.818645" lon="121.1476">
        <ele>46.014156</ele>
        <time>2014-05-28T10:09:35.284000Z</time>
      </trkpt>
      <trkpt lat="38.81858" lon="121.1475">
        <ele>46.283295</ele>
        <time>2014-05-28T10:09:38.651000Z</time>
      </trkpt>
      <trkpt lat="38.818493" lon="121.14742">
        <ele>47.049957</ele>
        <time>2014-05-28T10:09:42.018000Z</time>
      </trkpt>
      <trkpt lat="38.81839" lon="121.14737">
        <ele>47.702408</ele>
        <time>2014-05-28T10:09:45.385000Z</time>
      </trkpt>
      <trkpt lat="38.818295" lon="121.147354">
        <ele>47.755806</ele>
        <time>2014-05-28T10:09:48.752000Z</time>
      </trkpt>
      <trkpt lat="38.818184" lon="121.147354">
        <ele>47.233616</ele>
        <time>2014-05-28T10:09:52.119000Z</time>
      </trkpt>
      <trkpt lat="38.81806" lon="121.14735">
        <ele>46.60591</ele>
        <time>2014-05-28T10:09:55.486000Z</time>
      </trkpt>
      <trkpt lat="38.81796" lon="121.14734">
        <ele>46.274857</ele>
        <time>2014-05-28T10:09:58.853000Z</time>
      </trkpt>
      <trkpt lat="38.817852" lon="121.14733">
        <ele>46.411568</ele>
        <time>2014-05-28T10:10:02.220000Z</time>
      </trkpt>
      <trkpt lat="38.817745" lon="121.14732">
        <ele>46.735718</ele>
        <time>2014-05-28T10:10:05.587000Z</time>
      </trkpt>
      <trkpt lat="38.817623" lon="121.14733">
        <ele>46.661133</ele>
        <time>2014-05-28T10:10:08.954000Z</time>
      </trkpt>
      <trkpt lat="38.817513" lon="121.14733">
        <ele>46.225807</ele>
        <time>2014-05-28T10:10:12.321000Z</time>
      </trkpt>
      <trkpt lat="38.817425" lon="121.14736">
        <ele>46.219666</ele>
        <time>2014-05-28T10:10:15.688000Z</time>
      </trkpt>
      <trkpt lat="38.81733" lon="121.14743">
        <ele>46.894783</ele>
        <time>2014-05-28T10:10:19.055000Z</time>
      </trkpt>
      <trkpt lat="38.817257" lon="121.14753">
        <ele>47.70416</ele>
        <time>2014-05-28T10:10:22.422000Z</time>
      </trkpt>
      <trkpt lat="38.817207" lon="121.147675">
        <ele>48.261604</ele>
        <time>2014-05-28T10:10:25.789000Z</time>
      </trkpt>
      <trkpt lat="38.817192" lon="121.147804">
        <ele>48.711723</ele>
        <time>2014-05-28T10:10:29.156000Z</time>
      </trkpt>
      <trkpt lat="38.817215" lon="121.14794">
        <ele>48.717815</ele>
        <time>2014-05-28T10:10:32.523000Z</time>
      </trkpt>
      <trkpt lat="38.817265" lon="121.14806">
        <ele>48.011074</ele>
        <time>2014-05-28T10:10:35.890000Z</time>
      </trkpt>
      <trkpt lat="38.817337" lon="121.148155">
        <ele>47.15885</ele>
        <time>2014-05-28T10:10:39.257000Z</time>
      </trkpt>
      <trkpt lat="38.81743" lon="121.14823">
        <ele>46.762157</ele>
        <time>2014-05-28T10:10:42.624000Z</time>
      </trkpt>
      <trkpt lat="38.817516" lon="121.148254">
        <ele>47.2718</ele>
        <time>2014-05-28T10:10:45.991000Z</time>
      </trkpt>
      <trkpt lat="38.81764" lon="121.14827">
        <ele>48.699524</ele>
        <time>2014-05-28T10:10:49.358000Z</time>
      </trkpt>
      <trkpt lat="38.817757" lon="121.14827">
        <ele>49.985962</ele>
        <time>2014-05-28T10:10:52.725000Z</time>
      </trkpt>
      <trkpt lat="38.817863" lon="121.14828">
        <ele>50.329144</ele>
        <time>2014-05-28T10:10:56.092000Z</time>
      </trkpt>
      <trkpt lat="38.817986" lon="121.148285">
        <ele>50.24516</ele>
        <time>2014-05-28T10:10:59.459000Z</time>
      </trkpt>
      <trkpt lat="38.818108" lon="121.14829">
        <ele>50.44755</ele>
        <time>2014-05-28T10:11:02.826000Z</time>
      </trkpt>
      <trkpt lat="38.818233" lon="121.14829">
        <ele>50.951828</ele>
        <time>2014-05-28T10:11:06.193000Z</time>
      </trkpt>
      <trkpt lat="38.81835" lon="121.14829">
        <ele>51.373936</ele>
        <time>2014-05-28T10:11:09.560000Z</time>
      </trkpt>
      <trkpt lat="38.818466" lon="121.148254">
        <ele>51.281826</ele>
        <time>2014-05-28T10:11:12.927000Z</time>
      </trkpt>
      <trkpt lat="38.818565" lon="121.14818">
        <ele>50.067585</ele>
        <time>2014-05-28T10:11:16.294000Z</time>
      </trkpt>
      <trkpt lat="38.81863" lon="121.14809">
        <ele>47.92895</ele>
        <time>2014-05-28T10:11:19.661000Z</time>
      </trkpt>
      <trkpt lat="38.81868" lon="121.14795">
        <ele>46.18646</ele>
        <time>2014-05-28T10:11:23.028000Z</time>
      </trkpt>
      <trkpt lat="38.81869" lon="121.147804">
        <ele>45.581715</ele>
        <time>2014-05-28T10:11:26.395000Z</time>
      </trkpt>
      <trkpt lat="38.818665" lon="121.147675">
        <ele>45.675373</ele>
        <time>2014-05-28T10:11:29.762000Z</time>
      </trkpt>
      <trkpt lat="38.818604" lon="121.14755">
        <ele>46.281013</ele>
        <time>2014-05-28T10:11:33.129000Z</time>
      </trkpt>
      <trkpt lat="38.81853" lon="121.14746">
        <ele>47.38206</ele>
        <time>2014-05-28T10:11:36.496000Z</time>
      </trkpt>
      <trkpt lat="38.818417" lon="121.1474">
        <ele>48.53485</ele>
        <time>2014-05-28T10:11:39.863000Z</time>
      </trkpt>
      <trkpt lat="38.818314" lon="121.14738">
        <ele>49.18822</ele>
        <time>2014-05-28T10:11:43.230000Z</time>
      </trkpt>
      <trkpt lat="38.818195" lon="121.14737">
        <ele>49.35859</ele>
        <time>2014-05-28T10:11:46.597000Z</time>
      </trkpt>
      <trkpt lat="38.818077" lon="121.14736">
        <ele>49.278584</ele>
        <time>2014-05-28T10:11:49.964000Z</time>
      </trkpt>
      <trkpt lat="38.81795" lon="121.147354">
        <ele>49.136463</ele>
        <time>2014-05-28T10:11:53.331000Z</time>
      </trkpt>
      <trkpt lat="38.817837" lon="121.14736">
        <ele>48.973522</ele>
        <time>2014-05-28T10:11:56.698000Z</time>
      </trkpt>
      <trkpt lat="38.817734" lon="121.147354">
        <ele>48.793743</ele>
        <time>2014-05-28T10:12:00.065000Z</time>
      </trkpt>
      <trkpt lat="38.817627" lon="121.14735">
        <ele>48.601715</ele>
        <time>2014-05-28T10:12:03.432000Z</time>
      </trkpt>
      <trkpt lat="38.81752" lon="121.14734">
        <ele>48.293457</ele>
        <time>2014-05-28T10:12:06.799000Z</time>
      </trkpt>
      <trkpt lat="38.81743" lon="121.14737">
        <ele>47.9088</ele>
        <time>2014-05-28T10:12:10.166000Z</time>
      </trkpt>
      <trkpt lat="38.81734" lon="121.14743">
        <ele>47.845936</ele>
        <time>2014-05-28T10:12:13.533000Z</time>
      </trkpt>
      <trkpt lat="38.81726" lon="121.14753">
        <ele>48.100353</ele>
        <time>2014-05-28T10:12:16.900000Z</time>
      </trkpt>
      <trkpt lat="38.817215" lon="121.14766">
        <ele>48.3118</ele>
        <time>2014-05-28T10:12:20.267000Z</time>
      </trkpt>
      <trkpt lat="38.8172" lon="121.14782">
        <ele>48.399513</ele>
        <time>2014-05-28T10:12:23.634000Z</time>
      </trkpt>
      <trkpt lat="38.817215" lon="121.14794">
        <ele>48.04238</ele>
        <time>2014-05-28T10:12:27.001000Z</time>
      </trkpt>
      <trkpt lat="38.81726" lon="121.14807">
        <ele>47.516308</ele>
        <time>2014-05-28T10:12:30.368000Z</time>
      </trkpt>
      <trkpt lat="38.817345" lon="121.148186">
        <ele>47.58237</ele>
        <time>2014-05-28T10:12:33.735000Z</time>
      </trkpt>
      <trkpt lat="38.81744" lon="121.14825">
        <ele>48.1218</ele>
        <time>2014-05-28T10:12:37.102000Z</time>
      </trkpt>
      <trkpt lat="38.817535" lon="121.14828">
        <ele>48.476704</ele>
        <time>2014-05-28T10:12:40.469000Z</time>
      </trkpt>
      <trkpt lat="38.817665" lon="121.14828">
        <ele>48.60024</ele>
        <time>2014-05-28T10:12:43.836000Z</time>
      </trkpt>
      <trkpt lat="38.81777" lon="121.148285">
        <ele>48.66168</ele>
        <time>2014-05-28T10:12:47.203000Z</time>
      </trkpt>
      <trkpt lat="38.81788" lon="121.148285">
        <ele>48.898724</ele>
        <time>2014-05-28T10:12:50.570000Z</time>
      </trkpt>
      <trkpt lat="38.817997" lon="121.14829">
        <ele>49.416496</ele>
        <time>2014-05-28T10:12:53.937000Z</time>
      </trkpt>
      <trkpt lat="38.81809" lon="121.14829">
        <ele>50.11883</ele>
        <time>2014-05-28T10:12:57.304000Z</time>
      </trkpt>
      <trkpt lat="38.818195" lon="121.1483">
        <ele>50.72514</ele>
        <time>2014-05-28T10:13:00.671000Z</time>
      </trkpt>
      <trkpt lat="38.818314" lon="121.14831">
        <ele>51.06999</ele>
        <time>2014-05-28T10:13:04.038000Z</time>
      </trkpt>
      <trkpt lat="38.818413" lon="121.14829">
        <ele>51.001938</ele>
        <time>2014-05-28T10:13:07.405000Z</time>
      </trkpt>
      <trkpt lat="38.818512" lon="121.14824">
        <ele>50.425827</ele>
        <time>2014-05-28T10:13:10.772000Z</time>
      </trkpt>
      <trkpt lat="38.81859" lon="121.14815">
        <ele>49.605076</ele>
        <time>2014-05-28T10:13:14.139000Z</time>
      </trkpt>
      <trkpt lat="38.818645" lon="121.14803">
        <ele>48.584946</ele>
        <time>2014-05-28T10:13:17.506000Z</time>
      </trkpt>
      <trkpt lat="38.818684" lon="121.147896">
        <ele>47.275677</ele>
        <time>2014-05-28T10:13:20.873000Z</time>
      </trkpt>
      <trkpt lat="38.81869" lon="121.14777">
        <ele>46.30363</ele>
        <time>2014-05-28T10:13:24.240000Z</time>
      </trkpt>
      <trkpt lat="38.81867" lon="121.147644">
        <ele>46.168907</ele>
        <time>2014-05-28T10:13:27.607000Z</time>
      </trkpt>
      <trkpt lat="38.8186" lon="121.14752">
        <ele>46.389908</ele>
        <time>2014-05-28T10:13:30.974000Z</time>
      </trkpt>
      <trkpt lat="38.818516" lon="121.14743">
        <ele>46.455315</ele>
        <time>2014-05-28T10:13:34.341000Z</time>
      </trkpt>
      <trkpt lat="38.818417" lon="121.14737">
        <ele>46.51799</ele>
        <time>2014-05-28T10:13:37.708000Z</time>
      </trkpt>
      <trkpt lat="38.818306" lon="121.14735">
        <ele>46.82729</ele>
        <time>2014-05-28T10:13:41.075000Z</time>
      </trkpt>
      <trkpt lat="38.81821" lon="121.14734">
        <ele>47.035923</ele>
        <time>2014-05-28T10:13:44.442000Z</time>
      </trkpt>
      <trkpt lat="38.81811" lon="121.14734">
        <ele>46.52466</ele>
        <time>2014-05-28T10:13:47.809000Z</time>
      </trkpt>
      <trkpt lat="38.81799" lon="121.14733">
        <ele>45.389664</ele>
        <time>2014-05-28T10:13:51.176000Z</time>
      </trkpt>
      <trkpt lat="38.817875" lon="121.14732">
        <ele>44.393925</ele>
        <time>2014-05-28T10:13:54.543000Z</time>
      </trkpt>
      <trkpt lat="38.81777" lon="121.14733">
        <ele>44.03153</ele>
        <time>2014-05-28T10:13:57.910000Z</time>
      </trkpt>
      <trkpt lat="38.817642" lon="121.14732">
        <ele>44.375008</ele>
        <time>2014-05-28T10:14:01.277000Z</time>
      </trkpt>
      <trkpt lat="38.81753" lon="121.14732">
        <ele>45.198948</ele>
        <time>2014-05-28T10:14:04.644000Z</time>
      </trkpt>
      <trkpt lat="38.81744" lon="121.147354">
        <ele>45.925457</ele>
        <time>2014-05-28T10:14:08.011000Z</time>
      </trkpt>
      <trkpt lat="38.817345" lon="121.14743">
        <ele>46.140095</ele>
        <time>2014-05-28T10:14:11.378000Z</time>
      </trkpt>
      <trkpt lat="38.81727" lon="121.147545">
        <ele>45.941227</ele>
        <time>2014-05-28T10:14:14.745000Z</time>
      </trkpt>
      <trkpt lat="38.817223" lon="121.14767">
        <ele>45.65362</ele>
        <time>2014-05-28T10:14:18.112000Z</time>
      </trkpt>
      <trkpt lat="38.817204" lon="121.14781">
        <ele>45.594227</ele>
        <time>2014-05-28T10:14:21.479000Z</time>
      </trkpt>
      <trkpt lat="38.817207" lon="121.14794">
        <ele>46.077423</ele>
        <time>2014-05-28T10:14:24.846000Z</time>
      </trkpt>
      <trkpt lat="38.817257" lon="121.14808">
        <ele>47.040073</ele>
        <time>2014-05-28T10:14:28.213000Z</time>
      </trkpt>
      <trkpt lat="38.81734" lon="121.14819">
        <ele>47.698437</ele>
        <time>2014-05-28T10:14:31.580000Z</time>
      </trkpt>
      <trkpt lat="38.81746" lon="121.148254">
        <ele>47.43882</ele>
        <time>2014-05-28T10:14:34.947000Z</time>
      </trkpt>
      <trkpt lat="38.817566" lon="121.14827">
        <ele>46.62353</ele>
        <time>2014-05-28T10:14:38.314000Z</time>
      </trkpt>
      <trkpt lat="38.81766" lon="121.14827">
        <ele>45.661015</ele>
        <time>2014-05-28T10:14:41.681000Z</time>
      </trkpt>
      <trkpt lat="38.817783" lon="121.14826">
        <ele>44.629498</ele>
        <time>2014-05-28T10:14:45.048000Z</time>
      </trkpt>
      <trkpt lat="38.81789" lon="121.14828">
        <ele>43.981956</ele>
        <time>2014-05-28T10:14:48.415000Z</time>
      </trkpt>
      <trkpt lat="38.81801" lon="121.14828">
        <ele>44.058273</ele>
        <time>2014-05-28T10:14:51.782000Z</time>
      </trkpt>
      <trkpt lat="38.81813" lon="121.148285">
        <ele>44.44555</ele>
        <time>2014-05-28T10:14:55.149000Z</time>
      </trkpt>
      <trkpt lat="38.818233" lon="121.14829">
        <ele>45.0822</ele>
        <time>2014-05-28T10:14:58.516000Z</time>
      </trkpt>
      <trkpt lat="38.818333" lon="121.14829">
        <ele>46.247467</ele>
        <time>2014-05-28T10:15:01.883000Z</time>
      </trkpt>
      <trkpt lat="38.818428" lon="121.14827">
        <ele>47.63198</ele>
        <time>2014-05-28T10:15:05.250000Z</time>
      </trkpt>
      <trkpt lat="38.818512" lon="121.148224">
        <ele>48.548435</ele>
        <time>2014-05-28T10:15:08.617000Z</time>
      </trkpt>
      <trkpt lat="38.81859" lon="121.14814">
        <ele>48.30986</ele>
        <time>2014-05-28T10:15:11.984000Z</time>
      </trkpt>
      <trkpt lat="38.818657" lon="121.14802">
        <ele>46.943127</ele>
        <time>2014-05-28T10:15:15.351000Z</time>
      </trkpt>
      <trkpt lat="38.818695" lon="121.14787">
        <ele>45.711834</ele>
        <time>2014-05-28T10:15:18.718000Z</time>
      </trkpt>
      <trkpt lat="38.818684" lon="121.147736">
        <ele>45.638245</ele>
        <time>2014-05-28T10:15:22.085000Z</time>
      </trkpt>
      <trkpt lat="38.81864" lon="121.14759">
        <ele>46.385647</ele>
        <time>2014-05-28T10:15:25.452000Z</time>
      </trkpt>
      <trkpt lat="38.818565" lon="121.14748">
        <ele>47.133694</ele>
        <time>2014-05-28T10:15:28.819000Z</time>
      </trkpt>
      <trkpt lat="38.81847" lon="121.1474">
        <ele>47.77469</ele>
        <time>2014-05-28T10:15:32.186000Z</time>
      </trkpt>
      <trkpt lat="38.818375" lon="121.14737">
        <ele>48.044346</ele>
        <time>2014-05-28T10:15:35.553000Z</time>
      </trkpt>
      <trkpt lat="38.818256" lon="121.14735">
        <ele>47.609467</ele>
        <time>2014-05-28T10:15:38.920000Z</time>
      </trkpt>
      <trkpt lat="38.81814" lon="121.14734">
        <ele>47.032173</ele>
        <time>2014-05-28T10:15:42.287000Z</time>
      </trkpt>
      <trkpt lat="38.81803" lon="121.14734">
        <ele>46.885788</ele>
        <time>2014-05-28T10:15:45.654000Z</time>
      </trkpt>
      <trkpt lat="38.817924" lon="121.14733">
        <ele>46.929188</ele>
        <time>2014-05-28T10:15:49.021000Z</time>
      </trkpt>
      <trkpt lat="38.81781" lon="121.14733">
        <ele>46.85711</ele>
        <time>2014-05-28T10:15:52.388000Z</time>
      </trkpt>
      <trkpt lat="38.817696" lon="121.14732">
        <ele>46.462936</ele>
        <time>2014-05-28T10:15:55.755000Z</time>
      </trkpt>
      <trkpt lat="38.817585" lon="121.14732">
        <ele>46.019382</ele>
        <time>2014-05-28T10:15:59.122000Z</time>
      </trkpt>
      <trkpt lat="38.81748" lon="121.14734">
        <ele>45.917572</ele>
        <time>2014-05-28T10:16:02.489000Z</time>
      </trkpt>
      <trkpt lat="38.817383" lon="121.1474">
        <ele>46.38356</ele>
        <time>2014-05-28T10:16:05.856000Z</time>
      </trkpt>
      <trkpt lat="38.81729" lon="121.147484">
        <ele>47.265537</ele>
        <time>2014-05-28T10:16:09.223000Z</time>
      </trkpt>
      <trkpt lat="38.817245" lon="121.14759">
        <ele>48.103344</ele>
        <time>2014-05-28T10:16:12.590000Z</time>
      </trkpt>
      <trkpt lat="38.817204" lon="121.147736">
        <ele>48.656902</ele>
        <time>2014-05-28T10:16:15.957000Z</time>
      </trkpt>
      <trkpt lat="38.817196" lon="121.14786">
        <ele>49.025345</ele>
        <time>2014-05-28T10:16:19.324000Z</time>
      </trkpt>
      <trkpt lat="38.81722" lon="121.14797">
        <ele>49.065517</ele>
        <time>2014-05-28T10:16:22.691000Z</time>
      </trkpt>
      <trkpt lat="38.817272" lon="121.14808">
        <ele>48.604763</ele>
        <time>2014-05-28T10:16:26.058000Z</time>
      </trkpt>
      <trkpt lat="38.81735" lon="121.14818">
        <ele>47.839424</ele>
        <time>2014-05-28T10:16:29.425000Z</time>
      </trkpt>
      <trkpt lat="38.817436" lon="121.14825">
        <ele>47.174118</ele>
        <time>2014-05-28T10:16:32.792000Z</time>
      </trkpt>
      <trkpt lat="38.81756" lon="121.14828">
        <ele>47.11587</ele>
        <time>2014-05-28T10:16:36.159000Z</time>
      </trkpt>
      <trkpt lat="38.81765" lon="121.148285">
        <ele>47.82556</ele>
        <time>2014-05-28T10:16:39.526000Z</time>
      </trkpt>
      <trkpt lat="38.817757" lon="121.14829">
        <ele>48.79506</ele>
        <time>2014-05-28T10:16:42.893000Z</time>
      </trkpt>
      <trkpt lat="38.81787" lon="121.14829">
        <ele>49.490147</ele>
        <time>2014-05-28T10:16:46.260000Z</time>
      </trkpt>
      <trkpt lat="38.817986" lon="121.14829">
        <ele>49.523663</ele>
        <time>2014-05-28T10:16:49.627000Z</time>
      </trkpt>
      <trkpt lat="38.818092" lon="121.14831">
        <ele>48.819134</ele>
        <time>2014-05-28T10:16:52.994000Z</time>
      </trkpt>
      <trkpt lat="38.81819" lon="121.148315">
        <ele>48.13506</ele>
        <time>2014-05-28T10:16:56.361000Z</time>
      </trkpt>
      <trkpt lat="38.8183" lon="121.14832">
        <ele>48.19482</ele>
        <time>2014-05-28T10:16:59.728000Z</time>
      </trkpt>
      <trkpt lat="38.81842" lon="121.14829">
        <ele>48.903805</ele>
        <time>2014-05-28T10:17:03.095000Z</time>
      </trkpt>
      <trkpt lat="38.818504" lon="121.14825">
        <ele>49.634926</ele>
        <time>2014-05-28T10:17:06.462000Z</time>
      </trkpt>
      <trkpt lat="38.8186" lon="121.148155">
        <ele>49.52082</ele>
        <time>2014-05-28T10:17:09.829000Z</time>
      </trkpt>
      <trkpt lat="38.818657" lon="121.148026">
        <ele>48.344757</ele>
        <time>2014-05-28T10:17:13.196000Z</time>
      </trkpt>
      <trkpt lat="38.818684" lon="121.14789">
        <ele>47.05283</ele>
        <time>2014-05-28T10:17:16.563000Z</time>
      </trkpt>
      <trkpt lat="38.818676" lon="121.147736">
        <ele>46.47582</ele>
        <time>2014-05-28T10:17:19.930000Z</time>
      </trkpt>
      <trkpt lat="38.818653" lon="121.14761">
        <ele>46.463394</ele>
        <time>2014-05-28T10:17:23.297000Z</time>
      </trkpt>
      <trkpt lat="38.818584" lon="121.147484">
        <ele>46.3073</ele>
        <time>2014-05-28T10:17:26.664000Z</time>
      </trkpt>
      <trkpt lat="38.818474" lon="121.14738">
        <ele>45.66138</ele>
        <time>2014-05-28T10:17:30.031000Z</time>
      </trkpt>
      <trkpt lat="38.81838" lon="121.14734">
        <ele>45.743164</ele>
        <time>2014-05-28T10:17:33.398000Z</time>
      </trkpt>
      <trkpt lat="38.81827" lon="121.14734">
        <ele>47.48972</ele>
        <time>2014-05-28T10:17:36.765000Z</time>
      </trkpt>
      <trkpt lat="38.818153" lon="121.14734">
        <ele>49.476818</ele>
        <time>2014-05-28T10:17:40.132000Z</time>
      </trkpt>
      <trkpt lat="38.818043" lon="121.14734">
        <ele>50.199738</ele>
        <time>2014-05-28T10:17:43.499000Z</time>
      </trkpt>
      <trkpt lat="38.817913" lon="121.14734">
        <ele>49.86063</ele>
        <time>2014-05-28T10:17:46.866000Z</time>
      </trkpt>
      <trkpt lat="38.817795" lon="121.14732">
        <ele>49.170452</ele>
        <time>2014-05-28T10:17:50.233000Z</time>
      </trkpt>
      <trkpt lat="38.81769" lon="121.14732">
        <ele>48.510227</ele>
        <time>2014-05-28T10:17:53.600000Z</time>
      </trkpt>
      <trkpt lat="38.817593" lon="121.147316">
        <ele>48.084602</ele>
        <time>2014-05-28T10:17:56.967000Z</time>
      </trkpt>
      <trkpt lat="38.817486" lon="121.147316">
        <ele>47.96134</ele>
        <time>2014-05-28T10:18:00.334000Z</time>
      </trkpt>
      <trkpt lat="38.817398" lon="121.14736">
        <ele>47.926003</ele>
        <time>2014-05-28T10:18:03.701000Z</time>
      </trkpt>
      <trkpt lat="38.817318" lon="121.14745">
        <ele>47.637283</ele>
        <time>2014-05-28T10:18:07.068000Z</time>
      </trkpt>
      <trkpt lat="38.81725" lon="121.14755">
        <ele>47.081505</ele>
        <time>2014-05-28T10:18:10.435000Z</time>
      </trkpt>
      <trkpt lat="38.817207" lon="121.14769">
        <ele>46.63117</ele>
        <time>2014-05-28T10:18:13.802000Z</time>
      </trkpt>
      <trkpt lat="38.817196" lon="121.14786">
        <ele>46.58718</ele>
        <time>2014-05-28T10:18:17.169000Z</time>
      </trkpt>
      <trkpt lat="38.817226" lon="121.14799">
        <ele>46.436214</ele>
        <time>2014-05-28T10:18:20.536000Z</time>
      </trkpt>
      <trkpt lat="38.817287" lon="121.148125">
        <ele>45.742817</ele>
        <time>2014-05-28T10:18:23.903000Z</time>
      </trkpt>
      <trkpt lat="38.817375" lon="121.1482">
        <ele>45.07513</ele>
        <time>2014-05-28T10:18:27.270000Z</time>
      </trkpt>
      <trkpt lat="38.81747" lon="121.148254">
        <ele>45.532352</ele>
        <time>2014-05-28T10:18:30.637000Z</time>
      </trkpt>
      <trkpt lat="38.817585" lon="121.14827">
        <ele>47.1801</ele>
        <time>2014-05-28T10:18:34.004000Z</time>
      </trkpt>
      <trkpt lat="38.817707" lon="121.14828">
        <ele>48.845695</ele>
        <time>2014-05-28T10:18:37.371000Z</time>
      </trkpt>
      <trkpt lat="38.817818" lon="121.148285">
        <ele>49.77773</ele>
        <time>2014-05-28T10:18:40.738000Z</time>
      </trkpt>
      <trkpt lat="38.817913" lon="121.14829">
        <ele>50.243317</ele>
        <time>2014-05-28T10:18:44.105000Z</time>
      </trkpt>
      <trkpt lat="38.818005" lon="121.1483">
        <ele>50.77209</ele>
        <time>2014-05-28T10:18:47.472000Z</time>
      </trkpt>
      <trkpt lat="38.818115" lon="121.14831">
        <ele>51.62073</ele>
        <time>2014-05-28T10:18:50.839000Z</time>
      </trkpt>
      <trkpt lat="38.818237" lon="121.148315">
        <ele>52.56237</ele>
        <time>2014-05-28T10:18:54.206000Z</time>
      </trkpt>
      <trkpt lat="38.81833" lon="121.148315">
        <ele>53.286335</ele>
        <time>2014-05-28T10:18:57.573000Z</time>
      </trkpt>
      <trkpt lat="38.81844" lon="121.14828">
        <ele>53.701527</ele>
        <time>2014-05-28T10:19:00.940000Z</time>
      </trkpt>
      <trkpt lat="38.818554" lon="121.14819">
        <ele>54.07161</ele>
        <time>2014-05-28T10:19:04.307000Z</time>
      </trkpt>
      <trkpt lat="38.81863" lon="121.14806">
        <ele>54.380253</ele>
        <time>2014-05-28T10:19:07.674000Z</time>
      </trkpt>
      <trkpt lat="38.81867" lon="121.14795">
        <ele>53.512234</ele>
        <time>2014-05-28T10:19:11.041000Z</time>
      </trkpt>
      <trkpt lat="38.818695" lon="121.14782">
        <ele>50.701603</ele>
        <time>2014-05-28T10:19:14.408000Z</time>
      </trkpt>
      <trkpt lat="38.818676" lon="121.147675">
        <ele>47.04289</ele>
        <time>2014-05-28T10:19:17.775000Z</time>
      </trkpt>
      <trkpt lat="38.81863" lon="121.14754">
        <ele>44.31222</ele>
        <time>2014-05-28T10:19:21.142000Z</time>
      </trkpt>
      <trkpt lat="38.818558" lon="121.14743">
        <ele>43.32068</ele>
        <time>2014-05-28T10:19:24.509000Z</time>
      </trkpt>
      <trkpt lat="38.818455" lon="121.14737">
        <ele>43.678146</ele>
        <time>2014-05-28T10:19:27.876000Z</time>
      </trkpt>
      <trkpt lat="38.818333" lon="121.14734">
        <ele>44.503937</ele>
        <time>2014-05-28T10:19:31.243000Z</time>
      </trkpt>
      <trkpt lat="38.81822" lon="121.14734">
        <ele>45.098476</ele>
        <time>2014-05-28T10:19:34.610000Z</time>
      </trkpt>
      <trkpt lat="38.818115" lon="121.14735">
        <ele>45.730515</ele>
        <time>2014-05-28T10:19:37.977000Z</time>
      </trkpt>
      <trkpt lat="38.818115" lon="121.14735">
        <ele>46.814945</ele>
        <time>2014-05-28T10:19:41.344000Z</time>
      </trkpt>
      <trkpt lat="38.818024" lon="121.14734">
        <ele>48.046326</ele>
        <time>2014-05-28T10:19:44.711000Z</time>
      </trkpt>
      <trkpt lat="38.81792" lon="121.14732">
        <ele>48.6873</ele>
        <time>2014-05-28T10:19:48.078000Z</time>
      </trkpt>
      <trkpt lat="38.8178" lon="121.14733">
        <ele>48.73706</ele>
        <time>2014-05-28T10:19:51.445000Z</time>
      </trkpt>
      <trkpt lat="38.817703" lon="121.14733">
        <ele>49.118458</ele>
        <time>2014-05-28T10:19:54.812000Z</time>
      </trkpt>
      <trkpt lat="38.817703" lon="121.14733">
        <ele>50.19189</ele>
        <time>2014-05-28T10:19:58.179000Z</time>
      </trkpt>
      <trkpt lat="38.817577" lon="121.14733">
        <ele>51.159874</ele>
        <time>2014-05-28T10:20:01.546000Z</time>
      </trkpt>
      <trkpt lat="38.81747" lon="121.14732">
        <ele>51.320385</ele>
        <time>2014-05-28T10:20:04.913000Z</time>
      </trkpt>
      <trkpt lat="38.817375" lon="121.14736">
        <ele>51.006596</ele>
        <time>2014-05-28T10:20:08.280000Z</time>
      </trkpt>
      <trkpt lat="38.817276" lon="121.14745">
        <ele>50.78617</ele>
        <time>2014-05-28T10:20:11.647000Z</time>
      </trkpt>
      <trkpt lat="38.81721" lon="121.14759">
        <ele>50.51542</ele>
        <time>2014-05-28T10:20:15.014000Z</time>
      </trkpt>
      <trkpt lat="38.81719" lon="121.147736">
        <ele>49.98014</ele>
        <time>2014-05-28T10:20:18.381000Z</time>
      </trkpt>
      <trkpt lat="38.81718" lon="121.14786">
        <ele>49.444183</ele>
        <time>2014-05-28T10:20:21.748000Z</time>
      </trkpt>
      <trkpt lat="38.81721" lon="121.14801">
        <ele>48.736107</ele>
        <time>2014-05-28T10:20:25.115000Z</time>
      </trkpt>
      <trkpt lat="38.81727" lon="121.14811">
        <ele>47.923416</ele>
        <time>2014-05-28T10:20:28.482000Z</time>
      </trkpt>
      <trkpt lat="38.817364" lon="121.14821">
        <ele>47.54837</ele>
        <time>2014-05-28T10:20:31.849000Z</time>
      </trkpt>
      <trkpt lat="38.81747" lon="121.14827">
        <ele>47.777267</ele>
        <time>2014-05-28T10:20:35.216000Z</time>
      </trkpt>
      <trkpt lat="38.817577" lon="121.14828">
        <ele>48.19559</ele>
        <time>2014-05-28T10:20:38.583000Z</time>
      </trkpt>
      <trkpt lat="38.817688" lon="121.148285">
        <ele>48.52035</ele>
        <time>2014-05-28T10:20:41.950000Z</time>
      </trkpt>
      <trkpt lat="38.8178" lon="121.148285">
        <ele>48.74827</ele>
        <time>2014-05-28T10:20:45.317000Z</time>
      </trkpt>
      <trkpt lat="38.81791" lon="121.14829">
        <ele>49.384453</ele>
        <time>2014-05-28T10:20:48.684000Z</time>
      </trkpt>
      <trkpt lat="38.818005" lon="121.14829">
        <ele>50.580704</ele>
        <time>2014-05-28T10:20:52.051000Z</time>
      </trkpt>
      <trkpt lat="38.818115" lon="121.14831">
        <ele>51.66618</ele>
        <time>2014-05-28T10:20:55.418000Z</time>
      </trkpt>
      <trkpt lat="38.818214" lon="121.148315">
        <ele>51.746418</ele>
        <time>2014-05-28T10:20:58.785000Z</time>
      </trkpt>
      <trkpt lat="38.81832" lon="121.148315">
        <ele>50.668003</ele>
        <time>2014-05-28T10:21:02.152000Z</time>
      </trkpt>
      <trkpt lat="38.818424" lon="121.14829">
        <ele>49.20104</ele>
        <time>2014-05-28T10:21:05.519000Z</time>
      </trkpt>
      <trkpt lat="38.818527" lon="121.148224">
        <ele>48.077843</ele>
        <time>2014-05-28T10:21:08.886000Z</time>
      </trkpt>
      <trkpt lat="38.818615" lon="121.14811">
        <ele>47.015182</ele>
        <time>2014-05-28T10:21:12.253000Z</time>
      </trkpt>
      <trkpt lat="38.818676" lon="121.147964">
        <ele>45.737434</ele>
        <time>2014-05-28T10:21:15.620000Z</time>
      </trkpt>
      <trkpt lat="38.818695" lon="121.14785">
        <ele>44.679523</ele>
        <time>2014-05-28T10:21:18.987000Z</time>
      </trkpt>
      <trkpt lat="38.818687" lon="121.14773">
        <ele>44.430927</ele>
        <time>2014-05-28T10:21:22.354000Z</time>
      </trkpt>
      <trkpt lat="38.818657" lon="121.14758">
        <ele>44.933983</ele>
        <time>2014-05-28T10:21:25.721000Z</time>
      </trkpt>
      <trkpt lat="38.818584" lon="121.14746">
        <ele>45.50446</ele>
        <time>2014-05-28T10:21:29.088000Z</time>
      </trkpt>
      <trkpt lat="38.818493" lon="121.14739">
        <ele>45.62637</ele>
        <time>2014-05-28T10:21:32.455000Z</time>
      </trkpt>
      <trkpt lat="38.818382" lon="121.14735">
        <ele>45.512657</ele>
        <time>2014-05-28T10:21:35.822000Z</time>
      </trkpt>
      <trkpt lat="38.818268" lon="121.14733">
        <ele>45.58418</ele>
        <time>2014-05-28T10:21:39.189000Z</time>
      </trkpt>
      <trkpt lat="38.81815" lon="121.14735">
        <ele>46.477955</ele>
        <time>2014-05-28T10:21:42.556000Z</time>
      </trkpt>
      <trkpt lat="38.81803" lon="121.14735">
        <ele>48.04093</ele>
        <time>2014-05-28T10:21:45.923000Z</time>
      </trkpt>
      <trkpt lat="38.817924" lon="121.14734">
        <ele>49.08133</ele>
        <time>2014-05-28T10:21:49.290000Z</time>
      </trkpt>
      <trkpt lat="38.81781" lon="121.14734">
        <ele>49.179028</ele>
        <time>2014-05-28T10:21:52.657000Z</time>
      </trkpt>
      <trkpt lat="38.81772" lon="121.14733">
        <ele>49.505028</ele>
        <time>2014-05-28T10:21:56.024000Z</time>
      </trkpt>
      <trkpt lat="38.817608" lon="121.147316">
        <ele>50.739338</ele>
        <time>2014-05-28T10:21:59.391000Z</time>
      </trkpt>
      <trkpt lat="38.817493" lon="121.14732">
        <ele>51.9786</ele>
        <time>2014-05-28T10:22:02.758000Z</time>
      </trkpt>
      <trkpt lat="38.817387" lon="121.14736">
        <ele>52.00733</ele>
        <time>2014-05-28T10:22:06.125000Z</time>
      </trkpt>
      <trkpt lat="38.817284" lon="121.14745">
        <ele>51.289684</ele>
        <time>2014-05-28T10:22:09.492000Z</time>
      </trkpt>
      <trkpt lat="38.8172" lon="121.14758">
        <ele>51.152412</ele>
        <time>2014-05-28T10:22:12.859000Z</time>
      </trkpt>
      <trkpt lat="38.81716" lon="121.14772">
        <ele>51.850334</ele>
        <time>2014-05-28T10:22:16.226000Z</time>
      </trkpt>
      <trkpt lat="38.817165" lon="121.147865">
        <ele>52.324516</ele>
        <time>2014-05-28T10:22:19.593000Z</time>
      </trkpt>
      <trkpt lat="38.817207" lon="121.148026">
        <ele>51.848335</ele>
        <time>2014-05-28T10:22:22.960000Z</time>
      </trkpt>
      <trkpt lat="38.81727" lon="121.14813">
        <ele>50.524864</ele>
        <time>2014-05-28T10:22:26.327000Z</time>
      </trkpt>
      <trkpt lat="38.817345" lon="121.14822">
        <ele>48.981354</ele>
        <time>2014-05-28T10:22:29.694000Z</time>
      </trkpt>
      <trkpt lat="38.817463" lon="121.148254">
        <ele>48.15699</ele>
        <time>2014-05-28T10:22:33.061000Z</time>
      </trkpt>
      <trkpt lat="38.8176" lon="121.14826">
        <ele>48.431446</ele>
        <time>2014-05-28T10:22:36.428000Z</time>
      </trkpt>
      <trkpt lat="38.81772" lon="121.14827">
        <ele>48.937283</ele>
        <time>2014-05-28T10:22:39.795000Z</time>
      </trkpt>
      <trkpt lat="38.817837" lon="121.14828">
        <ele>48.796646</ele>
        <time>2014-05-28T10:22:43.162000Z</time>
      </trkpt>
      <trkpt lat="38.817944" lon="121.148285">
        <ele>48.16613</ele>
        <time>2014-05-28T10:22:46.529000Z</time>
      </trkpt>
      <trkpt lat="38.818054" lon="121.14829">
        <ele>47.624203</ele>
        <time>2014-05-28T10:22:49.896000Z</time>
      </trkpt>
      <trkpt lat="38.81817" lon="121.14831">
        <ele>47.21466</ele>
        <time>2014-05-28T10:22:53.263000Z</time>
      </trkpt>
      <trkpt lat="38.818302" lon="121.1483">
        <ele>46.64806</ele>
        <time>2014-05-28T10:22:56.630000Z</time>
      </trkpt>
      <trkpt lat="38.818417" lon="121.148285">
        <ele>46.015343</ele>
        <time>2014-05-28T10:22:59.997000Z</time>
      </trkpt>
      <trkpt lat="38.818523" lon="121.14825">
        <ele>45.464287</ele>
        <time>2014-05-28T10:23:03.364000Z</time>
      </trkpt>
      <trkpt lat="38.81862" lon="121.14815">
        <ele>44.845264</ele>
        <time>2014-05-28T10:23:06.731000Z</time>
      </trkpt>
      <trkpt lat="38.81869" lon="121.14803">
        <ele>44.006386</ele>
        <time>2014-05-28T10:23:10.098000Z</time>
      </trkpt>
      <trkpt lat="38.818726" lon="121.14789">
        <ele>42.894173</ele>
        <time>2014-05-28T10:23:13.465000Z</time>
      </trkpt>
      <trkpt lat="38.818714" lon="121.14773">
        <ele>41.744877</ele>
        <time>2014-05-28T10:23:16.832000Z</time>
      </trkpt>
      <trkpt lat="38.81867" lon="121.14756">
        <ele>41.174446</ele>
        <time>2014-05-28T10:23:20.199000Z</time>
      </trkpt>
      <trkpt lat="38.81858" lon="121.14743">
        <ele>41.375126</ele>
        <time>2014-05-28T10:23:23.566000Z</time>
      </trkpt>
      <trkpt lat="38.818504" lon="121.14736">
        <ele>41.362022</ele>
        <time>2014-05-28T10:23:26.933000Z</time>
      </trkpt>
      <trkpt lat="38.81839" lon="121.14731">
        <ele>40.38789</ele>
        <time>2014-05-28T10:23:30.300000Z</time>
      </trkpt>
      <trkpt lat="38.81826" lon="121.1473">
        <ele>39.77242</ele>
        <time>2014-05-28T10:23:33.667000Z</time>
      </trkpt>
      <trkpt lat="38.818123" lon="121.14731">
        <ele>40.9106</ele>
        <time>2014-05-28T10:23:37.034000Z</time>
      </trkpt>
      <trkpt lat="38.817978" lon="121.147316">
        <ele>43.13796</ele>
        <time>2014-05-28T10:23:40.401000Z</time>
      </trkpt>
      <trkpt lat="38.817856" lon="121.14731">
        <ele>45.24374</ele>
        <time>2014-05-28T10:23:43.768000Z</time>
      </trkpt>
      <trkpt lat="38.81773" lon="121.147316">
        <ele>46.71463</ele>
        <time>2014-05-28T10:23:47.135000Z</time>
      </trkpt>
      <trkpt lat="38.817616" lon="121.14731">
        <time>2014-05-28T10:23:50.502000Z</time>
      </trkpt>
    </trkseg>
  </trk>
</gpx>