<?xml version="1.0" encoding="UTF-8"?>
<gpx xmlns="http://www.topografix.com/GPX/1/1" xmlns:gpxtpx="http://www.garmin.com/xmlschemas/TrackPointExtension/v1" xmlns:xsi="http://www.w3.org/2001/XMLSchema-instance" xsi:schemaLocation="http://www.topografix.com/GPX/1/1 http://www.topografix.com/GPX/1/1/gpx.xsd" version="1.1" creator="gpx.py -- https://github.com/tkrajina/gpxpy">
  <trk>
    <trkseg>
      <trkpt lat="38.816128" lon="121.14974">
        <ele>66.98984</ele>
        <time>2014-05-31T11:35:35.970000Z</time>
      </trkpt>
      <trkpt lat="38.81613" lon="121.14972">
        <ele>64.280334</ele>
        <time>2014-05-31T11:35:39.779000Z</time>
      </trkpt>
      <trkpt lat="38.81613" lon="121.14972">
        <ele>60.97819</ele>
        <time>2014-05-31T11:35:43.588000Z</time>
      </trkpt>
      <trkpt lat="38.816147" lon="121.149574">
        <ele>59.065556</ele>
        <time>2014-05-31T11:35:47.397000Z</time>
      </trkpt>
      <trkpt lat="38.816196" lon="121.149475">
        <ele>56.799877</ele>
        <time>2014-05-31T11:35:51.206000Z</time>
      </trkpt>
      <trkpt lat="38.816288" lon="121.149414">
        <ele>51.50917</ele>
        <time>2014-05-31T11:35:55.015000Z</time>
      </trkpt>
      <trkpt lat="38.816387" lon="121.14941">
        <ele>42.818993</ele>
        <time>2014-05-31T11:35:58.824000Z</time>
      </trkpt>
      <trkpt lat="38.8164" lon="121.149254">
        <ele>32.984207</ele>
        <time>2014-05-31T11:36:02.633000Z</time>
      </trkpt>
      <trkpt lat="38.816437" lon="121.14909">
        <ele>25.970049</ele>
        <time>2014-05-31T11:36:06.442000Z</time>
      </trkpt>
      <trkpt lat="38.81649" lon="121.14899">
        <ele>22.543629</ele>
        <time>2014-05-31T11:36:10.251000Z</time>
      </trkpt>
      <trkpt lat="38.816547" lon="121.14887">
        <ele>19.662983</ele>
        <time>2014-05-31T11:36:14.060000Z</time>
      </trkpt>
      <trkpt lat="38.816597" lon="121.14876">
        <ele>15.256805</ele>
        <time>2014-05-31T11:36:17.869000Z</time>
      </trkpt>
      <trkpt lat="38.81664" lon="121.148636">
        <ele>10.5504875</ele>
        <time>2014-05-31T11:36:21.678000Z</time>
      </trkpt>
      <trkpt lat="38.816677" lon="121.1485">
        <ele>8.10893</ele>
        <time>2014-05-31T11:36:25.487000Z</time>
      </trkpt>
      <trkpt lat="38.816757" lon="121.148445">
        <ele>10.080064</ele>
        <time>2014-05-31T11:36:29.296000Z</time>
      </trkpt>
      <trkpt lat="38.81685" lon="121.14845">
        <ele>15.881599</ele>
        <time>2014-05-31T11:36:33.105000Z</time>
      </trkpt>
      <trkpt lat="38.816944" lon="121.148476">
        <ele>21.735464</ele>
        <time>2014-05-31T11:36:36.914000Z</time>
      </trkpt>
      <trkpt lat="38.817043" lon="121.14848">
        <ele>24.763699</ele>
        <time>2014-05-31T11:36:40.723000Z</time>
      </trkpt>
      <trkpt lat="38.817135" lon="121.14848">
        <ele>25.377155</ele>
        <time>2014-05-31T11:36:44.532000Z</time>
      </trkpt>
      <trkpt lat="38.81725" lon="121.1485">
        <ele>25.512045</ele>
        <time>2014-05-31T11:36:48.341000Z</time>
      </trkpt>
      <trkpt lat="38.817352" lon="121.1485">
        <ele>26.415834</ele>
        <time>2014-05-31T11:36:52.150000Z</time>
      </trkpt>
      <trkpt lat="38.817448" lon="121.148506">
        <ele>27.451828</ele>
        <time>2014-05-31T11:36:55.959000Z</time>
      </trkpt>
      <trkpt lat="38.817554" lon="121.1485">
        <ele>27.752396</ele>
        <time>2014-05-31T11:36:59.768000Z</time>
      </trkpt>
      <trkpt lat="38.81767" lon="121.148506">
        <ele>27.510807</ele>
        <time>2014-05-31T11:37:03.577000Z</time>
      </trkpt>
      <trkpt lat="38.817772" lon="121.14851">
        <ele>27.198647</ele>
        <time>2014-05-31T11:37:07.386000Z</time>
      </trkpt>
      <trkpt lat="38.81786" lon="121.14851">
        <ele>26.724924</ele>
        <time>2014-05-31T11:37:11.195000Z</time>
      </trkpt>
      <trkpt lat="38.81799" lon="121.14852">
        <ele>25.859522</ele>
        <time>2014-05-31T11:37:15.004000Z</time>
      </trkpt>
      <trkpt lat="38.818092" lon="121.14852">
        <ele>24.897116</ele>
        <time>2014-05-31T11:37:18.813000Z</time>
      </trkpt>
      <trkpt lat="38.818188" lon="121.14854">
        <ele>24.001938</ele>
        <time>2014-05-31T11:37:22.622000Z</time>
      </trkpt>
      <trkpt lat="38.818295" lon="121.148544">
        <ele>23.066442</ele>
        <time>2014-05-31T11:37:26.431000Z</time>
      </trkpt>
      <trkpt lat="38.818398" lon="121.14856">
        <ele>22.819511</ele>
        <time>2014-05-31T11:37:30.240000Z</time>
      </trkpt>
      <trkpt lat="38.81851" lon="121.14857">
        <ele>24.80801</ele>
        <time>2014-05-31T11:37:34.049000Z</time>
      </trkpt>
      <trkpt lat="38.818623" lon="121.14859">
        <ele>28.841734</ele>
        <time>2014-05-31T11:37:37.858000Z</time>
      </trkpt>
      <trkpt lat="38.81873" lon="121.14858">
        <ele>31.913078</ele>
        <time>2014-05-31T11:37:41.667000Z</time>
      </trkpt>
      <trkpt lat="38.818836" lon="121.148575">
        <ele>32.163788</ele>
        <time>2014-05-31T11:37:45.476000Z</time>
      </trkpt>
      <trkpt lat="38.818928" lon="121.14853">
        <ele>31.313543</ele>
        <time>2014-05-31T11:37:49.285000Z</time>
      </trkpt>
      <trkpt lat="38.818985" lon="121.14842">
        <ele>31.951267</ele>
        <time>2014-05-31T11:37:53.094000Z</time>
      </trkpt>
      <trkpt lat="38.818985" lon="121.14842">
        <ele>34.375328</ele>
        <time>2014-05-31T11:37:56.903000Z</time>
      </trkpt>
      <trkpt lat="38.81898" lon="121.14829">
        <ele>35.978855</ele>
        <time>2014-05-31T11:38:00.712000Z</time>
      </trkpt>
      <trkpt lat="38.81901" lon="121.14816">
        <ele>34.66607</ele>
        <time>2014-05-31T11:38:04.521000Z</time>
      </trkpt>
      <trkpt lat="38.819042" lon="121.14803">
        <ele>31.591152</ele>
        <time>2014-05-31T11:38:08.330000Z</time>
      </trkpt>
      <trkpt lat="38.81905" lon="121.14792">
        <ele>27.751535</ele>
        <time>2014-05-31T11:38:12.139000Z</time>
      </trkpt>
      <trkpt lat="38.819077" lon="121.1478">
        <ele>26.7613</ele>
        <time>2014-05-31T11:38:15.948000Z</time>
      </trkpt>
      <trkpt lat="38.81908" lon="121.147675">
        <ele>23.880056</ele>
        <time>2014-05-31T11:38:19.757000Z</time>
      </trkpt>
      <trkpt lat="38.819088" lon="121.14755">
        <ele>18.640352</ele>
        <time>2014-05-31T11:38:23.566000Z</time>
      </trkpt>
      <trkpt lat="38.819042" lon="121.14742">
        <ele>12.992069</ele>
        <time>2014-05-31T11:38:27.375000Z</time>
      </trkpt>
      <trkpt lat="38.81895" lon="121.147415">
        <ele>9.316129</ele>
        <time>2014-05-31T11:38:31.184000Z</time>
      </trkpt>
      <trkpt lat="38.81886" lon="121.147415">
        <ele>8.433773</ele>
        <time>2014-05-31T11:38:34.993000Z</time>
      </trkpt>
      <trkpt lat="38.81876" lon="121.14742">
        <ele>9.497108</ele>
        <time>2014-05-31T11:38:38.802000Z</time>
      </trkpt>
      <trkpt lat="38.81867" lon="121.147415">
        <ele>11.449944</ele>
        <time>2014-05-31T11:38:42.611000Z</time>
      </trkpt>
      <trkpt lat="38.818565" lon="121.14739">
        <ele>14.425735</ele>
        <time>2014-05-31T11:38:46.420000Z</time>
      </trkpt>
      <trkpt lat="38.818474" lon="121.14736">
        <ele>18.395222</ele>
        <time>2014-05-31T11:38:50.229000Z</time>
      </trkpt>
      <trkpt lat="38.81837" lon="121.14735">
        <ele>22.053667</ele>
        <time>2014-05-31T11:38:54.038000Z</time>
      </trkpt>
      <trkpt lat="38.818256" lon="121.14732">
        <ele>24.07193</ele>
        <time>2014-05-31T11:38:57.847000Z</time>
      </trkpt>
      <trkpt lat="38.818157" lon="121.1473">
        <ele>25.309362</ele>
        <time>2014-05-31T11:39:01.656000Z</time>
      </trkpt>
      <trkpt lat="38.818054" lon="121.14729">
        <ele>27.672514</ele>
        <time>2014-05-31T11:39:05.465000Z</time>
      </trkpt>
      <trkpt lat="38.81795" lon="121.147285">
        <ele>31.63361</ele>
        <time>2014-05-31T11:39:09.274000Z</time>
      </trkpt>
      <trkpt lat="38.817844" lon="121.14727">
        <ele>35.86236</ele>
        <time>2014-05-31T11:39:13.083000Z</time>
      </trkpt>
      <trkpt lat="38.817738" lon="121.14727">
        <ele>39.095142</ele>
        <time>2014-05-31T11:39:16.892000Z</time>
      </trkpt>
      <trkpt lat="38.817635" lon="121.14727">
        <ele>41.334736</ele>
        <time>2014-05-31T11:39:20.701000Z</time>
      </trkpt>
      <trkpt lat="38.817528" lon="121.14728">
        <ele>42.996536</ele>
        <time>2014-05-31T11:39:24.510000Z</time>
      </trkpt>
      <trkpt lat="38.81742" lon="121.14729">
        <ele>44.293343</ele>
        <time>2014-05-31T11:39:28.319000Z</time>
      </trkpt>
      <trkpt lat="38.817326" lon="121.14733">
        <ele>45.70902</ele>
        <time>2014-05-31T11:39:32.128000Z</time>
      </trkpt>
      <trkpt lat="38.817253" lon="121.147415">
        <ele>47.469196</ele>
        <time>2014-05-31T11:39:35.937000Z</time>
      </trkpt>
      <trkpt lat="38.817192" lon="121.14756">
        <ele>49.056885</ele>
        <time>2014-05-31T11:39:39.746000Z</time>
      </trkpt>
      <trkpt lat="38.817165" lon="121.14768">
        <ele>49.999676</ele>
        <time>2014-05-31T11:39:43.555000Z</time>
      </trkpt>
      <trkpt lat="38.817158" lon="121.1478">
        <ele>50.326298</ele>
        <time>2014-05-31T11:39:47.364000Z</time>
      </trkpt>
      <trkpt lat="38.817165" lon="121.14792">
        <ele>50.489887</ele>
        <time>2014-05-31T11:39:51.173000Z</time>
      </trkpt>
      <trkpt lat="38.817204" lon="121.148056">
        <ele>50.866787</ele>
        <time>2014-05-31T11:39:54.982000Z</time>
      </trkpt>
      <trkpt lat="38.81727" lon="121.14816">
        <ele>51.68473</ele>
        <time>2014-05-31T11:39:58.791000Z</time>
      </trkpt>
      <trkpt lat="38.81735" lon="121.14823">
        <ele>54.06155</ele>
        <time>2014-05-31T11:40:02.600000Z</time>
      </trkpt>
      <trkpt lat="38.817436" lon="121.148285">
        <ele>58.216167</ele>
        <time>2014-05-31T11:40:06.409000Z</time>
      </trkpt>
      <trkpt lat="38.817543" lon="121.148315">
        <ele>61.35466</ele>
        <time>2014-05-31T11:40:10.218000Z</time>
      </trkpt>
      <trkpt lat="38.817635" lon="121.14832">
        <ele>61.149696</ele>
        <time>2014-05-31T11:40:14.027000Z</time>
      </trkpt>
      <trkpt lat="38.817726" lon="121.14833">
        <ele>58.598602</ele>
        <time>2014-05-31T11:40:17.836000Z</time>
      </trkpt>
      <trkpt lat="38.817818" lon="121.14832">
        <ele>56.136345</ele>
        <time>2014-05-31T11:40:21.645000Z</time>
      </trkpt>
      <trkpt lat="38.81791" lon="121.14833">
        <ele>55.201847</ele>
        <time>2014-05-31T11:40:25.454000Z</time>
      </trkpt>
      <trkpt lat="38.818012" lon="121.148346">
        <ele>55.389896</ele>
        <time>2014-05-31T11:40:29.263000Z</time>
      </trkpt>
      <trkpt lat="38.81811" lon="121.14834">
        <ele>55.434883</ele>
        <time>2014-05-31T11:40:33.072000Z</time>
      </trkpt>
      <trkpt lat="38.8182" lon="121.14835">
        <ele>54.634468</ele>
        <time>2014-05-31T11:40:36.881000Z</time>
      </trkpt>
      <trkpt lat="38.818302" lon="121.14835">
        <ele>53.53549</ele>
        <time>2014-05-31T11:40:40.690000Z</time>
      </trkpt>
      <trkpt lat="38.818398" lon="121.148346">
        <ele>53.301613</ele>
        <time>2014-05-31T11:40:44.499000Z</time>
      </trkpt>
      <trkpt lat="38.818497" lon="121.1483">
        <ele>54.286366</ele>
        <time>2014-05-31T11:40:48.308000Z</time>
      </trkpt>
      <trkpt lat="38.818577" lon="121.148224">
        <ele>55.82158</ele>
        <time>2014-05-31T11:40:52.117000Z</time>
      </trkpt>
      <trkpt lat="38.81864" lon="121.14814">
        <ele>56.47047</ele>
        <time>2014-05-31T11:40:55.926000Z</time>
      </trkpt>
      <trkpt lat="38.818687" lon="121.14803">
        <ele>55.569233</ele>
        <time>2014-05-31T11:40:59.735000Z</time>
      </trkpt>
      <trkpt lat="38.81871" lon="121.14791">
        <ele>54.361115</ele>
        <time>2014-05-31T11:41:03.544000Z</time>
      </trkpt>
      <trkpt lat="38.81872" lon="121.1478">
        <ele>54.021057</ele>
        <time>2014-05-31T11:41:07.353000Z</time>
      </trkpt>
      <trkpt lat="38.818707" lon="121.14765">
        <ele>53.81814</ele>
        <time>2014-05-31T11:41:11.162000Z</time>
      </trkpt>
      <trkpt lat="38.818665" lon="121.14754">
        <ele>52.91091</ele>
        <time>2014-05-31T11:41:14.971000Z</time>
      </trkpt>
      <trkpt lat="38.818604" lon="121.14743">
        <ele>51.82688</ele>
        <time>2014-05-31T11:41:18.780000Z</time>
      </trkpt>
      <trkpt lat="38.818523" lon="121.147354">
        <ele>48.737114</ele>
        <time>2014-05-31T11:41:22.589000Z</time>
      </trkpt>
      <trkpt lat="38.818424" lon="121.14734">
        <ele>41.81494</ele>
        <time>2014-05-31T11:41:26.398000Z</time>
      </trkpt>
      <trkpt lat="38.81832" lon="121.14735">
        <ele>34.55892</ele>
        <time>2014-05-31T11:41:30.207000Z</time>
      </trkpt>
      <trkpt lat="38.818222" lon="121.14735">
        <ele>31.06512</ele>
        <time>2014-05-31T11:41:34.016000Z</time>
      </trkpt>
      <trkpt lat="38.818127" lon="121.14734">
        <ele>30.885174</ele>
        <time>2014-05-31T11:41:37.825000Z</time>
      </trkpt>
      <trkpt lat="38.81802" lon="121.14733">
        <ele>31.271994</ele>
        <time>2014-05-31T11:41:41.634000Z</time>
      </trkpt>
      <trkpt lat="38.817917" lon="121.14733">
        <ele>30.357384</ele>
        <time>2014-05-31T11:41:45.443000Z</time>
      </trkpt>
      <trkpt lat="38.81782" lon="121.14735">
        <ele>29.66438</ele>
        <time>2014-05-31T11:41:49.252000Z</time>
      </trkpt>
      <trkpt lat="38.817707" lon="121.14734">
        <ele>30.85507</ele>
        <time>2014-05-31T11:41:53.061000Z</time>
      </trkpt>
      <trkpt lat="38.817608" lon="121.14733">
        <ele>32.706345</ele>
        <time>2014-05-31T11:41:56.870000Z</time>
      </trkpt>
      <trkpt lat="38.81751" lon="121.14734">
        <ele>33.713097</ele>
        <time>2014-05-31T11:42:00.679000Z</time>
      </trkpt>
      <trkpt lat="38.817417" lon="121.14737">
        <ele>33.974586</ele>
        <time>2014-05-31T11:42:04.488000Z</time>
      </trkpt>
      <trkpt lat="38.817326" lon="121.14742">
        <ele>33.98959</ele>
        <time>2014-05-31T11:42:08.297000Z</time>
      </trkpt>
      <trkpt lat="38.817253" lon="121.1475">
        <ele>33.98317</ele>
        <time>2014-05-31T11:42:12.106000Z</time>
      </trkpt>
      <trkpt lat="38.81719" lon="121.1476">
        <ele>33.84357</ele>
        <time>2014-05-31T11:42:15.915000Z</time>
      </trkpt>
      <trkpt lat="38.817154" lon="121.14771">
        <ele>33.658344</ele>
        <time>2014-05-31T11:42:19.724000Z</time>
      </trkpt>
      <trkpt lat="38.817154" lon="121.147835">
        <ele>34.052597</ele>
        <time>2014-05-31T11:42:23.533000Z</time>
      </trkpt>
      <trkpt lat="38.81718" lon="121.14794">
        <ele>36.682835</ele>
        <time>2014-05-31T11:42:27.342000Z</time>
      </trkpt>
      <trkpt lat="38.81721" lon="121.14805">
        <ele>41.90039</ele>
        <time>2014-05-31T11:42:31.151000Z</time>
      </trkpt>
      <trkpt lat="38.81728" lon="121.14816">
        <ele>47.066196</ele>
        <time>2014-05-31T11:42:34.960000Z</time>
      </trkpt>
      <trkpt lat="38.817368" lon="121.148254">
        <ele>49.744446</ele>
        <time>2014-05-31T11:42:38.769000Z</time>
      </trkpt>
      <trkpt lat="38.817455" lon="121.1483">
        <ele>50.296818</ele>
        <time>2014-05-31T11:42:42.578000Z</time>
      </trkpt>
      <trkpt lat="38.81756" lon="121.148315">
        <ele>50.10647</ele>
        <time>2014-05-31T11:42:46.387000Z</time>
      </trkpt>
      <trkpt lat="38.81766" lon="121.14832">
        <ele>50.136982</ele>
        <time>2014-05-31T11:42:50.196000Z</time>
      </trkpt>
      <trkpt lat="38.817772" lon="121.14833">
        <ele>50.687298</ele>
        <time>2014-05-31T11:42:54.005000Z</time>
      </trkpt>
      <trkpt lat="38.817875" lon="121.14834">
        <ele>51.59323</ele>
        <time>2014-05-31T11:42:57.814000Z</time>
      </trkpt>
      <trkpt lat="38.817974" lon="121.14835">
        <ele>52.382225</ele>
        <time>2014-05-31T11:43:01.623000Z</time>
      </trkpt>
      <trkpt lat="38.818066" lon="121.14835">
        <ele>52.791245</ele>
        <time>2014-05-31T11:43:05.432000Z</time>
      </trkpt>
      <trkpt lat="38.81817" lon="121.14836">
        <ele>52.920025</ele>
        <time>2014-05-31T11:43:09.241000Z</time>
      </trkpt>
      <trkpt lat="38.818268" lon="121.14836">
        <ele>52.58329</ele>
        <time>2014-05-31T11:43:13.050000Z</time>
      </trkpt>
      <trkpt lat="38.818375" lon="121.14835">
        <ele>51.68168</ele>
        <time>2014-05-31T11:43:16.859000Z</time>
      </trkpt>
      <trkpt lat="38.818478" lon="121.14832">
        <ele>50.748856</ele>
        <time>2014-05-31T11:43:20.668000Z</time>
      </trkpt>
      <trkpt lat="38.818565" lon="121.14825">
        <ele>50.80599</ele>
        <time>2014-05-31T11:43:24.477000Z</time>
      </trkpt>
      <trkpt lat="38.818645" lon="121.14814">
        <ele>52.16139</ele>
        <time>2014-05-31T11:43:28.286000Z</time>
      </trkpt>
      <trkpt lat="38.8187" lon="121.14802">
        <ele>53.844997</ele>
        <time>2014-05-31T11:43:32.095000Z</time>
      </trkpt>
      <trkpt lat="38.818737" lon="121.14791">
        <ele>54.78777</ele>
        <time>2014-05-31T11:43:35.904000Z</time>
      </trkpt>
      <trkpt lat="38.818752" lon="121.14779">
        <ele>54.689613</ele>
        <time>2014-05-31T11:43:39.713000Z</time>
      </trkpt>
      <trkpt lat="38.81874" lon="121.14767">
        <ele>53.109238</ele>
        <time>2014-05-31T11:43:43.522000Z</time>
      </trkpt>
      <trkpt lat="38.8187" lon="121.147545">
        <ele>50.279076</ele>
        <time>2014-05-31T11:43:47.331000Z</time>
      </trkpt>
      <trkpt lat="38.818634" lon="121.14744">
        <ele>47.71263</ele>
        <time>2014-05-31T11:43:51.140000Z</time>
      </trkpt>
      <trkpt lat="38.818558" lon="121.14738">
        <ele>46.586555</ele>
        <time>2014-05-31T11:43:54.949000Z</time>
      </trkpt>
      <trkpt lat="38.818466" lon="121.14733">
        <ele>46.968327</ele>
        <time>2014-05-31T11:43:58.758000Z</time>
      </trkpt>
      <trkpt lat="38.81837" lon="121.1473">
        <ele>48.246735</ele>
        <time>2014-05-31T11:44:02.567000Z</time>
      </trkpt>
      <trkpt lat="38.818256" lon="121.1473">
        <ele>49.24742</ele>
        <time>2014-05-31T11:44:06.376000Z</time>
      </trkpt>
      <trkpt lat="38.818165" lon="121.147316">
        <ele>49.342743</ele>
        <time>2014-05-31T11:44:10.185000Z</time>
      </trkpt>
      <trkpt lat="38.818058" lon="121.14732">
        <ele>49.17446</ele>
        <time>2014-05-31T11:44:13.994000Z</time>
      </trkpt>
      <trkpt lat="38.817947" lon="121.147316">
        <ele>49.543514</ele>
        <time>2014-05-31T11:44:17.803000Z</time>
      </trkpt>
      <trkpt lat="38.81785" lon="121.14732">
        <ele>50.196877</ele>
        <time>2014-05-31T11:44:21.612000Z</time>
      </trkpt>
      <trkpt lat="38.817753" lon="121.14732">
        <ele>50.351074</ele>
        <time>2014-05-31T11:44:25.421000Z</time>
      </trkpt>
      <trkpt lat="38.817654" lon="121.14731">
        <ele>49.935856</ele>
        <time>2014-05-31T11:44:29.230000Z</time>
      </trkpt>
      <trkpt lat="38.81755" lon="121.14731">
        <ele>49.74549</ele>
        <time>2014-05-31T11:44:33.039000Z</time>
      </trkpt>
      <trkpt lat="38.81744" lon="121.14732">
        <ele>50.226646</ele>
        <time>2014-05-31T11:44:36.848000Z</time>
      </trkpt>
      <trkpt lat="38.81735" lon="121.14737">
        <ele>50.748943</ele>
        <time>2014-05-31T11:44:40.657000Z</time>
      </trkpt>
      <trkpt lat="38.817265" lon="121.14745">
        <ele>50.69543</ele>
        <time>2014-05-31T11:44:44.466000Z</time>
      </trkpt>
      <trkpt lat="38.817215" lon="121.147545">
        <ele>50.26457</ele>
        <time>2014-05-31T11:44:48.275000Z</time>
      </trkpt>
      <trkpt lat="38.81718" lon="121.14768">
        <ele>49.64347</ele>
        <time>2014-05-31T11:44:52.084000Z</time>
      </trkpt>
      <trkpt lat="38.817173" lon="121.14781">
        <ele>48.902725</ele>
        <time>2014-05-31T11:44:55.893000Z</time>
      </trkpt>
      <trkpt lat="38.817192" lon="121.14795">
        <ele>48.52719</ele>
        <time>2014-05-31T11:44:59.702000Z</time>
      </trkpt>
      <trkpt lat="38.81722" lon="121.14806">
        <ele>48.80924</ele>
        <time>2014-05-31T11:45:03.511000Z</time>
      </trkpt>
      <trkpt lat="38.817284" lon="121.14816">
        <ele>49.326424</ele>
        <time>2014-05-31T11:45:07.320000Z</time>
      </trkpt>
      <trkpt lat="38.817352" lon="121.14824">
        <ele>49.698597</ele>
        <time>2014-05-31T11:45:11.129000Z</time>
      </trkpt>
      <trkpt lat="38.817432" lon="121.14829">
        <ele>49.96258</ele>
        <time>2014-05-31T11:45:14.938000Z</time>
      </trkpt>
      <trkpt lat="38.81754" lon="121.148315">
        <ele>50.710995</ele>
        <time>2014-05-31T11:45:18.747000Z</time>
      </trkpt>
      <trkpt lat="38.817642" lon="121.1483">
        <ele>52.258797</ele>
        <time>2014-05-31T11:45:22.556000Z</time>
      </trkpt>
      <trkpt lat="38.81775" lon="121.14831">
        <ele>53.305965</ele>
        <time>2014-05-31T11:45:26.365000Z</time>
      </trkpt>
      <trkpt lat="38.817844" lon="121.148315">
        <ele>52.77097</ele>
        <time>2014-05-31T11:45:30.174000Z</time>
      </trkpt>
      <trkpt lat="38.81795" lon="121.14833">
        <ele>51.744846</ele>
        <time>2014-05-31T11:45:33.983000Z</time>
      </trkpt>
      <trkpt lat="38.818047" lon="121.14833">
        <ele>51.45547</ele>
        <time>2014-05-31T11:45:37.792000Z</time>
      </trkpt>
      <trkpt lat="38.81816" lon="121.148346">
        <ele>52.007854</ele>
        <time>2014-05-31T11:45:41.601000Z</time>
      </trkpt>
      <trkpt lat="38.81826" lon="121.14835">
        <ele>52.98724</ele>
        <time>2014-05-31T11:45:45.410000Z</time>
      </trkpt>
      <trkpt lat="38.81826" lon="121.14835">
        <ele>53.65197</ele>
        <time>2014-05-31T11:45:49.219000Z</time>
      </trkpt>
      <trkpt lat="38.818356" lon="121.14835">
        <ele>52.703594</ele>
        <time>2014-05-31T11:45:53.028000Z</time>
      </trkpt>
      <trkpt lat="38.81846" lon="121.14833">
        <ele>49.865902</ele>
        <time>2014-05-31T11:45:56.837000Z</time>
      </trkpt>
      <trkpt lat="38.81846" lon="121.14833">
        <ele>46.87187</ele>
        <time>2014-05-31T11:46:00.646000Z</time>
      </trkpt>
      <trkpt lat="38.81855" lon="121.14828">
        <ele>45.669563</ele>
        <time>2014-05-31T11:46:04.455000Z</time>
      </trkpt>
      <trkpt lat="38.818623" lon="121.148186">
        <ele>46.522766</ele>
        <time>2014-05-31T11:46:08.264000Z</time>
      </trkpt>
      <trkpt lat="38.818684" lon="121.14808">
        <ele>49.33164</ele>
        <time>2014-05-31T11:46:12.073000Z</time>
      </trkpt>
      <trkpt lat="38.818726" lon="121.14794">
        <ele>53.353725</ele>
        <time>2014-05-31T11:46:15.882000Z</time>
      </trkpt>
      <trkpt lat="38.81874" lon="121.14781">
        <ele>55.93392</ele>
        <time>2014-05-31T11:46:19.691000Z</time>
      </trkpt>
      <trkpt lat="38.81873" lon="121.14768">
        <ele>55.421665</ele>
        <time>2014-05-31T11:46:23.500000Z</time>
      </trkpt>
      <trkpt lat="38.818695" lon="121.14755">
        <ele>53.51103</ele>
        <time>2014-05-31T11:46:27.309000Z</time>
      </trkpt>
      <trkpt lat="38.81863" lon="121.14745">
        <ele>51.65539</ele>
        <time>2014-05-31T11:46:31.118000Z</time>
      </trkpt>
      <trkpt lat="38.81855" lon="121.14737">
        <ele>49.720028</ele>
        <time>2014-05-31T11:46:34.927000Z</time>
      </trkpt>
      <trkpt lat="38.818455" lon="121.14732">
        <ele>47.858738</ele>
        <time>2014-05-31T11:46:38.736000Z</time>
      </trkpt>
      <trkpt lat="38.81835" lon="121.1473">
        <ele>46.60534</ele>
        <time>2014-05-31T11:46:42.545000Z</time>
      </trkpt>
      <trkpt lat="38.81826" lon="121.147285">
        <ele>46.37176</ele>
        <time>2014-05-31T11:46:46.354000Z</time>
      </trkpt>
      <trkpt lat="38.81816" lon="121.14729">
        <ele>47.461533</ele>
        <time>2014-05-31T11:46:50.163000Z</time>
      </trkpt>
      <trkpt lat="38.818058" lon="121.147316">
        <ele>49.173878</ele>
        <time>2014-05-31T11:46:53.972000Z</time>
      </trkpt>
      <trkpt lat="38.81795" lon="121.147316">
        <ele>50.250824</ele>
        <time>2014-05-31T11:46:57.781000Z</time>
      </trkpt>
      <trkpt lat="38.817844" lon="121.1473">
        <ele>50.42962</ele>
        <time>2014-05-31T11:47:01.590000Z</time>
      </trkpt>
      <trkpt lat="38.817745" lon="121.1473">
        <ele>50.002182</ele>
        <time>2014-05-31T11:47:05.399000Z</time>
      </trkpt>
      <trkpt lat="38.81765" lon="121.14731">
        <ele>49.121822</ele>
        <time>2014-05-31T11:47:09.208000Z</time>
      </trkpt>
      <trkpt lat="38.81754" lon="121.1473">
        <ele>48.20731</ele>
        <time>2014-05-31T11:47:13.017000Z</time>
      </trkpt>
      <trkpt lat="38.81744" lon="121.14732">
        <ele>47.689358</ele>
        <time>2014-05-31T11:47:16.826000Z</time>
      </trkpt>
      <trkpt lat="38.817333" lon="121.14737">
        <ele>47.946613</ele>
        <time>2014-05-31T11:47:20.635000Z</time>
      </trkpt>
      <trkpt lat="38.817253" lon="121.14745">
        <ele>48.972065</ele>
        <time>2014-05-31T11:47:24.444000Z</time>
      </trkpt>
      <trkpt lat="38.81721" lon="121.14756">
        <ele>49.85043</ele>
        <time>2014-05-31T11:47:28.253000Z</time>
      </trkpt>
      <trkpt lat="38.81718" lon="121.147675">
        <ele>49.92227</ele>
        <time>2014-05-31T11:47:32.062000Z</time>
      </trkpt>
      <trkpt lat="38.817177" lon="121.14781">
        <ele>49.666824</ele>
        <time>2014-05-31T11:47:35.871000Z</time>
      </trkpt>
      <trkpt lat="38.817196" lon="121.14794">
        <ele>49.830116</ele>
        <time>2014-05-31T11:47:39.680000Z</time>
      </trkpt>
      <trkpt lat="38.817234" lon="121.14806">
        <ele>50.47678</ele>
        <time>2014-05-31T11:47:43.489000Z</time>
      </trkpt>
      <trkpt lat="38.817303" lon="121.148186">
        <ele>51.212517</ele>
        <time>2014-05-31T11:47:47.298000Z</time>
      </trkpt>
      <trkpt lat="38.81739" lon="121.14827">
        <ele>51.77963</ele>
        <time>2014-05-31T11:47:51.107000Z</time>
      </trkpt>
      <trkpt lat="38.817482" lon="121.14832">
        <ele>52.13573</ele>
        <time>2014-05-31T11:47:54.916000Z</time>
      </trkpt>
      <trkpt lat="38.81757" lon="121.14833">
        <ele>52.331123</ele>
        <time>2014-05-31T11:47:58.725000Z</time>
      </trkpt>
      <trkpt lat="38.817673" lon="121.14833">
        <ele>52.46314</ele>
        <time>2014-05-31T11:48:02.534000Z</time>
      </trkpt>
      <trkpt lat="38.817776" lon="121.14832">
        <ele>52.313942</ele>
        <time>2014-05-31T11:48:06.343000Z</time>
      </trkpt>
      <trkpt lat="38.81788" lon="121.14834">
        <ele>51.4049</ele>
        <time>2014-05-31T11:48:10.152000Z</time>
      </trkpt>
      <trkpt lat="38.817974" lon="121.148346">
        <ele>49.45857</ele>
        <time>2014-05-31T11:48:13.961000Z</time>
      </trkpt>
      <trkpt lat="38.818066" lon="121.14835">
        <ele>47.04773</ele>
        <time>2014-05-31T11:48:17.770000Z</time>
      </trkpt>
      <trkpt lat="38.818157" lon="121.14835">
        <ele>45.26624</ele>
        <time>2014-05-31T11:48:21.579000Z</time>
      </trkpt>
      <trkpt lat="38.81826" lon="121.14836">
        <ele>45.622246</ele>
        <time>2014-05-31T11:48:25.388000Z</time>
      </trkpt>
      <trkpt lat="38.818356" lon="121.14836">
        <ele>48.350704</ele>
        <time>2014-05-31T11:48:29.197000Z</time>
      </trkpt>
      <trkpt lat="38.818462" lon="121.14834">
        <ele>51.24318</ele>
        <time>2014-05-31T11:48:33.006000Z</time>
      </trkpt>
      <trkpt lat="38.81855" lon="121.14828">
        <ele>52.433163</ele>
        <time>2014-05-31T11:48:36.815000Z</time>
      </trkpt>
      <trkpt lat="38.81862" lon="121.148186">
        <ele>52.57548</ele>
        <time>2014-05-31T11:48:40.624000Z</time>
      </trkpt>
      <trkpt lat="38.81867" lon="121.14809">
        <ele>53.318985</ele>
        <time>2014-05-31T11:48:44.433000Z</time>
      </trkpt>
      <trkpt lat="38.818703" lon="121.14797">
        <ele>55.69834</ele>
        <time>2014-05-31T11:48:48.242000Z</time>
      </trkpt>
      <trkpt lat="38.818726" lon="121.14783">
        <ele>58.837845</ele>
        <time>2014-05-31T11:48:52.051000Z</time>
      </trkpt>
      <trkpt lat="38.818726" lon="121.14769">
        <ele>60.292427</ele>
        <time>2014-05-31T11:48:55.860000Z</time>
      </trkpt>
      <trkpt lat="38.818687" lon="121.14757">
        <ele>58.80126</ele>
        <time>2014-05-31T11:48:59.669000Z</time>
      </trkpt>
      <trkpt lat="38.81863" lon="121.14748">
        <ele>55.03469</ele>
        <time>2014-05-31T11:49:03.478000Z</time>
      </trkpt>
      <trkpt lat="38.818546" lon="121.147385">
        <ele>50.6726</ele>
        <time>2014-05-31T11:49:07.287000Z</time>
      </trkpt>
      <trkpt lat="38.81844" lon="121.14734">
        <ele>48.024902</ele>
        <time>2014-05-31T11:49:11.096000Z</time>
      </trkpt>
      <trkpt lat="38.818344" lon="121.147316">
        <ele>48.08237</ele>
        <time>2014-05-31T11:49:14.905000Z</time>
      </trkpt>
      <trkpt lat="38.818237" lon="121.14731">
        <ele>49.325356</ele>
        <time>2014-05-31T11:49:18.714000Z</time>
      </trkpt>
      <trkpt lat="38.81815" lon="121.14729">
        <ele>50.26522</ele>
        <time>2014-05-31T11:49:22.523000Z</time>
      </trkpt>
      <trkpt lat="38.818043" lon="121.1473">
        <ele>50.642868</ele>
        <time>2014-05-31T11:49:26.332000Z</time>
      </trkpt>
      <trkpt lat="38.817944" lon="121.1473">
        <ele>50.67258</ele>
        <time>2014-05-31T11:49:30.141000Z</time>
      </trkpt>
      <trkpt lat="38.817852" lon="121.147285">
        <ele>50.654694</ele>
        <time>2014-05-31T11:49:33.950000Z</time>
      </trkpt>
      <trkpt lat="38.81774" lon="121.14727">
        <ele>50.71382</ele>
        <time>2014-05-31T11:49:37.759000Z</time>
      </trkpt>
      <trkpt lat="38.817635" lon="121.14727">
        <ele>50.84648</ele>
        <time>2014-05-31T11:49:41.568000Z</time>
      </trkpt>
      <trkpt lat="38.817543" lon="121.147285">
        <ele>51.015667</ele>
        <time>2014-05-31T11:49:45.377000Z</time>
      </trkpt>
      <trkpt lat="38.817444" lon="121.14732">
        <ele>51.11056</ele>
        <time>2014-05-31T11:49:49.186000Z</time>
      </trkpt>
      <trkpt lat="38.81735" lon="121.14736">
        <ele>50.90266</ele>
        <time>2014-05-31T11:49:52.995000Z</time>
      </trkpt>
      <trkpt lat="38.81726" lon="121.147446">
        <ele>50.38258</ele>
        <time>2014-05-31T11:49:56.804000Z</time>
      </trkpt>
      <trkpt lat="38.817204" lon="121.147545">
        <ele>50.04917</ele>
        <time>2014-05-31T11:50:00.613000Z</time>
      </trkpt>
      <trkpt lat="38.81717" lon="121.14766">
        <ele>50.280468</ele>
        <time>2014-05-31T11:50:04.422000Z</time>
      </trkpt>
      <trkpt lat="38.81715" lon="121.14778">
        <ele>50.565956</ele>
        <time>2014-05-31T11:50:08.231000Z</time>
      </trkpt>
      <trkpt lat="38.81715" lon="121.147896">
        <ele>50.400795</ele>
        <time>2014-05-31T11:50:12.040000Z</time>
      </trkpt>
      <trkpt lat="38.817177" lon="121.14801">
        <ele>50.011612</ele>
        <time>2014-05-31T11:50:15.849000Z</time>
      </trkpt>
      <trkpt lat="38.81723" lon="121.14811">
        <ele>49.77976</ele>
        <time>2014-05-31T11:50:19.658000Z</time>
      </trkpt>
      <trkpt lat="38.81731" lon="121.1482">
        <ele>50.001316</ele>
        <time>2014-05-31T11:50:23.467000Z</time>
      </trkpt>
      <trkpt lat="38.817394" lon="121.14827">
        <ele>50.70183</ele>
        <time>2014-05-31T11:50:27.276000Z</time>
      </trkpt>
      <trkpt lat="38.8175" lon="121.14831">
        <ele>51.40415</ele>
        <time>2014-05-31T11:50:31.085000Z</time>
      </trkpt>
      <trkpt lat="38.817608" lon="121.148315">
        <ele>51.53888</ele>
        <time>2014-05-31T11:50:34.894000Z</time>
      </trkpt>
      <trkpt lat="38.817703" lon="121.14832">
        <ele>50.934856</ele>
        <time>2014-05-31T11:50:38.703000Z</time>
      </trkpt>
      <trkpt lat="38.8178" lon="121.148315">
        <ele>49.976475</ele>
        <time>2014-05-31T11:50:42.512000Z</time>
      </trkpt>
      <trkpt lat="38.81789" lon="121.14832">
        <ele>49.280834</ele>
        <time>2014-05-31T11:50:46.321000Z</time>
      </trkpt>
      <trkpt lat="38.81798" lon="121.14833">
        <ele>48.99919</ele>
        <time>2014-05-31T11:50:50.130000Z</time>
      </trkpt>
      <trkpt lat="38.81809" lon="121.14832">
        <ele>48.927048</ele>
        <time>2014-05-31T11:50:53.939000Z</time>
      </trkpt>
      <trkpt lat="38.818188" lon="121.14832">
        <ele>48.443546</ele>
        <time>2014-05-31T11:50:57.748000Z</time>
      </trkpt>
      <trkpt lat="38.81828" lon="121.14833">
        <ele>47.215187</ele>
        <time>2014-05-31T11:51:01.557000Z</time>
      </trkpt>
      <trkpt lat="38.818375" lon="121.14834">
        <ele>45.951374</ele>
        <time>2014-05-31T11:51:05.366000Z</time>
      </trkpt>
      <trkpt lat="38.818474" lon="121.14831">
        <ele>45.900433</ele>
        <time>2014-05-31T11:51:09.175000Z</time>
      </trkpt>
      <trkpt lat="38.818565" lon="121.14824">
        <ele>47.240067</ele>
        <time>2014-05-31T11:51:12.984000Z</time>
      </trkpt>
      <trkpt lat="38.818638" lon="121.14816">
        <ele>49.149918</ele>
        <time>2014-05-31T11:51:16.793000Z</time>
      </trkpt>
      <trkpt lat="38.818687" lon="121.148056">
        <ele>50.386406</ele>
        <time>2014-05-31T11:51:20.602000Z</time>
      </trkpt>
      <trkpt lat="38.818726" lon="121.14794">
        <ele>50.73106</ele>
        <time>2014-05-31T11:51:24.411000Z</time>
      </trkpt>
      <trkpt lat="38.818733" lon="121.14781">
        <ele>50.74227</ele>
        <time>2014-05-31T11:51:28.220000Z</time>
      </trkpt>
      <trkpt lat="38.818718" lon="121.14768">
        <ele>50.587852</ele>
        <time>2014-05-31T11:51:32.029000Z</time>
      </trkpt>
      <trkpt lat="38.818684" lon="121.14757">
        <ele>50.193348</ele>
        <time>2014-05-31T11:51:35.838000Z</time>
      </trkpt>
      <trkpt lat="38.818623" lon="121.14747">
        <ele>50.392616</ele>
        <time>2014-05-31T11:51:39.647000Z</time>
      </trkpt>
      <trkpt lat="38.818535" lon="121.147385">
        <ele>51.492092</ele>
        <time>2014-05-31T11:51:43.456000Z</time>
      </trkpt>
      <trkpt lat="38.818436" lon="121.14733">
        <ele>52.512344</ele>
        <time>2014-05-31T11:51:47.265000Z</time>
      </trkpt>
      <trkpt lat="38.818344" lon="121.14731">
        <ele>52.39871</ele>
        <time>2014-05-31T11:51:51.074000Z</time>
      </trkpt>
      <trkpt lat="38.818245" lon="121.14731">
        <ele>51.461594</ele>
        <time>2014-05-31T11:51:54.883000Z</time>
      </trkpt>
      <trkpt lat="38.818134" lon="121.147316">
        <ele>51.176086</ele>
        <time>2014-05-31T11:51:58.692000Z</time>
      </trkpt>
      <trkpt lat="38.818027" lon="121.147316">
        <ele>52.304268</ele>
        <time>2014-05-31T11:52:02.501000Z</time>
      </trkpt>
      <trkpt lat="38.817917" lon="121.14732">
        <ele>53.681248</ele>
        <time>2014-05-31T11:52:06.310000Z</time>
      </trkpt>
      <trkpt lat="38.817825" lon="121.14731">
        <ele>53.887104</ele>
        <time>2014-05-31T11:52:10.119000Z</time>
      </trkpt>
      <trkpt lat="38.81772" lon="121.1473">
        <ele>53.293674</ele>
        <time>2014-05-31T11:52:13.928000Z</time>
      </trkpt>
      <trkpt lat="38.81761" lon="121.1473">
        <ele>52.967445</ele>
        <time>2014-05-31T11:52:17.737000Z</time>
      </trkpt>
      <trkpt lat="38.817516" lon="121.1473">
        <ele>53.305645</ele>
        <time>2014-05-31T11:52:21.546000Z</time>
      </trkpt>
      <trkpt lat="38.817413" lon="121.14735">
        <ele>54.069702</ele>
        <time>2014-05-31T11:52:25.355000Z</time>
      </trkpt>
      <trkpt lat="38.81732" lon="121.14741">
        <ele>54.83047</ele>
        <time>2014-05-31T11:52:29.164000Z</time>
      </trkpt>
      <trkpt lat="38.817257" lon="121.14749">
        <ele>54.353622</ele>
        <time>2014-05-31T11:52:32.973000Z</time>
      </trkpt>
      <trkpt lat="38.817207" lon="121.1476">
        <ele>52.112843</ele>
        <time>2014-05-31T11:52:36.782000Z</time>
      </trkpt>
      <trkpt lat="38.817177" lon="121.147705">
        <ele>49.56291</ele>
        <time>2014-05-31T11:52:40.591000Z</time>
      </trkpt>
      <trkpt lat="38.817173" lon="121.147835">
        <ele>48.46983</ele>
        <time>2014-05-31T11:52:44.400000Z</time>
      </trkpt>
      <trkpt lat="38.817192" lon="121.147964">
        <ele>49.044785</ele>
        <time>2014-05-31T11:52:48.209000Z</time>
      </trkpt>
      <trkpt lat="38.81723" lon="121.14808">
        <ele>50.48945</ele>
        <time>2014-05-31T11:52:52.018000Z</time>
      </trkpt>
      <trkpt lat="38.817287" lon="121.148186">
        <ele>51.787487</ele>
        <time>2014-05-31T11:52:55.827000Z</time>
      </trkpt>
      <trkpt lat="38.817364" lon="121.14826">
        <ele>52.612843</ele>
        <time>2014-05-31T11:52:59.636000Z</time>
      </trkpt>
      <trkpt lat="38.81747" lon="121.1483">
        <ele>52.996105</ele>
        <time>2014-05-31T11:53:03.445000Z</time>
      </trkpt>
      <trkpt lat="38.81757" lon="121.14831">
        <ele>52.57881</ele>
        <time>2014-05-31T11:53:07.254000Z</time>
      </trkpt>
      <trkpt lat="38.81766" lon="121.1483">
        <ele>51.368782</ele>
        <time>2014-05-31T11:53:11.063000Z</time>
      </trkpt>
      <trkpt lat="38.817772" lon="121.14831">
        <ele>50.726578</ele>
        <time>2014-05-31T11:53:14.872000Z</time>
      </trkpt>
      <trkpt lat="38.817863" lon="121.148315">
        <ele>51.505684</ele>
        <time>2014-05-31T11:53:18.681000Z</time>
      </trkpt>
      <trkpt lat="38.817963" lon="121.148315">
        <ele>51.970066</ele>
        <time>2014-05-31T11:53:22.490000Z</time>
      </trkpt>
      <trkpt lat="38.81806" lon="121.14833">
        <ele>50.61599</ele>
        <time>2014-05-31T11:53:26.299000Z</time>
      </trkpt>
      <trkpt lat="38.81817" lon="121.14833">
        <ele>48.885593</ele>
        <time>2014-05-31T11:53:30.108000Z</time>
      </trkpt>
      <trkpt lat="38.81828" lon="121.14834">
        <ele>48.426926</ele>
        <time>2014-05-31T11:53:33.917000Z</time>
      </trkpt>
      <trkpt lat="38.81838" lon="121.14833">
        <ele>48.886795</ele>
        <time>2014-05-31T11:53:37.726000Z</time>
      </trkpt>
      <trkpt lat="38.818466" lon="121.14831">
        <ele>49.486244</ele>
        <time>2014-05-31T11:53:41.535000Z</time>
      </trkpt>
      <trkpt lat="38.81855" lon="121.14825">
        <ele>49.595776</ele>
        <time>2014-05-31T11:53:45.344000Z</time>
      </trkpt>
      <trkpt lat="38.818626" lon="121.148155">
        <ele>49.308624</ele>
        <time>2014-05-31T11:53:49.153000Z</time>
      </trkpt>
      <trkpt lat="38.818676" lon="121.148056">
        <ele>49.439213</ele>
        <time>2014-05-31T11:53:52.962000Z</time>
      </trkpt>
      <trkpt lat="38.818714" lon="121.14792">
        <ele>50.14983</ele>
        <time>2014-05-31T11:53:56.771000Z</time>
      </trkpt>
      <trkpt lat="38.818733" lon="121.14778">
        <ele>50.76152</ele>
        <time>2014-05-31T11:54:00.580000Z</time>
      </trkpt>
      <trkpt lat="38.818726" lon="121.14767">
        <ele>50.754414</ele>
        <time>2014-05-31T11:54:04.389000Z</time>
      </trkpt>
      <trkpt lat="38.81868" lon="121.14755">
        <ele>50.135105</ele>
        <time>2014-05-31T11:54:08.198000Z</time>
      </trkpt>
      <trkpt lat="38.818615" lon="121.147446">
        <ele>49.52656</ele>
        <time>2014-05-31T11:54:12.007000Z</time>
      </trkpt>
      <trkpt lat="38.818542" lon="121.14737">
        <ele>49.500576</ele>
        <time>2014-05-31T11:54:15.816000Z</time>
      </trkpt>
      <trkpt lat="38.818443" lon="121.14732">
        <ele>50.01672</ele>
        <time>2014-05-31T11:54:19.625000Z</time>
      </trkpt>
      <trkpt lat="38.818336" lon="121.14731">
        <ele>50.496014</ele>
        <time>2014-05-31T11:54:23.434000Z</time>
      </trkpt>
      <trkpt lat="38.81824" lon="121.147316">
        <ele>50.547657</ele>
        <time>2014-05-31T11:54:27.243000Z</time>
      </trkpt>
      <trkpt lat="38.818153" lon="121.147316">
        <ele>50.362637</ele>
        <time>2014-05-31T11:54:31.052000Z</time>
      </trkpt>
      <trkpt lat="38.818054" lon="121.147316">
        <ele>50.298492</ele>
        <time>2014-05-31T11:54:34.861000Z</time>
      </trkpt>
      <trkpt lat="38.817963" lon="121.147316">
        <ele>50.469246</ele>
        <time>2014-05-31T11:54:38.670000Z</time>
      </trkpt>
      <trkpt lat="38.817863" lon="121.14731">
        <ele>50.784687</ele>
        <time>2014-05-31T11:54:42.479000Z</time>
      </trkpt>
      <trkpt lat="38.817753" lon="121.14729">
        <ele>51.06105</ele>
        <time>2014-05-31T11:54:46.288000Z</time>
      </trkpt>
      <trkpt lat="38.81765" lon="121.14728">
        <ele>51.149643</ele>
        <time>2014-05-31T11:54:50.097000Z</time>
      </trkpt>
      <trkpt lat="38.81756" lon="121.14727">
        <ele>50.864677</ele>
        <time>2014-05-31T11:54:53.906000Z</time>
      </trkpt>
      <trkpt lat="38.81745" lon="121.1473">
        <ele>49.943344</ele>
        <time>2014-05-31T11:54:57.715000Z</time>
      </trkpt>
      <trkpt lat="38.817368" lon="121.147354">
        <ele>48.590103</ele>
        <time>2014-05-31T11:55:01.524000Z</time>
      </trkpt>
      <trkpt lat="38.81728" lon="121.14744">
        <ele>48.02765</ele>
        <time>2014-05-31T11:55:05.333000Z</time>
      </trkpt>
      <trkpt lat="38.817223" lon="121.14753">
        <ele>48.959126</ele>
        <time>2014-05-31T11:55:09.142000Z</time>
      </trkpt>
      <trkpt lat="38.817192" lon="121.14766">
        <ele>50.65244</ele>
        <time>2014-05-31T11:55:12.951000Z</time>
      </trkpt>
      <trkpt lat="38.817177" lon="121.14777">
        <ele>51.914246</ele>
        <time>2014-05-31T11:55:16.760000Z</time>
      </trkpt>
      <trkpt lat="38.81718" lon="121.14792">
        <ele>52.113003</ele>
        <time>2014-05-31T11:55:20.569000Z</time>
      </trkpt>
      <trkpt lat="38.817207" lon="121.14803">
        <ele>51.5221</ele>
        <time>2014-05-31T11:55:24.378000Z</time>
      </trkpt>
      <trkpt lat="38.81726" lon="121.148155">
        <ele>51.036823</ele>
        <time>2014-05-31T11:55:28.187000Z</time>
      </trkpt>
      <trkpt lat="38.81734" lon="121.14825">
        <ele>51.47224</ele>
        <time>2014-05-31T11:55:31.996000Z</time>
      </trkpt>
      <trkpt lat="38.817444" lon="121.14829">
        <ele>52.9124</ele>
        <time>2014-05-31T11:55:35.805000Z</time>
      </trkpt>
      <trkpt lat="38.817543" lon="121.14831">
        <ele>54.36114</ele>
        <time>2014-05-31T11:55:39.614000Z</time>
      </trkpt>
      <trkpt lat="38.817635" lon="121.14831">
        <ele>54.905937</ele>
        <time>2014-05-31T11:55:43.423000Z</time>
      </trkpt>
      <trkpt lat="38.817745" lon="121.14831">
        <ele>54.60728</ele>
        <time>2014-05-31T11:55:47.232000Z</time>
      </trkpt>
      <trkpt lat="38.81784" lon="121.14831">
        <ele>53.68415</ele>
        <time>2014-05-31T11:55:51.041000Z</time>
      </trkpt>
      <trkpt lat="38.817944" lon="121.14831">
        <ele>52.360565</ele>
        <time>2014-05-31T11:55:54.850000Z</time>
      </trkpt>
      <trkpt lat="38.81804" lon="121.148315">
        <ele>50.95237</ele>
        <time>2014-05-31T11:55:58.659000Z</time>
      </trkpt>
      <trkpt lat="38.818134" lon="121.14833">
        <ele>49.541584</ele>
        <time>2014-05-31T11:56:02.468000Z</time>
      </trkpt>
      <trkpt lat="38.81823" lon="121.14833">
        <ele>48.129044</ele>
        <time>2014-05-31T11:56:06.277000Z</time>
      </trkpt>
      <trkpt lat="38.81833" lon="121.14833">
        <ele>47.03555</ele>
        <time>2014-05-31T11:56:10.086000Z</time>
      </trkpt>
      <trkpt lat="38.81844" lon="121.14833">
        <ele>46.414528</ele>
        <time>2014-05-31T11:56:13.895000Z</time>
      </trkpt>
      <trkpt lat="38.81854" lon="121.14828">
        <ele>46.20081</ele>
        <time>2014-05-31T11:56:17.704000Z</time>
      </trkpt>
      <trkpt lat="38.818623" lon="121.1482">
        <ele>46.43631</ele>
        <time>2014-05-31T11:56:21.513000Z</time>
      </trkpt>
      <trkpt lat="38.818687" lon="121.1481">
        <ele>47.028927</ele>
        <time>2014-05-31T11:56:25.322000Z</time>
      </trkpt>
      <trkpt lat="38.81873" lon="121.14798">
        <ele>47.704494</ele>
        <time>2014-05-31T11:56:29.131000Z</time>
      </trkpt>
      <trkpt lat="38.818745" lon="121.14786">
        <ele>48.452335</ele>
        <time>2014-05-31T11:56:32.940000Z</time>
      </trkpt>
      <trkpt lat="38.818745" lon="121.147736">
        <ele>49.189186</ele>
        <time>2014-05-31T11:56:36.749000Z</time>
      </trkpt>
      <trkpt lat="38.818714" lon="121.147606">
        <ele>49.639305</ele>
        <time>2014-05-31T11:56:40.558000Z</time>
      </trkpt>
      <trkpt lat="38.818653" lon="121.14749">
        <ele>49.761517</ele>
        <time>2014-05-31T11:56:44.367000Z</time>
      </trkpt>
      <trkpt lat="38.81858" lon="121.1474">
        <ele>49.93411</ele>
        <time>2014-05-31T11:56:48.176000Z</time>
      </trkpt>
      <trkpt lat="38.818497" lon="121.14734">
        <ele>50.46278</ele>
        <time>2014-05-31T11:56:51.985000Z</time>
      </trkpt>
      <trkpt lat="38.81839" lon="121.1473">
        <ele>51.059853</ele>
        <time>2014-05-31T11:56:55.794000Z</time>
      </trkpt>
      <trkpt lat="38.818295" lon="121.14729">
        <ele>51.53982</ele>
        <time>2014-05-31T11:56:59.603000Z</time>
      </trkpt>
      <trkpt lat="38.8182" lon="121.1473">
        <ele>52.09412</ele>
        <time>2014-05-31T11:57:03.412000Z</time>
      </trkpt>
      <trkpt lat="38.81808" lon="121.1473">
        <ele>52.595566</ele>
        <time>2014-05-31T11:57:07.221000Z</time>
      </trkpt>
      <trkpt lat="38.817978" lon="121.14729">
        <ele>52.286327</ele>
        <time>2014-05-31T11:57:11.030000Z</time>
      </trkpt>
      <trkpt lat="38.81787" lon="121.1473">
        <ele>50.821278</ele>
        <time>2014-05-31T11:57:14.839000Z</time>
      </trkpt>
      <trkpt lat="38.81776" lon="121.14731">
        <ele>49.074127</ele>
        <time>2014-05-31T11:57:18.648000Z</time>
      </trkpt>
      <trkpt lat="38.817654" lon="121.1473">
        <ele>48.302876</ele>
        <time>2014-05-31T11:57:22.457000Z</time>
      </trkpt>
      <trkpt lat="38.817562" lon="121.1473">
        <ele>49.18496</ele>
        <time>2014-05-31T11:57:26.266000Z</time>
      </trkpt>
      <trkpt lat="38.817455" lon="121.14732">
        <ele>51.280617</ele>
        <time>2014-05-31T11:57:30.075000Z</time>
      </trkpt>
      <trkpt lat="38.817364" lon="121.14737">
        <ele>52.96315</ele>
        <time>2014-05-31T11:57:33.884000Z</time>
      </trkpt>
      <trkpt lat="38.81728" lon="121.14742">
        <ele>53.317745</ele>
        <time>2014-05-31T11:57:37.693000Z</time>
      </trkpt>
      <trkpt lat="38.817215" lon="121.147514">
        <ele>52.93577</ele>
        <time>2014-05-31T11:57:41.502000Z</time>
      </trkpt>
      <trkpt lat="38.817173" lon="121.147644">
        <ele>52.204117</ele>
        <time>2014-05-31T11:57:45.311000Z</time>
      </trkpt>
      <trkpt lat="38.81716" lon="121.14777">
        <ele>51.050186</ele>
        <time>2014-05-31T11:57:49.120000Z</time>
      </trkpt>
      <trkpt lat="38.81717" lon="121.1479">
        <ele>49.982376</ele>
        <time>2014-05-31T11:57:52.929000Z</time>
      </trkpt>
      <trkpt lat="38.817204" lon="121.148026">
        <ele>49.496937</ele>
        <time>2014-05-31T11:57:56.738000Z</time>
      </trkpt>
      <trkpt lat="38.817265" lon="121.148125">
        <ele>49.52632</ele>
        <time>2014-05-31T11:58:00.547000Z</time>
      </trkpt>
      <trkpt lat="38.817352" lon="121.14822">
        <ele>49.75838</ele>
        <time>2014-05-31T11:58:04.356000Z</time>
      </trkpt>
      <trkpt lat="38.81744" lon="121.14827">
        <ele>50.00145</ele>
        <time>2014-05-31T11:58:08.165000Z</time>
      </trkpt>
      <trkpt lat="38.81755" lon="121.1483">
        <ele>50.13222</ele>
        <time>2014-05-31T11:58:11.974000Z</time>
      </trkpt>
      <trkpt lat="38.81765" lon="121.14831">
        <ele>50.187897</ele>
        <time>2014-05-31T11:58:15.783000Z</time>
      </trkpt>
      <trkpt lat="38.81774" lon="121.14831">
        <ele>50.209095</ele>
        <time>2014-05-31T11:58:19.592000Z</time>
      </trkpt>
      <trkpt lat="38.817856" lon="121.148315">
        <ele>50.13535</ele>
        <time>2014-05-31T11:58:23.401000Z</time>
      </trkpt>
      <trkpt lat="38.817955" lon="121.14832">
        <ele>49.807945</ele>
        <time>2014-05-31T11:58:27.210000Z</time>
      </trkpt>
      <trkpt lat="38.818058" lon="121.14832">
        <ele>49.34436</ele>
        <time>2014-05-31T11:58:31.019000Z</time>
      </trkpt>
      <trkpt lat="38.818157" lon="121.14832">
        <ele>48.881416</ele>
        <time>2014-05-31T11:58:34.828000Z</time>
      </trkpt>
      <trkpt lat="38.818264" lon="121.14834">
        <ele>48.254105</ele>
        <time>2014-05-31T11:58:38.637000Z</time>
      </trkpt>
      <trkpt lat="38.81836" lon="121.14834">
        <ele>47.26825</ele>
        <time>2014-05-31T11:58:42.446000Z</time>
      </trkpt>
      <trkpt lat="38.818466" lon="121.148315">
        <ele>46.29962</ele>
        <time>2014-05-31T11:58:46.255000Z</time>
      </trkpt>
      <trkpt lat="38.818558" lon="121.148254">
        <ele>46.352108</ele>
        <time>2014-05-31T11:58:50.064000Z</time>
      </trkpt>
      <trkpt lat="38.81863" lon="121.14818">
        <ele>47.734806</ele>
        <time>2014-05-31T11:58:53.873000Z</time>
      </trkpt>
      <trkpt lat="38.818695" lon="121.14806">
        <ele>49.398075</ele>
        <time>2014-05-31T11:58:57.682000Z</time>
      </trkpt>
      <trkpt lat="38.81873" lon="121.147934">
        <ele>50.370438</ele>
        <time>2014-05-31T11:59:01.491000Z</time>
      </trkpt>
      <trkpt lat="38.818737" lon="121.1478">
        <ele>50.690117</ele>
        <time>2014-05-31T11:59:05.300000Z</time>
      </trkpt>
      <trkpt lat="38.818718" lon="121.147675">
        <ele>50.66252</ele>
        <time>2014-05-31T11:59:09.109000Z</time>
      </trkpt>
      <trkpt lat="38.81868" lon="121.147545">
        <ele>50.52536</ele>
        <time>2014-05-31T11:59:12.918000Z</time>
      </trkpt>
      <trkpt lat="38.818607" lon="121.14744">
        <ele>50.36112</ele>
        <time>2014-05-31T11:59:16.727000Z</time>
      </trkpt>
      <trkpt lat="38.818523" lon="121.14736">
        <ele>50.050755</ele>
        <time>2014-05-31T11:59:20.536000Z</time>
      </trkpt>
      <trkpt lat="38.818428" lon="121.14731">
        <ele>49.523617</ele>
        <time>2014-05-31T11:59:24.345000Z</time>
      </trkpt>
      <trkpt lat="38.818333" lon="121.147285">
        <ele>49.152557</ele>
        <time>2014-05-31T11:59:28.154000Z</time>
      </trkpt>
      <trkpt lat="38.818237" lon="121.14728">
        <ele>49.247375</ele>
        <time>2014-05-31T11:59:31.963000Z</time>
      </trkpt>
      <trkpt lat="38.818134" lon="121.147285">
        <ele>49.51382</ele>
        <time>2014-05-31T11:59:35.772000Z</time>
      </trkpt>
      <trkpt lat="38.818024" lon="121.14729">
        <ele>49.62918</ele>
        <time>2014-05-31T11:59:39.581000Z</time>
      </trkpt>
      <trkpt lat="38.817917" lon="121.147285">
        <ele>49.72827</ele>
        <time>2014-05-31T11:59:43.390000Z</time>
      </trkpt>
      <trkpt lat="38.81781" lon="121.14728">
        <ele>50.08141</ele>
        <time>2014-05-31T11:59:47.199000Z</time>
      </trkpt>
      <trkpt lat="38.817696" lon="121.14727">
        <ele>50.60502</ele>
        <time>2014-05-31T11:59:51.008000Z</time>
      </trkpt>
      <trkpt lat="38.817604" lon="121.14726">
        <ele>51.057194</ele>
        <time>2014-05-31T11:59:54.817000Z</time>
      </trkpt>
      <trkpt lat="38.817505" lon="121.14727">
        <ele>51.379036</ele>
        <time>2014-05-31T11:59:58.626000Z</time>
      </trkpt>
      <trkpt lat="38.81741" lon="121.14731">
        <ele>51.620434</ele>
        <time>2014-05-31T12:00:02.435000Z</time>
      </trkpt>
      <trkpt lat="38.81733" lon="121.14737">
        <ele>51.758915</ele>
        <time>2014-05-31T12:00:06.244000Z</time>
      </trkpt>
      <trkpt lat="38.81725" lon="121.14746">
        <ele>51.49395</ele>
        <time>2014-05-31T12:00:10.053000Z</time>
      </trkpt>
      <trkpt lat="38.8172" lon="121.14756">
        <ele>50.729866</ele>
        <time>2014-05-31T12:00:13.862000Z</time>
      </trkpt>
      <trkpt lat="38.81717" lon="121.1477">
        <ele>50.334713</ele>
        <time>2014-05-31T12:00:17.671000Z</time>
      </trkpt>
      <trkpt lat="38.817154" lon="121.14783">
        <ele>50.919727</ele>
        <time>2014-05-31T12:00:21.480000Z</time>
      </trkpt>
      <trkpt lat="38.817165" lon="121.14796">
        <ele>51.45058</ele>
        <time>2014-05-31T12:00:25.289000Z</time>
      </trkpt>
      <trkpt lat="38.817207" lon="121.14807">
        <ele>50.978523</ele>
        <time>2014-05-31T12:00:29.098000Z</time>
      </trkpt>
      <trkpt lat="38.817276" lon="121.14817">
        <ele>50.40998</ele>
        <time>2014-05-31T12:00:32.907000Z</time>
      </trkpt>
      <trkpt lat="38.817364" lon="121.14825">
        <ele>50.960735</ele>
        <time>2014-05-31T12:00:36.716000Z</time>
      </trkpt>
      <trkpt lat="38.817448" lon="121.14829">
        <ele>52.362114</ele>
        <time>2014-05-31T12:00:40.525000Z</time>
      </trkpt>
      <trkpt lat="38.817547" lon="121.14831">
        <ele>53.54388</ele>
        <time>2014-05-31T12:00:44.334000Z</time>
      </trkpt>
      <trkpt lat="38.817654" lon="121.148315">
        <ele>53.963642</ele>
        <time>2014-05-31T12:00:48.143000Z</time>
      </trkpt>
      <trkpt lat="38.81774" lon="121.14832">
        <ele>53.18939</ele>
        <time>2014-05-31T12:00:51.952000Z</time>
      </trkpt>
      <trkpt lat="38.81785" lon="121.14833">
        <ele>51.253643</ele>
        <time>2014-05-31T12:00:55.761000Z</time>
      </trkpt>
      <trkpt lat="38.81795" lon="121.14834">
        <ele>49.48537</ele>
        <time>2014-05-31T12:00:59.570000Z</time>
      </trkpt>
      <trkpt lat="38.818047" lon="121.14834">
        <ele>48.913868</ele>
        <time>2014-05-31T12:01:03.379000Z</time>
      </trkpt>
      <trkpt lat="38.818134" lon="121.148346">
        <ele>49.02679</ele>
        <time>2014-05-31T12:01:07.188000Z</time>
      </trkpt>
      <trkpt lat="38.81824" lon="121.148346">
        <ele>49.13989</ele>
        <time>2014-05-31T12:01:10.997000Z</time>
      </trkpt>
      <trkpt lat="38.81834" lon="121.14835">
        <ele>49.560593</ele>
        <time>2014-05-31T12:01:14.806000Z</time>
      </trkpt>
      <trkpt lat="38.81844" lon="121.14833">
        <ele>50.84875</ele>
        <time>2014-05-31T12:01:18.615000Z</time>
      </trkpt>
      <trkpt lat="38.818527" lon="121.148285">
        <ele>52.769405</ele>
        <time>2014-05-31T12:01:22.424000Z</time>
      </trkpt>
      <trkpt lat="38.818607" lon="121.1482">
        <ele>54.559227</ele>
        <time>2014-05-31T12:01:26.233000Z</time>
      </trkpt>
      <trkpt lat="38.81867" lon="121.14808">
        <ele>55.523052</ele>
        <time>2014-05-31T12:01:30.042000Z</time>
      </trkpt>
      <trkpt lat="38.818714" lon="121.147964">
        <ele>55.090195</ele>
        <time>2014-05-31T12:01:33.851000Z</time>
      </trkpt>
      <trkpt lat="38.81873" lon="121.14783">
        <ele>53.577263</ele>
        <time>2014-05-31T12:01:37.660000Z</time>
      </trkpt>
      <trkpt lat="38.81873" lon="121.1477">
        <ele>51.562473</ele>
        <time>2014-05-31T12:01:41.469000Z</time>
      </trkpt>
      <trkpt lat="38.818695" lon="121.14758">
        <ele>49.41987</ele>
        <time>2014-05-31T12:01:45.278000Z</time>
      </trkpt>
      <trkpt lat="38.818645" lon="121.14748">
        <ele>47.97631</ele>
        <time>2014-05-31T12:01:49.087000Z</time>
      </trkpt>
      <trkpt lat="38.81857" lon="121.14739">
        <ele>47.908615</ele>
        <time>2014-05-31T12:01:52.896000Z</time>
      </trkpt>
      <trkpt lat="38.818497" lon="121.14732">
        <ele>48.622414</ele>
        <time>2014-05-31T12:01:56.705000Z</time>
      </trkpt>
      <trkpt lat="38.818398" lon="121.14729">
        <ele>49.42151</ele>
        <time>2014-05-31T12:02:00.514000Z</time>
      </trkpt>
      <trkpt lat="38.81829" lon="121.1473">
        <ele>50.329857</ele>
        <time>2014-05-31T12:02:04.323000Z</time>
      </trkpt>
      <trkpt lat="38.818195" lon="121.14729">
        <ele>51.49281</ele>
        <time>2014-05-31T12:02:08.132000Z</time>
      </trkpt>
      <trkpt lat="38.818096" lon="121.1473">
        <ele>52.6932</ele>
        <time>2014-05-31T12:02:11.941000Z</time>
      </trkpt>
      <trkpt lat="38.817997" lon="121.14729">
        <ele>53.63114</ele>
        <time>2014-05-31T12:02:15.750000Z</time>
      </trkpt>
      <trkpt lat="38.817894" lon="121.14728">
        <ele>54.13568</ele>
        <time>2014-05-31T12:02:19.559000Z</time>
      </trkpt>
      <trkpt lat="38.817787" lon="121.14728">
        <ele>53.901253</ele>
        <time>2014-05-31T12:02:23.368000Z</time>
      </trkpt>
      <trkpt lat="38.81768" lon="121.14728">
        <ele>52.893997</ele>
        <time>2014-05-31T12:02:27.177000Z</time>
      </trkpt>
      <trkpt lat="38.817585" lon="121.147285">
        <ele>51.73437</ele>
        <time>2014-05-31T12:02:30.986000Z</time>
      </trkpt>
      <trkpt lat="38.817474" lon="121.14731">
        <ele>51.071156</ele>
        <time>2014-05-31T12:02:34.795000Z</time>
      </trkpt>
      <trkpt lat="38.81738" lon="121.147354">
        <ele>50.89713</ele>
        <time>2014-05-31T12:02:38.604000Z</time>
      </trkpt>
      <trkpt lat="38.81729" lon="121.147415">
        <ele>50.70112</ele>
        <time>2014-05-31T12:02:42.413000Z</time>
      </trkpt>
      <trkpt lat="38.81722" lon="121.147514">
        <ele>50.155014</ele>
        <time>2014-05-31T12:02:46.222000Z</time>
      </trkpt>
      <trkpt lat="38.817173" lon="121.14763">
        <ele>49.783394</ele>
        <time>2014-05-31T12:02:50.031000Z</time>
      </trkpt>
      <trkpt lat="38.817158" lon="121.14774">
        <ele>50.07134</ele>
        <time>2014-05-31T12:02:53.840000Z</time>
      </trkpt>
      <trkpt lat="38.817165" lon="121.147865">
        <ele>50.659874</ele>
        <time>2014-05-31T12:02:57.649000Z</time>
      </trkpt>
      <trkpt lat="38.81719" lon="121.14798">
        <ele>51.053795</ele>
        <time>2014-05-31T12:03:01.458000Z</time>
      </trkpt>
      <trkpt lat="38.817238" lon="121.14809">
        <ele>51.891167</ele>
        <time>2014-05-31T12:03:05.267000Z</time>
      </trkpt>
      <trkpt lat="38.8173" lon="121.14819">
        <ele>53.721798</ele>
        <time>2014-05-31T12:03:09.076000Z</time>
      </trkpt>
      <trkpt lat="38.81739" lon="121.14827">
        <ele>55.442284</ele>
        <time>2014-05-31T12:03:12.885000Z</time>
      </trkpt>
      <trkpt lat="38.817482" lon="121.1483">
        <ele>55.839703</ele>
        <time>2014-05-31T12:03:16.694000Z</time>
      </trkpt>
      <trkpt lat="38.81757" lon="121.148315">
        <ele>55.2614</ele>
        <time>2014-05-31T12:03:20.503000Z</time>
      </trkpt>
      <trkpt lat="38.817665" lon="121.148315">
        <ele>54.311687</ele>
        <time>2014-05-31T12:03:24.312000Z</time>
      </trkpt>
      <trkpt lat="38.817776" lon="121.14832">
        <ele>52.77422</ele>
        <time>2014-05-31T12:03:28.121000Z</time>
      </trkpt>
      <trkpt lat="38.81789" lon="121.14832">
        <ele>50.438988</ele>
        <time>2014-05-31T12:03:31.930000Z</time>
      </trkpt>
      <trkpt lat="38.818005" lon="121.14832">
        <ele>48.125904</ele>
        <time>2014-05-31T12:03:35.739000Z</time>
      </trkpt>
      <trkpt lat="38.8181" lon="121.14832">
        <ele>46.760582</ele>
        <time>2014-05-31T12:03:39.548000Z</time>
      </trkpt>
      <trkpt lat="38.818207" lon="121.14832">
        <ele>46.69519</ele>
        <time>2014-05-31T12:03:43.357000Z</time>
      </trkpt>
      <trkpt lat="38.818306" lon="121.14833">
        <ele>47.862446</ele>
        <time>2014-05-31T12:03:47.166000Z</time>
      </trkpt>
      <trkpt lat="38.818405" lon="121.14833">
        <ele>49.70354</ele>
        <time>2014-05-31T12:03:50.975000Z</time>
      </trkpt>
      <trkpt lat="38.81851" lon="121.14829">
        <ele>51.152653</ele>
        <time>2014-05-31T12:03:54.784000Z</time>
      </trkpt>
      <trkpt lat="38.818592" lon="121.148224">
        <ele>51.45912</ele>
        <time>2014-05-31T12:03:58.593000Z</time>
      </trkpt>
      <trkpt lat="38.81865" lon="121.14813">
        <ele>50.91121</ele>
        <time>2014-05-31T12:04:02.402000Z</time>
      </trkpt>
      <trkpt lat="38.818703" lon="121.14802">
        <ele>50.377872</ele>
        <time>2014-05-31T12:04:06.211000Z</time>
      </trkpt>
      <trkpt lat="38.818726" lon="121.14788">
        <ele>50.634144</ele>
        <time>2014-05-31T12:04:10.020000Z</time>
      </trkpt>
      <trkpt lat="38.818733" lon="121.14774">
        <ele>51.767773</ele>
        <time>2014-05-31T12:04:13.829000Z</time>
      </trkpt>
      <trkpt lat="38.81872" lon="121.14762">
        <ele>52.760025</ele>
        <time>2014-05-31T12:04:17.638000Z</time>
      </trkpt>
      <trkpt lat="38.818672" lon="121.14751">
        <ele>52.15611</ele>
        <time>2014-05-31T12:04:21.447000Z</time>
      </trkpt>
      <trkpt lat="38.818604" lon="121.14741">
        <ele>49.95938</ele>
        <time>2014-05-31T12:04:25.256000Z</time>
      </trkpt>
      <trkpt lat="38.818516" lon="121.14735">
        <ele>47.844177</ele>
        <time>2014-05-31T12:04:29.065000Z</time>
      </trkpt>
      <trkpt lat="38.818417" lon="121.14731">
        <ele>47.04783</ele>
        <time>2014-05-31T12:04:32.874000Z</time>
      </trkpt>
      <trkpt lat="38.818314" lon="121.147285">
        <ele>47.73301</ele>
        <time>2014-05-31T12:04:36.683000Z</time>
      </trkpt>
      <trkpt lat="38.818214" lon="121.14729">
        <ele>49.820763</ele>
        <time>2014-05-31T12:04:40.492000Z</time>
      </trkpt>
      <trkpt lat="38.818096" lon="121.14729">
        <ele>52.342937</ele>
        <time>2014-05-31T12:04:44.301000Z</time>
      </trkpt>
      <trkpt lat="38.817986" lon="121.147285">
        <ele>54.07079</ele>
        <time>2014-05-31T12:04:48.110000Z</time>
      </trkpt>
      <trkpt lat="38.817883" lon="121.14728">
        <ele>54.568073</ele>
        <time>2014-05-31T12:04:51.919000Z</time>
      </trkpt>
      <trkpt lat="38.81778" lon="121.14727">
        <ele>54.10677</ele>
        <time>2014-05-31T12:04:55.728000Z</time>
      </trkpt>
      <trkpt lat="38.81766" lon="121.14727">
        <ele>53.24968</ele>
        <time>2014-05-31T12:04:59.537000Z</time>
      </trkpt>
      <trkpt lat="38.81757" lon="121.14727">
        <ele>52.407887</ele>
        <time>2014-05-31T12:05:03.346000Z</time>
      </trkpt>
      <trkpt lat="38.817467" lon="121.14729">
        <ele>51.82086</ele>
        <time>2014-05-31T12:05:07.155000Z</time>
      </trkpt>
      <trkpt lat="38.81738" lon="121.14734">
        <ele>51.772457</ele>
        <time>2014-05-31T12:05:10.964000Z</time>
      </trkpt>
      <trkpt lat="38.817307" lon="121.147415">
        <ele>52.148567</ele>
        <time>2014-05-31T12:05:14.773000Z</time>
      </trkpt>
      <trkpt lat="38.817238" lon="121.14751">
        <ele>52.23436</ele>
        <time>2014-05-31T12:05:18.582000Z</time>
      </trkpt>
      <trkpt lat="38.817192" lon="121.14762">
        <ele>51.559937</ele>
        <time>2014-05-31T12:05:22.391000Z</time>
      </trkpt>
      <trkpt lat="38.817177" lon="121.14776">
        <ele>50.55804</ele>
        <time>2014-05-31T12:05:26.200000Z</time>
      </trkpt>
      <trkpt lat="38.817184" lon="121.147896">
        <ele>49.89403</ele>
        <time>2014-05-31T12:05:30.009000Z</time>
      </trkpt>
      <trkpt lat="38.817207" lon="121.14801">
        <ele>49.8157</ele>
        <time>2014-05-31T12:05:33.818000Z</time>
      </trkpt>
      <trkpt lat="38.81726" lon="121.148125">
        <ele>50.322704</ele>
        <time>2014-05-31T12:05:37.627000Z</time>
      </trkpt>
      <trkpt lat="38.817333" lon="121.1482">
        <ele>51.18102</ele>
        <time>2014-05-31T12:05:41.436000Z</time>
      </trkpt>
      <trkpt lat="38.81742" lon="121.14826">
        <ele>51.899845</ele>
        <time>2014-05-31T12:05:45.245000Z</time>
      </trkpt>
      <trkpt lat="38.817516" lon="121.1483">
        <ele>52.3746</ele>
        <time>2014-05-31T12:05:49.054000Z</time>
      </trkpt>
      <trkpt lat="38.81762" lon="121.14831">
        <ele>52.641544</ele>
        <time>2014-05-31T12:05:52.863000Z</time>
      </trkpt>
      <trkpt lat="38.81771" lon="121.148315">
        <ele>52.72848</ele>
        <time>2014-05-31T12:05:56.672000Z</time>
      </trkpt>
      <trkpt lat="38.817814" lon="121.14832">
        <ele>52.750134</ele>
        <time>2014-05-31T12:06:00.481000Z</time>
      </trkpt>
      <trkpt lat="38.81792" lon="121.148346">
        <ele>52.650608</ele>
        <time>2014-05-31T12:06:04.290000Z</time>
      </trkpt>
      <trkpt lat="38.81803" lon="121.14835">
        <ele>52.021133</ele>
        <time>2014-05-31T12:06:08.099000Z</time>
      </trkpt>
      <trkpt lat="38.81814" lon="121.14836">
        <ele>50.91157</ele>
        <time>2014-05-31T12:06:11.908000Z</time>
      </trkpt>
      <trkpt lat="38.818245" lon="121.14835">
        <ele>50.054203</ele>
        <time>2014-05-31T12:06:15.717000Z</time>
      </trkpt>
      <trkpt lat="38.818356" lon="121.14836">
        <ele>50.015305</ele>
        <time>2014-05-31T12:06:19.526000Z</time>
      </trkpt>
      <trkpt lat="38.818447" lon="121.148346">
        <ele>50.386696</ele>
        <time>2014-05-31T12:06:23.335000Z</time>
      </trkpt>
      <trkpt lat="38.818535" lon="121.14829">
        <ele>51.17696</ele>
        <time>2014-05-31T12:06:27.144000Z</time>
      </trkpt>
      <trkpt lat="38.81861" lon="121.14822">
        <ele>52.724823</ele>
        <time>2014-05-31T12:06:30.953000Z</time>
      </trkpt>
      <trkpt lat="38.818657" lon="121.14811">
        <ele>54.41048</ele>
        <time>2014-05-31T12:06:34.762000Z</time>
      </trkpt>
      <trkpt lat="38.8187" lon="121.14799">
        <ele>54.532574</ele>
        <time>2014-05-31T12:06:38.571000Z</time>
      </trkpt>
      <trkpt lat="38.818718" lon="121.14787">
        <ele>52.592094</ele>
        <time>2014-05-31T12:06:42.380000Z</time>
      </trkpt>
      <trkpt lat="38.818718" lon="121.147736">
        <ele>50.374977</ele>
        <time>2014-05-31T12:06:46.189000Z</time>
      </trkpt>
      <trkpt lat="38.8187" lon="121.14762">
        <ele>49.476963</ele>
        <time>2014-05-31T12:06:49.998000Z</time>
      </trkpt>
      <trkpt lat="38.81865" lon="121.147514">
        <ele>49.551395</ele>
        <time>2014-05-31T12:06:53.807000Z</time>
      </trkpt>
      <trkpt lat="38.818573" lon="121.147415">
        <ele>49.872414</ele>
        <time>2014-05-31T12:06:57.616000Z</time>
      </trkpt>
      <trkpt lat="38.8185" lon="121.14735">
        <ele>50.48873</ele>
        <time>2014-05-31T12:07:01.425000Z</time>
      </trkpt>
      <trkpt lat="38.818413" lon="121.14731">
        <ele>51.571377</ele>
        <time>2014-05-31T12:07:05.234000Z</time>
      </trkpt>
      <trkpt lat="38.818314" lon="121.1473">
        <ele>52.849503</ele>
        <time>2014-05-31T12:07:09.043000Z</time>
      </trkpt>
      <trkpt lat="38.81822" lon="121.14731">
        <ele>53.79987</ele>
        <time>2014-05-31T12:07:12.852000Z</time>
      </trkpt>
      <trkpt lat="38.818104" lon="121.147316">
        <ele>54.244167</ele>
        <time>2014-05-31T12:07:16.661000Z</time>
      </trkpt>
      <trkpt lat="38.818" lon="121.147316">
        <ele>54.45444</ele>
        <time>2014-05-31T12:07:20.470000Z</time>
      </trkpt>
      <trkpt lat="38.8179" lon="121.14732">
        <ele>54.66738</ele>
        <time>2014-05-31T12:07:24.279000Z</time>
      </trkpt>
      <trkpt lat="38.817802" lon="121.14731">
        <ele>54.55722</ele>
        <time>2014-05-31T12:07:28.088000Z</time>
      </trkpt>
      <trkpt lat="38.817684" lon="121.14729">
        <ele>54.023968</ele>
        <time>2014-05-31T12:07:31.897000Z</time>
      </trkpt>
      <trkpt lat="38.81758" lon="121.14729">
        <ele>53.464924</ele>
        <time>2014-05-31T12:07:35.706000Z</time>
      </trkpt>
      <trkpt lat="38.817474" lon="121.147316">
        <ele>53.235268</ele>
        <time>2014-05-31T12:07:39.515000Z</time>
      </trkpt>
      <trkpt lat="38.817474" lon="121.147316">
        <ele>53.215385</ele>
        <time>2014-05-31T12:07:43.324000Z</time>
      </trkpt>
      <trkpt lat="38.817375" lon="121.14737">
        <ele>53.100475</ele>
        <time>2014-05-31T12:07:47.133000Z</time>
      </trkpt>
      <trkpt lat="38.81729" lon="121.14745">
        <ele>52.78</ele>
        <time>2014-05-31T12:07:50.942000Z</time>
      </trkpt>
      <trkpt lat="38.81729" lon="121.14745">
        <ele>52.457146</ele>
        <time>2014-05-31T12:07:54.751000Z</time>
      </trkpt>
      <trkpt lat="38.817226" lon="121.14755">
        <ele>52.047424</ele>
        <time>2014-05-31T12:07:58.560000Z</time>
      </trkpt>
      <trkpt lat="38.81719" lon="121.14767">
        <ele>51.268776</ele>
        <time>2014-05-31T12:08:02.369000Z</time>
      </trkpt>
      <trkpt lat="38.817173" lon="121.14779">
        <ele>50.385952</ele>
        <time>2014-05-31T12:08:06.178000Z</time>
      </trkpt>
      <trkpt lat="38.817184" lon="121.14793">
        <ele>50.390114</ele>
        <time>2014-05-31T12:08:09.987000Z</time>
      </trkpt>
      <trkpt lat="38.817215" lon="121.14804">
        <ele>51.627125</ele>
        <time>2014-05-31T12:08:13.796000Z</time>
      </trkpt>
      <trkpt lat="38.817272" lon="121.148155">
        <ele>53.181313</ele>
        <time>2014-05-31T12:08:17.605000Z</time>
      </trkpt>
      <trkpt lat="38.81735" lon="121.14824">
        <ele>54.056774</ele>
        <time>2014-05-31T12:08:21.414000Z</time>
      </trkpt>
      <trkpt lat="38.817448" lon="121.14829">
        <ele>54.09803</ele>
        <time>2014-05-31T12:08:25.223000Z</time>
      </trkpt>
      <trkpt lat="38.81754" lon="121.14831">
        <ele>53.454365</ele>
        <time>2014-05-31T12:08:29.032000Z</time>
      </trkpt>
      <trkpt lat="38.81764" lon="121.14831">
        <ele>52.35665</ele>
        <time>2014-05-31T12:08:32.841000Z</time>
      </trkpt>
      <trkpt lat="38.817738" lon="121.1483">
        <ele>51.071575</ele>
        <time>2014-05-31T12:08:36.650000Z</time>
      </trkpt>
      <trkpt lat="38.817837" lon="121.14831">
        <ele>50.003727</ele>
        <time>2014-05-31T12:08:40.459000Z</time>
      </trkpt>
      <trkpt lat="38.817932" lon="121.14832">
        <ele>49.953156</ele>
        <time>2014-05-31T12:08:44.268000Z</time>
      </trkpt>
      <trkpt lat="38.818027" lon="121.14833">
        <ele>51.18994</ele>
        <time>2014-05-31T12:08:48.077000Z</time>
      </trkpt>
      <trkpt lat="38.818123" lon="121.14833">
        <ele>52.11656</ele>
        <time>2014-05-31T12:08:51.886000Z</time>
      </trkpt>
      <trkpt lat="38.818222" lon="121.14833">
        <ele>51.457394</ele>
        <time>2014-05-31T12:08:55.695000Z</time>
      </trkpt>
      <trkpt lat="38.818325" lon="121.148346">
        <ele>50.156</ele>
        <time>2014-05-31T12:08:59.504000Z</time>
      </trkpt>
      <trkpt lat="38.818424" lon="121.14833">
        <ele>49.281918</ele>
        <time>2014-05-31T12:09:03.313000Z</time>
      </trkpt>
      <trkpt lat="38.818512" lon="121.14829">
        <ele>48.820415</ele>
        <time>2014-05-31T12:09:07.122000Z</time>
      </trkpt>
      <trkpt lat="38.8186" lon="121.14822">
        <ele>48.600742</ele>
        <time>2014-05-31T12:09:10.931000Z</time>
      </trkpt>
      <trkpt lat="38.81866" lon="121.14813">
        <ele>48.656986</ele>
        <time>2014-05-31T12:09:14.740000Z</time>
      </trkpt>
      <trkpt lat="38.8187" lon="121.14801">
        <ele>48.96689</ele>
        <time>2014-05-31T12:09:18.549000Z</time>
      </trkpt>
      <trkpt lat="38.81872" lon="121.14787">
        <ele>48.954994</ele>
        <time>2014-05-31T12:09:22.358000Z</time>
      </trkpt>
      <trkpt lat="38.81872" lon="121.14775">
        <ele>48.228676</ele>
        <time>2014-05-31T12:09:26.167000Z</time>
      </trkpt>
      <trkpt lat="38.818703" lon="121.14763">
        <ele>47.346333</ele>
        <time>2014-05-31T12:09:29.976000Z</time>
      </trkpt>
      <trkpt lat="38.81865" lon="121.147514">
        <ele>46.823254</ele>
        <time>2014-05-31T12:09:33.785000Z</time>
      </trkpt>
      <trkpt lat="38.81856" lon="121.14741">
        <ele>46.55806</ele>
        <time>2014-05-31T12:09:37.594000Z</time>
      </trkpt>
      <trkpt lat="38.81848" lon="121.147354">
        <ele>46.513416</ele>
        <time>2014-05-31T12:09:41.403000Z</time>
      </trkpt>
      <trkpt lat="38.818394" lon="121.147316">
        <ele>46.838314</ele>
        <time>2014-05-31T12:09:45.212000Z</time>
      </trkpt>
      <trkpt lat="38.81829" lon="121.147316">
        <ele>48.18469</ele>
        <time>2014-05-31T12:09:49.021000Z</time>
      </trkpt>
      <trkpt lat="38.818184" lon="121.147316">
        <ele>50.770878</ele>
        <time>2014-05-31T12:09:52.830000Z</time>
      </trkpt>
      <trkpt lat="38.818085" lon="121.147316">
        <ele>53.484432</ele>
        <time>2014-05-31T12:09:56.639000Z</time>
      </trkpt>
      <trkpt lat="38.81799" lon="121.1473">
        <ele>55.495556</ele>
        <time>2014-05-31T12:10:00.448000Z</time>
      </trkpt>
      <trkpt lat="38.817883" lon="121.14731">
        <ele>56.92819</ele>
        <time>2014-05-31T12:10:04.257000Z</time>
      </trkpt>
      <trkpt lat="38.817772" lon="121.14731">
        <ele>57.44786</ele>
        <time>2014-05-31T12:10:08.066000Z</time>
      </trkpt>
      <trkpt lat="38.817657" lon="121.1473">
        <ele>56.310368</ele>
        <time>2014-05-31T12:10:11.875000Z</time>
      </trkpt>
      <trkpt lat="38.81756" lon="121.14731">
        <ele>53.916264</ele>
        <time>2014-05-31T12:10:15.684000Z</time>
      </trkpt>
      <trkpt lat="38.81745" lon="121.14732">
        <ele>51.97359</ele>
        <time>2014-05-31T12:10:19.493000Z</time>
      </trkpt>
      <trkpt lat="38.81736" lon="121.14738">
        <ele>51.686222</ele>
        <time>2014-05-31T12:10:23.302000Z</time>
      </trkpt>
      <trkpt lat="38.817287" lon="121.14745">
        <ele>52.612095</ele>
        <time>2014-05-31T12:10:27.111000Z</time>
      </trkpt>
      <trkpt lat="38.817226" lon="121.147545">
        <ele>53.6794</ele>
        <time>2014-05-31T12:10:30.920000Z</time>
      </trkpt>
      <trkpt lat="38.817184" lon="121.14767">
        <ele>54.29778</ele>
        <time>2014-05-31T12:10:34.729000Z</time>
      </trkpt>
      <trkpt lat="38.817165" lon="121.1478">
        <ele>54.45064</ele>
        <time>2014-05-31T12:10:38.538000Z</time>
      </trkpt>
      <trkpt lat="38.817173" lon="121.14793">
        <ele>54.294903</ele>
        <time>2014-05-31T12:10:42.347000Z</time>
      </trkpt>
      <trkpt lat="38.817204" lon="121.14804">
        <ele>54.33532</ele>
        <time>2014-05-31T12:10:46.156000Z</time>
      </trkpt>
      <trkpt lat="38.817265" lon="121.148155">
        <ele>54.99441</ele>
        <time>2014-05-31T12:10:49.965000Z</time>
      </trkpt>
      <trkpt lat="38.817333" lon="121.14823">
        <ele>55.94793</ele>
        <time>2014-05-31T12:10:53.774000Z</time>
      </trkpt>
      <trkpt lat="38.817425" lon="121.148285">
        <ele>56.00486</ele>
        <time>2014-05-31T12:10:57.583000Z</time>
      </trkpt>
      <trkpt lat="38.817528" lon="121.148315">
        <ele>54.683716</ele>
        <time>2014-05-31T12:11:01.392000Z</time>
      </trkpt>
      <trkpt lat="38.817635" lon="121.14832">
        <ele>53.08444</ele>
        <time>2014-05-31T12:11:05.201000Z</time>
      </trkpt>
      <trkpt lat="38.817738" lon="121.148315">
        <ele>51.966785</ele>
        <time>2014-05-31T12:11:09.010000Z</time>
      </trkpt>
      <trkpt lat="38.817844" lon="121.148315">
        <ele>50.65563</ele>
        <time>2014-05-31T12:11:12.819000Z</time>
      </trkpt>
      <trkpt lat="38.81794" lon="121.14831">
        <ele>48.980797</ele>
        <time>2014-05-31T12:11:16.628000Z</time>
      </trkpt>
      <trkpt lat="38.818043" lon="121.148315">
        <ele>48.069725</ele>
        <time>2014-05-31T12:11:20.437000Z</time>
      </trkpt>
      <trkpt lat="38.818142" lon="121.14833">
        <ele>48.629772</ele>
        <time>2014-05-31T12:11:24.246000Z</time>
      </trkpt>
      <trkpt lat="38.818245" lon="121.14834">
        <ele>50.130676</ele>
        <time>2014-05-31T12:11:28.055000Z</time>
      </trkpt>
      <trkpt lat="38.818344" lon="121.14834">
        <ele>51.709663</ele>
        <time>2014-05-31T12:11:31.864000Z</time>
      </trkpt>
      <trkpt lat="38.818436" lon="121.14834">
        <ele>52.600418</ele>
        <time>2014-05-31T12:11:35.673000Z</time>
      </trkpt>
      <trkpt lat="38.81852" lon="121.1483">
        <ele>52.552036</ele>
        <time>2014-05-31T12:11:39.482000Z</time>
      </trkpt>
      <trkpt lat="38.818607" lon="121.14823">
        <ele>51.97734</ele>
        <time>2014-05-31T12:11:43.291000Z</time>
      </trkpt>
      <trkpt lat="38.818672" lon="121.14813">
        <ele>51.394566</ele>
        <time>2014-05-31T12:11:47.100000Z</time>
      </trkpt>
      <trkpt lat="38.818718" lon="121.14802">
        <ele>51.009827</ele>
        <time>2014-05-31T12:11:50.909000Z</time>
      </trkpt>
      <trkpt lat="38.818737" lon="121.14789">
        <ele>50.70201</ele>
        <time>2014-05-31T12:11:54.718000Z</time>
      </trkpt>
      <trkpt lat="38.818745" lon="121.14776">
        <ele>50.41705</ele>
        <time>2014-05-31T12:11:58.527000Z</time>
      </trkpt>
      <trkpt lat="38.81873" lon="121.14764">
        <ele>50.207863</ele>
        <time>2014-05-31T12:12:02.336000Z</time>
      </trkpt>
      <trkpt lat="38.81868" lon="121.147514">
        <ele>49.85099</ele>
        <time>2014-05-31T12:12:06.145000Z</time>
      </trkpt>
      <trkpt lat="38.818607" lon="121.14742">
        <ele>49.299793</ele>
        <time>2014-05-31T12:12:09.954000Z</time>
      </trkpt>
      <trkpt lat="38.81852" lon="121.14735">
        <ele>49.118816</ele>
        <time>2014-05-31T12:12:13.763000Z</time>
      </trkpt>
      <trkpt lat="38.818424" lon="121.14731">
        <ele>49.65338</ele>
        <time>2014-05-31T12:12:17.572000Z</time>
      </trkpt>
      <trkpt lat="38.81833" lon="121.14729">
        <ele>50.384155</ele>
        <time>2014-05-31T12:12:21.381000Z</time>
      </trkpt>
      <trkpt lat="38.818237" lon="121.14729">
        <ele>51.034176</ele>
        <time>2014-05-31T12:12:25.190000Z</time>
      </trkpt>
      <trkpt lat="38.818146" lon="121.14729">
        <ele>52.055977</ele>
        <time>2014-05-31T12:12:28.999000Z</time>
      </trkpt>
      <trkpt lat="38.818047" lon="121.147285">
        <ele>53.397434</ele>
        <time>2014-05-31T12:12:32.808000Z</time>
      </trkpt>
      <trkpt lat="38.817936" lon="121.147285">
        <ele>54.38907</ele>
        <time>2014-05-31T12:12:36.617000Z</time>
      </trkpt>
      <trkpt lat="38.817844" lon="121.147285">
        <ele>54.561024</ele>
        <time>2014-05-31T12:12:40.426000Z</time>
      </trkpt>
      <trkpt lat="38.817753" lon="121.14727">
        <ele>54.218994</ele>
        <time>2014-05-31T12:12:44.235000Z</time>
      </trkpt>
      <trkpt lat="38.817646" lon="121.14726">
        <ele>54.031937</ele>
        <time>2014-05-31T12:12:48.044000Z</time>
      </trkpt>
      <trkpt lat="38.81755" lon="121.14728">
        <ele>54.28941</ele>
        <time>2014-05-31T12:12:51.853000Z</time>
      </trkpt>
      <trkpt lat="38.81746" lon="121.147316">
        <ele>54.807777</ele>
        <time>2014-05-31T12:12:55.662000Z</time>
      </trkpt>
      <trkpt lat="38.817368" lon="121.147354">
        <ele>55.279255</ele>
        <time>2014-05-31T12:12:59.471000Z</time>
      </trkpt>
      <trkpt lat="38.817295" lon="121.14743">
        <ele>55.17421</ele>
        <time>2014-05-31T12:13:03.280000Z</time>
      </trkpt>
      <trkpt lat="38.817234" lon="121.14756">
        <ele>54.272335</ele>
        <time>2014-05-31T12:13:07.089000Z</time>
      </trkpt>
      <trkpt lat="38.817196" lon="121.14767">
        <ele>53.060505</ele>
        <time>2014-05-31T12:13:10.898000Z</time>
      </trkpt>
      <trkpt lat="38.817184" lon="121.14779">
        <ele>51.686325</ele>
        <time>2014-05-31T12:13:14.707000Z</time>
      </trkpt>
      <trkpt lat="38.81718" lon="121.14792">
        <ele>49.730953</ele>
        <time>2014-05-31T12:13:18.516000Z</time>
      </trkpt>
      <trkpt lat="38.81722" lon="121.14805">
        <ele>47.63994</ele>
        <time>2014-05-31T12:13:22.325000Z</time>
      </trkpt>
      <trkpt lat="38.81728" lon="121.14814">
        <ele>46.395424</ele>
        <time>2014-05-31T12:13:26.134000Z</time>
      </trkpt>
      <trkpt lat="38.81736" lon="121.14824">
        <ele>46.53273</ele>
        <time>2014-05-31T12:13:29.943000Z</time>
      </trkpt>
      <trkpt lat="38.817448" lon="121.148285">
        <ele>47.784187</ele>
        <time>2014-05-31T12:13:33.752000Z</time>
      </trkpt>
      <trkpt lat="38.817554" lon="121.148315">
        <ele>49.094234</ele>
        <time>2014-05-31T12:13:37.561000Z</time>
      </trkpt>
      <trkpt lat="38.81765" lon="121.14831">
        <ele>49.567883</ele>
        <time>2014-05-31T12:13:41.370000Z</time>
      </trkpt>
      <trkpt lat="38.817745" lon="121.14831">
        <ele>49.26249</ele>
        <time>2014-05-31T12:13:45.179000Z</time>
      </trkpt>
      <trkpt lat="38.81786" lon="121.14831">
        <ele>48.67503</ele>
        <time>2014-05-31T12:13:48.988000Z</time>
      </trkpt>
      <trkpt lat="38.817974" lon="121.14832">
        <ele>48.197998</ele>
        <time>2014-05-31T12:13:52.797000Z</time>
      </trkpt>
      <trkpt lat="38.818092" lon="121.14834">
        <ele>47.941563</ele>
        <time>2014-05-31T12:13:56.606000Z</time>
      </trkpt>
      <trkpt lat="38.81819" lon="121.14834">
        <ele>47.75568</ele>
        <time>2014-05-31T12:14:00.415000Z</time>
      </trkpt>
      <trkpt lat="38.818295" lon="121.14834">
        <ele>47.450043</ele>
        <time>2014-05-31T12:14:04.224000Z</time>
      </trkpt>
      <trkpt lat="38.818386" lon="121.14834">
        <ele>47.14421</ele>
        <time>2014-05-31T12:14:08.033000Z</time>
      </trkpt>
      <trkpt lat="38.81848" lon="121.148315">
        <ele>47.338184</ele>
        <time>2014-05-31T12:14:11.842000Z</time>
      </trkpt>
      <trkpt lat="38.818565" lon="121.14825">
        <ele>47.990734</ele>
        <time>2014-05-31T12:14:15.651000Z</time>
      </trkpt>
      <trkpt lat="38.818645" lon="121.14816">
        <ele>48.55165</ele>
        <time>2014-05-31T12:14:19.460000Z</time>
      </trkpt>
      <trkpt lat="38.818707" lon="121.148056">
        <ele>48.89336</ele>
        <time>2014-05-31T12:14:23.269000Z</time>
      </trkpt>
      <trkpt lat="38.818745" lon="121.14794">
        <ele>49.238132</ele>
        <time>2014-05-31T12:14:27.078000Z</time>
      </trkpt>
      <trkpt lat="38.818752" lon="121.14782">
        <ele>49.548412</ele>
        <time>2014-05-31T12:14:30.887000Z</time>
      </trkpt>
      <trkpt lat="38.81874" lon="121.14769">
        <ele>49.627262</ele>
        <time>2014-05-31T12:14:34.696000Z</time>
      </trkpt>
      <trkpt lat="38.818695" lon="121.14757">
        <ele>49.250385</ele>
        <time>2014-05-31T12:14:38.505000Z</time>
      </trkpt>
      <trkpt lat="38.818634" lon="121.147484">
        <ele>48.72703</ele>
        <time>2014-05-31T12:14:42.314000Z</time>
      </trkpt>
      <trkpt lat="38.81855" lon="121.147385">
        <ele>48.887733</ele>
        <time>2014-05-31T12:14:46.123000Z</time>
      </trkpt>
      <trkpt lat="38.81845" lon="121.14733">
        <ele>49.930393</ele>
        <time>2014-05-31T12:14:49.932000Z</time>
      </trkpt>
      <trkpt lat="38.81835" lon="121.14731">
        <ele>50.911922</ele>
        <time>2014-05-31T12:14:53.741000Z</time>
      </trkpt>
      <trkpt lat="38.81825" lon="121.1473">
        <ele>51.126076</ele>
        <time>2014-05-31T12:14:57.550000Z</time>
      </trkpt>
      <trkpt lat="38.81814" lon="121.147285">
        <ele>51.429386</ele>
        <time>2014-05-31T12:15:01.359000Z</time>
      </trkpt>
      <trkpt lat="38.81802" lon="121.14728">
        <ele>52.782677</ele>
        <time>2014-05-31T12:15:05.168000Z</time>
      </trkpt>
      <trkpt lat="38.8179" lon="121.14728">
        <ele>54.72467</ele>
        <time>2014-05-31T12:15:08.977000Z</time>
      </trkpt>
      <trkpt lat="38.817802" lon="121.14728">
        <ele>56.231213</ele>
        <time>2014-05-31T12:15:12.786000Z</time>
      </trkpt>
      <trkpt lat="38.81769" lon="121.14727">
        <ele>56.896847</ele>
        <time>2014-05-31T12:15:16.595000Z</time>
      </trkpt>
      <trkpt lat="38.817585" lon="121.147255">
        <ele>56.87352</ele>
        <time>2014-05-31T12:15:20.404000Z</time>
      </trkpt>
      <trkpt lat="38.817486" lon="121.14728">
        <ele>56.755608</ele>
        <time>2014-05-31T12:15:24.213000Z</time>
      </trkpt>
      <trkpt lat="38.81739" lon="121.147316">
        <ele>56.96254</ele>
        <time>2014-05-31T12:15:28.022000Z</time>
      </trkpt>
      <trkpt lat="38.81731" lon="121.14741">
        <ele>57.746307</ele>
        <time>2014-05-31T12:15:31.831000Z</time>
      </trkpt>
      <trkpt lat="38.817253" lon="121.147514">
        <ele>59.047832</ele>
        <time>2014-05-31T12:15:35.640000Z</time>
      </trkpt>
      <trkpt lat="38.817204" lon="121.14763">
        <ele>59.96774</ele>
        <time>2014-05-31T12:15:39.449000Z</time>
      </trkpt>
      <trkpt lat="38.81718" lon="121.14776">
        <ele>59.393024</ele>
        <time>2014-05-31T12:15:43.258000Z</time>
      </trkpt>
      <trkpt lat="38.81718" lon="121.14788">
        <ele>57.567646</ele>
        <time>2014-05-31T12:15:47.067000Z</time>
      </trkpt>
      <trkpt lat="38.817215" lon="121.14801">
        <ele>55.861233</ele>
        <time>2014-05-31T12:15:50.876000Z</time>
      </trkpt>
      <trkpt lat="38.817272" lon="121.148125">
        <ele>55.177197</ele>
        <time>2014-05-31T12:15:54.685000Z</time>
      </trkpt>
      <trkpt lat="38.817356" lon="121.148224">
        <ele>55.31303</ele>
        <time>2014-05-31T12:15:58.494000Z</time>
      </trkpt>
      <trkpt lat="38.817455" lon="121.14829">
        <ele>55.775314</ele>
        <time>2014-05-31T12:16:02.303000Z</time>
      </trkpt>
      <trkpt lat="38.81757" lon="121.148315">
        <ele>56.165585</ele>
        <time>2014-05-31T12:16:06.112000Z</time>
      </trkpt>
      <trkpt lat="38.81766" lon="121.14832">
        <ele>56.06658</ele>
        <time>2014-05-31T12:16:09.921000Z</time>
      </trkpt>
      <trkpt lat="38.81777" lon="121.14833">
        <ele>55.423027</ele>
        <time>2014-05-31T12:16:13.730000Z</time>
      </trkpt>
      <trkpt lat="38.81789" lon="121.14835">
        <ele>54.76097</ele>
        <time>2014-05-31T12:16:17.539000Z</time>
      </trkpt>
      <trkpt lat="38.81801" lon="121.14836">
        <ele>54.53256</ele>
        <time>2014-05-31T12:16:21.348000Z</time>
      </trkpt>
      <trkpt lat="38.8181" lon="121.14836">
        <ele>54.841408</ele>
        <time>2014-05-31T12:16:25.157000Z</time>
      </trkpt>
      <trkpt lat="38.81822" lon="121.14836">
        <ele>55.516453</ele>
        <time>2014-05-31T12:16:28.966000Z</time>
      </trkpt>
      <trkpt lat="38.818317" lon="121.14836">
        <ele>56.11088</ele>
        <time>2014-05-31T12:16:32.775000Z</time>
      </trkpt>
      <trkpt lat="38.81842" lon="121.14836">
        <ele>56.24864</ele>
        <time>2014-05-31T12:16:36.584000Z</time>
      </trkpt>
      <trkpt lat="38.818523" lon="121.148315">
        <ele>56.11581</ele>
        <time>2014-05-31T12:16:40.393000Z</time>
      </trkpt>
      <trkpt lat="38.818604" lon="121.14825">
        <ele>56.07296</ele>
        <time>2014-05-31T12:16:44.202000Z</time>
      </trkpt>
      <trkpt lat="38.81866" lon="121.148155">
        <ele>56.109882</ele>
        <time>2014-05-31T12:16:48.011000Z</time>
      </trkpt>
      <trkpt lat="38.818714" lon="121.14801">
        <ele>55.496643</ele>
        <time>2014-05-31T12:16:51.820000Z</time>
      </trkpt>
      <trkpt lat="38.81873" lon="121.14789">
        <ele>53.525795</ele>
        <time>2014-05-31T12:16:55.629000Z</time>
      </trkpt>
      <trkpt lat="38.818745" lon="121.14777">
        <ele>50.874607</ele>
        <time>2014-05-31T12:16:59.438000Z</time>
      </trkpt>
      <trkpt lat="38.818733" lon="121.14765">
        <ele>49.03527</ele>
        <time>2014-05-31T12:17:03.247000Z</time>
      </trkpt>
      <trkpt lat="38.81869" lon="121.14755">
        <ele>48.42568</ele>
        <time>2014-05-31T12:17:07.056000Z</time>
      </trkpt>
      <trkpt lat="38.81863" lon="121.14743">
        <ele>48.524956</ele>
        <time>2014-05-31T12:17:10.865000Z</time>
      </trkpt>
      <trkpt lat="38.81855" lon="121.147354">
        <ele>49.59994</ele>
        <time>2014-05-31T12:17:14.674000Z</time>
      </trkpt>
      <trkpt lat="38.818455" lon="121.1473">
        <ele>52.193073</ele>
        <time>2014-05-31T12:17:18.483000Z</time>
      </trkpt>
      <trkpt lat="38.818344" lon="121.14727">
        <ele>55.22925</ele>
        <time>2014-05-31T12:17:22.292000Z</time>
      </trkpt>
      <trkpt lat="38.818245" lon="121.147255">
        <ele>57.00365</ele>
        <time>2014-05-31T12:17:26.101000Z</time>
      </trkpt>
      <trkpt lat="38.818127" lon="121.14725">
        <ele>57.315193</ele>
        <time>2014-05-31T12:17:29.910000Z</time>
      </trkpt>
      <trkpt lat="38.818024" lon="121.14725">
        <ele>57.060047</ele>
        <time>2014-05-31T12:17:33.719000Z</time>
      </trkpt>
      <trkpt lat="38.81792" lon="121.14726">
        <ele>57.017715</ele>
        <time>2014-05-31T12:17:37.528000Z</time>
      </trkpt>
      <trkpt lat="38.8178" lon="121.14726">
        <ele>57.253784</ele>
        <time>2014-05-31T12:17:41.337000Z</time>
      </trkpt>
      <trkpt lat="38.81769" lon="121.14727">
        <ele>56.753506</ele>
        <time>2014-05-31T12:17:45.146000Z</time>
      </trkpt>
      <trkpt lat="38.817585" lon="121.14726">
        <ele>54.938076</ele>
        <time>2014-05-31T12:17:48.955000Z</time>
      </trkpt>
      <trkpt lat="38.81749" lon="121.14726">
        <ele>53.012215</ele>
        <time>2014-05-31T12:17:52.764000Z</time>
      </trkpt>
      <trkpt lat="38.8174" lon="121.1473">
        <ele>52.336933</ele>
        <time>2014-05-31T12:17:56.573000Z</time>
      </trkpt>
      <trkpt lat="38.81732" lon="121.14737">
        <ele>53.016235</ele>
        <time>2014-05-31T12:18:00.382000Z</time>
      </trkpt>
      <trkpt lat="38.817253" lon="121.14747">
        <ele>54.379353</ele>
        <time>2014-05-31T12:18:04.191000Z</time>
      </trkpt>
      <trkpt lat="38.81721" lon="121.14758">
        <ele>55.37609</ele>
        <time>2014-05-31T12:18:08Z</time>
      </trkpt>
      <trkpt lat="38.817177" lon="121.14772">
        <ele>55.317627</ele>
        <time>2014-05-31T12:18:11.809000Z</time>
      </trkpt>
      <trkpt lat="38.817177" lon="121.14785">
        <ele>54.43183</ele>
        <time>2014-05-31T12:18:15.618000Z</time>
      </trkpt>
      <trkpt lat="38.817196" lon="121.14797">
        <ele>53.88401</ele>
        <time>2014-05-31T12:18:19.427000Z</time>
      </trkpt>
      <trkpt lat="38.817234" lon="121.148094">
        <ele>54.38027</ele>
        <time>2014-05-31T12:18:23.236000Z</time>
      </trkpt>
      <trkpt lat="38.81731" lon="121.1482">
        <ele>55.18671</ele>
        <time>2014-05-31T12:18:27.045000Z</time>
      </trkpt>
      <trkpt lat="38.817406" lon="121.148285">
        <ele>55.444977</ele>
        <time>2014-05-31T12:18:30.854000Z</time>
      </trkpt>
      <trkpt lat="38.81751" lon="121.14831">
        <ele>55.213184</ele>
        <time>2014-05-31T12:18:34.663000Z</time>
      </trkpt>
      <trkpt lat="38.81762" lon="121.14831">
        <ele>54.409687</ele>
        <time>2014-05-31T12:18:38.472000Z</time>
      </trkpt>
      <trkpt lat="38.817734" lon="121.148315">
        <ele>52.73796</ele>
        <time>2014-05-31T12:18:42.281000Z</time>
      </trkpt>
      <trkpt lat="38.81783" lon="121.148315">
        <ele>50.683273</ele>
        <time>2014-05-31T12:18:46.090000Z</time>
      </trkpt>
      <trkpt lat="38.81793" lon="121.14833">
        <ele>49.28768</ele>
        <time>2014-05-31T12:18:49.899000Z</time>
      </trkpt>
      <trkpt lat="38.818043" lon="121.14832">
        <ele>48.95094</ele>
        <time>2014-05-31T12:18:53.708000Z</time>
      </trkpt>
      <trkpt lat="38.818153" lon="121.14833">
        <ele>49.303333</ele>
        <time>2014-05-31T12:18:57.517000Z</time>
      </trkpt>
      <trkpt lat="38.818275" lon="121.148346">
        <ele>49.852863</ele>
        <time>2014-05-31T12:19:01.326000Z</time>
      </trkpt>
      <trkpt lat="38.818405" lon="121.148346">
        <ele>50.281414</ele>
        <time>2014-05-31T12:19:05.135000Z</time>
      </trkpt>
      <trkpt lat="38.8185" lon="121.14831">
        <ele>50.36264</ele>
        <time>2014-05-31T12:19:08.944000Z</time>
      </trkpt>
      <trkpt lat="38.818584" lon="121.14824">
        <ele>50.195053</ele>
        <time>2014-05-31T12:19:12.753000Z</time>
      </trkpt>
      <trkpt lat="38.81866" lon="121.14814">
        <ele>50.034832</ele>
        <time>2014-05-31T12:19:16.562000Z</time>
      </trkpt>
      <trkpt lat="38.818718" lon="121.14805">
        <ele>49.895405</ele>
        <time>2014-05-31T12:19:20.371000Z</time>
      </trkpt>
      <trkpt lat="38.81875" lon="121.14793">
        <ele>49.712654</ele>
        <time>2014-05-31T12:19:24.180000Z</time>
      </trkpt>
      <trkpt lat="38.818752" lon="121.14781">
        <ele>49.799644</ele>
        <time>2014-05-31T12:19:27.989000Z</time>
      </trkpt>
      <trkpt lat="38.81874" lon="121.14768">
        <ele>50.511246</ele>
        <time>2014-05-31T12:19:31.798000Z</time>
      </trkpt>
      <trkpt lat="38.8187" lon="121.14756">
        <ele>51.510826</ele>
        <time>2014-05-31T12:19:35.607000Z</time>
      </trkpt>
      <trkpt lat="38.818615" lon="121.14744">
        <ele>52.177494</ele>
        <time>2014-05-31T12:19:39.416000Z</time>
      </trkpt>
      <trkpt lat="38.81853" lon="121.14736">
        <ele>52.37429</ele>
        <time>2014-05-31T12:19:43.225000Z</time>
      </trkpt>
      <trkpt lat="38.81841" lon="121.14732">
        <ele>52.45336</ele>
        <time>2014-05-31T12:19:47.034000Z</time>
      </trkpt>
      <trkpt lat="38.818314" lon="121.147316">
        <ele>53.195755</ele>
        <time>2014-05-31T12:19:50.843000Z</time>
      </trkpt>
      <trkpt lat="38.818207" lon="121.14731">
        <ele>54.78031</ele>
        <time>2014-05-31T12:19:54.652000Z</time>
      </trkpt>
      <trkpt lat="38.81812" lon="121.14731">
        <ele>56.114376</ele>
        <time>2014-05-31T12:19:58.461000Z</time>
      </trkpt>
      <trkpt lat="38.818012" lon="121.147285">
        <ele>56.404827</ele>
        <time>2014-05-31T12:20:02.270000Z</time>
      </trkpt>
      <trkpt lat="38.817913" lon="121.14728">
        <ele>55.930664</ele>
        <time>2014-05-31T12:20:06.079000Z</time>
      </trkpt>
      <trkpt lat="38.817814" lon="121.14726">
        <ele>55.190235</ele>
        <time>2014-05-31T12:20:09.888000Z</time>
      </trkpt>
      <trkpt lat="38.817703" lon="121.14727">
        <ele>54.61118</ele>
        <time>2014-05-31T12:20:13.697000Z</time>
      </trkpt>
      <trkpt lat="38.817593" lon="121.14727">
        <ele>54.389145</ele>
        <time>2014-05-31T12:20:17.506000Z</time>
      </trkpt>
      <trkpt lat="38.817486" lon="121.1473">
        <ele>54.63816</ele>
        <time>2014-05-31T12:20:21.315000Z</time>
      </trkpt>
      <trkpt lat="38.81739" lon="121.14736">
        <ele>55.565735</ele>
        <time>2014-05-31T12:20:25.124000Z</time>
      </trkpt>
      <trkpt lat="38.817303" lon="121.14745">
        <ele>56.839825</ele>
        <time>2014-05-31T12:20:28.933000Z</time>
      </trkpt>
      <trkpt lat="38.81725" lon="121.14756">
        <ele>57.523308</ele>
        <time>2014-05-31T12:20:32.742000Z</time>
      </trkpt>
      <trkpt lat="38.817215" lon="121.14767">
        <ele>57.24454</ele>
        <time>2014-05-31T12:20:36.551000Z</time>
      </trkpt>
      <trkpt lat="38.817192" lon="121.1478">
        <ele>56.622612</ele>
        <time>2014-05-31T12:20:40.360000Z</time>
      </trkpt>
      <trkpt lat="38.817192" lon="121.147934">
        <ele>56.261024</ele>
        <time>2014-05-31T12:20:44.169000Z</time>
      </trkpt>
      <trkpt lat="38.81722" lon="121.14805">
        <ele>55.945305</ele>
        <time>2014-05-31T12:20:47.978000Z</time>
      </trkpt>
      <trkpt lat="38.817287" lon="121.148155">
        <ele>55.374798</ele>
        <time>2014-05-31T12:20:51.787000Z</time>
      </trkpt>
      <trkpt lat="38.81738" lon="121.14823">
        <ele>54.82113</ele>
        <time>2014-05-31T12:20:55.596000Z</time>
      </trkpt>
      <trkpt lat="38.817505" lon="121.148285">
        <ele>54.605846</ele>
        <time>2014-05-31T12:20:59.405000Z</time>
      </trkpt>
      <trkpt lat="38.8176" lon="121.14831">
        <ele>54.622498</ele>
        <time>2014-05-31T12:21:03.214000Z</time>
      </trkpt>
      <trkpt lat="38.81772" lon="121.148315">
        <ele>54.514854</ele>
        <time>2014-05-31T12:21:07.023000Z</time>
      </trkpt>
      <trkpt lat="38.817818" lon="121.14831">
        <ele>53.85465</ele>
        <time>2014-05-31T12:21:10.832000Z</time>
      </trkpt>
      <trkpt lat="38.817917" lon="121.14833">
        <ele>52.7491</ele>
        <time>2014-05-31T12:21:14.641000Z</time>
      </trkpt>
      <trkpt lat="38.81801" lon="121.14834">
        <ele>51.83639</ele>
        <time>2014-05-31T12:21:18.450000Z</time>
      </trkpt>
      <trkpt lat="38.818115" lon="121.14834">
        <ele>51.567944</ele>
        <time>2014-05-31T12:21:22.259000Z</time>
      </trkpt>
      <trkpt lat="38.81821" lon="121.14835">
        <ele>51.84793</ele>
        <time>2014-05-31T12:21:26.068000Z</time>
      </trkpt>
      <trkpt lat="38.818325" lon="121.14835">
        <ele>51.925304</ele>
        <time>2014-05-31T12:21:29.877000Z</time>
      </trkpt>
      <trkpt lat="38.818428" lon="121.14834">
        <ele>51.29351</ele>
        <time>2014-05-31T12:21:33.686000Z</time>
      </trkpt>
      <trkpt lat="38.81853" lon="121.14827">
        <ele>50.58481</ele>
        <time>2014-05-31T12:21:37.495000Z</time>
      </trkpt>
      <trkpt lat="38.818626" lon="121.14819">
        <ele>50.45015</ele>
        <time>2014-05-31T12:21:41.304000Z</time>
      </trkpt>
      <trkpt lat="38.818695" lon="121.14807">
        <ele>50.20536</ele>
        <time>2014-05-31T12:21:45.113000Z</time>
      </trkpt>
      <trkpt lat="38.818733" lon="121.14796">
        <ele>49.20141</ele>
        <time>2014-05-31T12:21:48.922000Z</time>
      </trkpt>
      <trkpt lat="38.818752" lon="121.147835">
        <ele>47.945004</ele>
        <time>2014-05-31T12:21:52.731000Z</time>
      </trkpt>
      <trkpt lat="38.818752" lon="121.147705">
        <ele>47.2254</ele>
        <time>2014-05-31T12:21:56.540000Z</time>
      </trkpt>
      <trkpt lat="38.81871" lon="121.14758">
        <ele>47.25722</ele>
        <time>2014-05-31T12:22:00.349000Z</time>
      </trkpt>
      <trkpt lat="38.81864" lon="121.14746">
        <ele>48.01747</ele>
        <time>2014-05-31T12:22:04.158000Z</time>
      </trkpt>
      <trkpt lat="38.818558" lon="121.14739">
        <ele>49.148018</ele>
        <time>2014-05-31T12:22:07.967000Z</time>
      </trkpt>
      <trkpt lat="38.818447" lon="121.14733">
        <ele>50.130836</ele>
        <time>2014-05-31T12:22:11.776000Z</time>
      </trkpt>
      <trkpt lat="38.818348" lon="121.1473">
        <ele>50.692192</ele>
        <time>2014-05-31T12:22:15.585000Z</time>
      </trkpt>
      <trkpt lat="38.81823" lon="121.14729">
        <ele>51.48652</ele>
        <time>2014-05-31T12:22:19.394000Z</time>
      </trkpt>
      <trkpt lat="38.81814" lon="121.14729">
        <ele>53.229954</ele>
        <time>2014-05-31T12:22:23.203000Z</time>
      </trkpt>
      <trkpt lat="38.81804" lon="121.14729">
        <ele>55.33756</ele>
        <time>2014-05-31T12:22:27.012000Z</time>
      </trkpt>
      <trkpt lat="38.817944" lon="121.1473">
        <ele>56.812572</ele>
        <time>2014-05-31T12:22:30.821000Z</time>
      </trkpt>
      <trkpt lat="38.81784" lon="121.14729">
        <ele>57.434864</ele>
        <time>2014-05-31T12:22:34.630000Z</time>
      </trkpt>
      <trkpt lat="38.817753" lon="121.147285">
        <ele>57.5675</ele>
        <time>2014-05-31T12:22:38.439000Z</time>
      </trkpt>
      <trkpt lat="38.817657" lon="121.147285">
        <ele>57.754944</ele>
        <time>2014-05-31T12:22:42.248000Z</time>
      </trkpt>
      <trkpt lat="38.817566" lon="121.14729">
        <ele>58.2692</ele>
        <time>2014-05-31T12:22:46.057000Z</time>
      </trkpt>
      <trkpt lat="38.81747" lon="121.14733">
        <ele>58.96878</ele>
        <time>2014-05-31T12:22:49.866000Z</time>
      </trkpt>
      <trkpt lat="38.817387" lon="121.147385">
        <ele>59.577805</ele>
        <time>2014-05-31T12:22:53.675000Z</time>
      </trkpt>
      <trkpt lat="38.817307" lon="121.14746">
        <ele>59.860645</ele>
        <time>2014-05-31T12:22:57.484000Z</time>
      </trkpt>
      <trkpt lat="38.817245" lon="121.14756">
        <ele>59.69265</ele>
        <time>2014-05-31T12:23:01.293000Z</time>
      </trkpt>
      <trkpt lat="38.817204" lon="121.147705">
        <ele>59.10196</ele>
        <time>2014-05-31T12:23:05.102000Z</time>
      </trkpt>
      <trkpt lat="38.817184" lon="121.14782">
        <ele>58.06652</ele>
        <time>2014-05-31T12:23:08.911000Z</time>
      </trkpt>
      <trkpt lat="38.81719" lon="121.14794">
        <ele>56.24969</ele>
        <time>2014-05-31T12:23:12.720000Z</time>
      </trkpt>
      <trkpt lat="38.817226" lon="121.148094">
        <ele>53.99391</ele>
        <time>2014-05-31T12:23:16.529000Z</time>
      </trkpt>
      <trkpt lat="38.817307" lon="121.148186">
        <ele>52.45881</ele>
        <time>2014-05-31T12:23:20.338000Z</time>
      </trkpt>
      <trkpt lat="38.817398" lon="121.14825">
        <ele>52.113415</ele>
        <time>2014-05-31T12:23:24.147000Z</time>
      </trkpt>
      <trkpt lat="38.817516" lon="121.148285">
        <ele>52.477993</ele>
        <time>2014-05-31T12:23:27.956000Z</time>
      </trkpt>
      <trkpt lat="38.81763" lon="121.14829">
        <ele>52.70063</ele>
        <time>2014-05-31T12:23:31.765000Z</time>
      </trkpt>
      <trkpt lat="38.817726" lon="121.14831">
        <ele>52.170834</ele>
        <time>2014-05-31T12:23:35.574000Z</time>
      </trkpt>
      <trkpt lat="38.81782" lon="121.148315">
        <ele>51.1545</ele>
        <time>2014-05-31T12:23:39.383000Z</time>
      </trkpt>
      <trkpt lat="38.81793" lon="121.14832">
        <ele>50.481243</ele>
        <time>2014-05-31T12:23:43.192000Z</time>
      </trkpt>
      <trkpt lat="38.81803" lon="121.14833">
        <ele>50.484047</ele>
        <time>2014-05-31T12:23:47.001000Z</time>
      </trkpt>
      <trkpt lat="38.818134" lon="121.14834">
        <ele>50.513275</ele>
        <time>2014-05-31T12:23:50.810000Z</time>
      </trkpt>
      <trkpt lat="38.818233" lon="121.14834">
        <ele>50.009842</ele>
        <time>2014-05-31T12:23:54.619000Z</time>
      </trkpt>
      <trkpt lat="38.818336" lon="121.14834">
        <ele>49.523193</ele>
        <time>2014-05-31T12:23:58.428000Z</time>
      </trkpt>
      <trkpt lat="38.81844" lon="121.14832">
        <ele>49.6405</ele>
        <time>2014-05-31T12:24:02.236000Z</time>
      </trkpt>
      <trkpt lat="38.81853" lon="121.148285">
        <ele>50.0521</ele>
        <time>2014-05-31T12:24:06.044000Z</time>
      </trkpt>
      <trkpt lat="38.81862" lon="121.14822">
        <ele>50.736404</ele>
        <time>2014-05-31T12:24:09.852000Z</time>
      </trkpt>
      <trkpt lat="38.818687" lon="121.148094">
        <ele>51.88677</ele>
        <time>2014-05-31T12:24:13.660000Z</time>
      </trkpt>
      <trkpt lat="38.81873" lon="121.14798">
        <ele>52.854156</ele>
        <time>2014-05-31T12:24:17.468000Z</time>
      </trkpt>
      <trkpt lat="38.81875" lon="121.14785">
        <ele>53.052902</ele>
        <time>2014-05-31T12:24:21.276000Z</time>
      </trkpt>
      <trkpt lat="38.81874" lon="121.14772">
        <ele>52.95566</ele>
        <time>2014-05-31T12:24:25.084000Z</time>
      </trkpt>
      <trkpt lat="38.8187" lon="121.1476">
        <ele>53.295555</ele>
        <time>2014-05-31T12:24:28.892000Z</time>
      </trkpt>
      <trkpt lat="38.818634" lon="121.14749">
        <ele>54.089176</ele>
        <time>2014-05-31T12:24:32.700000Z</time>
      </trkpt>
      <trkpt lat="38.81855" lon="121.1474">
        <ele>54.91516</ele>
        <time>2014-05-31T12:24:36.508000Z</time>
      </trkpt>
      <trkpt lat="38.818447" lon="121.14733">
        <ele>55.57025</ele>
        <time>2014-05-31T12:24:40.316000Z</time>
      </trkpt>
      <trkpt lat="38.818336" lon="121.1473">
        <ele>56.14907</ele>
        <time>2014-05-31T12:24:44.124000Z</time>
      </trkpt>
      <trkpt lat="38.818222" lon="121.14729">
        <ele>56.6642</ele>
        <time>2014-05-31T12:24:47.932000Z</time>
      </trkpt>
      <trkpt lat="38.818123" lon="121.14729">
        <ele>57.076027</ele>
        <time>2014-05-31T12:24:51.740000Z</time>
      </trkpt>
      <trkpt lat="38.81803" lon="121.147285">
        <ele>57.43602</ele>
        <time>2014-05-31T12:24:55.548000Z</time>
      </trkpt>
      <trkpt lat="38.817936" lon="121.14728">
        <ele>58.257324</ele>
        <time>2014-05-31T12:24:59.356000Z</time>
      </trkpt>
      <trkpt lat="38.817837" lon="121.147285">
        <ele>59.697548</ele>
        <time>2014-05-31T12:25:03.164000Z</time>
      </trkpt>
      <trkpt lat="38.81772" lon="121.14729">
        <ele>60.97181</ele>
        <time>2014-05-31T12:25:06.972000Z</time>
      </trkpt>
      <trkpt lat="38.81761" lon="121.14729">
        <ele>61.375195</ele>
        <time>2014-05-31T12:25:10.780000Z</time>
      </trkpt>
      <trkpt lat="38.817493" lon="121.14732">
        <ele>61.08855</ele>
        <time>2014-05-31T12:25:14.588000Z</time>
      </trkpt>
      <trkpt lat="38.817387" lon="121.1474">
        <ele>60.63701</ele>
        <time>2014-05-31T12:25:18.396000Z</time>
      </trkpt>
      <trkpt lat="38.817303" lon="121.147514">
        <ele>60.231747</ele>
        <time>2014-05-31T12:25:22.204000Z</time>
      </trkpt>
      <trkpt lat="38.817238" lon="121.147644">
        <ele>59.61331</ele>
        <time>2014-05-31T12:25:26.012000Z</time>
      </trkpt>
      <trkpt lat="38.81721" lon="121.147766">
        <ele>58.171932</ele>
        <time>2014-05-31T12:25:29.820000Z</time>
      </trkpt>
      <trkpt lat="38.81721" lon="121.14791">
        <ele>55.940693</ele>
        <time>2014-05-31T12:25:33.628000Z</time>
      </trkpt>
      <trkpt lat="38.817234" lon="121.14804">
        <ele>54.498505</ele>
        <time>2014-05-31T12:25:37.436000Z</time>
      </trkpt>
      <trkpt lat="38.81728" lon="121.14815">
        <ele>54.928352</ele>
        <time>2014-05-31T12:25:41.244000Z</time>
      </trkpt>
      <trkpt lat="38.817356" lon="121.14823">
        <ele>55.92994</ele>
        <time>2014-05-31T12:25:45.052000Z</time>
      </trkpt>
      <trkpt lat="38.81747" lon="121.148285">
        <ele>56.11608</ele>
        <time>2014-05-31T12:25:48.860000Z</time>
      </trkpt>
      <trkpt lat="38.817566" lon="121.14829">
        <ele>55.355034</ele>
        <time>2014-05-31T12:25:52.668000Z</time>
      </trkpt>
      <trkpt lat="38.817673" lon="121.1483">
        <ele>53.904964</ele>
        <time>2014-05-31T12:25:56.476000Z</time>
      </trkpt>
      <trkpt lat="38.817787" lon="121.14831">
        <ele>52.286404</ele>
        <time>2014-05-31T12:26:00.284000Z</time>
      </trkpt>
      <trkpt lat="38.817905" lon="121.14832">
        <ele>50.84896</ele>
        <time>2014-05-31T12:26:04.092000Z</time>
      </trkpt>
      <trkpt lat="38.818012" lon="121.14833">
        <ele>49.574955</ele>
        <time>2014-05-31T12:26:07.900000Z</time>
      </trkpt>
      <trkpt lat="38.81814" lon="121.14832">
        <ele>48.69951</ele>
        <time>2014-05-31T12:26:11.708000Z</time>
      </trkpt>
      <trkpt lat="38.81825" lon="121.14833">
        <ele>48.610615</ele>
        <time>2014-05-31T12:26:15.516000Z</time>
      </trkpt>
      <trkpt lat="38.81834" lon="121.14834">
        <ele>48.929375</ele>
        <time>2014-05-31T12:26:19.324000Z</time>
      </trkpt>
      <trkpt lat="38.81844" lon="121.14833">
        <ele>49.288467</ele>
        <time>2014-05-31T12:26:23.132000Z</time>
      </trkpt>
      <trkpt lat="38.818527" lon="121.14829">
        <ele>49.444298</ele>
        <time>2014-05-31T12:26:26.940000Z</time>
      </trkpt>
      <trkpt lat="38.818604" lon="121.148224">
        <ele>49.038425</ele>
        <time>2014-05-31T12:26:30.748000Z</time>
      </trkpt>
      <trkpt lat="38.818676" lon="121.148125">
        <ele>48.276924</ele>
        <time>2014-05-31T12:26:34.556000Z</time>
      </trkpt>
      <trkpt lat="38.81872" lon="121.148026">
        <ele>47.538673</ele>
        <time>2014-05-31T12:26:38.364000Z</time>
      </trkpt>
      <trkpt lat="38.818756" lon="121.14789">
        <ele>46.680946</ele>
        <time>2014-05-31T12:26:42.172000Z</time>
      </trkpt>
      <trkpt lat="38.81874" lon="121.14774">
        <ele>46.055634</ele>
        <time>2014-05-31T12:26:45.980000Z</time>
      </trkpt>
      <trkpt lat="38.8187" lon="121.14759">
        <ele>46.04649</ele>
        <time>2014-05-31T12:26:49.788000Z</time>
      </trkpt>
      <trkpt lat="38.818626" lon="121.14745">
        <ele>46.849583</ele>
        <time>2014-05-31T12:26:53.596000Z</time>
      </trkpt>
      <trkpt lat="38.818535" lon="121.14736">
        <ele>48.850323</ele>
        <time>2014-05-31T12:26:57.404000Z</time>
      </trkpt>
      <trkpt lat="38.818443" lon="121.14734">
        <ele>51.713367</ele>
        <time>2014-05-31T12:27:01.212000Z</time>
      </trkpt>
      <trkpt lat="38.818336" lon="121.14733">
        <ele>54.595875</ele>
        <time>2014-05-31T12:27:05.020000Z</time>
      </trkpt>
      <trkpt lat="38.818245" lon="121.14733">
        <ele>57.091515</ele>
        <time>2014-05-31T12:27:08.828000Z</time>
      </trkpt>
      <trkpt lat="38.818127" lon="121.14733">
        <ele>58.709187</ele>
        <time>2014-05-31T12:27:12.636000Z</time>
      </trkpt>
      <trkpt lat="38.81801" lon="121.14732">
        <ele>58.752464</ele>
        <time>2014-05-31T12:27:16.444000Z</time>
      </trkpt>
      <trkpt lat="38.81791" lon="121.147316">
        <ele>57.551426</ele>
        <time>2014-05-31T12:27:20.252000Z</time>
      </trkpt>
      <trkpt lat="38.817814" lon="121.1473">
        <ele>56.47663</ele>
        <time>2014-05-31T12:27:24.060000Z</time>
      </trkpt>
      <trkpt lat="38.81771" lon="121.147285">
        <ele>56.47211</ele>
        <time>2014-05-31T12:27:27.868000Z</time>
      </trkpt>
      <trkpt lat="38.817604" lon="121.147285">
        <ele>57.342754</ele>
        <time>2014-05-31T12:27:31.676000Z</time>
      </trkpt>
      <trkpt lat="38.817513" lon="121.14731">
        <ele>58.40609</ele>
        <time>2014-05-31T12:27:35.484000Z</time>
      </trkpt>
      <trkpt lat="38.817413" lon="121.14735">
        <ele>58.718834</ele>
        <time>2014-05-31T12:27:39.292000Z</time>
      </trkpt>
      <trkpt lat="38.81732" lon="121.14742">
        <ele>57.808517</ele>
        <time>2014-05-31T12:27:43.100000Z</time>
      </trkpt>
      <trkpt lat="38.817257" lon="121.14752">
        <ele>56.184597</ele>
        <time>2014-05-31T12:27:46.908000Z</time>
      </trkpt>
      <trkpt lat="38.817196" lon="121.14767">
        <ele>54.66292</ele>
        <time>2014-05-31T12:27:50.716000Z</time>
      </trkpt>
      <trkpt lat="38.81718" lon="121.1478">
        <ele>53.700268</ele>
        <time>2014-05-31T12:27:54.524000Z</time>
      </trkpt>
      <trkpt lat="38.817192" lon="121.14793">
        <ele>53.429577</ele>
        <time>2014-05-31T12:27:58.332000Z</time>
      </trkpt>
      <trkpt lat="38.817226" lon="121.148056">
        <ele>53.17909</ele>
        <time>2014-05-31T12:28:02.140000Z</time>
      </trkpt>
      <trkpt lat="38.817295" lon="121.14817">
        <ele>52.772892</ele>
        <time>2014-05-31T12:28:05.948000Z</time>
      </trkpt>
      <trkpt lat="38.817387" lon="121.14825">
        <ele>52.898685</ele>
        <time>2014-05-31T12:28:09.756000Z</time>
      </trkpt>
      <trkpt lat="38.817486" lon="121.14829">
        <ele>53.506493</ele>
        <time>2014-05-31T12:28:13.564000Z</time>
      </trkpt>
      <trkpt lat="38.81758" lon="121.148315">
        <ele>53.58738</ele>
        <time>2014-05-31T12:28:17.372000Z</time>
      </trkpt>
      <trkpt lat="38.817688" lon="121.14831">
        <ele>52.91165</ele>
        <time>2014-05-31T12:28:21.180000Z</time>
      </trkpt>
      <trkpt lat="38.8178" lon="121.148315">
        <ele>51.952816</ele>
        <time>2014-05-31T12:28:24.988000Z</time>
      </trkpt>
      <trkpt lat="38.81791" lon="121.14831">
        <ele>51.077137</ele>
        <time>2014-05-31T12:28:28.796000Z</time>
      </trkpt>
      <trkpt lat="38.818016" lon="121.148315">
        <ele>50.091988</ele>
        <time>2014-05-31T12:28:32.604000Z</time>
      </trkpt>
      <trkpt lat="38.818127" lon="121.14832">
        <ele>48.659</ele>
        <time>2014-05-31T12:28:36.412000Z</time>
      </trkpt>
      <trkpt lat="38.81824" lon="121.14834">
        <ele>46.962173</ele>
        <time>2014-05-31T12:28:40.220000Z</time>
      </trkpt>
      <trkpt lat="38.81836" lon="121.14834">
        <ele>46.892853</ele>
        <time>2014-05-31T12:28:44.028000Z</time>
      </trkpt>
      <trkpt lat="38.81847" lon="121.148315">
        <ele>49.445965</ele>
        <time>2014-05-31T12:28:47.836000Z</time>
      </trkpt>
      <trkpt lat="38.81856" lon="121.14826">
        <ele>51.710426</ele>
        <time>2014-05-31T12:28:51.644000Z</time>
      </trkpt>
      <trkpt lat="38.81866" lon="121.14817">
        <ele>51.074917</ele>
        <time>2014-05-31T12:28:55.452000Z</time>
      </trkpt>
      <trkpt lat="38.81872" lon="121.14806">
        <ele>48.917313</ele>
        <time>2014-05-31T12:28:59.260000Z</time>
      </trkpt>
      <trkpt lat="38.818745" lon="121.14792">
        <ele>47.3461</ele>
        <time>2014-05-31T12:29:03.068000Z</time>
      </trkpt>
      <trkpt lat="38.818733" lon="121.14777">
        <ele>46.83459</ele>
        <time>2014-05-31T12:29:06.876000Z</time>
      </trkpt>
      <trkpt lat="38.818703" lon="121.14765">
        <ele>47.336765</ele>
        <time>2014-05-31T12:29:10.684000Z</time>
      </trkpt>
      <trkpt lat="38.818638" lon="121.14754">
        <ele>48.89301</ele>
        <time>2014-05-31T12:29:14.492000Z</time>
      </trkpt>
      <trkpt lat="38.81857" lon="121.147446">
        <ele>51.134876</ele>
        <time>2014-05-31T12:29:18.300000Z</time>
      </trkpt>
      <trkpt lat="38.81848" lon="121.14737">
        <ele>53.200382</ele>
        <time>2014-05-31T12:29:22.108000Z</time>
      </trkpt>
      <trkpt lat="38.81837" lon="121.14733">
        <ele>54.399994</ele>
        <time>2014-05-31T12:29:25.916000Z</time>
      </trkpt>
      <trkpt lat="38.818253" lon="121.147316">
        <ele>54.726307</ele>
        <time>2014-05-31T12:29:29.724000Z</time>
      </trkpt>
      <trkpt lat="38.818153" lon="121.14731">
        <ele>54.618023</ele>
        <time>2014-05-31T12:29:33.532000Z</time>
      </trkpt>
      <trkpt lat="38.818043" lon="121.1473">
        <ele>54.60045</ele>
        <time>2014-05-31T12:29:37.340000Z</time>
      </trkpt>
      <trkpt lat="38.817936" lon="121.1473">
        <ele>54.955276</ele>
        <time>2014-05-31T12:29:41.148000Z</time>
      </trkpt>
      <trkpt lat="38.81783" lon="121.14728">
        <ele>55.452568</ele>
        <time>2014-05-31T12:29:44.956000Z</time>
      </trkpt>
      <trkpt lat="38.817715" lon="121.147255">
        <ele>56.1836</ele>
        <time>2014-05-31T12:29:48.764000Z</time>
      </trkpt>
      <trkpt lat="38.817608" lon="121.14725">
        <ele>56.945213</ele>
        <time>2014-05-31T12:29:52.572000Z</time>
      </trkpt>
      <trkpt lat="38.8175" lon="121.14727">
        <ele>56.68009</ele>
        <time>2014-05-31T12:29:56.380000Z</time>
      </trkpt>
      <trkpt lat="38.817406" lon="121.14732">
        <ele>55.372864</ele>
        <time>2014-05-31T12:30:00.188000Z</time>
      </trkpt>
      <trkpt lat="38.817333" lon="121.1474">
        <ele>54.146526</ele>
        <time>2014-05-31T12:30:03.996000Z</time>
      </trkpt>
      <trkpt lat="38.81726" lon="121.147514">
        <ele>53.548084</ele>
        <time>2014-05-31T12:30:07.804000Z</time>
      </trkpt>
      <trkpt lat="38.817207" lon="121.14766">
        <ele>53.50584</ele>
        <time>2014-05-31T12:30:11.612000Z</time>
      </trkpt>
      <trkpt lat="38.81718" lon="121.147804">
        <ele>53.4585</ele>
        <time>2014-05-31T12:30:15.420000Z</time>
      </trkpt>
      <trkpt lat="38.817192" lon="121.147934">
        <ele>53.031837</ele>
        <time>2014-05-31T12:30:19.228000Z</time>
      </trkpt>
      <trkpt lat="38.817226" lon="121.148056">
        <ele>52.728264</ele>
        <time>2014-05-31T12:30:23.036000Z</time>
      </trkpt>
      <trkpt lat="38.81729" lon="121.14818">
        <ele>53.26754</ele>
        <time>2014-05-31T12:30:26.844000Z</time>
      </trkpt>
      <trkpt lat="38.817394" lon="121.148254">
        <ele>54.41794</ele>
        <time>2014-05-31T12:30:30.652000Z</time>
      </trkpt>
      <trkpt lat="38.817516" lon="121.14829">
        <ele>55.23928</ele>
        <time>2014-05-31T12:30:34.460000Z</time>
      </trkpt>
      <trkpt lat="38.81762" lon="121.1483">
        <ele>54.98647</ele>
        <time>2014-05-31T12:30:38.268000Z</time>
      </trkpt>
      <trkpt lat="38.817738" lon="121.14829">
        <ele>53.863407</ele>
        <time>2014-05-31T12:30:42.076000Z</time>
      </trkpt>
      <trkpt lat="38.817837" lon="121.148285">
        <ele>52.882576</ele>
        <time>2014-05-31T12:30:45.884000Z</time>
      </trkpt>
      <trkpt lat="38.81795" lon="121.14829">
        <ele>52.72611</ele>
        <time>2014-05-31T12:30:49.692000Z</time>
      </trkpt>
      <trkpt lat="38.818058" lon="121.14831">
        <ele>53.052036</ele>
        <time>2014-05-31T12:30:53.500000Z</time>
      </trkpt>
      <trkpt lat="38.81817" lon="121.14832">
        <ele>52.796303</ele>
        <time>2014-05-31T12:30:57.308000Z</time>
      </trkpt>
      <trkpt lat="38.818275" lon="121.14833">
        <ele>51.543697</ele>
        <time>2014-05-31T12:31:01.116000Z</time>
      </trkpt>
      <trkpt lat="38.818382" lon="121.14833">
        <ele>50.835155</ele>
        <time>2014-05-31T12:31:04.924000Z</time>
      </trkpt>
      <trkpt lat="38.818485" lon="121.14831">
        <ele>51.849934</ele>
        <time>2014-05-31T12:31:08.732000Z</time>
      </trkpt>
      <trkpt lat="38.818577" lon="121.148254">
        <ele>52.920082</ele>
        <time>2014-05-31T12:31:12.540000Z</time>
      </trkpt>
      <trkpt lat="38.818665" lon="121.14815">
        <ele>52.439857</ele>
        <time>2014-05-31T12:31:16.348000Z</time>
      </trkpt>
      <trkpt lat="38.818714" lon="121.14803">
        <ele>51.425667</ele>
        <time>2014-05-31T12:31:20.156000Z</time>
      </trkpt>
      <trkpt lat="38.81873" lon="121.147896">
        <ele>51.16875</ele>
        <time>2014-05-31T12:31:23.964000Z</time>
      </trkpt>
      <trkpt lat="38.818737" lon="121.14775">
        <ele>51.642063</ele>
        <time>2014-05-31T12:31:27.772000Z</time>
      </trkpt>
      <trkpt lat="38.81871" lon="121.14762">
        <ele>52.37578</ele>
        <time>2014-05-31T12:31:31.580000Z</time>
      </trkpt>
      <trkpt lat="38.818653" lon="121.14751">
        <ele>52.947292</ele>
        <time>2014-05-31T12:31:35.388000Z</time>
      </trkpt>
      <trkpt lat="38.81858" lon="121.14741">
        <ele>53.013424</ele>
        <time>2014-05-31T12:31:39.196000Z</time>
      </trkpt>
      <trkpt lat="38.818485" lon="121.14735">
        <ele>52.917816</ele>
        <time>2014-05-31T12:31:43.004000Z</time>
      </trkpt>
      <trkpt lat="38.818386" lon="121.14732">
        <ele>53.72584</ele>
        <time>2014-05-31T12:31:46.812000Z</time>
      </trkpt>
      <trkpt lat="38.818283" lon="121.147316">
        <ele>55.573048</ele>
        <time>2014-05-31T12:31:50.620000Z</time>
      </trkpt>
      <trkpt lat="38.81817" lon="121.14731">
        <ele>57.19606</ele>
        <time>2014-05-31T12:31:54.428000Z</time>
      </trkpt>
      <trkpt lat="38.818058" lon="121.14729">
        <ele>57.715637</ele>
        <time>2014-05-31T12:31:58.236000Z</time>
      </trkpt>
      <trkpt lat="38.81795" lon="121.14729">
        <ele>57.238804</ele>
        <time>2014-05-31T12:32:02.044000Z</time>
      </trkpt>
      <trkpt lat="38.817844" lon="121.147285">
        <ele>56.482185</ele>
        <time>2014-05-31T12:32:05.852000Z</time>
      </trkpt>
      <trkpt lat="38.817722" lon="121.14728">
        <ele>56.115192</ele>
        <time>2014-05-31T12:32:09.660000Z</time>
      </trkpt>
      <trkpt lat="38.81761" lon="121.14726">
        <ele>56.09301</ele>
        <time>2014-05-31T12:32:13.468000Z</time>
      </trkpt>
      <trkpt lat="38.817497" lon="121.147285">
        <ele>55.868694</ele>
        <time>2014-05-31T12:32:17.276000Z</time>
      </trkpt>
      <trkpt lat="38.817394" lon="121.14735">
        <ele>55.04618</ele>
        <time>2014-05-31T12:32:21.084000Z</time>
      </trkpt>
      <trkpt lat="38.817307" lon="121.147446">
        <ele>54.076134</ele>
        <time>2014-05-31T12:32:24.892000Z</time>
      </trkpt>
      <trkpt lat="38.817226" lon="121.14757">
        <ele>53.69554</ele>
        <time>2014-05-31T12:32:28.700000Z</time>
      </trkpt>
      <trkpt lat="38.817184" lon="121.147705">
        <ele>53.788353</ele>
        <time>2014-05-31T12:32:32.508000Z</time>
      </trkpt>
      <trkpt lat="38.817177" lon="121.14785">
        <ele>53.807117</ele>
        <time>2014-05-31T12:32:36.316000Z</time>
      </trkpt>
      <trkpt lat="38.817204" lon="121.148">
        <ele>53.585705</ele>
        <time>2014-05-31T12:32:40.124000Z</time>
      </trkpt>
      <trkpt lat="38.81724" lon="121.14812">
        <ele>53.38033</ele>
        <time>2014-05-31T12:32:43.932000Z</time>
      </trkpt>
      <trkpt lat="38.817314" lon="121.14822">
        <ele>53.617973</ele>
        <time>2014-05-31T12:32:47.740000Z</time>
      </trkpt>
      <trkpt lat="38.817417" lon="121.148285">
        <ele>54.27178</ele>
        <time>2014-05-31T12:32:51.548000Z</time>
      </trkpt>
      <trkpt lat="38.81753" lon="121.148315">
        <ele>54.817738</ele>
        <time>2014-05-31T12:32:55.356000Z</time>
      </trkpt>
      <trkpt lat="38.817646" lon="121.14831">
        <ele>54.77809</ele>
        <time>2014-05-31T12:32:59.164000Z</time>
      </trkpt>
      <trkpt lat="38.817745" lon="121.14831">
        <ele>54.175266</ele>
        <time>2014-05-31T12:33:02.972000Z</time>
      </trkpt>
      <trkpt lat="38.81784" lon="121.148315">
        <ele>53.38083</ele>
        <time>2014-05-31T12:33:06.780000Z</time>
      </trkpt>
      <trkpt lat="38.817963" lon="121.14832">
        <ele>52.766468</ele>
        <time>2014-05-31T12:33:10.588000Z</time>
      </trkpt>
      <trkpt lat="38.818092" lon="121.14832">
        <ele>52.573936</ele>
        <time>2014-05-31T12:33:14.396000Z</time>
      </trkpt>
      <trkpt lat="38.81822" lon="121.14833">
        <ele>52.798225</ele>
        <time>2014-05-31T12:33:18.204000Z</time>
      </trkpt>
      <trkpt lat="38.81833" lon="121.148346">
        <ele>52.76235</ele>
        <time>2014-05-31T12:33:22.012000Z</time>
      </trkpt>
      <trkpt lat="38.818443" lon="121.14835">
        <ele>51.996887</ele>
        <time>2014-05-31T12:33:25.820000Z</time>
      </trkpt>
      <trkpt lat="38.81855" lon="121.14829">
        <ele>51.321053</ele>
        <time>2014-05-31T12:33:29.628000Z</time>
      </trkpt>
      <trkpt lat="38.818634" lon="121.148186">
        <ele>51.994797</ele>
        <time>2014-05-31T12:33:33.436000Z</time>
      </trkpt>
      <trkpt lat="38.818707" lon="121.14805">
        <ele>53.862675</ele>
        <time>2014-05-31T12:33:37.244000Z</time>
      </trkpt>
      <trkpt lat="38.818745" lon="121.14788">
        <ele>55.13356</ele>
        <time>2014-05-31T12:33:41.052000Z</time>
      </trkpt>
      <trkpt lat="38.818745" lon="121.14773">
        <ele>54.698925</ele>
        <time>2014-05-31T12:33:44.860000Z</time>
      </trkpt>
      <trkpt lat="38.818707" lon="121.14759">
        <ele>53.40691</ele>
        <time>2014-05-31T12:33:48.668000Z</time>
      </trkpt>
      <trkpt lat="38.818645" lon="121.14749">
        <ele>52.282803</ele>
        <time>2014-05-31T12:33:52.476000Z</time>
      </trkpt>
      <trkpt lat="38.818558" lon="121.14739">
        <ele>51.56542</ele>
        <time>2014-05-31T12:33:56.284000Z</time>
      </trkpt>
      <trkpt lat="38.818436" lon="121.14733">
        <ele>51.321007</ele>
        <time>2014-05-31T12:34:00.092000Z</time>
      </trkpt>
      <trkpt lat="38.81833" lon="121.147316">
        <ele>51.536083</ele>
        <time>2014-05-31T12:34:03.900000Z</time>
      </trkpt>
      <trkpt lat="38.818237" lon="121.14731">
        <ele>52.720467</ele>
        <time>2014-05-31T12:34:07.708000Z</time>
      </trkpt>
      <trkpt lat="38.81813" lon="121.14731">
        <ele>55.32166</ele>
        <time>2014-05-31T12:34:11.516000Z</time>
      </trkpt>
      <trkpt lat="38.81802" lon="121.1473">
        <ele>58.259293</ele>
        <time>2014-05-31T12:34:15.324000Z</time>
      </trkpt>
      <trkpt lat="38.817913" lon="121.14729">
        <ele>60.0338</ele>
        <time>2014-05-31T12:34:19.132000Z</time>
      </trkpt>
      <trkpt lat="38.81781" lon="121.147285">
        <ele>60.404892</ele>
        <time>2014-05-31T12:34:22.940000Z</time>
      </trkpt>
      <trkpt lat="38.81771" lon="121.147285">
        <ele>60.16827</ele>
        <time>2014-05-31T12:34:26.748000Z</time>
      </trkpt>
      <trkpt lat="38.817608" lon="121.14728">
        <ele>60.173058</ele>
        <time>2014-05-31T12:34:30.556000Z</time>
      </trkpt>
      <trkpt lat="38.8175" lon="121.1473">
        <ele>60.541935</ele>
        <time>2014-05-31T12:34:34.364000Z</time>
      </trkpt>
      <trkpt lat="38.817394" lon="121.14738">
        <ele>61.028427</ele>
        <time>2014-05-31T12:34:38.172000Z</time>
      </trkpt>
      <trkpt lat="38.81731" lon="121.147446">
        <ele>61.61866</ele>
        <time>2014-05-31T12:34:41.980000Z</time>
      </trkpt>
      <trkpt lat="38.817234" lon="121.147575">
        <ele>62.218723</ele>
        <time>2014-05-31T12:34:45.788000Z</time>
      </trkpt>
      <trkpt lat="38.817192" lon="121.14774">
        <ele>62.059414</ele>
        <time>2014-05-31T12:34:49.596000Z</time>
      </trkpt>
      <trkpt lat="38.817196" lon="121.14791">
        <ele>60.20059</ele>
        <time>2014-05-31T12:34:53.404000Z</time>
      </trkpt>
      <trkpt lat="38.81723" lon="121.148056">
        <ele>57.01743</ele>
        <time>2014-05-31T12:34:57.212000Z</time>
      </trkpt>
      <trkpt lat="38.81731" lon="121.14818">
        <ele>54.08036</ele>
        <time>2014-05-31T12:35:01.020000Z</time>
      </trkpt>
      <trkpt lat="38.817394" lon="121.14826">
        <ele>52.482685</ele>
        <time>2014-05-31T12:35:04.828000Z</time>
      </trkpt>
      <trkpt lat="38.817516" lon="121.148285">
        <ele>52.11749</ele>
        <time>2014-05-31T12:35:08.636000Z</time>
      </trkpt>
      <trkpt lat="38.81763" lon="121.1483">
        <ele>52.193596</ele>
        <time>2014-05-31T12:35:12.444000Z</time>
      </trkpt>
      <trkpt lat="38.81773" lon="121.148315">
        <ele>52.152225</ele>
        <time>2014-05-31T12:35:16.252000Z</time>
      </trkpt>
      <trkpt lat="38.81783" lon="121.14833">
        <ele>51.97719</ele>
        <time>2014-05-31T12:35:20.060000Z</time>
      </trkpt>
      <trkpt lat="38.817932" lon="121.14833">
        <ele>52.386536</ele>
        <time>2014-05-31T12:35:23.868000Z</time>
      </trkpt>
      <trkpt lat="38.818058" lon="121.14834">
        <ele>53.746014</ele>
        <time>2014-05-31T12:35:27.676000Z</time>
      </trkpt>
      <trkpt lat="38.818176" lon="121.14834">
        <ele>55.059586</ele>
        <time>2014-05-31T12:35:31.484000Z</time>
      </trkpt>
      <trkpt lat="38.818283" lon="121.14835">
        <ele>54.879963</ele>
        <time>2014-05-31T12:35:35.292000Z</time>
      </trkpt>
      <trkpt lat="38.81841" lon="121.148346">
        <ele>53.248558</ele>
        <time>2014-05-31T12:35:39.100000Z</time>
      </trkpt>
      <trkpt lat="38.81851" lon="121.148315">
        <ele>51.727165</ele>
        <time>2014-05-31T12:35:42.908000Z</time>
      </trkpt>
      <trkpt lat="38.81858" lon="121.14825">
        <ele>51.510895</ele>
        <time>2014-05-31T12:35:46.716000Z</time>
      </trkpt>
      <trkpt lat="38.81864" lon="121.148155">
        <ele>52.97075</ele>
        <time>2014-05-31T12:35:50.524000Z</time>
      </trkpt>
      <trkpt lat="38.818687" lon="121.14802">
        <ele>56.18622</ele>
        <time>2014-05-31T12:35:54.332000Z</time>
      </trkpt>
      <trkpt lat="38.81871" lon="121.1479">
        <ele>59.866516</ele>
        <time>2014-05-31T12:35:58.140000Z</time>
      </trkpt>
      <trkpt lat="38.818714" lon="121.14777">
        <ele>61.982433</ele>
        <time>2014-05-31T12:36:01.948000Z</time>
      </trkpt>
      <trkpt lat="38.818695" lon="121.147644">
        <ele>61.932087</ele>
        <time>2014-05-31T12:36:05.756000Z</time>
      </trkpt>
      <trkpt lat="38.818695" lon="121.147644">
        <time>2014-05-31T12:36:09.564000Z</time>
      </trkpt>
    </trkseg>
  </trk>
</gpx>