<?xml version="1.0" encoding="UTF-8"?>
<gpx xmlns="http://www.topografix.com/GPX/1/1" xmlns:gpxtpx="http://www.garmin.com/xmlschemas/TrackPointExtension/v1" xmlns:xsi="http://www.w3.org/2001/XMLSchema-instance" xsi:schemaLocation="http://www.topografix.com/GPX/1/1 http://www.topografix.com/GPX/1/1/gpx.xsd" version="1.1" creator="gpx.py -- https://github.com/tkrajina/gpxpy">
  <trk>
    <trkseg>
      <trkpt lat="38.8185" lon="121.147285">
        <ele>54.641563</ele>
        <time>2014-06-04T09:30:07.474000Z</time>
      </trkpt>
      <trkpt lat="38.8185" lon="121.147285">
        <ele>53.219536</ele>
        <time>2014-06-04T09:30:10.647000Z</time>
      </trkpt>
      <trkpt lat="38.818398" lon="121.14728">
        <ele>52.348637</ele>
        <time>2014-06-04T09:30:13.820000Z</time>
      </trkpt>
      <trkpt lat="38.818356" lon="121.14728">
        <ele>51.43957</ele>
        <time>2014-06-04T09:30:16.993000Z</time>
      </trkpt>
      <trkpt lat="38.818253" lon="121.14728">
        <ele>50.127464</ele>
        <time>2014-06-04T09:30:20.166000Z</time>
      </trkpt>
      <trkpt lat="38.818142" lon="121.14728">
        <ele>49.499664</ele>
        <time>2014-06-04T09:30:23.339000Z</time>
      </trkpt>
      <trkpt lat="38.818027" lon="121.147285">
        <ele>50.19993</ele>
        <time>2014-06-04T09:30:26.512000Z</time>
      </trkpt>
      <trkpt lat="38.81793" lon="121.14729">
        <ele>51.58039</ele>
        <time>2014-06-04T09:30:29.685000Z</time>
      </trkpt>
      <trkpt lat="38.817833" lon="121.14729">
        <ele>52.530563</ele>
        <time>2014-06-04T09:30:32.858000Z</time>
      </trkpt>
      <trkpt lat="38.817745" lon="121.147285">
        <ele>52.77504</ele>
        <time>2014-06-04T09:30:36.031000Z</time>
      </trkpt>
      <trkpt lat="38.817623" lon="121.14727">
        <ele>52.43384</ele>
        <time>2014-06-04T09:30:39.204000Z</time>
      </trkpt>
      <trkpt lat="38.81752" lon="121.14726">
        <ele>51.714664</ele>
        <time>2014-06-04T09:30:42.377000Z</time>
      </trkpt>
      <trkpt lat="38.817406" lon="121.14729">
        <ele>51.54318</ele>
        <time>2014-06-04T09:30:45.550000Z</time>
      </trkpt>
      <trkpt lat="38.817326" lon="121.147354">
        <ele>52.38124</ele>
        <time>2014-06-04T09:30:48.723000Z</time>
      </trkpt>
      <trkpt lat="38.81725" lon="121.14743">
        <ele>53.348396</ele>
        <time>2014-06-04T09:30:51.896000Z</time>
      </trkpt>
      <trkpt lat="38.81718" lon="121.14753">
        <ele>53.53072</ele>
        <time>2014-06-04T09:30:55.069000Z</time>
      </trkpt>
      <trkpt lat="38.817154" lon="121.147675">
        <ele>52.900566</ele>
        <time>2014-06-04T09:30:58.242000Z</time>
      </trkpt>
      <trkpt lat="38.817158" lon="121.14782">
        <ele>51.46151</ele>
        <time>2014-06-04T09:31:01.415000Z</time>
      </trkpt>
      <trkpt lat="38.817204" lon="121.14795">
        <ele>49.55669</ele>
        <time>2014-06-04T09:31:04.588000Z</time>
      </trkpt>
      <trkpt lat="38.817253" lon="121.14805">
        <ele>48.16498</ele>
        <time>2014-06-04T09:31:07.761000Z</time>
      </trkpt>
      <trkpt lat="38.81733" lon="121.14813">
        <ele>47.90141</ele>
        <time>2014-06-04T09:31:10.934000Z</time>
      </trkpt>
      <trkpt lat="38.817417" lon="121.148186">
        <ele>48.957973</ele>
        <time>2014-06-04T09:31:14.107000Z</time>
      </trkpt>
      <trkpt lat="38.817524" lon="121.14824">
        <ele>51.75058</ele>
        <time>2014-06-04T09:31:17.280000Z</time>
      </trkpt>
      <trkpt lat="38.81761" lon="121.14826">
        <ele>56.649727</ele>
        <time>2014-06-04T09:31:20.453000Z</time>
      </trkpt>
      <trkpt lat="38.817707" lon="121.14827">
        <ele>62.383507</ele>
        <time>2014-06-04T09:31:23.626000Z</time>
      </trkpt>
      <trkpt lat="38.817818" lon="121.14827">
        <ele>65.851135</ele>
        <time>2014-06-04T09:31:26.799000Z</time>
      </trkpt>
      <trkpt lat="38.817917" lon="121.14827">
        <ele>65.69315</ele>
        <time>2014-06-04T09:31:29.972000Z</time>
      </trkpt>
      <trkpt lat="38.818024" lon="121.14826">
        <ele>63.854652</ele>
        <time>2014-06-04T09:31:33.145000Z</time>
      </trkpt>
      <trkpt lat="38.818142" lon="121.14827">
        <ele>61.654373</ele>
        <time>2014-06-04T09:31:36.318000Z</time>
      </trkpt>
      <trkpt lat="38.818245" lon="121.148285">
        <ele>58.732876</ele>
        <time>2014-06-04T09:31:39.491000Z</time>
      </trkpt>
      <trkpt lat="38.818344" lon="121.1483">
        <ele>55.376766</ele>
        <time>2014-06-04T09:31:42.664000Z</time>
      </trkpt>
      <trkpt lat="38.818447" lon="121.148285">
        <ele>52.184433</ele>
        <time>2014-06-04T09:31:45.837000Z</time>
      </trkpt>
      <trkpt lat="38.818554" lon="121.14824">
        <ele>49.06698</ele>
        <time>2014-06-04T09:31:49.010000Z</time>
      </trkpt>
      <trkpt lat="38.81864" lon="121.148155">
        <ele>46.390324</ele>
        <time>2014-06-04T09:31:52.183000Z</time>
      </trkpt>
      <trkpt lat="38.8187" lon="121.148056">
        <ele>44.95785</ele>
        <time>2014-06-04T09:31:55.356000Z</time>
      </trkpt>
      <trkpt lat="38.81874" lon="121.14792">
        <ele>45.56766</ele>
        <time>2014-06-04T09:31:58.529000Z</time>
      </trkpt>
      <trkpt lat="38.818756" lon="121.14779">
        <ele>47.9247</ele>
        <time>2014-06-04T09:32:01.702000Z</time>
      </trkpt>
      <trkpt lat="38.818745" lon="121.14767">
        <ele>50.466137</ele>
        <time>2014-06-04T09:32:04.875000Z</time>
      </trkpt>
      <trkpt lat="38.818687" lon="121.14753">
        <ele>52.08126</ele>
        <time>2014-06-04T09:32:08.048000Z</time>
      </trkpt>
      <trkpt lat="38.818604" lon="121.147415">
        <ele>52.85287</ele>
        <time>2014-06-04T09:32:11.221000Z</time>
      </trkpt>
      <trkpt lat="38.8185" lon="121.14735">
        <ele>53.078037</ele>
        <time>2014-06-04T09:32:14.394000Z</time>
      </trkpt>
      <trkpt lat="38.81839" lon="121.147316">
        <ele>52.990276</ele>
        <time>2014-06-04T09:32:17.567000Z</time>
      </trkpt>
      <trkpt lat="38.81829" lon="121.147316">
        <ele>52.42814</ele>
        <time>2014-06-04T09:32:20.740000Z</time>
      </trkpt>
      <trkpt lat="38.818203" lon="121.1473">
        <ele>51.306576</ele>
        <time>2014-06-04T09:32:23.913000Z</time>
      </trkpt>
      <trkpt lat="38.818108" lon="121.1473">
        <ele>50.239132</ele>
        <time>2014-06-04T09:32:27.086000Z</time>
      </trkpt>
      <trkpt lat="38.817993" lon="121.1473">
        <ele>50.053417</ele>
        <time>2014-06-04T09:32:30.259000Z</time>
      </trkpt>
      <trkpt lat="38.817886" lon="121.14731">
        <ele>50.70211</ele>
        <time>2014-06-04T09:32:33.432000Z</time>
      </trkpt>
      <trkpt lat="38.817787" lon="121.14731">
        <ele>51.021744</ele>
        <time>2014-06-04T09:32:36.605000Z</time>
      </trkpt>
      <trkpt lat="38.817677" lon="121.1473">
        <ele>50.298725</ele>
        <time>2014-06-04T09:32:39.778000Z</time>
      </trkpt>
      <trkpt lat="38.81757" lon="121.1473">
        <ele>49.361538</ele>
        <time>2014-06-04T09:32:42.951000Z</time>
      </trkpt>
      <trkpt lat="38.81747" lon="121.14733">
        <ele>50.51346</ele>
        <time>2014-06-04T09:32:46.124000Z</time>
      </trkpt>
      <trkpt lat="38.81738" lon="121.14738">
        <ele>54.468014</ele>
        <time>2014-06-04T09:32:49.297000Z</time>
      </trkpt>
      <trkpt lat="38.817307" lon="121.147446">
        <ele>58.6383</ele>
        <time>2014-06-04T09:32:52.470000Z</time>
      </trkpt>
      <trkpt lat="38.81724" lon="121.14753">
        <ele>59.78051</ele>
        <time>2014-06-04T09:32:55.643000Z</time>
      </trkpt>
      <trkpt lat="38.817184" lon="121.14767">
        <ele>57.752647</ele>
        <time>2014-06-04T09:32:58.816000Z</time>
      </trkpt>
      <trkpt lat="38.817173" lon="121.14782">
        <ele>54.985466</ele>
        <time>2014-06-04T09:33:01.989000Z</time>
      </trkpt>
      <trkpt lat="38.817207" lon="121.14794">
        <ele>52.62586</ele>
        <time>2014-06-04T09:33:05.162000Z</time>
      </trkpt>
      <trkpt lat="38.817265" lon="121.148056">
        <ele>50.050747</ele>
        <time>2014-06-04T09:33:08.335000Z</time>
      </trkpt>
      <trkpt lat="38.817337" lon="121.14816">
        <ele>47.925774</ele>
        <time>2014-06-04T09:33:11.508000Z</time>
      </trkpt>
      <trkpt lat="38.817425" lon="121.14825">
        <ele>47.438663</ele>
        <time>2014-06-04T09:33:14.681000Z</time>
      </trkpt>
      <trkpt lat="38.817513" lon="121.14829">
        <ele>48.47169</ele>
        <time>2014-06-04T09:33:17.854000Z</time>
      </trkpt>
      <trkpt lat="38.817608" lon="121.1483">
        <ele>49.935196</ele>
        <time>2014-06-04T09:33:21.027000Z</time>
      </trkpt>
      <trkpt lat="38.81771" lon="121.14831">
        <ele>50.47576</ele>
        <time>2014-06-04T09:33:24.200000Z</time>
      </trkpt>
      <trkpt lat="38.8178" lon="121.14832">
        <ele>49.804726</ele>
        <time>2014-06-04T09:33:27.373000Z</time>
      </trkpt>
      <trkpt lat="38.817898" lon="121.14834">
        <ele>48.984577</ele>
        <time>2014-06-04T09:33:30.546000Z</time>
      </trkpt>
      <trkpt lat="38.817993" lon="121.14833">
        <ele>48.92034</ele>
        <time>2014-06-04T09:33:33.719000Z</time>
      </trkpt>
      <trkpt lat="38.818108" lon="121.14832">
        <ele>49.118355</ele>
        <time>2014-06-04T09:33:36.892000Z</time>
      </trkpt>
      <trkpt lat="38.81823" lon="121.14833">
        <ele>48.94767</ele>
        <time>2014-06-04T09:33:40.065000Z</time>
      </trkpt>
      <trkpt lat="38.818325" lon="121.14833">
        <ele>48.654316</ele>
        <time>2014-06-04T09:33:43.238000Z</time>
      </trkpt>
      <trkpt lat="38.81844" lon="121.14831">
        <ele>48.776215</ele>
        <time>2014-06-04T09:33:46.411000Z</time>
      </trkpt>
      <trkpt lat="38.818535" lon="121.14825">
        <ele>49.235504</ele>
        <time>2014-06-04T09:33:49.584000Z</time>
      </trkpt>
      <trkpt lat="38.81862" lon="121.14817">
        <ele>49.553448</ele>
        <time>2014-06-04T09:33:52.757000Z</time>
      </trkpt>
      <trkpt lat="38.818684" lon="121.14808">
        <ele>49.58079</ele>
        <time>2014-06-04T09:33:55.930000Z</time>
      </trkpt>
      <trkpt lat="38.818726" lon="121.14796">
        <ele>49.557438</ele>
        <time>2014-06-04T09:33:59.103000Z</time>
      </trkpt>
      <trkpt lat="38.81874" lon="121.147835">
        <ele>49.91853</ele>
        <time>2014-06-04T09:34:02.276000Z</time>
      </trkpt>
      <trkpt lat="38.818726" lon="121.14768">
        <ele>50.79912</ele>
        <time>2014-06-04T09:34:05.449000Z</time>
      </trkpt>
      <trkpt lat="38.818665" lon="121.147545">
        <ele>51.658386</ele>
        <time>2014-06-04T09:34:08.622000Z</time>
      </trkpt>
      <trkpt lat="38.818604" lon="121.14745">
        <ele>52.880264</ele>
        <time>2014-06-04T09:34:11.795000Z</time>
      </trkpt>
      <trkpt lat="38.818516" lon="121.14739">
        <ele>55.08568</ele>
        <time>2014-06-04T09:34:14.968000Z</time>
      </trkpt>
      <trkpt lat="38.81841" lon="121.14735">
        <ele>56.7335</ele>
        <time>2014-06-04T09:34:18.141000Z</time>
      </trkpt>
      <trkpt lat="38.818295" lon="121.14733">
        <ele>56.3495</ele>
        <time>2014-06-04T09:34:21.314000Z</time>
      </trkpt>
      <trkpt lat="38.818184" lon="121.147316">
        <ele>55.02655</ele>
        <time>2014-06-04T09:34:24.487000Z</time>
      </trkpt>
      <trkpt lat="38.818092" lon="121.14731">
        <ele>54.12807</ele>
        <time>2014-06-04T09:34:27.660000Z</time>
      </trkpt>
      <trkpt lat="38.817986" lon="121.1473">
        <ele>53.71639</ele>
        <time>2014-06-04T09:34:30.833000Z</time>
      </trkpt>
      <trkpt lat="38.817886" lon="121.14729">
        <ele>53.50487</ele>
        <time>2014-06-04T09:34:34.006000Z</time>
      </trkpt>
      <trkpt lat="38.817764" lon="121.147285">
        <ele>53.425735</ele>
        <time>2014-06-04T09:34:37.179000Z</time>
      </trkpt>
      <trkpt lat="38.81766" lon="121.147285">
        <ele>53.347153</ele>
        <time>2014-06-04T09:34:40.352000Z</time>
      </trkpt>
      <trkpt lat="38.817562" lon="121.14728">
        <ele>52.922085</ele>
        <time>2014-06-04T09:34:43.525000Z</time>
      </trkpt>
      <trkpt lat="38.817463" lon="121.14729">
        <ele>52.09803</ele>
        <time>2014-06-04T09:34:46.698000Z</time>
      </trkpt>
      <trkpt lat="38.81736" lon="121.14736">
        <ele>51.357952</ele>
        <time>2014-06-04T09:34:49.871000Z</time>
      </trkpt>
      <trkpt lat="38.817272" lon="121.14744">
        <ele>50.97352</ele>
        <time>2014-06-04T09:34:53.044000Z</time>
      </trkpt>
      <trkpt lat="38.81721" lon="121.14755">
        <ele>50.77913</ele>
        <time>2014-06-04T09:34:56.217000Z</time>
      </trkpt>
      <trkpt lat="38.817177" lon="121.147675">
        <ele>50.796013</ele>
        <time>2014-06-04T09:34:59.390000Z</time>
      </trkpt>
      <trkpt lat="38.817165" lon="121.14782">
        <ele>51.135494</ele>
        <time>2014-06-04T09:35:02.563000Z</time>
      </trkpt>
      <trkpt lat="38.817196" lon="121.147964">
        <ele>51.606056</ele>
        <time>2014-06-04T09:35:05.736000Z</time>
      </trkpt>
      <trkpt lat="38.81724" lon="121.14808">
        <ele>51.637367</ele>
        <time>2014-06-04T09:35:08.909000Z</time>
      </trkpt>
      <trkpt lat="38.817307" lon="121.14817">
        <ele>51.004646</ele>
        <time>2014-06-04T09:35:12.082000Z</time>
      </trkpt>
      <trkpt lat="38.817383" lon="121.148254">
        <ele>50.47428</ele>
        <time>2014-06-04T09:35:15.255000Z</time>
      </trkpt>
      <trkpt lat="38.817467" lon="121.1483">
        <ele>50.723602</ele>
        <time>2014-06-04T09:35:18.428000Z</time>
      </trkpt>
      <trkpt lat="38.81756" lon="121.14831">
        <ele>51.324215</ele>
        <time>2014-06-04T09:35:21.601000Z</time>
      </trkpt>
      <trkpt lat="38.81768" lon="121.14832">
        <ele>51.709282</ele>
        <time>2014-06-04T09:35:24.774000Z</time>
      </trkpt>
      <trkpt lat="38.817795" lon="121.14832">
        <ele>52.193</ele>
        <time>2014-06-04T09:35:27.947000Z</time>
      </trkpt>
      <trkpt lat="38.817894" lon="121.14834">
        <ele>53.106224</ele>
        <time>2014-06-04T09:35:31.120000Z</time>
      </trkpt>
      <trkpt lat="38.81799" lon="121.14834">
        <ele>53.365795</ele>
        <time>2014-06-04T09:35:34.293000Z</time>
      </trkpt>
      <trkpt lat="38.818085" lon="121.14833">
        <ele>52.016247</ele>
        <time>2014-06-04T09:35:37.466000Z</time>
      </trkpt>
      <trkpt lat="38.8182" lon="121.14834">
        <ele>50.000427</ele>
        <time>2014-06-04T09:35:40.639000Z</time>
      </trkpt>
      <trkpt lat="38.818287" lon="121.148346">
        <ele>48.68416</ele>
        <time>2014-06-04T09:35:43.812000Z</time>
      </trkpt>
      <trkpt lat="38.818382" lon="121.14835">
        <ele>48.645027</ele>
        <time>2014-06-04T09:35:46.985000Z</time>
      </trkpt>
      <trkpt lat="38.818493" lon="121.14832">
        <ele>49.6812</ele>
        <time>2014-06-04T09:35:50.158000Z</time>
      </trkpt>
      <trkpt lat="38.81858" lon="121.14827">
        <ele>50.852554</ele>
        <time>2014-06-04T09:35:53.331000Z</time>
      </trkpt>
      <trkpt lat="38.818665" lon="121.14817">
        <ele>51.032146</ele>
        <time>2014-06-04T09:35:56.504000Z</time>
      </trkpt>
      <trkpt lat="38.81871" lon="121.14806">
        <ele>50.011215</ele>
        <time>2014-06-04T09:35:59.677000Z</time>
      </trkpt>
      <trkpt lat="38.818737" lon="121.147934">
        <ele>49.00333</ele>
        <time>2014-06-04T09:36:02.850000Z</time>
      </trkpt>
      <trkpt lat="38.818737" lon="121.14781">
        <ele>49.450138</ele>
        <time>2014-06-04T09:36:06.023000Z</time>
      </trkpt>
      <trkpt lat="38.818718" lon="121.147675">
        <ele>51.386875</ele>
        <time>2014-06-04T09:36:09.196000Z</time>
      </trkpt>
      <trkpt lat="38.81867" lon="121.14757">
        <ele>53.603024</ele>
        <time>2014-06-04T09:36:12.369000Z</time>
      </trkpt>
      <trkpt lat="38.8186" lon="121.14748">
        <ele>54.832714</ele>
        <time>2014-06-04T09:36:15.542000Z</time>
      </trkpt>
      <trkpt lat="38.818523" lon="121.1474">
        <ele>54.893734</ele>
        <time>2014-06-04T09:36:18.715000Z</time>
      </trkpt>
      <trkpt lat="38.818413" lon="121.14734">
        <ele>54.463894</ele>
        <time>2014-06-04T09:36:21.888000Z</time>
      </trkpt>
      <trkpt lat="38.818317" lon="121.14733">
        <ele>53.966064</ele>
        <time>2014-06-04T09:36:25.061000Z</time>
      </trkpt>
      <trkpt lat="38.818226" lon="121.14732">
        <ele>52.97992</ele>
        <time>2014-06-04T09:36:28.234000Z</time>
      </trkpt>
      <trkpt lat="38.818123" lon="121.14732">
        <ele>51.8453</ele>
        <time>2014-06-04T09:36:31.407000Z</time>
      </trkpt>
      <trkpt lat="38.818016" lon="121.14732">
        <ele>51.618885</ele>
        <time>2014-06-04T09:36:34.580000Z</time>
      </trkpt>
      <trkpt lat="38.81789" lon="121.147316">
        <ele>52.155834</ele>
        <time>2014-06-04T09:36:37.753000Z</time>
      </trkpt>
      <trkpt lat="38.817776" lon="121.1473">
        <ele>52.14048</ele>
        <time>2014-06-04T09:36:40.926000Z</time>
      </trkpt>
      <trkpt lat="38.817677" lon="121.147285">
        <ele>50.84912</ele>
        <time>2014-06-04T09:36:44.099000Z</time>
      </trkpt>
      <trkpt lat="38.817585" lon="121.14728">
        <ele>48.915474</ele>
        <time>2014-06-04T09:36:47.272000Z</time>
      </trkpt>
      <trkpt lat="38.817493" lon="121.14729">
        <ele>47.58003</ele>
        <time>2014-06-04T09:36:50.445000Z</time>
      </trkpt>
      <trkpt lat="38.817383" lon="121.14735">
        <ele>47.391293</ele>
        <time>2014-06-04T09:36:53.618000Z</time>
      </trkpt>
      <trkpt lat="38.81729" lon="121.14743">
        <ele>48.658768</ele>
        <time>2014-06-04T09:36:56.791000Z</time>
      </trkpt>
      <trkpt lat="38.81721" lon="121.147575">
        <ele>51.13362</ele>
        <time>2014-06-04T09:36:59.964000Z</time>
      </trkpt>
      <trkpt lat="38.817177" lon="121.1477">
        <ele>53.34245</ele>
        <time>2014-06-04T09:37:03.137000Z</time>
      </trkpt>
      <trkpt lat="38.817173" lon="121.14782">
        <ele>53.952705</ele>
        <time>2014-06-04T09:37:06.310000Z</time>
      </trkpt>
      <trkpt lat="38.817177" lon="121.14794">
        <ele>53.230106</ele>
        <time>2014-06-04T09:37:09.483000Z</time>
      </trkpt>
      <trkpt lat="38.817223" lon="121.14807">
        <ele>52.296837</ele>
        <time>2014-06-04T09:37:12.656000Z</time>
      </trkpt>
      <trkpt lat="38.81729" lon="121.14818">
        <ele>51.677067</ele>
        <time>2014-06-04T09:37:15.829000Z</time>
      </trkpt>
      <trkpt lat="38.817383" lon="121.14827">
        <ele>51.247444</ele>
        <time>2014-06-04T09:37:19.002000Z</time>
      </trkpt>
      <trkpt lat="38.8175" lon="121.148315">
        <ele>51.042835</ele>
        <time>2014-06-04T09:37:22.175000Z</time>
      </trkpt>
      <trkpt lat="38.817608" lon="121.14833">
        <ele>51.133167</ele>
        <time>2014-06-04T09:37:25.348000Z</time>
      </trkpt>
      <trkpt lat="38.81772" lon="121.14833">
        <ele>51.19216</ele>
        <time>2014-06-04T09:37:28.521000Z</time>
      </trkpt>
      <trkpt lat="38.817825" lon="121.14834">
        <ele>50.906334</ele>
        <time>2014-06-04T09:37:31.694000Z</time>
      </trkpt>
      <trkpt lat="38.817932" lon="121.14834">
        <ele>50.492073</ele>
        <time>2014-06-04T09:37:34.867000Z</time>
      </trkpt>
      <trkpt lat="38.818035" lon="121.14835">
        <ele>50.50323</ele>
        <time>2014-06-04T09:37:38.040000Z</time>
      </trkpt>
      <trkpt lat="38.81815" lon="121.14835">
        <ele>51.048264</ele>
        <time>2014-06-04T09:37:41.213000Z</time>
      </trkpt>
      <trkpt lat="38.818268" lon="121.148346">
        <ele>51.692333</ele>
        <time>2014-06-04T09:37:44.386000Z</time>
      </trkpt>
      <trkpt lat="38.818367" lon="121.148346">
        <ele>52.05723</ele>
        <time>2014-06-04T09:37:47.559000Z</time>
      </trkpt>
      <trkpt lat="38.818466" lon="121.14832">
        <ele>52.153378</ele>
        <time>2014-06-04T09:37:50.732000Z</time>
      </trkpt>
      <trkpt lat="38.818565" lon="121.14826">
        <ele>52.293133</ele>
        <time>2014-06-04T09:37:53.905000Z</time>
      </trkpt>
      <trkpt lat="38.818638" lon="121.148186">
        <ele>52.916924</ele>
        <time>2014-06-04T09:37:57.078000Z</time>
      </trkpt>
      <trkpt lat="38.818695" lon="121.14808">
        <ele>53.699623</ele>
        <time>2014-06-04T09:38:00.251000Z</time>
      </trkpt>
      <trkpt lat="38.818718" lon="121.147964">
        <ele>53.405552</ele>
        <time>2014-06-04T09:38:03.424000Z</time>
      </trkpt>
      <trkpt lat="38.81873" lon="121.147835">
        <ele>51.771587</ele>
        <time>2014-06-04T09:38:06.597000Z</time>
      </trkpt>
      <trkpt lat="38.818718" lon="121.147705">
        <ele>50.081734</ele>
        <time>2014-06-04T09:38:09.770000Z</time>
      </trkpt>
      <trkpt lat="38.81868" lon="121.1476">
        <ele>49.830666</ele>
        <time>2014-06-04T09:38:12.943000Z</time>
      </trkpt>
      <trkpt lat="38.818623" lon="121.1475">
        <ele>51.597473</ele>
        <time>2014-06-04T09:38:16.116000Z</time>
      </trkpt>
      <trkpt lat="38.818542" lon="121.147415">
        <ele>54.42809</ele>
        <time>2014-06-04T09:38:19.289000Z</time>
      </trkpt>
      <trkpt lat="38.818466" lon="121.14734">
        <ele>56.78208</ele>
        <time>2014-06-04T09:38:22.462000Z</time>
      </trkpt>
      <trkpt lat="38.81836" lon="121.14733">
        <ele>58.08161</ele>
        <time>2014-06-04T09:38:25.635000Z</time>
      </trkpt>
      <trkpt lat="38.818256" lon="121.14733">
        <ele>58.33072</ele>
        <time>2014-06-04T09:38:28.808000Z</time>
      </trkpt>
      <trkpt lat="38.81816" lon="121.14732">
        <ele>57.215137</ele>
        <time>2014-06-04T09:38:31.981000Z</time>
      </trkpt>
      <trkpt lat="38.818058" lon="121.14732">
        <ele>55.005592</ele>
        <time>2014-06-04T09:38:35.154000Z</time>
      </trkpt>
      <trkpt lat="38.81795" lon="121.14732">
        <ele>53.101177</ele>
        <time>2014-06-04T09:38:38.327000Z</time>
      </trkpt>
      <trkpt lat="38.81786" lon="121.14731">
        <ele>52.38348</ele>
        <time>2014-06-04T09:38:41.500000Z</time>
      </trkpt>
      <trkpt lat="38.81777" lon="121.14731">
        <ele>52.467747</ele>
        <time>2014-06-04T09:38:44.673000Z</time>
      </trkpt>
      <trkpt lat="38.817665" lon="121.1473">
        <ele>52.77775</ele>
        <time>2014-06-04T09:38:47.846000Z</time>
      </trkpt>
      <trkpt lat="38.817547" lon="121.1473">
        <ele>52.97845</ele>
        <time>2014-06-04T09:38:51.019000Z</time>
      </trkpt>
      <trkpt lat="38.81745" lon="121.147316">
        <ele>53.01732</ele>
        <time>2014-06-04T09:38:54.192000Z</time>
      </trkpt>
      <trkpt lat="38.81736" lon="121.14736">
        <ele>52.60464</ele>
        <time>2014-06-04T09:38:57.365000Z</time>
      </trkpt>
      <trkpt lat="38.81725" lon="121.14744">
        <ele>52.006798</ele>
        <time>2014-06-04T09:39:00.538000Z</time>
      </trkpt>
      <trkpt lat="38.817184" lon="121.14756">
        <ele>52.018585</ele>
        <time>2014-06-04T09:39:03.711000Z</time>
      </trkpt>
      <trkpt lat="38.81716" lon="121.14769">
        <ele>52.58758</ele>
        <time>2014-06-04T09:39:06.884000Z</time>
      </trkpt>
      <trkpt lat="38.817158" lon="121.147804">
        <ele>53.018684</ele>
        <time>2014-06-04T09:39:10.057000Z</time>
      </trkpt>
      <trkpt lat="38.81718" lon="121.14795">
        <ele>52.48986</ele>
        <time>2014-06-04T09:39:13.230000Z</time>
      </trkpt>
      <trkpt lat="38.817226" lon="121.14806">
        <ele>50.748142</ele>
        <time>2014-06-04T09:39:16.403000Z</time>
      </trkpt>
      <trkpt lat="38.81729" lon="121.14816">
        <ele>48.984577</ele>
        <time>2014-06-04T09:39:19.576000Z</time>
      </trkpt>
      <trkpt lat="38.817383" lon="121.14822">
        <ele>48.060684</ele>
        <time>2014-06-04T09:39:22.749000Z</time>
      </trkpt>
      <trkpt lat="38.81749" lon="121.14828">
        <ele>47.694275</ele>
        <time>2014-06-04T09:39:25.922000Z</time>
      </trkpt>
      <trkpt lat="38.817593" lon="121.148315">
        <ele>47.844635</ele>
        <time>2014-06-04T09:39:29.095000Z</time>
      </trkpt>
      <trkpt lat="38.81771" lon="121.14833">
        <ele>48.53757</ele>
        <time>2014-06-04T09:39:32.268000Z</time>
      </trkpt>
      <trkpt lat="38.817802" lon="121.14834">
        <ele>49.178642</ele>
        <time>2014-06-04T09:39:35.441000Z</time>
      </trkpt>
      <trkpt lat="38.8179" lon="121.148346">
        <ele>49.289486</ele>
        <time>2014-06-04T09:39:38.614000Z</time>
      </trkpt>
      <trkpt lat="38.818012" lon="121.14834">
        <ele>49.459007</ele>
        <time>2014-06-04T09:39:41.787000Z</time>
      </trkpt>
      <trkpt lat="38.818104" lon="121.148346">
        <ele>50.356358</ele>
        <time>2014-06-04T09:39:44.960000Z</time>
      </trkpt>
      <trkpt lat="38.818222" lon="121.148346">
        <ele>51.58565</ele>
        <time>2014-06-04T09:39:48.133000Z</time>
      </trkpt>
      <trkpt lat="38.818317" lon="121.148346">
        <ele>52.46956</ele>
        <time>2014-06-04T09:39:51.306000Z</time>
      </trkpt>
      <trkpt lat="38.818436" lon="121.14834">
        <ele>53.165302</ele>
        <time>2014-06-04T09:39:54.479000Z</time>
      </trkpt>
      <trkpt lat="38.81853" lon="121.148285">
        <ele>53.781223</ele>
        <time>2014-06-04T09:39:57.652000Z</time>
      </trkpt>
      <trkpt lat="38.818615" lon="121.14821">
        <ele>53.98408</ele>
        <time>2014-06-04T09:40:00.825000Z</time>
      </trkpt>
      <trkpt lat="38.81868" lon="121.14812">
        <ele>53.576557</ele>
        <time>2014-06-04T09:40:03.998000Z</time>
      </trkpt>
      <trkpt lat="38.818718" lon="121.14799">
        <ele>52.784767</ele>
        <time>2014-06-04T09:40:07.171000Z</time>
      </trkpt>
      <trkpt lat="38.818733" lon="121.147865">
        <ele>52.20051</ele>
        <time>2014-06-04T09:40:10.344000Z</time>
      </trkpt>
      <trkpt lat="38.818733" lon="121.14774">
        <ele>52.299667</ele>
        <time>2014-06-04T09:40:13.517000Z</time>
      </trkpt>
      <trkpt lat="38.81871" lon="121.14763">
        <ele>52.814384</ele>
        <time>2014-06-04T09:40:16.690000Z</time>
      </trkpt>
      <trkpt lat="38.818607" lon="121.14729">
        <ele>55.171814</ele>
        <time>2014-06-04T09:40:19.863000Z</time>
      </trkpt>
      <trkpt lat="38.818607" lon="121.14729">
        <ele>55.19989</ele>
        <time>2014-06-04T09:40:23.036000Z</time>
      </trkpt>
      <trkpt lat="38.818607" lon="121.14729">
        <ele>55.21688</ele>
        <time>2014-06-04T09:40:26.209000Z</time>
      </trkpt>
      <trkpt lat="38.818527" lon="121.147316">
        <ele>55.16387</ele>
        <time>2014-06-04T09:40:29.382000Z</time>
      </trkpt>
      <trkpt lat="38.818424" lon="121.14732">
        <ele>55.21006</ele>
        <time>2014-06-04T09:40:32.555000Z</time>
      </trkpt>
      <trkpt lat="38.818302" lon="121.14731">
        <ele>55.63194</ele>
        <time>2014-06-04T09:40:35.728000Z</time>
      </trkpt>
      <trkpt lat="38.818188" lon="121.14731">
        <ele>56.97767</ele>
        <time>2014-06-04T09:40:38.901000Z</time>
      </trkpt>
      <trkpt lat="38.818077" lon="121.1473">
        <ele>56.880554</ele>
        <time>2014-06-04T09:40:42.074000Z</time>
      </trkpt>
      <trkpt lat="38.817963" lon="121.1473">
        <ele>56.26099</ele>
        <time>2014-06-04T09:40:45.247000Z</time>
      </trkpt>
      <trkpt lat="38.817863" lon="121.147285">
        <ele>55.458744</ele>
        <time>2014-06-04T09:40:48.420000Z</time>
      </trkpt>
      <trkpt lat="38.817753" lon="121.14728">
        <ele>54.696705</ele>
        <time>2014-06-04T09:40:51.593000Z</time>
      </trkpt>
      <trkpt lat="38.817635" lon="121.14728">
        <ele>54.188854</ele>
        <time>2014-06-04T09:40:54.766000Z</time>
      </trkpt>
      <trkpt lat="38.81753" lon="121.14728">
        <ele>53.810085</ele>
        <time>2014-06-04T09:40:57.939000Z</time>
      </trkpt>
      <trkpt lat="38.817436" lon="121.14731">
        <ele>53.2735</ele>
        <time>2014-06-04T09:41:01.112000Z</time>
      </trkpt>
      <trkpt lat="38.817345" lon="121.14736">
        <ele>52.831573</ele>
        <time>2014-06-04T09:41:04.285000Z</time>
      </trkpt>
      <trkpt lat="38.81726" lon="121.147446">
        <ele>52.777473</ele>
        <time>2014-06-04T09:41:07.458000Z</time>
      </trkpt>
      <trkpt lat="38.817196" lon="121.14756">
        <ele>52.866653</ele>
        <time>2014-06-04T09:41:10.631000Z</time>
      </trkpt>
      <trkpt lat="38.817173" lon="121.147675">
        <ele>52.77335</ele>
        <time>2014-06-04T09:41:13.804000Z</time>
      </trkpt>
      <trkpt lat="38.817165" lon="121.14779">
        <ele>52.434166</ele>
        <time>2014-06-04T09:41:16.977000Z</time>
      </trkpt>
      <trkpt lat="38.817184" lon="121.14793">
        <ele>51.76019</ele>
        <time>2014-06-04T09:41:20.150000Z</time>
      </trkpt>
      <trkpt lat="38.817215" lon="121.14804">
        <ele>50.763634</ele>
        <time>2014-06-04T09:41:23.323000Z</time>
      </trkpt>
      <trkpt lat="38.817284" lon="121.148155">
        <ele>49.869568</ele>
        <time>2014-06-04T09:41:26.496000Z</time>
      </trkpt>
      <trkpt lat="38.817356" lon="121.14823">
        <ele>49.546314</ele>
        <time>2014-06-04T09:41:29.669000Z</time>
      </trkpt>
      <trkpt lat="38.817455" lon="121.14829">
        <ele>49.988388</ele>
        <time>2014-06-04T09:41:32.842000Z</time>
      </trkpt>
      <trkpt lat="38.81756" lon="121.1483">
        <ele>50.941624</ele>
        <time>2014-06-04T09:41:36.015000Z</time>
      </trkpt>
      <trkpt lat="38.817684" lon="121.14832">
        <ele>51.507812</ele>
        <time>2014-06-04T09:41:39.188000Z</time>
      </trkpt>
      <trkpt lat="38.8178" lon="121.148315">
        <ele>51.16629</ele>
        <time>2014-06-04T09:41:42.361000Z</time>
      </trkpt>
      <trkpt lat="38.817894" lon="121.148315">
        <ele>50.01094</ele>
        <time>2014-06-04T09:41:45.534000Z</time>
      </trkpt>
      <trkpt lat="38.81801" lon="121.14831">
        <ele>48.414883</ele>
        <time>2014-06-04T09:41:48.707000Z</time>
      </trkpt>
      <trkpt lat="38.818104" lon="121.14832">
        <ele>47.53701</ele>
        <time>2014-06-04T09:41:51.880000Z</time>
      </trkpt>
      <trkpt lat="38.81822" lon="121.14834">
        <ele>48.11171</ele>
        <time>2014-06-04T09:41:55.053000Z</time>
      </trkpt>
      <trkpt lat="38.818317" lon="121.148346">
        <ele>49.21507</ele>
        <time>2014-06-04T09:41:58.226000Z</time>
      </trkpt>
      <trkpt lat="38.818424" lon="121.14832">
        <ele>50.04344</ele>
        <time>2014-06-04T09:42:01.399000Z</time>
      </trkpt>
      <trkpt lat="38.818516" lon="121.14827">
        <ele>50.990734</ele>
        <time>2014-06-04T09:42:04.572000Z</time>
      </trkpt>
      <trkpt lat="38.818596" lon="121.148186">
        <ele>52.25535</ele>
        <time>2014-06-04T09:42:07.745000Z</time>
      </trkpt>
      <trkpt lat="38.81866" lon="121.1481">
        <ele>53.06156</ele>
        <time>2014-06-04T09:42:10.918000Z</time>
      </trkpt>
      <trkpt lat="38.818714" lon="121.14796">
        <ele>52.751225</ele>
        <time>2014-06-04T09:42:14.091000Z</time>
      </trkpt>
      <trkpt lat="38.818737" lon="121.14784">
        <ele>51.69524</ele>
        <time>2014-06-04T09:42:17.264000Z</time>
      </trkpt>
      <trkpt lat="38.81871" lon="121.14768">
        <ele>50.61997</ele>
        <time>2014-06-04T09:42:20.437000Z</time>
      </trkpt>
      <trkpt lat="38.818665" lon="121.14756">
        <ele>49.92176</ele>
        <time>2014-06-04T09:42:23.610000Z</time>
      </trkpt>
      <trkpt lat="38.81858" lon="121.147446">
        <ele>50.244164</ele>
        <time>2014-06-04T09:42:26.783000Z</time>
      </trkpt>
      <trkpt lat="38.818478" lon="121.14736">
        <ele>51.79879</ele>
        <time>2014-06-04T09:42:29.956000Z</time>
      </trkpt>
      <trkpt lat="38.818382" lon="121.14732">
        <ele>53.353737</ele>
        <time>2014-06-04T09:42:33.129000Z</time>
      </trkpt>
      <trkpt lat="38.81826" lon="121.14732">
        <ele>53.76849</ele>
        <time>2014-06-04T09:42:36.302000Z</time>
      </trkpt>
      <trkpt lat="38.818153" lon="121.14732">
        <ele>53.087715</ele>
        <time>2014-06-04T09:42:39.475000Z</time>
      </trkpt>
      <trkpt lat="38.818058" lon="121.14732">
        <ele>51.78128</ele>
        <time>2014-06-04T09:42:42.648000Z</time>
      </trkpt>
      <trkpt lat="38.817936" lon="121.14732">
        <ele>50.644917</ele>
        <time>2014-06-04T09:42:45.821000Z</time>
      </trkpt>
      <trkpt lat="38.817844" lon="121.147316">
        <ele>50.183907</ele>
        <time>2014-06-04T09:42:48.994000Z</time>
      </trkpt>
      <trkpt lat="38.817745" lon="121.147316">
        <ele>50.148743</ele>
        <time>2014-06-04T09:42:52.167000Z</time>
      </trkpt>
      <trkpt lat="38.817642" lon="121.147316">
        <ele>50.198875</ele>
        <time>2014-06-04T09:42:55.340000Z</time>
      </trkpt>
      <trkpt lat="38.81755" lon="121.14731">
        <ele>50.38892</ele>
        <time>2014-06-04T09:42:58.513000Z</time>
      </trkpt>
      <trkpt lat="38.817436" lon="121.14732">
        <ele>50.78121</ele>
        <time>2014-06-04T09:43:01.686000Z</time>
      </trkpt>
      <trkpt lat="38.817345" lon="121.147385">
        <ele>50.653385</ele>
        <time>2014-06-04T09:43:04.859000Z</time>
      </trkpt>
      <trkpt lat="38.817265" lon="121.14745">
        <ele>49.49884</ele>
        <time>2014-06-04T09:43:08.032000Z</time>
      </trkpt>
      <trkpt lat="38.8172" lon="121.147545">
        <ele>48.592594</ele>
        <time>2014-06-04T09:43:11.205000Z</time>
      </trkpt>
      <trkpt lat="38.817177" lon="121.14769">
        <ele>49.048748</ele>
        <time>2014-06-04T09:43:14.378000Z</time>
      </trkpt>
      <trkpt lat="38.817165" lon="121.147835">
        <ele>49.89595</ele>
        <time>2014-06-04T09:43:17.551000Z</time>
      </trkpt>
      <trkpt lat="38.817192" lon="121.147964">
        <ele>50.050087</ele>
        <time>2014-06-04T09:43:20.724000Z</time>
      </trkpt>
      <trkpt lat="38.817234" lon="121.14809">
        <ele>49.73408</ele>
        <time>2014-06-04T09:43:23.897000Z</time>
      </trkpt>
      <trkpt lat="38.817303" lon="121.14818">
        <ele>49.43938</ele>
        <time>2014-06-04T09:43:27.070000Z</time>
      </trkpt>
      <trkpt lat="38.81737" lon="121.148254">
        <ele>49.28343</ele>
        <time>2014-06-04T09:43:30.243000Z</time>
      </trkpt>
      <trkpt lat="38.817463" lon="121.14829">
        <ele>49.491116</ele>
        <time>2014-06-04T09:43:33.416000Z</time>
      </trkpt>
      <trkpt lat="38.81759" lon="121.14831">
        <ele>50.162567</ele>
        <time>2014-06-04T09:43:36.589000Z</time>
      </trkpt>
      <trkpt lat="38.81769" lon="121.148315">
        <ele>50.71563</ele>
        <time>2014-06-04T09:43:39.762000Z</time>
      </trkpt>
      <trkpt lat="38.817783" lon="121.148315">
        <ele>50.66687</ele>
        <time>2014-06-04T09:43:42.935000Z</time>
      </trkpt>
      <trkpt lat="38.81789" lon="121.14832">
        <ele>50.306454</ele>
        <time>2014-06-04T09:43:46.108000Z</time>
      </trkpt>
      <trkpt lat="38.818005" lon="121.14834">
        <ele>50.0167</ele>
        <time>2014-06-04T09:43:49.281000Z</time>
      </trkpt>
      <trkpt lat="38.8181" lon="121.14834">
        <ele>49.907436</ele>
        <time>2014-06-04T09:43:52.454000Z</time>
      </trkpt>
      <trkpt lat="38.8182" lon="121.14834">
        <ele>49.950115</ele>
        <time>2014-06-04T09:43:55.627000Z</time>
      </trkpt>
      <trkpt lat="38.81829" lon="121.148346">
        <ele>49.960903</ele>
        <time>2014-06-04T09:43:58.800000Z</time>
      </trkpt>
      <trkpt lat="38.818394" lon="121.14833">
        <ele>49.78544</ele>
        <time>2014-06-04T09:44:01.973000Z</time>
      </trkpt>
      <trkpt lat="38.818478" lon="121.148285">
        <ele>49.17606</ele>
        <time>2014-06-04T09:44:05.146000Z</time>
      </trkpt>
      <trkpt lat="38.81857" lon="121.14821">
        <ele>48.047523</ele>
        <time>2014-06-04T09:44:08.319000Z</time>
      </trkpt>
      <trkpt lat="38.818638" lon="121.148125">
        <ele>46.92389</ele>
        <time>2014-06-04T09:44:11.492000Z</time>
      </trkpt>
      <trkpt lat="38.818703" lon="121.148">
        <ele>46.09481</ele>
        <time>2014-06-04T09:44:14.665000Z</time>
      </trkpt>
      <trkpt lat="38.818737" lon="121.14788">
        <ele>45.334003</ele>
        <time>2014-06-04T09:44:17.838000Z</time>
      </trkpt>
      <trkpt lat="38.81873" lon="121.147766">
        <ele>45.10106</ele>
        <time>2014-06-04T09:44:21.011000Z</time>
      </trkpt>
      <trkpt lat="38.8187" lon="121.147644">
        <ele>46.062397</ele>
        <time>2014-06-04T09:44:24.184000Z</time>
      </trkpt>
      <trkpt lat="38.818653" lon="121.14753">
        <ele>47.70459</ele>
        <time>2014-06-04T09:44:27.357000Z</time>
      </trkpt>
      <trkpt lat="38.81858" lon="121.14744">
        <ele>49.097908</ele>
        <time>2014-06-04T09:44:30.530000Z</time>
      </trkpt>
      <trkpt lat="38.81848" lon="121.14736">
        <ele>50.365177</ele>
        <time>2014-06-04T09:44:33.703000Z</time>
      </trkpt>
      <trkpt lat="38.818382" lon="121.14733">
        <ele>51.741287</ele>
        <time>2014-06-04T09:44:36.876000Z</time>
      </trkpt>
      <trkpt lat="38.818268" lon="121.14732">
        <ele>52.75143</ele>
        <time>2014-06-04T09:44:40.049000Z</time>
      </trkpt>
      <trkpt lat="38.81816" lon="121.14732">
        <ele>53.216873</ele>
        <time>2014-06-04T09:44:43.222000Z</time>
      </trkpt>
      <trkpt lat="38.81805" lon="121.14732">
        <ele>53.42442</ele>
        <time>2014-06-04T09:44:46.395000Z</time>
      </trkpt>
      <trkpt lat="38.81794" lon="121.147316">
        <ele>53.195652</ele>
        <time>2014-06-04T09:44:49.568000Z</time>
      </trkpt>
      <trkpt lat="38.817814" lon="121.14732">
        <ele>52.414135</ele>
        <time>2014-06-04T09:44:52.741000Z</time>
      </trkpt>
      <trkpt lat="38.817707" lon="121.147316">
        <ele>51.85213</ele>
        <time>2014-06-04T09:44:55.914000Z</time>
      </trkpt>
      <trkpt lat="38.81759" lon="121.1473">
        <ele>52.129345</ele>
        <time>2014-06-04T09:44:59.087000Z</time>
      </trkpt>
      <trkpt lat="38.817497" lon="121.1473">
        <ele>52.51069</ele>
        <time>2014-06-04T09:45:02.260000Z</time>
      </trkpt>
      <trkpt lat="38.817413" lon="121.14735">
        <ele>52.220448</ele>
        <time>2014-06-04T09:45:05.433000Z</time>
      </trkpt>
      <trkpt lat="38.81732" lon="121.1474">
        <ele>51.52131</ele>
        <time>2014-06-04T09:45:08.606000Z</time>
      </trkpt>
      <trkpt lat="38.81724" lon="121.14749">
        <ele>50.94169</ele>
        <time>2014-06-04T09:45:11.779000Z</time>
      </trkpt>
      <trkpt lat="38.817192" lon="121.14761">
        <ele>50.652596</ele>
        <time>2014-06-04T09:45:14.952000Z</time>
      </trkpt>
      <trkpt lat="38.817177" lon="121.147736">
        <ele>50.75565</ele>
        <time>2014-06-04T09:45:18.125000Z</time>
      </trkpt>
      <trkpt lat="38.817177" lon="121.14786">
        <ele>51.198162</ele>
        <time>2014-06-04T09:45:21.298000Z</time>
      </trkpt>
      <trkpt lat="38.8172" lon="121.148">
        <ele>51.64942</ele>
        <time>2014-06-04T09:45:24.471000Z</time>
      </trkpt>
      <trkpt lat="38.817238" lon="121.14811">
        <ele>51.873386</ele>
        <time>2014-06-04T09:45:27.644000Z</time>
      </trkpt>
      <trkpt lat="38.817314" lon="121.14821">
        <ele>51.93307</ele>
        <time>2014-06-04T09:45:30.817000Z</time>
      </trkpt>
      <trkpt lat="38.817425" lon="121.14827">
        <ele>51.924854</ele>
        <time>2014-06-04T09:45:33.990000Z</time>
      </trkpt>
      <trkpt lat="38.817535" lon="121.1483">
        <ele>51.866505</ele>
        <time>2014-06-04T09:45:37.163000Z</time>
      </trkpt>
      <trkpt lat="38.817635" lon="121.14831">
        <ele>51.847515</ele>
        <time>2014-06-04T09:45:40.336000Z</time>
      </trkpt>
      <trkpt lat="38.81775" lon="121.1483">
        <ele>52.040375</ele>
        <time>2014-06-04T09:45:43.509000Z</time>
      </trkpt>
      <trkpt lat="38.817844" lon="121.1483">
        <ele>52.602184</ele>
        <time>2014-06-04T09:45:46.682000Z</time>
      </trkpt>
      <trkpt lat="38.817966" lon="121.148315">
        <ele>53.415554</ele>
        <time>2014-06-04T09:45:49.855000Z</time>
      </trkpt>
      <trkpt lat="38.81809" lon="121.14833">
        <ele>53.850925</ele>
        <time>2014-06-04T09:45:53.028000Z</time>
      </trkpt>
      <trkpt lat="38.81818" lon="121.14834">
        <ele>53.4985</ele>
        <time>2014-06-04T09:45:56.201000Z</time>
      </trkpt>
      <trkpt lat="38.8183" lon="121.14834">
        <ele>52.821033</ele>
        <time>2014-06-04T09:45:59.374000Z</time>
      </trkpt>
      <trkpt lat="38.818398" lon="121.14833">
        <ele>52.70947</ele>
        <time>2014-06-04T09:46:02.547000Z</time>
      </trkpt>
      <trkpt lat="38.81849" lon="121.1483">
        <ele>53.43535</ele>
        <time>2014-06-04T09:46:05.720000Z</time>
      </trkpt>
      <trkpt lat="38.818565" lon="121.14823">
        <ele>54.31188</ele>
        <time>2014-06-04T09:46:08.893000Z</time>
      </trkpt>
      <trkpt lat="38.81864" lon="121.14812">
        <ele>53.939274</ele>
        <time>2014-06-04T09:46:12.066000Z</time>
      </trkpt>
      <trkpt lat="38.818687" lon="121.14802">
        <ele>51.96385</ele>
        <time>2014-06-04T09:46:15.239000Z</time>
      </trkpt>
      <trkpt lat="38.81872" lon="121.147896">
        <ele>49.73642</ele>
        <time>2014-06-04T09:46:18.412000Z</time>
      </trkpt>
      <trkpt lat="38.81873" lon="121.14774">
        <ele>48.486614</ele>
        <time>2014-06-04T09:46:21.585000Z</time>
      </trkpt>
      <trkpt lat="38.818707" lon="121.14761">
        <ele>48.136112</ele>
        <time>2014-06-04T09:46:24.758000Z</time>
      </trkpt>
      <trkpt lat="38.81865" lon="121.14751">
        <ele>48.28279</ele>
        <time>2014-06-04T09:46:27.931000Z</time>
      </trkpt>
      <trkpt lat="38.818573" lon="121.147415">
        <ele>48.99087</ele>
        <time>2014-06-04T09:46:31.104000Z</time>
      </trkpt>
      <trkpt lat="38.818497" lon="121.147354">
        <ele>50.39496</ele>
        <time>2014-06-04T09:46:34.277000Z</time>
      </trkpt>
      <trkpt lat="38.818386" lon="121.147316">
        <ele>51.751804</ele>
        <time>2014-06-04T09:46:37.450000Z</time>
      </trkpt>
      <trkpt lat="38.818264" lon="121.14731">
        <ele>52.323334</ele>
        <time>2014-06-04T09:46:40.623000Z</time>
      </trkpt>
      <trkpt lat="38.818176" lon="121.14729">
        <ele>52.302975</ele>
        <time>2014-06-04T09:46:43.796000Z</time>
      </trkpt>
      <trkpt lat="38.81807" lon="121.14729">
        <ele>52.188072</ele>
        <time>2014-06-04T09:46:46.969000Z</time>
      </trkpt>
      <trkpt lat="38.817966" lon="121.14729">
        <ele>52.406006</ele>
        <time>2014-06-04T09:46:50.142000Z</time>
      </trkpt>
      <trkpt lat="38.81786" lon="121.14729">
        <ele>53.001877</ele>
        <time>2014-06-04T09:46:53.315000Z</time>
      </trkpt>
      <trkpt lat="38.817753" lon="121.147285">
        <ele>53.635612</ele>
        <time>2014-06-04T09:46:56.488000Z</time>
      </trkpt>
      <trkpt lat="38.817657" lon="121.14728">
        <ele>53.999348</ele>
        <time>2014-06-04T09:46:59.661000Z</time>
      </trkpt>
      <trkpt lat="38.81754" lon="121.14727">
        <ele>54.036385</ele>
        <time>2014-06-04T09:47:02.834000Z</time>
      </trkpt>
      <trkpt lat="38.81744" lon="121.14731">
        <ele>53.651627</ele>
        <time>2014-06-04T09:47:06.007000Z</time>
      </trkpt>
      <trkpt lat="38.81734" lon="121.14737">
        <ele>52.90165</ele>
        <time>2014-06-04T09:47:09.180000Z</time>
      </trkpt>
      <trkpt lat="38.817253" lon="121.14747">
        <ele>52.336052</ele>
        <time>2014-06-04T09:47:12.353000Z</time>
      </trkpt>
      <trkpt lat="38.817192" lon="121.14759">
        <ele>52.368397</ele>
        <time>2014-06-04T09:47:15.526000Z</time>
      </trkpt>
      <trkpt lat="38.817165" lon="121.14771">
        <ele>52.68556</ele>
        <time>2014-06-04T09:47:18.699000Z</time>
      </trkpt>
      <trkpt lat="38.817165" lon="121.147835">
        <ele>52.775646</ele>
        <time>2014-06-04T09:47:21.872000Z</time>
      </trkpt>
      <trkpt lat="38.81719" lon="121.147964">
        <ele>52.350964</ele>
        <time>2014-06-04T09:47:25.045000Z</time>
      </trkpt>
      <trkpt lat="38.817238" lon="121.14808">
        <ele>51.52417</ele>
        <time>2014-06-04T09:47:28.218000Z</time>
      </trkpt>
      <trkpt lat="38.817307" lon="121.14817">
        <ele>50.73946</ele>
        <time>2014-06-04T09:47:31.391000Z</time>
      </trkpt>
      <trkpt lat="38.817383" lon="121.14825">
        <ele>50.138847</ele>
        <time>2014-06-04T09:47:34.564000Z</time>
      </trkpt>
      <trkpt lat="38.81747" lon="121.1483">
        <ele>49.505157</ele>
        <time>2014-06-04T09:47:37.737000Z</time>
      </trkpt>
      <trkpt lat="38.81759" lon="121.14831">
        <ele>48.952827</ele>
        <time>2014-06-04T09:47:40.910000Z</time>
      </trkpt>
      <trkpt lat="38.817688" lon="121.14831">
        <ele>49.26719</ele>
        <time>2014-06-04T09:47:44.083000Z</time>
      </trkpt>
      <trkpt lat="38.817787" lon="121.148315">
        <ele>50.750225</ele>
        <time>2014-06-04T09:47:47.256000Z</time>
      </trkpt>
      <trkpt lat="38.817898" lon="121.14832">
        <ele>52.480255</ele>
        <time>2014-06-04T09:47:50.429000Z</time>
      </trkpt>
      <trkpt lat="38.817993" lon="121.14832">
        <ele>53.48656</ele>
        <time>2014-06-04T09:47:53.602000Z</time>
      </trkpt>
      <trkpt lat="38.818085" lon="121.14832">
        <ele>53.655888</ele>
        <time>2014-06-04T09:47:56.775000Z</time>
      </trkpt>
      <trkpt lat="38.818172" lon="121.14833">
        <ele>53.317375</ele>
        <time>2014-06-04T09:47:59.948000Z</time>
      </trkpt>
      <trkpt lat="38.81827" lon="121.14834">
        <ele>52.96632</ele>
        <time>2014-06-04T09:48:03.121000Z</time>
      </trkpt>
      <trkpt lat="38.818367" lon="121.14834">
        <ele>52.8885</ele>
        <time>2014-06-04T09:48:06.294000Z</time>
      </trkpt>
      <trkpt lat="38.81846" lon="121.14831">
        <ele>53.090187</ele>
        <time>2014-06-04T09:48:09.467000Z</time>
      </trkpt>
      <trkpt lat="38.81855" lon="121.148254">
        <ele>53.561462</ele>
        <time>2014-06-04T09:48:12.640000Z</time>
      </trkpt>
      <trkpt lat="38.818623" lon="121.14816">
        <ele>54.137608</ele>
        <time>2014-06-04T09:48:15.813000Z</time>
      </trkpt>
      <trkpt lat="38.818684" lon="121.14805">
        <ele>54.5181</ele>
        <time>2014-06-04T09:48:18.986000Z</time>
      </trkpt>
      <trkpt lat="38.81872" lon="121.147934">
        <ele>53.899197</ele>
        <time>2014-06-04T09:48:22.159000Z</time>
      </trkpt>
      <trkpt lat="38.81873" lon="121.14781">
        <ele>51.974457</ele>
        <time>2014-06-04T09:48:25.332000Z</time>
      </trkpt>
      <trkpt lat="38.818718" lon="121.147675">
        <ele>50.09428</ele>
        <time>2014-06-04T09:48:28.505000Z</time>
      </trkpt>
      <trkpt lat="38.818676" lon="121.14757">
        <ele>49.442368</ele>
        <time>2014-06-04T09:48:31.678000Z</time>
      </trkpt>
      <trkpt lat="38.818615" lon="121.14748">
        <ele>49.603104</ele>
        <time>2014-06-04T09:48:34.851000Z</time>
      </trkpt>
      <trkpt lat="38.818523" lon="121.147385">
        <ele>49.8973</ele>
        <time>2014-06-04T09:48:38.024000Z</time>
      </trkpt>
      <trkpt lat="38.81843" lon="121.14734">
        <ele>50.255898</ele>
        <time>2014-06-04T09:48:41.197000Z</time>
      </trkpt>
      <trkpt lat="38.81833" lon="121.147316">
        <ele>50.82834</ele>
        <time>2014-06-04T09:48:44.370000Z</time>
      </trkpt>
      <trkpt lat="38.818226" lon="121.14731">
        <ele>51.448273</ele>
        <time>2014-06-04T09:48:47.543000Z</time>
      </trkpt>
      <trkpt lat="38.818108" lon="121.14731">
        <ele>51.86818</ele>
        <time>2014-06-04T09:48:50.716000Z</time>
      </trkpt>
      <trkpt lat="38.817993" lon="121.1473">
        <ele>52.061146</ele>
        <time>2014-06-04T09:48:53.889000Z</time>
      </trkpt>
      <trkpt lat="38.817894" lon="121.1473">
        <ele>52.000763</ele>
        <time>2014-06-04T09:48:57.062000Z</time>
      </trkpt>
      <trkpt lat="38.817776" lon="121.14729">
        <ele>51.720997</ele>
        <time>2014-06-04T09:49:00.235000Z</time>
      </trkpt>
      <trkpt lat="38.81768" lon="121.14728">
        <ele>51.404278</ele>
        <time>2014-06-04T09:49:03.408000Z</time>
      </trkpt>
      <trkpt lat="38.81756" lon="121.14727">
        <ele>51.334984</ele>
        <time>2014-06-04T09:49:06.581000Z</time>
      </trkpt>
      <trkpt lat="38.81747" lon="121.14729">
        <ele>51.575985</ele>
        <time>2014-06-04T09:49:09.754000Z</time>
      </trkpt>
      <trkpt lat="38.81737" lon="121.14735">
        <ele>51.646286</ele>
        <time>2014-06-04T09:49:12.927000Z</time>
      </trkpt>
      <trkpt lat="38.817295" lon="121.147415">
        <ele>51.18554</ele>
        <time>2014-06-04T09:49:16.100000Z</time>
      </trkpt>
      <trkpt lat="38.817226" lon="121.14753">
        <ele>50.58348</ele>
        <time>2014-06-04T09:49:19.273000Z</time>
      </trkpt>
      <trkpt lat="38.817184" lon="121.14765">
        <ele>50.446556</ele>
        <time>2014-06-04T09:49:22.446000Z</time>
      </trkpt>
      <trkpt lat="38.81717" lon="121.14777">
        <ele>50.833088</ele>
        <time>2014-06-04T09:49:25.619000Z</time>
      </trkpt>
      <trkpt lat="38.817184" lon="121.14791">
        <ele>51.315224</ele>
        <time>2014-06-04T09:49:28.792000Z</time>
      </trkpt>
      <trkpt lat="38.81721" lon="121.14804">
        <ele>51.18436</ele>
        <time>2014-06-04T09:49:31.965000Z</time>
      </trkpt>
      <trkpt lat="38.817265" lon="121.14814">
        <ele>50.233807</ele>
        <time>2014-06-04T09:49:35.138000Z</time>
      </trkpt>
      <trkpt lat="38.81736" lon="121.14823">
        <ele>49.07367</ele>
        <time>2014-06-04T09:49:38.311000Z</time>
      </trkpt>
      <trkpt lat="38.817444" lon="121.148285">
        <ele>48.39295</ele>
        <time>2014-06-04T09:49:41.484000Z</time>
      </trkpt>
      <trkpt lat="38.817543" lon="121.148315">
        <ele>48.287476</ele>
        <time>2014-06-04T09:49:44.657000Z</time>
      </trkpt>
      <trkpt lat="38.817635" lon="121.14832">
        <ele>48.514896</ele>
        <time>2014-06-04T09:49:47.830000Z</time>
      </trkpt>
      <trkpt lat="38.817734" lon="121.14831">
        <ele>48.85317</ele>
        <time>2014-06-04T09:49:51.003000Z</time>
      </trkpt>
      <trkpt lat="38.817844" lon="121.14832">
        <ele>49.234062</ele>
        <time>2014-06-04T09:49:54.176000Z</time>
      </trkpt>
      <trkpt lat="38.81796" lon="121.14832">
        <ele>49.494835</ele>
        <time>2014-06-04T09:49:57.349000Z</time>
      </trkpt>
      <trkpt lat="38.818054" lon="121.14834">
        <ele>49.355038</ele>
        <time>2014-06-04T09:50:00.522000Z</time>
      </trkpt>
      <trkpt lat="38.81815" lon="121.14834">
        <ele>48.998478</ele>
        <time>2014-06-04T09:50:03.695000Z</time>
      </trkpt>
      <trkpt lat="38.818253" lon="121.14833">
        <ele>49.039146</ele>
        <time>2014-06-04T09:50:06.868000Z</time>
      </trkpt>
      <trkpt lat="38.81835" lon="121.14833">
        <ele>49.704384</ele>
        <time>2014-06-04T09:50:10.041000Z</time>
      </trkpt>
      <trkpt lat="38.818474" lon="121.1483">
        <ele>50.466503</ele>
        <time>2014-06-04T09:50:13.214000Z</time>
      </trkpt>
      <trkpt lat="38.818565" lon="121.14823">
        <ele>50.90176</ele>
        <time>2014-06-04T09:50:16.387000Z</time>
      </trkpt>
      <trkpt lat="38.81864" lon="121.148125">
        <ele>50.997406</ele>
        <time>2014-06-04T09:50:19.560000Z</time>
      </trkpt>
      <trkpt lat="38.818687" lon="121.14801">
        <ele>50.855637</ele>
        <time>2014-06-04T09:50:22.733000Z</time>
      </trkpt>
      <trkpt lat="38.818714" lon="121.14787">
        <ele>50.612663</ele>
        <time>2014-06-04T09:50:25.906000Z</time>
      </trkpt>
      <trkpt lat="38.818718" lon="121.147736">
        <ele>50.529903</ele>
        <time>2014-06-04T09:50:29.079000Z</time>
      </trkpt>
      <trkpt lat="38.81869" lon="121.14761">
        <ele>50.657963</ele>
        <time>2014-06-04T09:50:32.252000Z</time>
      </trkpt>
      <trkpt lat="38.818638" lon="121.14751">
        <ele>51.00757</ele>
        <time>2014-06-04T09:50:35.425000Z</time>
      </trkpt>
      <trkpt lat="38.81856" lon="121.14742">
        <ele>51.63737</ele>
        <time>2014-06-04T09:50:38.598000Z</time>
      </trkpt>
      <trkpt lat="38.818466" lon="121.14737">
        <ele>52.35889</ele>
        <time>2014-06-04T09:50:41.771000Z</time>
      </trkpt>
      <trkpt lat="38.818356" lon="121.14732">
        <ele>52.55747</ele>
        <time>2014-06-04T09:50:44.944000Z</time>
      </trkpt>
      <trkpt lat="38.818256" lon="121.14729">
        <ele>52.011272</ele>
        <time>2014-06-04T09:50:48.117000Z</time>
      </trkpt>
      <trkpt lat="38.818146" lon="121.14728">
        <ele>51.27694</ele>
        <time>2014-06-04T09:50:51.290000Z</time>
      </trkpt>
      <trkpt lat="38.818047" lon="121.14728">
        <ele>50.889534</ele>
        <time>2014-06-04T09:50:54.463000Z</time>
      </trkpt>
      <trkpt lat="38.81795" lon="121.14727">
        <ele>50.837833</ele>
        <time>2014-06-04T09:50:57.636000Z</time>
      </trkpt>
      <trkpt lat="38.817825" lon="121.14727">
        <ele>50.93858</ele>
        <time>2014-06-04T09:51:00.809000Z</time>
      </trkpt>
      <trkpt lat="38.817707" lon="121.14727">
        <ele>51.030693</ele>
        <time>2014-06-04T09:51:03.982000Z</time>
      </trkpt>
      <trkpt lat="38.8176" lon="121.14726">
        <ele>51.056152</ele>
        <time>2014-06-04T09:51:07.155000Z</time>
      </trkpt>
      <trkpt lat="38.817493" lon="121.14727">
        <ele>51.040894</ele>
        <time>2014-06-04T09:51:10.328000Z</time>
      </trkpt>
      <trkpt lat="38.817375" lon="121.14732">
        <ele>50.90171</ele>
        <time>2014-06-04T09:51:13.501000Z</time>
      </trkpt>
      <trkpt lat="38.8173" lon="121.14739">
        <ele>50.524036</ele>
        <time>2014-06-04T09:51:16.674000Z</time>
      </trkpt>
      <trkpt lat="38.817226" lon="121.14749">
        <ele>50.058815</ele>
        <time>2014-06-04T09:51:19.847000Z</time>
      </trkpt>
      <trkpt lat="38.817184" lon="121.1476">
        <ele>49.76239</ele>
        <time>2014-06-04T09:51:23.020000Z</time>
      </trkpt>
      <trkpt lat="38.817165" lon="121.14772">
        <ele>49.481964</ele>
        <time>2014-06-04T09:51:26.193000Z</time>
      </trkpt>
      <trkpt lat="38.817158" lon="121.147835">
        <ele>48.873455</ele>
        <time>2014-06-04T09:51:29.366000Z</time>
      </trkpt>
      <trkpt lat="38.817177" lon="121.14795">
        <ele>48.06493</ele>
        <time>2014-06-04T09:51:32.539000Z</time>
      </trkpt>
      <trkpt lat="38.817223" lon="121.14808">
        <ele>47.870014</ele>
        <time>2014-06-04T09:51:35.712000Z</time>
      </trkpt>
      <trkpt lat="38.81729" lon="121.14817">
        <ele>48.638626</ele>
        <time>2014-06-04T09:51:38.885000Z</time>
      </trkpt>
      <trkpt lat="38.81738" lon="121.14823">
        <ele>49.613327</ele>
        <time>2014-06-04T09:51:42.058000Z</time>
      </trkpt>
      <trkpt lat="38.81747" lon="121.148285">
        <ele>50.074562</ele>
        <time>2014-06-04T09:51:45.231000Z</time>
      </trkpt>
      <trkpt lat="38.817566" lon="121.1483">
        <ele>50.168087</ele>
        <time>2014-06-04T09:51:48.404000Z</time>
      </trkpt>
      <trkpt lat="38.817657" lon="121.148315">
        <ele>50.247044</ele>
        <time>2014-06-04T09:51:51.577000Z</time>
      </trkpt>
      <trkpt lat="38.817772" lon="121.148315">
        <ele>50.709972</ele>
        <time>2014-06-04T09:51:54.750000Z</time>
      </trkpt>
      <trkpt lat="38.817875" lon="121.148315">
        <ele>51.750385</ele>
        <time>2014-06-04T09:51:57.923000Z</time>
      </trkpt>
      <trkpt lat="38.817978" lon="121.148315">
        <ele>52.91907</ele>
        <time>2014-06-04T09:52:01.096000Z</time>
      </trkpt>
      <trkpt lat="38.818077" lon="121.148315">
        <ele>53.226437</ele>
        <time>2014-06-04T09:52:04.269000Z</time>
      </trkpt>
      <trkpt lat="38.818176" lon="121.14832">
        <ele>52.30976</ele>
        <time>2014-06-04T09:52:07.442000Z</time>
      </trkpt>
      <trkpt lat="38.81827" lon="121.14832">
        <ele>51.066006</ele>
        <time>2014-06-04T09:52:10.615000Z</time>
      </trkpt>
      <trkpt lat="38.81837" lon="121.14832">
        <ele>50.472195</ele>
        <time>2014-06-04T09:52:13.788000Z</time>
      </trkpt>
      <trkpt lat="38.818466" lon="121.1483">
        <ele>50.514744</ele>
        <time>2014-06-04T09:52:16.961000Z</time>
      </trkpt>
      <trkpt lat="38.81856" lon="121.14823">
        <ele>50.918365</ele>
        <time>2014-06-04T09:52:20.134000Z</time>
      </trkpt>
      <trkpt lat="38.81864" lon="121.14813">
        <ele>51.484825</ele>
        <time>2014-06-04T09:52:23.307000Z</time>
      </trkpt>
      <trkpt lat="38.818687" lon="121.14802">
        <ele>51.927803</ele>
        <time>2014-06-04T09:52:26.480000Z</time>
      </trkpt>
      <trkpt lat="38.81871" lon="121.14789">
        <ele>52.538662</ele>
        <time>2014-06-04T09:52:29.653000Z</time>
      </trkpt>
      <trkpt lat="38.818714" lon="121.147766">
        <ele>53.67799</ele>
        <time>2014-06-04T09:52:32.826000Z</time>
      </trkpt>
      <trkpt lat="38.8187" lon="121.14764">
        <ele>54.69659</ele>
        <time>2014-06-04T09:52:35.999000Z</time>
      </trkpt>
      <trkpt lat="38.81866" lon="121.14752">
        <ele>54.49547</ele>
        <time>2014-06-04T09:52:39.172000Z</time>
      </trkpt>
      <trkpt lat="38.818573" lon="121.1474">
        <ele>53.101223</ele>
        <time>2014-06-04T09:52:42.345000Z</time>
      </trkpt>
      <trkpt lat="38.81848" lon="121.14734">
        <ele>51.633446</ele>
        <time>2014-06-04T09:52:45.518000Z</time>
      </trkpt>
      <trkpt lat="38.818382" lon="121.1473">
        <ele>50.899086</ele>
        <time>2014-06-04T09:52:48.691000Z</time>
      </trkpt>
      <trkpt lat="38.81826" lon="121.14729">
        <ele>50.75002</ele>
        <time>2014-06-04T09:52:51.864000Z</time>
      </trkpt>
      <trkpt lat="38.81814" lon="121.14728">
        <ele>50.88621</ele>
        <time>2014-06-04T09:52:55.037000Z</time>
      </trkpt>
      <trkpt lat="38.818016" lon="121.14728">
        <ele>51.161</ele>
        <time>2014-06-04T09:52:58.210000Z</time>
      </trkpt>
      <trkpt lat="38.81791" lon="121.14727">
        <ele>51.41695</ele>
        <time>2014-06-04T09:53:01.383000Z</time>
      </trkpt>
      <trkpt lat="38.817802" lon="121.14727">
        <ele>51.536407</ele>
        <time>2014-06-04T09:53:04.556000Z</time>
      </trkpt>
      <trkpt lat="38.81769" lon="121.14727">
        <ele>51.591064</ele>
        <time>2014-06-04T09:53:07.729000Z</time>
      </trkpt>
      <trkpt lat="38.817596" lon="121.14727">
        <ele>51.647884</ele>
        <time>2014-06-04T09:53:10.902000Z</time>
      </trkpt>
      <trkpt lat="38.8175" lon="121.14728">
        <ele>51.67424</ele>
        <time>2014-06-04T09:53:14.075000Z</time>
      </trkpt>
      <trkpt lat="38.817413" lon="121.1473">
        <ele>51.806164</ele>
        <time>2014-06-04T09:53:17.248000Z</time>
      </trkpt>
      <trkpt lat="38.81732" lon="121.14738">
        <ele>51.912678</ele>
        <time>2014-06-04T09:53:20.421000Z</time>
      </trkpt>
      <trkpt lat="38.817238" lon="121.14748">
        <ele>51.669434</ele>
        <time>2014-06-04T09:53:23.594000Z</time>
      </trkpt>
      <trkpt lat="38.81719" lon="121.147575">
        <ele>51.226498</ele>
        <time>2014-06-04T09:53:26.767000Z</time>
      </trkpt>
      <trkpt lat="38.817158" lon="121.147705">
        <ele>50.955894</ele>
        <time>2014-06-04T09:53:29.940000Z</time>
      </trkpt>
      <trkpt lat="38.817173" lon="121.147835">
        <ele>50.874924</ele>
        <time>2014-06-04T09:53:33.113000Z</time>
      </trkpt>
      <trkpt lat="38.817196" lon="121.147964">
        <ele>50.750595</ele>
        <time>2014-06-04T09:53:36.286000Z</time>
      </trkpt>
      <trkpt lat="38.817245" lon="121.148094">
        <ele>50.419823</ele>
        <time>2014-06-04T09:53:39.459000Z</time>
      </trkpt>
      <trkpt lat="38.817318" lon="121.1482">
        <ele>50.245792</ele>
        <time>2014-06-04T09:53:42.632000Z</time>
      </trkpt>
      <trkpt lat="38.81741" lon="121.14827">
        <ele>50.75977</ele>
        <time>2014-06-04T09:53:45.805000Z</time>
      </trkpt>
      <trkpt lat="38.81751" lon="121.14831">
        <ele>51.77855</ele>
        <time>2014-06-04T09:53:48.978000Z</time>
      </trkpt>
      <trkpt lat="38.8176" lon="121.14831">
        <ele>52.636124</ele>
        <time>2014-06-04T09:53:52.151000Z</time>
      </trkpt>
      <trkpt lat="38.817722" lon="121.148315">
        <ele>53.028614</ele>
        <time>2014-06-04T09:53:55.324000Z</time>
      </trkpt>
      <trkpt lat="38.817825" lon="121.14832">
        <ele>52.679214</ele>
        <time>2014-06-04T09:53:58.497000Z</time>
      </trkpt>
      <trkpt lat="38.817924" lon="121.14834">
        <ele>51.52534</ele>
        <time>2014-06-04T09:54:01.670000Z</time>
      </trkpt>
      <trkpt lat="38.81802" lon="121.148346">
        <ele>51.30039</ele>
        <time>2014-06-04T09:54:04.843000Z</time>
      </trkpt>
      <trkpt lat="38.81813" lon="121.14833">
        <ele>53.24558</ele>
        <time>2014-06-04T09:54:08.016000Z</time>
      </trkpt>
      <trkpt lat="38.818233" lon="121.14834">
        <ele>55.18664</ele>
        <time>2014-06-04T09:54:11.189000Z</time>
      </trkpt>
      <trkpt lat="38.81832" lon="121.14836">
        <ele>54.990337</ele>
        <time>2014-06-04T09:54:14.362000Z</time>
      </trkpt>
      <trkpt lat="38.818436" lon="121.14835">
        <ele>53.668858</ele>
        <time>2014-06-04T09:54:17.535000Z</time>
      </trkpt>
      <trkpt lat="38.818542" lon="121.148285">
        <ele>53.189037</ele>
        <time>2014-06-04T09:54:20.708000Z</time>
      </trkpt>
      <trkpt lat="38.81865" lon="121.14817">
        <ele>54.004726</ele>
        <time>2014-06-04T09:54:23.881000Z</time>
      </trkpt>
      <trkpt lat="38.818714" lon="121.14804">
        <ele>54.477</ele>
        <time>2014-06-04T09:54:27.054000Z</time>
      </trkpt>
      <trkpt lat="38.81875" lon="121.14789">
        <ele>53.072823</ele>
        <time>2014-06-04T09:54:30.227000Z</time>
      </trkpt>
      <trkpt lat="38.81875" lon="121.14776">
        <ele>50.583755</ele>
        <time>2014-06-04T09:54:33.400000Z</time>
      </trkpt>
      <trkpt lat="38.818726" lon="121.14761">
        <ele>48.742954</ele>
        <time>2014-06-04T09:54:36.573000Z</time>
      </trkpt>
      <trkpt lat="38.81868" lon="121.14749">
        <ele>48.055233</ele>
        <time>2014-06-04T09:54:39.746000Z</time>
      </trkpt>
      <trkpt lat="38.81859" lon="121.14738">
        <ele>48.09548</ele>
        <time>2014-06-04T09:54:42.919000Z</time>
      </trkpt>
      <trkpt lat="38.818485" lon="121.147316">
        <ele>48.432545</ele>
        <time>2014-06-04T09:54:46.092000Z</time>
      </trkpt>
      <trkpt lat="38.818386" lon="121.147285">
        <ele>48.78084</ele>
        <time>2014-06-04T09:54:49.265000Z</time>
      </trkpt>
      <trkpt lat="38.818283" lon="121.147285">
        <ele>48.962597</ele>
        <time>2014-06-04T09:54:52.438000Z</time>
      </trkpt>
      <trkpt lat="38.818165" lon="121.147285">
        <ele>49.00253</ele>
        <time>2014-06-04T09:54:55.611000Z</time>
      </trkpt>
      <trkpt lat="38.81807" lon="121.147285">
        <ele>48.973694</ele>
        <time>2014-06-04T09:54:58.784000Z</time>
      </trkpt>
      <trkpt lat="38.817966" lon="121.147285">
        <ele>49.041756</ele>
        <time>2014-06-04T09:55:01.957000Z</time>
      </trkpt>
      <trkpt lat="38.81786" lon="121.14728">
        <ele>49.346214</ele>
        <time>2014-06-04T09:55:05.130000Z</time>
      </trkpt>
      <trkpt lat="38.81775" lon="121.14727">
        <ele>49.87747</ele>
        <time>2014-06-04T09:55:08.303000Z</time>
      </trkpt>
      <trkpt lat="38.817635" lon="121.14727">
        <ele>50.542286</ele>
        <time>2014-06-04T09:55:11.476000Z</time>
      </trkpt>
      <trkpt lat="38.817543" lon="121.14726">
        <ele>51.145332</ele>
        <time>2014-06-04T09:55:14.649000Z</time>
      </trkpt>
      <trkpt lat="38.817444" lon="121.147285">
        <ele>51.526943</ele>
        <time>2014-06-04T09:55:17.822000Z</time>
      </trkpt>
      <trkpt lat="38.817337" lon="121.147354">
        <ele>51.948303</ele>
        <time>2014-06-04T09:55:20.995000Z</time>
      </trkpt>
      <trkpt lat="38.81725" lon="121.14746">
        <ele>52.63055</ele>
        <time>2014-06-04T09:55:24.168000Z</time>
      </trkpt>
      <trkpt lat="38.817184" lon="121.14759">
        <ele>53.00873</ele>
        <time>2014-06-04T09:55:27.341000Z</time>
      </trkpt>
      <trkpt lat="38.81715" lon="121.147736">
        <ele>52.462597</ele>
        <time>2014-06-04T09:55:30.514000Z</time>
      </trkpt>
      <trkpt lat="38.817146" lon="121.14788">
        <ele>51.3738</ele>
        <time>2014-06-04T09:55:33.687000Z</time>
      </trkpt>
      <trkpt lat="38.817177" lon="121.14801">
        <ele>50.537754</ele>
        <time>2014-06-04T09:55:36.860000Z</time>
      </trkpt>
      <trkpt lat="38.817223" lon="121.14813">
        <ele>50.34619</ele>
        <time>2014-06-04T09:55:40.033000Z</time>
      </trkpt>
      <trkpt lat="38.817287" lon="121.14822">
        <ele>50.643684</ele>
        <time>2014-06-04T09:55:43.206000Z</time>
      </trkpt>
      <trkpt lat="38.81737" lon="121.14827">
        <ele>51.03272</ele>
        <time>2014-06-04T09:55:46.379000Z</time>
      </trkpt>
      <trkpt lat="38.81748" lon="121.148315">
        <ele>51.24513</ele>
        <time>2014-06-04T09:55:49.552000Z</time>
      </trkpt>
      <trkpt lat="38.81758" lon="121.14832">
        <ele>51.20483</ele>
        <time>2014-06-04T09:55:52.725000Z</time>
      </trkpt>
      <trkpt lat="38.81768" lon="121.14831">
        <ele>50.97352</ele>
        <time>2014-06-04T09:55:55.898000Z</time>
      </trkpt>
      <trkpt lat="38.8178" lon="121.14832">
        <ele>50.728306</ele>
        <time>2014-06-04T09:55:59.071000Z</time>
      </trkpt>
      <trkpt lat="38.81791" lon="121.14832">
        <ele>50.606243</ele>
        <time>2014-06-04T09:56:02.244000Z</time>
      </trkpt>
      <trkpt lat="38.818" lon="121.14833">
        <ele>50.650513</ele>
        <time>2014-06-04T09:56:05.417000Z</time>
      </trkpt>
      <trkpt lat="38.81812" lon="121.14832">
        <ele>50.954643</ele>
        <time>2014-06-04T09:56:08.590000Z</time>
      </trkpt>
      <trkpt lat="38.81822" lon="121.14832">
        <ele>51.511925</ele>
        <time>2014-06-04T09:56:11.763000Z</time>
      </trkpt>
      <trkpt lat="38.818317" lon="121.14834">
        <ele>52.137756</ele>
        <time>2014-06-04T09:56:14.936000Z</time>
      </trkpt>
      <trkpt lat="38.818436" lon="121.148315">
        <ele>52.647434</ele>
        <time>2014-06-04T09:56:18.109000Z</time>
      </trkpt>
      <trkpt lat="38.818535" lon="121.14827">
        <ele>52.953194</ele>
        <time>2014-06-04T09:56:21.282000Z</time>
      </trkpt>
      <trkpt lat="38.81862" lon="121.14819">
        <ele>52.604515</ele>
        <time>2014-06-04T09:56:24.455000Z</time>
      </trkpt>
      <trkpt lat="38.818687" lon="121.14808">
        <ele>51.166</ele>
        <time>2014-06-04T09:56:27.628000Z</time>
      </trkpt>
      <trkpt lat="38.818714" lon="121.147964">
        <ele>49.20872</ele>
        <time>2014-06-04T09:56:30.801000Z</time>
      </trkpt>
      <trkpt lat="38.81872" lon="121.14782">
        <ele>48.025425</ele>
        <time>2014-06-04T09:56:33.974000Z</time>
      </trkpt>
      <trkpt lat="38.818707" lon="121.14769">
        <ele>48.159378</ele>
        <time>2014-06-04T09:56:37.147000Z</time>
      </trkpt>
      <trkpt lat="38.81866" lon="121.14757">
        <ele>49.450752</ele>
        <time>2014-06-04T09:56:40.320000Z</time>
      </trkpt>
      <trkpt lat="38.81859" lon="121.14745">
        <ele>51.2914</ele>
        <time>2014-06-04T09:56:43.493000Z</time>
      </trkpt>
      <trkpt lat="38.818493" lon="121.14738">
        <ele>52.719387</ele>
        <time>2014-06-04T09:56:46.666000Z</time>
      </trkpt>
      <trkpt lat="38.818398" lon="121.14732">
        <ele>53.251587</ele>
        <time>2014-06-04T09:56:49.839000Z</time>
      </trkpt>
      <trkpt lat="38.818275" lon="121.14731">
        <ele>53.191288</ele>
        <time>2014-06-04T09:56:53.012000Z</time>
      </trkpt>
      <trkpt lat="38.818176" lon="121.14729">
        <ele>52.906395</ele>
        <time>2014-06-04T09:56:56.185000Z</time>
      </trkpt>
      <trkpt lat="38.818085" lon="121.147285">
        <ele>52.589893</ele>
        <time>2014-06-04T09:56:59.358000Z</time>
      </trkpt>
      <trkpt lat="38.81798" lon="121.147285">
        <ele>52.3259</ele>
        <time>2014-06-04T09:57:02.531000Z</time>
      </trkpt>
      <trkpt lat="38.817883" lon="121.147285">
        <ele>52.176064</ele>
        <time>2014-06-04T09:57:05.704000Z</time>
      </trkpt>
      <trkpt lat="38.817783" lon="121.14728">
        <ele>52.003304</ele>
        <time>2014-06-04T09:57:08.877000Z</time>
      </trkpt>
      <trkpt lat="38.817657" lon="121.14727">
        <ele>50.946167</ele>
        <time>2014-06-04T09:57:12.050000Z</time>
      </trkpt>
      <trkpt lat="38.817554" lon="121.14727">
        <ele>48.732693</ele>
        <time>2014-06-04T09:57:15.223000Z</time>
      </trkpt>
      <trkpt lat="38.81746" lon="121.14729">
        <ele>47.016193</ele>
        <time>2014-06-04T09:57:18.396000Z</time>
      </trkpt>
      <trkpt lat="38.817364" lon="121.14736">
        <ele>47.034164</ele>
        <time>2014-06-04T09:57:21.569000Z</time>
      </trkpt>
      <trkpt lat="38.81728" lon="121.14746">
        <ele>47.792316</ele>
        <time>2014-06-04T09:57:24.742000Z</time>
      </trkpt>
      <trkpt lat="38.81722" lon="121.14758">
        <ele>48.14453</ele>
        <time>2014-06-04T09:57:27.915000Z</time>
      </trkpt>
      <trkpt lat="38.817184" lon="121.1477">
        <ele>48.075962</ele>
        <time>2014-06-04T09:57:31.088000Z</time>
      </trkpt>
      <trkpt lat="38.817177" lon="121.14784">
        <ele>48.29321</ele>
        <time>2014-06-04T09:57:34.261000Z</time>
      </trkpt>
      <trkpt lat="38.81719" lon="121.14799">
        <ele>49.200428</ele>
        <time>2014-06-04T09:57:37.434000Z</time>
      </trkpt>
      <trkpt lat="38.817238" lon="121.148094">
        <ele>50.26657</ele>
        <time>2014-06-04T09:57:40.607000Z</time>
      </trkpt>
      <trkpt lat="38.817295" lon="121.148186">
        <ele>50.95785</ele>
        <time>2014-06-04T09:57:43.780000Z</time>
      </trkpt>
      <trkpt lat="38.817375" lon="121.148254">
        <ele>51.460316</ele>
        <time>2014-06-04T09:57:46.953000Z</time>
      </trkpt>
      <trkpt lat="38.81749" lon="121.148315">
        <ele>51.92153</ele>
        <time>2014-06-04T09:57:50.126000Z</time>
      </trkpt>
      <trkpt lat="38.817585" lon="121.14832">
        <ele>52.167347</ele>
        <time>2014-06-04T09:57:53.299000Z</time>
      </trkpt>
      <trkpt lat="38.81768" lon="121.14832">
        <ele>52.12145</ele>
        <time>2014-06-04T09:57:56.472000Z</time>
      </trkpt>
      <trkpt lat="38.817783" lon="121.148315">
        <ele>51.734936</ele>
        <time>2014-06-04T09:57:59.645000Z</time>
      </trkpt>
      <trkpt lat="38.817883" lon="121.148315">
        <ele>50.915115</ele>
        <time>2014-06-04T09:58:02.818000Z</time>
      </trkpt>
      <trkpt lat="38.817997" lon="121.14832">
        <ele>49.959553</ele>
        <time>2014-06-04T09:58:05.991000Z</time>
      </trkpt>
      <trkpt lat="38.8181" lon="121.14832">
        <ele>49.333485</ele>
        <time>2014-06-04T09:58:09.164000Z</time>
      </trkpt>
      <trkpt lat="38.818203" lon="121.14832">
        <ele>48.990467</ele>
        <time>2014-06-04T09:58:12.337000Z</time>
      </trkpt>
      <trkpt lat="38.81831" lon="121.14832">
        <ele>48.69641</ele>
        <time>2014-06-04T09:58:15.510000Z</time>
      </trkpt>
      <trkpt lat="38.818413" lon="121.14833">
        <ele>48.696194</ele>
        <time>2014-06-04T09:58:18.683000Z</time>
      </trkpt>
      <trkpt lat="38.81851" lon="121.1483">
        <ele>49.200623</ele>
        <time>2014-06-04T09:58:21.856000Z</time>
      </trkpt>
      <trkpt lat="38.818584" lon="121.14823">
        <ele>49.781754</ele>
        <time>2014-06-04T09:58:25.029000Z</time>
      </trkpt>
      <trkpt lat="38.818653" lon="121.14813">
        <ele>49.828785</ele>
        <time>2014-06-04T09:58:28.202000Z</time>
      </trkpt>
      <trkpt lat="38.818703" lon="121.148026">
        <ele>49.40544</ele>
        <time>2014-06-04T09:58:31.375000Z</time>
      </trkpt>
      <trkpt lat="38.818726" lon="121.14788">
        <ele>48.97817</ele>
        <time>2014-06-04T09:58:34.548000Z</time>
      </trkpt>
      <trkpt lat="38.818726" lon="121.147736">
        <ele>48.80719</ele>
        <time>2014-06-04T09:58:37.721000Z</time>
      </trkpt>
      <trkpt lat="38.818707" lon="121.14762">
        <ele>48.787983</ele>
        <time>2014-06-04T09:58:40.894000Z</time>
      </trkpt>
      <trkpt lat="38.818653" lon="121.14751">
        <ele>48.551796</ele>
        <time>2014-06-04T09:58:44.067000Z</time>
      </trkpt>
      <trkpt lat="38.818573" lon="121.147415">
        <ele>47.92725</ele>
        <time>2014-06-04T09:58:47.240000Z</time>
      </trkpt>
      <trkpt lat="38.81848" lon="121.14735">
        <ele>47.762726</ele>
        <time>2014-06-04T09:58:50.413000Z</time>
      </trkpt>
      <trkpt lat="38.818382" lon="121.147316">
        <ele>48.626015</ele>
        <time>2014-06-04T09:58:53.586000Z</time>
      </trkpt>
      <trkpt lat="38.818287" lon="121.14731">
        <ele>49.560932</ele>
        <time>2014-06-04T09:58:56.759000Z</time>
      </trkpt>
      <trkpt lat="38.818172" lon="121.14731">
        <ele>49.65149</ele>
        <time>2014-06-04T09:58:59.932000Z</time>
      </trkpt>
      <trkpt lat="38.818077" lon="121.1473">
        <ele>49.352768</ele>
        <time>2014-06-04T09:59:03.105000Z</time>
      </trkpt>
      <trkpt lat="38.81797" lon="121.14729">
        <ele>49.282772</ele>
        <time>2014-06-04T09:59:06.278000Z</time>
      </trkpt>
      <trkpt lat="38.817875" lon="121.14729">
        <ele>49.39441</ele>
        <time>2014-06-04T09:59:09.451000Z</time>
      </trkpt>
      <trkpt lat="38.817772" lon="121.14729">
        <ele>49.35444</ele>
        <time>2014-06-04T09:59:12.624000Z</time>
      </trkpt>
      <trkpt lat="38.817665" lon="121.14728">
        <ele>49.070393</ele>
        <time>2014-06-04T09:59:15.797000Z</time>
      </trkpt>
      <trkpt lat="38.817566" lon="121.14728">
        <ele>48.706417</ele>
        <time>2014-06-04T09:59:18.970000Z</time>
      </trkpt>
      <trkpt lat="38.817463" lon="121.14729">
        <ele>48.5416</ele>
        <time>2014-06-04T09:59:22.143000Z</time>
      </trkpt>
      <trkpt lat="38.81737" lon="121.147354">
        <ele>48.745792</ele>
        <time>2014-06-04T09:59:25.316000Z</time>
      </trkpt>
      <trkpt lat="38.81729" lon="121.147446">
        <ele>49.185574</ele>
        <time>2014-06-04T09:59:28.489000Z</time>
      </trkpt>
      <trkpt lat="38.817234" lon="121.147545">
        <ele>49.694084</ele>
        <time>2014-06-04T09:59:31.662000Z</time>
      </trkpt>
      <trkpt lat="38.817192" lon="121.14766">
        <ele>50.095757</ele>
        <time>2014-06-04T09:59:34.835000Z</time>
      </trkpt>
      <trkpt lat="38.81717" lon="121.14781">
        <ele>50.37437</ele>
        <time>2014-06-04T09:59:38.008000Z</time>
      </trkpt>
      <trkpt lat="38.817184" lon="121.14795">
        <ele>50.6353</ele>
        <time>2014-06-04T09:59:41.181000Z</time>
      </trkpt>
      <trkpt lat="38.817223" lon="121.14808">
        <ele>50.793674</ele>
        <time>2014-06-04T09:59:44.354000Z</time>
      </trkpt>
      <trkpt lat="38.817284" lon="121.14816">
        <ele>50.75138</ele>
        <time>2014-06-04T09:59:47.527000Z</time>
      </trkpt>
      <trkpt lat="38.817364" lon="121.14825">
        <ele>50.683254</ele>
        <time>2014-06-04T09:59:50.700000Z</time>
      </trkpt>
      <trkpt lat="38.817467" lon="121.148285">
        <ele>50.45634</ele>
        <time>2014-06-04T09:59:53.873000Z</time>
      </trkpt>
      <trkpt lat="38.81757" lon="121.1483">
        <ele>50.24595</ele>
        <time>2014-06-04T09:59:57.046000Z</time>
      </trkpt>
      <trkpt lat="38.817688" lon="121.1483">
        <ele>50.230537</ele>
        <time>2014-06-04T10:00:00.219000Z</time>
      </trkpt>
      <trkpt lat="38.8178" lon="121.14831">
        <ele>50.36167</ele>
        <time>2014-06-04T10:00:03.392000Z</time>
      </trkpt>
      <trkpt lat="38.817905" lon="121.14832">
        <ele>50.430378</ele>
        <time>2014-06-04T10:00:06.565000Z</time>
      </trkpt>
      <trkpt lat="38.818" lon="121.14833">
        <ele>50.607605</ele>
        <time>2014-06-04T10:00:09.738000Z</time>
      </trkpt>
      <trkpt lat="38.8181" lon="121.14833">
        <ele>51.16887</ele>
        <time>2014-06-04T10:00:12.911000Z</time>
      </trkpt>
      <trkpt lat="38.81822" lon="121.14833">
        <ele>51.93033</ele>
        <time>2014-06-04T10:00:16.084000Z</time>
      </trkpt>
      <trkpt lat="38.81831" lon="121.14834">
        <ele>51.887665</ele>
        <time>2014-06-04T10:00:19.257000Z</time>
      </trkpt>
      <trkpt lat="38.818413" lon="121.14832">
        <ele>50.795082</ele>
        <time>2014-06-04T10:00:22.430000Z</time>
      </trkpt>
      <trkpt lat="38.81852" lon="121.14827">
        <ele>49.756687</ele>
        <time>2014-06-04T10:00:25.603000Z</time>
      </trkpt>
      <trkpt lat="38.818615" lon="121.148186">
        <ele>49.706528</ele>
        <time>2014-06-04T10:00:28.776000Z</time>
      </trkpt>
      <trkpt lat="38.81868" lon="121.14807">
        <ele>49.775856</ele>
        <time>2014-06-04T10:00:31.949000Z</time>
      </trkpt>
      <trkpt lat="38.81872" lon="121.14792">
        <ele>48.97389</ele>
        <time>2014-06-04T10:00:35.122000Z</time>
      </trkpt>
      <trkpt lat="38.818737" lon="121.14778">
        <ele>47.752087</ele>
        <time>2014-06-04T10:00:38.295000Z</time>
      </trkpt>
      <trkpt lat="38.818718" lon="121.14765">
        <ele>46.9498</ele>
        <time>2014-06-04T10:00:41.468000Z</time>
      </trkpt>
      <trkpt lat="38.81867" lon="121.147545">
        <ele>46.67089</ele>
        <time>2014-06-04T10:00:44.641000Z</time>
      </trkpt>
      <trkpt lat="38.818596" lon="121.147446">
        <ele>46.87769</ele>
        <time>2014-06-04T10:00:47.814000Z</time>
      </trkpt>
      <trkpt lat="38.818504" lon="121.14736">
        <ele>47.48457</ele>
        <time>2014-06-04T10:00:50.987000Z</time>
      </trkpt>
      <trkpt lat="38.818398" lon="121.147316">
        <ele>48.489502</ele>
        <time>2014-06-04T10:00:54.160000Z</time>
      </trkpt>
      <trkpt lat="38.818295" lon="121.14731">
        <ele>49.6272</ele>
        <time>2014-06-04T10:00:57.333000Z</time>
      </trkpt>
      <trkpt lat="38.818184" lon="121.1473">
        <ele>50.235184</ele>
        <time>2014-06-04T10:01:00.506000Z</time>
      </trkpt>
      <trkpt lat="38.818077" lon="121.14729">
        <ele>50.09232</ele>
        <time>2014-06-04T10:01:03.679000Z</time>
      </trkpt>
      <trkpt lat="38.81797" lon="121.1473">
        <ele>49.56735</ele>
        <time>2014-06-04T10:01:06.852000Z</time>
      </trkpt>
      <trkpt lat="38.81788" lon="121.1473">
        <ele>49.049778</ele>
        <time>2014-06-04T10:01:10.025000Z</time>
      </trkpt>
      <trkpt lat="38.817783" lon="121.14729">
        <ele>49.009663</ele>
        <time>2014-06-04T10:01:13.198000Z</time>
      </trkpt>
      <trkpt lat="38.817684" lon="121.147285">
        <ele>49.437946</ele>
        <time>2014-06-04T10:01:16.371000Z</time>
      </trkpt>
      <trkpt lat="38.81758" lon="121.147285">
        <ele>49.93658</ele>
        <time>2014-06-04T10:01:19.544000Z</time>
      </trkpt>
      <trkpt lat="38.817474" lon="121.147285">
        <ele>50.20961</ele>
        <time>2014-06-04T10:01:22.717000Z</time>
      </trkpt>
      <trkpt lat="38.817383" lon="121.14732">
        <ele>50.259926</ele>
        <time>2014-06-04T10:01:25.890000Z</time>
      </trkpt>
      <trkpt lat="38.817295" lon="121.14741">
        <ele>49.897636</ele>
        <time>2014-06-04T10:01:29.063000Z</time>
      </trkpt>
      <trkpt lat="38.81723" lon="121.14752">
        <ele>49.151707</ele>
        <time>2014-06-04T10:01:32.236000Z</time>
      </trkpt>
      <trkpt lat="38.81719" lon="121.14763">
        <ele>48.644093</ele>
        <time>2014-06-04T10:01:35.409000Z</time>
      </trkpt>
      <trkpt lat="38.817165" lon="121.14777">
        <ele>48.902412</ele>
        <time>2014-06-04T10:01:38.582000Z</time>
      </trkpt>
      <trkpt lat="38.817173" lon="121.14791">
        <ele>49.69605</ele>
        <time>2014-06-04T10:01:41.755000Z</time>
      </trkpt>
      <trkpt lat="38.81721" lon="121.148056">
        <ele>50.380127</ele>
        <time>2014-06-04T10:01:44.928000Z</time>
      </trkpt>
      <trkpt lat="38.817287" lon="121.14816">
        <ele>50.419167</ele>
        <time>2014-06-04T10:01:48.101000Z</time>
      </trkpt>
      <trkpt lat="38.817368" lon="121.14823">
        <ele>49.912735</ele>
        <time>2014-06-04T10:01:51.274000Z</time>
      </trkpt>
      <trkpt lat="38.81747" lon="121.148285">
        <ele>49.238747</ele>
        <time>2014-06-04T10:01:54.447000Z</time>
      </trkpt>
      <trkpt lat="38.817574" lon="121.14831">
        <ele>48.763824</ele>
        <time>2014-06-04T10:01:57.620000Z</time>
      </trkpt>
      <trkpt lat="38.817688" lon="121.148315">
        <ele>49.031815</ele>
        <time>2014-06-04T10:02:00.793000Z</time>
      </trkpt>
      <trkpt lat="38.8178" lon="121.148315">
        <ele>50.15223</ele>
        <time>2014-06-04T10:02:03.966000Z</time>
      </trkpt>
      <trkpt lat="38.81789" lon="121.148315">
        <ele>50.967636</ele>
        <time>2014-06-04T10:02:07.139000Z</time>
      </trkpt>
      <trkpt lat="38.818" lon="121.14832">
        <ele>50.60155</ele>
        <time>2014-06-04T10:02:10.312000Z</time>
      </trkpt>
      <trkpt lat="38.818104" lon="121.14833">
        <ele>49.902424</ele>
        <time>2014-06-04T10:02:13.485000Z</time>
      </trkpt>
      <trkpt lat="38.818214" lon="121.14833">
        <ele>50.064503</ele>
        <time>2014-06-04T10:02:16.658000Z</time>
      </trkpt>
      <trkpt lat="38.81833" lon="121.14832">
        <ele>51.1481</ele>
        <time>2014-06-04T10:02:19.831000Z</time>
      </trkpt>
      <trkpt lat="38.81843" lon="121.14831">
        <ele>52.472446</ele>
        <time>2014-06-04T10:02:23.004000Z</time>
      </trkpt>
      <trkpt lat="38.81854" lon="121.148254">
        <ele>53.348434</ele>
        <time>2014-06-04T10:02:26.177000Z</time>
      </trkpt>
      <trkpt lat="38.818615" lon="121.148186">
        <ele>52.924274</ele>
        <time>2014-06-04T10:02:29.350000Z</time>
      </trkpt>
      <trkpt lat="38.818684" lon="121.14807">
        <ele>51.121136</ele>
        <time>2014-06-04T10:02:32.523000Z</time>
      </trkpt>
      <trkpt lat="38.818718" lon="121.14796">
        <ele>49.257145</ele>
        <time>2014-06-04T10:02:35.696000Z</time>
      </trkpt>
      <trkpt lat="38.81873" lon="121.14783">
        <ele>48.31363</ele>
        <time>2014-06-04T10:02:38.869000Z</time>
      </trkpt>
      <trkpt lat="38.81872" lon="121.147705">
        <ele>48.10521</ele>
        <time>2014-06-04T10:02:42.042000Z</time>
      </trkpt>
      <trkpt lat="38.818676" lon="121.14757">
        <ele>48.356583</ele>
        <time>2014-06-04T10:02:45.215000Z</time>
      </trkpt>
      <trkpt lat="38.81862" lon="121.14747">
        <ele>49.04924</ele>
        <time>2014-06-04T10:02:48.388000Z</time>
      </trkpt>
      <trkpt lat="38.818542" lon="121.147385">
        <ele>50.08224</ele>
        <time>2014-06-04T10:02:51.561000Z</time>
      </trkpt>
      <trkpt lat="38.81846" lon="121.14734">
        <ele>51.032185</ele>
        <time>2014-06-04T10:02:54.734000Z</time>
      </trkpt>
      <trkpt lat="38.818348" lon="121.147316">
        <ele>51.575813</ele>
        <time>2014-06-04T10:02:57.907000Z</time>
      </trkpt>
      <trkpt lat="38.818245" lon="121.14731">
        <ele>51.65847</ele>
        <time>2014-06-04T10:03:01.080000Z</time>
      </trkpt>
      <trkpt lat="38.81814" lon="121.14731">
        <ele>51.404217</ele>
        <time>2014-06-04T10:03:04.253000Z</time>
      </trkpt>
      <trkpt lat="38.818043" lon="121.147316">
        <ele>51.05387</ele>
        <time>2014-06-04T10:03:07.426000Z</time>
      </trkpt>
      <trkpt lat="38.817947" lon="121.14731">
        <ele>50.707287</ele>
        <time>2014-06-04T10:03:10.599000Z</time>
      </trkpt>
      <trkpt lat="38.817852" lon="121.14731">
        <ele>50.434353</ele>
        <time>2014-06-04T10:03:13.772000Z</time>
      </trkpt>
      <trkpt lat="38.817745" lon="121.1473">
        <ele>50.314594</ele>
        <time>2014-06-04T10:03:16.945000Z</time>
      </trkpt>
      <trkpt lat="38.817642" lon="121.14729">
        <ele>49.91286</ele>
        <time>2014-06-04T10:03:20.118000Z</time>
      </trkpt>
      <trkpt lat="38.81754" lon="121.14729">
        <ele>48.975574</ele>
        <time>2014-06-04T10:03:23.291000Z</time>
      </trkpt>
      <trkpt lat="38.817448" lon="121.147316">
        <ele>48.453785</ele>
        <time>2014-06-04T10:03:26.464000Z</time>
      </trkpt>
      <trkpt lat="38.817364" lon="121.14736">
        <ele>49.12106</ele>
        <time>2014-06-04T10:03:29.637000Z</time>
      </trkpt>
      <trkpt lat="38.817276" lon="121.14746">
        <ele>50.374012</ele>
        <time>2014-06-04T10:03:32.810000Z</time>
      </trkpt>
      <trkpt lat="38.817215" lon="121.14757">
        <ele>51.32615</ele>
        <time>2014-06-04T10:03:35.983000Z</time>
      </trkpt>
      <trkpt lat="38.817184" lon="121.14768">
        <ele>51.650185</ele>
        <time>2014-06-04T10:03:39.156000Z</time>
      </trkpt>
      <trkpt lat="38.817173" lon="121.147804">
        <ele>51.17512</ele>
        <time>2014-06-04T10:03:42.329000Z</time>
      </trkpt>
      <trkpt lat="38.817184" lon="121.147934">
        <ele>49.86058</ele>
        <time>2014-06-04T10:03:45.502000Z</time>
      </trkpt>
      <trkpt lat="38.817226" lon="121.148056">
        <ele>48.429054</ele>
        <time>2014-06-04T10:03:48.675000Z</time>
      </trkpt>
      <trkpt lat="38.817284" lon="121.14815">
        <ele>47.811504</ele>
        <time>2014-06-04T10:03:51.848000Z</time>
      </trkpt>
      <trkpt lat="38.817364" lon="121.14824">
        <ele>48.09645</ele>
        <time>2014-06-04T10:03:55.021000Z</time>
      </trkpt>
      <trkpt lat="38.817463" lon="121.148285">
        <ele>48.76443</ele>
        <time>2014-06-04T10:03:58.194000Z</time>
      </trkpt>
      <trkpt lat="38.81755" lon="121.14831">
        <ele>49.457203</ele>
        <time>2014-06-04T10:04:01.367000Z</time>
      </trkpt>
      <trkpt lat="38.817657" lon="121.148315">
        <ele>49.781944</ele>
        <time>2014-06-04T10:04:04.540000Z</time>
      </trkpt>
      <trkpt lat="38.817753" lon="121.14831">
        <ele>49.753204</ele>
        <time>2014-06-04T10:04:07.713000Z</time>
      </trkpt>
      <trkpt lat="38.81786" lon="121.148315">
        <ele>50.120525</ele>
        <time>2014-06-04T10:04:10.886000Z</time>
      </trkpt>
      <trkpt lat="38.817966" lon="121.148315">
        <ele>51.16279</ele>
        <time>2014-06-04T10:04:14.059000Z</time>
      </trkpt>
      <trkpt lat="38.81806" lon="121.148315">
        <ele>52.12606</ele>
        <time>2014-06-04T10:04:17.232000Z</time>
      </trkpt>
      <trkpt lat="38.818153" lon="121.148315">
        <ele>52.313393</ele>
        <time>2014-06-04T10:04:20.405000Z</time>
      </trkpt>
      <trkpt lat="38.818253" lon="121.14832">
        <ele>51.880146</ele>
        <time>2014-06-04T10:04:23.578000Z</time>
      </trkpt>
      <trkpt lat="38.818348" lon="121.14833">
        <ele>51.529686</ele>
        <time>2014-06-04T10:04:26.751000Z</time>
      </trkpt>
      <trkpt lat="38.818466" lon="121.14831">
        <ele>51.534664</ele>
        <time>2014-06-04T10:04:29.924000Z</time>
      </trkpt>
      <trkpt lat="38.818565" lon="121.148224">
        <ele>51.797977</ele>
        <time>2014-06-04T10:04:33.097000Z</time>
      </trkpt>
      <trkpt lat="38.818638" lon="121.148125">
        <ele>51.67683</ele>
        <time>2014-06-04T10:04:36.270000Z</time>
      </trkpt>
      <trkpt lat="38.8187" lon="121.147995">
        <ele>50.506348</ele>
        <time>2014-06-04T10:04:39.443000Z</time>
      </trkpt>
      <trkpt lat="38.81873" lon="121.14787">
        <ele>48.996525</ele>
        <time>2014-06-04T10:04:42.616000Z</time>
      </trkpt>
      <trkpt lat="38.818733" lon="121.14775">
        <ele>47.947456</ele>
        <time>2014-06-04T10:04:45.789000Z</time>
      </trkpt>
      <trkpt lat="38.818707" lon="121.14763">
        <ele>47.439224</ele>
        <time>2014-06-04T10:04:48.962000Z</time>
      </trkpt>
      <trkpt lat="38.81866" lon="121.14753">
        <ele>47.613823</ele>
        <time>2014-06-04T10:04:52.135000Z</time>
      </trkpt>
      <trkpt lat="38.818584" lon="121.14744">
        <ele>48.503735</ele>
        <time>2014-06-04T10:04:55.308000Z</time>
      </trkpt>
      <trkpt lat="38.818504" lon="121.147385">
        <ele>50.02396</ele>
        <time>2014-06-04T10:04:58.481000Z</time>
      </trkpt>
      <trkpt lat="38.818413" lon="121.14733">
        <ele>51.475327</ele>
        <time>2014-06-04T10:05:01.654000Z</time>
      </trkpt>
      <trkpt lat="38.818306" lon="121.147316">
        <ele>51.845703</ele>
        <time>2014-06-04T10:05:04.827000Z</time>
      </trkpt>
      <trkpt lat="38.81819" lon="121.14731">
        <ele>51.3041</ele>
        <time>2014-06-04T10:05:08Z</time>
      </trkpt>
      <trkpt lat="38.818092" lon="121.1473">
        <ele>50.68482</ele>
        <time>2014-06-04T10:05:11.173000Z</time>
      </trkpt>
      <trkpt lat="38.817978" lon="121.14729">
        <ele>50.373146</ele>
        <time>2014-06-04T10:05:14.346000Z</time>
      </trkpt>
      <trkpt lat="38.817886" lon="121.1473">
        <ele>50.364964</ele>
        <time>2014-06-04T10:05:17.519000Z</time>
      </trkpt>
      <trkpt lat="38.817772" lon="121.1473">
        <ele>50.482536</ele>
        <time>2014-06-04T10:05:20.692000Z</time>
      </trkpt>
      <trkpt lat="38.817665" lon="121.147285">
        <ele>50.548946</ele>
        <time>2014-06-04T10:05:23.865000Z</time>
      </trkpt>
      <trkpt lat="38.81754" lon="121.147285">
        <ele>50.18919</ele>
        <time>2014-06-04T10:05:27.038000Z</time>
      </trkpt>
      <trkpt lat="38.817444" lon="121.147316">
        <ele>49.532433</ele>
        <time>2014-06-04T10:05:30.211000Z</time>
      </trkpt>
      <trkpt lat="38.817337" lon="121.14737">
        <ele>49.306587</ele>
        <time>2014-06-04T10:05:33.384000Z</time>
      </trkpt>
      <trkpt lat="38.817253" lon="121.14745">
        <ele>49.789845</ele>
        <time>2014-06-04T10:05:36.557000Z</time>
      </trkpt>
      <trkpt lat="38.817204" lon="121.147575">
        <ele>50.607956</ele>
        <time>2014-06-04T10:05:39.730000Z</time>
      </trkpt>
      <trkpt lat="38.81718" lon="121.1477">
        <ele>51.34699</ele>
        <time>2014-06-04T10:05:42.903000Z</time>
      </trkpt>
      <trkpt lat="38.817177" lon="121.14783">
        <ele>51.625195</ele>
        <time>2014-06-04T10:05:46.076000Z</time>
      </trkpt>
      <trkpt lat="38.8172" lon="121.14797">
        <ele>51.332577</ele>
        <time>2014-06-04T10:05:49.249000Z</time>
      </trkpt>
      <trkpt lat="38.817253" lon="121.14809">
        <ele>50.36928</ele>
        <time>2014-06-04T10:05:52.422000Z</time>
      </trkpt>
      <trkpt lat="38.817333" lon="121.14818">
        <ele>48.98597</ele>
        <time>2014-06-04T10:05:55.595000Z</time>
      </trkpt>
      <trkpt lat="38.817417" lon="121.14825">
        <ele>47.893612</ele>
        <time>2014-06-04T10:05:58.768000Z</time>
      </trkpt>
      <trkpt lat="38.817516" lon="121.148285">
        <ele>47.493378</ele>
        <time>2014-06-04T10:06:01.941000Z</time>
      </trkpt>
      <trkpt lat="38.81763" lon="121.14829">
        <ele>47.964584</ele>
        <time>2014-06-04T10:06:05.114000Z</time>
      </trkpt>
      <trkpt lat="38.817726" lon="121.148315">
        <ele>49.3279</ele>
        <time>2014-06-04T10:06:08.287000Z</time>
      </trkpt>
      <trkpt lat="38.817825" lon="121.148315">
        <ele>50.827522</ele>
        <time>2014-06-04T10:06:11.460000Z</time>
      </trkpt>
      <trkpt lat="38.81793" lon="121.148315">
        <ele>51.673565</ele>
        <time>2014-06-04T10:06:14.633000Z</time>
      </trkpt>
      <trkpt lat="38.818047" lon="121.14832">
        <ele>51.9929</ele>
        <time>2014-06-04T10:06:17.806000Z</time>
      </trkpt>
      <trkpt lat="38.818165" lon="121.14832">
        <ele>52.196533</ele>
        <time>2014-06-04T10:06:20.979000Z</time>
      </trkpt>
      <trkpt lat="38.818268" lon="121.14832">
        <ele>52.385517</ele>
        <time>2014-06-04T10:06:24.152000Z</time>
      </trkpt>
      <trkpt lat="38.81836" lon="121.14832">
        <ele>52.38666</ele>
        <time>2014-06-04T10:06:27.325000Z</time>
      </trkpt>
      <trkpt lat="38.818462" lon="121.1483">
        <ele>51.911423</ele>
        <time>2014-06-04T10:06:30.498000Z</time>
      </trkpt>
      <trkpt lat="38.818554" lon="121.14824">
        <ele>51.0168</ele>
        <time>2014-06-04T10:06:33.671000Z</time>
      </trkpt>
      <trkpt lat="38.81862" lon="121.148155">
        <ele>50.29207</ele>
        <time>2014-06-04T10:06:36.844000Z</time>
      </trkpt>
      <trkpt lat="38.818672" lon="121.14805">
        <ele>50.088985</ele>
        <time>2014-06-04T10:06:40.017000Z</time>
      </trkpt>
      <trkpt lat="38.818714" lon="121.14793">
        <ele>50.193054</ele>
        <time>2014-06-04T10:06:43.190000Z</time>
      </trkpt>
      <trkpt lat="38.818733" lon="121.14781">
        <ele>50.211697</ele>
        <time>2014-06-04T10:06:46.363000Z</time>
      </trkpt>
      <trkpt lat="38.818718" lon="121.14768">
        <ele>49.881214</ele>
        <time>2014-06-04T10:06:49.536000Z</time>
      </trkpt>
      <trkpt lat="38.81868" lon="121.147575">
        <ele>49.044994</ele>
        <time>2014-06-04T10:06:52.709000Z</time>
      </trkpt>
      <trkpt lat="38.818615" lon="121.14746">
        <ele>47.883667</ele>
        <time>2014-06-04T10:06:55.882000Z</time>
      </trkpt>
      <trkpt lat="38.818535" lon="121.147385">
        <ele>47.281734</ele>
        <time>2014-06-04T10:06:59.055000Z</time>
      </trkpt>
      <trkpt lat="38.818443" lon="121.14733">
        <ele>47.786797</ele>
        <time>2014-06-04T10:07:02.228000Z</time>
      </trkpt>
      <trkpt lat="38.81834" lon="121.14732">
        <ele>49.06896</ele>
        <time>2014-06-04T10:07:05.401000Z</time>
      </trkpt>
      <trkpt lat="38.81824" lon="121.147316">
        <ele>50.555946</ele>
        <time>2014-06-04T10:07:08.574000Z</time>
      </trkpt>
      <trkpt lat="38.818146" lon="121.14731">
        <ele>51.650124</ele>
        <time>2014-06-04T10:07:11.747000Z</time>
      </trkpt>
      <trkpt lat="38.818047" lon="121.14731">
        <ele>52.077057</ele>
        <time>2014-06-04T10:07:14.920000Z</time>
      </trkpt>
      <trkpt lat="38.817947" lon="121.1473">
        <ele>52.255806</ele>
        <time>2014-06-04T10:07:18.093000Z</time>
      </trkpt>
      <trkpt lat="38.81783" lon="121.14729">
        <ele>52.525997</ele>
        <time>2014-06-04T10:07:21.266000Z</time>
      </trkpt>
      <trkpt lat="38.817738" lon="121.147285">
        <ele>52.411507</ele>
        <time>2014-06-04T10:07:24.439000Z</time>
      </trkpt>
      <trkpt lat="38.817635" lon="121.14728">
        <ele>51.516907</ele>
        <time>2014-06-04T10:07:27.612000Z</time>
      </trkpt>
      <trkpt lat="38.81754" lon="121.14727">
        <ele>50.37359</ele>
        <time>2014-06-04T10:07:30.785000Z</time>
      </trkpt>
      <trkpt lat="38.817444" lon="121.14731">
        <ele>49.598103</ele>
        <time>2014-06-04T10:07:33.958000Z</time>
      </trkpt>
      <trkpt lat="38.817345" lon="121.14737">
        <ele>49.28812</ele>
        <time>2014-06-04T10:07:37.131000Z</time>
      </trkpt>
      <trkpt lat="38.817253" lon="121.14748">
        <ele>49.949535</ele>
        <time>2014-06-04T10:07:40.304000Z</time>
      </trkpt>
      <trkpt lat="38.817196" lon="121.1476">
        <ele>51.915516</ele>
        <time>2014-06-04T10:07:43.477000Z</time>
      </trkpt>
      <trkpt lat="38.817177" lon="121.14772">
        <ele>54.1976</ele>
        <time>2014-06-04T10:07:46.650000Z</time>
      </trkpt>
      <trkpt lat="38.817165" lon="121.14784">
        <ele>55.033047</ele>
        <time>2014-06-04T10:07:49.823000Z</time>
      </trkpt>
      <trkpt lat="38.817196" lon="121.14798">
        <ele>54.061348</ele>
        <time>2014-06-04T10:07:52.996000Z</time>
      </trkpt>
      <trkpt lat="38.81725" lon="121.14809">
        <ele>52.37783</ele>
        <time>2014-06-04T10:07:56.169000Z</time>
      </trkpt>
      <trkpt lat="38.817326" lon="121.14818">
        <ele>50.737255</ele>
        <time>2014-06-04T10:07:59.342000Z</time>
      </trkpt>
      <trkpt lat="38.817417" lon="121.14825">
        <ele>49.258198</ele>
        <time>2014-06-04T10:08:02.515000Z</time>
      </trkpt>
      <trkpt lat="38.81753" lon="121.148285">
        <ele>48.32598</ele>
        <time>2014-06-04T10:08:05.688000Z</time>
      </trkpt>
      <trkpt lat="38.817623" lon="121.14829">
        <ele>48.23483</ele>
        <time>2014-06-04T10:08:08.861000Z</time>
      </trkpt>
      <trkpt lat="38.817722" lon="121.1483">
        <ele>48.780975</ele>
        <time>2014-06-04T10:08:12.034000Z</time>
      </trkpt>
      <trkpt lat="38.817814" lon="121.148315">
        <ele>49.406055</ele>
        <time>2014-06-04T10:08:15.207000Z</time>
      </trkpt>
      <trkpt lat="38.817917" lon="121.148315">
        <ele>49.632484</ele>
        <time>2014-06-04T10:08:18.380000Z</time>
      </trkpt>
      <trkpt lat="38.81804" lon="121.14832">
        <ele>49.61283</ele>
        <time>2014-06-04T10:08:21.553000Z</time>
      </trkpt>
      <trkpt lat="38.818146" lon="121.14833">
        <ele>49.72568</ele>
        <time>2014-06-04T10:08:24.726000Z</time>
      </trkpt>
      <trkpt lat="38.818245" lon="121.14833">
        <ele>49.99915</ele>
        <time>2014-06-04T10:08:27.899000Z</time>
      </trkpt>
      <trkpt lat="38.818344" lon="121.14834">
        <ele>50.231533</ele>
        <time>2014-06-04T10:08:31.072000Z</time>
      </trkpt>
      <trkpt lat="38.81844" lon="121.14834">
        <ele>50.290703</ele>
        <time>2014-06-04T10:08:34.245000Z</time>
      </trkpt>
      <trkpt lat="38.818542" lon="121.14827">
        <ele>50.04911</ele>
        <time>2014-06-04T10:08:37.418000Z</time>
      </trkpt>
      <trkpt lat="38.818626" lon="121.14818">
        <ele>49.439026</ele>
        <time>2014-06-04T10:08:40.591000Z</time>
      </trkpt>
      <trkpt lat="38.818684" lon="121.14806">
        <ele>48.253056</ele>
        <time>2014-06-04T10:08:43.764000Z</time>
      </trkpt>
      <trkpt lat="38.81872" lon="121.14795">
        <ele>46.650375</ele>
        <time>2014-06-04T10:08:46.937000Z</time>
      </trkpt>
      <trkpt lat="38.818745" lon="121.147835">
        <ele>45.604652</ele>
        <time>2014-06-04T10:08:50.110000Z</time>
      </trkpt>
      <trkpt lat="38.81874" lon="121.14772">
        <ele>45.865578</ele>
        <time>2014-06-04T10:08:53.283000Z</time>
      </trkpt>
      <trkpt lat="38.818703" lon="121.14758">
        <ele>46.953865</ele>
        <time>2014-06-04T10:08:56.456000Z</time>
      </trkpt>
      <trkpt lat="38.81864" lon="121.14748">
        <ele>47.700794</ele>
        <time>2014-06-04T10:08:59.629000Z</time>
      </trkpt>
      <trkpt lat="38.81857" lon="121.1474">
        <ele>47.56927</ele>
        <time>2014-06-04T10:09:02.802000Z</time>
      </trkpt>
      <trkpt lat="38.818478" lon="121.14734">
        <ele>47.498035</ele>
        <time>2014-06-04T10:09:05.975000Z</time>
      </trkpt>
      <trkpt lat="38.818386" lon="121.147316">
        <ele>48.31057</ele>
        <time>2014-06-04T10:09:09.148000Z</time>
      </trkpt>
      <trkpt lat="38.818287" lon="121.14731">
        <ele>49.346886</ele>
        <time>2014-06-04T10:09:12.321000Z</time>
      </trkpt>
      <trkpt lat="38.818184" lon="121.1473">
        <ele>49.562782</ele>
        <time>2014-06-04T10:09:15.494000Z</time>
      </trkpt>
      <trkpt lat="38.818092" lon="121.14729">
        <ele>49.17141</ele>
        <time>2014-06-04T10:09:18.667000Z</time>
      </trkpt>
      <trkpt lat="38.81798" lon="121.14728">
        <ele>49.033268</ele>
        <time>2014-06-04T10:09:21.840000Z</time>
      </trkpt>
      <trkpt lat="38.817863" lon="121.147285">
        <ele>49.358868</ele>
        <time>2014-06-04T10:09:25.013000Z</time>
      </trkpt>
      <trkpt lat="38.817734" lon="121.14728">
        <ele>49.75877</ele>
        <time>2014-06-04T10:09:28.186000Z</time>
      </trkpt>
      <trkpt lat="38.817635" lon="121.14726">
        <ele>49.92835</ele>
        <time>2014-06-04T10:09:31.359000Z</time>
      </trkpt>
      <trkpt lat="38.817535" lon="121.14727">
        <ele>49.75663</ele>
        <time>2014-06-04T10:09:34.532000Z</time>
      </trkpt>
      <trkpt lat="38.817425" lon="121.14731">
        <ele>49.474205</ele>
        <time>2014-06-04T10:09:37.705000Z</time>
      </trkpt>
      <trkpt lat="38.81733" lon="121.147385">
        <ele>49.551846</ele>
        <time>2014-06-04T10:09:40.878000Z</time>
      </trkpt>
      <trkpt lat="38.81725" lon="121.147484">
        <ele>50.227085</ele>
        <time>2014-06-04T10:09:44.051000Z</time>
      </trkpt>
      <trkpt lat="38.817196" lon="121.14759">
        <ele>51.393116</ele>
        <time>2014-06-04T10:09:47.224000Z</time>
      </trkpt>
      <trkpt lat="38.817158" lon="121.14772">
        <ele>52.837498</ele>
        <time>2014-06-04T10:09:50.397000Z</time>
      </trkpt>
      <trkpt lat="38.817154" lon="121.147865">
        <ele>54.159325</ele>
        <time>2014-06-04T10:09:53.570000Z</time>
      </trkpt>
      <trkpt lat="38.81719" lon="121.14797">
        <ele>54.491535</ele>
        <time>2014-06-04T10:09:56.743000Z</time>
      </trkpt>
      <trkpt lat="38.817253" lon="121.14809">
        <ele>53.195076</ele>
        <time>2014-06-04T10:09:59.916000Z</time>
      </trkpt>
      <trkpt lat="38.817345" lon="121.1482">
        <ele>50.508007</ele>
        <time>2014-06-04T10:10:03.089000Z</time>
      </trkpt>
      <trkpt lat="38.817432" lon="121.14827">
        <ele>47.637573</ele>
        <time>2014-06-04T10:10:06.262000Z</time>
      </trkpt>
      <trkpt lat="38.817528" lon="121.1483">
        <ele>45.815655</ele>
        <time>2014-06-04T10:10:09.435000Z</time>
      </trkpt>
      <trkpt lat="38.81765" lon="121.148315">
        <ele>45.294697</ele>
        <time>2014-06-04T10:10:12.608000Z</time>
      </trkpt>
      <trkpt lat="38.817745" lon="121.14832">
        <ele>45.26476</ele>
        <time>2014-06-04T10:10:15.781000Z</time>
      </trkpt>
      <trkpt lat="38.817856" lon="121.14833">
        <ele>45.355644</ele>
        <time>2014-06-04T10:10:18.954000Z</time>
      </trkpt>
      <trkpt lat="38.81796" lon="121.14833">
        <ele>45.83298</ele>
        <time>2014-06-04T10:10:22.127000Z</time>
      </trkpt>
      <trkpt lat="38.818054" lon="121.14834">
        <ele>46.965843</ele>
        <time>2014-06-04T10:10:25.300000Z</time>
      </trkpt>
      <trkpt lat="38.818157" lon="121.14833">
        <ele>48.547836</ele>
        <time>2014-06-04T10:10:28.473000Z</time>
      </trkpt>
      <trkpt lat="38.818253" lon="121.14834">
        <ele>49.91513</ele>
        <time>2014-06-04T10:10:31.646000Z</time>
      </trkpt>
      <trkpt lat="38.81836" lon="121.14834">
        <ele>50.806564</ele>
        <time>2014-06-04T10:10:34.819000Z</time>
      </trkpt>
      <trkpt lat="38.81846" lon="121.1483">
        <ele>51.58896</ele>
        <time>2014-06-04T10:10:37.992000Z</time>
      </trkpt>
      <trkpt lat="38.818558" lon="121.148224">
        <ele>51.98271</ele>
        <time>2014-06-04T10:10:41.165000Z</time>
      </trkpt>
      <trkpt lat="38.818638" lon="121.148125">
        <ele>51.597607</ele>
        <time>2014-06-04T10:10:44.338000Z</time>
      </trkpt>
      <trkpt lat="38.818687" lon="121.148026">
        <ele>50.511215</ele>
        <time>2014-06-04T10:10:47.511000Z</time>
      </trkpt>
      <trkpt lat="38.818714" lon="121.1479">
        <ele>49.136646</ele>
        <time>2014-06-04T10:10:50.684000Z</time>
      </trkpt>
      <trkpt lat="38.818718" lon="121.14774">
        <ele>48.106106</ele>
        <time>2014-06-04T10:10:53.857000Z</time>
      </trkpt>
      <trkpt lat="38.81869" lon="121.14762">
        <ele>47.703384</ele>
        <time>2014-06-04T10:10:57.030000Z</time>
      </trkpt>
      <trkpt lat="38.818634" lon="121.147484">
        <ele>47.3449</ele>
        <time>2014-06-04T10:11:00.203000Z</time>
      </trkpt>
      <trkpt lat="38.818565" lon="121.14741">
        <ele>46.590267</ele>
        <time>2014-06-04T10:11:03.376000Z</time>
      </trkpt>
      <trkpt lat="38.818478" lon="121.147354">
        <ele>46.139164</ele>
        <time>2014-06-04T10:11:06.549000Z</time>
      </trkpt>
      <trkpt lat="38.81838" lon="121.147316">
        <ele>46.71811</ele>
        <time>2014-06-04T10:11:09.722000Z</time>
      </trkpt>
      <trkpt lat="38.81827" lon="121.147316">
        <ele>47.889023</ele>
        <time>2014-06-04T10:11:12.895000Z</time>
      </trkpt>
      <trkpt lat="38.81816" lon="121.147316">
        <ele>49.21366</ele>
        <time>2014-06-04T10:11:16.068000Z</time>
      </trkpt>
      <trkpt lat="38.81806" lon="121.14731">
        <ele>50.254757</ele>
        <time>2014-06-04T10:11:19.241000Z</time>
      </trkpt>
      <trkpt lat="38.81797" lon="121.14731">
        <ele>50.78219</ele>
        <time>2014-06-04T10:11:22.414000Z</time>
      </trkpt>
      <trkpt lat="38.817875" lon="121.14731">
        <ele>51.12887</ele>
        <time>2014-06-04T10:11:25.587000Z</time>
      </trkpt>
      <trkpt lat="38.817753" lon="121.14731">
        <ele>51.431915</ele>
        <time>2014-06-04T10:11:28.760000Z</time>
      </trkpt>
      <trkpt lat="38.81765" lon="121.1473">
        <ele>51.58611</ele>
        <time>2014-06-04T10:11:31.933000Z</time>
      </trkpt>
      <trkpt lat="38.81755" lon="121.1473">
        <ele>52.03804</ele>
        <time>2014-06-04T10:11:35.106000Z</time>
      </trkpt>
      <trkpt lat="38.81744" lon="121.147316">
        <ele>52.92317</ele>
        <time>2014-06-04T10:11:38.279000Z</time>
      </trkpt>
      <trkpt lat="38.817345" lon="121.14738">
        <ele>53.778046</ele>
        <time>2014-06-04T10:11:41.452000Z</time>
      </trkpt>
      <trkpt lat="38.81727" lon="121.14746">
        <ele>54.076237</ele>
        <time>2014-06-04T10:11:44.625000Z</time>
      </trkpt>
      <trkpt lat="38.81722" lon="121.14757">
        <ele>54.014473</ele>
        <time>2014-06-04T10:11:47.798000Z</time>
      </trkpt>
      <trkpt lat="38.817184" lon="121.14768">
        <ele>53.97599</ele>
        <time>2014-06-04T10:11:50.971000Z</time>
      </trkpt>
      <trkpt lat="38.817165" lon="121.1478">
        <ele>53.994686</ele>
        <time>2014-06-04T10:11:54.144000Z</time>
      </trkpt>
      <trkpt lat="38.81718" lon="121.14795">
        <ele>53.852787</ele>
        <time>2014-06-04T10:11:57.317000Z</time>
      </trkpt>
      <trkpt lat="38.81724" lon="121.14809">
        <ele>53.2251</ele>
        <time>2014-06-04T10:12:00.490000Z</time>
      </trkpt>
      <trkpt lat="38.817303" lon="121.14817">
        <ele>51.924454</ele>
        <time>2014-06-04T10:12:03.663000Z</time>
      </trkpt>
      <trkpt lat="38.817394" lon="121.148254">
        <ele>50.051704</ele>
        <time>2014-06-04T10:12:06.836000Z</time>
      </trkpt>
      <trkpt lat="38.817505" lon="121.1483">
        <ele>48.052868</ele>
        <time>2014-06-04T10:12:10.009000Z</time>
      </trkpt>
      <trkpt lat="38.817604" lon="121.14832">
        <ele>46.802956</ele>
        <time>2014-06-04T10:12:13.182000Z</time>
      </trkpt>
      <trkpt lat="38.817703" lon="121.14833">
        <ele>47.086506</ele>
        <time>2014-06-04T10:12:16.355000Z</time>
      </trkpt>
      <trkpt lat="38.81781" lon="121.14833">
        <ele>48.86908</ele>
        <time>2014-06-04T10:12:19.528000Z</time>
      </trkpt>
      <trkpt lat="38.817924" lon="121.14835">
        <ele>51.53766</ele>
        <time>2014-06-04T10:12:22.701000Z</time>
      </trkpt>
      <trkpt lat="38.81804" lon="121.14835">
        <ele>54.0937</ele>
        <time>2014-06-04T10:12:25.873000Z</time>
      </trkpt>
      <trkpt lat="38.818134" lon="121.14835">
        <ele>55.646873</ele>
        <time>2014-06-04T10:12:29.045000Z</time>
      </trkpt>
      <trkpt lat="38.818245" lon="121.14836">
        <ele>56.535164</ele>
        <time>2014-06-04T10:12:32.217000Z</time>
      </trkpt>
      <trkpt lat="38.81834" lon="121.14835">
        <ele>57.591717</ele>
        <time>2014-06-04T10:12:35.389000Z</time>
      </trkpt>
      <trkpt lat="38.818436" lon="121.14834">
        <ele>58.38936</ele>
        <time>2014-06-04T10:12:38.561000Z</time>
      </trkpt>
      <trkpt lat="38.818535" lon="121.14827">
        <ele>58.11829</ele>
        <time>2014-06-04T10:12:41.733000Z</time>
      </trkpt>
      <trkpt lat="38.818623" lon="121.14818">
        <ele>56.89053</ele>
        <time>2014-06-04T10:12:44.905000Z</time>
      </trkpt>
      <trkpt lat="38.818687" lon="121.14805">
        <ele>55.048763</ele>
        <time>2014-06-04T10:12:48.077000Z</time>
      </trkpt>
      <trkpt lat="38.818718" lon="121.147934">
        <ele>52.81947</ele>
        <time>2014-06-04T10:12:51.249000Z</time>
      </trkpt>
      <trkpt lat="38.81873" lon="121.14782">
        <ele>50.78733</ele>
        <time>2014-06-04T10:12:54.421000Z</time>
      </trkpt>
      <trkpt lat="38.818718" lon="121.14768">
        <ele>49.463043</ele>
        <time>2014-06-04T10:12:57.593000Z</time>
      </trkpt>
      <trkpt lat="38.818676" lon="121.14756">
        <ele>48.635826</ele>
        <time>2014-06-04T10:13:00.765000Z</time>
      </trkpt>
      <trkpt lat="38.818623" lon="121.14746">
        <ele>47.966164</ele>
        <time>2014-06-04T10:13:03.937000Z</time>
      </trkpt>
      <trkpt lat="38.81855" lon="121.147385">
        <ele>47.477203</ele>
        <time>2014-06-04T10:13:07.109000Z</time>
      </trkpt>
      <trkpt lat="38.81846" lon="121.14733">
        <ele>47.246014</ele>
        <time>2014-06-04T10:13:10.281000Z</time>
      </trkpt>
      <trkpt lat="38.818356" lon="121.14731">
        <ele>47.20129</ele>
        <time>2014-06-04T10:13:13.453000Z</time>
      </trkpt>
      <trkpt lat="38.81826" lon="121.14731">
        <ele>47.214638</ele>
        <time>2014-06-04T10:13:16.625000Z</time>
      </trkpt>
      <trkpt lat="38.81815" lon="121.14731">
        <ele>47.703487</ele>
        <time>2014-06-04T10:13:19.797000Z</time>
      </trkpt>
      <trkpt lat="38.81805" lon="121.14731">
        <ele>49.165997</ele>
        <time>2014-06-04T10:13:22.969000Z</time>
      </trkpt>
      <trkpt lat="38.817944" lon="121.1473">
        <ele>51.003628</ele>
        <time>2014-06-04T10:13:26.141000Z</time>
      </trkpt>
      <trkpt lat="38.81785" lon="121.14729">
        <ele>52.18516</ele>
        <time>2014-06-04T10:13:29.313000Z</time>
      </trkpt>
      <trkpt lat="38.81774" lon="121.147285">
        <ele>52.54801</ele>
        <time>2014-06-04T10:13:32.485000Z</time>
      </trkpt>
      <trkpt lat="38.81763" lon="121.14728">
        <ele>52.33679</ele>
        <time>2014-06-04T10:13:35.657000Z</time>
      </trkpt>
      <trkpt lat="38.81752" lon="121.14728">
        <ele>51.66676</ele>
        <time>2014-06-04T10:13:38.829000Z</time>
      </trkpt>
      <trkpt lat="38.817417" lon="121.147316">
        <ele>50.820724</ele>
        <time>2014-06-04T10:13:42.001000Z</time>
      </trkpt>
      <trkpt lat="38.81732" lon="121.147385">
        <ele>50.337574</ele>
        <time>2014-06-04T10:13:45.173000Z</time>
      </trkpt>
      <trkpt lat="38.81724" lon="121.14749">
        <ele>50.57767</ele>
        <time>2014-06-04T10:13:48.345000Z</time>
      </trkpt>
      <trkpt lat="38.81719" lon="121.1476">
        <ele>51.31961</ele>
        <time>2014-06-04T10:13:51.517000Z</time>
      </trkpt>
      <trkpt lat="38.817154" lon="121.14774">
        <ele>52.466656</ele>
        <time>2014-06-04T10:13:54.689000Z</time>
      </trkpt>
      <trkpt lat="38.81715" lon="121.14788">
        <ele>54.036556</ele>
        <time>2014-06-04T10:13:57.861000Z</time>
      </trkpt>
      <trkpt lat="38.817173" lon="121.147995">
        <ele>55.415775</ele>
        <time>2014-06-04T10:14:01.033000Z</time>
      </trkpt>
      <trkpt lat="38.817223" lon="121.14812">
        <ele>55.803837</ele>
        <time>2014-06-04T10:14:04.205000Z</time>
      </trkpt>
      <trkpt lat="38.817318" lon="121.1482">
        <ele>55.211475</ele>
        <time>2014-06-04T10:14:07.377000Z</time>
      </trkpt>
      <trkpt lat="38.81743" lon="121.14828">
        <ele>54.23275</ele>
        <time>2014-06-04T10:14:10.549000Z</time>
      </trkpt>
      <trkpt lat="38.817524" lon="121.14832">
        <ele>53.265667</ele>
        <time>2014-06-04T10:14:13.721000Z</time>
      </trkpt>
      <trkpt lat="38.817623" lon="121.14833">
        <ele>52.127636</ele>
        <time>2014-06-04T10:14:16.893000Z</time>
      </trkpt>
      <trkpt lat="38.817745" lon="121.14834">
        <ele>50.802185</ele>
        <time>2014-06-04T10:14:20.065000Z</time>
      </trkpt>
      <trkpt lat="38.817852" lon="121.14834">
        <ele>49.71093</ele>
        <time>2014-06-04T10:14:23.237000Z</time>
      </trkpt>
      <trkpt lat="38.817955" lon="121.148346">
        <ele>49.166447</ele>
        <time>2014-06-04T10:14:26.409000Z</time>
      </trkpt>
      <trkpt lat="38.81806" lon="121.148346">
        <ele>49.179985</ele>
        <time>2014-06-04T10:14:29.581000Z</time>
      </trkpt>
      <trkpt lat="38.81818" lon="121.148346">
        <ele>49.508236</ele>
        <time>2014-06-04T10:14:32.753000Z</time>
      </trkpt>
      <trkpt lat="38.81827" lon="121.14835">
        <ele>49.825203</ele>
        <time>2014-06-04T10:14:35.925000Z</time>
      </trkpt>
      <trkpt lat="38.81837" lon="121.148346">
        <ele>49.963444</ele>
        <time>2014-06-04T10:14:39.097000Z</time>
      </trkpt>
      <trkpt lat="38.81849" lon="121.14831">
        <ele>49.838127</ele>
        <time>2014-06-04T10:14:42.269000Z</time>
      </trkpt>
      <trkpt lat="38.8186" lon="121.14822">
        <ele>49.25301</ele>
        <time>2014-06-04T10:14:45.441000Z</time>
      </trkpt>
      <trkpt lat="38.818676" lon="121.148094">
        <ele>47.919704</ele>
        <time>2014-06-04T10:14:48.613000Z</time>
      </trkpt>
      <trkpt lat="38.818714" lon="121.14799">
        <ele>46.08452</ele>
        <time>2014-06-04T10:14:51.785000Z</time>
      </trkpt>
      <trkpt lat="38.818737" lon="121.14784">
        <ele>45.536358</ele>
        <time>2014-06-04T10:14:54.957000Z</time>
      </trkpt>
      <trkpt lat="38.818733" lon="121.147705">
        <ele>47.2637</ele>
        <time>2014-06-04T10:14:58.129000Z</time>
      </trkpt>
      <trkpt lat="38.81869" lon="121.14757">
        <ele>49.59143</ele>
        <time>2014-06-04T10:15:01.301000Z</time>
      </trkpt>
      <trkpt lat="38.81861" lon="121.147446">
        <ele>51.01685</ele>
        <time>2014-06-04T10:15:04.473000Z</time>
      </trkpt>
      <trkpt lat="38.818512" lon="121.14737">
        <ele>52.008224</ele>
        <time>2014-06-04T10:15:07.645000Z</time>
      </trkpt>
      <trkpt lat="38.81841" lon="121.14732">
        <ele>53.09499</ele>
        <time>2014-06-04T10:15:10.817000Z</time>
      </trkpt>
      <trkpt lat="38.818295" lon="121.14731">
        <ele>53.96624</ele>
        <time>2014-06-04T10:15:13.989000Z</time>
      </trkpt>
      <trkpt lat="38.818184" lon="121.14729">
        <ele>53.942326</ele>
        <time>2014-06-04T10:15:17.161000Z</time>
      </trkpt>
      <trkpt lat="38.81807" lon="121.147285">
        <ele>52.980328</ele>
        <time>2014-06-04T10:15:20.333000Z</time>
      </trkpt>
      <trkpt lat="38.817966" lon="121.147285">
        <ele>51.74948</ele>
        <time>2014-06-04T10:15:23.505000Z</time>
      </trkpt>
      <trkpt lat="38.817844" lon="121.147285">
        <ele>50.518276</ele>
        <time>2014-06-04T10:15:26.677000Z</time>
      </trkpt>
      <trkpt lat="38.817726" lon="121.14728">
        <ele>49.2311</ele>
        <time>2014-06-04T10:15:29.849000Z</time>
      </trkpt>
      <trkpt lat="38.817604" lon="121.14727">
        <ele>48.5753</ele>
        <time>2014-06-04T10:15:33.021000Z</time>
      </trkpt>
      <trkpt lat="38.817493" lon="121.14729">
        <ele>49.34152</ele>
        <time>2014-06-04T10:15:36.193000Z</time>
      </trkpt>
      <trkpt lat="38.817375" lon="121.147354">
        <ele>51.185783</ele>
        <time>2014-06-04T10:15:39.365000Z</time>
      </trkpt>
      <trkpt lat="38.817276" lon="121.14744">
        <ele>52.949966</ele>
        <time>2014-06-04T10:15:42.537000Z</time>
      </trkpt>
      <trkpt lat="38.81721" lon="121.14755">
        <ele>53.878582</ele>
        <time>2014-06-04T10:15:45.709000Z</time>
      </trkpt>
      <trkpt lat="38.817173" lon="121.14766">
        <ele>53.815094</ele>
        <time>2014-06-04T10:15:48.881000Z</time>
      </trkpt>
      <trkpt lat="38.817158" lon="121.14779">
        <ele>52.60537</ele>
        <time>2014-06-04T10:15:52.053000Z</time>
      </trkpt>
      <trkpt lat="38.817173" lon="121.14793">
        <ele>50.681488</ele>
        <time>2014-06-04T10:15:55.225000Z</time>
      </trkpt>
      <trkpt lat="38.81722" lon="121.14806">
        <ele>49.25508</ele>
        <time>2014-06-04T10:15:58.397000Z</time>
      </trkpt>
      <trkpt lat="38.817272" lon="121.148155">
        <ele>48.913803</ele>
        <time>2014-06-04T10:16:01.569000Z</time>
      </trkpt>
      <trkpt lat="38.817345" lon="121.14823">
        <ele>49.35528</ele>
        <time>2014-06-04T10:16:04.741000Z</time>
      </trkpt>
      <trkpt lat="38.817448" lon="121.14829">
        <ele>50.355717</ele>
        <time>2014-06-04T10:16:07.913000Z</time>
      </trkpt>
      <trkpt lat="38.817562" lon="121.148315">
        <ele>51.586193</ele>
        <time>2014-06-04T10:16:11.085000Z</time>
      </trkpt>
      <trkpt lat="38.817562" lon="121.148315">
        <ele>52.313114</ele>
        <time>2014-06-04T10:16:14.257000Z</time>
      </trkpt>
      <trkpt lat="38.817657" lon="121.148315">
        <time>2014-06-04T10:16:17.429000Z</time>
      </trkpt>
    </trkseg>
  </trk>
</gpx>