<?xml version="1.0" encoding="UTF-8"?>
<gpx xmlns="http://www.topografix.com/GPX/1/1" xmlns:gpxtpx="http://www.garmin.com/xmlschemas/TrackPointExtension/v1" xmlns:xsi="http://www.w3.org/2001/XMLSchema-instance" xsi:schemaLocation="http://www.topografix.com/GPX/1/1 http://www.topografix.com/GPX/1/1/gpx.xsd" version="1.1" creator="gpx.py -- https://github.com/tkrajina/gpxpy">
  <trk>
    <trkseg>
      <trkpt lat="38.818565" lon="121.14828">
        <ele>54.270275</ele>
        <time>2014-07-08T11:21:08.363000Z</time>
      </trkpt>
      <trkpt lat="38.818577" lon="121.14827">
        <ele>52.947304</ele>
        <time>2014-07-08T11:21:11.720000Z</time>
      </trkpt>
      <trkpt lat="38.81865" lon="121.14818">
        <ele>52.258118</ele>
        <time>2014-07-08T11:21:15.077000Z</time>
      </trkpt>
      <trkpt lat="38.81865" lon="121.14818">
        <ele>51.800667</ele>
        <time>2014-07-08T11:21:18.434000Z</time>
      </trkpt>
      <trkpt lat="38.8187" lon="121.14808">
        <ele>50.872833</ele>
        <time>2014-07-08T11:21:21.791000Z</time>
      </trkpt>
      <trkpt lat="38.81873" lon="121.14795">
        <ele>49.494377</ele>
        <time>2014-07-08T11:21:25.148000Z</time>
      </trkpt>
      <trkpt lat="38.818745" lon="121.14782">
        <ele>48.811623</ele>
        <time>2014-07-08T11:21:28.505000Z</time>
      </trkpt>
      <trkpt lat="38.818726" lon="121.14769">
        <ele>49.092594</ele>
        <time>2014-07-08T11:21:31.862000Z</time>
      </trkpt>
      <trkpt lat="38.818684" lon="121.14757">
        <ele>49.592545</ele>
        <time>2014-07-08T11:21:35.219000Z</time>
      </trkpt>
      <trkpt lat="38.81862" lon="121.14747">
        <ele>50.504562</ele>
        <time>2014-07-08T11:21:38.576000Z</time>
      </trkpt>
      <trkpt lat="38.81852" lon="121.1474">
        <ele>51.960403</ele>
        <time>2014-07-08T11:21:41.933000Z</time>
      </trkpt>
      <trkpt lat="38.81842" lon="121.14736">
        <ele>52.894707</ele>
        <time>2014-07-08T11:21:45.290000Z</time>
      </trkpt>
      <trkpt lat="38.818325" lon="121.14732">
        <ele>52.548306</ele>
        <time>2014-07-08T11:21:48.647000Z</time>
      </trkpt>
      <trkpt lat="38.818214" lon="121.14731">
        <ele>51.71638</ele>
        <time>2014-07-08T11:21:52.004000Z</time>
      </trkpt>
      <trkpt lat="38.818123" lon="121.14729">
        <ele>51.258186</ele>
        <time>2014-07-08T11:21:55.361000Z</time>
      </trkpt>
      <trkpt lat="38.818027" lon="121.14729">
        <ele>50.696613</ele>
        <time>2014-07-08T11:21:58.718000Z</time>
      </trkpt>
      <trkpt lat="38.817936" lon="121.14729">
        <ele>49.32245</ele>
        <time>2014-07-08T11:22:02.075000Z</time>
      </trkpt>
      <trkpt lat="38.81784" lon="121.147285">
        <ele>47.699417</ele>
        <time>2014-07-08T11:22:05.432000Z</time>
      </trkpt>
      <trkpt lat="38.817726" lon="121.147285">
        <ele>46.811123</ele>
        <time>2014-07-08T11:22:08.789000Z</time>
      </trkpt>
      <trkpt lat="38.817635" lon="121.147285">
        <ele>46.916897</ele>
        <time>2014-07-08T11:22:12.146000Z</time>
      </trkpt>
      <trkpt lat="38.817528" lon="121.14731">
        <ele>47.713055</ele>
        <time>2014-07-08T11:22:15.503000Z</time>
      </trkpt>
      <trkpt lat="38.817432" lon="121.14736">
        <ele>48.510998</ele>
        <time>2014-07-08T11:22:18.860000Z</time>
      </trkpt>
      <trkpt lat="38.817352" lon="121.14744">
        <ele>48.49093</ele>
        <time>2014-07-08T11:22:22.217000Z</time>
      </trkpt>
      <trkpt lat="38.817287" lon="121.147545">
        <ele>47.570568</ele>
        <time>2014-07-08T11:22:25.574000Z</time>
      </trkpt>
      <trkpt lat="38.81724" lon="121.14766">
        <ele>46.688107</ele>
        <time>2014-07-08T11:22:28.931000Z</time>
      </trkpt>
      <trkpt lat="38.81723" lon="121.14779">
        <ele>46.580585</ele>
        <time>2014-07-08T11:22:32.288000Z</time>
      </trkpt>
      <trkpt lat="38.817253" lon="121.147934">
        <ele>46.909775</ele>
        <time>2014-07-08T11:22:35.645000Z</time>
      </trkpt>
      <trkpt lat="38.8173" lon="121.148056">
        <ele>47.568707</ele>
        <time>2014-07-08T11:22:39.002000Z</time>
      </trkpt>
      <trkpt lat="38.817364" lon="121.14817">
        <ele>48.93613</ele>
        <time>2014-07-08T11:22:42.359000Z</time>
      </trkpt>
      <trkpt lat="38.817444" lon="121.148224">
        <ele>50.643215</ele>
        <time>2014-07-08T11:22:45.716000Z</time>
      </trkpt>
      <trkpt lat="38.81754" lon="121.148254">
        <ele>51.9216</ele>
        <time>2014-07-08T11:22:49.073000Z</time>
      </trkpt>
      <trkpt lat="38.81764" lon="121.14828">
        <ele>52.738068</ele>
        <time>2014-07-08T11:22:52.430000Z</time>
      </trkpt>
      <trkpt lat="38.817734" lon="121.14826">
        <ele>53.288918</ele>
        <time>2014-07-08T11:22:55.787000Z</time>
      </trkpt>
      <trkpt lat="38.817837" lon="121.14826">
        <ele>53.69604</ele>
        <time>2014-07-08T11:22:59.144000Z</time>
      </trkpt>
      <trkpt lat="38.81794" lon="121.148285">
        <ele>53.957695</ele>
        <time>2014-07-08T11:23:02.501000Z</time>
      </trkpt>
      <trkpt lat="38.81804" lon="121.14829">
        <ele>53.773174</ele>
        <time>2014-07-08T11:23:05.858000Z</time>
      </trkpt>
      <trkpt lat="38.81814" lon="121.1483">
        <ele>53.17167</ele>
        <time>2014-07-08T11:23:09.215000Z</time>
      </trkpt>
      <trkpt lat="38.818237" lon="121.14831">
        <ele>52.98273</ele>
        <time>2014-07-08T11:23:12.572000Z</time>
      </trkpt>
      <trkpt lat="38.818344" lon="121.148315">
        <ele>53.62764</ele>
        <time>2014-07-08T11:23:15.929000Z</time>
      </trkpt>
      <trkpt lat="38.818436" lon="121.14829">
        <ele>54.518444</ele>
        <time>2014-07-08T11:23:19.286000Z</time>
      </trkpt>
      <trkpt lat="38.81854" lon="121.148254">
        <ele>54.863567</ele>
        <time>2014-07-08T11:23:22.643000Z</time>
      </trkpt>
      <trkpt lat="38.818615" lon="121.148186">
        <ele>54.439465</ele>
        <time>2014-07-08T11:23:26Z</time>
      </trkpt>
      <trkpt lat="38.818665" lon="121.14809">
        <ele>53.74618</ele>
        <time>2014-07-08T11:23:29.357000Z</time>
      </trkpt>
      <trkpt lat="38.818703" lon="121.14796">
        <ele>53.43531</ele>
        <time>2014-07-08T11:23:32.714000Z</time>
      </trkpt>
      <trkpt lat="38.818718" lon="121.14784">
        <ele>53.483524</ele>
        <time>2014-07-08T11:23:36.071000Z</time>
      </trkpt>
      <trkpt lat="38.818707" lon="121.14771">
        <ele>52.945168</ele>
        <time>2014-07-08T11:23:39.428000Z</time>
      </trkpt>
      <trkpt lat="38.81867" lon="121.14758">
        <ele>51.295765</ele>
        <time>2014-07-08T11:23:42.785000Z</time>
      </trkpt>
      <trkpt lat="38.818592" lon="121.14748">
        <ele>49.46759</ele>
        <time>2014-07-08T11:23:46.142000Z</time>
      </trkpt>
      <trkpt lat="38.8185" lon="121.14742">
        <ele>48.61235</ele>
        <time>2014-07-08T11:23:49.499000Z</time>
      </trkpt>
      <trkpt lat="38.818386" lon="121.14739">
        <ele>48.887463</ele>
        <time>2014-07-08T11:23:52.856000Z</time>
      </trkpt>
      <trkpt lat="38.81829" lon="121.14738">
        <ele>50.67396</ele>
        <time>2014-07-08T11:23:56.213000Z</time>
      </trkpt>
      <trkpt lat="38.81818" lon="121.14736">
        <ele>53.734337</ele>
        <time>2014-07-08T11:23:59.570000Z</time>
      </trkpt>
      <trkpt lat="38.81808" lon="121.14736">
        <ele>55.85257</ele>
        <time>2014-07-08T11:24:02.927000Z</time>
      </trkpt>
      <trkpt lat="38.817978" lon="121.147354">
        <ele>55.16209</ele>
        <time>2014-07-08T11:24:06.284000Z</time>
      </trkpt>
      <trkpt lat="38.81788" lon="121.147354">
        <ele>52.730167</ele>
        <time>2014-07-08T11:24:09.641000Z</time>
      </trkpt>
      <trkpt lat="38.81777" lon="121.14735">
        <ele>51.293564</ele>
        <time>2014-07-08T11:24:12.998000Z</time>
      </trkpt>
      <trkpt lat="38.817673" lon="121.147354">
        <ele>52.040573</ele>
        <time>2014-07-08T11:24:16.355000Z</time>
      </trkpt>
      <trkpt lat="38.817574" lon="121.147354">
        <ele>53.58755</ele>
        <time>2014-07-08T11:24:19.712000Z</time>
      </trkpt>
      <trkpt lat="38.81747" lon="121.14738">
        <ele>54.383625</ele>
        <time>2014-07-08T11:24:23.069000Z</time>
      </trkpt>
      <trkpt lat="38.817383" lon="121.14745">
        <ele>54.113724</ele>
        <time>2014-07-08T11:24:26.426000Z</time>
      </trkpt>
      <trkpt lat="38.817303" lon="121.147545">
        <ele>53.387848</ele>
        <time>2014-07-08T11:24:29.783000Z</time>
      </trkpt>
      <trkpt lat="38.817253" lon="121.14765">
        <ele>52.572697</ele>
        <time>2014-07-08T11:24:33.140000Z</time>
      </trkpt>
      <trkpt lat="38.817223" lon="121.1478">
        <ele>51.42286</ele>
        <time>2014-07-08T11:24:36.497000Z</time>
      </trkpt>
      <trkpt lat="38.817226" lon="121.14793">
        <ele>50.094723</ele>
        <time>2014-07-08T11:24:39.854000Z</time>
      </trkpt>
      <trkpt lat="38.817257" lon="121.14803">
        <ele>48.88076</ele>
        <time>2014-07-08T11:24:43.211000Z</time>
      </trkpt>
      <trkpt lat="38.817326" lon="121.14815">
        <ele>47.77094</ele>
        <time>2014-07-08T11:24:46.568000Z</time>
      </trkpt>
      <trkpt lat="38.81741" lon="121.14822">
        <ele>46.956455</ele>
        <time>2014-07-08T11:24:49.925000Z</time>
      </trkpt>
      <trkpt lat="38.81751" lon="121.14825">
        <ele>47.06725</ele>
        <time>2014-07-08T11:24:53.282000Z</time>
      </trkpt>
      <trkpt lat="38.817623" lon="121.14826">
        <ele>48.583736</ele>
        <time>2014-07-08T11:24:56.639000Z</time>
      </trkpt>
      <trkpt lat="38.817734" lon="121.14827">
        <ele>50.633884</ele>
        <time>2014-07-08T11:24:59.996000Z</time>
      </trkpt>
      <trkpt lat="38.817825" lon="121.14826">
        <ele>51.90855</ele>
        <time>2014-07-08T11:25:03.353000Z</time>
      </trkpt>
      <trkpt lat="38.817944" lon="121.14827">
        <ele>52.25964</ele>
        <time>2014-07-08T11:25:06.710000Z</time>
      </trkpt>
      <trkpt lat="38.818043" lon="121.14829">
        <ele>51.842537</ele>
        <time>2014-07-08T11:25:10.067000Z</time>
      </trkpt>
      <trkpt lat="38.818146" lon="121.14829">
        <ele>51.019245</ele>
        <time>2014-07-08T11:25:13.424000Z</time>
      </trkpt>
      <trkpt lat="38.818256" lon="121.148285">
        <ele>50.39724</ele>
        <time>2014-07-08T11:25:16.781000Z</time>
      </trkpt>
      <trkpt lat="38.818356" lon="121.14829">
        <ele>50.23017</ele>
        <time>2014-07-08T11:25:20.138000Z</time>
      </trkpt>
      <trkpt lat="38.818466" lon="121.14828">
        <ele>50.453247</ele>
        <time>2014-07-08T11:25:23.495000Z</time>
      </trkpt>
      <trkpt lat="38.818558" lon="121.14822">
        <ele>50.925095</ele>
        <time>2014-07-08T11:25:26.852000Z</time>
      </trkpt>
      <trkpt lat="38.818634" lon="121.14814">
        <ele>51.24678</ele>
        <time>2014-07-08T11:25:30.209000Z</time>
      </trkpt>
      <trkpt lat="38.818687" lon="121.14803">
        <ele>51.159718</ele>
        <time>2014-07-08T11:25:33.566000Z</time>
      </trkpt>
      <trkpt lat="38.818707" lon="121.147896">
        <ele>50.69182</ele>
        <time>2014-07-08T11:25:36.923000Z</time>
      </trkpt>
      <trkpt lat="38.8187" lon="121.14775">
        <ele>50.126736</ele>
        <time>2014-07-08T11:25:40.280000Z</time>
      </trkpt>
      <trkpt lat="38.818676" lon="121.14764">
        <ele>49.685505</ele>
        <time>2014-07-08T11:25:43.637000Z</time>
      </trkpt>
      <trkpt lat="38.81861" lon="121.14752">
        <ele>49.474525</ele>
        <time>2014-07-08T11:25:46.994000Z</time>
      </trkpt>
      <trkpt lat="38.818523" lon="121.147446">
        <ele>49.78041</ele>
        <time>2014-07-08T11:25:50.351000Z</time>
      </trkpt>
      <trkpt lat="38.818424" lon="121.1474">
        <ele>50.596737</ele>
        <time>2014-07-08T11:25:53.708000Z</time>
      </trkpt>
      <trkpt lat="38.818317" lon="121.14738">
        <ele>51.456932</ele>
        <time>2014-07-08T11:25:57.065000Z</time>
      </trkpt>
      <trkpt lat="38.81822" lon="121.14737">
        <ele>52.06174</ele>
        <time>2014-07-08T11:26:00.422000Z</time>
      </trkpt>
      <trkpt lat="38.818115" lon="121.14736">
        <ele>52.441074</ele>
        <time>2014-07-08T11:26:03.779000Z</time>
      </trkpt>
      <trkpt lat="38.818016" lon="121.14736">
        <ele>52.692505</ele>
        <time>2014-07-08T11:26:07.136000Z</time>
      </trkpt>
      <trkpt lat="38.817917" lon="121.14736">
        <ele>52.931614</ele>
        <time>2014-07-08T11:26:10.493000Z</time>
      </trkpt>
      <trkpt lat="38.81782" lon="121.14738">
        <ele>53.20948</ele>
        <time>2014-07-08T11:26:13.850000Z</time>
      </trkpt>
      <trkpt lat="38.81771" lon="121.14738">
        <ele>53.481823</ele>
        <time>2014-07-08T11:26:17.207000Z</time>
      </trkpt>
      <trkpt lat="38.8176" lon="121.14738">
        <ele>53.643963</ele>
        <time>2014-07-08T11:26:20.564000Z</time>
      </trkpt>
      <trkpt lat="38.8175" lon="121.14738">
        <ele>53.811085</ele>
        <time>2014-07-08T11:26:23.921000Z</time>
      </trkpt>
      <trkpt lat="38.817413" lon="121.14742">
        <ele>54.1469</ele>
        <time>2014-07-08T11:26:27.278000Z</time>
      </trkpt>
      <trkpt lat="38.81733" lon="121.14751">
        <ele>54.52804</ele>
        <time>2014-07-08T11:26:30.635000Z</time>
      </trkpt>
      <trkpt lat="38.817276" lon="121.14764">
        <ele>54.13462</ele>
        <time>2014-07-08T11:26:33.992000Z</time>
      </trkpt>
      <trkpt lat="38.81725" lon="121.14776">
        <ele>52.209343</ele>
        <time>2014-07-08T11:26:37.349000Z</time>
      </trkpt>
      <trkpt lat="38.817257" lon="121.14791">
        <ele>49.458218</ele>
        <time>2014-07-08T11:26:40.706000Z</time>
      </trkpt>
      <trkpt lat="38.81729" lon="121.14805">
        <ele>47.38771</ele>
        <time>2014-07-08T11:26:44.063000Z</time>
      </trkpt>
      <trkpt lat="38.81736" lon="121.148155">
        <ele>46.669113</ele>
        <time>2014-07-08T11:26:47.420000Z</time>
      </trkpt>
      <trkpt lat="38.81747" lon="121.14822">
        <ele>46.9851</ele>
        <time>2014-07-08T11:26:50.777000Z</time>
      </trkpt>
      <trkpt lat="38.81756" lon="121.14825">
        <ele>47.546135</ele>
        <time>2014-07-08T11:26:54.134000Z</time>
      </trkpt>
      <trkpt lat="38.81766" lon="121.14825">
        <ele>47.79143</ele>
        <time>2014-07-08T11:26:57.491000Z</time>
      </trkpt>
      <trkpt lat="38.81776" lon="121.14825">
        <ele>47.756805</ele>
        <time>2014-07-08T11:27:00.848000Z</time>
      </trkpt>
      <trkpt lat="38.817856" lon="121.14825">
        <ele>47.718395</ele>
        <time>2014-07-08T11:27:04.205000Z</time>
      </trkpt>
      <trkpt lat="38.81795" lon="121.148254">
        <ele>47.8805</ele>
        <time>2014-07-08T11:27:07.562000Z</time>
      </trkpt>
      <trkpt lat="38.81805" lon="121.14827">
        <ele>48.21785</ele>
        <time>2014-07-08T11:27:10.919000Z</time>
      </trkpt>
      <trkpt lat="38.818153" lon="121.14827">
        <ele>48.536743</ele>
        <time>2014-07-08T11:27:14.276000Z</time>
      </trkpt>
      <trkpt lat="38.818264" lon="121.14827">
        <ele>49.195934</ele>
        <time>2014-07-08T11:27:17.633000Z</time>
      </trkpt>
      <trkpt lat="38.818375" lon="121.14828">
        <ele>50.58039</ele>
        <time>2014-07-08T11:27:20.990000Z</time>
      </trkpt>
      <trkpt lat="38.81848" lon="121.14827">
        <ele>52.030968</ele>
        <time>2014-07-08T11:27:24.347000Z</time>
      </trkpt>
      <trkpt lat="38.818558" lon="121.14821">
        <ele>52.62329</ele>
        <time>2014-07-08T11:27:27.704000Z</time>
      </trkpt>
      <trkpt lat="38.81863" lon="121.14812">
        <ele>52.099342</ele>
        <time>2014-07-08T11:27:31.061000Z</time>
      </trkpt>
      <trkpt lat="38.818684" lon="121.148">
        <ele>50.900017</ele>
        <time>2014-07-08T11:27:34.418000Z</time>
      </trkpt>
      <trkpt lat="38.818703" lon="121.147865">
        <ele>50.06721</ele>
        <time>2014-07-08T11:27:37.775000Z</time>
      </trkpt>
      <trkpt lat="38.8187" lon="121.14775">
        <ele>50.108776</ele>
        <time>2014-07-08T11:27:41.132000Z</time>
      </trkpt>
      <trkpt lat="38.818657" lon="121.14762">
        <ele>50.27613</ele>
        <time>2014-07-08T11:27:44.489000Z</time>
      </trkpt>
      <trkpt lat="38.818573" lon="121.147514">
        <ele>49.876575</ele>
        <time>2014-07-08T11:27:47.846000Z</time>
      </trkpt>
      <trkpt lat="38.818478" lon="121.14743">
        <ele>49.251236</ele>
        <time>2014-07-08T11:27:51.203000Z</time>
      </trkpt>
      <trkpt lat="38.818367" lon="121.14739">
        <ele>49.06732</ele>
        <time>2014-07-08T11:27:54.560000Z</time>
      </trkpt>
      <trkpt lat="38.818253" lon="121.147385">
        <ele>49.50577</ele>
        <time>2014-07-08T11:27:57.917000Z</time>
      </trkpt>
      <trkpt lat="38.81815" lon="121.14738">
        <ele>50.749752</ele>
        <time>2014-07-08T11:28:01.274000Z</time>
      </trkpt>
      <trkpt lat="38.81805" lon="121.14738">
        <ele>52.64521</ele>
        <time>2014-07-08T11:28:04.631000Z</time>
      </trkpt>
      <trkpt lat="38.817936" lon="121.147385">
        <ele>53.93255</ele>
        <time>2014-07-08T11:28:07.988000Z</time>
      </trkpt>
      <trkpt lat="38.817837" lon="121.14736">
        <ele>53.755604</ele>
        <time>2014-07-08T11:28:11.345000Z</time>
      </trkpt>
      <trkpt lat="38.817734" lon="121.14734">
        <ele>53.619064</ele>
        <time>2014-07-08T11:28:14.702000Z</time>
      </trkpt>
      <trkpt lat="38.81763" lon="121.147316">
        <ele>54.844784</ele>
        <time>2014-07-08T11:28:18.059000Z</time>
      </trkpt>
      <trkpt lat="38.81752" lon="121.14732">
        <ele>56.19257</ele>
        <time>2014-07-08T11:28:21.416000Z</time>
      </trkpt>
      <trkpt lat="38.817425" lon="121.147354">
        <ele>56.090885</ele>
        <time>2014-07-08T11:28:24.773000Z</time>
      </trkpt>
      <trkpt lat="38.81733" lon="121.147446">
        <ele>54.947525</ele>
        <time>2014-07-08T11:28:28.130000Z</time>
      </trkpt>
      <trkpt lat="38.817272" lon="121.14754">
        <ele>53.91906</ele>
        <time>2014-07-08T11:28:31.487000Z</time>
      </trkpt>
      <trkpt lat="38.817226" lon="121.14766">
        <ele>53.48549</ele>
        <time>2014-07-08T11:28:34.844000Z</time>
      </trkpt>
      <trkpt lat="38.81721" lon="121.14779">
        <ele>52.844643</ele>
        <time>2014-07-08T11:28:38.201000Z</time>
      </trkpt>
      <trkpt lat="38.817226" lon="121.14792">
        <ele>51.34617</ele>
        <time>2014-07-08T11:28:41.558000Z</time>
      </trkpt>
      <trkpt lat="38.817257" lon="121.148056">
        <ele>49.78654</ele>
        <time>2014-07-08T11:28:44.915000Z</time>
      </trkpt>
      <trkpt lat="38.81731" lon="121.14816">
        <ele>48.98303</ele>
        <time>2014-07-08T11:28:48.272000Z</time>
      </trkpt>
      <trkpt lat="38.817406" lon="121.14823">
        <ele>48.71635</ele>
        <time>2014-07-08T11:28:51.629000Z</time>
      </trkpt>
      <trkpt lat="38.81751" lon="121.14827">
        <ele>48.687088</ele>
        <time>2014-07-08T11:28:54.986000Z</time>
      </trkpt>
      <trkpt lat="38.817627" lon="121.14827">
        <ele>48.805225</ele>
        <time>2014-07-08T11:28:58.343000Z</time>
      </trkpt>
      <trkpt lat="38.81772" lon="121.14827">
        <ele>49.02127</ele>
        <time>2014-07-08T11:29:01.700000Z</time>
      </trkpt>
      <trkpt lat="38.817837" lon="121.14826">
        <ele>49.214233</ele>
        <time>2014-07-08T11:29:05.057000Z</time>
      </trkpt>
      <trkpt lat="38.817936" lon="121.14827">
        <ele>49.35815</ele>
        <time>2014-07-08T11:29:08.414000Z</time>
      </trkpt>
      <trkpt lat="38.818027" lon="121.14827">
        <ele>49.486095</ele>
        <time>2014-07-08T11:29:11.771000Z</time>
      </trkpt>
      <trkpt lat="38.818123" lon="121.14828">
        <ele>49.580112</ele>
        <time>2014-07-08T11:29:15.128000Z</time>
      </trkpt>
      <trkpt lat="38.818214" lon="121.148285">
        <ele>49.617496</ele>
        <time>2014-07-08T11:29:18.485000Z</time>
      </trkpt>
      <trkpt lat="38.81833" lon="121.148285">
        <ele>49.625782</ele>
        <time>2014-07-08T11:29:21.842000Z</time>
      </trkpt>
      <trkpt lat="38.81844" lon="121.14828">
        <ele>49.625874</ele>
        <time>2014-07-08T11:29:25.199000Z</time>
      </trkpt>
      <trkpt lat="38.81853" lon="121.14822">
        <ele>49.604553</ele>
        <time>2014-07-08T11:29:28.556000Z</time>
      </trkpt>
      <trkpt lat="38.8186" lon="121.14813">
        <ele>49.552723</ele>
        <time>2014-07-08T11:29:31.913000Z</time>
      </trkpt>
      <trkpt lat="38.818665" lon="121.14802">
        <ele>49.718094</ele>
        <time>2014-07-08T11:29:35.270000Z</time>
      </trkpt>
      <trkpt lat="38.818703" lon="121.14789">
        <ele>50.224537</ele>
        <time>2014-07-08T11:29:38.627000Z</time>
      </trkpt>
      <trkpt lat="38.818714" lon="121.147766">
        <ele>50.756516</ele>
        <time>2014-07-08T11:29:41.984000Z</time>
      </trkpt>
      <trkpt lat="38.818684" lon="121.14761">
        <ele>50.893673</ele>
        <time>2014-07-08T11:29:45.341000Z</time>
      </trkpt>
      <trkpt lat="38.81862" lon="121.1475">
        <ele>50.494205</ele>
        <time>2014-07-08T11:29:48.698000Z</time>
      </trkpt>
      <trkpt lat="38.81852" lon="121.14743">
        <ele>49.792812</ele>
        <time>2014-07-08T11:29:52.055000Z</time>
      </trkpt>
      <trkpt lat="38.81842" lon="121.14739">
        <ele>49.673946</ele>
        <time>2014-07-08T11:29:55.412000Z</time>
      </trkpt>
      <trkpt lat="38.818306" lon="121.14738">
        <ele>50.68716</ele>
        <time>2014-07-08T11:29:58.769000Z</time>
      </trkpt>
      <trkpt lat="38.818207" lon="121.147385">
        <ele>52.21062</ele>
        <time>2014-07-08T11:30:02.126000Z</time>
      </trkpt>
      <trkpt lat="38.818104" lon="121.147385">
        <ele>53.47678</ele>
        <time>2014-07-08T11:30:05.483000Z</time>
      </trkpt>
      <trkpt lat="38.81801" lon="121.14739">
        <ele>54.353436</ele>
        <time>2014-07-08T11:30:08.840000Z</time>
      </trkpt>
      <trkpt lat="38.817898" lon="121.14738">
        <ele>54.881104</ele>
        <time>2014-07-08T11:30:12.197000Z</time>
      </trkpt>
      <trkpt lat="38.817806" lon="121.14737">
        <ele>55.13824</ele>
        <time>2014-07-08T11:30:15.554000Z</time>
      </trkpt>
      <trkpt lat="38.8177" lon="121.14736">
        <ele>55.086178</ele>
        <time>2014-07-08T11:30:18.911000Z</time>
      </trkpt>
      <trkpt lat="38.8176" lon="121.147354">
        <ele>54.720634</ele>
        <time>2014-07-08T11:30:22.268000Z</time>
      </trkpt>
      <trkpt lat="38.8175" lon="121.14737">
        <ele>54.32396</ele>
        <time>2014-07-08T11:30:25.625000Z</time>
      </trkpt>
      <trkpt lat="38.8174" lon="121.14743">
        <ele>54.150806</ele>
        <time>2014-07-08T11:30:28.982000Z</time>
      </trkpt>
      <trkpt lat="38.81733" lon="121.147514">
        <ele>54.03606</ele>
        <time>2014-07-08T11:30:32.339000Z</time>
      </trkpt>
      <trkpt lat="38.81727" lon="121.14764">
        <ele>53.337433</ele>
        <time>2014-07-08T11:30:35.696000Z</time>
      </trkpt>
      <trkpt lat="38.817234" lon="121.14776">
        <ele>51.911873</ele>
        <time>2014-07-08T11:30:39.053000Z</time>
      </trkpt>
      <trkpt lat="38.817238" lon="121.14788">
        <ele>50.587727</ele>
        <time>2014-07-08T11:30:42.410000Z</time>
      </trkpt>
      <trkpt lat="38.81726" lon="121.147995">
        <ele>49.76151</ele>
        <time>2014-07-08T11:30:45.767000Z</time>
      </trkpt>
      <trkpt lat="38.81731" lon="121.14811">
        <ele>49.130848</ele>
        <time>2014-07-08T11:30:49.124000Z</time>
      </trkpt>
      <trkpt lat="38.817383" lon="121.14822">
        <ele>49.126945</ele>
        <time>2014-07-08T11:30:52.481000Z</time>
      </trkpt>
      <trkpt lat="38.8175" lon="121.14827">
        <ele>50.104275</ele>
        <time>2014-07-08T11:30:55.838000Z</time>
      </trkpt>
      <trkpt lat="38.817604" lon="121.14828">
        <ele>50.93542</ele>
        <time>2014-07-08T11:30:59.195000Z</time>
      </trkpt>
      <trkpt lat="38.81769" lon="121.14826">
        <ele>50.657585</ele>
        <time>2014-07-08T11:31:02.552000Z</time>
      </trkpt>
      <trkpt lat="38.817795" lon="121.14826">
        <ele>49.987415</ele>
        <time>2014-07-08T11:31:05.909000Z</time>
      </trkpt>
      <trkpt lat="38.817894" lon="121.148254">
        <ele>49.906635</ele>
        <time>2014-07-08T11:31:09.266000Z</time>
      </trkpt>
      <trkpt lat="38.817993" lon="121.148254">
        <ele>50.264877</ele>
        <time>2014-07-08T11:31:12.623000Z</time>
      </trkpt>
      <trkpt lat="38.818092" lon="121.148254">
        <ele>50.615433</ele>
        <time>2014-07-08T11:31:15.980000Z</time>
      </trkpt>
      <trkpt lat="38.818188" lon="121.14827">
        <ele>50.53891</ele>
        <time>2014-07-08T11:31:19.337000Z</time>
      </trkpt>
      <trkpt lat="38.818302" lon="121.14828">
        <ele>50.165405</ele>
        <time>2014-07-08T11:31:22.694000Z</time>
      </trkpt>
      <trkpt lat="38.81839" lon="121.14827">
        <ele>49.50071</ele>
        <time>2014-07-08T11:31:26.051000Z</time>
      </trkpt>
      <trkpt lat="38.818493" lon="121.148224">
        <ele>48.423706</ele>
        <time>2014-07-08T11:31:29.408000Z</time>
      </trkpt>
      <trkpt lat="38.818737" lon="121.14778">
        <ele>49.490864</ele>
        <time>2014-07-08T11:31:32.765000Z</time>
      </trkpt>
      <trkpt lat="38.81873" lon="121.147766">
        <ele>48.82382</ele>
        <time>2014-07-08T11:31:36.122000Z</time>
      </trkpt>
      <trkpt lat="38.818676" lon="121.14766">
        <ele>47.658817</ele>
        <time>2014-07-08T11:31:39.479000Z</time>
      </trkpt>
      <trkpt lat="38.818615" lon="121.14754">
        <ele>46.800167</ele>
        <time>2014-07-08T11:31:42.836000Z</time>
      </trkpt>
      <trkpt lat="38.81852" lon="121.14744">
        <ele>47.508923</ele>
        <time>2014-07-08T11:31:46.193000Z</time>
      </trkpt>
      <trkpt lat="38.81844" lon="121.14739">
        <ele>48.506496</ele>
        <time>2014-07-08T11:31:49.550000Z</time>
      </trkpt>
      <trkpt lat="38.818348" lon="121.14737">
        <ele>49.348297</ele>
        <time>2014-07-08T11:31:52.907000Z</time>
      </trkpt>
      <trkpt lat="38.81825" lon="121.14736">
        <ele>49.733833</ele>
        <time>2014-07-08T11:31:56.264000Z</time>
      </trkpt>
      <trkpt lat="38.818146" lon="121.14735">
        <ele>50.085205</ele>
        <time>2014-07-08T11:31:59.621000Z</time>
      </trkpt>
      <trkpt lat="38.818047" lon="121.14734">
        <ele>50.943565</ele>
        <time>2014-07-08T11:32:02.978000Z</time>
      </trkpt>
      <trkpt lat="38.81795" lon="121.14734">
        <ele>52.060314</ele>
        <time>2014-07-08T11:32:06.335000Z</time>
      </trkpt>
      <trkpt lat="38.81786" lon="121.14733">
        <ele>52.393772</ele>
        <time>2014-07-08T11:32:09.692000Z</time>
      </trkpt>
      <trkpt lat="38.817757" lon="121.14733">
        <ele>51.57135</ele>
        <time>2014-07-08T11:32:13.049000Z</time>
      </trkpt>
      <trkpt lat="38.817646" lon="121.14734">
        <ele>50.594162</ele>
        <time>2014-07-08T11:32:16.406000Z</time>
      </trkpt>
      <trkpt lat="38.81755" lon="121.14735">
        <ele>50.69653</ele>
        <time>2014-07-08T11:32:19.763000Z</time>
      </trkpt>
      <trkpt lat="38.81745" lon="121.14737">
        <ele>51.661972</ele>
        <time>2014-07-08T11:32:23.120000Z</time>
      </trkpt>
      <trkpt lat="38.817364" lon="121.14743">
        <ele>52.418114</ele>
        <time>2014-07-08T11:32:26.477000Z</time>
      </trkpt>
      <trkpt lat="38.8173" lon="121.147514">
        <ele>52.58031</ele>
        <time>2014-07-08T11:32:29.834000Z</time>
      </trkpt>
      <trkpt lat="38.817245" lon="121.14762">
        <ele>52.500763</ele>
        <time>2014-07-08T11:32:33.191000Z</time>
      </trkpt>
      <trkpt lat="38.81721" lon="121.14774">
        <ele>52.54652</ele>
        <time>2014-07-08T11:32:36.548000Z</time>
      </trkpt>
      <trkpt lat="38.81721" lon="121.14788">
        <ele>52.259304</ele>
        <time>2014-07-08T11:32:39.905000Z</time>
      </trkpt>
      <trkpt lat="38.81724" lon="121.14801">
        <ele>51.20329</ele>
        <time>2014-07-08T11:32:43.262000Z</time>
      </trkpt>
      <trkpt lat="38.81729" lon="121.14811">
        <ele>49.94505</ele>
        <time>2014-07-08T11:32:46.619000Z</time>
      </trkpt>
      <trkpt lat="38.817364" lon="121.1482">
        <ele>48.966335</ele>
        <time>2014-07-08T11:32:49.976000Z</time>
      </trkpt>
      <trkpt lat="38.81745" lon="121.148254">
        <ele>48.25529</ele>
        <time>2014-07-08T11:32:53.333000Z</time>
      </trkpt>
      <trkpt lat="38.817554" lon="121.14828">
        <ele>48.481777</ele>
        <time>2014-07-08T11:32:56.690000Z</time>
      </trkpt>
      <trkpt lat="38.817665" lon="121.14828">
        <ele>49.827843</ele>
        <time>2014-07-08T11:33:00.047000Z</time>
      </trkpt>
      <trkpt lat="38.817776" lon="121.14826">
        <ele>50.81458</ele>
        <time>2014-07-08T11:33:03.404000Z</time>
      </trkpt>
      <trkpt lat="38.81787" lon="121.14826">
        <ele>49.836025</ele>
        <time>2014-07-08T11:33:06.761000Z</time>
      </trkpt>
      <trkpt lat="38.817963" lon="121.14826">
        <ele>47.524662</ele>
        <time>2014-07-08T11:33:10.118000Z</time>
      </trkpt>
      <trkpt lat="38.81806" lon="121.14826">
        <ele>45.72822</ele>
        <time>2014-07-08T11:33:13.475000Z</time>
      </trkpt>
      <trkpt lat="38.818157" lon="121.14828">
        <ele>45.564693</ele>
        <time>2014-07-08T11:33:16.832000Z</time>
      </trkpt>
      <trkpt lat="38.81825" lon="121.14828">
        <ele>46.7666</ele>
        <time>2014-07-08T11:33:20.189000Z</time>
      </trkpt>
      <trkpt lat="38.81836" lon="121.148285">
        <ele>48.231056</ele>
        <time>2014-07-08T11:33:23.546000Z</time>
      </trkpt>
      <trkpt lat="38.818455" lon="121.14827">
        <ele>49.121777</ele>
        <time>2014-07-08T11:33:26.903000Z</time>
      </trkpt>
      <trkpt lat="38.81855" lon="121.14819">
        <ele>49.381878</ele>
        <time>2014-07-08T11:33:30.260000Z</time>
      </trkpt>
      <trkpt lat="38.818623" lon="121.1481">
        <ele>49.17175</ele>
        <time>2014-07-08T11:33:33.617000Z</time>
      </trkpt>
      <trkpt lat="38.81868" lon="121.14801">
        <ele>48.424385</ele>
        <time>2014-07-08T11:33:36.974000Z</time>
      </trkpt>
      <trkpt lat="38.818707" lon="121.14789">
        <ele>47.24254</ele>
        <time>2014-07-08T11:33:40.331000Z</time>
      </trkpt>
      <trkpt lat="38.818707" lon="121.14774">
        <ele>46.21605</ele>
        <time>2014-07-08T11:33:43.688000Z</time>
      </trkpt>
      <trkpt lat="38.818672" lon="121.147606">
        <ele>46.060562</ele>
        <time>2014-07-08T11:33:47.045000Z</time>
      </trkpt>
      <trkpt lat="38.818604" lon="121.14749">
        <ele>46.838192</ele>
        <time>2014-07-08T11:33:50.402000Z</time>
      </trkpt>
      <trkpt lat="38.818523" lon="121.14743">
        <ele>47.82419</ele>
        <time>2014-07-08T11:33:53.759000Z</time>
      </trkpt>
      <trkpt lat="38.818424" lon="121.147385">
        <ele>48.775665</ele>
        <time>2014-07-08T11:33:57.116000Z</time>
      </trkpt>
      <trkpt lat="38.818333" lon="121.14737">
        <ele>49.964718</ele>
        <time>2014-07-08T11:34:00.473000Z</time>
      </trkpt>
      <trkpt lat="38.818226" lon="121.14735">
        <ele>51.03301</ele>
        <time>2014-07-08T11:34:03.830000Z</time>
      </trkpt>
      <trkpt lat="38.81813" lon="121.14734">
        <ele>51.585857</ele>
        <time>2014-07-08T11:34:07.187000Z</time>
      </trkpt>
      <trkpt lat="38.818012" lon="121.14735">
        <ele>52.07073</ele>
        <time>2014-07-08T11:34:10.544000Z</time>
      </trkpt>
      <trkpt lat="38.817905" lon="121.14735">
        <ele>52.94842</ele>
        <time>2014-07-08T11:34:13.901000Z</time>
      </trkpt>
      <trkpt lat="38.81781" lon="121.14733">
        <ele>53.851547</ele>
        <time>2014-07-08T11:34:17.258000Z</time>
      </trkpt>
      <trkpt lat="38.81772" lon="121.14732">
        <ele>54.078545</ele>
        <time>2014-07-08T11:34:20.615000Z</time>
      </trkpt>
      <trkpt lat="38.817623" lon="121.14732">
        <ele>53.500214</ele>
        <time>2014-07-08T11:34:23.972000Z</time>
      </trkpt>
      <trkpt lat="38.817513" lon="121.14733">
        <ele>52.560658</ele>
        <time>2014-07-08T11:34:27.329000Z</time>
      </trkpt>
      <trkpt lat="38.81741" lon="121.147385">
        <ele>52.45938</ele>
        <time>2014-07-08T11:34:30.686000Z</time>
      </trkpt>
      <trkpt lat="38.817337" lon="121.14746">
        <ele>53.78384</ele>
        <time>2014-07-08T11:34:34.043000Z</time>
      </trkpt>
      <trkpt lat="38.817257" lon="121.14757">
        <ele>54.584633</ele>
        <time>2014-07-08T11:34:37.400000Z</time>
      </trkpt>
      <trkpt lat="38.817207" lon="121.14768">
        <ele>53.112373</ele>
        <time>2014-07-08T11:34:40.757000Z</time>
      </trkpt>
      <trkpt lat="38.817196" lon="121.14781">
        <ele>50.57277</ele>
        <time>2014-07-08T11:34:44.114000Z</time>
      </trkpt>
      <trkpt lat="38.817223" lon="121.14795">
        <ele>48.62847</ele>
        <time>2014-07-08T11:34:47.471000Z</time>
      </trkpt>
      <trkpt lat="38.817276" lon="121.14808">
        <ele>47.550056</ele>
        <time>2014-07-08T11:34:50.828000Z</time>
      </trkpt>
      <trkpt lat="38.817326" lon="121.14818">
        <ele>47.42192</ele>
        <time>2014-07-08T11:34:54.185000Z</time>
      </trkpt>
      <trkpt lat="38.81741" lon="121.14824">
        <ele>48.138424</ele>
        <time>2014-07-08T11:34:57.542000Z</time>
      </trkpt>
      <trkpt lat="38.817497" lon="121.14828">
        <ele>49.0122</ele>
        <time>2014-07-08T11:35:00.899000Z</time>
      </trkpt>
      <trkpt lat="38.817596" lon="121.148285">
        <ele>49.601223</ele>
        <time>2014-07-08T11:35:04.256000Z</time>
      </trkpt>
      <trkpt lat="38.817688" lon="121.148285">
        <ele>50.011276</ele>
        <time>2014-07-08T11:35:07.613000Z</time>
      </trkpt>
      <trkpt lat="38.81779" lon="121.14829">
        <ele>50.542534</ele>
        <time>2014-07-08T11:35:10.970000Z</time>
      </trkpt>
      <trkpt lat="38.817883" lon="121.14829">
        <ele>51.332973</ele>
        <time>2014-07-08T11:35:14.327000Z</time>
      </trkpt>
      <trkpt lat="38.81798" lon="121.148285">
        <ele>51.99728</ele>
        <time>2014-07-08T11:35:17.684000Z</time>
      </trkpt>
      <trkpt lat="38.818096" lon="121.14828">
        <ele>52.16351</ele>
        <time>2014-07-08T11:35:21.041000Z</time>
      </trkpt>
      <trkpt lat="38.818195" lon="121.14828">
        <ele>51.666878</ele>
        <time>2014-07-08T11:35:24.398000Z</time>
      </trkpt>
      <trkpt lat="38.81829" lon="121.14828">
        <ele>50.92842</ele>
        <time>2014-07-08T11:35:27.755000Z</time>
      </trkpt>
      <trkpt lat="38.81839" lon="121.14828">
        <ele>50.43522</ele>
        <time>2014-07-08T11:35:31.112000Z</time>
      </trkpt>
      <trkpt lat="38.81848" lon="121.14824">
        <ele>49.777836</ele>
        <time>2014-07-08T11:35:34.469000Z</time>
      </trkpt>
      <trkpt lat="38.818565" lon="121.14816">
        <ele>48.776237</ele>
        <time>2014-07-08T11:35:37.826000Z</time>
      </trkpt>
      <trkpt lat="38.818645" lon="121.148056">
        <ele>48.383095</ele>
        <time>2014-07-08T11:35:41.183000Z</time>
      </trkpt>
      <trkpt lat="38.818695" lon="121.14795">
        <ele>48.95384</ele>
        <time>2014-07-08T11:35:44.540000Z</time>
      </trkpt>
      <trkpt lat="38.818718" lon="121.14782">
        <ele>49.80864</ele>
        <time>2014-07-08T11:35:47.897000Z</time>
      </trkpt>
      <trkpt lat="38.818703" lon="121.1477">
        <ele>50.509766</ele>
        <time>2014-07-08T11:35:51.254000Z</time>
      </trkpt>
      <trkpt lat="38.81865" lon="121.147575">
        <ele>51.20279</ele>
        <time>2014-07-08T11:35:54.611000Z</time>
      </trkpt>
      <trkpt lat="38.818577" lon="121.147484">
        <ele>51.436893</ele>
        <time>2014-07-08T11:35:57.968000Z</time>
      </trkpt>
      <trkpt lat="38.81848" lon="121.147415">
        <ele>50.84448</ele>
        <time>2014-07-08T11:36:01.325000Z</time>
      </trkpt>
      <trkpt lat="38.818382" lon="121.14739">
        <ele>50.11574</ele>
        <time>2014-07-08T11:36:04.682000Z</time>
      </trkpt>
      <trkpt lat="38.818275" lon="121.147385">
        <ele>50.087364</ele>
        <time>2014-07-08T11:36:08.039000Z</time>
      </trkpt>
      <trkpt lat="38.818176" lon="121.147385">
        <ele>50.70064</ele>
        <time>2014-07-08T11:36:11.396000Z</time>
      </trkpt>
      <trkpt lat="38.81808" lon="121.147385">
        <ele>51.23412</ele>
        <time>2014-07-08T11:36:14.753000Z</time>
      </trkpt>
      <trkpt lat="38.817963" lon="121.147385">
        <ele>51.244198</ele>
        <time>2014-07-08T11:36:18.110000Z</time>
      </trkpt>
      <trkpt lat="38.81786" lon="121.14738">
        <ele>51.246723</ele>
        <time>2014-07-08T11:36:21.467000Z</time>
      </trkpt>
      <trkpt lat="38.817764" lon="121.14737">
        <ele>51.734318</ele>
        <time>2014-07-08T11:36:24.824000Z</time>
      </trkpt>
      <trkpt lat="38.817665" lon="121.14736">
        <ele>52.36398</ele>
        <time>2014-07-08T11:36:28.181000Z</time>
      </trkpt>
      <trkpt lat="38.81755" lon="121.14736">
        <ele>52.85654</ele>
        <time>2014-07-08T11:36:31.538000Z</time>
      </trkpt>
      <trkpt lat="38.817448" lon="121.147385">
        <ele>53.637238</ele>
        <time>2014-07-08T11:36:34.895000Z</time>
      </trkpt>
      <trkpt lat="38.81734" lon="121.14746">
        <ele>54.792168</ele>
        <time>2014-07-08T11:36:38.252000Z</time>
      </trkpt>
      <trkpt lat="38.817265" lon="121.14756">
        <ele>55.07542</ele>
        <time>2014-07-08T11:36:41.609000Z</time>
      </trkpt>
      <trkpt lat="38.81722" lon="121.14769">
        <ele>53.514652</ele>
        <time>2014-07-08T11:36:44.966000Z</time>
      </trkpt>
      <trkpt lat="38.817204" lon="121.14782">
        <ele>51.127487</ele>
        <time>2014-07-08T11:36:48.323000Z</time>
      </trkpt>
      <trkpt lat="38.817223" lon="121.14794">
        <ele>49.402935</ele>
        <time>2014-07-08T11:36:51.680000Z</time>
      </trkpt>
      <trkpt lat="38.817272" lon="121.148056">
        <ele>48.64822</ele>
        <time>2014-07-08T11:36:55.037000Z</time>
      </trkpt>
      <trkpt lat="38.81735" lon="121.148155">
        <ele>48.47199</ele>
        <time>2014-07-08T11:36:58.394000Z</time>
      </trkpt>
      <trkpt lat="38.81745" lon="121.148224">
        <ele>48.505276</ele>
        <time>2014-07-08T11:37:01.751000Z</time>
      </trkpt>
      <trkpt lat="38.817554" lon="121.148254">
        <ele>48.736332</ele>
        <time>2014-07-08T11:37:05.108000Z</time>
      </trkpt>
      <trkpt lat="38.817657" lon="121.14826">
        <ele>49.159367</ele>
        <time>2014-07-08T11:37:08.465000Z</time>
      </trkpt>
      <trkpt lat="38.817764" lon="121.14827">
        <ele>49.4162</ele>
        <time>2014-07-08T11:37:11.822000Z</time>
      </trkpt>
      <trkpt lat="38.81788" lon="121.14828">
        <ele>49.290016</ele>
        <time>2014-07-08T11:37:15.179000Z</time>
      </trkpt>
      <trkpt lat="38.81799" lon="121.14829">
        <ele>49.278107</ele>
        <time>2014-07-08T11:37:18.536000Z</time>
      </trkpt>
      <trkpt lat="38.81808" lon="121.1483">
        <ele>49.793182</ele>
        <time>2014-07-08T11:37:21.893000Z</time>
      </trkpt>
      <trkpt lat="38.818188" lon="121.14831">
        <ele>50.507195</ele>
        <time>2014-07-08T11:37:25.250000Z</time>
      </trkpt>
      <trkpt lat="38.818283" lon="121.148315">
        <ele>50.919395</ele>
        <time>2014-07-08T11:37:28.607000Z</time>
      </trkpt>
      <trkpt lat="38.818382" lon="121.14831">
        <ele>51.21121</ele>
        <time>2014-07-08T11:37:31.964000Z</time>
      </trkpt>
      <trkpt lat="38.818474" lon="121.14828">
        <ele>51.4183</ele>
        <time>2014-07-08T11:37:35.321000Z</time>
      </trkpt>
      <trkpt lat="38.818573" lon="121.14819">
        <ele>50.837788</ele>
        <time>2014-07-08T11:37:38.678000Z</time>
      </trkpt>
      <trkpt lat="38.81865" lon="121.1481">
        <ele>49.430084</ele>
        <time>2014-07-08T11:37:42.035000Z</time>
      </trkpt>
      <trkpt lat="38.81871" lon="121.147995">
        <ele>48.414234</ele>
        <time>2014-07-08T11:37:45.392000Z</time>
      </trkpt>
      <trkpt lat="38.81871" lon="121.147995">
        <ele>48.392944</ele>
        <time>2014-07-08T11:37:48.749000Z</time>
      </trkpt>
      <trkpt lat="38.81873" lon="121.14787">
        <ele>49.057617</ele>
        <time>2014-07-08T11:37:52.106000Z</time>
      </trkpt>
      <trkpt lat="38.81872" lon="121.14774">
        <ele>49.9468</ele>
        <time>2014-07-08T11:37:55.463000Z</time>
      </trkpt>
      <trkpt lat="38.81872" lon="121.14774">
        <ele>50.632957</ele>
        <time>2014-07-08T11:37:58.820000Z</time>
      </trkpt>
      <trkpt lat="38.81868" lon="121.14763">
        <ele>51.217686</ele>
        <time>2014-07-08T11:38:02.177000Z</time>
      </trkpt>
      <trkpt lat="38.818615" lon="121.14753">
        <ele>51.616222</ele>
        <time>2014-07-08T11:38:05.534000Z</time>
      </trkpt>
      <trkpt lat="38.818523" lon="121.147446">
        <ele>51.790207</ele>
        <time>2014-07-08T11:38:08.891000Z</time>
      </trkpt>
      <trkpt lat="38.818428" lon="121.14741">
        <ele>52.362488</ele>
        <time>2014-07-08T11:38:12.248000Z</time>
      </trkpt>
      <trkpt lat="38.81833" lon="121.147385">
        <ele>53.28164</ele>
        <time>2014-07-08T11:38:15.605000Z</time>
      </trkpt>
      <trkpt lat="38.818233" lon="121.14739">
        <ele>53.692944</ele>
        <time>2014-07-08T11:38:18.962000Z</time>
      </trkpt>
      <trkpt lat="38.81814" lon="121.14738">
        <ele>53.233746</ele>
        <time>2014-07-08T11:38:22.319000Z</time>
      </trkpt>
      <trkpt lat="38.818043" lon="121.147385">
        <ele>51.86526</ele>
        <time>2014-07-08T11:38:25.676000Z</time>
      </trkpt>
      <trkpt lat="38.81794" lon="121.147385">
        <ele>50.210785</ele>
        <time>2014-07-08T11:38:29.033000Z</time>
      </trkpt>
      <trkpt lat="38.81785" lon="121.14736">
        <ele>49.39167</ele>
        <time>2014-07-08T11:38:32.390000Z</time>
      </trkpt>
      <trkpt lat="38.817738" lon="121.147354">
        <ele>49.778202</ele>
        <time>2014-07-08T11:38:35.747000Z</time>
      </trkpt>
      <trkpt lat="38.817616" lon="121.14736">
        <ele>50.554115</ele>
        <time>2014-07-08T11:38:39.104000Z</time>
      </trkpt>
      <trkpt lat="38.81751" lon="121.14738">
        <ele>50.934425</ele>
        <time>2014-07-08T11:38:42.461000Z</time>
      </trkpt>
      <trkpt lat="38.81741" lon="121.1474">
        <ele>50.655495</ele>
        <time>2014-07-08T11:38:45.818000Z</time>
      </trkpt>
      <trkpt lat="38.817318" lon="121.147484">
        <ele>49.651676</ele>
        <time>2014-07-08T11:38:49.175000Z</time>
      </trkpt>
      <trkpt lat="38.817253" lon="121.14759">
        <ele>48.381763</ele>
        <time>2014-07-08T11:38:52.532000Z</time>
      </trkpt>
      <trkpt lat="38.817215" lon="121.14771">
        <ele>47.621384</ele>
        <time>2014-07-08T11:38:55.889000Z</time>
      </trkpt>
      <trkpt lat="38.817215" lon="121.147835">
        <ele>47.62679</ele>
        <time>2014-07-08T11:38:59.246000Z</time>
      </trkpt>
      <trkpt lat="38.817245" lon="121.14797">
        <ele>48.024586</ele>
        <time>2014-07-08T11:39:02.603000Z</time>
      </trkpt>
      <trkpt lat="38.81731" lon="121.14809">
        <ele>48.249313</ele>
        <time>2014-07-08T11:39:05.960000Z</time>
      </trkpt>
      <trkpt lat="38.817394" lon="121.14818">
        <ele>48.084126</ele>
        <time>2014-07-08T11:39:09.317000Z</time>
      </trkpt>
      <trkpt lat="38.81749" lon="121.14824">
        <ele>48.27339</ele>
        <time>2014-07-08T11:39:12.674000Z</time>
      </trkpt>
      <trkpt lat="38.817596" lon="121.14826">
        <ele>49.38299</ele>
        <time>2014-07-08T11:39:16.031000Z</time>
      </trkpt>
      <trkpt lat="38.817688" lon="121.14826">
        <ele>50.60565</ele>
        <time>2014-07-08T11:39:19.388000Z</time>
      </trkpt>
      <trkpt lat="38.817783" lon="121.14826">
        <ele>50.86131</ele>
        <time>2014-07-08T11:39:22.745000Z</time>
      </trkpt>
      <trkpt lat="38.817886" lon="121.14827">
        <ele>50.245785</ele>
        <time>2014-07-08T11:39:26.102000Z</time>
      </trkpt>
      <trkpt lat="38.817978" lon="121.148285">
        <ele>49.507797</ele>
        <time>2014-07-08T11:39:29.459000Z</time>
      </trkpt>
      <trkpt lat="38.81808" lon="121.148285">
        <ele>49.072433</ele>
        <time>2014-07-08T11:39:32.816000Z</time>
      </trkpt>
      <trkpt lat="38.818172" lon="121.1483">
        <ele>48.877167</ele>
        <time>2014-07-08T11:39:36.173000Z</time>
      </trkpt>
      <trkpt lat="38.81828" lon="121.14831">
        <ele>48.833794</ele>
        <time>2014-07-08T11:39:39.530000Z</time>
      </trkpt>
      <trkpt lat="38.818394" lon="121.14829">
        <ele>48.870525</ele>
        <time>2014-07-08T11:39:42.887000Z</time>
      </trkpt>
      <trkpt lat="38.818478" lon="121.148254">
        <ele>48.945004</ele>
        <time>2014-07-08T11:39:46.244000Z</time>
      </trkpt>
      <trkpt lat="38.81857" lon="121.14818">
        <ele>49.000458</ele>
        <time>2014-07-08T11:39:49.601000Z</time>
      </trkpt>
      <trkpt lat="38.81864" lon="121.14808">
        <ele>49.004795</ele>
        <time>2014-07-08T11:39:52.958000Z</time>
      </trkpt>
      <trkpt lat="38.818695" lon="121.14794">
        <ele>49.348743</ele>
        <time>2014-07-08T11:39:56.315000Z</time>
      </trkpt>
      <trkpt lat="38.818718" lon="121.1478">
        <ele>50.478916</ele>
        <time>2014-07-08T11:39:59.672000Z</time>
      </trkpt>
      <trkpt lat="38.8187" lon="121.147675">
        <ele>51.959484</ele>
        <time>2014-07-08T11:40:03.029000Z</time>
      </trkpt>
      <trkpt lat="38.81863" lon="121.14756">
        <ele>52.560837</ele>
        <time>2014-07-08T11:40:06.386000Z</time>
      </trkpt>
      <trkpt lat="38.818554" lon="121.14746">
        <ele>51.875732</ele>
        <time>2014-07-08T11:40:09.743000Z</time>
      </trkpt>
      <trkpt lat="38.818447" lon="121.1474">
        <ele>51.083683</ele>
        <time>2014-07-08T11:40:13.100000Z</time>
      </trkpt>
      <trkpt lat="38.818348" lon="121.14738">
        <ele>51.20323</ele>
        <time>2014-07-08T11:40:16.457000Z</time>
      </trkpt>
      <trkpt lat="38.81824" lon="121.14737">
        <ele>52.031376</ele>
        <time>2014-07-08T11:40:19.814000Z</time>
      </trkpt>
      <trkpt lat="38.81814" lon="121.14736">
        <ele>53.05446</ele>
        <time>2014-07-08T11:40:23.171000Z</time>
      </trkpt>
      <trkpt lat="38.818027" lon="121.14736">
        <ele>53.82855</ele>
        <time>2014-07-08T11:40:26.528000Z</time>
      </trkpt>
      <trkpt lat="38.817924" lon="121.14736">
        <ele>54.293026</ele>
        <time>2014-07-08T11:40:29.885000Z</time>
      </trkpt>
      <trkpt lat="38.81781" lon="121.14736">
        <ele>54.805935</ele>
        <time>2014-07-08T11:40:33.242000Z</time>
      </trkpt>
      <trkpt lat="38.817703" lon="121.14736">
        <ele>55.359703</ele>
        <time>2014-07-08T11:40:36.599000Z</time>
      </trkpt>
      <trkpt lat="38.817593" lon="121.14736">
        <ele>55.5307</ele>
        <time>2014-07-08T11:40:39.956000Z</time>
      </trkpt>
      <trkpt lat="38.817497" lon="121.14736">
        <ele>54.83373</ele>
        <time>2014-07-08T11:40:43.313000Z</time>
      </trkpt>
      <trkpt lat="38.8174" lon="121.1474">
        <ele>53.790173</ele>
        <time>2014-07-08T11:40:46.670000Z</time>
      </trkpt>
      <trkpt lat="38.817307" lon="121.14749">
        <ele>53.014668</ele>
        <time>2014-07-08T11:40:50.027000Z</time>
      </trkpt>
      <trkpt lat="38.817245" lon="121.14758">
        <ele>52.238148</ele>
        <time>2014-07-08T11:40:53.384000Z</time>
      </trkpt>
      <trkpt lat="38.817207" lon="121.14771">
        <ele>51.21177</ele>
        <time>2014-07-08T11:40:56.741000Z</time>
      </trkpt>
      <trkpt lat="38.817196" lon="121.14783">
        <ele>50.18316</ele>
        <time>2014-07-08T11:41:00.098000Z</time>
      </trkpt>
      <trkpt lat="38.817207" lon="121.14794">
        <ele>49.287663</ele>
        <time>2014-07-08T11:41:03.455000Z</time>
      </trkpt>
      <trkpt lat="38.81726" lon="121.14807">
        <ele>48.682022</ele>
        <time>2014-07-08T11:41:06.812000Z</time>
      </trkpt>
      <trkpt lat="38.817326" lon="121.14817">
        <ele>48.379345</ele>
        <time>2014-07-08T11:41:10.169000Z</time>
      </trkpt>
      <trkpt lat="38.817425" lon="121.14824">
        <ele>48.477074</ele>
        <time>2014-07-08T11:41:13.526000Z</time>
      </trkpt>
      <trkpt lat="38.81752" lon="121.14826">
        <ele>48.873055</ele>
        <time>2014-07-08T11:41:16.883000Z</time>
      </trkpt>
      <trkpt lat="38.81763" lon="121.14827">
        <ele>49.260117</ele>
        <time>2014-07-08T11:41:20.240000Z</time>
      </trkpt>
      <trkpt lat="38.817734" lon="121.148285">
        <ele>49.6292</ele>
        <time>2014-07-08T11:41:23.597000Z</time>
      </trkpt>
      <trkpt lat="38.81784" lon="121.14829">
        <ele>50.150024</ele>
        <time>2014-07-08T11:41:26.954000Z</time>
      </trkpt>
      <trkpt lat="38.817947" lon="121.148285">
        <ele>50.49854</ele>
        <time>2014-07-08T11:41:30.311000Z</time>
      </trkpt>
      <trkpt lat="38.818043" lon="121.1483">
        <ele>50.373573</ele>
        <time>2014-07-08T11:41:33.668000Z</time>
      </trkpt>
      <trkpt lat="38.818134" lon="121.14831">
        <ele>50.437286</ele>
        <time>2014-07-08T11:41:37.025000Z</time>
      </trkpt>
      <trkpt lat="38.818253" lon="121.14831">
        <ele>51.60186</ele>
        <time>2014-07-08T11:41:40.382000Z</time>
      </trkpt>
      <trkpt lat="38.818348" lon="121.148315">
        <ele>53.15755</ele>
        <time>2014-07-08T11:41:43.739000Z</time>
      </trkpt>
      <trkpt lat="38.81844" lon="121.1483">
        <ele>53.34806</ele>
        <time>2014-07-08T11:41:47.096000Z</time>
      </trkpt>
      <trkpt lat="38.81855" lon="121.14825">
        <ele>52.03573</ele>
        <time>2014-07-08T11:41:50.453000Z</time>
      </trkpt>
      <trkpt lat="38.81863" lon="121.14815">
        <ele>50.61302</ele>
        <time>2014-07-08T11:41:53.810000Z</time>
      </trkpt>
      <trkpt lat="38.81868" lon="121.14803">
        <ele>49.904205</ele>
        <time>2014-07-08T11:41:57.167000Z</time>
      </trkpt>
      <trkpt lat="38.818703" lon="121.147896">
        <ele>49.891705</ele>
        <time>2014-07-08T11:42:00.524000Z</time>
      </trkpt>
      <trkpt lat="38.8187" lon="121.14777">
        <ele>50.26802</ele>
        <time>2014-07-08T11:42:03.881000Z</time>
      </trkpt>
      <trkpt lat="38.818672" lon="121.14764">
        <ele>50.647182</ele>
        <time>2014-07-08T11:42:07.238000Z</time>
      </trkpt>
      <trkpt lat="38.81862" lon="121.14754">
        <ele>50.752586</ele>
        <time>2014-07-08T11:42:10.595000Z</time>
      </trkpt>
      <trkpt lat="38.81853" lon="121.14745">
        <ele>50.589516</ele>
        <time>2014-07-08T11:42:13.952000Z</time>
      </trkpt>
      <trkpt lat="38.818424" lon="121.147415">
        <ele>50.36436</ele>
        <time>2014-07-08T11:42:17.309000Z</time>
      </trkpt>
      <trkpt lat="38.81831" lon="121.147385">
        <ele>50.349228</ele>
        <time>2014-07-08T11:42:20.666000Z</time>
      </trkpt>
      <trkpt lat="38.818203" lon="121.14738">
        <ele>50.601543</ele>
        <time>2014-07-08T11:42:24.023000Z</time>
      </trkpt>
      <trkpt lat="38.818096" lon="121.14738">
        <ele>51.310352</ele>
        <time>2014-07-08T11:42:27.380000Z</time>
      </trkpt>
      <trkpt lat="38.818" lon="121.14738">
        <ele>52.52557</ele>
        <time>2014-07-08T11:42:30.737000Z</time>
      </trkpt>
      <trkpt lat="38.817898" lon="121.14737">
        <ele>53.644478</ele>
        <time>2014-07-08T11:42:34.094000Z</time>
      </trkpt>
      <trkpt lat="38.817783" lon="121.14737">
        <ele>54.362247</ele>
        <time>2014-07-08T11:42:37.451000Z</time>
      </trkpt>
      <trkpt lat="38.817673" lon="121.14736">
        <ele>55.381447</ele>
        <time>2014-07-08T11:42:40.808000Z</time>
      </trkpt>
      <trkpt lat="38.817566" lon="121.14737">
        <ele>56.882236</ele>
        <time>2014-07-08T11:42:44.165000Z</time>
      </trkpt>
      <trkpt lat="38.81746" lon="121.14741">
        <ele>58.107494</ele>
        <time>2014-07-08T11:42:47.522000Z</time>
      </trkpt>
      <trkpt lat="38.817352" lon="121.14747">
        <ele>57.916958</ele>
        <time>2014-07-08T11:42:50.879000Z</time>
      </trkpt>
      <trkpt lat="38.817287" lon="121.14755">
        <ele>55.99628</ele>
        <time>2014-07-08T11:42:54.236000Z</time>
      </trkpt>
      <trkpt lat="38.81724" lon="121.147675">
        <ele>53.463837</ele>
        <time>2014-07-08T11:42:57.593000Z</time>
      </trkpt>
      <trkpt lat="38.81723" lon="121.14783">
        <ele>51.577473</ele>
        <time>2014-07-08T11:43:00.950000Z</time>
      </trkpt>
      <trkpt lat="38.817245" lon="121.147964">
        <ele>50.58901</ele>
        <time>2014-07-08T11:43:04.307000Z</time>
      </trkpt>
      <trkpt lat="38.81729" lon="121.14808">
        <ele>50.31234</ele>
        <time>2014-07-08T11:43:07.664000Z</time>
      </trkpt>
      <trkpt lat="38.81736" lon="121.14818">
        <ele>50.56073</ele>
        <time>2014-07-08T11:43:11.021000Z</time>
      </trkpt>
      <trkpt lat="38.817467" lon="121.14825">
        <ele>51.189228</ele>
        <time>2014-07-08T11:43:14.378000Z</time>
      </trkpt>
      <trkpt lat="38.817562" lon="121.14827">
        <ele>51.83821</ele>
        <time>2014-07-08T11:43:17.735000Z</time>
      </trkpt>
      <trkpt lat="38.81766" lon="121.14827">
        <ele>51.896942</ele>
        <time>2014-07-08T11:43:21.092000Z</time>
      </trkpt>
      <trkpt lat="38.817764" lon="121.148285">
        <ele>51.22032</ele>
        <time>2014-07-08T11:43:24.449000Z</time>
      </trkpt>
      <trkpt lat="38.817875" lon="121.148285">
        <ele>50.531605</ele>
        <time>2014-07-08T11:43:27.806000Z</time>
      </trkpt>
      <trkpt lat="38.817978" lon="121.14829">
        <ele>50.70316</ele>
        <time>2014-07-08T11:43:31.163000Z</time>
      </trkpt>
      <trkpt lat="38.818092" lon="121.14829">
        <ele>51.65613</ele>
        <time>2014-07-08T11:43:34.520000Z</time>
      </trkpt>
      <trkpt lat="38.81819" lon="121.14831">
        <ele>52.67917</ele>
        <time>2014-07-08T11:43:37.877000Z</time>
      </trkpt>
      <trkpt lat="38.818283" lon="121.14831">
        <ele>53.313103</ele>
        <time>2014-07-08T11:43:41.234000Z</time>
      </trkpt>
      <trkpt lat="38.81839" lon="121.14831">
        <ele>53.56412</ele>
        <time>2014-07-08T11:43:44.591000Z</time>
      </trkpt>
      <trkpt lat="38.818485" lon="121.14828">
        <ele>53.621456</ele>
        <time>2014-07-08T11:43:47.948000Z</time>
      </trkpt>
      <trkpt lat="38.81859" lon="121.14822">
        <ele>53.765713</ele>
        <time>2014-07-08T11:43:51.305000Z</time>
      </trkpt>
      <trkpt lat="38.818653" lon="121.14812">
        <ele>53.976547</ele>
        <time>2014-07-08T11:43:54.662000Z</time>
      </trkpt>
      <trkpt lat="38.81869" lon="121.14798">
        <ele>53.929832</ele>
        <time>2014-07-08T11:43:58.019000Z</time>
      </trkpt>
      <trkpt lat="38.818714" lon="121.147865">
        <ele>53.412663</ele>
        <time>2014-07-08T11:44:01.376000Z</time>
      </trkpt>
      <trkpt lat="38.818718" lon="121.147736">
        <ele>52.63657</ele>
        <time>2014-07-08T11:44:04.733000Z</time>
      </trkpt>
      <trkpt lat="38.818676" lon="121.14761">
        <ele>51.77948</ele>
        <time>2014-07-08T11:44:08.090000Z</time>
      </trkpt>
      <trkpt lat="38.8186" lon="121.14751">
        <ele>51.031006</ele>
        <time>2014-07-08T11:44:11.447000Z</time>
      </trkpt>
      <trkpt lat="38.81852" lon="121.147446">
        <ele>50.73212</ele>
        <time>2014-07-08T11:44:14.804000Z</time>
      </trkpt>
      <trkpt lat="38.818417" lon="121.14739">
        <ele>51.324448</ele>
        <time>2014-07-08T11:44:18.161000Z</time>
      </trkpt>
      <trkpt lat="38.81831" lon="121.14739">
        <ele>52.69814</ele>
        <time>2014-07-08T11:44:21.518000Z</time>
      </trkpt>
      <trkpt lat="38.8182" lon="121.147385">
        <ele>54.017452</ele>
        <time>2014-07-08T11:44:24.875000Z</time>
      </trkpt>
      <trkpt lat="38.81809" lon="121.147385">
        <ele>54.646294</ele>
        <time>2014-07-08T11:44:28.232000Z</time>
      </trkpt>
      <trkpt lat="38.817978" lon="121.147385">
        <ele>54.795418</ele>
        <time>2014-07-08T11:44:31.589000Z</time>
      </trkpt>
      <trkpt lat="38.817875" lon="121.14738">
        <ele>54.58881</ele>
        <time>2014-07-08T11:44:34.946000Z</time>
      </trkpt>
      <trkpt lat="38.81776" lon="121.14738">
        <ele>54.0728</ele>
        <time>2014-07-08T11:44:38.303000Z</time>
      </trkpt>
      <trkpt lat="38.81764" lon="121.14737">
        <ele>53.562164</ele>
        <time>2014-07-08T11:44:41.660000Z</time>
      </trkpt>
      <trkpt lat="38.817516" lon="121.147385">
        <ele>53.55794</ele>
        <time>2014-07-08T11:44:45.017000Z</time>
      </trkpt>
      <trkpt lat="38.81743" lon="121.147415">
        <ele>54.14517</ele>
        <time>2014-07-08T11:44:48.374000Z</time>
      </trkpt>
      <trkpt lat="38.817345" lon="121.14747">
        <ele>54.708496</ele>
        <time>2014-07-08T11:44:51.731000Z</time>
      </trkpt>
      <trkpt lat="38.817253" lon="121.14756">
        <ele>54.181313</ele>
        <time>2014-07-08T11:44:55.088000Z</time>
      </trkpt>
      <trkpt lat="38.817207" lon="121.14767">
        <ele>52.463814</ele>
        <time>2014-07-08T11:44:58.445000Z</time>
      </trkpt>
      <trkpt lat="38.817184" lon="121.14781">
        <ele>50.76062</ele>
        <time>2014-07-08T11:45:01.802000Z</time>
      </trkpt>
      <trkpt lat="38.817207" lon="121.147934">
        <ele>49.86587</ele>
        <time>2014-07-08T11:45:05.159000Z</time>
      </trkpt>
      <trkpt lat="38.81726" lon="121.14806">
        <ele>49.486843</ele>
        <time>2014-07-08T11:45:08.516000Z</time>
      </trkpt>
      <trkpt lat="38.81733" lon="121.14815">
        <ele>49.353405</ele>
        <time>2014-07-08T11:45:11.873000Z</time>
      </trkpt>
      <trkpt lat="38.81742" lon="121.148224">
        <ele>49.683018</ele>
        <time>2014-07-08T11:45:15.230000Z</time>
      </trkpt>
      <trkpt lat="38.817554" lon="121.14826">
        <ele>50.599236</ele>
        <time>2014-07-08T11:45:18.587000Z</time>
      </trkpt>
      <trkpt lat="38.817665" lon="121.14827">
        <ele>51.579</ele>
        <time>2014-07-08T11:45:21.944000Z</time>
      </trkpt>
      <trkpt lat="38.81778" lon="121.148285">
        <ele>52.08857</ele>
        <time>2014-07-08T11:45:25.301000Z</time>
      </trkpt>
      <trkpt lat="38.817905" lon="121.148285">
        <ele>51.8848</ele>
        <time>2014-07-08T11:45:28.658000Z</time>
      </trkpt>
      <trkpt lat="38.817993" lon="121.14829">
        <ele>51.412434</ele>
        <time>2014-07-08T11:45:32.015000Z</time>
      </trkpt>
      <trkpt lat="38.818092" lon="121.1483">
        <ele>51.54161</ele>
        <time>2014-07-08T11:45:35.372000Z</time>
      </trkpt>
      <trkpt lat="38.818188" lon="121.14829">
        <ele>52.169598</ele>
        <time>2014-07-08T11:45:38.729000Z</time>
      </trkpt>
      <trkpt lat="38.81831" lon="121.14831">
        <ele>52.315</ele>
        <time>2014-07-08T11:45:42.086000Z</time>
      </trkpt>
      <trkpt lat="38.818428" lon="121.1483">
        <ele>51.708126</ele>
        <time>2014-07-08T11:45:45.443000Z</time>
      </trkpt>
      <trkpt lat="38.818516" lon="121.148254">
        <ele>50.92033</ele>
        <time>2014-07-08T11:45:48.800000Z</time>
      </trkpt>
      <trkpt lat="38.818615" lon="121.14814">
        <ele>50.601818</ele>
        <time>2014-07-08T11:45:52.157000Z</time>
      </trkpt>
      <trkpt lat="38.818676" lon="121.14802">
        <ele>50.52166</ele>
        <time>2014-07-08T11:45:55.514000Z</time>
      </trkpt>
      <trkpt lat="38.818726" lon="121.14788">
        <ele>50.438118</ele>
        <time>2014-07-08T11:45:58.871000Z</time>
      </trkpt>
      <trkpt lat="38.818733" lon="121.147766">
        <ele>50.595234</ele>
        <time>2014-07-08T11:46:02.228000Z</time>
      </trkpt>
      <trkpt lat="38.81869" lon="121.14761">
        <ele>50.956196</ele>
        <time>2014-07-08T11:46:05.585000Z</time>
      </trkpt>
      <trkpt lat="38.818604" lon="121.14751">
        <ele>51.164974</ele>
        <time>2014-07-08T11:46:08.942000Z</time>
      </trkpt>
      <trkpt lat="38.818504" lon="121.14743">
        <ele>50.844246</ele>
        <time>2014-07-08T11:46:12.299000Z</time>
      </trkpt>
      <trkpt lat="38.818382" lon="121.147385">
        <ele>50.075016</ele>
        <time>2014-07-08T11:46:15.656000Z</time>
      </trkpt>
      <trkpt lat="38.818268" lon="121.14736">
        <ele>49.63163</ele>
        <time>2014-07-08T11:46:19.013000Z</time>
      </trkpt>
      <trkpt lat="38.81817" lon="121.14737">
        <ele>50.17902</ele>
        <time>2014-07-08T11:46:22.370000Z</time>
      </trkpt>
      <trkpt lat="38.818066" lon="121.14736">
        <ele>51.52416</ele>
        <time>2014-07-08T11:46:25.727000Z</time>
      </trkpt>
      <trkpt lat="38.817974" lon="121.14736">
        <ele>53.05004</ele>
        <time>2014-07-08T11:46:29.084000Z</time>
      </trkpt>
      <trkpt lat="38.817863" lon="121.14736">
        <ele>54.190464</ele>
        <time>2014-07-08T11:46:32.441000Z</time>
      </trkpt>
      <trkpt lat="38.817753" lon="121.14736">
        <ele>54.739662</ele>
        <time>2014-07-08T11:46:35.798000Z</time>
      </trkpt>
      <trkpt lat="38.817642" lon="121.14735">
        <ele>54.769283</ele>
        <time>2014-07-08T11:46:39.155000Z</time>
      </trkpt>
      <trkpt lat="38.81754" lon="121.147354">
        <ele>54.79818</ele>
        <time>2014-07-08T11:46:42.512000Z</time>
      </trkpt>
      <trkpt lat="38.817432" lon="121.14741">
        <ele>55.11454</ele>
        <time>2014-07-08T11:46:45.869000Z</time>
      </trkpt>
      <trkpt lat="38.817352" lon="121.14748">
        <ele>55.508987</ele>
        <time>2014-07-08T11:46:49.226000Z</time>
      </trkpt>
      <trkpt lat="38.817265" lon="121.1476">
        <ele>55.592262</ele>
        <time>2014-07-08T11:46:52.583000Z</time>
      </trkpt>
      <trkpt lat="38.817215" lon="121.14772">
        <ele>55.31258</ele>
        <time>2014-07-08T11:46:55.940000Z</time>
      </trkpt>
      <trkpt lat="38.817204" lon="121.14784">
        <ele>54.9517</ele>
        <time>2014-07-08T11:46:59.297000Z</time>
      </trkpt>
      <trkpt lat="38.817223" lon="121.14796">
        <ele>54.390564</ele>
        <time>2014-07-08T11:47:02.654000Z</time>
      </trkpt>
      <trkpt lat="38.817272" lon="121.14807">
        <ele>53.101486</ele>
        <time>2014-07-08T11:47:06.011000Z</time>
      </trkpt>
      <trkpt lat="38.81735" lon="121.14818">
        <ele>51.204365</ele>
        <time>2014-07-08T11:47:09.368000Z</time>
      </trkpt>
      <trkpt lat="38.81743" lon="121.14824">
        <ele>49.51574</ele>
        <time>2014-07-08T11:47:12.725000Z</time>
      </trkpt>
      <trkpt lat="38.81753" lon="121.14828">
        <ele>49.034565</ele>
        <time>2014-07-08T11:47:16.082000Z</time>
      </trkpt>
      <trkpt lat="38.817642" lon="121.148285">
        <ele>50.049393</ele>
        <time>2014-07-08T11:47:19.439000Z</time>
      </trkpt>
      <trkpt lat="38.81775" lon="121.14829">
        <ele>51.46389</ele>
        <time>2014-07-08T11:47:22.796000Z</time>
      </trkpt>
      <trkpt lat="38.817863" lon="121.1483">
        <ele>52.48151</ele>
        <time>2014-07-08T11:47:26.153000Z</time>
      </trkpt>
      <trkpt lat="38.817966" lon="121.148285">
        <ele>53.300545</ele>
        <time>2014-07-08T11:47:29.510000Z</time>
      </trkpt>
      <trkpt lat="38.818073" lon="121.14828">
        <ele>53.859734</ele>
        <time>2014-07-08T11:47:32.867000Z</time>
      </trkpt>
      <trkpt lat="38.81816" lon="121.14826">
        <ele>53.839943</ele>
        <time>2014-07-08T11:47:36.224000Z</time>
      </trkpt>
      <trkpt lat="38.818275" lon="121.14828">
        <ele>53.354904</ele>
        <time>2014-07-08T11:47:39.581000Z</time>
      </trkpt>
      <trkpt lat="38.818367" lon="121.14828">
        <ele>52.336315</ele>
        <time>2014-07-08T11:47:42.938000Z</time>
      </trkpt>
      <trkpt lat="38.818462" lon="121.148254">
        <ele>50.828472</ele>
        <time>2014-07-08T11:47:46.295000Z</time>
      </trkpt>
      <trkpt lat="38.81856" lon="121.14819">
        <ele>49.59735</ele>
        <time>2014-07-08T11:47:49.652000Z</time>
      </trkpt>
      <trkpt lat="38.818657" lon="121.148094">
        <ele>49.591362</ele>
        <time>2014-07-08T11:47:53.009000Z</time>
      </trkpt>
      <trkpt lat="38.8187" lon="121.14798">
        <ele>50.799343</ele>
        <time>2014-07-08T11:47:56.366000Z</time>
      </trkpt>
      <trkpt lat="38.818714" lon="121.14785">
        <ele>52.176826</ele>
        <time>2014-07-08T11:47:59.723000Z</time>
      </trkpt>
      <trkpt lat="38.818714" lon="121.14773">
        <ele>52.564148</ele>
        <time>2014-07-08T11:48:03.080000Z</time>
      </trkpt>
      <trkpt lat="38.818657" lon="121.14759">
        <ele>51.979298</ele>
        <time>2014-07-08T11:48:06.437000Z</time>
      </trkpt>
      <trkpt lat="38.818592" lon="121.1475">
        <ele>51.242764</ele>
        <time>2014-07-08T11:48:09.794000Z</time>
      </trkpt>
      <trkpt lat="38.8185" lon="121.14743">
        <ele>50.866997</ele>
        <time>2014-07-08T11:48:13.151000Z</time>
      </trkpt>
      <trkpt lat="38.8184" lon="121.14739">
        <ele>50.81549</ele>
        <time>2014-07-08T11:48:16.508000Z</time>
      </trkpt>
      <trkpt lat="38.818302" lon="121.14738">
        <ele>51.00259</ele>
        <time>2014-07-08T11:48:19.865000Z</time>
      </trkpt>
      <trkpt lat="38.818195" lon="121.14738">
        <ele>51.49071</ele>
        <time>2014-07-08T11:48:23.222000Z</time>
      </trkpt>
      <trkpt lat="38.818096" lon="121.14738">
        <ele>52.56911</ele>
        <time>2014-07-08T11:48:26.579000Z</time>
      </trkpt>
      <trkpt lat="38.817993" lon="121.14738">
        <ele>54.084568</ele>
        <time>2014-07-08T11:48:29.936000Z</time>
      </trkpt>
      <trkpt lat="38.817898" lon="121.14738">
        <ele>55.23635</ele>
        <time>2014-07-08T11:48:33.293000Z</time>
      </trkpt>
      <trkpt lat="38.817802" lon="121.14737">
        <ele>55.622223</ele>
        <time>2014-07-08T11:48:36.650000Z</time>
      </trkpt>
      <trkpt lat="38.817703" lon="121.14737">
        <ele>55.62795</ele>
        <time>2014-07-08T11:48:40.007000Z</time>
      </trkpt>
      <trkpt lat="38.817593" lon="121.14736">
        <ele>55.817394</ele>
        <time>2014-07-08T11:48:43.364000Z</time>
      </trkpt>
      <trkpt lat="38.817482" lon="121.14738">
        <ele>56.184456</ele>
        <time>2014-07-08T11:48:46.721000Z</time>
      </trkpt>
      <trkpt lat="38.81737" lon="121.147415">
        <ele>56.25591</ele>
        <time>2014-07-08T11:48:50.078000Z</time>
      </trkpt>
      <trkpt lat="38.817284" lon="121.1475">
        <ele>55.664314</ele>
        <time>2014-07-08T11:48:53.435000Z</time>
      </trkpt>
      <trkpt lat="38.817223" lon="121.147606">
        <ele>54.571995</ele>
        <time>2014-07-08T11:48:56.792000Z</time>
      </trkpt>
      <trkpt lat="38.81719" lon="121.14773">
        <ele>53.393322</ele>
        <time>2014-07-08T11:49:00.149000Z</time>
      </trkpt>
      <trkpt lat="38.81719" lon="121.14786">
        <ele>52.197815</ele>
        <time>2014-07-08T11:49:03.506000Z</time>
      </trkpt>
      <trkpt lat="38.81721" lon="121.14797">
        <ele>50.973724</ele>
        <time>2014-07-08T11:49:06.863000Z</time>
      </trkpt>
      <trkpt lat="38.817276" lon="121.148094">
        <ele>50.288963</ele>
        <time>2014-07-08T11:49:10.220000Z</time>
      </trkpt>
      <trkpt lat="38.81735" lon="121.1482">
        <ele>50.346127</ele>
        <time>2014-07-08T11:49:13.577000Z</time>
      </trkpt>
      <trkpt lat="38.817463" lon="121.14828">
        <ele>50.824223</ele>
        <time>2014-07-08T11:49:16.934000Z</time>
      </trkpt>
      <trkpt lat="38.817562" lon="121.1483">
        <ele>51.53484</ele>
        <time>2014-07-08T11:49:20.291000Z</time>
      </trkpt>
      <trkpt lat="38.81767" lon="121.14829">
        <ele>52.393265</ele>
        <time>2014-07-08T11:49:23.648000Z</time>
      </trkpt>
      <trkpt lat="38.81778" lon="121.14829">
        <ele>53.112442</ele>
        <time>2014-07-08T11:49:27.005000Z</time>
      </trkpt>
      <trkpt lat="38.81788" lon="121.14829">
        <ele>53.478874</ele>
        <time>2014-07-08T11:49:30.362000Z</time>
      </trkpt>
      <trkpt lat="38.817997" lon="121.14828">
        <ele>53.661236</ele>
        <time>2014-07-08T11:49:33.719000Z</time>
      </trkpt>
      <trkpt lat="38.818092" lon="121.148285">
        <ele>53.72063</ele>
        <time>2014-07-08T11:49:37.076000Z</time>
      </trkpt>
      <trkpt lat="38.818214" lon="121.1483">
        <ele>53.3739</ele>
        <time>2014-07-08T11:49:40.433000Z</time>
      </trkpt>
      <trkpt lat="38.81832" lon="121.14832">
        <ele>52.698963</ele>
        <time>2014-07-08T11:49:43.790000Z</time>
      </trkpt>
      <trkpt lat="38.818428" lon="121.14832">
        <ele>52.315277</ele>
        <time>2014-07-08T11:49:47.147000Z</time>
      </trkpt>
      <trkpt lat="38.81854" lon="121.14827">
        <ele>52.482452</ele>
        <time>2014-07-08T11:49:50.504000Z</time>
      </trkpt>
      <trkpt lat="38.818645" lon="121.14817">
        <ele>53.070488</ele>
        <time>2014-07-08T11:49:53.861000Z</time>
      </trkpt>
      <trkpt lat="38.818707" lon="121.14808">
        <ele>53.51205</ele>
        <time>2014-07-08T11:49:57.218000Z</time>
      </trkpt>
      <trkpt lat="38.81872" lon="121.14795">
        <ele>53.07946</ele>
        <time>2014-07-08T11:50:00.575000Z</time>
      </trkpt>
      <trkpt lat="38.818733" lon="121.14782">
        <ele>51.967205</ele>
        <time>2014-07-08T11:50:03.932000Z</time>
      </trkpt>
      <trkpt lat="38.81871" lon="121.1477">
        <ele>51.082657</ele>
        <time>2014-07-08T11:50:07.289000Z</time>
      </trkpt>
      <trkpt lat="38.81867" lon="121.14759">
        <ele>50.716827</ele>
        <time>2014-07-08T11:50:10.646000Z</time>
      </trkpt>
      <trkpt lat="38.81859" lon="121.14749">
        <ele>50.57935</ele>
        <time>2014-07-08T11:50:14.003000Z</time>
      </trkpt>
      <trkpt lat="38.81849" lon="121.147415">
        <ele>50.492844</ele>
        <time>2014-07-08T11:50:17.360000Z</time>
      </trkpt>
      <trkpt lat="38.8184" lon="121.14738">
        <ele>50.708714</ele>
        <time>2014-07-08T11:50:20.717000Z</time>
      </trkpt>
      <trkpt lat="38.8183" lon="121.14737">
        <ele>51.296127</ele>
        <time>2014-07-08T11:50:24.074000Z</time>
      </trkpt>
      <trkpt lat="38.818176" lon="121.14738">
        <ele>51.89629</ele>
        <time>2014-07-08T11:50:27.431000Z</time>
      </trkpt>
      <trkpt lat="38.81808" lon="121.147385">
        <ele>52.081882</ele>
        <time>2014-07-08T11:50:30.788000Z</time>
      </trkpt>
      <trkpt lat="38.81799" lon="121.14737">
        <ele>51.9388</ele>
        <time>2014-07-08T11:50:34.145000Z</time>
      </trkpt>
      <trkpt lat="38.817898" lon="121.14737">
        <ele>51.987255</ele>
        <time>2014-07-08T11:50:37.502000Z</time>
      </trkpt>
      <trkpt lat="38.817802" lon="121.14737">
        <ele>52.64784</ele>
        <time>2014-07-08T11:50:40.859000Z</time>
      </trkpt>
      <trkpt lat="38.817696" lon="121.14736">
        <ele>53.744755</ele>
        <time>2014-07-08T11:50:44.216000Z</time>
      </trkpt>
      <trkpt lat="38.817593" lon="121.14736">
        <ele>54.538704</ele>
        <time>2014-07-08T11:50:47.573000Z</time>
      </trkpt>
      <trkpt lat="38.817482" lon="121.14737">
        <ele>54.549953</ele>
        <time>2014-07-08T11:50:50.930000Z</time>
      </trkpt>
      <trkpt lat="38.817375" lon="121.14743">
        <ele>54.155983</ele>
        <time>2014-07-08T11:50:54.287000Z</time>
      </trkpt>
      <trkpt lat="38.817295" lon="121.14753">
        <ele>53.791435</ele>
        <time>2014-07-08T11:50:57.644000Z</time>
      </trkpt>
      <trkpt lat="38.81725" lon="121.14763">
        <ele>53.24552</ele>
        <time>2014-07-08T11:51:01.001000Z</time>
      </trkpt>
      <trkpt lat="38.81722" lon="121.147766">
        <ele>52.309517</ele>
        <time>2014-07-08T11:51:04.358000Z</time>
      </trkpt>
      <trkpt lat="38.817226" lon="121.14792">
        <ele>51.45056</ele>
        <time>2014-07-08T11:51:07.715000Z</time>
      </trkpt>
      <trkpt lat="38.81727" lon="121.14805">
        <ele>51.175938</ele>
        <time>2014-07-08T11:51:11.072000Z</time>
      </trkpt>
      <trkpt lat="38.81733" lon="121.148155">
        <ele>51.35281</ele>
        <time>2014-07-08T11:51:14.429000Z</time>
      </trkpt>
      <trkpt lat="38.817413" lon="121.14825">
        <ele>51.651585</ele>
        <time>2014-07-08T11:51:17.786000Z</time>
      </trkpt>
      <trkpt lat="38.817513" lon="121.148285">
        <ele>52.025276</ele>
        <time>2014-07-08T11:51:21.143000Z</time>
      </trkpt>
      <trkpt lat="38.817604" lon="121.14831">
        <ele>52.606678</ele>
        <time>2014-07-08T11:51:24.500000Z</time>
      </trkpt>
      <trkpt lat="38.81773" lon="121.1483">
        <ele>53.271767</ele>
        <time>2014-07-08T11:51:27.857000Z</time>
      </trkpt>
      <trkpt lat="38.817837" lon="121.14829">
        <ele>53.755245</ele>
        <time>2014-07-08T11:51:31.214000Z</time>
      </trkpt>
      <trkpt lat="38.81794" lon="121.1483">
        <ele>53.906075</ele>
        <time>2014-07-08T11:51:34.571000Z</time>
      </trkpt>
      <trkpt lat="38.81806" lon="121.14831">
        <ele>53.7664</ele>
        <time>2014-07-08T11:51:37.928000Z</time>
      </trkpt>
      <trkpt lat="38.81817" lon="121.148315">
        <ele>53.548756</ele>
        <time>2014-07-08T11:51:41.285000Z</time>
      </trkpt>
      <trkpt lat="38.818283" lon="121.14832">
        <ele>53.55777</ele>
        <time>2014-07-08T11:51:44.642000Z</time>
      </trkpt>
      <trkpt lat="38.81839" lon="121.14831">
        <ele>53.74413</ele>
        <time>2014-07-08T11:51:47.999000Z</time>
      </trkpt>
      <trkpt lat="38.818497" lon="121.14827">
        <ele>53.473534</ele>
        <time>2014-07-08T11:51:51.356000Z</time>
      </trkpt>
      <trkpt lat="38.818584" lon="121.1482">
        <ele>52.545715</ele>
        <time>2014-07-08T11:51:54.713000Z</time>
      </trkpt>
      <trkpt lat="38.81866" lon="121.148125">
        <ele>51.675735</ele>
        <time>2014-07-08T11:51:58.070000Z</time>
      </trkpt>
      <trkpt lat="38.818714" lon="121.14801">
        <ele>51.46837</ele>
        <time>2014-07-08T11:52:01.427000Z</time>
      </trkpt>
      <trkpt lat="38.818745" lon="121.14789">
        <ele>51.938454</ele>
        <time>2014-07-08T11:52:04.784000Z</time>
      </trkpt>
      <trkpt lat="38.81874" lon="121.14774">
        <ele>52.697536</ele>
        <time>2014-07-08T11:52:08.141000Z</time>
      </trkpt>
      <trkpt lat="38.818707" lon="121.14761">
        <ele>52.94442</ele>
        <time>2014-07-08T11:52:11.498000Z</time>
      </trkpt>
      <trkpt lat="38.81865" lon="121.147484">
        <ele>52.04407</ele>
        <time>2014-07-08T11:52:14.855000Z</time>
      </trkpt>
      <trkpt lat="38.8186" lon="121.14739">
        <ele>50.43027</ele>
        <time>2014-07-08T11:52:18.212000Z</time>
      </trkpt>
      <trkpt lat="38.81851" lon="121.147285">
        <ele>50.11354</ele>
        <time>2014-07-08T11:52:21.569000Z</time>
      </trkpt>
      <trkpt lat="38.81851" lon="121.147285">
        <ele>50.53959</ele>
        <time>2014-07-08T11:52:24.926000Z</time>
      </trkpt>
      <trkpt lat="38.81851" lon="121.147285">
        <ele>50.511063</ele>
        <time>2014-07-08T11:52:28.283000Z</time>
      </trkpt>
      <trkpt lat="38.818405" lon="121.14729">
        <ele>50.26034</ele>
        <time>2014-07-08T11:52:31.640000Z</time>
      </trkpt>
      <trkpt lat="38.81829" lon="121.14729">
        <ele>50.38368</ele>
        <time>2014-07-08T11:52:34.997000Z</time>
      </trkpt>
      <trkpt lat="38.81818" lon="121.14729">
        <ele>51.34395</ele>
        <time>2014-07-08T11:52:38.354000Z</time>
      </trkpt>
      <trkpt lat="38.81818" lon="121.14729">
        <ele>52.767006</ele>
        <time>2014-07-08T11:52:41.711000Z</time>
      </trkpt>
      <trkpt lat="38.81806" lon="121.147316">
        <ele>53.986633</ele>
        <time>2014-07-08T11:52:45.068000Z</time>
      </trkpt>
      <trkpt lat="38.81795" lon="121.14732">
        <ele>55.100464</ele>
        <time>2014-07-08T11:52:48.425000Z</time>
      </trkpt>
      <trkpt lat="38.817852" lon="121.14732">
        <ele>56.403866</ele>
        <time>2014-07-08T11:52:51.782000Z</time>
      </trkpt>
      <trkpt lat="38.817745" lon="121.14732">
        <ele>57.453045</ele>
        <time>2014-07-08T11:52:55.139000Z</time>
      </trkpt>
      <trkpt lat="38.817646" lon="121.147316">
        <ele>57.89277</ele>
        <time>2014-07-08T11:52:58.496000Z</time>
      </trkpt>
      <trkpt lat="38.817535" lon="121.14731">
        <ele>57.80696</ele>
        <time>2014-07-08T11:53:01.853000Z</time>
      </trkpt>
      <trkpt lat="38.81741" lon="121.14736">
        <ele>57.25277</ele>
        <time>2014-07-08T11:53:05.210000Z</time>
      </trkpt>
      <trkpt lat="38.81731" lon="121.14744">
        <ele>56.296272</ele>
        <time>2014-07-08T11:53:08.567000Z</time>
      </trkpt>
      <trkpt lat="38.817238" lon="121.147545">
        <ele>55.167946</ele>
        <time>2014-07-08T11:53:11.924000Z</time>
      </trkpt>
      <trkpt lat="38.817192" lon="121.14766">
        <ele>54.27748</ele>
        <time>2014-07-08T11:53:15.281000Z</time>
      </trkpt>
      <trkpt lat="38.817165" lon="121.14782">
        <ele>53.821457</ele>
        <time>2014-07-08T11:53:18.638000Z</time>
      </trkpt>
      <trkpt lat="38.817184" lon="121.14794">
        <ele>53.45904</ele>
        <time>2014-07-08T11:53:21.995000Z</time>
      </trkpt>
      <trkpt lat="38.81723" lon="121.14806">
        <ele>52.869587</ele>
        <time>2014-07-08T11:53:25.352000Z</time>
      </trkpt>
      <trkpt lat="38.817307" lon="121.14818">
        <ele>52.101463</ele>
        <time>2014-07-08T11:53:28.709000Z</time>
      </trkpt>
      <trkpt lat="38.81739" lon="121.14826">
        <ele>51.493896</ele>
        <time>2014-07-08T11:53:32.066000Z</time>
      </trkpt>
      <trkpt lat="38.8175" lon="121.1483">
        <ele>51.31737</ele>
        <time>2014-07-08T11:53:35.423000Z</time>
      </trkpt>
      <trkpt lat="38.817627" lon="121.14833">
        <ele>51.543266</ele>
        <time>2014-07-08T11:53:38.780000Z</time>
      </trkpt>
      <trkpt lat="38.817726" lon="121.14834">
        <ele>51.78717</ele>
        <time>2014-07-08T11:53:42.137000Z</time>
      </trkpt>
      <trkpt lat="38.81783" lon="121.148346">
        <ele>51.827225</ele>
        <time>2014-07-08T11:53:45.494000Z</time>
      </trkpt>
      <trkpt lat="38.81794" lon="121.14836">
        <ele>51.987926</ele>
        <time>2014-07-08T11:53:48.851000Z</time>
      </trkpt>
      <trkpt lat="38.818047" lon="121.14836">
        <ele>52.34487</ele>
        <time>2014-07-08T11:53:52.208000Z</time>
      </trkpt>
      <trkpt lat="38.818176" lon="121.14835">
        <ele>52.83594</ele>
        <time>2014-07-08T11:53:55.565000Z</time>
      </trkpt>
      <trkpt lat="38.818275" lon="121.148346">
        <ele>53.415314</ele>
        <time>2014-07-08T11:53:58.922000Z</time>
      </trkpt>
      <trkpt lat="38.818386" lon="121.14833">
        <ele>53.868687</ele>
        <time>2014-07-08T11:54:02.279000Z</time>
      </trkpt>
      <trkpt lat="38.818478" lon="121.148285">
        <ele>54.057545</ele>
        <time>2014-07-08T11:54:05.636000Z</time>
      </trkpt>
      <trkpt lat="38.818577" lon="121.14822">
        <ele>53.602898</ele>
        <time>2014-07-08T11:54:08.993000Z</time>
      </trkpt>
      <trkpt lat="38.818672" lon="121.1481">
        <ele>52.47608</ele>
        <time>2014-07-08T11:54:12.350000Z</time>
      </trkpt>
      <trkpt lat="38.81872" lon="121.14798">
        <ele>51.546047</ele>
        <time>2014-07-08T11:54:15.707000Z</time>
      </trkpt>
      <trkpt lat="38.818737" lon="121.14785">
        <ele>51.53913</ele>
        <time>2014-07-08T11:54:19.064000Z</time>
      </trkpt>
      <trkpt lat="38.818726" lon="121.14773">
        <ele>52.34899</ele>
        <time>2014-07-08T11:54:22.421000Z</time>
      </trkpt>
      <trkpt lat="38.818665" lon="121.14759">
        <ele>53.017498</ele>
        <time>2014-07-08T11:54:25.778000Z</time>
      </trkpt>
      <trkpt lat="38.81858" lon="121.14748">
        <ele>52.67269</ele>
        <time>2014-07-08T11:54:29.135000Z</time>
      </trkpt>
      <trkpt lat="38.818474" lon="121.14739">
        <ele>51.588055</ele>
        <time>2014-07-08T11:54:32.492000Z</time>
      </trkpt>
      <trkpt lat="38.81838" lon="121.147354">
        <ele>50.57718</ele>
        <time>2014-07-08T11:54:35.849000Z</time>
      </trkpt>
      <trkpt lat="38.818268" lon="121.14735">
        <ele>50.21088</ele>
        <time>2014-07-08T11:54:39.206000Z</time>
      </trkpt>
      <trkpt lat="38.81817" lon="121.147354">
        <ele>50.707954</ele>
        <time>2014-07-08T11:54:42.563000Z</time>
      </trkpt>
      <trkpt lat="38.81806" lon="121.147354">
        <ele>51.70896</ele>
        <time>2014-07-08T11:54:45.920000Z</time>
      </trkpt>
      <trkpt lat="38.81794" lon="121.14734">
        <ele>52.635475</ele>
        <time>2014-07-08T11:54:49.277000Z</time>
      </trkpt>
      <trkpt lat="38.817837" lon="121.14734">
        <ele>53.239956</ele>
        <time>2014-07-08T11:54:52.634000Z</time>
      </trkpt>
      <trkpt lat="38.817738" lon="121.14735">
        <ele>53.60012</ele>
        <time>2014-07-08T11:54:55.991000Z</time>
      </trkpt>
      <trkpt lat="38.81763" lon="121.14735">
        <ele>53.921513</ele>
        <time>2014-07-08T11:54:59.348000Z</time>
      </trkpt>
      <trkpt lat="38.81752" lon="121.14734">
        <ele>54.23444</ele>
        <time>2014-07-08T11:55:02.705000Z</time>
      </trkpt>
      <trkpt lat="38.817406" lon="121.147385">
        <ele>54.40658</ele>
        <time>2014-07-08T11:55:06.062000Z</time>
      </trkpt>
      <trkpt lat="38.817303" lon="121.14746">
        <ele>54.50045</ele>
        <time>2014-07-08T11:55:09.419000Z</time>
      </trkpt>
      <trkpt lat="38.81723" lon="121.147575">
        <ele>54.47776</ele>
        <time>2014-07-08T11:55:12.776000Z</time>
      </trkpt>
      <trkpt lat="38.817196" lon="121.1477">
        <ele>54.40364</ele>
        <time>2014-07-08T11:55:16.133000Z</time>
      </trkpt>
      <trkpt lat="38.81719" lon="121.14782">
        <ele>54.36261</ele>
        <time>2014-07-08T11:55:19.490000Z</time>
      </trkpt>
      <trkpt lat="38.817196" lon="121.14795">
        <ele>54.036587</ele>
        <time>2014-07-08T11:55:22.847000Z</time>
      </trkpt>
      <trkpt lat="38.817245" lon="121.14806">
        <ele>53.195866</ele>
        <time>2014-07-08T11:55:26.204000Z</time>
      </trkpt>
      <trkpt lat="38.817318" lon="121.14818">
        <ele>52.37398</ele>
        <time>2014-07-08T11:55:29.561000Z</time>
      </trkpt>
      <trkpt lat="38.817413" lon="121.14826">
        <ele>52.37386</ele>
        <time>2014-07-08T11:55:32.918000Z</time>
      </trkpt>
      <trkpt lat="38.81752" lon="121.1483">
        <ele>53.38761</ele>
        <time>2014-07-08T11:55:36.275000Z</time>
      </trkpt>
      <trkpt lat="38.817616" lon="121.1483">
        <ele>54.918346</ele>
        <time>2014-07-08T11:55:39.632000Z</time>
      </trkpt>
      <trkpt lat="38.81773" lon="121.148315">
        <ele>56.329575</ele>
        <time>2014-07-08T11:55:42.989000Z</time>
      </trkpt>
      <trkpt lat="38.817852" lon="121.14831">
        <ele>56.4829</ele>
        <time>2014-07-08T11:55:46.346000Z</time>
      </trkpt>
      <trkpt lat="38.817955" lon="121.148315">
        <ele>54.912796</ele>
        <time>2014-07-08T11:55:49.703000Z</time>
      </trkpt>
      <trkpt lat="38.81806" lon="121.14831">
        <ele>53.381523</ele>
        <time>2014-07-08T11:55:53.060000Z</time>
      </trkpt>
      <trkpt lat="38.81818" lon="121.14831">
        <ele>53.392105</ele>
        <time>2014-07-08T11:55:56.417000Z</time>
      </trkpt>
      <trkpt lat="38.818287" lon="121.148315">
        <ele>54.214294</ele>
        <time>2014-07-08T11:55:59.774000Z</time>
      </trkpt>
      <trkpt lat="38.818386" lon="121.14832">
        <ele>54.283775</ele>
        <time>2014-07-08T11:56:03.131000Z</time>
      </trkpt>
      <trkpt lat="38.81848" lon="121.14829">
        <ele>53.24493</ele>
        <time>2014-07-08T11:56:06.488000Z</time>
      </trkpt>
      <trkpt lat="38.818577" lon="121.14823">
        <ele>52.163155</ele>
        <time>2014-07-08T11:56:09.845000Z</time>
      </trkpt>
      <trkpt lat="38.818665" lon="121.14815">
        <ele>52.12338</ele>
        <time>2014-07-08T11:56:13.202000Z</time>
      </trkpt>
      <trkpt lat="38.818707" lon="121.14804">
        <ele>54.07648</ele>
        <time>2014-07-08T11:56:16.559000Z</time>
      </trkpt>
      <trkpt lat="38.81874" lon="121.14791">
        <ele>54.261555</ele>
        <time>2014-07-08T11:56:19.916000Z</time>
      </trkpt>
      <trkpt lat="38.818745" lon="121.14776">
        <ele>53.58875</ele>
        <time>2014-07-08T11:56:23.273000Z</time>
      </trkpt>
      <trkpt lat="38.818745" lon="121.14776">
        <ele>52.89474</ele>
        <time>2014-07-08T11:56:26.630000Z</time>
      </trkpt>
      <trkpt lat="38.818707" lon="121.14763">
        <ele>52.673466</ele>
        <time>2014-07-08T11:56:29.987000Z</time>
      </trkpt>
      <trkpt lat="38.81864" lon="121.14752">
        <ele>52.27658</ele>
        <time>2014-07-08T11:56:33.344000Z</time>
      </trkpt>
      <trkpt lat="38.818554" lon="121.14743">
        <ele>51.01037</ele>
        <time>2014-07-08T11:56:36.701000Z</time>
      </trkpt>
      <trkpt lat="38.818455" lon="121.147385">
        <ele>49.322853</ele>
        <time>2014-07-08T11:56:40.058000Z</time>
      </trkpt>
      <trkpt lat="38.81834" lon="121.14737">
        <ele>48.213768</ele>
        <time>2014-07-08T11:56:43.415000Z</time>
      </trkpt>
      <trkpt lat="38.81823" lon="121.14737">
        <ele>47.88033</ele>
        <time>2014-07-08T11:56:46.772000Z</time>
      </trkpt>
      <trkpt lat="38.81812" lon="121.14737">
        <ele>47.891148</ele>
        <time>2014-07-08T11:56:50.129000Z</time>
      </trkpt>
      <trkpt lat="38.818005" lon="121.14736">
        <ele>47.89341</ele>
        <time>2014-07-08T11:56:53.486000Z</time>
      </trkpt>
      <trkpt lat="38.817905" lon="121.147354">
        <ele>47.91312</ele>
        <time>2014-07-08T11:56:56.843000Z</time>
      </trkpt>
      <trkpt lat="38.8178" lon="121.14735">
        <ele>48.240562</ele>
        <time>2014-07-08T11:57:00.200000Z</time>
      </trkpt>
      <trkpt lat="38.817696" lon="121.14735">
        <ele>48.877785</ele>
        <time>2014-07-08T11:57:03.557000Z</time>
      </trkpt>
      <trkpt lat="38.817596" lon="121.14734">
        <ele>49.496216</ele>
        <time>2014-07-08T11:57:06.914000Z</time>
      </trkpt>
      <trkpt lat="38.817493" lon="121.147354">
        <ele>50.357925</ele>
        <time>2014-07-08T11:57:10.271000Z</time>
      </trkpt>
      <trkpt lat="38.817387" lon="121.1474">
        <ele>51.824963</ele>
        <time>2014-07-08T11:57:13.628000Z</time>
      </trkpt>
      <trkpt lat="38.817287" lon="121.147484">
        <ele>53.397648</ele>
        <time>2014-07-08T11:57:16.985000Z</time>
      </trkpt>
      <trkpt lat="38.817215" lon="121.14761">
        <ele>54.383686</ele>
        <time>2014-07-08T11:57:20.342000Z</time>
      </trkpt>
      <trkpt lat="38.817177" lon="121.14773">
        <ele>54.66831</ele>
        <time>2014-07-08T11:57:23.699000Z</time>
      </trkpt>
      <trkpt lat="38.817173" lon="121.14788">
        <ele>54.42778</ele>
        <time>2014-07-08T11:57:27.056000Z</time>
      </trkpt>
      <trkpt lat="38.81722" lon="121.14803">
        <ele>53.516716</ele>
        <time>2014-07-08T11:57:30.413000Z</time>
      </trkpt>
      <trkpt lat="38.817276" lon="121.14814">
        <ele>51.950356</ele>
        <time>2014-07-08T11:57:33.770000Z</time>
      </trkpt>
      <trkpt lat="38.81736" lon="121.14821">
        <ele>50.690746</ele>
        <time>2014-07-08T11:57:37.127000Z</time>
      </trkpt>
      <trkpt lat="38.817463" lon="121.14826">
        <ele>51.06462</ele>
        <time>2014-07-08T11:57:40.484000Z</time>
      </trkpt>
      <trkpt lat="38.817562" lon="121.1483">
        <ele>53.211548</ele>
        <time>2014-07-08T11:57:43.841000Z</time>
      </trkpt>
      <trkpt lat="38.817673" lon="121.148315">
        <ele>55.52275</ele>
        <time>2014-07-08T11:57:47.198000Z</time>
      </trkpt>
      <trkpt lat="38.817772" lon="121.14833">
        <ele>56.2645</ele>
        <time>2014-07-08T11:57:50.555000Z</time>
      </trkpt>
      <trkpt lat="38.817883" lon="121.14834">
        <ele>55.149418</ele>
        <time>2014-07-08T11:57:53.912000Z</time>
      </trkpt>
      <trkpt lat="38.81799" lon="121.14834">
        <ele>53.118713</ele>
        <time>2014-07-08T11:57:57.269000Z</time>
      </trkpt>
      <trkpt lat="38.8181" lon="121.148346">
        <ele>51.657284</ele>
        <time>2014-07-08T11:58:00.626000Z</time>
      </trkpt>
      <trkpt lat="38.81821" lon="121.14835">
        <ele>51.408287</ele>
        <time>2014-07-08T11:58:03.983000Z</time>
      </trkpt>
      <trkpt lat="38.818314" lon="121.14835">
        <ele>51.65195</ele>
        <time>2014-07-08T11:58:07.340000Z</time>
      </trkpt>
      <trkpt lat="38.81842" lon="121.148346">
        <ele>51.378654</ele>
        <time>2014-07-08T11:58:10.697000Z</time>
      </trkpt>
      <trkpt lat="38.818512" lon="121.14831">
        <ele>50.730476</ele>
        <time>2014-07-08T11:58:14.054000Z</time>
      </trkpt>
      <trkpt lat="38.81862" lon="121.14822">
        <ele>50.72714</ele>
        <time>2014-07-08T11:58:17.411000Z</time>
      </trkpt>
      <trkpt lat="38.818687" lon="121.1481">
        <ele>51.497845</ele>
        <time>2014-07-08T11:58:20.768000Z</time>
      </trkpt>
      <trkpt lat="38.818726" lon="121.14798">
        <ele>52.18349</ele>
        <time>2014-07-08T11:58:24.125000Z</time>
      </trkpt>
      <trkpt lat="38.818745" lon="121.14785">
        <ele>52.368736</ele>
        <time>2014-07-08T11:58:27.482000Z</time>
      </trkpt>
      <trkpt lat="38.818733" lon="121.14772">
        <ele>52.44426</ele>
        <time>2014-07-08T11:58:30.839000Z</time>
      </trkpt>
      <trkpt lat="38.818695" lon="121.14759">
        <ele>52.802788</ele>
        <time>2014-07-08T11:58:34.196000Z</time>
      </trkpt>
      <trkpt lat="38.818638" lon="121.14749">
        <ele>52.81646</ele>
        <time>2014-07-08T11:58:37.553000Z</time>
      </trkpt>
      <trkpt lat="38.81854" lon="121.14739">
        <ele>51.9358</ele>
        <time>2014-07-08T11:58:40.910000Z</time>
      </trkpt>
      <trkpt lat="38.81844" lon="121.14733">
        <ele>51.040398</ele>
        <time>2014-07-08T11:58:44.267000Z</time>
      </trkpt>
      <trkpt lat="38.818336" lon="121.147316">
        <ele>51.186604</ele>
        <time>2014-07-08T11:58:47.624000Z</time>
      </trkpt>
      <trkpt lat="38.818226" lon="121.14733">
        <ele>52.194447</ele>
        <time>2014-07-08T11:58:50.981000Z</time>
      </trkpt>
      <trkpt lat="38.818127" lon="121.14733">
        <ele>53.73109</ele>
        <time>2014-07-08T11:58:54.338000Z</time>
      </trkpt>
      <trkpt lat="38.81801" lon="121.14732">
        <ele>55.858646</ele>
        <time>2014-07-08T11:58:57.695000Z</time>
      </trkpt>
      <trkpt lat="38.817883" lon="121.14732">
        <ele>58.03418</ele>
        <time>2014-07-08T11:59:01.052000Z</time>
      </trkpt>
      <trkpt lat="38.81777" lon="121.147316">
        <ele>59.04437</ele>
        <time>2014-07-08T11:59:04.409000Z</time>
      </trkpt>
      <trkpt lat="38.817665" lon="121.147316">
        <ele>58.3339</ele>
        <time>2014-07-08T11:59:07.766000Z</time>
      </trkpt>
      <trkpt lat="38.817554" lon="121.147316">
        <ele>56.513638</ele>
        <time>2014-07-08T11:59:11.123000Z</time>
      </trkpt>
      <trkpt lat="38.817444" lon="121.14734">
        <ele>54.375004</ele>
        <time>2014-07-08T11:59:14.480000Z</time>
      </trkpt>
      <trkpt lat="38.817326" lon="121.1474">
        <ele>52.79577</ele>
        <time>2014-07-08T11:59:17.837000Z</time>
      </trkpt>
      <trkpt lat="38.81724" lon="121.14749">
        <ele>52.729866</ele>
        <time>2014-07-08T11:59:21.194000Z</time>
      </trkpt>
      <trkpt lat="38.8172" lon="121.147606">
        <ele>53.852722</ele>
        <time>2014-07-08T11:59:24.551000Z</time>
      </trkpt>
      <trkpt lat="38.81717" lon="121.14772">
        <ele>54.284122</ele>
        <time>2014-07-08T11:59:27.908000Z</time>
      </trkpt>
      <trkpt lat="38.81716" lon="121.14785">
        <ele>53.157333</ele>
        <time>2014-07-08T11:59:31.265000Z</time>
      </trkpt>
      <trkpt lat="38.817184" lon="121.14799">
        <ele>51.32528</ele>
        <time>2014-07-08T11:59:34.622000Z</time>
      </trkpt>
      <trkpt lat="38.817238" lon="121.14811">
        <ele>49.99845</ele>
        <time>2014-07-08T11:59:37.979000Z</time>
      </trkpt>
      <trkpt lat="38.817318" lon="121.14817">
        <ele>49.4176</ele>
        <time>2014-07-08T11:59:41.336000Z</time>
      </trkpt>
      <trkpt lat="38.817432" lon="121.14825">
        <ele>49.370323</ele>
        <time>2014-07-08T11:59:44.693000Z</time>
      </trkpt>
      <trkpt lat="38.81753" lon="121.1483">
        <ele>49.71479</ele>
        <time>2014-07-08T11:59:48.050000Z</time>
      </trkpt>
      <trkpt lat="38.817627" lon="121.14832">
        <ele>50.377834</ele>
        <time>2014-07-08T11:59:51.407000Z</time>
      </trkpt>
      <trkpt lat="38.817722" lon="121.14834">
        <ele>51.0277</ele>
        <time>2014-07-08T11:59:54.764000Z</time>
      </trkpt>
      <trkpt lat="38.81782" lon="121.14834">
        <ele>51.528698</ele>
        <time>2014-07-08T11:59:58.121000Z</time>
      </trkpt>
      <trkpt lat="38.81794" lon="121.148346">
        <ele>51.874523</ele>
        <time>2014-07-08T12:00:01.478000Z</time>
      </trkpt>
      <trkpt lat="38.81805" lon="121.148346">
        <ele>52.075092</ele>
        <time>2014-07-08T12:00:04.835000Z</time>
      </trkpt>
      <trkpt lat="38.81817" lon="121.14835">
        <ele>51.971394</ele>
        <time>2014-07-08T12:00:08.192000Z</time>
      </trkpt>
      <trkpt lat="38.81828" lon="121.14835">
        <ele>51.940136</ele>
        <time>2014-07-08T12:00:11.549000Z</time>
      </trkpt>
      <trkpt lat="38.81838" lon="121.14836">
        <ele>52.284546</ele>
        <time>2014-07-08T12:00:14.906000Z</time>
      </trkpt>
      <trkpt lat="38.818493" lon="121.14832">
        <ele>52.512856</ele>
        <time>2014-07-08T12:00:18.263000Z</time>
      </trkpt>
      <trkpt lat="38.81859" lon="121.14825">
        <ele>52.08063</ele>
        <time>2014-07-08T12:00:21.620000Z</time>
      </trkpt>
      <trkpt lat="38.81866" lon="121.14815">
        <ele>51.000732</ele>
        <time>2014-07-08T12:00:24.977000Z</time>
      </trkpt>
      <trkpt lat="38.81872" lon="121.14802">
        <ele>49.881516</ele>
        <time>2014-07-08T12:00:28.334000Z</time>
      </trkpt>
      <trkpt lat="38.81874" lon="121.14785">
        <ele>49.577225</ele>
        <time>2014-07-08T12:00:31.691000Z</time>
      </trkpt>
      <trkpt lat="38.818733" lon="121.14771">
        <ele>50.117523</ele>
        <time>2014-07-08T12:00:35.048000Z</time>
      </trkpt>
      <trkpt lat="38.818695" lon="121.147575">
        <ele>50.927055</ele>
        <time>2014-07-08T12:00:38.405000Z</time>
      </trkpt>
      <trkpt lat="38.818623" lon="121.14748">
        <ele>51.13187</ele>
        <time>2014-07-08T12:00:41.762000Z</time>
      </trkpt>
      <trkpt lat="38.818527" lon="121.1474">
        <ele>50.347256</ele>
        <time>2014-07-08T12:00:45.119000Z</time>
      </trkpt>
      <trkpt lat="38.818436" lon="121.14736">
        <ele>49.34396</ele>
        <time>2014-07-08T12:00:48.476000Z</time>
      </trkpt>
      <trkpt lat="38.818314" lon="121.14735">
        <ele>49.277477</ele>
        <time>2014-07-08T12:00:51.833000Z</time>
      </trkpt>
      <trkpt lat="38.818214" lon="121.14735">
        <ele>50.363853</ele>
        <time>2014-07-08T12:00:55.190000Z</time>
      </trkpt>
      <trkpt lat="38.818104" lon="121.14735">
        <ele>51.758644</ele>
        <time>2014-07-08T12:00:58.547000Z</time>
      </trkpt>
      <trkpt lat="38.81801" lon="121.14733">
        <ele>52.629402</ele>
        <time>2014-07-08T12:01:01.904000Z</time>
      </trkpt>
      <trkpt lat="38.817905" lon="121.14732">
        <ele>52.04677</ele>
        <time>2014-07-08T12:01:05.261000Z</time>
      </trkpt>
      <trkpt lat="38.817795" lon="121.14732">
        <ele>49.729282</ele>
        <time>2014-07-08T12:01:08.618000Z</time>
      </trkpt>
      <trkpt lat="38.81769" lon="121.14733">
        <ele>47.635868</ele>
        <time>2014-07-08T12:01:11.975000Z</time>
      </trkpt>
      <trkpt lat="38.817585" lon="121.14733">
        <ele>47.52741</ele>
        <time>2014-07-08T12:01:15.332000Z</time>
      </trkpt>
      <trkpt lat="38.817493" lon="121.14734">
        <ele>48.518177</ele>
        <time>2014-07-08T12:01:18.689000Z</time>
      </trkpt>
      <trkpt lat="38.81737" lon="121.14739">
        <ele>49.186646</ele>
        <time>2014-07-08T12:01:22.046000Z</time>
      </trkpt>
      <trkpt lat="38.8173" lon="121.14747">
        <ele>49.28411</ele>
        <time>2014-07-08T12:01:25.403000Z</time>
      </trkpt>
      <trkpt lat="38.817223" lon="121.14759">
        <ele>49.29257</ele>
        <time>2014-07-08T12:01:28.760000Z</time>
      </trkpt>
      <trkpt lat="38.81718" lon="121.14773">
        <ele>49.600803</ele>
        <time>2014-07-08T12:01:32.117000Z</time>
      </trkpt>
      <trkpt lat="38.81718" lon="121.14786">
        <ele>50.146557</ele>
        <time>2014-07-08T12:01:35.474000Z</time>
      </trkpt>
      <trkpt lat="38.817204" lon="121.147995">
        <ele>50.552166</ele>
        <time>2014-07-08T12:01:38.831000Z</time>
      </trkpt>
      <trkpt lat="38.817257" lon="121.14811">
        <ele>50.63326</ele>
        <time>2014-07-08T12:01:42.188000Z</time>
      </trkpt>
      <trkpt lat="38.817337" lon="121.14822">
        <ele>50.506428</ele>
        <time>2014-07-08T12:01:45.545000Z</time>
      </trkpt>
      <trkpt lat="38.81742" lon="121.14828">
        <ele>50.41017</ele>
        <time>2014-07-08T12:01:48.902000Z</time>
      </trkpt>
      <trkpt lat="38.817524" lon="121.14832">
        <ele>50.574745</ele>
        <time>2014-07-08T12:01:52.259000Z</time>
      </trkpt>
      <trkpt lat="38.817642" lon="121.148315">
        <ele>51.07441</ele>
        <time>2014-07-08T12:01:55.616000Z</time>
      </trkpt>
      <trkpt lat="38.81776" lon="121.14832">
        <ele>51.690723</ele>
        <time>2014-07-08T12:01:58.973000Z</time>
      </trkpt>
      <trkpt lat="38.817867" lon="121.148315">
        <ele>52.1077</ele>
        <time>2014-07-08T12:02:02.330000Z</time>
      </trkpt>
      <trkpt lat="38.817978" lon="121.148315">
        <ele>52.039917</ele>
        <time>2014-07-08T12:02:05.687000Z</time>
      </trkpt>
      <trkpt lat="38.81809" lon="121.14832">
        <ele>51.543663</ele>
        <time>2014-07-08T12:02:09.044000Z</time>
      </trkpt>
      <trkpt lat="38.81821" lon="121.14834">
        <ele>51.085342</ele>
        <time>2014-07-08T12:02:12.401000Z</time>
      </trkpt>
      <trkpt lat="38.818336" lon="121.148346">
        <ele>51.05293</ele>
        <time>2014-07-08T12:02:15.758000Z</time>
      </trkpt>
      <trkpt lat="38.818443" lon="121.14832">
        <ele>51.63821</ele>
        <time>2014-07-08T12:02:19.115000Z</time>
      </trkpt>
      <trkpt lat="38.818554" lon="121.148254">
        <ele>52.692516</ele>
        <time>2014-07-08T12:02:22.472000Z</time>
      </trkpt>
      <trkpt lat="38.81864" lon="121.14815">
        <ele>53.53474</ele>
        <time>2014-07-08T12:02:25.829000Z</time>
      </trkpt>
      <trkpt lat="38.8187" lon="121.14803">
        <ele>53.129326</ele>
        <time>2014-07-08T12:02:29.186000Z</time>
      </trkpt>
      <trkpt lat="38.818737" lon="121.147896">
        <ele>51.33257</ele>
        <time>2014-07-08T12:02:32.543000Z</time>
      </trkpt>
      <trkpt lat="38.818737" lon="121.147766">
        <ele>49.680283</ele>
        <time>2014-07-08T12:02:35.900000Z</time>
      </trkpt>
      <trkpt lat="38.818703" lon="121.14763">
        <ele>49.382065</ele>
        <time>2014-07-08T12:02:39.257000Z</time>
      </trkpt>
      <trkpt lat="38.81863" lon="121.14751">
        <ele>49.360672</ele>
        <time>2014-07-08T12:02:42.614000Z</time>
      </trkpt>
      <trkpt lat="38.81855" lon="121.14742">
        <ele>48.500904</ele>
        <time>2014-07-08T12:02:45.971000Z</time>
      </trkpt>
      <trkpt lat="38.81844" lon="121.14737">
        <ele>47.40043</ele>
        <time>2014-07-08T12:02:49.328000Z</time>
      </trkpt>
      <trkpt lat="38.81833" lon="121.147354">
        <ele>47.208447</ele>
        <time>2014-07-08T12:02:52.685000Z</time>
      </trkpt>
      <trkpt lat="38.81821" lon="121.147354">
        <ele>48.000954</ele>
        <time>2014-07-08T12:02:56.042000Z</time>
      </trkpt>
      <trkpt lat="38.818108" lon="121.147354">
        <ele>48.770462</ele>
        <time>2014-07-08T12:02:59.399000Z</time>
      </trkpt>
      <trkpt lat="38.817997" lon="121.147354">
        <ele>48.76142</ele>
        <time>2014-07-08T12:03:02.756000Z</time>
      </trkpt>
      <trkpt lat="38.8179" lon="121.147354">
        <ele>48.34003</ele>
        <time>2014-07-08T12:03:06.113000Z</time>
      </trkpt>
      <trkpt lat="38.817806" lon="121.147354">
        <ele>47.87653</ele>
        <time>2014-07-08T12:03:09.470000Z</time>
      </trkpt>
      <trkpt lat="38.817715" lon="121.14735">
        <ele>47.329117</ele>
        <time>2014-07-08T12:03:12.827000Z</time>
      </trkpt>
      <trkpt lat="38.817604" lon="121.14733">
        <ele>46.821575</ele>
        <time>2014-07-08T12:03:16.184000Z</time>
      </trkpt>
      <trkpt lat="38.817505" lon="121.14735">
        <ele>46.553375</ele>
        <time>2014-07-08T12:03:19.541000Z</time>
      </trkpt>
      <trkpt lat="38.817394" lon="121.14739">
        <ele>46.68572</ele>
        <time>2014-07-08T12:03:22.898000Z</time>
      </trkpt>
      <trkpt lat="38.817307" lon="121.14748">
        <ele>47.212547</ele>
        <time>2014-07-08T12:03:26.255000Z</time>
      </trkpt>
      <trkpt lat="38.817238" lon="121.147606">
        <ele>47.583336</ele>
        <time>2014-07-08T12:03:29.612000Z</time>
      </trkpt>
      <trkpt lat="38.817196" lon="121.14775">
        <ele>47.384018</ele>
        <time>2014-07-08T12:03:32.969000Z</time>
      </trkpt>
      <trkpt lat="38.817192" lon="121.147896">
        <ele>47.170845</ele>
        <time>2014-07-08T12:03:36.326000Z</time>
      </trkpt>
      <trkpt lat="38.817226" lon="121.14801">
        <ele>47.51891</ele>
        <time>2014-07-08T12:03:39.683000Z</time>
      </trkpt>
      <trkpt lat="38.81728" lon="121.14813">
        <ele>48.14431</ele>
        <time>2014-07-08T12:03:43.040000Z</time>
      </trkpt>
      <trkpt lat="38.81736" lon="121.14822">
        <ele>48.830196</ele>
        <time>2014-07-08T12:03:46.397000Z</time>
      </trkpt>
      <trkpt lat="38.817467" lon="121.14827">
        <ele>49.66742</ele>
        <time>2014-07-08T12:03:49.754000Z</time>
      </trkpt>
      <trkpt lat="38.817574" lon="121.1483">
        <ele>50.371265</ele>
        <time>2014-07-08T12:03:53.111000Z</time>
      </trkpt>
      <trkpt lat="38.81769" lon="121.14831">
        <ele>50.53791</ele>
        <time>2014-07-08T12:03:56.468000Z</time>
      </trkpt>
      <trkpt lat="38.817802" lon="121.148315">
        <ele>50.232815</ele>
        <time>2014-07-08T12:03:59.825000Z</time>
      </trkpt>
      <trkpt lat="38.817898" lon="121.14832">
        <ele>49.58317</ele>
        <time>2014-07-08T12:04:03.182000Z</time>
      </trkpt>
      <trkpt lat="38.81799" lon="121.14832">
        <ele>48.671738</ele>
        <time>2014-07-08T12:04:06.539000Z</time>
      </trkpt>
      <trkpt lat="38.81809" lon="121.14833">
        <ele>47.831676</ele>
        <time>2014-07-08T12:04:09.896000Z</time>
      </trkpt>
      <trkpt lat="38.81819" lon="121.14834">
        <ele>47.59773</ele>
        <time>2014-07-08T12:04:13.253000Z</time>
      </trkpt>
      <trkpt lat="38.8183" lon="121.148346">
        <ele>48.06862</ele>
        <time>2014-07-08T12:04:16.610000Z</time>
      </trkpt>
      <trkpt lat="38.818394" lon="121.14834">
        <ele>49.06988</ele>
        <time>2014-07-08T12:04:19.967000Z</time>
      </trkpt>
      <trkpt lat="38.81851" lon="121.14828">
        <ele>50.269886</ele>
        <time>2014-07-08T12:04:23.324000Z</time>
      </trkpt>
      <trkpt lat="38.818596" lon="121.148186">
        <ele>51.085915</ele>
        <time>2014-07-08T12:04:26.681000Z</time>
      </trkpt>
      <trkpt lat="38.818665" lon="121.14808">
        <ele>50.892044</ele>
        <time>2014-07-08T12:04:30.038000Z</time>
      </trkpt>
      <trkpt lat="38.818703" lon="121.14796">
        <ele>49.850914</ele>
        <time>2014-07-08T12:04:33.395000Z</time>
      </trkpt>
      <trkpt lat="38.81872" lon="121.147835">
        <ele>48.809795</ele>
        <time>2014-07-08T12:04:36.752000Z</time>
      </trkpt>
      <trkpt lat="38.818703" lon="121.14771">
        <ele>48.196392</ele>
        <time>2014-07-08T12:04:40.109000Z</time>
      </trkpt>
      <trkpt lat="38.818657" lon="121.1476">
        <ele>47.75106</ele>
        <time>2014-07-08T12:04:43.466000Z</time>
      </trkpt>
      <trkpt lat="38.818577" lon="121.14747">
        <ele>47.425312</ele>
        <time>2014-07-08T12:04:46.823000Z</time>
      </trkpt>
      <trkpt lat="38.81849" lon="121.14741">
        <ele>47.288242</ele>
        <time>2014-07-08T12:04:50.180000Z</time>
      </trkpt>
      <trkpt lat="38.818382" lon="121.14736">
        <ele>47.28722</ele>
        <time>2014-07-08T12:04:53.537000Z</time>
      </trkpt>
      <trkpt lat="38.818287" lon="121.14735">
        <ele>47.493656</ele>
        <time>2014-07-08T12:04:56.894000Z</time>
      </trkpt>
      <trkpt lat="38.818188" lon="121.14735">
        <ele>48.112507</ele>
        <time>2014-07-08T12:05:00.251000Z</time>
      </trkpt>
      <trkpt lat="38.818096" lon="121.14735">
        <ele>49.24542</ele>
        <time>2014-07-08T12:05:03.608000Z</time>
      </trkpt>
      <trkpt lat="38.817986" lon="121.14734">
        <ele>50.905964</ele>
        <time>2014-07-08T12:05:06.965000Z</time>
      </trkpt>
      <trkpt lat="38.817863" lon="121.14734">
        <ele>52.3536</ele>
        <time>2014-07-08T12:05:10.322000Z</time>
      </trkpt>
      <trkpt lat="38.817757" lon="121.14733">
        <ele>52.234062</ele>
        <time>2014-07-08T12:05:13.679000Z</time>
      </trkpt>
      <trkpt lat="38.81765" lon="121.14733">
        <ele>50.494884</ele>
        <time>2014-07-08T12:05:17.036000Z</time>
      </trkpt>
      <trkpt lat="38.81756" lon="121.14732">
        <ele>48.577686</ele>
        <time>2014-07-08T12:05:20.393000Z</time>
      </trkpt>
      <trkpt lat="38.81746" lon="121.14735">
        <ele>47.50321</ele>
        <time>2014-07-08T12:05:23.750000Z</time>
      </trkpt>
      <trkpt lat="38.817368" lon="121.14739">
        <ele>47.514565</ele>
        <time>2014-07-08T12:05:27.107000Z</time>
      </trkpt>
      <trkpt lat="38.817284" lon="121.147484">
        <ele>48.381123</ele>
        <time>2014-07-08T12:05:30.464000Z</time>
      </trkpt>
      <trkpt lat="38.81723" lon="121.14761">
        <ele>49.40188</ele>
        <time>2014-07-08T12:05:33.821000Z</time>
      </trkpt>
      <trkpt lat="38.817192" lon="121.14774">
        <ele>49.79966</ele>
        <time>2014-07-08T12:05:37.178000Z</time>
      </trkpt>
      <trkpt lat="38.81719" lon="121.14788">
        <ele>49.329414</ele>
        <time>2014-07-08T12:05:40.535000Z</time>
      </trkpt>
      <trkpt lat="38.817215" lon="121.14802">
        <ele>48.5738</ele>
        <time>2014-07-08T12:05:43.892000Z</time>
      </trkpt>
      <trkpt lat="38.817272" lon="121.148125">
        <ele>48.566433</ele>
        <time>2014-07-08T12:05:47.249000Z</time>
      </trkpt>
      <trkpt lat="38.81735" lon="121.14821">
        <ele>49.510704</ele>
        <time>2014-07-08T12:05:50.605000Z</time>
      </trkpt>
      <trkpt lat="38.817467" lon="121.14828">
        <ele>50.54014</ele>
        <time>2014-07-08T12:05:53.961000Z</time>
      </trkpt>
      <trkpt lat="38.81756" lon="121.1483">
        <ele>50.995544</ele>
        <time>2014-07-08T12:05:57.317000Z</time>
      </trkpt>
      <trkpt lat="38.817646" lon="121.14831">
        <ele>50.889664</ele>
        <time>2014-07-08T12:06:00.673000Z</time>
      </trkpt>
      <trkpt lat="38.817753" lon="121.14831">
        <ele>50.442757</ele>
        <time>2014-07-08T12:06:04.029000Z</time>
      </trkpt>
      <trkpt lat="38.817867" lon="121.148315">
        <ele>49.839245</ele>
        <time>2014-07-08T12:06:07.385000Z</time>
      </trkpt>
      <trkpt lat="38.817978" lon="121.14833">
        <ele>49.19893</ele>
        <time>2014-07-08T12:06:10.741000Z</time>
      </trkpt>
      <trkpt lat="38.818073" lon="121.14833">
        <ele>48.761555</ele>
        <time>2014-07-08T12:06:14.097000Z</time>
      </trkpt>
      <trkpt lat="38.81817" lon="121.14833">
        <ele>48.69211</ele>
        <time>2014-07-08T12:06:17.453000Z</time>
      </trkpt>
      <trkpt lat="38.818287" lon="121.14834">
        <ele>48.686256</ele>
        <time>2014-07-08T12:06:20.809000Z</time>
      </trkpt>
      <trkpt lat="38.818398" lon="121.14833">
        <ele>48.479683</ele>
        <time>2014-07-08T12:06:24.165000Z</time>
      </trkpt>
      <trkpt lat="38.818497" lon="121.14829">
        <ele>48.207222</ele>
        <time>2014-07-08T12:06:27.521000Z</time>
      </trkpt>
      <trkpt lat="38.818607" lon="121.14821">
        <ele>48.063095</ele>
        <time>2014-07-08T12:06:30.877000Z</time>
      </trkpt>
      <trkpt lat="38.818676" lon="121.14811">
        <ele>48.033367</ele>
        <time>2014-07-08T12:06:34.233000Z</time>
      </trkpt>
      <trkpt lat="38.81873" lon="121.14798">
        <ele>48.395844</ele>
        <time>2014-07-08T12:06:37.589000Z</time>
      </trkpt>
      <trkpt lat="38.818752" lon="121.14785">
        <ele>49.33395</ele>
        <time>2014-07-08T12:06:40.945000Z</time>
      </trkpt>
      <trkpt lat="38.818737" lon="121.1477">
        <ele>50.297092</ele>
        <time>2014-07-08T12:06:44.301000Z</time>
      </trkpt>
      <trkpt lat="38.81869" lon="121.14759">
        <ele>50.605087</ele>
        <time>2014-07-08T12:06:47.657000Z</time>
      </trkpt>
      <trkpt lat="38.818626" lon="121.14751">
        <ele>50.282757</ele>
        <time>2014-07-08T12:06:51.013000Z</time>
      </trkpt>
      <trkpt lat="38.818523" lon="121.147415">
        <ele>49.40607</ele>
        <time>2014-07-08T12:06:54.369000Z</time>
      </trkpt>
      <trkpt lat="38.818424" lon="121.14737">
        <ele>48.107265</ele>
        <time>2014-07-08T12:06:57.725000Z</time>
      </trkpt>
      <trkpt lat="38.81832" lon="121.14736">
        <ele>47.211716</ele>
        <time>2014-07-08T12:07:01.081000Z</time>
      </trkpt>
      <trkpt lat="38.81822" lon="121.14736">
        <ele>47.57219</ele>
        <time>2014-07-08T12:07:04.437000Z</time>
      </trkpt>
      <trkpt lat="38.8181" lon="121.14736">
        <ele>48.798298</ele>
        <time>2014-07-08T12:07:07.793000Z</time>
      </trkpt>
      <trkpt lat="38.81799" lon="121.147354">
        <ele>49.81283</ele>
        <time>2014-07-08T12:07:11.149000Z</time>
      </trkpt>
      <trkpt lat="38.817894" lon="121.147354">
        <ele>50.10611</ele>
        <time>2014-07-08T12:07:14.505000Z</time>
      </trkpt>
      <trkpt lat="38.817783" lon="121.14735">
        <ele>50.073807</ele>
        <time>2014-07-08T12:07:17.861000Z</time>
      </trkpt>
      <trkpt lat="38.817673" lon="121.14734">
        <ele>50.408318</ele>
        <time>2014-07-08T12:07:21.217000Z</time>
      </trkpt>
      <trkpt lat="38.81756" lon="121.14734">
        <ele>51.11864</ele>
        <time>2014-07-08T12:07:24.573000Z</time>
      </trkpt>
      <trkpt lat="38.81745" lon="121.14737">
        <ele>51.706783</ele>
        <time>2014-07-08T12:07:27.929000Z</time>
      </trkpt>
      <trkpt lat="38.817352" lon="121.147415">
        <ele>52.287334</ele>
        <time>2014-07-08T12:07:31.285000Z</time>
      </trkpt>
      <trkpt lat="38.817257" lon="121.1475">
        <ele>53.115627</ele>
        <time>2014-07-08T12:07:34.641000Z</time>
      </trkpt>
      <trkpt lat="38.817207" lon="121.14761">
        <ele>53.42316</ele>
        <time>2014-07-08T12:07:37.997000Z</time>
      </trkpt>
      <trkpt lat="38.817177" lon="121.14775">
        <ele>52.70533</ele>
        <time>2014-07-08T12:07:41.353000Z</time>
      </trkpt>
      <trkpt lat="38.817177" lon="121.14789">
        <ele>51.69301</ele>
        <time>2014-07-08T12:07:44.709000Z</time>
      </trkpt>
      <trkpt lat="38.817207" lon="121.14802">
        <ele>50.99673</ele>
        <time>2014-07-08T12:07:48.065000Z</time>
      </trkpt>
      <trkpt lat="38.817276" lon="121.14815">
        <ele>50.501984</ele>
        <time>2014-07-08T12:07:51.421000Z</time>
      </trkpt>
      <trkpt lat="38.817356" lon="121.148224">
        <ele>50.187893</ele>
        <time>2014-07-08T12:07:54.777000Z</time>
      </trkpt>
      <trkpt lat="38.81747" lon="121.14828">
        <ele>50.31866</ele>
        <time>2014-07-08T12:07:58.133000Z</time>
      </trkpt>
      <trkpt lat="38.817577" lon="121.148315">
        <ele>50.92457</ele>
        <time>2014-07-08T12:08:01.489000Z</time>
      </trkpt>
      <trkpt lat="38.817673" lon="121.14833">
        <ele>51.508114</ele>
        <time>2014-07-08T12:08:04.845000Z</time>
      </trkpt>
      <trkpt lat="38.817764" lon="121.14833">
        <ele>51.663254</ele>
        <time>2014-07-08T12:08:08.201000Z</time>
      </trkpt>
      <trkpt lat="38.817867" lon="121.14833">
        <ele>51.612736</ele>
        <time>2014-07-08T12:08:11.557000Z</time>
      </trkpt>
      <trkpt lat="38.81797" lon="121.148346">
        <ele>51.668793</ele>
        <time>2014-07-08T12:08:14.913000Z</time>
      </trkpt>
      <trkpt lat="38.818066" lon="121.14836">
        <ele>51.837887</ele>
        <time>2014-07-08T12:08:18.269000Z</time>
      </trkpt>
      <trkpt lat="38.81817" lon="121.14836">
        <ele>51.97384</ele>
        <time>2014-07-08T12:08:21.625000Z</time>
      </trkpt>
      <trkpt lat="38.81829" lon="121.14836">
        <ele>52.020264</ele>
        <time>2014-07-08T12:08:24.981000Z</time>
      </trkpt>
      <trkpt lat="38.81839" lon="121.14835">
        <ele>52.162773</ele>
        <time>2014-07-08T12:08:28.337000Z</time>
      </trkpt>
      <trkpt lat="38.81849" lon="121.14831">
        <ele>52.535442</ele>
        <time>2014-07-08T12:08:31.693000Z</time>
      </trkpt>
      <trkpt lat="38.818592" lon="121.14823">
        <ele>52.43314</ele>
        <time>2014-07-08T12:08:35.049000Z</time>
      </trkpt>
      <trkpt lat="38.818676" lon="121.14812">
        <ele>51.33784</ele>
        <time>2014-07-08T12:08:38.405000Z</time>
      </trkpt>
      <trkpt lat="38.81872" lon="121.148">
        <ele>50.190212</ele>
        <time>2014-07-08T12:08:41.761000Z</time>
      </trkpt>
      <trkpt lat="38.81874" lon="121.147865">
        <ele>49.897255</ele>
        <time>2014-07-08T12:08:45.117000Z</time>
      </trkpt>
      <trkpt lat="38.818733" lon="121.14774">
        <ele>49.642353</ele>
        <time>2014-07-08T12:08:48.473000Z</time>
      </trkpt>
      <trkpt lat="38.81869" lon="121.14763">
        <ele>48.513157</ele>
        <time>2014-07-08T12:08:51.829000Z</time>
      </trkpt>
      <trkpt lat="38.818623" lon="121.1475">
        <ele>47.0537</ele>
        <time>2014-07-08T12:08:55.185000Z</time>
      </trkpt>
      <trkpt lat="38.818546" lon="121.14741">
        <ele>46.167107</ele>
        <time>2014-07-08T12:08:58.541000Z</time>
      </trkpt>
      <trkpt lat="38.818447" lon="121.147354">
        <ele>46.237507</ele>
        <time>2014-07-08T12:09:01.897000Z</time>
      </trkpt>
      <trkpt lat="38.818333" lon="121.14734">
        <ele>47.15592</ele>
        <time>2014-07-08T12:09:05.253000Z</time>
      </trkpt>
      <trkpt lat="38.818226" lon="121.14734">
        <ele>48.032932</ele>
        <time>2014-07-08T12:09:08.609000Z</time>
      </trkpt>
      <trkpt lat="38.818127" lon="121.14734">
        <ele>48.200348</ele>
        <time>2014-07-08T12:09:11.965000Z</time>
      </trkpt>
      <trkpt lat="38.81803" lon="121.14734">
        <ele>48.137287</ele>
        <time>2014-07-08T12:09:15.321000Z</time>
      </trkpt>
      <trkpt lat="38.81792" lon="121.14735">
        <ele>48.44084</ele>
        <time>2014-07-08T12:09:18.677000Z</time>
      </trkpt>
      <trkpt lat="38.817795" lon="121.14734">
        <ele>48.927177</ele>
        <time>2014-07-08T12:09:22.033000Z</time>
      </trkpt>
      <trkpt lat="38.81768" lon="121.14733">
        <ele>49.368904</ele>
        <time>2014-07-08T12:09:25.389000Z</time>
      </trkpt>
      <trkpt lat="38.81758" lon="121.14733">
        <ele>49.71901</ele>
        <time>2014-07-08T12:09:28.745000Z</time>
      </trkpt>
      <trkpt lat="38.81748" lon="121.14734">
        <ele>49.75895</ele>
        <time>2014-07-08T12:09:32.101000Z</time>
      </trkpt>
      <trkpt lat="38.81738" lon="121.14738">
        <ele>49.38481</ele>
        <time>2014-07-08T12:09:35.457000Z</time>
      </trkpt>
      <trkpt lat="38.817284" lon="121.147446">
        <ele>48.821327</ele>
        <time>2014-07-08T12:09:38.813000Z</time>
      </trkpt>
      <trkpt lat="38.81723" lon="121.147545">
        <ele>48.352196</ele>
        <time>2014-07-08T12:09:42.169000Z</time>
      </trkpt>
      <trkpt lat="38.8172" lon="121.14767">
        <ele>48.48207</ele>
        <time>2014-07-08T12:09:45.525000Z</time>
      </trkpt>
      <trkpt lat="38.81718" lon="121.1478">
        <ele>49.07574</ele>
        <time>2014-07-08T12:09:48.881000Z</time>
      </trkpt>
      <trkpt lat="38.81719" lon="121.14793">
        <ele>49.82232</ele>
        <time>2014-07-08T12:09:52.237000Z</time>
      </trkpt>
      <trkpt lat="38.817226" lon="121.14804">
        <ele>50.44578</ele>
        <time>2014-07-08T12:09:55.593000Z</time>
      </trkpt>
      <trkpt lat="38.817284" lon="121.14813">
        <ele>50.460373</ele>
        <time>2014-07-08T12:09:58.949000Z</time>
      </trkpt>
      <trkpt lat="38.817375" lon="121.14823">
        <ele>49.912453</ele>
        <time>2014-07-08T12:10:02.305000Z</time>
      </trkpt>
      <trkpt lat="38.81749" lon="121.14828">
        <ele>49.523712</ele>
        <time>2014-07-08T12:10:05.661000Z</time>
      </trkpt>
      <trkpt lat="38.81758" lon="121.1483">
        <ele>49.54001</ele>
        <time>2014-07-08T12:10:09.017000Z</time>
      </trkpt>
      <trkpt lat="38.81768" lon="121.148315">
        <ele>49.892117</ele>
        <time>2014-07-08T12:10:12.373000Z</time>
      </trkpt>
      <trkpt lat="38.81781" lon="121.148315">
        <ele>50.26526</ele>
        <time>2014-07-08T12:10:15.729000Z</time>
      </trkpt>
      <trkpt lat="38.81793" lon="121.14833">
        <ele>50.447483</ele>
        <time>2014-07-08T12:10:19.085000Z</time>
      </trkpt>
      <trkpt lat="38.818043" lon="121.14833">
        <ele>50.37939</ele>
        <time>2014-07-08T12:10:22.441000Z</time>
      </trkpt>
      <trkpt lat="38.818165" lon="121.14834">
        <ele>50.085526</ele>
        <time>2014-07-08T12:10:25.797000Z</time>
      </trkpt>
      <trkpt lat="38.818275" lon="121.14834">
        <ele>49.773815</ele>
        <time>2014-07-08T12:10:29.153000Z</time>
      </trkpt>
      <trkpt lat="38.818386" lon="121.14833">
        <ele>50.02234</ele>
        <time>2014-07-08T12:10:32.509000Z</time>
      </trkpt>
      <trkpt lat="38.818493" lon="121.14829">
        <ele>51.037575</ele>
        <time>2014-07-08T12:10:35.865000Z</time>
      </trkpt>
      <trkpt lat="38.818592" lon="121.1482">
        <ele>51.73396</ele>
        <time>2014-07-08T12:10:39.221000Z</time>
      </trkpt>
      <trkpt lat="38.818665" lon="121.1481">
        <ele>50.883686</ele>
        <time>2014-07-08T12:10:42.577000Z</time>
      </trkpt>
      <trkpt lat="38.81871" lon="121.14799">
        <ele>48.955734</ele>
        <time>2014-07-08T12:10:45.933000Z</time>
      </trkpt>
      <trkpt lat="38.818733" lon="121.147865">
        <ele>47.349277</ele>
        <time>2014-07-08T12:10:49.289000Z</time>
      </trkpt>
      <trkpt lat="38.81872" lon="121.14772">
        <ele>46.493954</ele>
        <time>2014-07-08T12:10:52.645000Z</time>
      </trkpt>
      <trkpt lat="38.81868" lon="121.14761">
        <ele>46.120056</ele>
        <time>2014-07-08T12:10:56.001000Z</time>
      </trkpt>
      <trkpt lat="38.81861" lon="121.14752">
        <ele>46.1928</ele>
        <time>2014-07-08T12:10:59.357000Z</time>
      </trkpt>
      <trkpt lat="38.818523" lon="121.14744">
        <ele>46.528503</ele>
        <time>2014-07-08T12:11:02.713000Z</time>
      </trkpt>
      <trkpt lat="38.81842" lon="121.14739">
        <ele>46.75421</ele>
        <time>2014-07-08T12:11:06.069000Z</time>
      </trkpt>
      <trkpt lat="38.818325" lon="121.14738">
        <ele>46.817154</ele>
        <time>2014-07-08T12:11:09.425000Z</time>
      </trkpt>
      <trkpt lat="38.81822" lon="121.14738">
        <ele>46.96086</ele>
        <time>2014-07-08T12:11:12.781000Z</time>
      </trkpt>
      <trkpt lat="38.8181" lon="121.14738">
        <ele>47.359802</ele>
        <time>2014-07-08T12:11:16.137000Z</time>
      </trkpt>
      <trkpt lat="38.81799" lon="121.14737">
        <ele>47.78554</ele>
        <time>2014-07-08T12:11:19.493000Z</time>
      </trkpt>
      <trkpt lat="38.817894" lon="121.147354">
        <ele>48.012867</ele>
        <time>2014-07-08T12:11:22.849000Z</time>
      </trkpt>
      <trkpt lat="38.81779" lon="121.14734">
        <ele>48.10114</ele>
        <time>2014-07-08T12:11:26.205000Z</time>
      </trkpt>
      <trkpt lat="38.817688" lon="121.14734">
        <ele>47.656376</ele>
        <time>2014-07-08T12:11:29.561000Z</time>
      </trkpt>
      <trkpt lat="38.817585" lon="121.14732">
        <ele>46.431213</ele>
        <time>2014-07-08T12:11:32.917000Z</time>
      </trkpt>
      <trkpt lat="38.817474" lon="121.14733">
        <ele>45.135975</ele>
        <time>2014-07-08T12:11:36.273000Z</time>
      </trkpt>
      <trkpt lat="38.81738" lon="121.147385">
        <ele>44.70868</ele>
        <time>2014-07-08T12:11:39.629000Z</time>
      </trkpt>
      <trkpt lat="38.817284" lon="121.14747">
        <ele>45.6487</ele>
        <time>2014-07-08T12:11:42.985000Z</time>
      </trkpt>
      <trkpt lat="38.81722" lon="121.14757">
        <ele>47.560978</ele>
        <time>2014-07-08T12:11:46.341000Z</time>
      </trkpt>
      <trkpt lat="38.817177" lon="121.14768">
        <ele>49.17593</ele>
        <time>2014-07-08T12:11:49.697000Z</time>
      </trkpt>
      <trkpt lat="38.817154" lon="121.147835">
        <ele>49.8329</ele>
        <time>2014-07-08T12:11:53.053000Z</time>
      </trkpt>
      <trkpt lat="38.81718" lon="121.147995">
        <ele>49.5624</ele>
        <time>2014-07-08T12:11:56.409000Z</time>
      </trkpt>
      <trkpt lat="38.81725" lon="121.14813">
        <ele>48.6385</ele>
        <time>2014-07-08T12:11:59.765000Z</time>
      </trkpt>
      <trkpt lat="38.81735" lon="121.14822">
        <ele>47.985855</ele>
        <time>2014-07-08T12:12:03.121000Z</time>
      </trkpt>
      <trkpt lat="38.81745" lon="121.14827">
        <ele>48.563293</ele>
        <time>2014-07-08T12:12:06.477000Z</time>
      </trkpt>
      <trkpt lat="38.81757" lon="121.14829">
        <ele>50.07616</ele>
        <time>2014-07-08T12:12:09.833000Z</time>
      </trkpt>
      <trkpt lat="38.817688" lon="121.14831">
        <ele>51.136074</ele>
        <time>2014-07-08T12:12:13.189000Z</time>
      </trkpt>
      <trkpt lat="38.8178" lon="121.148315">
        <ele>51.016293</ele>
        <time>2014-07-08T12:12:16.545000Z</time>
      </trkpt>
      <trkpt lat="38.817894" lon="121.148315">
        <ele>50.442337</ele>
        <time>2014-07-08T12:12:19.901000Z</time>
      </trkpt>
      <trkpt lat="38.818012" lon="121.148315">
        <ele>50.19367</ele>
        <time>2014-07-08T12:12:23.257000Z</time>
      </trkpt>
      <trkpt lat="38.81811" lon="121.148315">
        <ele>50.25053</ele>
        <time>2014-07-08T12:12:26.613000Z</time>
      </trkpt>
      <trkpt lat="38.818203" lon="121.14832">
        <ele>50.339092</ele>
        <time>2014-07-08T12:12:29.969000Z</time>
      </trkpt>
      <trkpt lat="38.81833" lon="121.14833">
        <ele>50.506508</ele>
        <time>2014-07-08T12:12:33.325000Z</time>
      </trkpt>
      <trkpt lat="38.818424" lon="121.148315">
        <ele>50.884865</ele>
        <time>2014-07-08T12:12:36.681000Z</time>
      </trkpt>
      <trkpt lat="38.818523" lon="121.148254">
        <ele>51.30634</ele>
        <time>2014-07-08T12:12:40.037000Z</time>
      </trkpt>
      <trkpt lat="38.81862" lon="121.14816">
        <ele>51.55483</ele>
        <time>2014-07-08T12:12:43.393000Z</time>
      </trkpt>
      <trkpt lat="38.818687" lon="121.14807">
        <ele>50.833263</ele>
        <time>2014-07-08T12:12:46.749000Z</time>
      </trkpt>
      <trkpt lat="38.81873" lon="121.14794">
        <ele>48.69081</ele>
        <time>2014-07-08T12:12:50.105000Z</time>
      </trkpt>
      <trkpt lat="38.818737" lon="121.147804">
        <ele>46.29794</ele>
        <time>2014-07-08T12:12:53.461000Z</time>
      </trkpt>
      <trkpt lat="38.818714" lon="121.147675">
        <ele>44.945873</ele>
        <time>2014-07-08T12:12:56.817000Z</time>
      </trkpt>
      <trkpt lat="38.818653" lon="121.14754">
        <ele>44.663635</ele>
        <time>2014-07-08T12:13:00.173000Z</time>
      </trkpt>
      <trkpt lat="38.818573" lon="121.147446">
        <ele>44.931824</ele>
        <time>2014-07-08T12:13:03.529000Z</time>
      </trkpt>
      <trkpt lat="38.818485" lon="121.14738">
        <ele>45.416965</ele>
        <time>2014-07-08T12:13:06.885000Z</time>
      </trkpt>
      <trkpt lat="38.81837" lon="121.147354">
        <ele>46.52465</ele>
        <time>2014-07-08T12:13:10.241000Z</time>
      </trkpt>
      <trkpt lat="38.818253" lon="121.14735">
        <ele>48.268143</ele>
        <time>2014-07-08T12:13:13.597000Z</time>
      </trkpt>
      <trkpt lat="38.818146" lon="121.14735">
        <ele>49.727867</ele>
        <time>2014-07-08T12:13:16.953000Z</time>
      </trkpt>
      <trkpt lat="38.818027" lon="121.14735">
        <ele>50.087074</ele>
        <time>2014-07-08T12:13:20.309000Z</time>
      </trkpt>
      <trkpt lat="38.81793" lon="121.14734">
        <ele>49.50791</ele>
        <time>2014-07-08T12:13:23.665000Z</time>
      </trkpt>
      <trkpt lat="38.817833" lon="121.14733">
        <ele>48.749542</ele>
        <time>2014-07-08T12:13:27.021000Z</time>
      </trkpt>
      <trkpt lat="38.81772" lon="121.14733">
        <ele>47.8625</ele>
        <time>2014-07-08T12:13:30.377000Z</time>
      </trkpt>
      <trkpt lat="38.81761" lon="121.14733">
        <ele>46.518997</ele>
        <time>2014-07-08T12:13:33.733000Z</time>
      </trkpt>
      <trkpt lat="38.81752" lon="121.14732">
        <ele>45.323174</ele>
        <time>2014-07-08T12:13:37.089000Z</time>
      </trkpt>
      <trkpt lat="38.81742" lon="121.14736">
        <ele>45.06393</ele>
        <time>2014-07-08T12:13:40.445000Z</time>
      </trkpt>
      <trkpt lat="38.817326" lon="121.14743">
        <ele>45.403774</ele>
        <time>2014-07-08T12:13:43.801000Z</time>
      </trkpt>
      <trkpt lat="38.81725" lon="121.147545">
        <ele>45.75922</ele>
        <time>2014-07-08T12:13:47.157000Z</time>
      </trkpt>
      <trkpt lat="38.817207" lon="121.14767">
        <ele>46.12469</ele>
        <time>2014-07-08T12:13:50.513000Z</time>
      </trkpt>
      <trkpt lat="38.81718" lon="121.14783">
        <ele>46.832268</ele>
        <time>2014-07-08T12:13:53.869000Z</time>
      </trkpt>
      <trkpt lat="38.8172" lon="121.14795">
        <ele>47.60187</ele>
        <time>2014-07-08T12:13:57.225000Z</time>
      </trkpt>
      <trkpt lat="38.81725" lon="121.14806">
        <ele>48.08743</ele>
        <time>2014-07-08T12:14:00.581000Z</time>
      </trkpt>
      <trkpt lat="38.8173" lon="121.148155">
        <ele>48.41839</ele>
        <time>2014-07-08T12:14:03.937000Z</time>
      </trkpt>
      <trkpt lat="38.8174" lon="121.14823">
        <ele>48.713554</ele>
        <time>2014-07-08T12:14:07.293000Z</time>
      </trkpt>
      <trkpt lat="38.81751" lon="121.14828">
        <ele>48.794243</ele>
        <time>2014-07-08T12:14:10.649000Z</time>
      </trkpt>
      <trkpt lat="38.8176" lon="121.1483">
        <ele>48.726055</ele>
        <time>2014-07-08T12:14:14.005000Z</time>
      </trkpt>
      <trkpt lat="38.817707" lon="121.14831">
        <ele>48.89254</ele>
        <time>2014-07-08T12:14:17.361000Z</time>
      </trkpt>
      <trkpt lat="38.8178" lon="121.148315">
        <ele>49.779633</ele>
        <time>2014-07-08T12:14:20.717000Z</time>
      </trkpt>
      <trkpt lat="38.81792" lon="121.14832">
        <ele>51.130447</ele>
        <time>2014-07-08T12:14:24.073000Z</time>
      </trkpt>
      <trkpt lat="38.81802" lon="121.14832">
        <ele>52.145145</ele>
        <time>2014-07-08T12:14:27.429000Z</time>
      </trkpt>
      <trkpt lat="38.818115" lon="121.14833">
        <ele>52.47804</ele>
        <time>2014-07-08T12:14:30.785000Z</time>
      </trkpt>
      <trkpt lat="38.81822" lon="121.14833">
        <ele>52.355423</ele>
        <time>2014-07-08T12:14:34.141000Z</time>
      </trkpt>
      <trkpt lat="38.81833" lon="121.14833">
        <ele>52.123123</ele>
        <time>2014-07-08T12:14:37.497000Z</time>
      </trkpt>
      <trkpt lat="38.81842" lon="121.14831">
        <ele>52.025696</ele>
        <time>2014-07-08T12:14:40.853000Z</time>
      </trkpt>
      <trkpt lat="38.818527" lon="121.14825">
        <ele>52.097027</ele>
        <time>2014-07-08T12:14:44.209000Z</time>
      </trkpt>
      <trkpt lat="38.81861" lon="121.14815">
        <ele>51.845024</ele>
        <time>2014-07-08T12:14:47.565000Z</time>
      </trkpt>
      <trkpt lat="38.818676" lon="121.14804">
        <ele>50.60412</ele>
        <time>2014-07-08T12:14:50.921000Z</time>
      </trkpt>
      <trkpt lat="38.818714" lon="121.1479">
        <ele>48.7464</ele>
        <time>2014-07-08T12:14:54.277000Z</time>
      </trkpt>
      <trkpt lat="38.818707" lon="121.14775">
        <ele>47.36799</ele>
        <time>2014-07-08T12:14:57.633000Z</time>
      </trkpt>
      <trkpt lat="38.81866" lon="121.14762">
        <ele>46.73289</ele>
        <time>2014-07-08T12:15:00.989000Z</time>
      </trkpt>
      <trkpt lat="38.8186" lon="121.147514">
        <ele>46.348568</ele>
        <time>2014-07-08T12:15:04.345000Z</time>
      </trkpt>
      <trkpt lat="38.818516" lon="121.14744">
        <ele>45.7846</ele>
        <time>2014-07-08T12:15:07.701000Z</time>
      </trkpt>
      <trkpt lat="38.818405" lon="121.147385">
        <ele>44.92313</ele>
        <time>2014-07-08T12:15:11.057000Z</time>
      </trkpt>
      <trkpt lat="38.818283" lon="121.14736">
        <ele>44.05466</ele>
        <time>2014-07-08T12:15:14.413000Z</time>
      </trkpt>
      <trkpt lat="38.818176" lon="121.14736">
        <ele>43.55568</ele>
        <time>2014-07-08T12:15:17.769000Z</time>
      </trkpt>
      <trkpt lat="38.818077" lon="121.14736">
        <ele>43.48298</ele>
        <time>2014-07-08T12:15:21.125000Z</time>
      </trkpt>
      <trkpt lat="38.817963" lon="121.14736">
        <ele>44.13347</ele>
        <time>2014-07-08T12:15:24.481000Z</time>
      </trkpt>
      <trkpt lat="38.81787" lon="121.14737">
        <ele>45.677593</ele>
        <time>2014-07-08T12:15:27.837000Z</time>
      </trkpt>
      <trkpt lat="38.81776" lon="121.14736">
        <ele>47.22112</ele>
        <time>2014-07-08T12:15:31.193000Z</time>
      </trkpt>
      <trkpt lat="38.817654" lon="121.147354">
        <ele>47.721073</ele>
        <time>2014-07-08T12:15:34.549000Z</time>
      </trkpt>
      <trkpt lat="38.817547" lon="121.14735">
        <ele>47.305466</ele>
        <time>2014-07-08T12:15:37.905000Z</time>
      </trkpt>
      <trkpt lat="38.817432" lon="121.14738">
        <ele>46.70806</ele>
        <time>2014-07-08T12:15:41.261000Z</time>
      </trkpt>
      <trkpt lat="38.817345" lon="121.147415">
        <ele>46.118816</ele>
        <time>2014-07-08T12:15:44.617000Z</time>
      </trkpt>
      <trkpt lat="38.817272" lon="121.14751">
        <ele>45.39561</ele>
        <time>2014-07-08T12:15:47.973000Z</time>
      </trkpt>
      <trkpt lat="38.817223" lon="121.14761">
        <ele>45.14341</ele>
        <time>2014-07-08T12:15:51.329000Z</time>
      </trkpt>
      <trkpt lat="38.817196" lon="121.14774">
        <ele>45.961063</ele>
        <time>2014-07-08T12:15:54.685000Z</time>
      </trkpt>
      <trkpt lat="38.8172" lon="121.147896">
        <ele>47.430004</ele>
        <time>2014-07-08T12:15:58.041000Z</time>
      </trkpt>
      <trkpt lat="38.817245" lon="121.14804">
        <ele>48.776806</ele>
        <time>2014-07-08T12:16:01.397000Z</time>
      </trkpt>
      <trkpt lat="38.81731" lon="121.14815">
        <ele>49.563805</ele>
        <time>2014-07-08T12:16:04.753000Z</time>
      </trkpt>
      <trkpt lat="38.81739" lon="121.14821">
        <ele>50.012577</ele>
        <time>2014-07-08T12:16:08.109000Z</time>
      </trkpt>
      <trkpt lat="38.817493" lon="121.14827">
        <ele>50.56896</ele>
        <time>2014-07-08T12:16:11.465000Z</time>
      </trkpt>
      <trkpt lat="38.817593" lon="121.14828">
        <ele>51.16384</ele>
        <time>2014-07-08T12:16:14.821000Z</time>
      </trkpt>
      <trkpt lat="38.817684" lon="121.148285">
        <ele>51.221462</ele>
        <time>2014-07-08T12:16:18.177000Z</time>
      </trkpt>
      <trkpt lat="38.81778" lon="121.14828">
        <ele>50.943657</ele>
        <time>2014-07-08T12:16:21.533000Z</time>
      </trkpt>
      <trkpt lat="38.81789" lon="121.14828">
        <ele>51.21158</ele>
        <time>2014-07-08T12:16:24.889000Z</time>
      </trkpt>
      <trkpt lat="38.81799" lon="121.148285">
        <ele>52.162853</ele>
        <time>2014-07-08T12:16:28.245000Z</time>
      </trkpt>
      <trkpt lat="38.818092" lon="121.148285">
        <ele>53.14328</ele>
        <time>2014-07-08T12:16:31.601000Z</time>
      </trkpt>
      <trkpt lat="38.81819" lon="121.14829">
        <ele>53.59608</ele>
        <time>2014-07-08T12:16:34.957000Z</time>
      </trkpt>
      <trkpt lat="38.818314" lon="121.1483">
        <ele>53.292446</ele>
        <time>2014-07-08T12:16:38.313000Z</time>
      </trkpt>
      <trkpt lat="38.818424" lon="121.14828">
        <ele>52.434536</ele>
        <time>2014-07-08T12:16:41.669000Z</time>
      </trkpt>
      <trkpt lat="38.818535" lon="121.14821">
        <ele>51.082775</ele>
        <time>2014-07-08T12:16:45.025000Z</time>
      </trkpt>
      <trkpt lat="38.818604" lon="121.148125">
        <ele>49.459778</ele>
        <time>2014-07-08T12:16:48.381000Z</time>
      </trkpt>
      <trkpt lat="38.818657" lon="121.14802">
        <ele>47.913616</ele>
        <time>2014-07-08T12:16:51.737000Z</time>
      </trkpt>
      <trkpt lat="38.818676" lon="121.14787">
        <ele>46.592976</ele>
        <time>2014-07-08T12:16:55.093000Z</time>
      </trkpt>
      <trkpt lat="38.81867" lon="121.14771">
        <ele>45.891125</ele>
        <time>2014-07-08T12:16:58.449000Z</time>
      </trkpt>
      <trkpt lat="38.81862" lon="121.14758">
        <ele>46.069523</ele>
        <time>2014-07-08T12:17:01.805000Z</time>
      </trkpt>
      <trkpt lat="38.81854" lon="121.147484">
        <ele>46.655155</ele>
        <time>2014-07-08T12:17:05.161000Z</time>
      </trkpt>
      <trkpt lat="38.818443" lon="121.14742">
        <ele>46.83832</ele>
        <time>2014-07-08T12:17:08.517000Z</time>
      </trkpt>
      <trkpt lat="38.818336" lon="121.14741">
        <ele>46.323215</ele>
        <time>2014-07-08T12:17:11.873000Z</time>
      </trkpt>
      <trkpt lat="38.81824" lon="121.1474">
        <ele>45.82903</ele>
        <time>2014-07-08T12:17:15.229000Z</time>
      </trkpt>
      <trkpt lat="38.818134" lon="121.147385">
        <ele>46.078434</ele>
        <time>2014-07-08T12:17:18.585000Z</time>
      </trkpt>
      <trkpt lat="38.818027" lon="121.147385">
        <ele>46.967014</ele>
        <time>2014-07-08T12:17:21.941000Z</time>
      </trkpt>
      <trkpt lat="38.817913" lon="121.147385">
        <ele>48.00765</ele>
        <time>2014-07-08T12:17:25.297000Z</time>
      </trkpt>
      <trkpt lat="38.81781" lon="121.147385">
        <ele>48.7306</ele>
        <time>2014-07-08T12:17:28.653000Z</time>
      </trkpt>
      <trkpt lat="38.8177" lon="121.14739">
        <ele>48.72562</ele>
        <time>2014-07-08T12:17:32.009000Z</time>
      </trkpt>
      <trkpt lat="38.8176" lon="121.147385">
        <ele>48.05352</ele>
        <time>2014-07-08T12:17:35.365000Z</time>
      </trkpt>
      <trkpt lat="38.817497" lon="121.14738">
        <ele>47.11209</ele>
        <time>2014-07-08T12:17:38.721000Z</time>
      </trkpt>
      <trkpt lat="38.817406" lon="121.14741">
        <ele>46.798313</ele>
        <time>2014-07-08T12:17:42.077000Z</time>
      </trkpt>
      <trkpt lat="38.817326" lon="121.14748">
        <ele>47.673546</ele>
        <time>2014-07-08T12:17:45.433000Z</time>
      </trkpt>
      <trkpt lat="38.817257" lon="121.14756">
        <ele>49.06911</ele>
        <time>2014-07-08T12:17:48.789000Z</time>
      </trkpt>
      <trkpt lat="38.817215" lon="121.14768">
        <ele>50.463375</ele>
        <time>2014-07-08T12:17:52.145000Z</time>
      </trkpt>
      <trkpt lat="38.8172" lon="121.147804">
        <ele>51.99799</ele>
        <time>2014-07-08T12:17:55.501000Z</time>
      </trkpt>
      <trkpt lat="38.817223" lon="121.14795">
        <ele>52.63002</ele>
        <time>2014-07-08T12:17:58.857000Z</time>
      </trkpt>
      <trkpt lat="38.81726" lon="121.14806">
        <ele>51.64247</ele>
        <time>2014-07-08T12:18:02.213000Z</time>
      </trkpt>
      <trkpt lat="38.81734" lon="121.14818">
        <ele>50.26663</ele>
        <time>2014-07-08T12:18:05.569000Z</time>
      </trkpt>
      <trkpt lat="38.817432" lon="121.14824">
        <ele>50.027744</ele>
        <time>2014-07-08T12:18:08.925000Z</time>
      </trkpt>
      <trkpt lat="38.817554" lon="121.14827">
        <ele>50.948715</ele>
        <time>2014-07-08T12:18:12.281000Z</time>
      </trkpt>
      <trkpt lat="38.81766" lon="121.14826">
        <ele>51.94939</ele>
        <time>2014-07-08T12:18:15.637000Z</time>
      </trkpt>
      <trkpt lat="38.81777" lon="121.14826">
        <ele>52.052235</ele>
        <time>2014-07-08T12:18:18.993000Z</time>
      </trkpt>
      <trkpt lat="38.817863" lon="121.14827">
        <ele>51.341595</ele>
        <time>2014-07-08T12:18:22.349000Z</time>
      </trkpt>
      <trkpt lat="38.817974" lon="121.14829">
        <ele>50.598896</ele>
        <time>2014-07-08T12:18:25.705000Z</time>
      </trkpt>
      <trkpt lat="38.818096" lon="121.14831">
        <ele>50.325882</ele>
        <time>2014-07-08T12:18:29.061000Z</time>
      </trkpt>
      <trkpt lat="38.818188" lon="121.1483">
        <ele>50.563393</ele>
        <time>2014-07-08T12:18:32.417000Z</time>
      </trkpt>
      <trkpt lat="38.8183" lon="121.14831">
        <ele>50.99575</ele>
        <time>2014-07-08T12:18:35.773000Z</time>
      </trkpt>
      <trkpt lat="38.818417" lon="121.1483">
        <ele>51.12585</ele>
        <time>2014-07-08T12:18:39.129000Z</time>
      </trkpt>
      <trkpt lat="38.818504" lon="121.14826">
        <ele>50.915657</ele>
        <time>2014-07-08T12:18:42.485000Z</time>
      </trkpt>
      <trkpt lat="38.81859" lon="121.148186">
        <ele>50.137264</ele>
        <time>2014-07-08T12:18:45.841000Z</time>
      </trkpt>
      <trkpt lat="38.81865" lon="121.14807">
        <ele>48.568954</ele>
        <time>2014-07-08T12:18:49.197000Z</time>
      </trkpt>
      <trkpt lat="38.818695" lon="121.14792">
        <ele>47.173203</ele>
        <time>2014-07-08T12:18:52.553000Z</time>
      </trkpt>
      <trkpt lat="38.81869" lon="121.1478">
        <ele>46.901436</ele>
        <time>2014-07-08T12:18:55.909000Z</time>
      </trkpt>
      <trkpt lat="38.818653" lon="121.147675">
        <ele>47.31588</ele>
        <time>2014-07-08T12:18:59.265000Z</time>
      </trkpt>
      <trkpt lat="38.818596" lon="121.147545">
        <ele>47.618412</ele>
        <time>2014-07-08T12:19:02.621000Z</time>
      </trkpt>
      <trkpt lat="38.8185" lon="121.147446">
        <ele>47.36832</ele>
        <time>2014-07-08T12:19:05.977000Z</time>
      </trkpt>
      <trkpt lat="38.818394" lon="121.14739">
        <ele>46.630016</ele>
        <time>2014-07-08T12:19:09.333000Z</time>
      </trkpt>
      <trkpt lat="38.81828" lon="121.14738">
        <ele>46.346256</ele>
        <time>2014-07-08T12:19:12.689000Z</time>
      </trkpt>
      <trkpt lat="38.818176" lon="121.14738">
        <ele>47.178116</ele>
        <time>2014-07-08T12:19:16.045000Z</time>
      </trkpt>
      <trkpt lat="38.818066" lon="121.14738">
        <ele>48.382656</ele>
        <time>2014-07-08T12:19:19.401000Z</time>
      </trkpt>
      <trkpt lat="38.817963" lon="121.14738">
        <ele>48.89661</ele>
        <time>2014-07-08T12:19:22.757000Z</time>
      </trkpt>
      <trkpt lat="38.817863" lon="121.14736">
        <ele>48.80554</ele>
        <time>2014-07-08T12:19:26.113000Z</time>
      </trkpt>
      <trkpt lat="38.817764" lon="121.14733">
        <ele>48.844254</ele>
        <time>2014-07-08T12:19:29.469000Z</time>
      </trkpt>
      <trkpt lat="38.817665" lon="121.147316">
        <ele>49.167297</ele>
        <time>2014-07-08T12:19:32.825000Z</time>
      </trkpt>
      <trkpt lat="38.817554" lon="121.147316">
        <ele>49.079147</ele>
        <time>2014-07-08T12:19:36.181000Z</time>
      </trkpt>
      <trkpt lat="38.817455" lon="121.14733">
        <ele>47.991356</ele>
        <time>2014-07-08T12:19:39.537000Z</time>
      </trkpt>
      <trkpt lat="38.817356" lon="121.147385">
        <ele>46.591503</ele>
        <time>2014-07-08T12:19:42.893000Z</time>
      </trkpt>
      <trkpt lat="38.81727" lon="121.14746">
        <ele>46.478413</ele>
        <time>2014-07-08T12:19:46.249000Z</time>
      </trkpt>
      <trkpt lat="38.8172" lon="121.14755">
        <ele>47.906765</ele>
        <time>2014-07-08T12:19:49.605000Z</time>
      </trkpt>
      <trkpt lat="38.817154" lon="121.147675">
        <ele>49.62095</ele>
        <time>2014-07-08T12:19:52.961000Z</time>
      </trkpt>
      <trkpt lat="38.817142" lon="121.147804">
        <ele>50.73766</ele>
        <time>2014-07-08T12:19:56.317000Z</time>
      </trkpt>
      <trkpt lat="38.817158" lon="121.14792">
        <ele>51.30433</ele>
        <time>2014-07-08T12:19:59.673000Z</time>
      </trkpt>
      <trkpt lat="38.817207" lon="121.14805">
        <ele>51.624733</ele>
        <time>2014-07-08T12:20:03.029000Z</time>
      </trkpt>
      <trkpt lat="38.817276" lon="121.14817">
        <ele>51.780773</ele>
        <time>2014-07-08T12:20:06.385000Z</time>
      </trkpt>
      <trkpt lat="38.817375" lon="121.14826">
        <ele>51.722153</ele>
        <time>2014-07-08T12:20:09.741000Z</time>
      </trkpt>
      <trkpt lat="38.81748" lon="121.148315">
        <ele>51.497643</ele>
        <time>2014-07-08T12:20:13.097000Z</time>
      </trkpt>
      <trkpt lat="38.817574" lon="121.14834">
        <ele>51.243206</ele>
        <time>2014-07-08T12:20:16.453000Z</time>
      </trkpt>
      <trkpt lat="38.817677" lon="121.14834">
        <ele>50.988758</ele>
        <time>2014-07-08T12:20:19.809000Z</time>
      </trkpt>
      <trkpt lat="38.817776" lon="121.14834">
        <ele>50.752155</ele>
        <time>2014-07-08T12:20:23.165000Z</time>
      </trkpt>
      <trkpt lat="38.81788" lon="121.148346">
        <ele>50.70894</ele>
        <time>2014-07-08T12:20:26.521000Z</time>
      </trkpt>
      <trkpt lat="38.81799" lon="121.14835">
        <ele>51.024975</ele>
        <time>2014-07-08T12:20:29.877000Z</time>
      </trkpt>
      <trkpt lat="38.818104" lon="121.148346">
        <ele>51.55338</ele>
        <time>2014-07-08T12:20:33.233000Z</time>
      </trkpt>
      <trkpt lat="38.818222" lon="121.148346">
        <ele>51.88002</ele>
        <time>2014-07-08T12:20:36.589000Z</time>
      </trkpt>
      <trkpt lat="38.818336" lon="121.14835">
        <ele>51.75759</ele>
        <time>2014-07-08T12:20:39.945000Z</time>
      </trkpt>
      <trkpt lat="38.81844" lon="121.14833">
        <ele>51.357204</ele>
        <time>2014-07-08T12:20:43.301000Z</time>
      </trkpt>
      <trkpt lat="38.818542" lon="121.14828">
        <ele>51.016476</ele>
        <time>2014-07-08T12:20:46.657000Z</time>
      </trkpt>
      <trkpt lat="38.818615" lon="121.14819">
        <ele>50.71658</ele>
        <time>2014-07-08T12:20:50.013000Z</time>
      </trkpt>
      <trkpt lat="38.81868" lon="121.148094">
        <ele>49.706127</ele>
        <time>2014-07-08T12:20:53.369000Z</time>
      </trkpt>
      <trkpt lat="38.81871" lon="121.14796">
        <ele>47.781403</ele>
        <time>2014-07-08T12:20:56.725000Z</time>
      </trkpt>
      <trkpt lat="38.818726" lon="121.14782">
        <ele>45.97097</ele>
        <time>2014-07-08T12:21:00.081000Z</time>
      </trkpt>
      <trkpt lat="38.818707" lon="121.1477">
        <ele>44.866753</ele>
        <time>2014-07-08T12:21:03.437000Z</time>
      </trkpt>
      <trkpt lat="38.818653" lon="121.147575">
        <ele>44.16167</ele>
        <time>2014-07-08T12:21:06.793000Z</time>
      </trkpt>
      <trkpt lat="38.818584" lon="121.14745">
        <ele>44.15588</ele>
        <time>2014-07-08T12:21:10.149000Z</time>
      </trkpt>
      <trkpt lat="38.8185" lon="121.14738">
        <ele>45.494267</ele>
        <time>2014-07-08T12:21:13.505000Z</time>
      </trkpt>
      <trkpt lat="38.818405" lon="121.147354">
        <ele>47.67512</ele>
        <time>2014-07-08T12:21:16.861000Z</time>
      </trkpt>
      <trkpt lat="38.818287" lon="121.14734">
        <ele>49.270546</ele>
        <time>2014-07-08T12:21:20.217000Z</time>
      </trkpt>
      <trkpt lat="38.818172" lon="121.14734">
        <ele>49.545845</ele>
        <time>2014-07-08T12:21:23.573000Z</time>
      </trkpt>
      <trkpt lat="38.81808" lon="121.14733">
        <ele>48.987804</ele>
        <time>2014-07-08T12:21:26.929000Z</time>
      </trkpt>
      <trkpt lat="38.817966" lon="121.14734">
        <ele>48.381397</ele>
        <time>2014-07-08T12:21:30.285000Z</time>
      </trkpt>
      <trkpt lat="38.81786" lon="121.14733">
        <ele>47.817554</ele>
        <time>2014-07-08T12:21:33.641000Z</time>
      </trkpt>
      <trkpt lat="38.817764" lon="121.14732">
        <ele>46.894627</ele>
        <time>2014-07-08T12:21:36.997000Z</time>
      </trkpt>
      <trkpt lat="38.81765" lon="121.14732">
        <ele>45.6254</ele>
        <time>2014-07-08T12:21:40.353000Z</time>
      </trkpt>
      <trkpt lat="38.81755" lon="121.14732">
        <ele>44.48975</ele>
        <time>2014-07-08T12:21:43.709000Z</time>
      </trkpt>
      <trkpt lat="38.817444" lon="121.14733">
        <ele>44.018845</ele>
        <time>2014-07-08T12:21:47.065000Z</time>
      </trkpt>
      <trkpt lat="38.817356" lon="121.14738">
        <ele>44.554</ele>
        <time>2014-07-08T12:21:50.421000Z</time>
      </trkpt>
      <trkpt lat="38.817276" lon="121.147446">
        <ele>45.857346</ele>
        <time>2014-07-08T12:21:53.777000Z</time>
      </trkpt>
      <trkpt lat="38.817223" lon="121.14755">
        <ele>47.34466</ele>
        <time>2014-07-08T12:21:57.133000Z</time>
      </trkpt>
      <trkpt lat="38.817177" lon="121.147675">
        <ele>48.569572</ele>
        <time>2014-07-08T12:22:00.489000Z</time>
      </trkpt>
      <trkpt lat="38.817173" lon="121.14783">
        <ele>49.09555</ele>
        <time>2014-07-08T12:22:03.845000Z</time>
      </trkpt>
      <trkpt lat="38.81718" lon="121.147964">
        <ele>49.05775</ele>
        <time>2014-07-08T12:22:07.201000Z</time>
      </trkpt>
      <trkpt lat="38.817226" lon="121.14809">
        <ele>49.629566</ele>
        <time>2014-07-08T12:22:10.557000Z</time>
      </trkpt>
      <trkpt lat="38.817226" lon="121.14809">
        <ele>50.42285</ele>
        <time>2014-07-08T12:22:13.913000Z</time>
      </trkpt>
      <trkpt lat="38.817307" lon="121.148186">
        <ele>50.707928</ele>
        <time>2014-07-08T12:22:17.269000Z</time>
      </trkpt>
      <trkpt lat="38.817406" lon="121.148254">
        <ele>50.363583</ele>
        <time>2014-07-08T12:22:20.625000Z</time>
      </trkpt>
      <trkpt lat="38.81751" lon="121.14831">
        <ele>50.02205</ele>
        <time>2014-07-08T12:22:23.981000Z</time>
      </trkpt>
      <trkpt lat="38.817627" lon="121.14833">
        <ele>50.193493</ele>
        <time>2014-07-08T12:22:27.337000Z</time>
      </trkpt>
      <trkpt lat="38.817734" lon="121.14834">
        <ele>50.34811</ele>
        <time>2014-07-08T12:22:30.693000Z</time>
      </trkpt>
      <trkpt lat="38.817852" lon="121.148346">
        <ele>49.76916</ele>
        <time>2014-07-08T12:22:34.049000Z</time>
      </trkpt>
      <trkpt lat="38.81795" lon="121.148346">
        <ele>48.699894</ele>
        <time>2014-07-08T12:22:37.405000Z</time>
      </trkpt>
      <trkpt lat="38.818054" lon="121.14835">
        <ele>48.057934</ele>
        <time>2014-07-08T12:22:40.761000Z</time>
      </trkpt>
      <trkpt lat="38.818184" lon="121.14835">
        <ele>48.214577</ele>
        <time>2014-07-08T12:22:44.117000Z</time>
      </trkpt>
      <trkpt lat="38.818184" lon="121.14835">
        <ele>48.576683</ele>
        <time>2014-07-08T12:22:47.473000Z</time>
      </trkpt>
      <trkpt lat="38.81829" lon="121.148346">
        <time>2014-07-08T12:22:50.829000Z</time>
      </trkpt>
    </trkseg>
  </trk>
</gpx>