<?xml version="1.0" encoding="UTF-8"?>
<gpx xmlns="http://www.topografix.com/GPX/1/1" xmlns:gpxtpx="http://www.garmin.com/xmlschemas/TrackPointExtension/v1" xmlns:xsi="http://www.w3.org/2001/XMLSchema-instance" xsi:schemaLocation="http://www.topografix.com/GPX/1/1 http://www.topografix.com/GPX/1/1/gpx.xsd" version="1.1" creator="gpx.py -- https://github.com/tkrajina/gpxpy">
  <trk>
    <trkseg>
      <trkpt lat="38.818726" lon="121.14772">
        <ele>43.222588</ele>
        <time>2014-06-29T09:47:47.425000Z</time>
      </trkpt>
      <trkpt lat="38.81873" lon="121.14772">
        <ele>43.67847</ele>
        <time>2014-06-29T09:47:50.569000Z</time>
      </trkpt>
      <trkpt lat="38.81868" lon="121.147606">
        <ele>44.33137</ele>
        <time>2014-06-29T09:47:53.713000Z</time>
      </trkpt>
      <trkpt lat="38.818604" lon="121.1475">
        <ele>44.330868</ele>
        <time>2014-06-29T09:47:56.857000Z</time>
      </trkpt>
      <trkpt lat="38.818604" lon="121.1475">
        <ele>43.995453</ele>
        <time>2014-06-29T09:48:00.001000Z</time>
      </trkpt>
      <trkpt lat="38.81853" lon="121.14742">
        <ele>43.874687</ele>
        <time>2014-06-29T09:48:03.145000Z</time>
      </trkpt>
      <trkpt lat="38.818447" lon="121.147385">
        <ele>44.01043</ele>
        <time>2014-06-29T09:48:06.289000Z</time>
      </trkpt>
      <trkpt lat="38.818344" lon="121.14736">
        <ele>43.66388</ele>
        <time>2014-06-29T09:48:09.433000Z</time>
      </trkpt>
      <trkpt lat="38.818233" lon="121.14736">
        <ele>42.137512</ele>
        <time>2014-06-29T09:48:12.577000Z</time>
      </trkpt>
      <trkpt lat="38.81812" lon="121.14735">
        <ele>40.101315</ele>
        <time>2014-06-29T09:48:15.721000Z</time>
      </trkpt>
      <trkpt lat="38.81803" lon="121.14735">
        <ele>38.85843</ele>
        <time>2014-06-29T09:48:18.865000Z</time>
      </trkpt>
      <trkpt lat="38.8179" lon="121.14734">
        <ele>38.690678</ele>
        <time>2014-06-29T09:48:22.009000Z</time>
      </trkpt>
      <trkpt lat="38.817802" lon="121.14734">
        <ele>38.68138</ele>
        <time>2014-06-29T09:48:25.153000Z</time>
      </trkpt>
      <trkpt lat="38.81771" lon="121.14734">
        <ele>38.086998</ele>
        <time>2014-06-29T09:48:28.297000Z</time>
      </trkpt>
      <trkpt lat="38.81759" lon="121.14734">
        <ele>36.627186</ele>
        <time>2014-06-29T09:48:31.441000Z</time>
      </trkpt>
      <trkpt lat="38.817497" lon="121.14735">
        <ele>34.46545</ele>
        <time>2014-06-29T09:48:34.585000Z</time>
      </trkpt>
      <trkpt lat="38.81739" lon="121.14741">
        <ele>32.775135</ele>
        <time>2014-06-29T09:48:37.729000Z</time>
      </trkpt>
      <trkpt lat="38.817303" lon="121.1475">
        <ele>32.982464</ele>
        <time>2014-06-29T09:48:40.873000Z</time>
      </trkpt>
      <trkpt lat="38.817257" lon="121.14761">
        <ele>34.94759</ele>
        <time>2014-06-29T09:48:44.017000Z</time>
      </trkpt>
      <trkpt lat="38.817234" lon="121.14774">
        <ele>37.20639</ele>
        <time>2014-06-29T09:48:47.161000Z</time>
      </trkpt>
      <trkpt lat="38.81724" lon="121.14787">
        <ele>38.63066</ele>
        <time>2014-06-29T09:48:50.305000Z</time>
      </trkpt>
      <trkpt lat="38.817257" lon="121.147995">
        <ele>39.27562</ele>
        <time>2014-06-29T09:48:53.449000Z</time>
      </trkpt>
      <trkpt lat="38.81729" lon="121.14811">
        <ele>40.32578</ele>
        <time>2014-06-29T09:48:56.593000Z</time>
      </trkpt>
      <trkpt lat="38.81736" lon="121.1482">
        <ele>42.512993</ele>
        <time>2014-06-29T09:48:59.737000Z</time>
      </trkpt>
      <trkpt lat="38.817448" lon="121.14826">
        <ele>45.07012</ele>
        <time>2014-06-29T09:49:02.881000Z</time>
      </trkpt>
      <trkpt lat="38.817566" lon="121.14829">
        <ele>47.03318</ele>
        <time>2014-06-29T09:49:06.025000Z</time>
      </trkpt>
      <trkpt lat="38.817665" lon="121.148285">
        <ele>48.13883</ele>
        <time>2014-06-29T09:49:09.169000Z</time>
      </trkpt>
      <trkpt lat="38.817783" lon="121.148285">
        <ele>48.110706</ele>
        <time>2014-06-29T09:49:12.313000Z</time>
      </trkpt>
      <trkpt lat="38.817894" lon="121.14829">
        <ele>47.218372</ele>
        <time>2014-06-29T09:49:15.457000Z</time>
      </trkpt>
      <trkpt lat="38.818" lon="121.14831">
        <ele>46.67051</ele>
        <time>2014-06-29T09:49:18.601000Z</time>
      </trkpt>
      <trkpt lat="38.818123" lon="121.148315">
        <ele>47.81076</ele>
        <time>2014-06-29T09:49:21.745000Z</time>
      </trkpt>
      <trkpt lat="38.818214" lon="121.148315">
        <ele>49.86361</ele>
        <time>2014-06-29T09:49:24.889000Z</time>
      </trkpt>
      <trkpt lat="38.818306" lon="121.148315">
        <ele>50.952927</ele>
        <time>2014-06-29T09:49:28.033000Z</time>
      </trkpt>
      <trkpt lat="38.818405" lon="121.14831">
        <ele>50.772278</ele>
        <time>2014-06-29T09:49:31.177000Z</time>
      </trkpt>
      <trkpt lat="38.818512" lon="121.14827">
        <ele>50.21547</ele>
        <time>2014-06-29T09:49:34.321000Z</time>
      </trkpt>
      <trkpt lat="38.81861" lon="121.14817">
        <ele>50.0381</ele>
        <time>2014-06-29T09:49:37.465000Z</time>
      </trkpt>
      <trkpt lat="38.818672" lon="121.14807">
        <ele>50.525692</ele>
        <time>2014-06-29T09:49:40.609000Z</time>
      </trkpt>
      <trkpt lat="38.818718" lon="121.147934">
        <ele>50.542374</ele>
        <time>2014-06-29T09:49:43.753000Z</time>
      </trkpt>
      <trkpt lat="38.818733" lon="121.14779">
        <ele>49.04563</ele>
        <time>2014-06-29T09:49:46.897000Z</time>
      </trkpt>
      <trkpt lat="38.81872" lon="121.147644">
        <ele>46.709347</ele>
        <time>2014-06-29T09:49:50.041000Z</time>
      </trkpt>
      <trkpt lat="38.818676" lon="121.14754">
        <ele>44.67254</ele>
        <time>2014-06-29T09:49:53.185000Z</time>
      </trkpt>
      <trkpt lat="38.818607" lon="121.14743">
        <ele>43.489758</ele>
        <time>2014-06-29T09:49:56.329000Z</time>
      </trkpt>
      <trkpt lat="38.818516" lon="121.14736">
        <ele>43.168835</ele>
        <time>2014-06-29T09:49:59.473000Z</time>
      </trkpt>
      <trkpt lat="38.818405" lon="121.14733">
        <ele>42.799606</ele>
        <time>2014-06-29T09:50:02.617000Z</time>
      </trkpt>
      <trkpt lat="38.818283" lon="121.14734">
        <ele>41.382263</ele>
        <time>2014-06-29T09:50:05.761000Z</time>
      </trkpt>
      <trkpt lat="38.818195" lon="121.14734">
        <ele>38.93112</ele>
        <time>2014-06-29T09:50:08.905000Z</time>
      </trkpt>
      <trkpt lat="38.818104" lon="121.14732">
        <ele>36.47754</ele>
        <time>2014-06-29T09:50:12.049000Z</time>
      </trkpt>
      <trkpt lat="38.81801" lon="121.147316">
        <ele>35.037773</ele>
        <time>2014-06-29T09:50:15.193000Z</time>
      </trkpt>
      <trkpt lat="38.817917" lon="121.14731">
        <ele>34.708958</ele>
        <time>2014-06-29T09:50:18.337000Z</time>
      </trkpt>
      <trkpt lat="38.817802" lon="121.14729">
        <ele>34.83591</ele>
        <time>2014-06-29T09:50:21.481000Z</time>
      </trkpt>
      <trkpt lat="38.817684" lon="121.14728">
        <ele>34.903603</ele>
        <time>2014-06-29T09:50:24.625000Z</time>
      </trkpt>
      <trkpt lat="38.817585" lon="121.14728">
        <ele>34.852768</ele>
        <time>2014-06-29T09:50:27.769000Z</time>
      </trkpt>
      <trkpt lat="38.81747" lon="121.14732">
        <ele>34.56836</ele>
        <time>2014-06-29T09:50:30.913000Z</time>
      </trkpt>
      <trkpt lat="38.817398" lon="121.14739">
        <ele>33.61952</ele>
        <time>2014-06-29T09:50:34.057000Z</time>
      </trkpt>
      <trkpt lat="38.81734" lon="121.1475">
        <ele>32.15045</ele>
        <time>2014-06-29T09:50:37.201000Z</time>
      </trkpt>
      <trkpt lat="38.817303" lon="121.147644">
        <ele>31.539484</ele>
        <time>2014-06-29T09:50:40.345000Z</time>
      </trkpt>
      <trkpt lat="38.817276" lon="121.1478">
        <ele>32.569103</ele>
        <time>2014-06-29T09:50:43.489000Z</time>
      </trkpt>
      <trkpt lat="38.817287" lon="121.14792">
        <ele>34.529377</ele>
        <time>2014-06-29T09:50:46.633000Z</time>
      </trkpt>
      <trkpt lat="38.81733" lon="121.14805">
        <ele>36.74603</ele>
        <time>2014-06-29T09:50:49.777000Z</time>
      </trkpt>
      <trkpt lat="38.817383" lon="121.14817">
        <ele>38.815693</ele>
        <time>2014-06-29T09:50:52.921000Z</time>
      </trkpt>
      <trkpt lat="38.817463" lon="121.14824">
        <ele>40.325302</ele>
        <time>2014-06-29T09:50:56.065000Z</time>
      </trkpt>
      <trkpt lat="38.81757" lon="121.148285">
        <ele>41.760963</ele>
        <time>2014-06-29T09:50:59.209000Z</time>
      </trkpt>
      <trkpt lat="38.817665" lon="121.148285">
        <ele>43.738876</ele>
        <time>2014-06-29T09:51:02.353000Z</time>
      </trkpt>
      <trkpt lat="38.81777" lon="121.148285">
        <ele>45.87499</ele>
        <time>2014-06-29T09:51:05.497000Z</time>
      </trkpt>
      <trkpt lat="38.81789" lon="121.148285">
        <ele>47.596752</ele>
        <time>2014-06-29T09:51:08.641000Z</time>
      </trkpt>
      <trkpt lat="38.81798" lon="121.14829">
        <ele>48.854073</ele>
        <time>2014-06-29T09:51:11.785000Z</time>
      </trkpt>
      <trkpt lat="38.818077" lon="121.14829">
        <ele>49.640194</ele>
        <time>2014-06-29T09:51:14.929000Z</time>
      </trkpt>
      <trkpt lat="38.818176" lon="121.1483">
        <ele>50.156933</ele>
        <time>2014-06-29T09:51:18.073000Z</time>
      </trkpt>
      <trkpt lat="38.81828" lon="121.148315">
        <ele>51.208946</ele>
        <time>2014-06-29T09:51:21.217000Z</time>
      </trkpt>
      <trkpt lat="38.818394" lon="121.148315">
        <ele>52.939075</ele>
        <time>2014-06-29T09:51:24.361000Z</time>
      </trkpt>
      <trkpt lat="38.81851" lon="121.14825">
        <ele>54.4029</ele>
        <time>2014-06-29T09:51:27.505000Z</time>
      </trkpt>
      <trkpt lat="38.81858" lon="121.14818">
        <ele>55.0169</ele>
        <time>2014-06-29T09:51:30.649000Z</time>
      </trkpt>
      <trkpt lat="38.81865" lon="121.14807">
        <ele>55.1042</ele>
        <time>2014-06-29T09:51:33.793000Z</time>
      </trkpt>
      <trkpt lat="38.81869" lon="121.147964">
        <ele>55.05886</ele>
        <time>2014-06-29T09:51:36.937000Z</time>
      </trkpt>
      <trkpt lat="38.818718" lon="121.147835">
        <ele>54.211784</ele>
        <time>2014-06-29T09:51:40.081000Z</time>
      </trkpt>
      <trkpt lat="38.81871" lon="121.14771">
        <ele>52.069927</ele>
        <time>2014-06-29T09:51:43.225000Z</time>
      </trkpt>
      <trkpt lat="38.818676" lon="121.147575">
        <ele>50.238937</ele>
        <time>2014-06-29T09:51:46.369000Z</time>
      </trkpt>
      <trkpt lat="38.818607" lon="121.147446">
        <ele>50.134747</ele>
        <time>2014-06-29T09:51:49.513000Z</time>
      </trkpt>
      <trkpt lat="38.818527" lon="121.14738">
        <ele>49.83967</ele>
        <time>2014-06-29T09:51:52.657000Z</time>
      </trkpt>
      <trkpt lat="38.81842" lon="121.14734">
        <ele>47.561703</ele>
        <time>2014-06-29T09:51:55.801000Z</time>
      </trkpt>
      <trkpt lat="38.81831" lon="121.14732">
        <ele>44.70888</ele>
        <time>2014-06-29T09:51:58.945000Z</time>
      </trkpt>
      <trkpt lat="38.818207" lon="121.14733">
        <ele>42.330925</ele>
        <time>2014-06-29T09:52:02.089000Z</time>
      </trkpt>
      <trkpt lat="38.818108" lon="121.147316">
        <ele>39.886345</ele>
        <time>2014-06-29T09:52:05.232000Z</time>
      </trkpt>
      <trkpt lat="38.81801" lon="121.14731">
        <ele>37.947304</ele>
        <time>2014-06-29T09:52:08.375000Z</time>
      </trkpt>
      <trkpt lat="38.8179" lon="121.1473">
        <ele>37.224228</ele>
        <time>2014-06-29T09:52:11.518000Z</time>
      </trkpt>
      <trkpt lat="38.81781" lon="121.1473">
        <ele>37.3017</ele>
        <time>2014-06-29T09:52:14.661000Z</time>
      </trkpt>
      <trkpt lat="38.817715" lon="121.1473">
        <ele>37.755383</ele>
        <time>2014-06-29T09:52:17.804000Z</time>
      </trkpt>
      <trkpt lat="38.8176" lon="121.14731">
        <ele>38.444416</ele>
        <time>2014-06-29T09:52:20.947000Z</time>
      </trkpt>
      <trkpt lat="38.817474" lon="121.14735">
        <ele>39.486267</ele>
        <time>2014-06-29T09:52:24.090000Z</time>
      </trkpt>
      <trkpt lat="38.817375" lon="121.14741">
        <ele>41.206608</ele>
        <time>2014-06-29T09:52:27.233000Z</time>
      </trkpt>
      <trkpt lat="38.8173" lon="121.1475">
        <ele>43.543102</ele>
        <time>2014-06-29T09:52:30.376000Z</time>
      </trkpt>
      <trkpt lat="38.817234" lon="121.14763">
        <ele>45.649193</ele>
        <time>2014-06-29T09:52:33.519000Z</time>
      </trkpt>
      <trkpt lat="38.817215" lon="121.147766">
        <ele>46.875534</ele>
        <time>2014-06-29T09:52:36.662000Z</time>
      </trkpt>
      <trkpt lat="38.817223" lon="121.14788">
        <ele>47.355316</ele>
        <time>2014-06-29T09:52:39.805000Z</time>
      </trkpt>
      <trkpt lat="38.817257" lon="121.14802">
        <ele>47.45414</ele>
        <time>2014-06-29T09:52:42.948000Z</time>
      </trkpt>
      <trkpt lat="38.817318" lon="121.14813">
        <ele>47.393353</ele>
        <time>2014-06-29T09:52:46.091000Z</time>
      </trkpt>
      <trkpt lat="38.817398" lon="121.14822">
        <ele>47.28865</ele>
        <time>2014-06-29T09:52:49.234000Z</time>
      </trkpt>
      <trkpt lat="38.817486" lon="121.148254">
        <ele>47.786327</ele>
        <time>2014-06-29T09:52:52.377000Z</time>
      </trkpt>
      <trkpt lat="38.817593" lon="121.14827">
        <ele>49.200073</ele>
        <time>2014-06-29T09:52:55.520000Z</time>
      </trkpt>
      <trkpt lat="38.817688" lon="121.14828">
        <ele>50.677666</ele>
        <time>2014-06-29T09:52:58.663000Z</time>
      </trkpt>
      <trkpt lat="38.817783" lon="121.148285">
        <ele>51.51497</ele>
        <time>2014-06-29T09:53:01.806000Z</time>
      </trkpt>
      <trkpt lat="38.817883" lon="121.14829">
        <ele>52.06333</ele>
        <time>2014-06-29T09:53:04.949000Z</time>
      </trkpt>
      <trkpt lat="38.817986" lon="121.148285">
        <ele>52.689465</ele>
        <time>2014-06-29T09:53:08.092000Z</time>
      </trkpt>
      <trkpt lat="38.8181" lon="121.148285">
        <ele>53.26557</ele>
        <time>2014-06-29T09:53:11.235000Z</time>
      </trkpt>
      <trkpt lat="38.818195" lon="121.14829">
        <ele>53.49843</ele>
        <time>2014-06-29T09:53:14.378000Z</time>
      </trkpt>
      <trkpt lat="38.818302" lon="121.1483">
        <ele>53.440506</ele>
        <time>2014-06-29T09:53:17.521000Z</time>
      </trkpt>
      <trkpt lat="38.8184" lon="121.14829">
        <ele>53.056217</ele>
        <time>2014-06-29T09:53:20.664000Z</time>
      </trkpt>
      <trkpt lat="38.81851" lon="121.14824">
        <ele>52.375263</ele>
        <time>2014-06-29T09:53:23.807000Z</time>
      </trkpt>
      <trkpt lat="38.818604" lon="121.14813">
        <ele>52.19104</ele>
        <time>2014-06-29T09:53:26.950000Z</time>
      </trkpt>
      <trkpt lat="38.818665" lon="121.148026">
        <ele>53.307255</ele>
        <time>2014-06-29T09:53:30.093000Z</time>
      </trkpt>
      <trkpt lat="38.8187" lon="121.14789">
        <ele>55.176098</ele>
        <time>2014-06-29T09:53:33.236000Z</time>
      </trkpt>
      <trkpt lat="38.818703" lon="121.14774">
        <ele>55.973648</ele>
        <time>2014-06-29T09:53:36.379000Z</time>
      </trkpt>
      <trkpt lat="38.818676" lon="121.14761">
        <ele>54.539536</ele>
        <time>2014-06-29T09:53:39.522000Z</time>
      </trkpt>
      <trkpt lat="38.818623" lon="121.147514">
        <ele>51.906372</ele>
        <time>2014-06-29T09:53:42.665000Z</time>
      </trkpt>
      <trkpt lat="38.818535" lon="121.14743">
        <ele>49.94104</ele>
        <time>2014-06-29T09:53:45.808000Z</time>
      </trkpt>
      <trkpt lat="38.81844" lon="121.14738">
        <ele>48.583546</ele>
        <time>2014-06-29T09:53:48.951000Z</time>
      </trkpt>
      <trkpt lat="38.818317" lon="121.147354">
        <ele>46.937725</ele>
        <time>2014-06-29T09:53:52.094000Z</time>
      </trkpt>
      <trkpt lat="38.818226" lon="121.14735">
        <ele>45.4416</ele>
        <time>2014-06-29T09:53:55.237000Z</time>
      </trkpt>
      <trkpt lat="38.818127" lon="121.147354">
        <ele>45.03521</ele>
        <time>2014-06-29T09:53:58.380000Z</time>
      </trkpt>
      <trkpt lat="38.818027" lon="121.14734">
        <ele>45.710705</ele>
        <time>2014-06-29T09:54:01.523000Z</time>
      </trkpt>
      <trkpt lat="38.817932" lon="121.14733">
        <ele>46.656284</ele>
        <time>2014-06-29T09:54:04.666000Z</time>
      </trkpt>
      <trkpt lat="38.817825" lon="121.14732">
        <ele>47.073803</ele>
        <time>2014-06-29T09:54:07.809000Z</time>
      </trkpt>
      <trkpt lat="38.81773" lon="121.147316">
        <ele>46.74662</ele>
        <time>2014-06-29T09:54:10.952000Z</time>
      </trkpt>
      <trkpt lat="38.81762" lon="121.14731">
        <ele>45.916065</ele>
        <time>2014-06-29T09:54:14.095000Z</time>
      </trkpt>
      <trkpt lat="38.817528" lon="121.147316">
        <ele>45.35558</ele>
        <time>2014-06-29T09:54:17.238000Z</time>
      </trkpt>
      <trkpt lat="38.817436" lon="121.14735">
        <ele>45.632015</ele>
        <time>2014-06-29T09:54:20.381000Z</time>
      </trkpt>
      <trkpt lat="38.81734" lon="121.147415">
        <ele>46.88751</ele>
        <time>2014-06-29T09:54:23.524000Z</time>
      </trkpt>
      <trkpt lat="38.817276" lon="121.14751">
        <ele>48.846004</ele>
        <time>2014-06-29T09:54:26.667000Z</time>
      </trkpt>
      <trkpt lat="38.81723" lon="121.14762">
        <ele>50.435207</ele>
        <time>2014-06-29T09:54:29.810000Z</time>
      </trkpt>
      <trkpt lat="38.81721" lon="121.14775">
        <ele>50.78588</ele>
        <time>2014-06-29T09:54:32.953000Z</time>
      </trkpt>
      <trkpt lat="38.817215" lon="121.14787">
        <ele>50.265125</ele>
        <time>2014-06-29T09:54:36.096000Z</time>
      </trkpt>
      <trkpt lat="38.81724" lon="121.148">
        <ele>49.732124</ele>
        <time>2014-06-29T09:54:39.239000Z</time>
      </trkpt>
      <trkpt lat="38.817295" lon="121.14812">
        <ele>49.652725</ele>
        <time>2014-06-29T09:54:42.382000Z</time>
      </trkpt>
      <trkpt lat="38.817398" lon="121.14822">
        <ele>49.753708</ele>
        <time>2014-06-29T09:54:45.525000Z</time>
      </trkpt>
      <trkpt lat="38.81749" lon="121.148254">
        <ele>49.695595</ele>
        <time>2014-06-29T09:54:48.668000Z</time>
      </trkpt>
      <trkpt lat="38.81759" lon="121.14827">
        <ele>49.538555</ele>
        <time>2014-06-29T09:54:51.811000Z</time>
      </trkpt>
      <trkpt lat="38.817715" lon="121.14828">
        <ele>49.510708</ele>
        <time>2014-06-29T09:54:54.954000Z</time>
      </trkpt>
      <trkpt lat="38.817837" lon="121.14827">
        <ele>49.929348</ele>
        <time>2014-06-29T09:54:58.097000Z</time>
      </trkpt>
      <trkpt lat="38.81794" lon="121.14827">
        <ele>51.02527</ele>
        <time>2014-06-29T09:55:01.240000Z</time>
      </trkpt>
      <trkpt lat="38.81803" lon="121.14828">
        <ele>52.475487</ele>
        <time>2014-06-29T09:55:04.383000Z</time>
      </trkpt>
      <trkpt lat="38.818142" lon="121.14828">
        <ele>53.86178</ele>
        <time>2014-06-29T09:55:07.526000Z</time>
      </trkpt>
      <trkpt lat="38.81825" lon="121.148285">
        <ele>55.018955</ele>
        <time>2014-06-29T09:55:10.669000Z</time>
      </trkpt>
      <trkpt lat="38.81837" lon="121.148285">
        <ele>55.564857</ele>
        <time>2014-06-29T09:55:13.812000Z</time>
      </trkpt>
      <trkpt lat="38.81847" lon="121.14826">
        <ele>55.069763</ele>
        <time>2014-06-29T09:55:16.955000Z</time>
      </trkpt>
      <trkpt lat="38.818546" lon="121.14819">
        <ele>53.87871</ele>
        <time>2014-06-29T09:55:20.098000Z</time>
      </trkpt>
      <trkpt lat="38.81862" lon="121.14811">
        <ele>52.839123</ele>
        <time>2014-06-29T09:55:23.241000Z</time>
      </trkpt>
      <trkpt lat="38.818676" lon="121.147995">
        <ele>52.381504</ele>
        <time>2014-06-29T09:55:26.384000Z</time>
      </trkpt>
      <trkpt lat="38.81871" lon="121.14786">
        <ele>52.064465</ele>
        <time>2014-06-29T09:55:29.527000Z</time>
      </trkpt>
      <trkpt lat="38.818707" lon="121.14772">
        <ele>51.234043</ele>
        <time>2014-06-29T09:55:32.670000Z</time>
      </trkpt>
      <trkpt lat="38.818676" lon="121.147575">
        <ele>49.88014</ele>
        <time>2014-06-29T09:55:35.813000Z</time>
      </trkpt>
      <trkpt lat="38.81861" lon="121.14746">
        <ele>48.482258</ele>
        <time>2014-06-29T09:55:38.956000Z</time>
      </trkpt>
      <trkpt lat="38.818527" lon="121.14738">
        <ele>47.42036</ele>
        <time>2014-06-29T09:55:42.099000Z</time>
      </trkpt>
      <trkpt lat="38.81843" lon="121.14734">
        <ele>46.879536</ele>
        <time>2014-06-29T09:55:45.242000Z</time>
      </trkpt>
      <trkpt lat="38.81832" lon="121.14733">
        <ele>46.789963</ele>
        <time>2014-06-29T09:55:48.385000Z</time>
      </trkpt>
      <trkpt lat="38.818222" lon="121.14735">
        <ele>46.903656</ele>
        <time>2014-06-29T09:55:51.528000Z</time>
      </trkpt>
      <trkpt lat="38.81812" lon="121.147354">
        <ele>47.0498</ele>
        <time>2014-06-29T09:55:54.671000Z</time>
      </trkpt>
      <trkpt lat="38.818012" lon="121.14734">
        <ele>47.16543</ele>
        <time>2014-06-29T09:55:57.814000Z</time>
      </trkpt>
      <trkpt lat="38.817913" lon="121.14733">
        <ele>46.807632</ele>
        <time>2014-06-29T09:56:00.957000Z</time>
      </trkpt>
      <trkpt lat="38.817806" lon="121.14734">
        <ele>45.493435</ele>
        <time>2014-06-29T09:56:04.100000Z</time>
      </trkpt>
      <trkpt lat="38.8177" lon="121.14733">
        <ele>43.762386</ele>
        <time>2014-06-29T09:56:07.243000Z</time>
      </trkpt>
      <trkpt lat="38.817585" lon="121.14733">
        <ele>42.768696</ele>
        <time>2014-06-29T09:56:10.386000Z</time>
      </trkpt>
      <trkpt lat="38.817482" lon="121.14735">
        <ele>43.11693</ele>
        <time>2014-06-29T09:56:13.529000Z</time>
      </trkpt>
      <trkpt lat="38.81737" lon="121.14741">
        <ele>44.386417</ele>
        <time>2014-06-29T09:56:16.672000Z</time>
      </trkpt>
      <trkpt lat="38.81729" lon="121.147514">
        <ele>45.54607</ele>
        <time>2014-06-29T09:56:19.815000Z</time>
      </trkpt>
      <trkpt lat="38.81723" lon="121.14765">
        <ele>45.46132</ele>
        <time>2014-06-29T09:56:22.958000Z</time>
      </trkpt>
      <trkpt lat="38.81722" lon="121.14779">
        <ele>43.964767</ele>
        <time>2014-06-29T09:56:26.101000Z</time>
      </trkpt>
      <trkpt lat="38.81723" lon="121.14791">
        <ele>42.268497</ele>
        <time>2014-06-29T09:56:29.244000Z</time>
      </trkpt>
      <trkpt lat="38.817276" lon="121.14803">
        <ele>42.052788</ele>
        <time>2014-06-29T09:56:32.387000Z</time>
      </trkpt>
      <trkpt lat="38.817352" lon="121.14815">
        <ele>43.80652</ele>
        <time>2014-06-29T09:56:35.530000Z</time>
      </trkpt>
      <trkpt lat="38.817436" lon="121.14823">
        <ele>46.374763</ele>
        <time>2014-06-29T09:56:38.673000Z</time>
      </trkpt>
      <trkpt lat="38.81754" lon="121.14826">
        <ele>48.128998</ele>
        <time>2014-06-29T09:56:41.816000Z</time>
      </trkpt>
      <trkpt lat="38.817642" lon="121.14826">
        <ele>48.996174</ele>
        <time>2014-06-29T09:56:44.959000Z</time>
      </trkpt>
      <trkpt lat="38.81774" lon="121.14827">
        <ele>49.271652</ele>
        <time>2014-06-29T09:56:48.102000Z</time>
      </trkpt>
      <trkpt lat="38.81785" lon="121.14827">
        <ele>49.1511</ele>
        <time>2014-06-29T09:56:51.245000Z</time>
      </trkpt>
      <trkpt lat="38.817955" lon="121.14828">
        <ele>48.874504</ele>
        <time>2014-06-29T09:56:54.388000Z</time>
      </trkpt>
      <trkpt lat="38.818054" lon="121.148285">
        <ele>48.758064</ele>
        <time>2014-06-29T09:56:57.531000Z</time>
      </trkpt>
      <trkpt lat="38.81817" lon="121.14828">
        <ele>49.082417</ele>
        <time>2014-06-29T09:57:00.674000Z</time>
      </trkpt>
      <trkpt lat="38.818268" lon="121.148285">
        <ele>50.134666</ele>
        <time>2014-06-29T09:57:03.817000Z</time>
      </trkpt>
      <trkpt lat="38.818367" lon="121.148285">
        <ele>51.545216</ele>
        <time>2014-06-29T09:57:06.960000Z</time>
      </trkpt>
      <trkpt lat="38.81854" lon="121.14733">
        <ele>43.795933</ele>
        <time>2014-06-29T09:57:10.103000Z</time>
      </trkpt>
      <trkpt lat="38.818535" lon="121.14733">
        <ele>43.363728</ele>
        <time>2014-06-29T09:57:13.246000Z</time>
      </trkpt>
      <trkpt lat="38.81843" lon="121.14734">
        <ele>42.82913</ele>
        <time>2014-06-29T09:57:16.389000Z</time>
      </trkpt>
      <trkpt lat="38.81832" lon="121.147316">
        <ele>43.100403</ele>
        <time>2014-06-29T09:57:19.532000Z</time>
      </trkpt>
      <trkpt lat="38.81821" lon="121.14731">
        <ele>44.744415</ele>
        <time>2014-06-29T09:57:22.675000Z</time>
      </trkpt>
      <trkpt lat="38.818104" lon="121.1473">
        <ele>46.558197</ele>
        <time>2014-06-29T09:57:25.818000Z</time>
      </trkpt>
      <trkpt lat="38.81799" lon="121.14728">
        <ele>47.910385</ele>
        <time>2014-06-29T09:57:28.961000Z</time>
      </trkpt>
      <trkpt lat="38.817883" lon="121.14728">
        <ele>48.705696</ele>
        <time>2014-06-29T09:57:32.104000Z</time>
      </trkpt>
      <trkpt lat="38.817783" lon="121.14726">
        <ele>48.59146</ele>
        <time>2014-06-29T09:57:35.247000Z</time>
      </trkpt>
      <trkpt lat="38.81768" lon="121.14726">
        <ele>47.785374</ele>
        <time>2014-06-29T09:57:38.390000Z</time>
      </trkpt>
      <trkpt lat="38.817577" lon="121.14727">
        <ele>47.133045</ele>
        <time>2014-06-29T09:57:41.533000Z</time>
      </trkpt>
      <trkpt lat="38.817486" lon="121.1473">
        <ele>47.02623</ele>
        <time>2014-06-29T09:57:44.676000Z</time>
      </trkpt>
      <trkpt lat="38.81739" lon="121.147354">
        <ele>47.268517</ele>
        <time>2014-06-29T09:57:47.819000Z</time>
      </trkpt>
      <trkpt lat="38.817307" lon="121.14744">
        <ele>47.33213</ele>
        <time>2014-06-29T09:57:50.962000Z</time>
      </trkpt>
      <trkpt lat="38.81724" lon="121.14757">
        <ele>47.04355</ele>
        <time>2014-06-29T09:57:54.105000Z</time>
      </trkpt>
      <trkpt lat="38.8172" lon="121.147705">
        <ele>46.817688</ele>
        <time>2014-06-29T09:57:57.248000Z</time>
      </trkpt>
      <trkpt lat="38.81719" lon="121.14783">
        <ele>46.99106</ele>
        <time>2014-06-29T09:58:00.391000Z</time>
      </trkpt>
      <trkpt lat="38.817226" lon="121.14796">
        <ele>47.861584</ele>
        <time>2014-06-29T09:58:03.534000Z</time>
      </trkpt>
      <trkpt lat="38.817284" lon="121.14809">
        <ele>49.422222</ele>
        <time>2014-06-29T09:58:06.677000Z</time>
      </trkpt>
      <trkpt lat="38.81736" lon="121.148186">
        <ele>50.51293</ele>
        <time>2014-06-29T09:58:09.820000Z</time>
      </trkpt>
      <trkpt lat="38.817455" lon="121.148254">
        <ele>50.100796</ele>
        <time>2014-06-29T09:58:12.963000Z</time>
      </trkpt>
      <trkpt lat="38.817554" lon="121.14828">
        <ele>48.65791</ele>
        <time>2014-06-29T09:58:16.106000Z</time>
      </trkpt>
      <trkpt lat="38.81765" lon="121.148285">
        <ele>47.327393</ele>
        <time>2014-06-29T09:58:19.249000Z</time>
      </trkpt>
      <trkpt lat="38.817753" lon="121.148285">
        <ele>46.682537</ele>
        <time>2014-06-29T09:58:22.392000Z</time>
      </trkpt>
      <trkpt lat="38.817875" lon="121.148285">
        <ele>46.532383</ele>
        <time>2014-06-29T09:58:25.535000Z</time>
      </trkpt>
      <trkpt lat="38.81798" lon="121.14828">
        <ele>46.354244</ele>
        <time>2014-06-29T09:58:28.678000Z</time>
      </trkpt>
      <trkpt lat="38.818077" lon="121.14827">
        <ele>45.909687</ele>
        <time>2014-06-29T09:58:31.821000Z</time>
      </trkpt>
      <trkpt lat="38.818195" lon="121.148285">
        <ele>45.509888</ele>
        <time>2014-06-29T09:58:34.964000Z</time>
      </trkpt>
      <trkpt lat="38.81831" lon="121.14829">
        <ele>45.429573</ele>
        <time>2014-06-29T09:58:38.107000Z</time>
      </trkpt>
      <trkpt lat="38.818413" lon="121.14829">
        <ele>45.53365</ele>
        <time>2014-06-29T09:58:41.250000Z</time>
      </trkpt>
      <trkpt lat="38.818512" lon="121.14826">
        <ele>45.826645</ele>
        <time>2014-06-29T09:58:44.393000Z</time>
      </trkpt>
      <trkpt lat="38.818592" lon="121.14819">
        <ele>46.3926</ele>
        <time>2014-06-29T09:58:47.536000Z</time>
      </trkpt>
      <trkpt lat="38.818653" lon="121.1481">
        <ele>46.963356</ele>
        <time>2014-06-29T09:58:50.679000Z</time>
      </trkpt>
      <trkpt lat="38.818703" lon="121.14796">
        <ele>47.251156</ele>
        <time>2014-06-29T09:58:53.822000Z</time>
      </trkpt>
      <trkpt lat="38.818726" lon="121.14781">
        <ele>46.769096</ele>
        <time>2014-06-29T09:58:56.965000Z</time>
      </trkpt>
      <trkpt lat="38.81872" lon="121.14768">
        <ele>45.331894</ele>
        <time>2014-06-29T09:59:00.108000Z</time>
      </trkpt>
      <trkpt lat="38.818672" lon="121.147545">
        <ele>43.8968</ele>
        <time>2014-06-29T09:59:03.251000Z</time>
      </trkpt>
      <trkpt lat="38.818604" lon="121.147446">
        <ele>43.73136</ele>
        <time>2014-06-29T09:59:06.394000Z</time>
      </trkpt>
      <trkpt lat="38.818527" lon="121.14738">
        <ele>44.842575</ele>
        <time>2014-06-29T09:59:09.537000Z</time>
      </trkpt>
      <trkpt lat="38.81842" lon="121.14732">
        <ele>46.14774</ele>
        <time>2014-06-29T09:59:12.680000Z</time>
      </trkpt>
      <trkpt lat="38.818306" lon="121.14731">
        <ele>46.561317</ele>
        <time>2014-06-29T09:59:15.823000Z</time>
      </trkpt>
      <trkpt lat="38.81819" lon="121.14731">
        <ele>46.03499</ele>
        <time>2014-06-29T09:59:18.966000Z</time>
      </trkpt>
      <trkpt lat="38.818092" lon="121.1473">
        <ele>45.466232</ele>
        <time>2014-06-29T09:59:22.109000Z</time>
      </trkpt>
      <trkpt lat="38.81799" lon="121.14729">
        <ele>45.960526</ele>
        <time>2014-06-29T09:59:25.252000Z</time>
      </trkpt>
      <trkpt lat="38.817894" lon="121.1473">
        <ele>47.414616</ele>
        <time>2014-06-29T09:59:28.395000Z</time>
      </trkpt>
      <trkpt lat="38.817772" lon="121.1473">
        <ele>48.747845</ele>
        <time>2014-06-29T09:59:31.538000Z</time>
      </trkpt>
      <trkpt lat="38.817665" lon="121.1473">
        <ele>49.331238</ele>
        <time>2014-06-29T09:59:34.681000Z</time>
      </trkpt>
      <trkpt lat="38.81757" lon="121.14729">
        <ele>49.02215</ele>
        <time>2014-06-29T09:59:37.824000Z</time>
      </trkpt>
      <trkpt lat="38.817455" lon="121.147316">
        <ele>47.96098</ele>
        <time>2014-06-29T09:59:40.967000Z</time>
      </trkpt>
      <trkpt lat="38.817356" lon="121.147385">
        <ele>47.27235</ele>
        <time>2014-06-29T09:59:44.110000Z</time>
      </trkpt>
      <trkpt lat="38.817284" lon="121.14746">
        <ele>47.725883</ele>
        <time>2014-06-29T09:59:47.253000Z</time>
      </trkpt>
      <trkpt lat="38.81723" lon="121.14759">
        <ele>48.55031</ele>
        <time>2014-06-29T09:59:50.396000Z</time>
      </trkpt>
      <trkpt lat="38.8172" lon="121.14771">
        <ele>48.373528</ele>
        <time>2014-06-29T09:59:53.539000Z</time>
      </trkpt>
      <trkpt lat="38.817192" lon="121.14784">
        <ele>46.948956</ele>
        <time>2014-06-29T09:59:56.682000Z</time>
      </trkpt>
      <trkpt lat="38.81722" lon="121.147964">
        <ele>45.39759</ele>
        <time>2014-06-29T09:59:59.825000Z</time>
      </trkpt>
      <trkpt lat="38.817253" lon="121.14807">
        <ele>44.73354</ele>
        <time>2014-06-29T10:00:02.968000Z</time>
      </trkpt>
      <trkpt lat="38.817318" lon="121.14817">
        <ele>45.22757</ele>
        <time>2014-06-29T10:00:06.111000Z</time>
      </trkpt>
      <trkpt lat="38.81743" lon="121.14823">
        <ele>46.608788</ele>
        <time>2014-06-29T10:00:09.254000Z</time>
      </trkpt>
      <trkpt lat="38.817535" lon="121.14827">
        <ele>47.908062</ele>
        <time>2014-06-29T10:00:12.397000Z</time>
      </trkpt>
      <trkpt lat="38.81763" lon="121.148285">
        <ele>48.287724</ele>
        <time>2014-06-29T10:00:15.540000Z</time>
      </trkpt>
      <trkpt lat="38.817745" lon="121.14828">
        <ele>47.845207</ele>
        <time>2014-06-29T10:00:18.683000Z</time>
      </trkpt>
      <trkpt lat="38.81785" lon="121.148285">
        <ele>47.734203</ele>
        <time>2014-06-29T10:00:21.826000Z</time>
      </trkpt>
      <trkpt lat="38.81797" lon="121.1483">
        <ele>48.71177</ele>
        <time>2014-06-29T10:00:24.969000Z</time>
      </trkpt>
      <trkpt lat="38.81809" lon="121.14829">
        <ele>49.773624</ele>
        <time>2014-06-29T10:00:28.112000Z</time>
      </trkpt>
      <trkpt lat="38.818207" lon="121.1483">
        <ele>49.600395</ele>
        <time>2014-06-29T10:00:31.255000Z</time>
      </trkpt>
      <trkpt lat="38.818302" lon="121.1483">
        <ele>48.39306</ele>
        <time>2014-06-29T10:00:34.398000Z</time>
      </trkpt>
      <trkpt lat="38.81841" lon="121.14831">
        <ele>47.322674</ele>
        <time>2014-06-29T10:00:37.541000Z</time>
      </trkpt>
      <trkpt lat="38.81851" lon="121.14828">
        <ele>47.03426</ele>
        <time>2014-06-29T10:00:40.684000Z</time>
      </trkpt>
      <trkpt lat="38.8186" lon="121.14821">
        <ele>47.05544</ele>
        <time>2014-06-29T10:00:43.827000Z</time>
      </trkpt>
      <trkpt lat="38.81867" lon="121.14812">
        <ele>46.23438</ele>
        <time>2014-06-29T10:00:46.970000Z</time>
      </trkpt>
      <trkpt lat="38.818714" lon="121.148">
        <ele>44.29729</ele>
        <time>2014-06-29T10:00:50.113000Z</time>
      </trkpt>
      <trkpt lat="38.818733" lon="121.14787">
        <ele>42.477</ele>
        <time>2014-06-29T10:00:53.256000Z</time>
      </trkpt>
      <trkpt lat="38.81874" lon="121.14774">
        <ele>41.734974</ele>
        <time>2014-06-29T10:00:56.399000Z</time>
      </trkpt>
      <trkpt lat="38.81872" lon="121.147606">
        <ele>42.01333</ele>
        <time>2014-06-29T10:00:59.542000Z</time>
      </trkpt>
      <trkpt lat="38.81867" lon="121.14749">
        <ele>42.815865</ele>
        <time>2014-06-29T10:01:02.685000Z</time>
      </trkpt>
      <trkpt lat="38.818604" lon="121.14741">
        <ele>43.502254</ele>
        <time>2014-06-29T10:01:05.828000Z</time>
      </trkpt>
      <trkpt lat="38.81852" lon="121.147354">
        <ele>44.222366</ele>
        <time>2014-06-29T10:01:08.971000Z</time>
      </trkpt>
      <trkpt lat="38.81842" lon="121.147316">
        <ele>45.386086</ele>
        <time>2014-06-29T10:01:12.114000Z</time>
      </trkpt>
      <trkpt lat="38.81833" lon="121.14731">
        <ele>46.538994</ele>
        <time>2014-06-29T10:01:15.257000Z</time>
      </trkpt>
      <trkpt lat="38.81821" lon="121.14732">
        <ele>47.241432</ele>
        <time>2014-06-29T10:01:18.400000Z</time>
      </trkpt>
      <trkpt lat="38.818115" lon="121.147316">
        <ele>48.149864</ele>
        <time>2014-06-29T10:01:21.543000Z</time>
      </trkpt>
      <trkpt lat="38.818005" lon="121.14732">
        <ele>49.707863</ele>
        <time>2014-06-29T10:01:24.686000Z</time>
      </trkpt>
      <trkpt lat="38.817883" lon="121.147316">
        <ele>50.907696</ele>
        <time>2014-06-29T10:01:27.829000Z</time>
      </trkpt>
      <trkpt lat="38.817776" lon="121.14731">
        <ele>50.352306</ele>
        <time>2014-06-29T10:01:30.972000Z</time>
      </trkpt>
      <trkpt lat="38.817677" lon="121.1473">
        <ele>48.29238</ele>
        <time>2014-06-29T10:01:34.115000Z</time>
      </trkpt>
      <trkpt lat="38.817577" lon="121.147285">
        <ele>46.327225</ele>
        <time>2014-06-29T10:01:37.258000Z</time>
      </trkpt>
      <trkpt lat="38.817486" lon="121.14729">
        <ele>46.18391</ele>
        <time>2014-06-29T10:01:40.401000Z</time>
      </trkpt>
      <trkpt lat="38.817406" lon="121.14735">
        <ele>48.446243</ele>
        <time>2014-06-29T10:01:43.544000Z</time>
      </trkpt>
      <trkpt lat="38.817318" lon="121.14745">
        <ele>51.725372</ele>
        <time>2014-06-29T10:01:46.687000Z</time>
      </trkpt>
      <trkpt lat="38.817257" lon="121.14756">
        <ele>53.675587</ele>
        <time>2014-06-29T10:01:49.830000Z</time>
      </trkpt>
      <trkpt lat="38.817226" lon="121.14768">
        <ele>53.408302</ele>
        <time>2014-06-29T10:01:52.973000Z</time>
      </trkpt>
      <trkpt lat="38.81721" lon="121.14782">
        <ele>51.555717</ele>
        <time>2014-06-29T10:01:56.116000Z</time>
      </trkpt>
      <trkpt lat="38.817226" lon="121.14794">
        <ele>49.355743</ele>
        <time>2014-06-29T10:01:59.259000Z</time>
      </trkpt>
      <trkpt lat="38.817272" lon="121.148056">
        <ele>48.01757</ele>
        <time>2014-06-29T10:02:02.402000Z</time>
      </trkpt>
      <trkpt lat="38.817333" lon="121.14815">
        <ele>47.88611</ele>
        <time>2014-06-29T10:02:05.545000Z</time>
      </trkpt>
      <trkpt lat="38.817436" lon="121.14824">
        <ele>48.30693</ele>
        <time>2014-06-29T10:02:08.688000Z</time>
      </trkpt>
      <trkpt lat="38.81755" lon="121.14827">
        <ele>48.668797</ele>
        <time>2014-06-29T10:02:11.831000Z</time>
      </trkpt>
      <trkpt lat="38.817665" lon="121.14829">
        <ele>48.824726</ele>
        <time>2014-06-29T10:02:14.974000Z</time>
      </trkpt>
      <trkpt lat="38.81776" lon="121.14829">
        <ele>48.598476</ele>
        <time>2014-06-29T10:02:18.117000Z</time>
      </trkpt>
      <trkpt lat="38.817856" lon="121.1483">
        <ele>47.939365</ele>
        <time>2014-06-29T10:02:21.260000Z</time>
      </trkpt>
      <trkpt lat="38.81795" lon="121.1483">
        <ele>47.62</ele>
        <time>2014-06-29T10:02:24.403000Z</time>
      </trkpt>
      <trkpt lat="38.818054" lon="121.1483">
        <ele>48.21929</ele>
        <time>2014-06-29T10:02:27.546000Z</time>
      </trkpt>
      <trkpt lat="38.818153" lon="121.14829">
        <ele>48.909096</ele>
        <time>2014-06-29T10:02:30.689000Z</time>
      </trkpt>
      <trkpt lat="38.818253" lon="121.1483">
        <ele>48.87988</ele>
        <time>2014-06-29T10:02:33.832000Z</time>
      </trkpt>
      <trkpt lat="38.81835" lon="121.148315">
        <ele>48.49152</ele>
        <time>2014-06-29T10:02:36.975000Z</time>
      </trkpt>
      <trkpt lat="38.818443" lon="121.1483">
        <ele>48.296463</ele>
        <time>2014-06-29T10:02:40.118000Z</time>
      </trkpt>
      <trkpt lat="38.818527" lon="121.14825">
        <ele>48.602367</ele>
        <time>2014-06-29T10:02:43.261000Z</time>
      </trkpt>
      <trkpt lat="38.818615" lon="121.148155">
        <ele>49.395348</ele>
        <time>2014-06-29T10:02:46.404000Z</time>
      </trkpt>
      <trkpt lat="38.818672" lon="121.148056">
        <ele>49.724384</ele>
        <time>2014-06-29T10:02:49.547000Z</time>
      </trkpt>
      <trkpt lat="38.818718" lon="121.14792">
        <ele>48.74148</ele>
        <time>2014-06-29T10:02:52.690000Z</time>
      </trkpt>
      <trkpt lat="38.818737" lon="121.1478">
        <ele>47.080395</ele>
        <time>2014-06-29T10:02:55.833000Z</time>
      </trkpt>
      <trkpt lat="38.81871" lon="121.147644">
        <ele>45.596657</ele>
        <time>2014-06-29T10:02:58.976000Z</time>
      </trkpt>
      <trkpt lat="38.818638" lon="121.14752">
        <ele>44.287865</ele>
        <time>2014-06-29T10:03:02.119000Z</time>
      </trkpt>
      <trkpt lat="38.818546" lon="121.14742">
        <ele>43.18392</ele>
        <time>2014-06-29T10:03:05.262000Z</time>
      </trkpt>
      <trkpt lat="38.818447" lon="121.14735">
        <ele>43.1392</ele>
        <time>2014-06-29T10:03:08.405000Z</time>
      </trkpt>
      <trkpt lat="38.818356" lon="121.147316">
        <ele>44.470737</ele>
        <time>2014-06-29T10:03:11.548000Z</time>
      </trkpt>
      <trkpt lat="38.81825" lon="121.147316">
        <ele>45.79524</ele>
        <time>2014-06-29T10:03:14.691000Z</time>
      </trkpt>
      <trkpt lat="38.818153" lon="121.14731">
        <ele>45.936405</ele>
        <time>2014-06-29T10:03:17.834000Z</time>
      </trkpt>
      <trkpt lat="38.818058" lon="121.14729">
        <ele>45.578686</ele>
        <time>2014-06-29T10:03:20.977000Z</time>
      </trkpt>
      <trkpt lat="38.81795" lon="121.14728">
        <ele>46.018208</ele>
        <time>2014-06-29T10:03:24.120000Z</time>
      </trkpt>
      <trkpt lat="38.817825" lon="121.14729">
        <ele>47.019184</ele>
        <time>2014-06-29T10:03:27.263000Z</time>
      </trkpt>
      <trkpt lat="38.81773" lon="121.147285">
        <ele>47.330334</ele>
        <time>2014-06-29T10:03:30.406000Z</time>
      </trkpt>
      <trkpt lat="38.81763" lon="121.14727">
        <ele>46.874344</ele>
        <time>2014-06-29T10:03:33.549000Z</time>
      </trkpt>
      <trkpt lat="38.817524" lon="121.14728">
        <ele>46.767628</ele>
        <time>2014-06-29T10:03:36.692000Z</time>
      </trkpt>
      <trkpt lat="38.81742" lon="121.14733">
        <ele>47.463478</ele>
        <time>2014-06-29T10:03:39.835000Z</time>
      </trkpt>
      <trkpt lat="38.817333" lon="121.14742">
        <ele>48.424225</ele>
        <time>2014-06-29T10:03:42.978000Z</time>
      </trkpt>
      <trkpt lat="38.817257" lon="121.14754">
        <ele>48.992817</ele>
        <time>2014-06-29T10:03:46.121000Z</time>
      </trkpt>
      <trkpt lat="38.81721" lon="121.14765">
        <ele>48.979088</ele>
        <time>2014-06-29T10:03:49.264000Z</time>
      </trkpt>
      <trkpt lat="38.817204" lon="121.14779">
        <ele>48.419918</ele>
        <time>2014-06-29T10:03:52.407000Z</time>
      </trkpt>
      <trkpt lat="38.817215" lon="121.14791">
        <ele>47.443863</ele>
        <time>2014-06-29T10:03:55.550000Z</time>
      </trkpt>
      <trkpt lat="38.81725" lon="121.14805">
        <ele>46.579357</ele>
        <time>2014-06-29T10:03:58.693000Z</time>
      </trkpt>
      <trkpt lat="38.81731" lon="121.14816">
        <ele>46.885258</ele>
        <time>2014-06-29T10:04:01.836000Z</time>
      </trkpt>
      <trkpt lat="38.81739" lon="121.14824">
        <ele>48.47238</ele>
        <time>2014-06-29T10:04:04.979000Z</time>
      </trkpt>
      <trkpt lat="38.817516" lon="121.148285">
        <ele>49.94462</ele>
        <time>2014-06-29T10:04:08.122000Z</time>
      </trkpt>
      <trkpt lat="38.81762" lon="121.148285">
        <ele>50.16257</ele>
        <time>2014-06-29T10:04:11.265000Z</time>
      </trkpt>
      <trkpt lat="38.817715" lon="121.148285">
        <ele>49.176857</ele>
        <time>2014-06-29T10:04:14.408000Z</time>
      </trkpt>
      <trkpt lat="38.817833" lon="121.14829">
        <ele>47.818375</ele>
        <time>2014-06-29T10:04:17.551000Z</time>
      </trkpt>
      <trkpt lat="38.81793" lon="121.1483">
        <ele>46.914165</ele>
        <time>2014-06-29T10:04:20.694000Z</time>
      </trkpt>
      <trkpt lat="38.81802" lon="121.14831">
        <ele>47.187523</ele>
        <time>2014-06-29T10:04:23.837000Z</time>
      </trkpt>
      <trkpt lat="38.818123" lon="121.148315">
        <ele>48.858555</ele>
        <time>2014-06-29T10:04:26.980000Z</time>
      </trkpt>
      <trkpt lat="38.818222" lon="121.14832">
        <ele>50.898594</ele>
        <time>2014-06-29T10:04:30.123000Z</time>
      </trkpt>
      <trkpt lat="38.818333" lon="121.14832">
        <ele>51.886124</ele>
        <time>2014-06-29T10:04:33.266000Z</time>
      </trkpt>
      <trkpt lat="38.81843" lon="121.14831">
        <ele>51.419178</ele>
        <time>2014-06-29T10:04:36.409000Z</time>
      </trkpt>
      <trkpt lat="38.818516" lon="121.14827">
        <ele>50.185623</ele>
        <time>2014-06-29T10:04:39.552000Z</time>
      </trkpt>
      <trkpt lat="38.81861" lon="121.14817">
        <ele>49.191566</ele>
        <time>2014-06-29T10:04:42.695000Z</time>
      </trkpt>
      <trkpt lat="38.818672" lon="121.148056">
        <ele>48.547276</ele>
        <time>2014-06-29T10:04:45.838000Z</time>
      </trkpt>
      <trkpt lat="38.818703" lon="121.14794">
        <ele>47.65458</ele>
        <time>2014-06-29T10:04:48.981000Z</time>
      </trkpt>
      <trkpt lat="38.818726" lon="121.14779">
        <ele>46.051277</ele>
        <time>2014-06-29T10:04:52.124000Z</time>
      </trkpt>
      <trkpt lat="38.818718" lon="121.14766">
        <ele>43.96259</ele>
        <time>2014-06-29T10:04:55.267000Z</time>
      </trkpt>
      <trkpt lat="38.818676" lon="121.14755">
        <ele>42.008705</ele>
        <time>2014-06-29T10:04:58.410000Z</time>
      </trkpt>
      <trkpt lat="38.818596" lon="121.147446">
        <ele>40.61825</ele>
        <time>2014-06-29T10:05:01.553000Z</time>
      </trkpt>
      <trkpt lat="38.818497" lon="121.147354">
        <ele>40.552856</ele>
        <time>2014-06-29T10:05:04.696000Z</time>
      </trkpt>
      <trkpt lat="38.818382" lon="121.14732">
        <ele>42.731056</ele>
        <time>2014-06-29T10:05:07.839000Z</time>
      </trkpt>
      <trkpt lat="38.81827" lon="121.14733">
        <ele>46.195293</ele>
        <time>2014-06-29T10:05:10.982000Z</time>
      </trkpt>
      <trkpt lat="38.818176" lon="121.14733">
        <ele>48.918156</ele>
        <time>2014-06-29T10:05:14.125000Z</time>
      </trkpt>
      <trkpt lat="38.81807" lon="121.14732">
        <ele>50.19069</ele>
        <time>2014-06-29T10:05:17.268000Z</time>
      </trkpt>
      <trkpt lat="38.81797" lon="121.14732">
        <ele>50.614918</ele>
        <time>2014-06-29T10:05:20.411000Z</time>
      </trkpt>
      <trkpt lat="38.817867" lon="121.147316">
        <ele>50.815567</ele>
        <time>2014-06-29T10:05:23.554000Z</time>
      </trkpt>
      <trkpt lat="38.817764" lon="121.147316">
        <ele>50.979233</ele>
        <time>2014-06-29T10:05:26.697000Z</time>
      </trkpt>
      <trkpt lat="38.81766" lon="121.14731">
        <ele>51.017323</ele>
        <time>2014-06-29T10:05:29.840000Z</time>
      </trkpt>
      <trkpt lat="38.81756" lon="121.14733">
        <ele>50.64207</ele>
        <time>2014-06-29T10:05:32.983000Z</time>
      </trkpt>
      <trkpt lat="38.817467" lon="121.14736">
        <ele>49.62704</ele>
        <time>2014-06-29T10:05:36.126000Z</time>
      </trkpt>
      <trkpt lat="38.81737" lon="121.14742">
        <ele>48.269127</ele>
        <time>2014-06-29T10:05:39.269000Z</time>
      </trkpt>
      <trkpt lat="38.817307" lon="121.147514">
        <ele>47.038815</ele>
        <time>2014-06-29T10:05:42.412000Z</time>
      </trkpt>
      <trkpt lat="38.817986" lon="121.14823">
        <ele>46.481316</ele>
        <time>2014-06-29T10:05:45.555000Z</time>
      </trkpt>
      <trkpt lat="38.818104" lon="121.14823">
        <ele>46.37199</ele>
        <time>2014-06-29T10:05:48.698000Z</time>
      </trkpt>
      <trkpt lat="38.818222" lon="121.14824">
        <ele>46.032974</ele>
        <time>2014-06-29T10:05:51.841000Z</time>
      </trkpt>
      <trkpt lat="38.81834" lon="121.14823">
        <ele>45.604202</ele>
        <time>2014-06-29T10:05:54.984000Z</time>
      </trkpt>
      <trkpt lat="38.818466" lon="121.14822">
        <ele>45.72068</ele>
        <time>2014-06-29T10:05:58.127000Z</time>
      </trkpt>
      <trkpt lat="38.818554" lon="121.14816">
        <ele>45.8391</ele>
        <time>2014-06-29T10:06:01.270000Z</time>
      </trkpt>
      <trkpt lat="38.81862" lon="121.14806">
        <ele>45.51104</ele>
        <time>2014-06-29T10:06:04.413000Z</time>
      </trkpt>
      <trkpt lat="38.81866" lon="121.14796">
        <ele>44.5368</ele>
        <time>2014-06-29T10:06:07.556000Z</time>
      </trkpt>
      <trkpt lat="38.818684" lon="121.147835">
        <ele>43.405544</ele>
        <time>2014-06-29T10:06:10.699000Z</time>
      </trkpt>
      <trkpt lat="38.81868" lon="121.147705">
        <ele>42.866238</ele>
        <time>2014-06-29T10:06:13.842000Z</time>
      </trkpt>
      <trkpt lat="38.818638" lon="121.147575">
        <ele>43.095356</ele>
        <time>2014-06-29T10:06:16.985000Z</time>
      </trkpt>
      <trkpt lat="38.818573" lon="121.14747">
        <ele>43.722763</ele>
        <time>2014-06-29T10:06:20.128000Z</time>
      </trkpt>
      <trkpt lat="38.81849" lon="121.1474">
        <ele>44.985992</ele>
        <time>2014-06-29T10:06:23.271000Z</time>
      </trkpt>
      <trkpt lat="38.81838" lon="121.147354">
        <ele>47.07934</ele>
        <time>2014-06-29T10:06:26.414000Z</time>
      </trkpt>
      <trkpt lat="38.81828" lon="121.14733">
        <ele>48.966297</ele>
        <time>2014-06-29T10:06:29.557000Z</time>
      </trkpt>
      <trkpt lat="38.81818" lon="121.14732">
        <ele>49.904766</ele>
        <time>2014-06-29T10:06:32.700000Z</time>
      </trkpt>
      <trkpt lat="38.818058" lon="121.147316">
        <ele>50.73297</ele>
        <time>2014-06-29T10:06:35.843000Z</time>
      </trkpt>
      <trkpt lat="38.81795" lon="121.14731">
        <ele>51.722855</ele>
        <time>2014-06-29T10:06:38.986000Z</time>
      </trkpt>
      <trkpt lat="38.817833" lon="121.147316">
        <ele>52.10886</ele>
        <time>2014-06-29T10:06:42.129000Z</time>
      </trkpt>
      <trkpt lat="38.817722" lon="121.147316">
        <ele>51.656593</ele>
        <time>2014-06-29T10:06:45.272000Z</time>
      </trkpt>
      <trkpt lat="38.81761" lon="121.1473">
        <ele>50.850178</ele>
        <time>2014-06-29T10:06:48.415000Z</time>
      </trkpt>
      <trkpt lat="38.817505" lon="121.14733">
        <ele>50.07236</ele>
        <time>2014-06-29T10:06:51.558000Z</time>
      </trkpt>
      <trkpt lat="38.817417" lon="121.147385">
        <ele>49.618805</ele>
        <time>2014-06-29T10:06:54.701000Z</time>
      </trkpt>
      <trkpt lat="38.817333" lon="121.147484">
        <ele>49.788177</ele>
        <time>2014-06-29T10:06:57.844000Z</time>
      </trkpt>
      <trkpt lat="38.81727" lon="121.14762">
        <ele>50.607353</ele>
        <time>2014-06-29T10:07:00.987000Z</time>
      </trkpt>
      <trkpt lat="38.817234" lon="121.147766">
        <ele>51.009296</ele>
        <time>2014-06-29T10:07:04.130000Z</time>
      </trkpt>
      <trkpt lat="38.81724" lon="121.14793">
        <ele>50.20841</ele>
        <time>2014-06-29T10:07:07.273000Z</time>
      </trkpt>
      <trkpt lat="38.817284" lon="121.148056">
        <ele>49.077847</ele>
        <time>2014-06-29T10:07:10.416000Z</time>
      </trkpt>
      <trkpt lat="38.81734" lon="121.148155">
        <ele>49.00377</ele>
        <time>2014-06-29T10:07:13.559000Z</time>
      </trkpt>
      <trkpt lat="38.817436" lon="121.14822">
        <ele>50.149796</ele>
        <time>2014-06-29T10:07:16.702000Z</time>
      </trkpt>
      <trkpt lat="38.817528" lon="121.14824">
        <ele>51.357986</ele>
        <time>2014-06-29T10:07:19.845000Z</time>
      </trkpt>
      <trkpt lat="38.81765" lon="121.14825">
        <ele>51.572037</ele>
        <time>2014-06-29T10:07:22.988000Z</time>
      </trkpt>
      <trkpt lat="38.817753" lon="121.14825">
        <ele>50.570137</ele>
        <time>2014-06-29T10:07:26.131000Z</time>
      </trkpt>
      <trkpt lat="38.817844" lon="121.14824">
        <ele>48.58494</ele>
        <time>2014-06-29T10:07:29.274000Z</time>
      </trkpt>
      <trkpt lat="38.81795" lon="121.14825">
        <ele>46.519897</ele>
        <time>2014-06-29T10:07:32.417000Z</time>
      </trkpt>
      <trkpt lat="38.81805" lon="121.14826">
        <ele>46.030647</ele>
        <time>2014-06-29T10:07:35.560000Z</time>
      </trkpt>
      <trkpt lat="38.818157" lon="121.14828">
        <ele>47.60392</ele>
        <time>2014-06-29T10:07:38.703000Z</time>
      </trkpt>
      <trkpt lat="38.818256" lon="121.14828">
        <ele>49.5607</ele>
        <time>2014-06-29T10:07:41.846000Z</time>
      </trkpt>
      <trkpt lat="38.818382" lon="121.14828">
        <ele>50.098362</ele>
        <time>2014-06-29T10:07:44.989000Z</time>
      </trkpt>
      <trkpt lat="38.818485" lon="121.14825">
        <ele>49.241795</ele>
        <time>2014-06-29T10:07:48.132000Z</time>
      </trkpt>
      <trkpt lat="38.818584" lon="121.14816">
        <ele>47.81925</ele>
        <time>2014-06-29T10:07:51.275000Z</time>
      </trkpt>
      <trkpt lat="38.81865" lon="121.148056">
        <ele>46.60488</ele>
        <time>2014-06-29T10:07:54.418000Z</time>
      </trkpt>
      <trkpt lat="38.818707" lon="121.14793">
        <ele>46.050358</ele>
        <time>2014-06-29T10:07:57.561000Z</time>
      </trkpt>
      <trkpt lat="38.81873" lon="121.14778">
        <ele>46.132298</ele>
        <time>2014-06-29T10:08:00.704000Z</time>
      </trkpt>
      <trkpt lat="38.818707" lon="121.147644">
        <ele>46.433243</ele>
        <time>2014-06-29T10:08:03.847000Z</time>
      </trkpt>
      <trkpt lat="38.81864" lon="121.14753">
        <ele>46.6801</ele>
        <time>2014-06-29T10:08:06.990000Z</time>
      </trkpt>
      <trkpt lat="38.81856" lon="121.14743">
        <ele>47.019855</ele>
        <time>2014-06-29T10:08:10.133000Z</time>
      </trkpt>
      <trkpt lat="38.81848" lon="121.14736">
        <ele>47.649395</ele>
        <time>2014-06-29T10:08:13.276000Z</time>
      </trkpt>
      <trkpt lat="38.818394" lon="121.14734">
        <ele>48.108215</ele>
        <time>2014-06-29T10:08:16.419000Z</time>
      </trkpt>
      <trkpt lat="38.818287" lon="121.14734">
        <ele>47.98181</ele>
        <time>2014-06-29T10:08:19.562000Z</time>
      </trkpt>
      <trkpt lat="38.81819" lon="121.14732">
        <ele>47.717358</ele>
        <time>2014-06-29T10:08:22.705000Z</time>
      </trkpt>
      <trkpt lat="38.818092" lon="121.14732">
        <ele>47.781895</ele>
        <time>2014-06-29T10:08:25.848000Z</time>
      </trkpt>
      <trkpt lat="38.817986" lon="121.147316">
        <ele>48.03768</ele>
        <time>2014-06-29T10:08:28.991000Z</time>
      </trkpt>
      <trkpt lat="38.817883" lon="121.14732">
        <ele>48.218616</ele>
        <time>2014-06-29T10:08:32.134000Z</time>
      </trkpt>
      <trkpt lat="38.817772" lon="121.147316">
        <ele>48.669666</ele>
        <time>2014-06-29T10:08:35.277000Z</time>
      </trkpt>
      <trkpt lat="38.817665" lon="121.147316">
        <ele>49.64822</ele>
        <time>2014-06-29T10:08:38.420000Z</time>
      </trkpt>
      <trkpt lat="38.81755" lon="121.14732">
        <ele>50.59223</ele>
        <time>2014-06-29T10:08:41.563000Z</time>
      </trkpt>
      <trkpt lat="38.81745" lon="121.14736">
        <ele>50.935616</ele>
        <time>2014-06-29T10:08:44.706000Z</time>
      </trkpt>
      <trkpt lat="38.817352" lon="121.14745">
        <ele>50.81361</ele>
        <time>2014-06-29T10:08:47.849000Z</time>
      </trkpt>
      <trkpt lat="38.817276" lon="121.14756">
        <ele>50.520756</ele>
        <time>2014-06-29T10:08:50.992000Z</time>
      </trkpt>
      <trkpt lat="38.81724" lon="121.14769">
        <ele>50.353683</ele>
        <time>2014-06-29T10:08:54.135000Z</time>
      </trkpt>
      <trkpt lat="38.817238" lon="121.14786">
        <ele>50.45065</ele>
        <time>2014-06-29T10:08:57.278000Z</time>
      </trkpt>
      <trkpt lat="38.81726" lon="121.147995">
        <ele>50.81711</ele>
        <time>2014-06-29T10:09:00.421000Z</time>
      </trkpt>
      <trkpt lat="38.817307" lon="121.14811">
        <ele>51.338287</ele>
        <time>2014-06-29T10:09:03.564000Z</time>
      </trkpt>
      <trkpt lat="38.81739" lon="121.14819">
        <ele>51.54323</ele>
        <time>2014-06-29T10:09:06.707000Z</time>
      </trkpt>
      <trkpt lat="38.81748" lon="121.14824">
        <ele>50.889877</ele>
        <time>2014-06-29T10:09:09.850000Z</time>
      </trkpt>
      <trkpt lat="38.81758" lon="121.148254">
        <ele>49.546444</ele>
        <time>2014-06-29T10:09:12.993000Z</time>
      </trkpt>
      <trkpt lat="38.817677" lon="121.14825">
        <ele>48.24422</ele>
        <time>2014-06-29T10:09:16.136000Z</time>
      </trkpt>
      <trkpt lat="38.81779" lon="121.14825">
        <ele>47.515316</ele>
        <time>2014-06-29T10:09:19.279000Z</time>
      </trkpt>
      <trkpt lat="38.817898" lon="121.148254">
        <ele>47.385506</ele>
        <time>2014-06-29T10:09:22.422000Z</time>
      </trkpt>
      <trkpt lat="38.817997" lon="121.14827">
        <ele>47.583138</ele>
        <time>2014-06-29T10:09:25.565000Z</time>
      </trkpt>
      <trkpt lat="38.81812" lon="121.14827">
        <ele>47.772736</ele>
        <time>2014-06-29T10:09:28.708000Z</time>
      </trkpt>
      <trkpt lat="38.818226" lon="121.14828">
        <ele>47.778828</ele>
        <time>2014-06-29T10:09:31.851000Z</time>
      </trkpt>
      <trkpt lat="38.81834" lon="121.148285">
        <ele>47.703117</ele>
        <time>2014-06-29T10:09:34.994000Z</time>
      </trkpt>
      <trkpt lat="38.81844" lon="121.14826">
        <ele>48.062744</ele>
        <time>2014-06-29T10:09:38.137000Z</time>
      </trkpt>
      <trkpt lat="38.81853" lon="121.148224">
        <ele>49.196045</ele>
        <time>2014-06-29T10:09:41.280000Z</time>
      </trkpt>
      <trkpt lat="38.81861" lon="121.14813">
        <ele>50.53214</ele>
        <time>2014-06-29T10:09:44.423000Z</time>
      </trkpt>
      <trkpt lat="38.818676" lon="121.147995">
        <ele>51.16349</ele>
        <time>2014-06-29T10:09:47.566000Z</time>
      </trkpt>
      <trkpt lat="38.81871" lon="121.14785">
        <ele>50.475727</ele>
        <time>2014-06-29T10:09:50.709000Z</time>
      </trkpt>
      <trkpt lat="38.818714" lon="121.147705">
        <ele>48.54315</ele>
        <time>2014-06-29T10:09:53.852000Z</time>
      </trkpt>
      <trkpt lat="38.818676" lon="121.14759">
        <ele>46.476204</ele>
        <time>2014-06-29T10:09:56.995000Z</time>
      </trkpt>
      <trkpt lat="38.81861" lon="121.147484">
        <ele>44.889164</ele>
        <time>2014-06-29T10:10:00.138000Z</time>
      </trkpt>
      <trkpt lat="38.8185" lon="121.14738">
        <ele>43.528515</ele>
        <time>2014-06-29T10:10:03.281000Z</time>
      </trkpt>
      <trkpt lat="38.8184" lon="121.14734">
        <ele>42.946724</ele>
        <time>2014-06-29T10:10:06.424000Z</time>
      </trkpt>
      <trkpt lat="38.818302" lon="121.14734">
        <ele>43.9681</ele>
        <time>2014-06-29T10:10:09.567000Z</time>
      </trkpt>
      <trkpt lat="38.81819" lon="121.14734">
        <ele>46.02559</ele>
        <time>2014-06-29T10:10:12.710000Z</time>
      </trkpt>
      <trkpt lat="38.818077" lon="121.14734">
        <ele>47.939346</ele>
        <time>2014-06-29T10:10:15.853000Z</time>
      </trkpt>
      <trkpt lat="38.817974" lon="121.14734">
        <ele>49.136513</ele>
        <time>2014-06-29T10:10:18.996000Z</time>
      </trkpt>
      <trkpt lat="38.817863" lon="121.14733">
        <ele>49.61496</ele>
        <time>2014-06-29T10:10:22.139000Z</time>
      </trkpt>
      <trkpt lat="38.817753" lon="121.14732">
        <ele>49.487377</ele>
        <time>2014-06-29T10:10:25.282000Z</time>
      </trkpt>
      <trkpt lat="38.81765" lon="121.14732">
        <ele>48.97031</ele>
        <time>2014-06-29T10:10:28.425000Z</time>
      </trkpt>
      <trkpt lat="38.81754" lon="121.147316">
        <ele>48.458187</ele>
        <time>2014-06-29T10:10:31.568000Z</time>
      </trkpt>
      <trkpt lat="38.81744" lon="121.14737">
        <ele>48.717075</ele>
        <time>2014-06-29T10:10:34.711000Z</time>
      </trkpt>
      <trkpt lat="38.817352" lon="121.147446">
        <ele>50.033836</ele>
        <time>2014-06-29T10:10:37.854000Z</time>
      </trkpt>
      <trkpt lat="38.81729" lon="121.14754">
        <ele>51.48343</ele>
        <time>2014-06-29T10:10:40.997000Z</time>
      </trkpt>
      <trkpt lat="38.817238" lon="121.14764">
        <ele>51.93934</ele>
        <time>2014-06-29T10:10:44.140000Z</time>
      </trkpt>
      <trkpt lat="38.81722" lon="121.147766">
        <ele>51.25269</ele>
        <time>2014-06-29T10:10:47.283000Z</time>
      </trkpt>
      <trkpt lat="38.81724" lon="121.1479">
        <ele>49.588436</ele>
        <time>2014-06-29T10:10:50.426000Z</time>
      </trkpt>
      <trkpt lat="38.817276" lon="121.14805">
        <ele>47.44625</ele>
        <time>2014-06-29T10:10:53.569000Z</time>
      </trkpt>
      <trkpt lat="38.817345" lon="121.14815">
        <ele>45.941517</ele>
        <time>2014-06-29T10:10:56.712000Z</time>
      </trkpt>
      <trkpt lat="38.817432" lon="121.14822">
        <ele>45.79025</ele>
        <time>2014-06-29T10:10:59.855000Z</time>
      </trkpt>
      <trkpt lat="38.817547" lon="121.14824">
        <ele>46.3503</ele>
        <time>2014-06-29T10:11:02.998000Z</time>
      </trkpt>
      <trkpt lat="38.817657" lon="121.14826">
        <ele>46.835934</ele>
        <time>2014-06-29T10:11:06.141000Z</time>
      </trkpt>
      <trkpt lat="38.81777" lon="121.14826">
        <ele>47.342335</ele>
        <time>2014-06-29T10:11:09.284000Z</time>
      </trkpt>
      <trkpt lat="38.817867" lon="121.14826">
        <ele>48.38746</ele>
        <time>2014-06-29T10:11:12.427000Z</time>
      </trkpt>
      <trkpt lat="38.817963" lon="121.14827">
        <ele>49.81666</ele>
        <time>2014-06-29T10:11:15.570000Z</time>
      </trkpt>
      <trkpt lat="38.81807" lon="121.14828">
        <ele>50.665165</ele>
        <time>2014-06-29T10:11:18.713000Z</time>
      </trkpt>
      <trkpt lat="38.818176" lon="121.148285">
        <ele>50.304134</ele>
        <time>2014-06-29T10:11:21.856000Z</time>
      </trkpt>
      <trkpt lat="38.818306" lon="121.14829">
        <ele>49.321896</ele>
        <time>2014-06-29T10:11:24.999000Z</time>
      </trkpt>
      <trkpt lat="38.81842" lon="121.14828">
        <ele>48.65467</ele>
        <time>2014-06-29T10:11:28.142000Z</time>
      </trkpt>
      <trkpt lat="38.818535" lon="121.14821">
        <ele>48.58549</ele>
        <time>2014-06-29T10:11:31.285000Z</time>
      </trkpt>
      <trkpt lat="38.818615" lon="121.1481">
        <ele>48.463665</ele>
        <time>2014-06-29T10:11:34.428000Z</time>
      </trkpt>
      <trkpt lat="38.818684" lon="121.14798">
        <ele>47.659206</ele>
        <time>2014-06-29T10:11:37.571000Z</time>
      </trkpt>
      <trkpt lat="38.81871" lon="121.14784">
        <ele>46.34368</ele>
        <time>2014-06-29T10:11:40.714000Z</time>
      </trkpt>
      <trkpt lat="38.818707" lon="121.147705">
        <ele>45.072697</ele>
        <time>2014-06-29T10:11:43.857000Z</time>
      </trkpt>
      <trkpt lat="38.818672" lon="121.14756">
        <ele>44.267937</ele>
        <time>2014-06-29T10:11:47Z</time>
      </trkpt>
      <trkpt lat="38.818604" lon="121.14745">
        <ele>44.47304</ele>
        <time>2014-06-29T10:11:50.143000Z</time>
      </trkpt>
      <trkpt lat="38.81853" lon="121.14737">
        <ele>45.829643</ele>
        <time>2014-06-29T10:11:53.286000Z</time>
      </trkpt>
      <trkpt lat="38.81844" lon="121.14734">
        <ele>47.53156</ele>
        <time>2014-06-29T10:11:56.429000Z</time>
      </trkpt>
      <trkpt lat="38.818336" lon="121.14733">
        <ele>48.709717</ele>
        <time>2014-06-29T10:11:59.572000Z</time>
      </trkpt>
      <trkpt lat="38.818214" lon="121.14732">
        <ele>49.337593</ele>
        <time>2014-06-29T10:12:02.715000Z</time>
      </trkpt>
      <trkpt lat="38.818096" lon="121.14733">
        <ele>49.624622</ele>
        <time>2014-06-29T10:12:05.858000Z</time>
      </trkpt>
      <trkpt lat="38.81797" lon="121.14732">
        <ele>49.544907</ele>
        <time>2014-06-29T10:12:09.001000Z</time>
      </trkpt>
      <trkpt lat="38.817867" lon="121.147316">
        <ele>48.963524</ele>
        <time>2014-06-29T10:12:12.144000Z</time>
      </trkpt>
      <trkpt lat="38.81776" lon="121.14731">
        <ele>48.051796</ele>
        <time>2014-06-29T10:12:15.287000Z</time>
      </trkpt>
      <trkpt lat="38.81767" lon="121.1473">
        <ele>47.28462</ele>
        <time>2014-06-29T10:12:18.430000Z</time>
      </trkpt>
      <trkpt lat="38.817566" lon="121.14731">
        <ele>47.241024</ele>
        <time>2014-06-29T10:12:21.573000Z</time>
      </trkpt>
      <trkpt lat="38.81748" lon="121.14735">
        <ele>48.10406</ele>
        <time>2014-06-29T10:12:24.716000Z</time>
      </trkpt>
      <trkpt lat="38.817394" lon="121.147415">
        <ele>49.349205</ele>
        <time>2014-06-29T10:12:27.859000Z</time>
      </trkpt>
      <trkpt lat="38.81731" lon="121.14753">
        <ele>50.31939</ele>
        <time>2014-06-29T10:12:31.002000Z</time>
      </trkpt>
      <trkpt lat="38.817257" lon="121.14767">
        <ele>50.543392</ele>
        <time>2014-06-29T10:12:34.145000Z</time>
      </trkpt>
      <trkpt lat="38.81723" lon="121.14783">
        <ele>49.82071</ele>
        <time>2014-06-29T10:12:37.288000Z</time>
      </trkpt>
      <trkpt lat="38.817245" lon="121.14796">
        <ele>48.659813</ele>
        <time>2014-06-29T10:12:40.431000Z</time>
      </trkpt>
      <trkpt lat="38.817295" lon="121.14806">
        <ele>47.785843</ele>
        <time>2014-06-29T10:12:43.574000Z</time>
      </trkpt>
      <trkpt lat="38.81737" lon="121.14818">
        <ele>47.595215</ele>
        <time>2014-06-29T10:12:46.717000Z</time>
      </trkpt>
      <trkpt lat="38.81748" lon="121.14824">
        <ele>48.0169</ele>
        <time>2014-06-29T10:12:49.860000Z</time>
      </trkpt>
      <trkpt lat="38.817593" lon="121.148254">
        <ele>48.160557</ele>
        <time>2014-06-29T10:12:53.003000Z</time>
      </trkpt>
      <trkpt lat="38.817707" lon="121.148254">
        <ele>47.4105</ele>
        <time>2014-06-29T10:12:56.146000Z</time>
      </trkpt>
      <trkpt lat="38.817802" lon="121.148254">
        <ele>46.528683</ele>
        <time>2014-06-29T10:12:59.289000Z</time>
      </trkpt>
      <trkpt lat="38.81791" lon="121.148254">
        <ele>46.403397</ele>
        <time>2014-06-29T10:13:02.432000Z</time>
      </trkpt>
      <trkpt lat="38.81802" lon="121.148254">
        <ele>46.76637</ele>
        <time>2014-06-29T10:13:05.575000Z</time>
      </trkpt>
      <trkpt lat="38.818134" lon="121.14826">
        <ele>46.683403</ele>
        <time>2014-06-29T10:13:08.718000Z</time>
      </trkpt>
      <trkpt lat="38.818233" lon="121.14827">
        <ele>45.82004</ele>
        <time>2014-06-29T10:13:11.861000Z</time>
      </trkpt>
      <trkpt lat="38.818348" lon="121.14828">
        <ele>44.725636</ele>
        <time>2014-06-29T10:13:15.004000Z</time>
      </trkpt>
      <trkpt lat="38.818447" lon="121.148254">
        <ele>44.00308</ele>
        <time>2014-06-29T10:13:18.147000Z</time>
      </trkpt>
      <trkpt lat="38.81855" lon="121.148186">
        <ele>43.81685</ele>
        <time>2014-06-29T10:13:21.290000Z</time>
      </trkpt>
      <trkpt lat="38.81861" lon="121.148094">
        <ele>44.813145</ele>
        <time>2014-06-29T10:13:24.433000Z</time>
      </trkpt>
      <trkpt lat="38.81867" lon="121.14798">
        <ele>47.198032</ele>
        <time>2014-06-29T10:13:27.576000Z</time>
      </trkpt>
      <trkpt lat="38.818687" lon="121.14785">
        <ele>49.565323</ele>
        <time>2014-06-29T10:13:30.719000Z</time>
      </trkpt>
      <trkpt lat="38.818687" lon="121.14769">
        <ele>50.127884</ele>
        <time>2014-06-29T10:13:33.862000Z</time>
      </trkpt>
      <trkpt lat="38.818653" lon="121.14757">
        <ele>48.88565</ele>
        <time>2014-06-29T10:13:37.005000Z</time>
      </trkpt>
      <trkpt lat="38.81859" lon="121.14747">
        <ele>47.167248</ele>
        <time>2014-06-29T10:13:40.148000Z</time>
      </trkpt>
      <trkpt lat="38.818504" lon="121.14738">
        <ele>46.05321</ele>
        <time>2014-06-29T10:13:43.291000Z</time>
      </trkpt>
      <trkpt lat="38.818398" lon="121.14732">
        <ele>46.07126</ele>
        <time>2014-06-29T10:13:46.434000Z</time>
      </trkpt>
      <trkpt lat="38.818302" lon="121.14733">
        <ele>47.640205</ele>
        <time>2014-06-29T10:13:49.577000Z</time>
      </trkpt>
      <trkpt lat="38.8182" lon="121.14732">
        <ele>49.98759</ele>
        <time>2014-06-29T10:13:52.720000Z</time>
      </trkpt>
      <trkpt lat="38.818096" lon="121.14732">
        <ele>51.766495</ele>
        <time>2014-06-29T10:13:55.863000Z</time>
      </trkpt>
      <trkpt lat="38.81799" lon="121.147316">
        <ele>52.577034</ele>
        <time>2014-06-29T10:13:59.006000Z</time>
      </trkpt>
      <trkpt lat="38.81787" lon="121.14731">
        <ele>52.75616</ele>
        <time>2014-06-29T10:14:02.149000Z</time>
      </trkpt>
      <trkpt lat="38.817753" lon="121.14729">
        <ele>52.27142</ele>
        <time>2014-06-29T10:14:05.292000Z</time>
      </trkpt>
      <trkpt lat="38.81765" lon="121.1473">
        <ele>50.66694</ele>
        <time>2014-06-29T10:14:08.435000Z</time>
      </trkpt>
      <trkpt lat="38.817535" lon="121.14731">
        <ele>48.340794</ele>
        <time>2014-06-29T10:14:11.578000Z</time>
      </trkpt>
      <trkpt lat="38.81744" lon="121.14736">
        <ele>46.702415</ele>
        <time>2014-06-29T10:14:14.721000Z</time>
      </trkpt>
      <trkpt lat="38.817356" lon="121.14748">
        <ele>46.7207</ele>
        <time>2014-06-29T10:14:17.864000Z</time>
      </trkpt>
      <trkpt lat="38.817307" lon="121.14759">
        <ele>48.17219</ele>
        <time>2014-06-29T10:14:21.007000Z</time>
      </trkpt>
      <trkpt lat="38.81726" lon="121.14774">
        <ele>49.954243</ele>
        <time>2014-06-29T10:14:24.150000Z</time>
      </trkpt>
      <trkpt lat="38.817272" lon="121.14788">
        <ele>50.437008</ele>
        <time>2014-06-29T10:14:27.293000Z</time>
      </trkpt>
      <trkpt lat="38.817303" lon="121.148026">
        <ele>49.05562</ele>
        <time>2014-06-29T10:14:30.436000Z</time>
      </trkpt>
      <trkpt lat="38.817352" lon="121.14812">
        <ele>47.108345</ele>
        <time>2014-06-29T10:14:33.579000Z</time>
      </trkpt>
      <trkpt lat="38.81744" lon="121.14819">
        <ele>46.054882</ele>
        <time>2014-06-29T10:14:36.722000Z</time>
      </trkpt>
      <trkpt lat="38.81753" lon="121.14823">
        <ele>46.12104</ele>
        <time>2014-06-29T10:14:39.865000Z</time>
      </trkpt>
      <trkpt lat="38.817627" lon="121.14825">
        <ele>46.799694</ele>
        <time>2014-06-29T10:14:43.008000Z</time>
      </trkpt>
      <trkpt lat="38.817726" lon="121.14826">
        <ele>47.416794</ele>
        <time>2014-06-29T10:14:46.151000Z</time>
      </trkpt>
      <trkpt lat="38.81782" lon="121.14827">
        <ele>47.360504</ele>
        <time>2014-06-29T10:14:49.294000Z</time>
      </trkpt>
      <trkpt lat="38.817924" lon="121.14827">
        <ele>46.803375</ele>
        <time>2014-06-29T10:14:52.437000Z</time>
      </trkpt>
      <trkpt lat="38.818024" lon="121.14827">
        <ele>46.42295</ele>
        <time>2014-06-29T10:14:55.580000Z</time>
      </trkpt>
      <trkpt lat="38.81813" lon="121.14826">
        <ele>46.438976</ele>
        <time>2014-06-29T10:14:58.723000Z</time>
      </trkpt>
      <trkpt lat="38.818226" lon="121.14828">
        <ele>46.53808</ele>
        <time>2014-06-29T10:15:01.866000Z</time>
      </trkpt>
      <trkpt lat="38.81834" lon="121.148285">
        <ele>46.840122</ele>
        <time>2014-06-29T10:15:05.009000Z</time>
      </trkpt>
      <trkpt lat="38.81844" lon="121.14827">
        <ele>47.18153</ele>
        <time>2014-06-29T10:15:08.152000Z</time>
      </trkpt>
      <trkpt lat="38.818527" lon="121.148224">
        <ele>47.221153</ele>
        <time>2014-06-29T10:15:11.295000Z</time>
      </trkpt>
      <trkpt lat="38.81861" lon="121.14813">
        <ele>47.08158</ele>
        <time>2014-06-29T10:15:14.438000Z</time>
      </trkpt>
      <trkpt lat="38.818687" lon="121.14799">
        <ele>47.103764</ele>
        <time>2014-06-29T10:15:17.581000Z</time>
      </trkpt>
      <trkpt lat="38.818714" lon="121.147865">
        <ele>47.253353</ele>
        <time>2014-06-29T10:15:20.724000Z</time>
      </trkpt>
      <trkpt lat="38.81872" lon="121.14773">
        <ele>47.489285</ele>
        <time>2014-06-29T10:15:23.867000Z</time>
      </trkpt>
      <trkpt lat="38.81869" lon="121.147606">
        <ele>47.654266</ele>
        <time>2014-06-29T10:15:27.010000Z</time>
      </trkpt>
      <trkpt lat="38.81863" lon="121.1475">
        <ele>47.505005</ele>
        <time>2014-06-29T10:15:30.153000Z</time>
      </trkpt>
      <trkpt lat="38.81856" lon="121.147415">
        <ele>47.20958</ele>
        <time>2014-06-29T10:15:33.296000Z</time>
      </trkpt>
      <trkpt lat="38.81847" lon="121.14736">
        <ele>47.484245</ele>
        <time>2014-06-29T10:15:36.439000Z</time>
      </trkpt>
      <trkpt lat="38.818363" lon="121.14732">
        <ele>48.400978</ele>
        <time>2014-06-29T10:15:39.582000Z</time>
      </trkpt>
      <trkpt lat="38.818256" lon="121.14732">
        <ele>49.465473</ele>
        <time>2014-06-29T10:15:42.725000Z</time>
      </trkpt>
      <trkpt lat="38.818157" lon="121.14732">
        <ele>50.28784</ele>
        <time>2014-06-29T10:15:45.868000Z</time>
      </trkpt>
      <trkpt lat="38.81805" lon="121.14732">
        <ele>50.52408</ele>
        <time>2014-06-29T10:15:49.011000Z</time>
      </trkpt>
      <trkpt lat="38.81795" lon="121.147316">
        <ele>49.965508</ele>
        <time>2014-06-29T10:15:52.154000Z</time>
      </trkpt>
      <trkpt lat="38.81785" lon="121.147316">
        <ele>48.655075</ele>
        <time>2014-06-29T10:15:55.297000Z</time>
      </trkpt>
      <trkpt lat="38.817734" lon="121.14731">
        <ele>47.095432</ele>
        <time>2014-06-29T10:15:58.440000Z</time>
      </trkpt>
      <trkpt lat="38.81764" lon="121.1473">
        <ele>46.935364</ele>
        <time>2014-06-29T10:16:01.583000Z</time>
      </trkpt>
      <trkpt lat="38.81754" lon="121.14731">
        <ele>48.879036</ele>
        <time>2014-06-29T10:16:04.726000Z</time>
      </trkpt>
      <trkpt lat="38.817432" lon="121.147354">
        <ele>51.748512</ele>
        <time>2014-06-29T10:16:07.869000Z</time>
      </trkpt>
      <trkpt lat="38.81734" lon="121.147446">
        <ele>54.217575</ele>
        <time>2014-06-29T10:16:11.012000Z</time>
      </trkpt>
      <trkpt lat="38.817272" lon="121.14757">
        <ele>55.09189</ele>
        <time>2014-06-29T10:16:14.155000Z</time>
      </trkpt>
      <trkpt lat="38.817238" lon="121.14769">
        <ele>53.902744</ele>
        <time>2014-06-29T10:16:17.298000Z</time>
      </trkpt>
      <trkpt lat="38.817234" lon="121.14783">
        <ele>52.191017</ele>
        <time>2014-06-29T10:16:20.441000Z</time>
      </trkpt>
      <trkpt lat="38.817253" lon="121.147964">
        <ele>51.332726</ele>
        <time>2014-06-29T10:16:23.584000Z</time>
      </trkpt>
      <trkpt lat="38.817303" lon="121.148094">
        <ele>50.957455</ele>
        <time>2014-06-29T10:16:26.727000Z</time>
      </trkpt>
      <trkpt lat="38.817368" lon="121.148186">
        <ele>50.26834</ele>
        <time>2014-06-29T10:16:29.870000Z</time>
      </trkpt>
      <trkpt lat="38.81747" lon="121.148224">
        <ele>49.187984</ele>
        <time>2014-06-29T10:16:33.013000Z</time>
      </trkpt>
      <trkpt lat="38.817554" lon="121.14826">
        <ele>47.99194</ele>
        <time>2014-06-29T10:16:36.156000Z</time>
      </trkpt>
      <trkpt lat="38.817673" lon="121.148254">
        <ele>46.75909</ele>
        <time>2014-06-29T10:16:39.299000Z</time>
      </trkpt>
      <trkpt lat="38.817772" lon="121.148254">
        <ele>45.84619</ele>
        <time>2014-06-29T10:16:42.442000Z</time>
      </trkpt>
      <trkpt lat="38.817867" lon="121.14826">
        <ele>45.722706</ele>
        <time>2014-06-29T10:16:45.585000Z</time>
      </trkpt>
      <trkpt lat="38.817963" lon="121.14827">
        <ele>46.409313</ele>
        <time>2014-06-29T10:16:48.728000Z</time>
      </trkpt>
      <trkpt lat="38.818092" lon="121.14828">
        <ele>47.763294</ele>
        <time>2014-06-29T10:16:51.871000Z</time>
      </trkpt>
      <trkpt lat="38.81819" lon="121.148285">
        <ele>49.39259</ele>
        <time>2014-06-29T10:16:55.014000Z</time>
      </trkpt>
      <trkpt lat="38.818306" lon="121.14829">
        <ele>50.302437</ele>
        <time>2014-06-29T10:16:58.157000Z</time>
      </trkpt>
      <trkpt lat="38.818424" lon="121.14827">
        <ele>50.04666</ele>
        <time>2014-06-29T10:17:01.300000Z</time>
      </trkpt>
      <trkpt lat="38.81852" lon="121.14822">
        <ele>49.48313</ele>
        <time>2014-06-29T10:17:04.443000Z</time>
      </trkpt>
      <trkpt lat="38.818607" lon="121.148125">
        <ele>49.400574</ele>
        <time>2014-06-29T10:17:07.586000Z</time>
      </trkpt>
      <trkpt lat="38.81867" lon="121.14802">
        <ele>49.273544</ele>
        <time>2014-06-29T10:17:10.729000Z</time>
      </trkpt>
      <trkpt lat="38.818695" lon="121.14788">
        <ele>48.456512</ele>
        <time>2014-06-29T10:17:13.872000Z</time>
      </trkpt>
      <trkpt lat="38.818695" lon="121.147736">
        <ele>47.446507</ele>
        <time>2014-06-29T10:17:17.015000Z</time>
      </trkpt>
      <trkpt lat="38.81867" lon="121.14761">
        <ele>46.901558</ele>
        <time>2014-06-29T10:17:20.158000Z</time>
      </trkpt>
      <trkpt lat="38.818615" lon="121.14751">
        <ele>46.67716</ele>
        <time>2014-06-29T10:17:23.301000Z</time>
      </trkpt>
      <trkpt lat="38.818542" lon="121.14743">
        <ele>46.501656</ele>
        <time>2014-06-29T10:17:26.444000Z</time>
      </trkpt>
      <trkpt lat="38.818428" lon="121.14737">
        <ele>46.548176</ele>
        <time>2014-06-29T10:17:29.587000Z</time>
      </trkpt>
      <trkpt lat="38.818333" lon="121.14734">
        <ele>47.256535</ele>
        <time>2014-06-29T10:17:32.730000Z</time>
      </trkpt>
      <trkpt lat="38.818233" lon="121.14735">
        <ele>48.714672</ele>
        <time>2014-06-29T10:17:35.873000Z</time>
      </trkpt>
      <trkpt lat="38.818134" lon="121.14735">
        <ele>50.299908</ele>
        <time>2014-06-29T10:17:39.016000Z</time>
      </trkpt>
      <trkpt lat="38.81803" lon="121.14733">
        <ele>51.28904</ele>
        <time>2014-06-29T10:17:42.159000Z</time>
      </trkpt>
      <trkpt lat="38.81793" lon="121.14733">
        <ele>51.9983</ele>
        <time>2014-06-29T10:17:45.302000Z</time>
      </trkpt>
      <trkpt lat="38.817818" lon="121.14733">
        <ele>53.02259</ele>
        <time>2014-06-29T10:17:48.445000Z</time>
      </trkpt>
      <trkpt lat="38.817715" lon="121.14732">
        <ele>53.70774</ele>
        <time>2014-06-29T10:17:51.588000Z</time>
      </trkpt>
      <trkpt lat="38.817623" lon="121.147316">
        <ele>53.28007</ele>
        <time>2014-06-29T10:17:54.731000Z</time>
      </trkpt>
      <trkpt lat="38.817528" lon="121.14732">
        <ele>52.38212</ele>
        <time>2014-06-29T10:17:57.874000Z</time>
      </trkpt>
      <trkpt lat="38.81742" lon="121.147385">
        <ele>51.915512</ele>
        <time>2014-06-29T10:18:01.017000Z</time>
      </trkpt>
      <trkpt lat="38.817345" lon="121.147484">
        <ele>52.03876</ele>
        <time>2014-06-29T10:18:04.160000Z</time>
      </trkpt>
      <trkpt lat="38.81729" lon="121.14761">
        <ele>52.424477</ele>
        <time>2014-06-29T10:18:07.303000Z</time>
      </trkpt>
      <trkpt lat="38.817265" lon="121.14776">
        <ele>52.745747</ele>
        <time>2014-06-29T10:18:10.446000Z</time>
      </trkpt>
      <trkpt lat="38.81729" lon="121.147896">
        <ele>52.869434</ele>
        <time>2014-06-29T10:18:13.589000Z</time>
      </trkpt>
      <trkpt lat="38.81731" lon="121.14803">
        <ele>52.76945</ele>
        <time>2014-06-29T10:18:16.732000Z</time>
      </trkpt>
      <trkpt lat="38.817383" lon="121.14815">
        <ele>51.873398</ele>
        <time>2014-06-29T10:18:19.875000Z</time>
      </trkpt>
      <trkpt lat="38.817493" lon="121.14822">
        <ele>50.007397</ele>
        <time>2014-06-29T10:18:23.018000Z</time>
      </trkpt>
      <trkpt lat="38.817604" lon="121.14823">
        <ele>48.348145</ele>
        <time>2014-06-29T10:18:26.161000Z</time>
      </trkpt>
      <trkpt lat="38.81771" lon="121.14824">
        <ele>47.850216</ele>
        <time>2014-06-29T10:18:29.304000Z</time>
      </trkpt>
      <trkpt lat="38.817818" lon="121.14825">
        <ele>47.89527</ele>
        <time>2014-06-29T10:18:32.447000Z</time>
      </trkpt>
      <trkpt lat="38.817917" lon="121.148254">
        <ele>47.425076</ele>
        <time>2014-06-29T10:18:35.590000Z</time>
      </trkpt>
      <trkpt lat="38.81803" lon="121.148254">
        <ele>46.60285</ele>
        <time>2014-06-29T10:18:38.733000Z</time>
      </trkpt>
      <trkpt lat="38.818134" lon="121.148254">
        <ele>46.391403</ele>
        <time>2014-06-29T10:18:41.876000Z</time>
      </trkpt>
      <trkpt lat="38.818237" lon="121.14826">
        <ele>46.99898</ele>
        <time>2014-06-29T10:18:45.019000Z</time>
      </trkpt>
      <trkpt lat="38.81835" lon="121.14826">
        <ele>47.90026</ele>
        <time>2014-06-29T10:18:48.162000Z</time>
      </trkpt>
      <trkpt lat="38.818455" lon="121.148254">
        <ele>48.61224</ele>
        <time>2014-06-29T10:18:51.305000Z</time>
      </trkpt>
      <trkpt lat="38.81854" lon="121.1482">
        <ele>48.812595</ele>
        <time>2014-06-29T10:18:54.448000Z</time>
      </trkpt>
      <trkpt lat="38.818626" lon="121.14811">
        <ele>48.747875</ele>
        <time>2014-06-29T10:18:57.591000Z</time>
      </trkpt>
      <trkpt lat="38.818687" lon="121.14799">
        <ele>48.80919</ele>
        <time>2014-06-29T10:19:00.734000Z</time>
      </trkpt>
      <trkpt lat="38.81872" lon="121.14785">
        <ele>49.006145</ele>
        <time>2014-06-29T10:19:03.877000Z</time>
      </trkpt>
      <trkpt lat="38.818718" lon="121.14772">
        <ele>49.068714</ele>
        <time>2014-06-29T10:19:07.020000Z</time>
      </trkpt>
      <trkpt lat="38.818676" lon="121.1476">
        <ele>48.777233</ele>
        <time>2014-06-29T10:19:10.163000Z</time>
      </trkpt>
      <trkpt lat="38.818623" lon="121.14749">
        <ele>48.33888</ele>
        <time>2014-06-29T10:19:13.306000Z</time>
      </trkpt>
      <trkpt lat="38.818542" lon="121.14741">
        <ele>47.772594</ele>
        <time>2014-06-29T10:19:16.449000Z</time>
      </trkpt>
      <trkpt lat="38.818455" lon="121.14735">
        <ele>47.52568</ele>
        <time>2014-06-29T10:19:19.592000Z</time>
      </trkpt>
      <trkpt lat="38.818363" lon="121.14732">
        <ele>48.02992</ele>
        <time>2014-06-29T10:19:22.735000Z</time>
      </trkpt>
      <trkpt lat="38.81825" lon="121.14732">
        <ele>49.03359</ele>
        <time>2014-06-29T10:19:25.878000Z</time>
      </trkpt>
      <trkpt lat="38.81814" lon="121.14732">
        <ele>50.320904</ele>
        <time>2014-06-29T10:19:29.021000Z</time>
      </trkpt>
      <trkpt lat="38.818043" lon="121.14732">
        <ele>51.682457</ele>
        <time>2014-06-29T10:19:32.164000Z</time>
      </trkpt>
      <trkpt lat="38.81792" lon="121.14733">
        <ele>52.31403</ele>
        <time>2014-06-29T10:19:35.307000Z</time>
      </trkpt>
      <trkpt lat="38.817806" lon="121.14733">
        <ele>52.03443</ele>
        <time>2014-06-29T10:19:38.450000Z</time>
      </trkpt>
      <trkpt lat="38.817707" lon="121.14732">
        <ele>51.22607</ele>
        <time>2014-06-29T10:19:41.593000Z</time>
      </trkpt>
      <trkpt lat="38.817593" lon="121.14733">
        <ele>50.581573</ele>
        <time>2014-06-29T10:19:44.736000Z</time>
      </trkpt>
      <trkpt lat="38.81748" lon="121.14736">
        <ele>50.42267</ele>
        <time>2014-06-29T10:19:47.879000Z</time>
      </trkpt>
      <trkpt lat="38.817715" lon="121.148224">
        <ele>49.07651</ele>
        <time>2014-06-29T10:19:51.022000Z</time>
      </trkpt>
      <trkpt lat="38.81773" lon="121.148224">
        <ele>48.525204</ele>
        <time>2014-06-29T10:19:54.165000Z</time>
      </trkpt>
      <trkpt lat="38.81783" lon="121.14824">
        <ele>46.985504</ele>
        <time>2014-06-29T10:19:57.308000Z</time>
      </trkpt>
      <trkpt lat="38.81792" lon="121.148254">
        <ele>46.037292</ele>
        <time>2014-06-29T10:20:00.451000Z</time>
      </trkpt>
      <trkpt lat="38.818027" lon="121.14827">
        <ele>47.28901</ele>
        <time>2014-06-29T10:20:03.594000Z</time>
      </trkpt>
      <trkpt lat="38.818142" lon="121.14827">
        <ele>49.333218</ele>
        <time>2014-06-29T10:20:06.737000Z</time>
      </trkpt>
      <trkpt lat="38.81823" lon="121.14827">
        <ele>51.118973</ele>
        <time>2014-06-29T10:20:09.880000Z</time>
      </trkpt>
      <trkpt lat="38.818344" lon="121.148285">
        <ele>51.519424</ele>
        <time>2014-06-29T10:20:13.023000Z</time>
      </trkpt>
      <trkpt lat="38.81845" lon="121.14826">
        <ele>50.518105</ele>
        <time>2014-06-29T10:20:16.166000Z</time>
      </trkpt>
      <trkpt lat="38.818558" lon="121.14819">
        <ele>49.025078</ele>
        <time>2014-06-29T10:20:19.309000Z</time>
      </trkpt>
      <trkpt lat="38.818653" lon="121.14807">
        <ele>47.756535</ele>
        <time>2014-06-29T10:20:22.452000Z</time>
      </trkpt>
      <trkpt lat="38.818707" lon="121.14793">
        <ele>46.975086</ele>
        <time>2014-06-29T10:20:25.595000Z</time>
      </trkpt>
      <trkpt lat="38.818726" lon="121.1478">
        <ele>46.835926</ele>
        <time>2014-06-29T10:20:28.738000Z</time>
      </trkpt>
      <trkpt lat="38.81871" lon="121.14765">
        <ele>47.122726</ele>
        <time>2014-06-29T10:20:31.881000Z</time>
      </trkpt>
      <trkpt lat="38.818657" lon="121.14751">
        <ele>47.28988</ele>
        <time>2014-06-29T10:20:35.024000Z</time>
      </trkpt>
      <trkpt lat="38.818592" lon="121.147415">
        <ele>47.02229</ele>
        <time>2014-06-29T10:20:38.167000Z</time>
      </trkpt>
      <trkpt lat="38.81848" lon="121.14736">
        <ele>46.55889</ele>
        <time>2014-06-29T10:20:41.310000Z</time>
      </trkpt>
      <trkpt lat="38.818375" lon="121.14735">
        <ele>46.529827</ele>
        <time>2014-06-29T10:20:44.453000Z</time>
      </trkpt>
      <trkpt lat="38.81826" lon="121.147354">
        <ele>47.45793</ele>
        <time>2014-06-29T10:20:47.596000Z</time>
      </trkpt>
      <trkpt lat="38.818157" lon="121.147354">
        <ele>49.275097</ele>
        <time>2014-06-29T10:20:50.739000Z</time>
      </trkpt>
      <trkpt lat="38.818047" lon="121.14735">
        <ele>51.116318</ele>
        <time>2014-06-29T10:20:53.882000Z</time>
      </trkpt>
      <trkpt lat="38.817936" lon="121.14734">
        <ele>51.92957</ele>
        <time>2014-06-29T10:20:57.025000Z</time>
      </trkpt>
      <trkpt lat="38.81784" lon="121.14733">
        <ele>51.63149</ele>
        <time>2014-06-29T10:21:00.168000Z</time>
      </trkpt>
      <trkpt lat="38.817745" lon="121.14733">
        <ele>50.953815</ele>
        <time>2014-06-29T10:21:03.311000Z</time>
      </trkpt>
      <trkpt lat="38.817646" lon="121.14732">
        <ele>50.47927</ele>
        <time>2014-06-29T10:21:06.454000Z</time>
      </trkpt>
      <trkpt lat="38.817547" lon="121.147316">
        <ele>49.875687</ele>
        <time>2014-06-29T10:21:09.597000Z</time>
      </trkpt>
      <trkpt lat="38.817436" lon="121.147354">
        <ele>48.573437</ele>
        <time>2014-06-29T10:21:12.740000Z</time>
      </trkpt>
      <trkpt lat="38.817345" lon="121.147446">
        <ele>46.916042</ele>
        <time>2014-06-29T10:21:15.883000Z</time>
      </trkpt>
      <trkpt lat="38.817287" lon="121.14756">
        <ele>45.875053</ele>
        <time>2014-06-29T10:21:19.026000Z</time>
      </trkpt>
      <trkpt lat="38.817257" lon="121.14768">
        <ele>45.944424</ele>
        <time>2014-06-29T10:21:22.169000Z</time>
      </trkpt>
      <trkpt lat="38.81724" lon="121.14782">
        <ele>47.07572</ele>
        <time>2014-06-29T10:21:25.312000Z</time>
      </trkpt>
      <trkpt lat="38.81727" lon="121.147964">
        <ele>48.663887</ele>
        <time>2014-06-29T10:21:28.455000Z</time>
      </trkpt>
      <trkpt lat="38.81732" lon="121.14807">
        <ele>49.80009</ele>
        <time>2014-06-29T10:21:31.598000Z</time>
      </trkpt>
      <trkpt lat="38.81739" lon="121.14816">
        <ele>50.079956</ele>
        <time>2014-06-29T10:21:34.741000Z</time>
      </trkpt>
      <trkpt lat="38.81748" lon="121.14823">
        <ele>49.755486</ele>
        <time>2014-06-29T10:21:37.884000Z</time>
      </trkpt>
      <trkpt lat="38.81758" lon="121.14825">
        <ele>49.016785</ele>
        <time>2014-06-29T10:21:41.027000Z</time>
      </trkpt>
      <trkpt lat="38.817677" lon="121.14824">
        <ele>47.90871</ele>
        <time>2014-06-29T10:21:44.170000Z</time>
      </trkpt>
      <trkpt lat="38.81778" lon="121.14825">
        <ele>46.791</ele>
        <time>2014-06-29T10:21:47.313000Z</time>
      </trkpt>
      <trkpt lat="38.817875" lon="121.14825">
        <ele>46.13392</ele>
        <time>2014-06-29T10:21:50.456000Z</time>
      </trkpt>
      <trkpt lat="38.817974" lon="121.148254">
        <ele>45.87136</ele>
        <time>2014-06-29T10:21:53.599000Z</time>
      </trkpt>
      <trkpt lat="38.81809" lon="121.14826">
        <ele>45.700123</ele>
        <time>2014-06-29T10:21:56.742000Z</time>
      </trkpt>
      <trkpt lat="38.818188" lon="121.14826">
        <ele>45.567486</ele>
        <time>2014-06-29T10:21:59.885000Z</time>
      </trkpt>
      <trkpt lat="38.81829" lon="121.14826">
        <ele>45.640465</ele>
        <time>2014-06-29T10:22:03.028000Z</time>
      </trkpt>
      <trkpt lat="38.81839" lon="121.148254">
        <ele>46.39089</ele>
        <time>2014-06-29T10:22:06.171000Z</time>
      </trkpt>
      <trkpt lat="38.818485" lon="121.14823">
        <ele>47.873398</ele>
        <time>2014-06-29T10:22:09.314000Z</time>
      </trkpt>
      <trkpt lat="38.818584" lon="121.14816">
        <ele>49.159546</ele>
        <time>2014-06-29T10:22:12.457000Z</time>
      </trkpt>
      <trkpt lat="38.818645" lon="121.14805">
        <ele>49.240463</ele>
        <time>2014-06-29T10:22:15.600000Z</time>
      </trkpt>
      <trkpt lat="38.818687" lon="121.14792">
        <ele>48.575935</ele>
        <time>2014-06-29T10:22:18.743000Z</time>
      </trkpt>
      <trkpt lat="38.818703" lon="121.147804">
        <ele>48.002018</ele>
        <time>2014-06-29T10:22:21.886000Z</time>
      </trkpt>
      <trkpt lat="38.818684" lon="121.147675">
        <ele>47.398426</ele>
        <time>2014-06-29T10:22:25.029000Z</time>
      </trkpt>
      <trkpt lat="38.818626" lon="121.14754">
        <ele>46.6397</ele>
        <time>2014-06-29T10:22:28.172000Z</time>
      </trkpt>
      <trkpt lat="38.818554" lon="121.147415">
        <ele>46.701607</ele>
        <time>2014-06-29T10:22:31.315000Z</time>
      </trkpt>
      <trkpt lat="38.818462" lon="121.14734">
        <ele>47.9387</ele>
        <time>2014-06-29T10:22:34.458000Z</time>
      </trkpt>
      <trkpt lat="38.818344" lon="121.14731">
        <ele>49.690105</ele>
        <time>2014-06-29T10:22:37.601000Z</time>
      </trkpt>
      <trkpt lat="38.818222" lon="121.147316">
        <ele>51.519917</ele>
        <time>2014-06-29T10:22:40.744000Z</time>
      </trkpt>
      <trkpt lat="38.818115" lon="121.14731">
        <ele>53.239017</ele>
        <time>2014-06-29T10:22:43.887000Z</time>
      </trkpt>
      <trkpt lat="38.818" lon="121.1473">
        <ele>54.13393</ele>
        <time>2014-06-29T10:22:47.030000Z</time>
      </trkpt>
      <trkpt lat="38.817883" lon="121.14729">
        <ele>53.743664</ele>
        <time>2014-06-29T10:22:50.173000Z</time>
      </trkpt>
      <trkpt lat="38.81778" lon="121.1473">
        <ele>52.52733</ele>
        <time>2014-06-29T10:22:53.316000Z</time>
      </trkpt>
      <trkpt lat="38.81767" lon="121.1473">
        <ele>51.39582</ele>
        <time>2014-06-29T10:22:56.459000Z</time>
      </trkpt>
      <trkpt lat="38.817577" lon="121.14731">
        <ele>50.849613</ele>
        <time>2014-06-29T10:22:59.602000Z</time>
      </trkpt>
      <trkpt lat="38.817493" lon="121.14734">
        <ele>50.817596</ele>
        <time>2014-06-29T10:23:02.745000Z</time>
      </trkpt>
      <trkpt lat="38.817394" lon="121.14743">
        <ele>51.169746</ele>
        <time>2014-06-29T10:23:05.888000Z</time>
      </trkpt>
      <trkpt lat="38.817337" lon="121.14752">
        <ele>51.871212</ele>
        <time>2014-06-29T10:23:09.031000Z</time>
      </trkpt>
      <trkpt lat="38.81731" lon="121.147644">
        <ele>53.503315</ele>
        <time>2014-06-29T10:23:12.174000Z</time>
      </trkpt>
      <trkpt lat="38.81728" lon="121.14782">
        <ele>56.148952</ele>
        <time>2014-06-29T10:23:15.317000Z</time>
      </trkpt>
      <trkpt lat="38.817295" lon="121.147964">
        <ele>57.476246</ele>
        <time>2014-06-29T10:23:18.460000Z</time>
      </trkpt>
      <trkpt lat="38.817333" lon="121.14808">
        <ele>55.6835</ele>
        <time>2014-06-29T10:23:21.603000Z</time>
      </trkpt>
      <trkpt lat="38.817394" lon="121.14817">
        <ele>52.57669</ele>
        <time>2014-06-29T10:23:24.746000Z</time>
      </trkpt>
      <trkpt lat="38.817505" lon="121.14823">
        <ele>50.494057</ele>
        <time>2014-06-29T10:23:27.889000Z</time>
      </trkpt>
      <trkpt lat="38.817623" lon="121.14824">
        <ele>49.773613</ele>
        <time>2014-06-29T10:23:31.032000Z</time>
      </trkpt>
      <trkpt lat="38.817738" lon="121.14825">
        <ele>49.685658</ele>
        <time>2014-06-29T10:23:34.175000Z</time>
      </trkpt>
      <trkpt lat="38.817833" lon="121.148254">
        <ele>49.282005</ele>
        <time>2014-06-29T10:23:37.318000Z</time>
      </trkpt>
      <trkpt lat="38.817955" lon="121.14826">
        <ele>48.060616</ele>
        <time>2014-06-29T10:23:40.461000Z</time>
      </trkpt>
      <trkpt lat="38.81807" lon="121.14828">
        <ele>46.684124</ele>
        <time>2014-06-29T10:23:43.604000Z</time>
      </trkpt>
      <trkpt lat="38.81817" lon="121.148285">
        <ele>46.13522</ele>
        <time>2014-06-29T10:23:46.747000Z</time>
      </trkpt>
      <trkpt lat="38.81827" lon="121.148285">
        <ele>46.33869</ele>
        <time>2014-06-29T10:23:49.890000Z</time>
      </trkpt>
      <trkpt lat="38.81838" lon="121.148285">
        <ele>46.772</ele>
        <time>2014-06-29T10:23:53.033000Z</time>
      </trkpt>
      <trkpt lat="38.818493" lon="121.14823">
        <ele>47.051273</ele>
        <time>2014-06-29T10:23:56.176000Z</time>
      </trkpt>
      <trkpt lat="38.81858" lon="121.14816">
        <ele>47.07574</ele>
        <time>2014-06-29T10:23:59.319000Z</time>
      </trkpt>
      <trkpt lat="38.81865" lon="121.14805">
        <ele>47.68186</ele>
        <time>2014-06-29T10:24:02.462000Z</time>
      </trkpt>
      <trkpt lat="38.818687" lon="121.14791">
        <ele>49.240482</ele>
        <time>2014-06-29T10:24:05.605000Z</time>
      </trkpt>
      <trkpt lat="38.818695" lon="121.14777">
        <ele>50.509064</ele>
        <time>2014-06-29T10:24:08.748000Z</time>
      </trkpt>
      <trkpt lat="38.818665" lon="121.14764">
        <ele>50.62605</ele>
        <time>2014-06-29T10:24:11.891000Z</time>
      </trkpt>
      <trkpt lat="38.818604" lon="121.1475">
        <ele>50.14051</ele>
        <time>2014-06-29T10:24:15.034000Z</time>
      </trkpt>
      <trkpt lat="38.81853" lon="121.14741">
        <ele>49.749863</ele>
        <time>2014-06-29T10:24:18.177000Z</time>
      </trkpt>
      <trkpt lat="38.818443" lon="121.14736">
        <ele>49.992874</ele>
        <time>2014-06-29T10:24:21.320000Z</time>
      </trkpt>
      <trkpt lat="38.81834" lon="121.14734">
        <ele>51.006073</ele>
        <time>2014-06-29T10:24:24.463000Z</time>
      </trkpt>
      <trkpt lat="38.818222" lon="121.14732">
        <ele>52.01363</ele>
        <time>2014-06-29T10:24:27.606000Z</time>
      </trkpt>
      <trkpt lat="38.81811" lon="121.14732">
        <ele>52.349583</ele>
        <time>2014-06-29T10:24:30.749000Z</time>
      </trkpt>
      <trkpt lat="38.817997" lon="121.147316">
        <ele>52.235916</ele>
        <time>2014-06-29T10:24:33.892000Z</time>
      </trkpt>
      <trkpt lat="38.817894" lon="121.147316">
        <ele>51.718586</ele>
        <time>2014-06-29T10:24:37.035000Z</time>
      </trkpt>
      <trkpt lat="38.817787" lon="121.14731">
        <ele>50.730865</ele>
        <time>2014-06-29T10:24:40.178000Z</time>
      </trkpt>
      <trkpt lat="38.817684" lon="121.1473">
        <ele>49.701984</ele>
        <time>2014-06-29T10:24:43.321000Z</time>
      </trkpt>
      <trkpt lat="38.817574" lon="121.14731">
        <ele>49.06498</ele>
        <time>2014-06-29T10:24:46.464000Z</time>
      </trkpt>
      <trkpt lat="38.81748" lon="121.14734">
        <ele>48.836594</ele>
        <time>2014-06-29T10:24:49.607000Z</time>
      </trkpt>
      <trkpt lat="38.817383" lon="121.14739">
        <ele>48.909374</ele>
        <time>2014-06-29T10:24:52.750000Z</time>
      </trkpt>
      <trkpt lat="38.817303" lon="121.147484">
        <ele>49.08513</ele>
        <time>2014-06-29T10:24:55.893000Z</time>
      </trkpt>
      <trkpt lat="38.817245" lon="121.14763">
        <ele>49.263588</ele>
        <time>2014-06-29T10:24:59.036000Z</time>
      </trkpt>
      <trkpt lat="38.817223" lon="121.14779">
        <ele>49.22412</ele>
        <time>2014-06-29T10:25:02.179000Z</time>
      </trkpt>
      <trkpt lat="38.81723" lon="121.14795">
        <ele>48.833702</ele>
        <time>2014-06-29T10:25:05.322000Z</time>
      </trkpt>
      <trkpt lat="38.81728" lon="121.148056">
        <ele>48.411354</ele>
        <time>2014-06-29T10:25:08.465000Z</time>
      </trkpt>
      <trkpt lat="38.81735" lon="121.148155">
        <ele>48.33542</ele>
        <time>2014-06-29T10:25:11.608000Z</time>
      </trkpt>
      <trkpt lat="38.817432" lon="121.14823">
        <ele>48.631054</ele>
        <time>2014-06-29T10:25:14.751000Z</time>
      </trkpt>
      <trkpt lat="38.81753" lon="121.148254">
        <ele>49.199463</ele>
        <time>2014-06-29T10:25:17.894000Z</time>
      </trkpt>
      <trkpt lat="38.817654" lon="121.14826">
        <ele>49.848778</ele>
        <time>2014-06-29T10:25:21.037000Z</time>
      </trkpt>
      <trkpt lat="38.817764" lon="121.14827">
        <ele>50.41905</ele>
        <time>2014-06-29T10:25:24.180000Z</time>
      </trkpt>
      <trkpt lat="38.81786" lon="121.14828">
        <ele>50.91852</ele>
        <time>2014-06-29T10:25:27.323000Z</time>
      </trkpt>
      <trkpt lat="38.81796" lon="121.148285">
        <ele>51.37091</ele>
        <time>2014-06-29T10:25:30.466000Z</time>
      </trkpt>
      <trkpt lat="38.818054" lon="121.148285">
        <ele>51.666855</ele>
        <time>2014-06-29T10:25:33.609000Z</time>
      </trkpt>
      <trkpt lat="38.818146" lon="121.148285">
        <ele>51.773193</ele>
        <time>2014-06-29T10:25:36.752000Z</time>
      </trkpt>
      <trkpt lat="38.81826" lon="121.14829">
        <ele>51.77569</ele>
        <time>2014-06-29T10:25:39.895000Z</time>
      </trkpt>
      <trkpt lat="38.818382" lon="121.14829">
        <ele>51.598164</ele>
        <time>2014-06-29T10:25:43.038000Z</time>
      </trkpt>
      <trkpt lat="38.81849" lon="121.14826">
        <ele>51.187733</ele>
        <time>2014-06-29T10:25:46.181000Z</time>
      </trkpt>
      <trkpt lat="38.81858" lon="121.14818">
        <ele>50.78058</ele>
        <time>2014-06-29T10:25:49.324000Z</time>
      </trkpt>
      <trkpt lat="38.818645" lon="121.14805">
        <ele>50.358627</ele>
        <time>2014-06-29T10:25:52.467000Z</time>
      </trkpt>
      <trkpt lat="38.818676" lon="121.147896">
        <ele>49.578777</ele>
        <time>2014-06-29T10:25:55.610000Z</time>
      </trkpt>
      <trkpt lat="38.81869" lon="121.14775">
        <ele>48.397945</ele>
        <time>2014-06-29T10:25:58.753000Z</time>
      </trkpt>
      <trkpt lat="38.818672" lon="121.14762">
        <ele>47.19794</ele>
        <time>2014-06-29T10:26:01.896000Z</time>
      </trkpt>
      <trkpt lat="38.81861" lon="121.1475">
        <ele>46.526764</ele>
        <time>2014-06-29T10:26:05.039000Z</time>
      </trkpt>
      <trkpt lat="38.818535" lon="121.14741">
        <ele>46.709255</ele>
        <time>2014-06-29T10:26:08.182000Z</time>
      </trkpt>
      <trkpt lat="38.818428" lon="121.14736">
        <ele>47.50973</ele>
        <time>2014-06-29T10:26:11.325000Z</time>
      </trkpt>
      <trkpt lat="38.81831" lon="121.14735">
        <ele>48.39798</ele>
        <time>2014-06-29T10:26:14.468000Z</time>
      </trkpt>
      <trkpt lat="38.8182" lon="121.14734">
        <ele>48.948227</ele>
        <time>2014-06-29T10:26:17.611000Z</time>
      </trkpt>
      <trkpt lat="38.81809" lon="121.14734">
        <ele>49.08719</ele>
        <time>2014-06-29T10:26:20.754000Z</time>
      </trkpt>
      <trkpt lat="38.81798" lon="121.14734">
        <ele>49.007603</ele>
        <time>2014-06-29T10:26:23.897000Z</time>
      </trkpt>
      <trkpt lat="38.817867" lon="121.14734">
        <ele>48.897717</ele>
        <time>2014-06-29T10:26:27.040000Z</time>
      </trkpt>
      <trkpt lat="38.81776" lon="121.14734">
        <ele>48.93772</ele>
        <time>2014-06-29T10:26:30.183000Z</time>
      </trkpt>
      <trkpt lat="38.81765" lon="121.147316">
        <ele>49.2097</ele>
        <time>2014-06-29T10:26:33.326000Z</time>
      </trkpt>
      <trkpt lat="38.817535" lon="121.14732">
        <ele>49.86673</ele>
        <time>2014-06-29T10:26:36.469000Z</time>
      </trkpt>
      <trkpt lat="38.817448" lon="121.14736">
        <ele>51.102974</ele>
        <time>2014-06-29T10:26:39.612000Z</time>
      </trkpt>
      <trkpt lat="38.81736" lon="121.14744">
        <ele>52.47392</ele>
        <time>2014-06-29T10:26:42.755000Z</time>
      </trkpt>
      <trkpt lat="38.8173" lon="121.147545">
        <ele>53.32094</ele>
        <time>2014-06-29T10:26:45.898000Z</time>
      </trkpt>
      <trkpt lat="38.81726" lon="121.14768">
        <ele>53.9974</ele>
        <time>2014-06-29T10:26:49.041000Z</time>
      </trkpt>
      <trkpt lat="38.817253" lon="121.14783">
        <ele>54.955368</ele>
        <time>2014-06-29T10:26:52.184000Z</time>
      </trkpt>
      <trkpt lat="38.817276" lon="121.148">
        <ele>54.976845</ele>
        <time>2014-06-29T10:26:55.327000Z</time>
      </trkpt>
      <trkpt lat="38.81733" lon="121.14811">
        <ele>53.097664</ele>
        <time>2014-06-29T10:26:58.470000Z</time>
      </trkpt>
      <trkpt lat="38.8174" lon="121.148186">
        <ele>50.778545</ele>
        <time>2014-06-29T10:27:01.613000Z</time>
      </trkpt>
      <trkpt lat="38.8175" lon="121.14823">
        <ele>49.43773</ele>
        <time>2014-06-29T10:27:04.756000Z</time>
      </trkpt>
      <trkpt lat="38.817593" lon="121.14825">
        <ele>48.538853</ele>
        <time>2014-06-29T10:27:07.899000Z</time>
      </trkpt>
      <trkpt lat="38.817703" lon="121.14825">
        <ele>47.562378</ele>
        <time>2014-06-29T10:27:11.042000Z</time>
      </trkpt>
      <trkpt lat="38.81781" lon="121.14826">
        <ele>47.134937</ele>
        <time>2014-06-29T10:27:14.185000Z</time>
      </trkpt>
      <trkpt lat="38.817924" lon="121.148254">
        <ele>47.67004</ele>
        <time>2014-06-29T10:27:17.328000Z</time>
      </trkpt>
      <trkpt lat="38.81803" lon="121.148254">
        <ele>48.50637</ele>
        <time>2014-06-29T10:27:20.471000Z</time>
      </trkpt>
      <trkpt lat="38.81813" lon="121.148254">
        <ele>48.992744</ele>
        <time>2014-06-29T10:27:23.614000Z</time>
      </trkpt>
      <trkpt lat="38.81824" lon="121.14827">
        <ele>49.18672</ele>
        <time>2014-06-29T10:27:26.757000Z</time>
      </trkpt>
      <trkpt lat="38.818344" lon="121.14828">
        <ele>49.304054</ele>
        <time>2014-06-29T10:27:29.900000Z</time>
      </trkpt>
      <trkpt lat="38.818466" lon="121.14825">
        <ele>49.405445</ele>
        <time>2014-06-29T10:27:33.043000Z</time>
      </trkpt>
      <trkpt lat="38.818554" lon="121.148186">
        <ele>49.38028</ele>
        <time>2014-06-29T10:27:36.186000Z</time>
      </trkpt>
      <trkpt lat="38.81862" lon="121.14809">
        <ele>49.186203</ele>
        <time>2014-06-29T10:27:39.329000Z</time>
      </trkpt>
      <trkpt lat="38.81867" lon="121.14794">
        <ele>48.89958</ele>
        <time>2014-06-29T10:27:42.472000Z</time>
      </trkpt>
      <trkpt lat="38.81868" lon="121.14781">
        <ele>48.04989</ele>
        <time>2014-06-29T10:27:45.615000Z</time>
      </trkpt>
      <trkpt lat="38.818665" lon="121.14766">
        <ele>46.186108</ele>
        <time>2014-06-29T10:27:48.758000Z</time>
      </trkpt>
      <trkpt lat="38.818615" lon="121.14754">
        <ele>44.297092</ele>
        <time>2014-06-29T10:27:51.901000Z</time>
      </trkpt>
      <trkpt lat="38.81855" lon="121.14743">
        <ele>43.757133</ele>
        <time>2014-06-29T10:27:55.044000Z</time>
      </trkpt>
      <trkpt lat="38.818436" lon="121.14736">
        <ele>44.46366</ele>
        <time>2014-06-29T10:27:58.187000Z</time>
      </trkpt>
      <trkpt lat="38.81834" lon="121.14735">
        <ele>45.5162</ele>
        <time>2014-06-29T10:28:01.330000Z</time>
      </trkpt>
      <trkpt lat="38.818237" lon="121.14733">
        <ele>46.350845</ele>
        <time>2014-06-29T10:28:04.473000Z</time>
      </trkpt>
      <trkpt lat="38.818142" lon="121.14732">
        <ele>46.788437</ele>
        <time>2014-06-29T10:28:07.616000Z</time>
      </trkpt>
      <trkpt lat="38.81803" lon="121.14733">
        <ele>46.908768</ele>
        <time>2014-06-29T10:28:10.759000Z</time>
      </trkpt>
      <trkpt lat="38.817924" lon="121.14733">
        <ele>47.423977</ele>
        <time>2014-06-29T10:28:13.902000Z</time>
      </trkpt>
      <trkpt lat="38.817825" lon="121.147316">
        <ele>48.618008</ele>
        <time>2014-06-29T10:28:17.045000Z</time>
      </trkpt>
      <trkpt lat="38.817726" lon="121.147316">
        <ele>49.774075</ele>
        <time>2014-06-29T10:28:20.188000Z</time>
      </trkpt>
      <trkpt lat="38.81762" lon="121.14732">
        <ele>50.655403</ele>
        <time>2014-06-29T10:28:23.331000Z</time>
      </trkpt>
      <trkpt lat="38.817516" lon="121.14733">
        <ele>51.579716</ele>
        <time>2014-06-29T10:28:26.474000Z</time>
      </trkpt>
      <trkpt lat="38.817432" lon="121.147385">
        <ele>52.356514</ele>
        <time>2014-06-29T10:28:29.617000Z</time>
      </trkpt>
      <trkpt lat="38.817352" lon="121.14746">
        <ele>53.295624</ele>
        <time>2014-06-29T10:28:32.760000Z</time>
      </trkpt>
      <trkpt lat="38.8173" lon="121.14758">
        <ele>54.7529</ele>
        <time>2014-06-29T10:28:35.903000Z</time>
      </trkpt>
      <trkpt lat="38.817265" lon="121.14774">
        <ele>55.583824</ele>
        <time>2014-06-29T10:28:39.046000Z</time>
      </trkpt>
      <trkpt lat="38.817257" lon="121.14791">
        <ele>54.897144</ele>
        <time>2014-06-29T10:28:42.189000Z</time>
      </trkpt>
      <trkpt lat="38.817284" lon="121.14804">
        <ele>53.294952</ele>
        <time>2014-06-29T10:28:45.332000Z</time>
      </trkpt>
      <trkpt lat="38.817337" lon="121.14815">
        <ele>52.123188</ele>
        <time>2014-06-29T10:28:48.475000Z</time>
      </trkpt>
      <trkpt lat="38.817425" lon="121.14824">
        <ele>52.04275</ele>
        <time>2014-06-29T10:28:51.618000Z</time>
      </trkpt>
      <trkpt lat="38.817513" lon="121.14826">
        <ele>52.380215</ele>
        <time>2014-06-29T10:28:54.761000Z</time>
      </trkpt>
      <trkpt lat="38.817627" lon="121.14826">
        <ele>52.283367</ele>
        <time>2014-06-29T10:28:57.904000Z</time>
      </trkpt>
      <trkpt lat="38.817745" lon="121.14826">
        <ele>51.45263</ele>
        <time>2014-06-29T10:29:01.047000Z</time>
      </trkpt>
      <trkpt lat="38.817852" lon="121.14826">
        <ele>50.36703</ele>
        <time>2014-06-29T10:29:04.190000Z</time>
      </trkpt>
      <trkpt lat="38.81797" lon="121.14826">
        <ele>49.962677</ele>
        <time>2014-06-29T10:29:07.333000Z</time>
      </trkpt>
      <trkpt lat="38.818085" lon="121.14826">
        <ele>50.04942</ele>
        <time>2014-06-29T10:29:10.476000Z</time>
      </trkpt>
      <trkpt lat="38.818207" lon="121.14826">
        <ele>49.964386</ele>
        <time>2014-06-29T10:29:13.619000Z</time>
      </trkpt>
      <trkpt lat="38.81832" lon="121.14826">
        <ele>49.409275</ele>
        <time>2014-06-29T10:29:16.762000Z</time>
      </trkpt>
      <trkpt lat="38.818428" lon="121.148254">
        <ele>48.27849</ele>
        <time>2014-06-29T10:29:19.905000Z</time>
      </trkpt>
      <trkpt lat="38.81852" lon="121.14822">
        <ele>47.007668</ele>
        <time>2014-06-29T10:29:23.048000Z</time>
      </trkpt>
      <trkpt lat="38.818607" lon="121.14815">
        <ele>46.191128</ele>
        <time>2014-06-29T10:29:26.191000Z</time>
      </trkpt>
      <trkpt lat="38.818676" lon="121.14801">
        <ele>46.355743</ele>
        <time>2014-06-29T10:29:29.334000Z</time>
      </trkpt>
      <trkpt lat="38.818714" lon="121.14786">
        <ele>47.542465</ele>
        <time>2014-06-29T10:29:32.477000Z</time>
      </trkpt>
      <trkpt lat="38.818707" lon="121.14771">
        <ele>48.941086</ele>
        <time>2014-06-29T10:29:35.620000Z</time>
      </trkpt>
      <trkpt lat="38.818676" lon="121.14759">
        <ele>49.786774</ele>
        <time>2014-06-29T10:29:38.763000Z</time>
      </trkpt>
      <trkpt lat="38.81861" lon="121.14747">
        <ele>49.965515</ele>
        <time>2014-06-29T10:29:41.906000Z</time>
      </trkpt>
      <trkpt lat="38.818535" lon="121.14739">
        <ele>49.369236</ele>
        <time>2014-06-29T10:29:45.049000Z</time>
      </trkpt>
      <trkpt lat="38.818424" lon="121.14735">
        <ele>48.105385</ele>
        <time>2014-06-29T10:29:48.192000Z</time>
      </trkpt>
      <trkpt lat="38.818333" lon="121.14734">
        <ele>47.135223</ele>
        <time>2014-06-29T10:29:51.335000Z</time>
      </trkpt>
      <trkpt lat="38.81824" lon="121.14733">
        <ele>47.44152</ele>
        <time>2014-06-29T10:29:54.478000Z</time>
      </trkpt>
      <trkpt lat="38.818142" lon="121.14733">
        <ele>48.58416</ele>
        <time>2014-06-29T10:29:57.621000Z</time>
      </trkpt>
      <trkpt lat="38.818043" lon="121.14733">
        <ele>49.548958</ele>
        <time>2014-06-29T10:30:00.764000Z</time>
      </trkpt>
      <trkpt lat="38.817924" lon="121.14732">
        <ele>50.401447</ele>
        <time>2014-06-29T10:30:03.907000Z</time>
      </trkpt>
      <trkpt lat="38.81783" lon="121.147316">
        <ele>51.518696</ele>
        <time>2014-06-29T10:30:07.050000Z</time>
      </trkpt>
      <trkpt lat="38.817722" lon="121.147316">
        <ele>52.35092</ele>
        <time>2014-06-29T10:30:10.193000Z</time>
      </trkpt>
      <trkpt lat="38.81762" lon="121.14731">
        <ele>52.49326</ele>
        <time>2014-06-29T10:30:13.336000Z</time>
      </trkpt>
      <trkpt lat="38.817513" lon="121.14733">
        <ele>52.59211</ele>
        <time>2014-06-29T10:30:16.479000Z</time>
      </trkpt>
      <trkpt lat="38.817417" lon="121.147385">
        <ele>53.55288</ele>
        <time>2014-06-29T10:30:19.622000Z</time>
      </trkpt>
      <trkpt lat="38.817337" lon="121.147484">
        <ele>55.19095</ele>
        <time>2014-06-29T10:30:22.765000Z</time>
      </trkpt>
      <trkpt lat="38.817287" lon="121.147606">
        <ele>56.02492</ele>
        <time>2014-06-29T10:30:25.908000Z</time>
      </trkpt>
      <trkpt lat="38.817265" lon="121.14775">
        <ele>54.740654</ele>
        <time>2014-06-29T10:30:29.051000Z</time>
      </trkpt>
      <trkpt lat="38.81728" lon="121.1479">
        <ele>51.984074</ele>
        <time>2014-06-29T10:30:32.194000Z</time>
      </trkpt>
      <trkpt lat="38.817318" lon="121.148056">
        <ele>49.688</ele>
        <time>2014-06-29T10:30:35.337000Z</time>
      </trkpt>
      <trkpt lat="38.81738" lon="121.14816">
        <ele>48.691772</ele>
        <time>2014-06-29T10:30:38.480000Z</time>
      </trkpt>
      <trkpt lat="38.817467" lon="121.14823">
        <ele>48.49484</ele>
        <time>2014-06-29T10:30:41.623000Z</time>
      </trkpt>
      <trkpt lat="38.817562" lon="121.148254">
        <ele>48.57918</ele>
        <time>2014-06-29T10:30:44.766000Z</time>
      </trkpt>
      <trkpt lat="38.81767" lon="121.148254">
        <ele>48.705475</ele>
        <time>2014-06-29T10:30:47.909000Z</time>
      </trkpt>
      <trkpt lat="38.8178" lon="121.14825">
        <ele>48.503883</ele>
        <time>2014-06-29T10:30:51.052000Z</time>
      </trkpt>
      <trkpt lat="38.81792" lon="121.14824">
        <ele>47.803802</ele>
        <time>2014-06-29T10:30:54.195000Z</time>
      </trkpt>
      <trkpt lat="38.81803" lon="121.14824">
        <ele>46.58187</ele>
        <time>2014-06-29T10:30:57.338000Z</time>
      </trkpt>
      <trkpt lat="38.81814" lon="121.148254">
        <ele>44.981346</ele>
        <time>2014-06-29T10:31:00.481000Z</time>
      </trkpt>
      <trkpt lat="38.818245" lon="121.14826">
        <ele>44.075974</ele>
        <time>2014-06-29T10:31:03.624000Z</time>
      </trkpt>
      <trkpt lat="38.818348" lon="121.14827">
        <ele>44.668636</ele>
        <time>2014-06-29T10:31:06.767000Z</time>
      </trkpt>
      <trkpt lat="38.81846" lon="121.14825">
        <ele>45.91313</ele>
        <time>2014-06-29T10:31:09.910000Z</time>
      </trkpt>
      <trkpt lat="38.818542" lon="121.14819">
        <ele>46.90611</ele>
        <time>2014-06-29T10:31:13.053000Z</time>
      </trkpt>
      <trkpt lat="38.818615" lon="121.148094">
        <ele>47.703396</ele>
        <time>2014-06-29T10:31:16.196000Z</time>
      </trkpt>
      <trkpt lat="38.818665" lon="121.14798">
        <ele>48.30286</ele>
        <time>2014-06-29T10:31:19.339000Z</time>
      </trkpt>
      <trkpt lat="38.818672" lon="121.14784">
        <ele>48.43539</ele>
        <time>2014-06-29T10:31:22.482000Z</time>
      </trkpt>
      <trkpt lat="38.81867" lon="121.147705">
        <ele>48.213146</ele>
        <time>2014-06-29T10:31:25.625000Z</time>
      </trkpt>
      <trkpt lat="38.81863" lon="121.147575">
        <ele>48.17285</ele>
        <time>2014-06-29T10:31:28.768000Z</time>
      </trkpt>
      <trkpt lat="38.81857" lon="121.147484">
        <ele>48.510788</ele>
        <time>2014-06-29T10:31:31.911000Z</time>
      </trkpt>
      <trkpt lat="38.818485" lon="121.14741">
        <ele>48.631172</ele>
        <time>2014-06-29T10:31:35.054000Z</time>
      </trkpt>
      <trkpt lat="38.81838" lon="121.14737">
        <ele>48.05148</ele>
        <time>2014-06-29T10:31:38.197000Z</time>
      </trkpt>
      <trkpt lat="38.818256" lon="121.14737">
        <ele>47.451187</ele>
        <time>2014-06-29T10:31:41.340000Z</time>
      </trkpt>
      <trkpt lat="38.81814" lon="121.14736">
        <ele>47.497902</ele>
        <time>2014-06-29T10:31:44.483000Z</time>
      </trkpt>
      <trkpt lat="38.81804" lon="121.14735">
        <ele>48.091362</ele>
        <time>2014-06-29T10:31:47.626000Z</time>
      </trkpt>
      <trkpt lat="38.817898" lon="121.14734">
        <ele>48.910343</ele>
        <time>2014-06-29T10:31:50.769000Z</time>
      </trkpt>
      <trkpt lat="38.817757" lon="121.14733">
        <ele>50.092953</ele>
        <time>2014-06-29T10:31:53.912000Z</time>
      </trkpt>
      <trkpt lat="38.81761" lon="121.14732">
        <ele>51.723965</ele>
        <time>2014-06-29T10:31:57.055000Z</time>
      </trkpt>
      <trkpt lat="38.81752" lon="121.14734">
        <ele>52.768208</ele>
        <time>2014-06-29T10:32:00.198000Z</time>
      </trkpt>
      <trkpt lat="38.81741" lon="121.14739">
        <ele>52.381756</ele>
        <time>2014-06-29T10:32:03.341000Z</time>
      </trkpt>
      <trkpt lat="38.817345" lon="121.14748">
        <ele>51.38574</ele>
        <time>2014-06-29T10:32:06.484000Z</time>
      </trkpt>
      <trkpt lat="38.8173" lon="121.147575">
        <ele>50.704735</ele>
        <time>2014-06-29T10:32:09.627000Z</time>
      </trkpt>
      <trkpt lat="38.817272" lon="121.14769">
        <ele>50.359013</ele>
        <time>2014-06-29T10:32:12.770000Z</time>
      </trkpt>
      <trkpt lat="38.81727" lon="121.14784">
        <ele>50.075184</ele>
        <time>2014-06-29T10:32:15.913000Z</time>
      </trkpt>
      <trkpt lat="38.817307" lon="121.147995">
        <ele>49.660194</ele>
        <time>2014-06-29T10:32:19.056000Z</time>
      </trkpt>
      <trkpt lat="38.817368" lon="121.14812">
        <ele>49.128323</ele>
        <time>2014-06-29T10:32:22.199000Z</time>
      </trkpt>
      <trkpt lat="38.817448" lon="121.14819">
        <time>2014-06-29T10:32:25.342000Z</time>
      </trkpt>
    </trkseg>
  </trk>
</gpx>