<?xml version="1.0" encoding="UTF-8"?>
<gpx xmlns="http://www.topografix.com/GPX/1/1" xmlns:gpxtpx="http://www.garmin.com/xmlschemas/TrackPointExtension/v1" xmlns:xsi="http://www.w3.org/2001/XMLSchema-instance" xsi:schemaLocation="http://www.topografix.com/GPX/1/1 http://www.topografix.com/GPX/1/1/gpx.xsd" version="1.1" creator="gpx.py -- https://github.com/tkrajina/gpxpy">
  <trk>
    <trkseg>
      <trkpt lat="38.901886" lon="111.8358">
        <ele>1433.326</ele>
        <time>2014-07-21T10:14:44.397000Z</time>
      </trkpt>
      <trkpt lat="38.90195" lon="111.83586">
        <ele>1433.0792</ele>
        <time>2014-07-21T10:14:47.528000Z</time>
      </trkpt>
      <trkpt lat="38.90195" lon="111.83586">
        <ele>1432.9606</ele>
        <time>2014-07-21T10:14:50.659000Z</time>
      </trkpt>
      <trkpt lat="38.90195" lon="111.83586">
        <ele>1432.591</ele>
        <time>2014-07-21T10:14:53.790000Z</time>
      </trkpt>
      <trkpt lat="38.90205" lon="111.83583">
        <ele>1431.9926</ele>
        <time>2014-07-21T10:14:56.921000Z</time>
      </trkpt>
      <trkpt lat="38.90216" lon="111.83576">
        <ele>1431.588</ele>
        <time>2014-07-21T10:15:00.052000Z</time>
      </trkpt>
      <trkpt lat="38.902256" lon="111.835724">
        <ele>1431.5758</ele>
        <time>2014-07-21T10:15:03.183000Z</time>
      </trkpt>
      <trkpt lat="38.902348" lon="111.835686">
        <ele>1431.5637</ele>
        <time>2014-07-21T10:15:06.314000Z</time>
      </trkpt>
      <trkpt lat="38.902447" lon="111.83565">
        <ele>1431.2008</ele>
        <time>2014-07-21T10:15:09.445000Z</time>
      </trkpt>
      <trkpt lat="38.90253" lon="111.83561">
        <ele>1430.7158</ele>
        <time>2014-07-21T10:15:12.576000Z</time>
      </trkpt>
      <trkpt lat="38.90263" lon="111.83563">
        <ele>1430.0801</ele>
        <time>2014-07-21T10:15:15.707000Z</time>
      </trkpt>
      <trkpt lat="38.90268" lon="111.835754">
        <ele>1428.6296</ele>
        <time>2014-07-21T10:15:18.838000Z</time>
      </trkpt>
      <trkpt lat="38.902733" lon="111.83589">
        <ele>1426.4675</ele>
        <time>2014-07-21T10:15:21.969000Z</time>
      </trkpt>
      <trkpt lat="38.902782" lon="111.83601">
        <ele>1424.6388</ele>
        <time>2014-07-21T10:15:25.100000Z</time>
      </trkpt>
      <trkpt lat="38.902813" lon="111.83614">
        <ele>1423.774</ele>
        <time>2014-07-21T10:15:28.231000Z</time>
      </trkpt>
      <trkpt lat="38.902843" lon="111.83628">
        <ele>1423.8988</ele>
        <time>2014-07-21T10:15:31.362000Z</time>
      </trkpt>
      <trkpt lat="38.902893" lon="111.836426">
        <ele>1424.6979</ele>
        <time>2014-07-21T10:15:34.493000Z</time>
      </trkpt>
      <trkpt lat="38.902958" lon="111.83656">
        <ele>1425.795</ele>
        <time>2014-07-21T10:15:37.624000Z</time>
      </trkpt>
      <trkpt lat="38.902985" lon="111.83667">
        <ele>1427.1025</ele>
        <time>2014-07-21T10:15:40.755000Z</time>
      </trkpt>
      <trkpt lat="38.90301" lon="111.83679">
        <ele>1428.1973</ele>
        <time>2014-07-21T10:15:43.886000Z</time>
      </trkpt>
      <trkpt lat="38.90303" lon="111.836914">
        <ele>1428.8596</ele>
        <time>2014-07-21T10:15:47.017000Z</time>
      </trkpt>
      <trkpt lat="38.90308" lon="111.83701">
        <ele>1429.1788</ele>
        <time>2014-07-21T10:15:50.148000Z</time>
      </trkpt>
      <trkpt lat="38.903103" lon="111.83713">
        <ele>1429.1967</ele>
        <time>2014-07-21T10:15:53.279000Z</time>
      </trkpt>
      <trkpt lat="38.90313" lon="111.83725">
        <ele>1429.2681</ele>
        <time>2014-07-21T10:15:56.410000Z</time>
      </trkpt>
      <trkpt lat="38.903183" lon="111.837364">
        <ele>1429.7006</ele>
        <time>2014-07-21T10:15:59.541000Z</time>
      </trkpt>
      <trkpt lat="38.903225" lon="111.837494">
        <ele>1429.3009</ele>
        <time>2014-07-21T10:16:02.672000Z</time>
      </trkpt>
      <trkpt lat="38.903225" lon="111.837494">
        <ele>1428.4973</ele>
        <time>2014-07-21T10:16:05.803000Z</time>
      </trkpt>
      <trkpt lat="38.903263" lon="111.83761">
        <ele>1427.8156</ele>
        <time>2014-07-21T10:16:08.934000Z</time>
      </trkpt>
      <trkpt lat="38.9033" lon="111.83772">
        <ele>1427.5919</ele>
        <time>2014-07-21T10:16:12.065000Z</time>
      </trkpt>
      <trkpt lat="38.903343" lon="111.83784">
        <ele>1427.7206</ele>
        <time>2014-07-21T10:16:15.196000Z</time>
      </trkpt>
      <trkpt lat="38.9034" lon="111.83797">
        <ele>1428.0057</ele>
        <time>2014-07-21T10:16:18.327000Z</time>
      </trkpt>
      <trkpt lat="38.90345" lon="111.83807">
        <ele>1428.5398</ele>
        <time>2014-07-21T10:16:21.458000Z</time>
      </trkpt>
      <trkpt lat="38.903492" lon="111.83818">
        <ele>1429.3511</ele>
        <time>2014-07-21T10:16:24.589000Z</time>
      </trkpt>
      <trkpt lat="38.903538" lon="111.838295">
        <ele>1429.893</ele>
        <time>2014-07-21T10:16:27.720000Z</time>
      </trkpt>
      <trkpt lat="38.903557" lon="111.83843">
        <ele>1429.803</ele>
        <time>2014-07-21T10:16:30.851000Z</time>
      </trkpt>
      <trkpt lat="38.903587" lon="111.83857">
        <ele>1429.7976</ele>
        <time>2014-07-21T10:16:33.982000Z</time>
      </trkpt>
      <trkpt lat="38.903625" lon="111.838684">
        <ele>1430.4867</ele>
        <time>2014-07-21T10:16:37.113000Z</time>
      </trkpt>
      <trkpt lat="38.903652" lon="111.8388">
        <ele>1431.2659</ele>
        <time>2014-07-21T10:16:40.244000Z</time>
      </trkpt>
      <trkpt lat="38.90369" lon="111.83891">
        <ele>1431.3645</ele>
        <time>2014-07-21T10:16:43.375000Z</time>
      </trkpt>
      <trkpt lat="38.903736" lon="111.83904">
        <ele>1430.9226</ele>
        <time>2014-07-21T10:16:46.506000Z</time>
      </trkpt>
      <trkpt lat="38.903793" lon="111.83916">
        <ele>1430.1265</ele>
        <time>2014-07-21T10:16:49.637000Z</time>
      </trkpt>
      <trkpt lat="38.90383" lon="111.83928">
        <ele>1429.0394</ele>
        <time>2014-07-21T10:16:52.768000Z</time>
      </trkpt>
      <trkpt lat="38.90387" lon="111.8394">
        <ele>1428.1737</ele>
        <time>2014-07-21T10:16:55.899000Z</time>
      </trkpt>
      <trkpt lat="38.903904" lon="111.839516">
        <ele>1428.1682</ele>
        <time>2014-07-21T10:16:59.030000Z</time>
      </trkpt>
      <trkpt lat="38.903946" lon="111.83964">
        <ele>1428.896</ele>
        <time>2014-07-21T10:17:02.161000Z</time>
      </trkpt>
      <trkpt lat="38.903996" lon="111.839775">
        <ele>1429.9254</ele>
        <time>2014-07-21T10:17:05.292000Z</time>
      </trkpt>
      <trkpt lat="38.904064" lon="111.83986">
        <ele>1430.8502</ele>
        <time>2014-07-21T10:17:08.423000Z</time>
      </trkpt>
      <trkpt lat="38.904167" lon="111.83986">
        <ele>1431.4133</ele>
        <time>2014-07-21T10:17:11.554000Z</time>
      </trkpt>
      <trkpt lat="38.90429" lon="111.83981">
        <ele>1431.558</ele>
        <time>2014-07-21T10:17:14.685000Z</time>
      </trkpt>
      <trkpt lat="38.90439" lon="111.83975">
        <ele>1430.7467</ele>
        <time>2014-07-21T10:17:17.816000Z</time>
      </trkpt>
      <trkpt lat="38.904488" lon="111.8397">
        <ele>1428.7482</ele>
        <time>2014-07-21T10:17:20.947000Z</time>
      </trkpt>
      <trkpt lat="38.90459" lon="111.83965">
        <ele>1426.8049</ele>
        <time>2014-07-21T10:17:24.078000Z</time>
      </trkpt>
      <trkpt lat="38.904694" lon="111.8396">
        <ele>1426.0824</ele>
        <time>2014-07-21T10:17:27.209000Z</time>
      </trkpt>
      <trkpt lat="38.904774" lon="111.83955">
        <ele>1426.1661</ele>
        <time>2014-07-21T10:17:30.340000Z</time>
      </trkpt>
      <trkpt lat="38.904865" lon="111.839485">
        <ele>1426.1589</ele>
        <time>2014-07-21T10:17:33.471000Z</time>
      </trkpt>
      <trkpt lat="38.904972" lon="111.839424">
        <ele>1425.71</ele>
        <time>2014-07-21T10:17:36.602000Z</time>
      </trkpt>
      <trkpt lat="38.905056" lon="111.83938">
        <ele>1425.0421</ele>
        <time>2014-07-21T10:17:39.733000Z</time>
      </trkpt>
      <trkpt lat="38.905174" lon="111.83932">
        <ele>1424.6669</ele>
        <time>2014-07-21T10:17:42.864000Z</time>
      </trkpt>
      <trkpt lat="38.90528" lon="111.83927">
        <ele>1424.9055</ele>
        <time>2014-07-21T10:17:45.995000Z</time>
      </trkpt>
      <trkpt lat="38.905388" lon="111.83922">
        <ele>1425.3702</ele>
        <time>2014-07-21T10:17:49.126000Z</time>
      </trkpt>
      <trkpt lat="38.905487" lon="111.83916">
        <ele>1426.0326</ele>
        <time>2014-07-21T10:17:52.257000Z</time>
      </trkpt>
      <trkpt lat="38.90559" lon="111.83911">
        <ele>1427.1036</ele>
        <time>2014-07-21T10:17:55.388000Z</time>
      </trkpt>
      <trkpt lat="38.905678" lon="111.83904">
        <ele>1427.8342</ele>
        <time>2014-07-21T10:17:58.519000Z</time>
      </trkpt>
      <trkpt lat="38.905773" lon="111.839">
        <ele>1427.5613</ele>
        <time>2014-07-21T10:18:01.650000Z</time>
      </trkpt>
      <trkpt lat="38.905888" lon="111.83892">
        <ele>1426.8616</ele>
        <time>2014-07-21T10:18:04.781000Z</time>
      </trkpt>
      <trkpt lat="38.905975" lon="111.83885">
        <ele>1426.481</ele>
        <time>2014-07-21T10:18:07.912000Z</time>
      </trkpt>
      <trkpt lat="38.906082" lon="111.838776">
        <ele>1427.3755</ele>
        <time>2014-07-21T10:18:11.043000Z</time>
      </trkpt>
      <trkpt lat="38.906185" lon="111.83872">
        <ele>1429.815</ele>
        <time>2014-07-21T10:18:14.174000Z</time>
      </trkpt>
      <trkpt lat="38.906307" lon="111.83867">
        <ele>1432.2577</ele>
        <time>2014-07-21T10:18:17.305000Z</time>
      </trkpt>
      <trkpt lat="38.906414" lon="111.83862">
        <ele>1432.3828</ele>
        <time>2014-07-21T10:18:20.436000Z</time>
      </trkpt>
      <trkpt lat="38.906517" lon="111.83856">
        <ele>1429.886</ele>
        <time>2014-07-21T10:18:23.567000Z</time>
      </trkpt>
      <trkpt lat="38.906624" lon="111.8385">
        <ele>1426.7079</ele>
        <time>2014-07-21T10:18:26.698000Z</time>
      </trkpt>
      <trkpt lat="38.90673" lon="111.83845">
        <ele>1424.6068</ele>
        <time>2014-07-21T10:18:29.829000Z</time>
      </trkpt>
      <trkpt lat="38.906826" lon="111.83841">
        <ele>1423.6824</ele>
        <time>2014-07-21T10:18:32.960000Z</time>
      </trkpt>
      <trkpt lat="38.90694" lon="111.83836">
        <ele>1423.5267</ele>
        <time>2014-07-21T10:18:36.091000Z</time>
      </trkpt>
      <trkpt lat="38.907047" lon="111.83831">
        <ele>1423.6577</ele>
        <time>2014-07-21T10:18:39.222000Z</time>
      </trkpt>
      <trkpt lat="38.907158" lon="111.83826">
        <ele>1423.8698</ele>
        <time>2014-07-21T10:18:42.353000Z</time>
      </trkpt>
      <trkpt lat="38.90727" lon="111.83822">
        <ele>1424.0856</ele>
        <time>2014-07-21T10:18:45.484000Z</time>
      </trkpt>
      <trkpt lat="38.90737" lon="111.83816">
        <ele>1423.6329</ele>
        <time>2014-07-21T10:18:48.615000Z</time>
      </trkpt>
      <trkpt lat="38.907463" lon="111.8381">
        <ele>1422.1244</ele>
        <time>2014-07-21T10:18:51.746000Z</time>
      </trkpt>
      <trkpt lat="38.907562" lon="111.838036">
        <ele>1420.7167</ele>
        <time>2014-07-21T10:18:54.877000Z</time>
      </trkpt>
      <trkpt lat="38.907646" lon="111.83796">
        <ele>1421.2507</ele>
        <time>2014-07-21T10:18:58.008000Z</time>
      </trkpt>
      <trkpt lat="38.90772" lon="111.83788">
        <ele>1423.784</ele>
        <time>2014-07-21T10:19:01.139000Z</time>
      </trkpt>
      <trkpt lat="38.90781" lon="111.837814">
        <ele>1426.7395</ele>
        <time>2014-07-21T10:19:04.270000Z</time>
      </trkpt>
      <trkpt lat="38.907925" lon="111.83774">
        <ele>1429.0853</ele>
        <time>2014-07-21T10:19:07.401000Z</time>
      </trkpt>
      <trkpt lat="38.908024" lon="111.83768">
        <ele>1430.7329</ele>
        <time>2014-07-21T10:19:10.532000Z</time>
      </trkpt>
      <trkpt lat="38.908123" lon="111.83762">
        <ele>1431.4192</ele>
        <time>2014-07-21T10:19:13.663000Z</time>
      </trkpt>
      <trkpt lat="38.908237" lon="111.837585">
        <ele>1431.2275</ele>
        <time>2014-07-21T10:19:16.794000Z</time>
      </trkpt>
      <trkpt lat="38.90834" lon="111.83754">
        <ele>1430.1304</ele>
        <time>2014-07-21T10:19:19.925000Z</time>
      </trkpt>
      <trkpt lat="38.908436" lon="111.83752">
        <ele>1427.787</ele>
        <time>2014-07-21T10:19:23.056000Z</time>
      </trkpt>
      <trkpt lat="38.908543" lon="111.83748">
        <ele>1424.7013</ele>
        <time>2014-07-21T10:19:26.187000Z</time>
      </trkpt>
      <trkpt lat="38.908634" lon="111.837425">
        <ele>1422.2115</ele>
        <time>2014-07-21T10:19:29.318000Z</time>
      </trkpt>
      <trkpt lat="38.90873" lon="111.83736">
        <ele>1421.0631</ele>
        <time>2014-07-21T10:19:32.449000Z</time>
      </trkpt>
      <trkpt lat="38.908825" lon="111.8373">
        <ele>1421.0011</ele>
        <time>2014-07-21T10:19:35.580000Z</time>
      </trkpt>
      <trkpt lat="38.908916" lon="111.837265">
        <ele>1421.5605</ele>
        <time>2014-07-21T10:19:38.711000Z</time>
      </trkpt>
      <trkpt lat="38.909027" lon="111.83722">
        <ele>1422.2471</ele>
        <time>2014-07-21T10:19:41.842000Z</time>
      </trkpt>
      <trkpt lat="38.909122" lon="111.83718">
        <ele>1422.5059</ele>
        <time>2014-07-21T10:19:44.973000Z</time>
      </trkpt>
      <trkpt lat="38.909203" lon="111.83712">
        <ele>1422.2628</ele>
        <time>2014-07-21T10:19:48.104000Z</time>
      </trkpt>
      <trkpt lat="38.909306" lon="111.83706">
        <ele>1421.7733</ele>
        <time>2014-07-21T10:19:51.235000Z</time>
      </trkpt>
      <trkpt lat="38.909412" lon="111.837">
        <ele>1421.035</ele>
        <time>2014-07-21T10:19:54.366000Z</time>
      </trkpt>
      <trkpt lat="38.9095" lon="111.83694">
        <ele>1420.1376</ele>
        <time>2014-07-21T10:19:57.497000Z</time>
      </trkpt>
      <trkpt lat="38.9096" lon="111.83689">
        <ele>1419.3938</ele>
        <time>2014-07-21T10:20:00.628000Z</time>
      </trkpt>
      <trkpt lat="38.909702" lon="111.83684">
        <ele>1418.868</ele>
        <time>2014-07-21T10:20:03.759000Z</time>
      </trkpt>
      <trkpt lat="38.90981" lon="111.83678">
        <ele>1418.3854</ele>
        <time>2014-07-21T10:20:06.890000Z</time>
      </trkpt>
      <trkpt lat="38.909912" lon="111.83671">
        <ele>1418.2281</ele>
        <time>2014-07-21T10:20:10.021000Z</time>
      </trkpt>
      <trkpt lat="38.91" lon="111.83665">
        <ele>1419.3252</ele>
        <time>2014-07-21T10:20:13.152000Z</time>
      </trkpt>
      <trkpt lat="38.910076" lon="111.83656">
        <ele>1422.0948</ele>
        <time>2014-07-21T10:20:16.283000Z</time>
      </trkpt>
      <trkpt lat="38.91019" lon="111.836464">
        <ele>1425.9824</ele>
        <time>2014-07-21T10:20:19.414000Z</time>
      </trkpt>
      <trkpt lat="38.910286" lon="111.8364">
        <ele>1429.979</ele>
        <time>2014-07-21T10:20:22.545000Z</time>
      </trkpt>
      <trkpt lat="38.910366" lon="111.83634">
        <ele>1433.3081</ele>
        <time>2014-07-21T10:20:25.676000Z</time>
      </trkpt>
      <trkpt lat="38.910454" lon="111.83624">
        <ele>1435.3346</ele>
        <time>2014-07-21T10:20:28.807000Z</time>
      </trkpt>
      <trkpt lat="38.910553" lon="111.83622">
        <ele>1435.8553</ele>
        <time>2014-07-21T10:20:31.938000Z</time>
      </trkpt>
      <trkpt lat="38.910652" lon="111.83618">
        <ele>1433.9508</ele>
        <time>2014-07-21T10:20:35.069000Z</time>
      </trkpt>
      <trkpt lat="38.910767" lon="111.836136">
        <ele>1429.3752</ele>
        <time>2014-07-21T10:20:38.200000Z</time>
      </trkpt>
      <trkpt lat="38.91088" lon="111.83611">
        <ele>1424.4209</ele>
        <time>2014-07-21T10:20:41.331000Z</time>
      </trkpt>
      <trkpt lat="38.910984" lon="111.836075">
        <ele>1421.1447</ele>
        <time>2014-07-21T10:20:44.462000Z</time>
      </trkpt>
      <trkpt lat="38.911095" lon="111.83603">
        <ele>1419.1945</ele>
        <time>2014-07-21T10:20:47.593000Z</time>
      </trkpt>
      <trkpt lat="38.911175" lon="111.83597">
        <ele>1418.2335</ele>
        <time>2014-07-21T10:20:50.724000Z</time>
      </trkpt>
      <trkpt lat="38.911285" lon="111.835915">
        <ele>1418.0508</ele>
        <time>2014-07-21T10:20:53.855000Z</time>
      </trkpt>
      <trkpt lat="38.911366" lon="111.83584">
        <ele>1418.4131</ele>
        <time>2014-07-21T10:20:56.986000Z</time>
      </trkpt>
      <trkpt lat="38.91144" lon="111.83578">
        <ele>1419.2178</ele>
        <time>2014-07-21T10:21:00.117000Z</time>
      </trkpt>
      <trkpt lat="38.911552" lon="111.83566">
        <ele>1420.5072</ele>
        <time>2014-07-21T10:21:03.248000Z</time>
      </trkpt>
      <trkpt lat="38.91166" lon="111.83556">
        <ele>1422.9272</ele>
        <time>2014-07-21T10:21:06.379000Z</time>
      </trkpt>
      <trkpt lat="38.911777" lon="111.83551">
        <ele>1426.7411</ele>
        <time>2014-07-21T10:21:09.510000Z</time>
      </trkpt>
      <trkpt lat="38.91187" lon="111.835495">
        <ele>1430.4569</ele>
        <time>2014-07-21T10:21:12.641000Z</time>
      </trkpt>
      <trkpt lat="38.911976" lon="111.835464">
        <ele>1432.0643</ele>
        <time>2014-07-21T10:21:15.772000Z</time>
      </trkpt>
      <trkpt lat="38.912067" lon="111.835396">
        <ele>1431.2992</ele>
        <time>2014-07-21T10:21:18.903000Z</time>
      </trkpt>
      <trkpt lat="38.91217" lon="111.83535">
        <ele>1429.772</ele>
        <time>2014-07-21T10:21:22.034000Z</time>
      </trkpt>
      <trkpt lat="38.91226" lon="111.83533">
        <ele>1428.6945</ele>
        <time>2014-07-21T10:21:25.165000Z</time>
      </trkpt>
      <trkpt lat="38.91237" lon="111.83532">
        <ele>1427.4458</ele>
        <time>2014-07-21T10:21:28.296000Z</time>
      </trkpt>
      <trkpt lat="38.912468" lon="111.83528">
        <ele>1425.2903</ele>
        <time>2014-07-21T10:21:31.427000Z</time>
      </trkpt>
      <trkpt lat="38.912582" lon="111.83524">
        <ele>1422.7928</ele>
        <time>2014-07-21T10:21:34.558000Z</time>
      </trkpt>
      <trkpt lat="38.912697" lon="111.83519">
        <ele>1420.503</ele>
        <time>2014-07-21T10:21:37.689000Z</time>
      </trkpt>
      <trkpt lat="38.9128" lon="111.83514">
        <ele>1418.351</ele>
        <time>2014-07-21T10:21:40.820000Z</time>
      </trkpt>
      <trkpt lat="38.912914" lon="111.8351">
        <ele>1416.7151</ele>
        <time>2014-07-21T10:21:43.951000Z</time>
      </trkpt>
      <trkpt lat="38.913006" lon="111.83504">
        <ele>1415.9668</ele>
        <time>2014-07-21T10:21:47.082000Z</time>
      </trkpt>
      <trkpt lat="38.913097" lon="111.83498">
        <ele>1415.7382</ele>
        <time>2014-07-21T10:21:50.213000Z</time>
      </trkpt>
      <trkpt lat="38.913208" lon="111.83492">
        <ele>1415.5885</ele>
        <time>2014-07-21T10:21:53.344000Z</time>
      </trkpt>
      <trkpt lat="38.91331" lon="111.83486">
        <ele>1415.5912</ele>
        <time>2014-07-21T10:21:56.475000Z</time>
      </trkpt>
      <trkpt lat="38.913425" lon="111.8348">
        <ele>1415.9194</ele>
        <time>2014-07-21T10:21:59.606000Z</time>
      </trkpt>
      <trkpt lat="38.91354" lon="111.83475">
        <ele>1416.1234</ele>
        <time>2014-07-21T10:22:02.737000Z</time>
      </trkpt>
      <trkpt lat="38.91364" lon="111.8347">
        <ele>1415.8215</ele>
        <time>2014-07-21T10:22:05.868000Z</time>
      </trkpt>
      <trkpt lat="38.913742" lon="111.834656">
        <ele>1415.4667</ele>
        <time>2014-07-21T10:22:08.999000Z</time>
      </trkpt>
      <trkpt lat="38.913826" lon="111.83459">
        <ele>1415.6162</ele>
        <time>2014-07-21T10:22:12.130000Z</time>
      </trkpt>
      <trkpt lat="38.913933" lon="111.83453">
        <ele>1416.1366</ele>
        <time>2014-07-21T10:22:15.261000Z</time>
      </trkpt>
      <trkpt lat="38.914036" lon="111.83448">
        <ele>1416.2881</ele>
        <time>2014-07-21T10:22:18.392000Z</time>
      </trkpt>
      <trkpt lat="38.91416" lon="111.83441">
        <ele>1415.5457</ele>
        <time>2014-07-21T10:22:21.523000Z</time>
      </trkpt>
      <trkpt lat="38.914246" lon="111.83436">
        <ele>1414.3501</ele>
        <time>2014-07-21T10:22:24.654000Z</time>
      </trkpt>
      <trkpt lat="38.91434" lon="111.83429">
        <ele>1413.8206</ele>
        <time>2014-07-21T10:22:27.785000Z</time>
      </trkpt>
      <trkpt lat="38.914444" lon="111.834236">
        <ele>1414.4785</ele>
        <time>2014-07-21T10:22:30.916000Z</time>
      </trkpt>
      <trkpt lat="38.91456" lon="111.83422">
        <ele>1415.6736</ele>
        <time>2014-07-21T10:22:34.047000Z</time>
      </trkpt>
      <trkpt lat="38.914665" lon="111.834175">
        <ele>1416.0042</ele>
        <time>2014-07-21T10:22:37.178000Z</time>
      </trkpt>
      <trkpt lat="38.91478" lon="111.834114">
        <ele>1414.7903</ele>
        <time>2014-07-21T10:22:40.309000Z</time>
      </trkpt>
      <trkpt lat="38.914875" lon="111.83403">
        <ele>1412.9329</ele>
        <time>2014-07-21T10:22:43.440000Z</time>
      </trkpt>
      <trkpt lat="38.91497" lon="111.83395">
        <ele>1411.9094</ele>
        <time>2014-07-21T10:22:46.571000Z</time>
      </trkpt>
      <trkpt lat="38.91509" lon="111.83388">
        <ele>1412.2662</ele>
        <time>2014-07-21T10:22:49.702000Z</time>
      </trkpt>
      <trkpt lat="38.9152" lon="111.833824">
        <ele>1413.4836</ele>
        <time>2014-07-21T10:22:52.833000Z</time>
      </trkpt>
      <trkpt lat="38.91531" lon="111.83378">
        <ele>1414.5594</ele>
        <time>2014-07-21T10:22:55.964000Z</time>
      </trkpt>
      <trkpt lat="38.9154" lon="111.833725">
        <ele>1414.4385</ele>
        <time>2014-07-21T10:22:59.095000Z</time>
      </trkpt>
      <trkpt lat="38.91551" lon="111.83364">
        <ele>1413.0023</ele>
        <time>2014-07-21T10:23:02.226000Z</time>
      </trkpt>
      <trkpt lat="38.915607" lon="111.83355">
        <ele>1412.2689</ele>
        <time>2014-07-21T10:23:05.357000Z</time>
      </trkpt>
      <trkpt lat="38.91572" lon="111.833435">
        <ele>1414.4932</ele>
        <time>2014-07-21T10:23:08.488000Z</time>
      </trkpt>
      <trkpt lat="38.915817" lon="111.83336">
        <ele>1419.6923</ele>
        <time>2014-07-21T10:23:11.619000Z</time>
      </trkpt>
      <trkpt lat="38.91594" lon="111.83332">
        <ele>1425.571</ele>
        <time>2014-07-21T10:23:14.750000Z</time>
      </trkpt>
      <trkpt lat="38.916042" lon="111.83329">
        <ele>1428.0663</ele>
        <time>2014-07-21T10:23:17.881000Z</time>
      </trkpt>
      <trkpt lat="38.91614" lon="111.83327">
        <ele>1425.4712</ele>
        <time>2014-07-21T10:23:21.012000Z</time>
      </trkpt>
      <trkpt lat="38.916233" lon="111.833206">
        <ele>1421.0309</ele>
        <time>2014-07-21T10:23:24.143000Z</time>
      </trkpt>
      <trkpt lat="38.916325" lon="111.83316">
        <ele>1418.0422</ele>
        <time>2014-07-21T10:23:27.274000Z</time>
      </trkpt>
      <trkpt lat="38.916424" lon="111.833084">
        <ele>1416.6625</ele>
        <time>2014-07-21T10:23:30.405000Z</time>
      </trkpt>
      <trkpt lat="38.916508" lon="111.83302">
        <ele>1416.1755</ele>
        <time>2014-07-21T10:23:33.536000Z</time>
      </trkpt>
      <trkpt lat="38.91659" lon="111.83296">
        <ele>1416.5967</ele>
        <time>2014-07-21T10:23:36.667000Z</time>
      </trkpt>
      <trkpt lat="38.916687" lon="111.83289">
        <ele>1418.1802</ele>
        <time>2014-07-21T10:23:39.798000Z</time>
      </trkpt>
      <trkpt lat="38.91678" lon="111.83284">
        <ele>1420.2985</ele>
        <time>2014-07-21T10:23:42.929000Z</time>
      </trkpt>
      <trkpt lat="38.916904" lon="111.83284">
        <ele>1422.3834</ele>
        <time>2014-07-21T10:23:46.060000Z</time>
      </trkpt>
      <trkpt lat="38.917004" lon="111.8329">
        <ele>1424.4551</ele>
        <time>2014-07-21T10:23:49.191000Z</time>
      </trkpt>
      <trkpt lat="38.91706" lon="111.83304">
        <ele>1425.9899</ele>
        <time>2014-07-21T10:23:52.322000Z</time>
      </trkpt>
      <trkpt lat="38.917103" lon="111.83319">
        <ele>1426.1691</ele>
        <time>2014-07-21T10:23:55.453000Z</time>
      </trkpt>
      <trkpt lat="38.91714" lon="111.83334">
        <ele>1424.9999</ele>
        <time>2014-07-21T10:23:58.584000Z</time>
      </trkpt>
      <trkpt lat="38.91721" lon="111.83346">
        <ele>1423.3837</ele>
        <time>2014-07-21T10:24:01.715000Z</time>
      </trkpt>
      <trkpt lat="38.91729" lon="111.833565">
        <ele>1422.31</ele>
        <time>2014-07-21T10:24:04.846000Z</time>
      </trkpt>
      <trkpt lat="38.917366" lon="111.83368">
        <ele>1422.059</ele>
        <time>2014-07-21T10:24:07.977000Z</time>
      </trkpt>
      <trkpt lat="38.917427" lon="111.833786">
        <ele>1422.6632</ele>
        <time>2014-07-21T10:24:11.108000Z</time>
      </trkpt>
      <trkpt lat="38.917484" lon="111.83389">
        <ele>1423.9612</ele>
        <time>2014-07-21T10:24:14.239000Z</time>
      </trkpt>
      <trkpt lat="38.91756" lon="111.83403">
        <ele>1425.6837</ele>
        <time>2014-07-21T10:24:17.370000Z</time>
      </trkpt>
      <trkpt lat="38.917625" lon="111.83413">
        <ele>1427.496</ele>
        <time>2014-07-21T10:24:20.501000Z</time>
      </trkpt>
      <trkpt lat="38.917686" lon="111.83427">
        <ele>1428.9425</ele>
        <time>2014-07-21T10:24:23.632000Z</time>
      </trkpt>
      <trkpt lat="38.917732" lon="111.83441">
        <ele>1429.6041</ele>
        <time>2014-07-21T10:24:26.763000Z</time>
      </trkpt>
      <trkpt lat="38.917774" lon="111.834526">
        <ele>1429.6823</ele>
        <time>2014-07-21T10:24:29.894000Z</time>
      </trkpt>
      <trkpt lat="38.917828" lon="111.834656">
        <ele>1429.5261</ele>
        <time>2014-07-21T10:24:33.025000Z</time>
      </trkpt>
      <trkpt lat="38.917877" lon="111.83477">
        <ele>1429.3256</ele>
        <time>2014-07-21T10:24:36.156000Z</time>
      </trkpt>
      <trkpt lat="38.917904" lon="111.8349">
        <ele>1429.2096</ele>
        <time>2014-07-21T10:24:39.287000Z</time>
      </trkpt>
      <trkpt lat="38.917946" lon="111.83503">
        <ele>1429.4678</ele>
        <time>2014-07-21T10:24:42.418000Z</time>
      </trkpt>
      <trkpt lat="38.918026" lon="111.83516">
        <ele>1430.06</ele>
        <time>2014-07-21T10:24:45.549000Z</time>
      </trkpt>
      <trkpt lat="38.918087" lon="111.83527">
        <ele>1430.5612</ele>
        <time>2014-07-21T10:24:48.680000Z</time>
      </trkpt>
      <trkpt lat="38.918106" lon="111.83541">
        <ele>1430.3477</ele>
        <time>2014-07-21T10:24:51.811000Z</time>
      </trkpt>
      <trkpt lat="38.91811" lon="111.83554">
        <ele>1429.4264</ele>
        <time>2014-07-21T10:24:54.942000Z</time>
      </trkpt>
      <trkpt lat="38.918118" lon="111.8357">
        <ele>1428.1129</ele>
        <time>2014-07-21T10:24:58.073000Z</time>
      </trkpt>
      <trkpt lat="38.91815" lon="111.835846">
        <ele>1426.3077</ele>
        <time>2014-07-21T10:25:01.204000Z</time>
      </trkpt>
      <trkpt lat="38.918186" lon="111.835976">
        <ele>1424.2551</ele>
        <time>2014-07-21T10:25:04.335000Z</time>
      </trkpt>
      <trkpt lat="38.918236" lon="111.83609">
        <ele>1423.1859</ele>
        <time>2014-07-21T10:25:07.466000Z</time>
      </trkpt>
      <trkpt lat="38.918274" lon="111.836235">
        <ele>1423.5807</ele>
        <time>2014-07-21T10:25:10.597000Z</time>
      </trkpt>
      <trkpt lat="38.918316" lon="111.83639">
        <ele>1423.9264</ele>
        <time>2014-07-21T10:25:13.728000Z</time>
      </trkpt>
      <trkpt lat="38.91834" lon="111.83653">
        <ele>1422.9858</ele>
        <time>2014-07-21T10:25:16.859000Z</time>
      </trkpt>
      <trkpt lat="38.918365" lon="111.8367">
        <ele>1421.5496</ele>
        <time>2014-07-21T10:25:19.990000Z</time>
      </trkpt>
      <trkpt lat="38.918373" lon="111.83686">
        <ele>1420.4446</ele>
        <time>2014-07-21T10:25:23.121000Z</time>
      </trkpt>
      <trkpt lat="38.91839" lon="111.83701">
        <ele>1419.5859</ele>
        <time>2014-07-21T10:25:26.252000Z</time>
      </trkpt>
      <trkpt lat="38.91839" lon="111.83716">
        <ele>1419.0768</ele>
        <time>2014-07-21T10:25:29.383000Z</time>
      </trkpt>
      <trkpt lat="38.91839" lon="111.83729">
        <ele>1419.0446</ele>
        <time>2014-07-21T10:25:32.514000Z</time>
      </trkpt>
      <trkpt lat="38.91839" lon="111.83743">
        <ele>1419.2899</ele>
        <time>2014-07-21T10:25:35.645000Z</time>
      </trkpt>
      <trkpt lat="38.91838" lon="111.837585">
        <ele>1419.5476</ele>
        <time>2014-07-21T10:25:38.776000Z</time>
      </trkpt>
      <trkpt lat="38.91837" lon="111.837746">
        <ele>1419.4388</ele>
        <time>2014-07-21T10:25:41.907000Z</time>
      </trkpt>
      <trkpt lat="38.918365" lon="111.83789">
        <ele>1418.8312</ele>
        <time>2014-07-21T10:25:45.038000Z</time>
      </trkpt>
      <trkpt lat="38.918365" lon="111.83802">
        <ele>1418.2667</ele>
        <time>2014-07-21T10:25:48.169000Z</time>
      </trkpt>
      <trkpt lat="38.91836" lon="111.838165">
        <ele>1418.4032</ele>
        <time>2014-07-21T10:25:51.300000Z</time>
      </trkpt>
      <trkpt lat="38.91837" lon="111.83831">
        <ele>1419.2029</ele>
        <time>2014-07-21T10:25:54.431000Z</time>
      </trkpt>
      <trkpt lat="38.918385" lon="111.83847">
        <ele>1420.0962</ele>
        <time>2014-07-21T10:25:57.562000Z</time>
      </trkpt>
      <trkpt lat="38.918385" lon="111.8386">
        <ele>1420.6825</ele>
        <time>2014-07-21T10:26:00.693000Z</time>
      </trkpt>
      <trkpt lat="38.91839" lon="111.838745">
        <ele>1420.9939</ele>
        <time>2014-07-21T10:26:03.824000Z</time>
      </trkpt>
      <trkpt lat="38.918385" lon="111.83889">
        <ele>1421.1287</ele>
        <time>2014-07-21T10:26:06.955000Z</time>
      </trkpt>
      <trkpt lat="38.918377" lon="111.83904">
        <ele>1421.2148</ele>
        <time>2014-07-21T10:26:10.086000Z</time>
      </trkpt>
      <trkpt lat="38.918365" lon="111.83918">
        <ele>1421.5151</ele>
        <time>2014-07-21T10:26:13.217000Z</time>
      </trkpt>
      <trkpt lat="38.918358" lon="111.8393">
        <ele>1422.0444</ele>
        <time>2014-07-21T10:26:16.347000Z</time>
      </trkpt>
      <trkpt lat="38.918346" lon="111.83946">
        <ele>1422.4941</ele>
        <time>2014-07-21T10:26:19.477000Z</time>
      </trkpt>
      <trkpt lat="38.918335" lon="111.8396">
        <ele>1422.5726</ele>
        <time>2014-07-21T10:26:22.607000Z</time>
      </trkpt>
      <trkpt lat="38.918324" lon="111.839714">
        <ele>1422.3015</ele>
        <time>2014-07-21T10:26:25.737000Z</time>
      </trkpt>
      <trkpt lat="38.918324" lon="111.83985">
        <ele>1421.9663</ele>
        <time>2014-07-21T10:26:28.867000Z</time>
      </trkpt>
      <trkpt lat="38.918312" lon="111.840004">
        <ele>1421.9198</ele>
        <time>2014-07-21T10:26:31.997000Z</time>
      </trkpt>
      <trkpt lat="38.91831" lon="111.84015">
        <ele>1422.2181</ele>
        <time>2014-07-21T10:26:35.127000Z</time>
      </trkpt>
      <trkpt lat="38.918312" lon="111.84031">
        <ele>1422.5519</ele>
        <time>2014-07-21T10:26:38.257000Z</time>
      </trkpt>
      <trkpt lat="38.918312" lon="111.840454">
        <ele>1422.571</ele>
        <time>2014-07-21T10:26:41.387000Z</time>
      </trkpt>
      <trkpt lat="38.918324" lon="111.8406">
        <ele>1422.0045</ele>
        <time>2014-07-21T10:26:44.517000Z</time>
      </trkpt>
      <trkpt lat="38.918335" lon="111.84076">
        <ele>1420.8458</ele>
        <time>2014-07-21T10:26:47.647000Z</time>
      </trkpt>
      <trkpt lat="38.918343" lon="111.84092">
        <ele>1419.6523</ele>
        <time>2014-07-21T10:26:50.777000Z</time>
      </trkpt>
      <trkpt lat="38.918327" lon="111.84108">
        <ele>1418.97</ele>
        <time>2014-07-21T10:26:53.907000Z</time>
      </trkpt>
      <trkpt lat="38.91833" lon="111.84122">
        <ele>1419.0854</ele>
        <time>2014-07-21T10:26:57.037000Z</time>
      </trkpt>
      <trkpt lat="38.918316" lon="111.84135">
        <ele>1420.0784</ele>
        <time>2014-07-21T10:27:00.167000Z</time>
      </trkpt>
      <trkpt lat="38.91831" lon="111.84148">
        <ele>1421.4508</ele>
        <time>2014-07-21T10:27:03.297000Z</time>
      </trkpt>
      <trkpt lat="38.9183" lon="111.84163">
        <ele>1422.4792</ele>
        <time>2014-07-21T10:27:06.427000Z</time>
      </trkpt>
      <trkpt lat="38.918297" lon="111.84175">
        <ele>1422.485</ele>
        <time>2014-07-21T10:27:09.557000Z</time>
      </trkpt>
      <trkpt lat="38.9183" lon="111.8419">
        <ele>1421.379</ele>
        <time>2014-07-21T10:27:12.687000Z</time>
      </trkpt>
      <trkpt lat="38.918304" lon="111.84205">
        <ele>1420.408</ele>
        <time>2014-07-21T10:27:15.817000Z</time>
      </trkpt>
      <trkpt lat="38.918304" lon="111.84218">
        <ele>1420.6228</ele>
        <time>2014-07-21T10:27:18.947000Z</time>
      </trkpt>
      <trkpt lat="38.9183" lon="111.84232">
        <ele>1421.5538</ele>
        <time>2014-07-21T10:27:22.077000Z</time>
      </trkpt>
      <trkpt lat="38.918304" lon="111.84246">
        <ele>1422.3148</ele>
        <time>2014-07-21T10:27:25.207000Z</time>
      </trkpt>
      <trkpt lat="38.918312" lon="111.84262">
        <ele>1422.4381</ele>
        <time>2014-07-21T10:27:28.337000Z</time>
      </trkpt>
      <trkpt lat="38.918316" lon="111.84278">
        <ele>1422.0105</ele>
        <time>2014-07-21T10:27:31.467000Z</time>
      </trkpt>
      <trkpt lat="38.918316" lon="111.842896">
        <ele>1421.5673</ele>
        <time>2014-07-21T10:27:34.597000Z</time>
      </trkpt>
      <trkpt lat="38.918312" lon="111.84302">
        <ele>1421.4835</ele>
        <time>2014-07-21T10:27:37.727000Z</time>
      </trkpt>
      <trkpt lat="38.918293" lon="111.84315">
        <ele>1421.7723</ele>
        <time>2014-07-21T10:27:40.857000Z</time>
      </trkpt>
      <trkpt lat="38.91827" lon="111.84327">
        <ele>1422.2721</ele>
        <time>2014-07-21T10:27:43.987000Z</time>
      </trkpt>
      <trkpt lat="38.91821" lon="111.84338">
        <ele>1422.691</ele>
        <time>2014-07-21T10:27:47.117000Z</time>
      </trkpt>
      <trkpt lat="38.918163" lon="111.84351">
        <ele>1422.8691</ele>
        <time>2014-07-21T10:27:50.247000Z</time>
      </trkpt>
      <trkpt lat="38.91813" lon="111.84364">
        <ele>1422.8384</ele>
        <time>2014-07-21T10:27:53.377000Z</time>
      </trkpt>
      <trkpt lat="38.91809" lon="111.843765">
        <ele>1422.7572</ele>
        <time>2014-07-21T10:27:56.507000Z</time>
      </trkpt>
      <trkpt lat="38.91803" lon="111.84389">
        <ele>1423.0334</ele>
        <time>2014-07-21T10:27:59.637000Z</time>
      </trkpt>
      <trkpt lat="38.917976" lon="111.844">
        <ele>1424.1458</ele>
        <time>2014-07-21T10:28:02.767000Z</time>
      </trkpt>
      <trkpt lat="38.91791" lon="111.84409">
        <ele>1425.8055</ele>
        <time>2014-07-21T10:28:05.897000Z</time>
      </trkpt>
      <trkpt lat="38.917847" lon="111.8442">
        <ele>1427.1493</ele>
        <time>2014-07-21T10:28:09.027000Z</time>
      </trkpt>
      <trkpt lat="38.91778" lon="111.84433">
        <ele>1427.7273</ele>
        <time>2014-07-21T10:28:12.157000Z</time>
      </trkpt>
      <trkpt lat="38.917732" lon="111.844444">
        <ele>1427.3807</ele>
        <time>2014-07-21T10:28:15.287000Z</time>
      </trkpt>
      <trkpt lat="38.917667" lon="111.84457">
        <ele>1426.2493</ele>
        <time>2014-07-21T10:28:18.417000Z</time>
      </trkpt>
      <trkpt lat="38.917625" lon="111.84469">
        <ele>1425.2141</ele>
        <time>2014-07-21T10:28:21.547000Z</time>
      </trkpt>
      <trkpt lat="38.917572" lon="111.84481">
        <ele>1425.072</ele>
        <time>2014-07-21T10:28:24.677000Z</time>
      </trkpt>
      <trkpt lat="38.917526" lon="111.84493">
        <ele>1425.4879</ele>
        <time>2014-07-21T10:28:27.807000Z</time>
      </trkpt>
      <trkpt lat="38.917477" lon="111.84503">
        <ele>1425.928</ele>
        <time>2014-07-21T10:28:30.937000Z</time>
      </trkpt>
      <trkpt lat="38.91743" lon="111.84515">
        <ele>1426.3153</ele>
        <time>2014-07-21T10:28:34.067000Z</time>
      </trkpt>
      <trkpt lat="38.917366" lon="111.84529">
        <ele>1426.5533</ele>
        <time>2014-07-21T10:28:37.197000Z</time>
      </trkpt>
      <trkpt lat="38.917313" lon="111.84542">
        <ele>1426.2764</ele>
        <time>2014-07-21T10:28:40.327000Z</time>
      </trkpt>
      <trkpt lat="38.917263" lon="111.84554">
        <ele>1425.4204</ele>
        <time>2014-07-21T10:28:43.457000Z</time>
      </trkpt>
      <trkpt lat="38.91721" lon="111.84568">
        <ele>1424.3927</ele>
        <time>2014-07-21T10:28:46.587000Z</time>
      </trkpt>
      <trkpt lat="38.917156" lon="111.84578">
        <ele>1423.849</ele>
        <time>2014-07-21T10:28:49.717000Z</time>
      </trkpt>
      <trkpt lat="38.917103" lon="111.84592">
        <ele>1423.917</ele>
        <time>2014-07-21T10:28:52.847000Z</time>
      </trkpt>
      <trkpt lat="38.917046" lon="111.84603">
        <ele>1424.1237</ele>
        <time>2014-07-21T10:28:55.977000Z</time>
      </trkpt>
      <trkpt lat="38.916996" lon="111.84615">
        <ele>1424.0765</ele>
        <time>2014-07-21T10:28:59.107000Z</time>
      </trkpt>
      <trkpt lat="38.91694" lon="111.8463">
        <ele>1423.9154</ele>
        <time>2014-07-21T10:29:02.237000Z</time>
      </trkpt>
      <trkpt lat="38.91688" lon="111.84643">
        <ele>1423.8663</ele>
        <time>2014-07-21T10:29:05.367000Z</time>
      </trkpt>
      <trkpt lat="38.916824" lon="111.84655">
        <ele>1423.8744</ele>
        <time>2014-07-21T10:29:08.497000Z</time>
      </trkpt>
      <trkpt lat="38.916775" lon="111.84667">
        <ele>1423.7482</ele>
        <time>2014-07-21T10:29:11.627000Z</time>
      </trkpt>
      <trkpt lat="38.91672" lon="111.846794">
        <ele>1423.5073</ele>
        <time>2014-07-21T10:29:14.757000Z</time>
      </trkpt>
      <trkpt lat="38.916656" lon="111.8469">
        <ele>1423.3649</ele>
        <time>2014-07-21T10:29:17.887000Z</time>
      </trkpt>
      <trkpt lat="38.916576" lon="111.846985">
        <ele>1423.6593</ele>
        <time>2014-07-21T10:29:21.017000Z</time>
      </trkpt>
      <trkpt lat="38.9165" lon="111.84707">
        <ele>1424.45</ele>
        <time>2014-07-21T10:29:24.147000Z</time>
      </trkpt>
      <trkpt lat="38.916428" lon="111.84718">
        <ele>1425.2227</ele>
        <time>2014-07-21T10:29:27.277000Z</time>
      </trkpt>
      <trkpt lat="38.9164" lon="111.84733">
        <ele>1425.4646</ele>
        <time>2014-07-21T10:29:30.407000Z</time>
      </trkpt>
      <trkpt lat="38.91636" lon="111.84746">
        <ele>1425.2714</ele>
        <time>2014-07-21T10:29:33.537000Z</time>
      </trkpt>
      <trkpt lat="38.916313" lon="111.84756">
        <ele>1424.9677</ele>
        <time>2014-07-21T10:29:36.667000Z</time>
      </trkpt>
      <trkpt lat="38.916256" lon="111.8477">
        <ele>1424.771</ele>
        <time>2014-07-21T10:29:39.797000Z</time>
      </trkpt>
      <trkpt lat="38.916206" lon="111.84784">
        <ele>1424.7109</ele>
        <time>2014-07-21T10:29:42.927000Z</time>
      </trkpt>
      <trkpt lat="38.91616" lon="111.84795">
        <ele>1424.8976</ele>
        <time>2014-07-21T10:29:46.057000Z</time>
      </trkpt>
      <trkpt lat="38.91611" lon="111.84806">
        <ele>1425.4293</ele>
        <time>2014-07-21T10:29:49.187000Z</time>
      </trkpt>
      <trkpt lat="38.91606" lon="111.84817">
        <ele>1426.0677</ele>
        <time>2014-07-21T10:29:52.317000Z</time>
      </trkpt>
      <trkpt lat="38.916016" lon="111.84827">
        <ele>1426.4647</ele>
        <time>2014-07-21T10:29:55.447000Z</time>
      </trkpt>
      <trkpt lat="38.91597" lon="111.84838">
        <ele>1426.3348</ele>
        <time>2014-07-21T10:29:58.577000Z</time>
      </trkpt>
      <trkpt lat="38.915916" lon="111.84849">
        <ele>1425.6672</ele>
        <time>2014-07-21T10:30:01.707000Z</time>
      </trkpt>
      <trkpt lat="38.91586" lon="111.84862">
        <ele>1425.762</ele>
        <time>2014-07-21T10:30:04.837000Z</time>
      </trkpt>
      <trkpt lat="38.915817" lon="111.84873">
        <ele>1427.5172</ele>
        <time>2014-07-21T10:30:07.967000Z</time>
      </trkpt>
      <trkpt lat="38.915768" lon="111.848854">
        <ele>1429.1168</ele>
        <time>2014-07-21T10:30:11.097000Z</time>
      </trkpt>
      <trkpt lat="38.915714" lon="111.84897">
        <ele>1428.894</ele>
        <time>2014-07-21T10:30:14.227000Z</time>
      </trkpt>
      <trkpt lat="38.91566" lon="111.8491">
        <ele>1427.93</ele>
        <time>2014-07-21T10:30:17.357000Z</time>
      </trkpt>
      <trkpt lat="38.915615" lon="111.849205">
        <ele>1427.5634</ele>
        <time>2014-07-21T10:30:20.487000Z</time>
      </trkpt>
      <trkpt lat="38.915558" lon="111.849335">
        <ele>1427.7294</ele>
        <time>2014-07-21T10:30:23.617000Z</time>
      </trkpt>
      <trkpt lat="38.915516" lon="111.849434">
        <ele>1427.8938</ele>
        <time>2014-07-21T10:30:26.747000Z</time>
      </trkpt>
      <trkpt lat="38.915474" lon="111.84955">
        <ele>1427.8304</ele>
        <time>2014-07-21T10:30:29.877000Z</time>
      </trkpt>
      <trkpt lat="38.91541" lon="111.849686">
        <ele>1427.656</ele>
        <time>2014-07-21T10:30:33.007000Z</time>
      </trkpt>
      <trkpt lat="38.915356" lon="111.84981">
        <ele>1427.6111</ele>
        <time>2014-07-21T10:30:36.137000Z</time>
      </trkpt>
      <trkpt lat="38.915302" lon="111.84992">
        <ele>1427.961</ele>
        <time>2014-07-21T10:30:39.267000Z</time>
      </trkpt>
      <trkpt lat="38.915257" lon="111.85002">
        <ele>1428.751</ele>
        <time>2014-07-21T10:30:42.397000Z</time>
      </trkpt>
      <trkpt lat="38.915207" lon="111.85015">
        <ele>1429.5653</ele>
        <time>2014-07-21T10:30:45.527000Z</time>
      </trkpt>
      <trkpt lat="38.91516" lon="111.850266">
        <ele>1429.8613</ele>
        <time>2014-07-21T10:30:48.657000Z</time>
      </trkpt>
      <trkpt lat="38.915092" lon="111.850395">
        <ele>1429.1317</ele>
        <time>2014-07-21T10:30:51.787000Z</time>
      </trkpt>
      <trkpt lat="38.915047" lon="111.8505">
        <ele>1427.5334</ele>
        <time>2014-07-21T10:30:54.917000Z</time>
      </trkpt>
      <trkpt lat="38.914993" lon="111.850624">
        <ele>1426.6162</ele>
        <time>2014-07-21T10:30:58.047000Z</time>
      </trkpt>
      <trkpt lat="38.91494" lon="111.85076">
        <ele>1427.4108</ele>
        <time>2014-07-21T10:31:01.177000Z</time>
      </trkpt>
      <trkpt lat="38.91489" lon="111.85088">
        <ele>1428.8479</ele>
        <time>2014-07-21T10:31:04.307000Z</time>
      </trkpt>
      <trkpt lat="38.91485" lon="111.851">
        <ele>1429.6035</ele>
        <time>2014-07-21T10:31:07.437000Z</time>
      </trkpt>
      <trkpt lat="38.914787" lon="111.85112">
        <ele>1429.622</ele>
        <time>2014-07-21T10:31:10.567000Z</time>
      </trkpt>
      <trkpt lat="38.91471" lon="111.85124">
        <ele>1429.3845</ele>
        <time>2014-07-21T10:31:13.697000Z</time>
      </trkpt>
      <trkpt lat="38.914673" lon="111.851364">
        <ele>1429.0945</ele>
        <time>2014-07-21T10:31:16.827000Z</time>
      </trkpt>
      <trkpt lat="38.914623" lon="111.85149">
        <ele>1428.7473</ele>
        <time>2014-07-21T10:31:19.957000Z</time>
      </trkpt>
      <trkpt lat="38.91458" lon="111.85159">
        <ele>1428.4836</ele>
        <time>2014-07-21T10:31:23.087000Z</time>
      </trkpt>
      <trkpt lat="38.914524" lon="111.851715">
        <ele>1428.5609</ele>
        <time>2014-07-21T10:31:26.217000Z</time>
      </trkpt>
      <trkpt lat="38.91448" lon="111.85183">
        <ele>1429.2961</ele>
        <time>2014-07-21T10:31:29.347000Z</time>
      </trkpt>
      <trkpt lat="38.914433" lon="111.85194">
        <ele>1430.5687</ele>
        <time>2014-07-21T10:31:32.477000Z</time>
      </trkpt>
      <trkpt lat="38.91438" lon="111.85206">
        <ele>1431.481</ele>
        <time>2014-07-21T10:31:35.607000Z</time>
      </trkpt>
      <trkpt lat="38.91433" lon="111.85218">
        <ele>1431.505</ele>
        <time>2014-07-21T10:31:38.737000Z</time>
      </trkpt>
      <trkpt lat="38.914276" lon="111.8523">
        <ele>1431.2485</ele>
        <time>2014-07-21T10:31:41.867000Z</time>
      </trkpt>
      <trkpt lat="38.914215" lon="111.85244">
        <ele>1431.3285</ele>
        <time>2014-07-21T10:31:44.997000Z</time>
      </trkpt>
      <trkpt lat="38.91416" lon="111.85257">
        <ele>1431.6232</ele>
        <time>2014-07-21T10:31:48.127000Z</time>
      </trkpt>
      <trkpt lat="38.91412" lon="111.85269">
        <ele>1431.8298</ele>
        <time>2014-07-21T10:31:51.257000Z</time>
      </trkpt>
      <trkpt lat="38.914055" lon="111.85283">
        <ele>1431.8209</ele>
        <time>2014-07-21T10:31:54.387000Z</time>
      </trkpt>
      <trkpt lat="38.914055" lon="111.85283">
        <ele>1431.4546</ele>
        <time>2014-07-21T10:31:57.517000Z</time>
      </trkpt>
      <trkpt lat="38.914013" lon="111.852936">
        <ele>1430.8195</ele>
        <time>2014-07-21T10:32:00.647000Z</time>
      </trkpt>
      <trkpt lat="38.91396" lon="111.85305">
        <ele>1430.6178</ele>
        <time>2014-07-21T10:32:03.777000Z</time>
      </trkpt>
      <trkpt lat="38.913906" lon="111.85317">
        <ele>1431.2466</ele>
        <time>2014-07-21T10:32:06.907000Z</time>
      </trkpt>
      <trkpt lat="38.913845" lon="111.853294">
        <ele>1431.8165</ele>
        <time>2014-07-21T10:32:10.037000Z</time>
      </trkpt>
      <trkpt lat="38.91379" lon="111.85341">
        <ele>1430.7805</ele>
        <time>2014-07-21T10:32:13.167000Z</time>
      </trkpt>
      <trkpt lat="38.91374" lon="111.85353">
        <ele>1430.4752</ele>
        <time>2014-07-21T10:32:16.297000Z</time>
      </trkpt>
      <trkpt lat="38.91369" lon="111.85366">
        <ele>1430.7621</ele>
        <time>2014-07-21T10:32:19.427000Z</time>
      </trkpt>
      <trkpt lat="38.913635" lon="111.8538">
        <ele>1431.475</ele>
        <time>2014-07-21T10:32:22.557000Z</time>
      </trkpt>
      <trkpt lat="38.913612" lon="111.85391">
        <ele>1432.3234</ele>
        <time>2014-07-21T10:32:25.687000Z</time>
      </trkpt>
      <trkpt lat="38.913715" lon="111.85393">
        <ele>1432.9814</ele>
        <time>2014-07-21T10:32:28.817000Z</time>
      </trkpt>
      <trkpt lat="38.9138" lon="111.85397">
        <ele>1433.7136</ele>
        <time>2014-07-21T10:32:31.947000Z</time>
      </trkpt>
      <trkpt lat="38.91389" lon="111.854034">
        <ele>1434.8523</ele>
        <time>2014-07-21T10:32:35.077000Z</time>
      </trkpt>
      <trkpt lat="38.91397" lon="111.8541">
        <ele>1435.539</ele>
        <time>2014-07-21T10:32:38.207000Z</time>
      </trkpt>
      <trkpt lat="38.914013" lon="111.85421">
        <ele>1434.9889</ele>
        <time>2014-07-21T10:32:41.337000Z</time>
      </trkpt>
      <trkpt lat="38.914043" lon="111.85435">
        <ele>1433.8674</ele>
        <time>2014-07-21T10:32:44.467000Z</time>
      </trkpt>
      <trkpt lat="38.914116" lon="111.85445">
        <ele>1433.1604</ele>
        <time>2014-07-21T10:32:47.597000Z</time>
      </trkpt>
      <trkpt lat="38.913376" lon="111.854744">
        <ele>1435.2817</ele>
        <time>2014-07-21T10:32:50.727000Z</time>
      </trkpt>
      <trkpt lat="38.91336" lon="111.85475">
        <ele>1435.4714</ele>
        <time>2014-07-21T10:32:53.857000Z</time>
      </trkpt>
      <trkpt lat="38.91326" lon="111.854744">
        <ele>1435.4343</ele>
        <time>2014-07-21T10:32:56.987000Z</time>
      </trkpt>
      <trkpt lat="38.91315" lon="111.854805">
        <ele>1435.6885</ele>
        <time>2014-07-21T10:33:00.117000Z</time>
      </trkpt>
      <trkpt lat="38.91308" lon="111.8549">
        <ele>1437.1655</ele>
        <time>2014-07-21T10:33:03.247000Z</time>
      </trkpt>
      <trkpt lat="38.913025" lon="111.854996">
        <ele>1437.2805</ele>
        <time>2014-07-21T10:33:06.377000Z</time>
      </trkpt>
      <trkpt lat="38.912975" lon="111.85511">
        <ele>1436.7726</ele>
        <time>2014-07-21T10:33:09.507000Z</time>
      </trkpt>
      <trkpt lat="38.91292" lon="111.85523">
        <ele>1436.1548</ele>
        <time>2014-07-21T10:33:12.637000Z</time>
      </trkpt>
      <trkpt lat="38.912872" lon="111.85533">
        <ele>1435.819</ele>
        <time>2014-07-21T10:33:15.767000Z</time>
      </trkpt>
      <trkpt lat="38.91283" lon="111.85543">
        <ele>1435.7338</ele>
        <time>2014-07-21T10:33:18.897000Z</time>
      </trkpt>
      <trkpt lat="38.912785" lon="111.855545">
        <ele>1435.7041</ele>
        <time>2014-07-21T10:33:22.027000Z</time>
      </trkpt>
      <trkpt lat="38.912743" lon="111.85565">
        <ele>1435.5393</ele>
        <time>2014-07-21T10:33:25.157000Z</time>
      </trkpt>
      <trkpt lat="38.912697" lon="111.85577">
        <ele>1435.317</ele>
        <time>2014-07-21T10:33:28.287000Z</time>
      </trkpt>
      <trkpt lat="38.91265" lon="111.85587">
        <ele>1435.499</ele>
        <time>2014-07-21T10:33:31.417000Z</time>
      </trkpt>
      <trkpt lat="38.912594" lon="111.85598">
        <ele>1436.2283</ele>
        <time>2014-07-21T10:33:34.547000Z</time>
      </trkpt>
      <trkpt lat="38.91254" lon="111.85608">
        <ele>1436.8948</ele>
        <time>2014-07-21T10:33:37.677000Z</time>
      </trkpt>
      <trkpt lat="38.91248" lon="111.8562">
        <ele>1436.8691</ele>
        <time>2014-07-21T10:33:40.807000Z</time>
      </trkpt>
      <trkpt lat="38.912422" lon="111.856346">
        <ele>1436.4382</ele>
        <time>2014-07-21T10:33:43.937000Z</time>
      </trkpt>
      <trkpt lat="38.912373" lon="111.85646">
        <ele>1436.4072</ele>
        <time>2014-07-21T10:33:47.067000Z</time>
      </trkpt>
      <trkpt lat="38.912327" lon="111.85656">
        <ele>1436.9441</ele>
        <time>2014-07-21T10:33:50.197000Z</time>
      </trkpt>
      <trkpt lat="38.91228" lon="111.85667">
        <ele>1437.7186</ele>
        <time>2014-07-21T10:33:53.327000Z</time>
      </trkpt>
      <trkpt lat="38.91224" lon="111.85678">
        <ele>1438.5399</ele>
        <time>2014-07-21T10:33:56.457000Z</time>
      </trkpt>
      <trkpt lat="38.91219" lon="111.85689">
        <ele>1439.1672</ele>
        <time>2014-07-21T10:33:59.587000Z</time>
      </trkpt>
      <trkpt lat="38.912144" lon="111.857">
        <ele>1439.4403</ele>
        <time>2014-07-21T10:34:02.717000Z</time>
      </trkpt>
      <trkpt lat="38.912083" lon="111.85714">
        <ele>1439.4117</ele>
        <time>2014-07-21T10:34:05.847000Z</time>
      </trkpt>
      <trkpt lat="38.91203" lon="111.85725">
        <ele>1438.827</ele>
        <time>2014-07-21T10:34:08.977000Z</time>
      </trkpt>
      <trkpt lat="38.911976" lon="111.85736">
        <ele>1437.6763</ele>
        <time>2014-07-21T10:34:12.107000Z</time>
      </trkpt>
      <trkpt lat="38.911926" lon="111.85748">
        <ele>1437.0034</ele>
        <time>2014-07-21T10:34:15.237000Z</time>
      </trkpt>
      <trkpt lat="38.911884" lon="111.85759">
        <ele>1437.643</ele>
        <time>2014-07-21T10:34:18.367000Z</time>
      </trkpt>
      <trkpt lat="38.911842" lon="111.857704">
        <ele>1439.1145</ele>
        <time>2014-07-21T10:34:21.497000Z</time>
      </trkpt>
      <trkpt lat="38.91178" lon="111.857834">
        <ele>1440.5236</ele>
        <time>2014-07-21T10:34:24.627000Z</time>
      </trkpt>
      <trkpt lat="38.911736" lon="111.85795">
        <ele>1441.4508</ele>
        <time>2014-07-21T10:34:27.757000Z</time>
      </trkpt>
      <trkpt lat="38.911682" lon="111.85806">
        <ele>1441.8649</ele>
        <time>2014-07-21T10:34:30.887000Z</time>
      </trkpt>
      <trkpt lat="38.91163" lon="111.85817">
        <ele>1441.9061</ele>
        <time>2014-07-21T10:34:34.017000Z</time>
      </trkpt>
      <trkpt lat="38.91158" lon="111.85831">
        <ele>1441.7426</ele>
        <time>2014-07-21T10:34:37.147000Z</time>
      </trkpt>
      <trkpt lat="38.911526" lon="111.85843">
        <ele>1441.5641</ele>
        <time>2014-07-21T10:34:40.277000Z</time>
      </trkpt>
      <trkpt lat="38.91147" lon="111.85855">
        <ele>1441.5294</ele>
        <time>2014-07-21T10:34:43.407000Z</time>
      </trkpt>
      <trkpt lat="38.911415" lon="111.858696">
        <ele>1441.8304</ele>
        <time>2014-07-21T10:34:46.537000Z</time>
      </trkpt>
      <trkpt lat="38.91137" lon="111.85881">
        <ele>1442.3926</ele>
        <time>2014-07-21T10:34:49.667000Z</time>
      </trkpt>
      <trkpt lat="38.91132" lon="111.85895">
        <ele>1442.4062</ele>
        <time>2014-07-21T10:34:52.797000Z</time>
      </trkpt>
      <trkpt lat="38.91127" lon="111.85907">
        <ele>1441.4078</ele>
        <time>2014-07-21T10:34:55.927000Z</time>
      </trkpt>
      <trkpt lat="38.91123" lon="111.859184">
        <ele>1440.218</ele>
        <time>2014-07-21T10:34:59.057000Z</time>
      </trkpt>
      <trkpt lat="38.91117" lon="111.85929">
        <ele>1439.6703</ele>
        <time>2014-07-21T10:35:02.187000Z</time>
      </trkpt>
      <trkpt lat="38.91112" lon="111.85939">
        <ele>1439.658</ele>
        <time>2014-07-21T10:35:05.317000Z</time>
      </trkpt>
      <trkpt lat="38.91107" lon="111.859505">
        <ele>1439.89</ele>
        <time>2014-07-21T10:35:08.447000Z</time>
      </trkpt>
      <trkpt lat="38.911026" lon="111.85962">
        <ele>1440.2728</ele>
        <time>2014-07-21T10:35:11.577000Z</time>
      </trkpt>
      <trkpt lat="38.910973" lon="111.85974">
        <ele>1440.6312</ele>
        <time>2014-07-21T10:35:14.707000Z</time>
      </trkpt>
      <trkpt lat="38.91092" lon="111.85987">
        <ele>1440.7299</ele>
        <time>2014-07-21T10:35:17.837000Z</time>
      </trkpt>
      <trkpt lat="38.91087" lon="111.859985">
        <ele>1440.636</ele>
        <time>2014-07-21T10:35:20.967000Z</time>
      </trkpt>
      <trkpt lat="38.910824" lon="111.86009">
        <ele>1440.8683</ele>
        <time>2014-07-21T10:35:24.097000Z</time>
      </trkpt>
      <trkpt lat="38.91077" lon="111.86021">
        <ele>1441.6644</ele>
        <time>2014-07-21T10:35:27.227000Z</time>
      </trkpt>
      <trkpt lat="38.910717" lon="111.86035">
        <ele>1442.3988</ele>
        <time>2014-07-21T10:35:30.357000Z</time>
      </trkpt>
      <trkpt lat="38.910664" lon="111.86046">
        <ele>1442.5034</ele>
        <time>2014-07-21T10:35:33.487000Z</time>
      </trkpt>
      <trkpt lat="38.91061" lon="111.86057">
        <ele>1442.448</ele>
        <time>2014-07-21T10:35:36.617000Z</time>
      </trkpt>
      <trkpt lat="38.910564" lon="111.860695">
        <ele>1442.8625</ele>
        <time>2014-07-21T10:35:39.747000Z</time>
      </trkpt>
      <trkpt lat="38.910515" lon="111.8608">
        <ele>1443.6179</ele>
        <time>2014-07-21T10:35:42.877000Z</time>
      </trkpt>
      <trkpt lat="38.910458" lon="111.86092">
        <ele>1444.3174</ele>
        <time>2014-07-21T10:35:46.007000Z</time>
      </trkpt>
      <trkpt lat="38.91041" lon="111.86103">
        <ele>1444.7142</ele>
        <time>2014-07-21T10:35:49.137000Z</time>
      </trkpt>
      <trkpt lat="38.910362" lon="111.86114">
        <ele>1444.976</ele>
        <time>2014-07-21T10:35:52.267000Z</time>
      </trkpt>
      <trkpt lat="38.91031" lon="111.86125">
        <ele>1445.2876</ele>
        <time>2014-07-21T10:35:55.397000Z</time>
      </trkpt>
      <trkpt lat="38.910263" lon="111.86136">
        <ele>1445.3962</ele>
        <time>2014-07-21T10:35:58.527000Z</time>
      </trkpt>
      <trkpt lat="38.91021" lon="111.86148">
        <ele>1444.9935</ele>
        <time>2014-07-21T10:36:01.657000Z</time>
      </trkpt>
      <trkpt lat="38.910156" lon="111.86158">
        <ele>1444.2809</ele>
        <time>2014-07-21T10:36:04.787000Z</time>
      </trkpt>
      <trkpt lat="38.9101" lon="111.861694">
        <ele>1444.0157</ele>
        <time>2014-07-21T10:36:07.917000Z</time>
      </trkpt>
      <trkpt lat="38.910046" lon="111.8618">
        <ele>1444.687</ele>
        <time>2014-07-21T10:36:11.047000Z</time>
      </trkpt>
      <trkpt lat="38.91" lon="111.86191">
        <ele>1445.5568</ele>
        <time>2014-07-21T10:36:14.177000Z</time>
      </trkpt>
      <trkpt lat="38.909943" lon="111.862015">
        <ele>1445.8645</ele>
        <time>2014-07-21T10:36:17.307000Z</time>
      </trkpt>
      <trkpt lat="38.90989" lon="111.862114">
        <ele>1445.5613</ele>
        <time>2014-07-21T10:36:20.437000Z</time>
      </trkpt>
      <trkpt lat="38.909836" lon="111.86221">
        <ele>1444.9032</ele>
        <time>2014-07-21T10:36:23.567000Z</time>
      </trkpt>
      <trkpt lat="38.909775" lon="111.86232">
        <ele>1444.3228</ele>
        <time>2014-07-21T10:36:26.697000Z</time>
      </trkpt>
      <trkpt lat="38.90971" lon="111.862434">
        <ele>1444.1829</ele>
        <time>2014-07-21T10:36:29.827000Z</time>
      </trkpt>
      <trkpt lat="38.90966" lon="111.86255">
        <ele>1444.6073</ele>
        <time>2014-07-21T10:36:32.957000Z</time>
      </trkpt>
      <trkpt lat="38.909607" lon="111.86265">
        <ele>1445.2133</ele>
        <time>2014-07-21T10:36:36.087000Z</time>
      </trkpt>
      <trkpt lat="38.909546" lon="111.86278">
        <ele>1445.4775</ele>
        <time>2014-07-21T10:36:39.217000Z</time>
      </trkpt>
      <trkpt lat="38.90949" lon="111.86288">
        <ele>1445.4581</ele>
        <time>2014-07-21T10:36:42.347000Z</time>
      </trkpt>
      <trkpt lat="38.90943" lon="111.86299">
        <ele>1445.4285</ele>
        <time>2014-07-21T10:36:45.477000Z</time>
      </trkpt>
      <trkpt lat="38.909374" lon="111.8631">
        <ele>1445.5598</ele>
        <time>2014-07-21T10:36:48.607000Z</time>
      </trkpt>
      <trkpt lat="38.909313" lon="111.86321">
        <ele>1445.9366</ele>
        <time>2014-07-21T10:36:51.737000Z</time>
      </trkpt>
      <trkpt lat="38.909256" lon="111.86332">
        <ele>1446.3235</ele>
        <time>2014-07-21T10:36:54.867000Z</time>
      </trkpt>
      <trkpt lat="38.909206" lon="111.86343">
        <ele>1446.59</ele>
        <time>2014-07-21T10:36:57.997000Z</time>
      </trkpt>
      <trkpt lat="38.90916" lon="111.86353">
        <ele>1446.8528</ele>
        <time>2014-07-21T10:37:01.127000Z</time>
      </trkpt>
      <trkpt lat="38.909107" lon="111.86365">
        <ele>1447.0927</ele>
        <time>2014-07-21T10:37:04.257000Z</time>
      </trkpt>
      <trkpt lat="38.909058" lon="111.86377">
        <ele>1447.4681</ele>
        <time>2014-07-21T10:37:07.387000Z</time>
      </trkpt>
      <trkpt lat="38.909008" lon="111.86388">
        <ele>1448.3854</ele>
        <time>2014-07-21T10:37:10.517000Z</time>
      </trkpt>
      <trkpt lat="38.908936" lon="111.864">
        <ele>1449.6602</ele>
        <time>2014-07-21T10:37:13.647000Z</time>
      </trkpt>
      <trkpt lat="38.90887" lon="111.86411">
        <ele>1450.3173</ele>
        <time>2014-07-21T10:37:16.777000Z</time>
      </trkpt>
      <trkpt lat="38.908802" lon="111.86424">
        <ele>1449.9331</ele>
        <time>2014-07-21T10:37:19.907000Z</time>
      </trkpt>
      <trkpt lat="38.90875" lon="111.864365">
        <ele>1449.2235</ele>
        <time>2014-07-21T10:37:23.037000Z</time>
      </trkpt>
      <trkpt lat="38.908703" lon="111.86449">
        <ele>1449.3013</ele>
        <time>2014-07-21T10:37:26.167000Z</time>
      </trkpt>
      <trkpt lat="38.90864" lon="111.86461">
        <ele>1450.3892</ele>
        <time>2014-07-21T10:37:29.297000Z</time>
      </trkpt>
      <trkpt lat="38.90857" lon="111.8647">
        <ele>1451.9778</ele>
        <time>2014-07-21T10:37:32.427000Z</time>
      </trkpt>
      <trkpt lat="38.90848" lon="111.864746">
        <ele>1453.6879</ele>
        <time>2014-07-21T10:37:35.557000Z</time>
      </trkpt>
      <trkpt lat="38.9084" lon="111.86464">
        <ele>1455.1582</ele>
        <time>2014-07-21T10:37:38.687000Z</time>
      </trkpt>
      <trkpt lat="38.908356" lon="111.8645">
        <ele>1455.8232</ele>
        <time>2014-07-21T10:37:41.817000Z</time>
      </trkpt>
      <trkpt lat="38.90829" lon="111.86436">
        <ele>1455.303</ele>
        <time>2014-07-21T10:37:44.947000Z</time>
      </trkpt>
      <trkpt lat="38.908245" lon="111.86423">
        <ele>1452.9066</ele>
        <time>2014-07-21T10:37:48.077000Z</time>
      </trkpt>
      <trkpt lat="38.908195" lon="111.864105">
        <ele>1448.9474</ele>
        <time>2014-07-21T10:37:51.207000Z</time>
      </trkpt>
      <trkpt lat="38.908157" lon="111.864">
        <ele>1445.5892</ele>
        <time>2014-07-21T10:37:54.337000Z</time>
      </trkpt>
      <trkpt lat="38.90811" lon="111.86388">
        <ele>1444.172</ele>
        <time>2014-07-21T10:37:57.467000Z</time>
      </trkpt>
      <trkpt lat="38.908062" lon="111.86374">
        <ele>1443.8834</ele>
        <time>2014-07-21T10:38:00.597000Z</time>
      </trkpt>
      <trkpt lat="38.90801" lon="111.863625">
        <ele>1443.8162</ele>
        <time>2014-07-21T10:38:03.727000Z</time>
      </trkpt>
      <trkpt lat="38.907967" lon="111.8635">
        <ele>1444.4133</ele>
        <time>2014-07-21T10:38:06.857000Z</time>
      </trkpt>
      <trkpt lat="38.90792" lon="111.86338">
        <ele>1446.0469</ele>
        <time>2014-07-21T10:38:09.987000Z</time>
      </trkpt>
      <trkpt lat="38.90787" lon="111.86326">
        <ele>1447.7424</ele>
        <time>2014-07-21T10:38:13.117000Z</time>
      </trkpt>
      <trkpt lat="38.907818" lon="111.863144">
        <ele>1448.0886</ele>
        <time>2014-07-21T10:38:16.247000Z</time>
      </trkpt>
      <trkpt lat="38.907757" lon="111.86301">
        <ele>1446.9877</ele>
        <time>2014-07-21T10:38:19.377000Z</time>
      </trkpt>
      <trkpt lat="38.90771" lon="111.862885">
        <ele>1445.5826</ele>
        <time>2014-07-21T10:38:22.507000Z</time>
      </trkpt>
      <trkpt lat="38.907673" lon="111.86276">
        <ele>1445.3939</ele>
        <time>2014-07-21T10:38:25.637000Z</time>
      </trkpt>
      <trkpt lat="38.907623" lon="111.86264">
        <ele>1446.6788</ele>
        <time>2014-07-21T10:38:28.767000Z</time>
      </trkpt>
      <trkpt lat="38.907574" lon="111.86253">
        <ele>1448.059</ele>
        <time>2014-07-21T10:38:31.897000Z</time>
      </trkpt>
      <trkpt lat="38.907516" lon="111.8624">
        <ele>1448.3713</ele>
        <time>2014-07-21T10:38:35.027000Z</time>
      </trkpt>
      <trkpt lat="38.90747" lon="111.86229">
        <ele>1447.8878</ele>
        <time>2014-07-21T10:38:38.157000Z</time>
      </trkpt>
      <trkpt lat="38.90741" lon="111.862175">
        <ele>1447.3059</ele>
        <time>2014-07-21T10:38:41.287000Z</time>
      </trkpt>
      <trkpt lat="38.907368" lon="111.86206">
        <ele>1447.0852</ele>
        <time>2014-07-21T10:38:44.417000Z</time>
      </trkpt>
      <trkpt lat="38.907326" lon="111.86195">
        <ele>1447.2684</ele>
        <time>2014-07-21T10:38:47.547000Z</time>
      </trkpt>
      <trkpt lat="38.907265" lon="111.86184">
        <ele>1447.6556</ele>
        <time>2014-07-21T10:38:50.677000Z</time>
      </trkpt>
      <trkpt lat="38.907207" lon="111.86171">
        <ele>1448.0934</ele>
        <time>2014-07-21T10:38:53.807000Z</time>
      </trkpt>
      <trkpt lat="38.907154" lon="111.86161">
        <ele>1448.5232</ele>
        <time>2014-07-21T10:38:56.937000Z</time>
      </trkpt>
      <trkpt lat="38.907093" lon="111.86152">
        <ele>1448.8973</ele>
        <time>2014-07-21T10:39:00.067000Z</time>
      </trkpt>
      <trkpt lat="38.90701" lon="111.86142">
        <ele>1449.1694</ele>
        <time>2014-07-21T10:39:03.197000Z</time>
      </trkpt>
      <trkpt lat="38.90693" lon="111.86133">
        <ele>1449.401</ele>
        <time>2014-07-21T10:39:06.327000Z</time>
      </trkpt>
      <trkpt lat="38.90686" lon="111.86125">
        <ele>1449.797</ele>
        <time>2014-07-21T10:39:09.457000Z</time>
      </trkpt>
      <trkpt lat="38.906773" lon="111.86115">
        <ele>1450.3956</ele>
        <time>2014-07-21T10:39:12.587000Z</time>
      </trkpt>
      <trkpt lat="38.906685" lon="111.86107">
        <ele>1450.295</ele>
        <time>2014-07-21T10:39:15.717000Z</time>
      </trkpt>
      <trkpt lat="38.90661" lon="111.861">
        <ele>1448.7692</ele>
        <time>2014-07-21T10:39:18.847000Z</time>
      </trkpt>
      <trkpt lat="38.90651" lon="111.86092">
        <ele>1446.9281</ele>
        <time>2014-07-21T10:39:21.977000Z</time>
      </trkpt>
      <trkpt lat="38.906414" lon="111.86085">
        <ele>1446.4717</ele>
        <time>2014-07-21T10:39:25.107000Z</time>
      </trkpt>
      <trkpt lat="38.906334" lon="111.860794">
        <ele>1447.8815</ele>
        <time>2014-07-21T10:39:28.237000Z</time>
      </trkpt>
      <trkpt lat="38.906227" lon="111.86075">
        <ele>1450.1699</ele>
        <time>2014-07-21T10:39:31.367000Z</time>
      </trkpt>
      <trkpt lat="38.906136" lon="111.86071">
        <ele>1451.7457</ele>
        <time>2014-07-21T10:39:34.497000Z</time>
      </trkpt>
      <trkpt lat="38.906033" lon="111.86067">
        <ele>1451.98</ele>
        <time>2014-07-21T10:39:37.627000Z</time>
      </trkpt>
      <trkpt lat="38.905937" lon="111.86065">
        <ele>1451.3877</ele>
        <time>2014-07-21T10:39:40.757000Z</time>
      </trkpt>
      <trkpt lat="38.905834" lon="111.86061">
        <ele>1450.4268</ele>
        <time>2014-07-21T10:39:43.887000Z</time>
      </trkpt>
      <trkpt lat="38.90572" lon="111.86057">
        <ele>1449.5894</ele>
        <time>2014-07-21T10:39:47.017000Z</time>
      </trkpt>
      <trkpt lat="38.905632" lon="111.86055">
        <ele>1449.5138</ele>
        <time>2014-07-21T10:39:50.147000Z</time>
      </trkpt>
      <trkpt lat="38.90554" lon="111.86052">
        <ele>1450.0555</ele>
        <time>2014-07-21T10:39:53.277000Z</time>
      </trkpt>
      <trkpt lat="38.905437" lon="111.86048">
        <ele>1450.5306</ele>
        <time>2014-07-21T10:39:56.407000Z</time>
      </trkpt>
      <trkpt lat="38.905323" lon="111.86044">
        <ele>1451.4664</ele>
        <time>2014-07-21T10:39:59.537000Z</time>
      </trkpt>
      <trkpt lat="38.90521" lon="111.86041">
        <ele>1453.3922</ele>
        <time>2014-07-21T10:40:02.667000Z</time>
      </trkpt>
      <trkpt lat="38.90512" lon="111.86036">
        <ele>1454.3962</ele>
        <time>2014-07-21T10:40:05.797000Z</time>
      </trkpt>
      <trkpt lat="38.905045" lon="111.860306">
        <ele>1452.916</ele>
        <time>2014-07-21T10:40:08.927000Z</time>
      </trkpt>
      <trkpt lat="38.90496" lon="111.86023">
        <ele>1450.6279</ele>
        <time>2014-07-21T10:40:12.057000Z</time>
      </trkpt>
      <trkpt lat="38.904877" lon="111.86013">
        <ele>1449.505</ele>
        <time>2014-07-21T10:40:15.187000Z</time>
      </trkpt>
      <trkpt lat="38.9048" lon="111.86002">
        <ele>1449.5868</ele>
        <time>2014-07-21T10:40:18.317000Z</time>
      </trkpt>
      <trkpt lat="38.904724" lon="111.85993">
        <ele>1449.936</ele>
        <time>2014-07-21T10:40:21.447000Z</time>
      </trkpt>
      <trkpt lat="38.904667" lon="111.859825">
        <ele>1449.8632</ele>
        <time>2014-07-21T10:40:24.577000Z</time>
      </trkpt>
      <trkpt lat="38.904617" lon="111.859695">
        <ele>1449.5272</ele>
        <time>2014-07-21T10:40:27.707000Z</time>
      </trkpt>
      <trkpt lat="38.904568" lon="111.85956">
        <ele>1449.4268</ele>
        <time>2014-07-21T10:40:30.837000Z</time>
      </trkpt>
      <trkpt lat="38.90453" lon="111.859436">
        <ele>1449.8712</ele>
        <time>2014-07-21T10:40:33.967000Z</time>
      </trkpt>
      <trkpt lat="38.904507" lon="111.8593">
        <ele>1450.6663</ele>
        <time>2014-07-21T10:40:37.097000Z</time>
      </trkpt>
      <trkpt lat="38.904484" lon="111.85917">
        <ele>1450.9044</ele>
        <time>2014-07-21T10:40:40.227000Z</time>
      </trkpt>
      <trkpt lat="38.90448" lon="111.85905">
        <ele>1450.1251</ele>
        <time>2014-07-21T10:40:43.357000Z</time>
      </trkpt>
      <trkpt lat="38.904476" lon="111.858925">
        <ele>1448.9657</ele>
        <time>2014-07-21T10:40:46.487000Z</time>
      </trkpt>
      <trkpt lat="38.90448" lon="111.85879">
        <ele>1448.1388</ele>
        <time>2014-07-21T10:40:49.617000Z</time>
      </trkpt>
      <trkpt lat="38.904488" lon="111.85867">
        <ele>1447.7566</ele>
        <time>2014-07-21T10:40:52.747000Z</time>
      </trkpt>
      <trkpt lat="38.9045" lon="111.85851">
        <ele>1447.7281</ele>
        <time>2014-07-21T10:40:55.877000Z</time>
      </trkpt>
      <trkpt lat="38.90452" lon="111.85838">
        <ele>1448.0557</ele>
        <time>2014-07-21T10:40:59.007000Z</time>
      </trkpt>
      <trkpt lat="38.904526" lon="111.85827">
        <ele>1448.4976</ele>
        <time>2014-07-21T10:41:02.137000Z</time>
      </trkpt>
      <trkpt lat="38.904537" lon="111.85815">
        <ele>1448.498</ele>
        <time>2014-07-21T10:41:05.267000Z</time>
      </trkpt>
      <trkpt lat="38.904556" lon="111.858">
        <ele>1448.0382</ele>
        <time>2014-07-21T10:41:08.397000Z</time>
      </trkpt>
      <trkpt lat="38.90456" lon="111.85787">
        <ele>1447.6108</ele>
        <time>2014-07-21T10:41:11.527000Z</time>
      </trkpt>
      <trkpt lat="38.90457" lon="111.857735">
        <ele>1447.2748</ele>
        <time>2014-07-21T10:41:14.657000Z</time>
      </trkpt>
      <trkpt lat="38.904587" lon="111.857574">
        <ele>1446.8765</ele>
        <time>2014-07-21T10:41:17.787000Z</time>
      </trkpt>
      <trkpt lat="38.904602" lon="111.85744">
        <ele>1446.6345</ele>
        <time>2014-07-21T10:41:20.917000Z</time>
      </trkpt>
      <trkpt lat="38.904613" lon="111.85731">
        <ele>1446.762</ele>
        <time>2014-07-21T10:41:24.047000Z</time>
      </trkpt>
      <trkpt lat="38.904617" lon="111.857185">
        <ele>1446.9961</ele>
        <time>2014-07-21T10:41:27.177000Z</time>
      </trkpt>
      <trkpt lat="38.904636" lon="111.85704">
        <ele>1446.889</ele>
        <time>2014-07-21T10:41:30.307000Z</time>
      </trkpt>
      <trkpt lat="38.904648" lon="111.85689">
        <ele>1446.373</ele>
        <time>2014-07-21T10:41:33.437000Z</time>
      </trkpt>
      <trkpt lat="38.90466" lon="111.85676">
        <ele>1445.7432</ele>
        <time>2014-07-21T10:41:36.567000Z</time>
      </trkpt>
      <trkpt lat="38.904667" lon="111.85662">
        <ele>1445.5154</ele>
        <time>2014-07-21T10:41:39.697000Z</time>
      </trkpt>
      <trkpt lat="38.904682" lon="111.85648">
        <ele>1445.8433</ele>
        <time>2014-07-21T10:41:42.827000Z</time>
      </trkpt>
      <trkpt lat="38.904682" lon="111.85636">
        <ele>1446.2598</ele>
        <time>2014-07-21T10:41:45.957000Z</time>
      </trkpt>
      <trkpt lat="38.90469" lon="111.856224">
        <ele>1446.2704</ele>
        <time>2014-07-21T10:41:49.087000Z</time>
      </trkpt>
      <trkpt lat="38.9047" lon="111.85607">
        <ele>1445.7687</ele>
        <time>2014-07-21T10:41:52.217000Z</time>
      </trkpt>
      <trkpt lat="38.904716" lon="111.85593">
        <ele>1444.891</ele>
        <time>2014-07-21T10:41:55.347000Z</time>
      </trkpt>
      <trkpt lat="38.90474" lon="111.85581">
        <ele>1444.079</ele>
        <time>2014-07-21T10:41:58.477000Z</time>
      </trkpt>
      <trkpt lat="38.90476" lon="111.85567">
        <ele>1443.6423</ele>
        <time>2014-07-21T10:42:01.607000Z</time>
      </trkpt>
      <trkpt lat="38.904774" lon="111.85551">
        <ele>1443.4313</ele>
        <time>2014-07-21T10:42:04.737000Z</time>
      </trkpt>
      <trkpt lat="38.904793" lon="111.855385">
        <ele>1442.8872</ele>
        <time>2014-07-21T10:42:07.867000Z</time>
      </trkpt>
      <trkpt lat="38.904804" lon="111.85525">
        <ele>1441.7262</ele>
        <time>2014-07-21T10:42:10.997000Z</time>
      </trkpt>
      <trkpt lat="38.904823" lon="111.85511">
        <ele>1440.4572</ele>
        <time>2014-07-21T10:42:14.127000Z</time>
      </trkpt>
      <trkpt lat="38.90483" lon="111.85499">
        <ele>1440.1167</ele>
        <time>2014-07-21T10:42:17.257000Z</time>
      </trkpt>
      <trkpt lat="38.904854" lon="111.85486">
        <ele>1441.2965</ele>
        <time>2014-07-21T10:42:20.387000Z</time>
      </trkpt>
      <trkpt lat="38.904865" lon="111.85473">
        <ele>1443.2653</ele>
        <time>2014-07-21T10:42:23.517000Z</time>
      </trkpt>
      <trkpt lat="38.904884" lon="111.854576">
        <ele>1444.5437</ele>
        <time>2014-07-21T10:42:26.647000Z</time>
      </trkpt>
      <trkpt lat="38.904892" lon="111.85445">
        <ele>1444.4886</ele>
        <time>2014-07-21T10:42:29.777000Z</time>
      </trkpt>
      <trkpt lat="38.904903" lon="111.854324">
        <ele>1443.4344</ele>
        <time>2014-07-21T10:42:32.907000Z</time>
      </trkpt>
      <trkpt lat="38.904915" lon="111.85417">
        <ele>1442.1018</ele>
        <time>2014-07-21T10:42:36.037000Z</time>
      </trkpt>
      <trkpt lat="38.904922" lon="111.85403">
        <ele>1441.5178</ele>
        <time>2014-07-21T10:42:39.167000Z</time>
      </trkpt>
      <trkpt lat="38.904938" lon="111.853874">
        <ele>1442.2046</ele>
        <time>2014-07-21T10:42:42.297000Z</time>
      </trkpt>
      <trkpt lat="38.90495" lon="111.85376">
        <ele>1443.4733</ele>
        <time>2014-07-21T10:42:45.427000Z</time>
      </trkpt>
      <trkpt lat="38.904957" lon="111.853615">
        <ele>1444.6259</ele>
        <time>2014-07-21T10:42:48.557000Z</time>
      </trkpt>
      <trkpt lat="38.904964" lon="111.85349">
        <ele>1445.3514</ele>
        <time>2014-07-21T10:42:51.687000Z</time>
      </trkpt>
      <trkpt lat="38.904976" lon="111.85334">
        <ele>1445.6456</ele>
        <time>2014-07-21T10:42:54.817000Z</time>
      </trkpt>
      <trkpt lat="38.904984" lon="111.853195">
        <ele>1445.6034</ele>
        <time>2014-07-21T10:42:57.947000Z</time>
      </trkpt>
      <trkpt lat="38.904984" lon="111.85304">
        <ele>1445.1483</ele>
        <time>2014-07-21T10:43:01.077000Z</time>
      </trkpt>
      <trkpt lat="38.904984" lon="111.852905">
        <ele>1444.4153</ele>
        <time>2014-07-21T10:43:04.207000Z</time>
      </trkpt>
      <trkpt lat="38.904972" lon="111.85278">
        <ele>1443.6885</ele>
        <time>2014-07-21T10:43:07.337000Z</time>
      </trkpt>
      <trkpt lat="38.90496" lon="111.85266">
        <ele>1442.9858</ele>
        <time>2014-07-21T10:43:10.467000Z</time>
      </trkpt>
      <trkpt lat="38.904938" lon="111.852516">
        <ele>1442.7902</ele>
        <time>2014-07-21T10:43:13.597000Z</time>
      </trkpt>
      <trkpt lat="38.904926" lon="111.85237">
        <ele>1443.3594</ele>
        <time>2014-07-21T10:43:16.727000Z</time>
      </trkpt>
      <trkpt lat="38.904907" lon="111.85225">
        <ele>1443.9998</ele>
        <time>2014-07-21T10:43:19.857000Z</time>
      </trkpt>
      <trkpt lat="38.904884" lon="111.852135">
        <ele>1444.0927</ele>
        <time>2014-07-21T10:43:22.987000Z</time>
      </trkpt>
      <trkpt lat="38.904846" lon="111.85201">
        <ele>1443.8196</ele>
        <time>2014-07-21T10:43:26.117000Z</time>
      </trkpt>
      <trkpt lat="38.904804" lon="111.85189">
        <ele>1443.7164</ele>
        <time>2014-07-21T10:43:29.247000Z</time>
      </trkpt>
      <trkpt lat="38.90477" lon="111.85178">
        <ele>1443.9689</ele>
        <time>2014-07-21T10:43:32.377000Z</time>
      </trkpt>
      <trkpt lat="38.90472" lon="111.85166">
        <ele>1444.2407</ele>
        <time>2014-07-21T10:43:35.507000Z</time>
      </trkpt>
      <trkpt lat="38.90468" lon="111.85154">
        <ele>1444.2941</ele>
        <time>2014-07-21T10:43:38.637000Z</time>
      </trkpt>
      <trkpt lat="38.904636" lon="111.85142">
        <ele>1444.1136</ele>
        <time>2014-07-21T10:43:41.767000Z</time>
      </trkpt>
      <trkpt lat="38.904587" lon="111.85128">
        <ele>1443.6981</ele>
        <time>2014-07-21T10:43:44.897000Z</time>
      </trkpt>
      <trkpt lat="38.90454" lon="111.85115">
        <ele>1443.0521</ele>
        <time>2014-07-21T10:43:48.027000Z</time>
      </trkpt>
      <trkpt lat="38.9045" lon="111.851036">
        <ele>1442.2368</ele>
        <time>2014-07-21T10:43:51.157000Z</time>
      </trkpt>
      <trkpt lat="38.904457" lon="111.850914">
        <ele>1441.624</ele>
        <time>2014-07-21T10:43:54.287000Z</time>
      </trkpt>
      <trkpt lat="38.90441" lon="111.8508">
        <ele>1441.5034</ele>
        <time>2014-07-21T10:43:57.417000Z</time>
      </trkpt>
      <trkpt lat="38.904358" lon="111.85067">
        <ele>1441.5927</ele>
        <time>2014-07-21T10:44:00.547000Z</time>
      </trkpt>
      <trkpt lat="38.904316" lon="111.85055">
        <ele>1441.5964</ele>
        <time>2014-07-21T10:44:03.677000Z</time>
      </trkpt>
      <trkpt lat="38.904274" lon="111.85043">
        <ele>1441.469</ele>
        <time>2014-07-21T10:44:06.807000Z</time>
      </trkpt>
      <trkpt lat="38.904224" lon="111.85029">
        <ele>1441.2756</ele>
        <time>2014-07-21T10:44:09.937000Z</time>
      </trkpt>
      <trkpt lat="38.90419" lon="111.85015">
        <ele>1441.1146</ele>
        <time>2014-07-21T10:44:13.067000Z</time>
      </trkpt>
      <trkpt lat="38.90415" lon="111.850044">
        <ele>1441.1162</ele>
        <time>2014-07-21T10:44:16.197000Z</time>
      </trkpt>
      <trkpt lat="38.9041" lon="111.84993">
        <ele>1441.2886</ele>
        <time>2014-07-21T10:44:19.327000Z</time>
      </trkpt>
      <trkpt lat="38.904053" lon="111.8498">
        <ele>1441.3798</ele>
        <time>2014-07-21T10:44:22.457000Z</time>
      </trkpt>
      <trkpt lat="38.903996" lon="111.84967">
        <ele>1441.1678</ele>
        <time>2014-07-21T10:44:25.587000Z</time>
      </trkpt>
      <trkpt lat="38.903954" lon="111.849556">
        <ele>1440.7793</ele>
        <time>2014-07-21T10:44:28.717000Z</time>
      </trkpt>
      <trkpt lat="38.90392" lon="111.849434">
        <ele>1440.3672</ele>
        <time>2014-07-21T10:44:31.847000Z</time>
      </trkpt>
      <trkpt lat="38.903873" lon="111.84932">
        <ele>1439.9119</ele>
        <time>2014-07-21T10:44:34.977000Z</time>
      </trkpt>
      <trkpt lat="38.903828" lon="111.84921">
        <ele>1439.4506</ele>
        <time>2014-07-21T10:44:38.107000Z</time>
      </trkpt>
      <trkpt lat="38.90376" lon="111.849075">
        <ele>1439.0858</ele>
        <time>2014-07-21T10:44:41.237000Z</time>
      </trkpt>
      <trkpt lat="38.90371" lon="111.848976">
        <ele>1438.8619</ele>
        <time>2014-07-21T10:44:44.367000Z</time>
      </trkpt>
      <trkpt lat="38.903656" lon="111.84887">
        <ele>1438.7697</ele>
        <time>2014-07-21T10:44:47.497000Z</time>
      </trkpt>
      <trkpt lat="38.903595" lon="111.848755">
        <ele>1438.83</ele>
        <time>2014-07-21T10:44:50.627000Z</time>
      </trkpt>
      <trkpt lat="38.903534" lon="111.84865">
        <ele>1439.1926</ele>
        <time>2014-07-21T10:44:53.757000Z</time>
      </trkpt>
      <trkpt lat="38.90346" lon="111.84852">
        <ele>1439.8269</ele>
        <time>2014-07-21T10:44:56.887000Z</time>
      </trkpt>
      <trkpt lat="38.903397" lon="111.84841">
        <ele>1440.1438</ele>
        <time>2014-07-21T10:45:00.017000Z</time>
      </trkpt>
      <trkpt lat="38.903336" lon="111.84831">
        <ele>1439.707</ele>
        <time>2014-07-21T10:45:03.147000Z</time>
      </trkpt>
      <trkpt lat="38.903267" lon="111.84819">
        <ele>1438.6981</ele>
        <time>2014-07-21T10:45:06.277000Z</time>
      </trkpt>
      <trkpt lat="38.903202" lon="111.84809">
        <ele>1437.7817</ele>
        <time>2014-07-21T10:45:09.407000Z</time>
      </trkpt>
      <trkpt lat="38.90314" lon="111.847984">
        <ele>1437.3109</ele>
        <time>2014-07-21T10:45:12.537000Z</time>
      </trkpt>
      <trkpt lat="38.903076" lon="111.84788">
        <ele>1437.2288</ele>
        <time>2014-07-21T10:45:15.667000Z</time>
      </trkpt>
      <trkpt lat="38.903008" lon="111.84777">
        <ele>1437.1157</ele>
        <time>2014-07-21T10:45:18.797000Z</time>
      </trkpt>
      <trkpt lat="38.90294" lon="111.84767">
        <ele>1436.5193</ele>
        <time>2014-07-21T10:45:21.927000Z</time>
      </trkpt>
      <trkpt lat="38.90288" lon="111.84757">
        <ele>1435.6139</ele>
        <time>2014-07-21T10:45:25.057000Z</time>
      </trkpt>
      <trkpt lat="38.902813" lon="111.847466">
        <ele>1435.0848</ele>
        <time>2014-07-21T10:45:28.187000Z</time>
      </trkpt>
      <trkpt lat="38.90275" lon="111.84737">
        <ele>1435.1063</ele>
        <time>2014-07-21T10:45:31.317000Z</time>
      </trkpt>
      <trkpt lat="38.902683" lon="111.84726">
        <ele>1435.4757</ele>
        <time>2014-07-21T10:45:34.447000Z</time>
      </trkpt>
      <trkpt lat="38.902626" lon="111.84717">
        <ele>1435.8497</ele>
        <time>2014-07-21T10:45:37.577000Z</time>
      </trkpt>
      <trkpt lat="38.902557" lon="111.84707">
        <ele>1435.8367</ele>
        <time>2014-07-21T10:45:40.707000Z</time>
      </trkpt>
      <trkpt lat="38.90248" lon="111.84696">
        <ele>1435.5508</ele>
        <time>2014-07-21T10:45:43.837000Z</time>
      </trkpt>
      <trkpt lat="38.902412" lon="111.84686">
        <ele>1435.3783</ele>
        <time>2014-07-21T10:45:46.967000Z</time>
      </trkpt>
      <trkpt lat="38.90234" lon="111.84676">
        <ele>1435.4507</ele>
        <time>2014-07-21T10:45:50.097000Z</time>
      </trkpt>
      <trkpt lat="38.902264" lon="111.846634">
        <ele>1436.0105</ele>
        <time>2014-07-21T10:45:53.227000Z</time>
      </trkpt>
      <trkpt lat="38.902195" lon="111.84653">
        <ele>1437.1031</ele>
        <time>2014-07-21T10:45:56.357000Z</time>
      </trkpt>
      <trkpt lat="38.902122" lon="111.846405">
        <ele>1437.8499</ele>
        <time>2014-07-21T10:45:59.487000Z</time>
      </trkpt>
      <trkpt lat="38.902042" lon="111.84629">
        <ele>1437.5952</ele>
        <time>2014-07-21T10:46:02.617000Z</time>
      </trkpt>
      <trkpt lat="38.90199" lon="111.84619">
        <ele>1436.6412</ele>
        <time>2014-07-21T10:46:05.747000Z</time>
      </trkpt>
      <trkpt lat="38.901924" lon="111.8461">
        <ele>1435.6864</ele>
        <time>2014-07-21T10:46:08.877000Z</time>
      </trkpt>
      <trkpt lat="38.90185" lon="111.845985">
        <ele>1435.243</ele>
        <time>2014-07-21T10:46:12.007000Z</time>
      </trkpt>
      <trkpt lat="38.901787" lon="111.84589">
        <ele>1435.6794</ele>
        <time>2014-07-21T10:46:15.137000Z</time>
      </trkpt>
      <trkpt lat="38.90173" lon="111.845795">
        <ele>1436.8188</ele>
        <time>2014-07-21T10:46:18.267000Z</time>
      </trkpt>
      <trkpt lat="38.901657" lon="111.84569">
        <ele>1437.8575</ele>
        <time>2014-07-21T10:46:21.397000Z</time>
      </trkpt>
      <trkpt lat="38.9016" lon="111.8456">
        <ele>1438.0282</ele>
        <time>2014-07-21T10:46:24.527000Z</time>
      </trkpt>
      <trkpt lat="38.901535" lon="111.845505">
        <ele>1437.3497</ele>
        <time>2014-07-21T10:46:27.657000Z</time>
      </trkpt>
      <trkpt lat="38.90147" lon="111.845406">
        <ele>1436.6569</ele>
        <time>2014-07-21T10:46:30.787000Z</time>
      </trkpt>
      <trkpt lat="38.90141" lon="111.8453">
        <ele>1436.8873</ele>
        <time>2014-07-21T10:46:33.917000Z</time>
      </trkpt>
      <trkpt lat="38.901344" lon="111.845184">
        <ele>1437.9482</ele>
        <time>2014-07-21T10:46:37.047000Z</time>
      </trkpt>
      <trkpt lat="38.901276" lon="111.845085">
        <ele>1438.8217</ele>
        <time>2014-07-21T10:46:40.177000Z</time>
      </trkpt>
      <trkpt lat="38.901215" lon="111.84499">
        <ele>1438.7582</ele>
        <time>2014-07-21T10:46:43.307000Z</time>
      </trkpt>
      <trkpt lat="38.901142" lon="111.844894">
        <ele>1437.9478</ele>
        <time>2014-07-21T10:46:46.437000Z</time>
      </trkpt>
      <trkpt lat="38.901077" lon="111.8448">
        <ele>1437.0099</ele>
        <time>2014-07-21T10:46:49.567000Z</time>
      </trkpt>
      <trkpt lat="38.901012" lon="111.84469">
        <ele>1436.5088</ele>
        <time>2014-07-21T10:46:52.697000Z</time>
      </trkpt>
      <trkpt lat="38.900955" lon="111.8446">
        <ele>1436.6462</ele>
        <time>2014-07-21T10:46:55.827000Z</time>
      </trkpt>
      <trkpt lat="38.900894" lon="111.844505">
        <ele>1437.3271</ele>
        <time>2014-07-21T10:46:58.957000Z</time>
      </trkpt>
      <trkpt lat="38.900826" lon="111.8444">
        <ele>1438.1829</ele>
        <time>2014-07-21T10:47:02.087000Z</time>
      </trkpt>
      <trkpt lat="38.90076" lon="111.84431">
        <ele>1438.7162</ele>
        <time>2014-07-21T10:47:05.217000Z</time>
      </trkpt>
      <trkpt lat="38.900692" lon="111.8442">
        <ele>1438.7921</ele>
        <time>2014-07-21T10:47:08.347000Z</time>
      </trkpt>
      <trkpt lat="38.90064" lon="111.84411">
        <ele>1438.3573</ele>
        <time>2014-07-21T10:47:11.477000Z</time>
      </trkpt>
      <trkpt lat="38.900566" lon="111.84402">
        <ele>1437.4307</ele>
        <time>2014-07-21T10:47:14.607000Z</time>
      </trkpt>
      <trkpt lat="38.90051" lon="111.84392">
        <ele>1436.7799</ele>
        <time>2014-07-21T10:47:17.737000Z</time>
      </trkpt>
      <trkpt lat="38.900448" lon="111.84381">
        <ele>1436.9672</ele>
        <time>2014-07-21T10:47:20.867000Z</time>
      </trkpt>
      <trkpt lat="38.900387" lon="111.84371">
        <ele>1437.1997</ele>
        <time>2014-07-21T10:47:23.997000Z</time>
      </trkpt>
      <trkpt lat="38.900326" lon="111.84361">
        <ele>1436.7352</ele>
        <time>2014-07-21T10:47:27.127000Z</time>
      </trkpt>
      <trkpt lat="38.900253" lon="111.8435">
        <ele>1436.3641</ele>
        <time>2014-07-21T10:47:30.257000Z</time>
      </trkpt>
      <trkpt lat="38.900185" lon="111.84339">
        <ele>1436.8861</ele>
        <time>2014-07-21T10:47:33.387000Z</time>
      </trkpt>
      <trkpt lat="38.900127" lon="111.84329">
        <ele>1437.6749</ele>
        <time>2014-07-21T10:47:36.517000Z</time>
      </trkpt>
      <trkpt lat="38.900063" lon="111.84318">
        <ele>1437.9269</ele>
        <time>2014-07-21T10:47:39.647000Z</time>
      </trkpt>
      <trkpt lat="38.900013" lon="111.84308">
        <ele>1437.5436</ele>
        <time>2014-07-21T10:47:42.777000Z</time>
      </trkpt>
      <trkpt lat="38.899956" lon="111.842964">
        <ele>1436.8209</ele>
        <time>2014-07-21T10:47:45.907000Z</time>
      </trkpt>
      <trkpt lat="38.899902" lon="111.84285">
        <ele>1436.1542</ele>
        <time>2014-07-21T10:47:49.037000Z</time>
      </trkpt>
      <trkpt lat="38.89984" lon="111.84276">
        <ele>1435.6442</ele>
        <time>2014-07-21T10:47:52.167000Z</time>
      </trkpt>
      <trkpt lat="38.89977" lon="111.84264">
        <ele>1435.2252</ele>
        <time>2014-07-21T10:47:55.297000Z</time>
      </trkpt>
      <trkpt lat="38.899715" lon="111.842545">
        <ele>1435.0085</ele>
        <time>2014-07-21T10:47:58.427000Z</time>
      </trkpt>
      <trkpt lat="38.89966" lon="111.84244">
        <ele>1435.0334</ele>
        <time>2014-07-21T10:48:01.557000Z</time>
      </trkpt>
      <trkpt lat="38.899597" lon="111.84233">
        <ele>1435.131</ele>
        <time>2014-07-21T10:48:04.687000Z</time>
      </trkpt>
      <trkpt lat="38.899544" lon="111.84224">
        <ele>1435.1605</ele>
        <time>2014-07-21T10:48:07.817000Z</time>
      </trkpt>
      <trkpt lat="38.89949" lon="111.84213">
        <ele>1435.5842</ele>
        <time>2014-07-21T10:48:10.947000Z</time>
      </trkpt>
      <trkpt lat="38.899437" lon="111.84203">
        <ele>1436.7263</ele>
        <time>2014-07-21T10:48:14.077000Z</time>
      </trkpt>
      <trkpt lat="38.899372" lon="111.84191">
        <ele>1437.8546</ele>
        <time>2014-07-21T10:48:17.207000Z</time>
      </trkpt>
      <trkpt lat="38.899307" lon="111.84179">
        <ele>1438.2684</ele>
        <time>2014-07-21T10:48:20.337000Z</time>
      </trkpt>
      <trkpt lat="38.89924" lon="111.841675">
        <ele>1438.5007</ele>
        <time>2014-07-21T10:48:23.467000Z</time>
      </trkpt>
      <trkpt lat="38.899185" lon="111.84157">
        <ele>1439.184</ele>
        <time>2014-07-21T10:48:26.597000Z</time>
      </trkpt>
      <trkpt lat="38.899117" lon="111.841446">
        <ele>1440.0586</ele>
        <time>2014-07-21T10:48:29.727000Z</time>
      </trkpt>
      <trkpt lat="38.899044" lon="111.841354">
        <ele>1440.877</ele>
        <time>2014-07-21T10:48:32.857000Z</time>
      </trkpt>
      <trkpt lat="38.898983" lon="111.84125">
        <ele>1441.7754</ele>
        <time>2014-07-21T10:48:35.987000Z</time>
      </trkpt>
      <trkpt lat="38.898926" lon="111.84115">
        <ele>1442.5052</ele>
        <time>2014-07-21T10:48:39.117000Z</time>
      </trkpt>
      <trkpt lat="38.898872" lon="111.84105">
        <ele>1442.931</ele>
        <time>2014-07-21T10:48:42.247000Z</time>
      </trkpt>
      <trkpt lat="38.898804" lon="111.840904">
        <ele>1443.418</ele>
        <time>2014-07-21T10:48:45.377000Z</time>
      </trkpt>
      <trkpt lat="38.898746" lon="111.840805">
        <ele>1443.9052</ele>
        <time>2014-07-21T10:48:48.507000Z</time>
      </trkpt>
      <trkpt lat="38.898685" lon="111.840675">
        <ele>1444.013</ele>
        <time>2014-07-21T10:48:51.637000Z</time>
      </trkpt>
      <trkpt lat="38.89863" lon="111.84058">
        <ele>1443.8073</ele>
        <time>2014-07-21T10:48:54.767000Z</time>
      </trkpt>
      <trkpt lat="38.898567" lon="111.84048">
        <ele>1443.6173</ele>
        <time>2014-07-21T10:48:57.897000Z</time>
      </trkpt>
      <trkpt lat="38.898495" lon="111.840355">
        <ele>1443.6066</ele>
        <time>2014-07-21T10:49:01.027000Z</time>
      </trkpt>
      <trkpt lat="38.89843" lon="111.84026">
        <ele>1444.2008</ele>
        <time>2014-07-21T10:49:04.157000Z</time>
      </trkpt>
      <trkpt lat="38.89836" lon="111.840126">
        <ele>1445.8081</ele>
        <time>2014-07-21T10:49:07.287000Z</time>
      </trkpt>
      <trkpt lat="38.8983" lon="111.840004">
        <ele>1447.8389</ele>
        <time>2014-07-21T10:49:10.417000Z</time>
      </trkpt>
      <trkpt lat="38.898224" lon="111.8399">
        <ele>1449.2133</ele>
        <time>2014-07-21T10:49:13.547000Z</time>
      </trkpt>
      <trkpt lat="38.898174" lon="111.83979">
        <ele>1449.6244</ele>
        <time>2014-07-21T10:49:16.677000Z</time>
      </trkpt>
      <trkpt lat="38.89812" lon="111.83969">
        <ele>1449.6313</ele>
        <time>2014-07-21T10:49:19.807000Z</time>
      </trkpt>
      <trkpt lat="38.898045" lon="111.83958">
        <ele>1449.9637</ele>
        <time>2014-07-21T10:49:22.937000Z</time>
      </trkpt>
      <trkpt lat="38.897976" lon="111.83948">
        <ele>1450.7008</ele>
        <time>2014-07-21T10:49:26.067000Z</time>
      </trkpt>
      <trkpt lat="38.897915" lon="111.83937">
        <ele>1451.1997</ele>
        <time>2014-07-21T10:49:29.197000Z</time>
      </trkpt>
      <trkpt lat="38.897865" lon="111.839264">
        <ele>1451.1088</ele>
        <time>2014-07-21T10:49:32.327000Z</time>
      </trkpt>
      <trkpt lat="38.897808" lon="111.83915">
        <ele>1450.7456</ele>
        <time>2014-07-21T10:49:35.457000Z</time>
      </trkpt>
      <trkpt lat="38.89775" lon="111.83905">
        <ele>1450.5582</ele>
        <time>2014-07-21T10:49:38.587000Z</time>
      </trkpt>
      <trkpt lat="38.8977" lon="111.83894">
        <ele>1451.0094</ele>
        <time>2014-07-21T10:49:41.717000Z</time>
      </trkpt>
      <trkpt lat="38.897636" lon="111.83883">
        <ele>1452.372</ele>
        <time>2014-07-21T10:49:44.847000Z</time>
      </trkpt>
      <trkpt lat="38.897575" lon="111.838715">
        <ele>1454.0521</ele>
        <time>2014-07-21T10:49:47.977000Z</time>
      </trkpt>
      <trkpt lat="38.897522" lon="111.83858">
        <ele>1455.1976</ele>
        <time>2014-07-21T10:49:51.107000Z</time>
      </trkpt>
      <trkpt lat="38.897476" lon="111.83846">
        <ele>1455.6725</ele>
        <time>2014-07-21T10:49:54.237000Z</time>
      </trkpt>
      <trkpt lat="38.89744" lon="111.83833">
        <ele>1455.8634</ele>
        <time>2014-07-21T10:49:57.367000Z</time>
      </trkpt>
      <trkpt lat="38.89742" lon="111.8382">
        <ele>1456.279</ele>
        <time>2014-07-21T10:50:00.497000Z</time>
      </trkpt>
      <trkpt lat="38.897404" lon="111.83807">
        <ele>1457.1503</ele>
        <time>2014-07-21T10:50:03.627000Z</time>
      </trkpt>
      <trkpt lat="38.897396" lon="111.83796">
        <ele>1458.4407</ele>
        <time>2014-07-21T10:50:06.757000Z</time>
      </trkpt>
      <trkpt lat="38.897396" lon="111.83782">
        <ele>1460.0758</ele>
        <time>2014-07-21T10:50:09.887000Z</time>
      </trkpt>
      <trkpt lat="38.8974" lon="111.8377">
        <ele>1461.7185</ele>
        <time>2014-07-21T10:50:13.017000Z</time>
      </trkpt>
      <trkpt lat="38.897392" lon="111.83757">
        <ele>1462.867</ele>
        <time>2014-07-21T10:50:16.147000Z</time>
      </trkpt>
      <trkpt lat="38.897392" lon="111.83742">
        <ele>1463.3014</ele>
        <time>2014-07-21T10:50:19.277000Z</time>
      </trkpt>
      <trkpt lat="38.897392" lon="111.83727">
        <ele>1463.1735</ele>
        <time>2014-07-21T10:50:22.407000Z</time>
      </trkpt>
      <trkpt lat="38.897404" lon="111.83714">
        <ele>1462.8041</ele>
        <time>2014-07-21T10:50:25.537000Z</time>
      </trkpt>
      <trkpt lat="38.897408" lon="111.83703">
        <ele>1462.4215</ele>
        <time>2014-07-21T10:50:28.667000Z</time>
      </trkpt>
      <trkpt lat="38.89741" lon="111.8369">
        <ele>1462.1661</ele>
        <time>2014-07-21T10:50:31.797000Z</time>
      </trkpt>
      <trkpt lat="38.897415" lon="111.836784">
        <ele>1461.8267</ele>
        <time>2014-07-21T10:50:34.927000Z</time>
      </trkpt>
      <trkpt lat="38.89742" lon="111.83666">
        <ele>1461.1233</ele>
        <time>2014-07-21T10:50:38.057000Z</time>
      </trkpt>
      <trkpt lat="38.89743" lon="111.83654">
        <ele>1460.3955</ele>
        <time>2014-07-21T10:50:41.187000Z</time>
      </trkpt>
      <trkpt lat="38.897446" lon="111.83641">
        <ele>1460.2672</ele>
        <time>2014-07-21T10:50:44.317000Z</time>
      </trkpt>
      <trkpt lat="38.897453" lon="111.83626">
        <ele>1460.7778</ele>
        <time>2014-07-21T10:50:47.447000Z</time>
      </trkpt>
      <trkpt lat="38.897453" lon="111.83612">
        <ele>1461.4176</ele>
        <time>2014-07-21T10:50:50.577000Z</time>
      </trkpt>
      <trkpt lat="38.89746" lon="111.835976">
        <ele>1461.859</ele>
        <time>2014-07-21T10:50:53.707000Z</time>
      </trkpt>
      <trkpt lat="38.897465" lon="111.83583">
        <ele>1462.59</ele>
        <time>2014-07-21T10:50:56.837000Z</time>
      </trkpt>
      <trkpt lat="38.89748" lon="111.83569">
        <ele>1463.8857</ele>
        <time>2014-07-21T10:50:59.967000Z</time>
      </trkpt>
      <trkpt lat="38.89749" lon="111.83555">
        <ele>1464.9202</ele>
        <time>2014-07-21T10:51:03.097000Z</time>
      </trkpt>
      <trkpt lat="38.897503" lon="111.83542">
        <ele>1464.8766</ele>
        <time>2014-07-21T10:51:06.227000Z</time>
      </trkpt>
      <trkpt lat="38.897507" lon="111.8353">
        <ele>1464.0929</ele>
        <time>2014-07-21T10:51:09.357000Z</time>
      </trkpt>
      <trkpt lat="38.897514" lon="111.83518">
        <ele>1463.4808</ele>
        <time>2014-07-21T10:51:12.487000Z</time>
      </trkpt>
      <trkpt lat="38.89752" lon="111.835045">
        <ele>1463.4781</ele>
        <time>2014-07-21T10:51:15.617000Z</time>
      </trkpt>
      <trkpt lat="38.89753" lon="111.83492">
        <ele>1463.6646</ele>
        <time>2014-07-21T10:51:18.747000Z</time>
      </trkpt>
      <trkpt lat="38.897537" lon="111.83479">
        <ele>1463.2537</ele>
        <time>2014-07-21T10:51:21.877000Z</time>
      </trkpt>
      <trkpt lat="38.897533" lon="111.83466">
        <ele>1462.1432</ele>
        <time>2014-07-21T10:51:25.007000Z</time>
      </trkpt>
      <trkpt lat="38.897537" lon="111.834526">
        <ele>1461.295</ele>
        <time>2014-07-21T10:51:28.137000Z</time>
      </trkpt>
      <trkpt lat="38.89754" lon="111.8344">
        <ele>1461.3684</ele>
        <time>2014-07-21T10:51:31.267000Z</time>
      </trkpt>
      <trkpt lat="38.897533" lon="111.83424">
        <ele>1461.7528</ele>
        <time>2014-07-21T10:51:34.397000Z</time>
      </trkpt>
      <trkpt lat="38.897526" lon="111.834114">
        <ele>1461.7881</ele>
        <time>2014-07-21T10:51:37.527000Z</time>
      </trkpt>
      <trkpt lat="38.89752" lon="111.833984">
        <ele>1461.6201</ele>
        <time>2014-07-21T10:51:40.657000Z</time>
      </trkpt>
      <trkpt lat="38.89752" lon="111.83385">
        <ele>1461.5927</ele>
        <time>2014-07-21T10:51:43.787000Z</time>
      </trkpt>
      <trkpt lat="38.897514" lon="111.833694">
        <ele>1461.7225</ele>
        <time>2014-07-21T10:51:46.917000Z</time>
      </trkpt>
      <trkpt lat="38.897503" lon="111.833565">
        <ele>1461.951</ele>
        <time>2014-07-21T10:51:50.047000Z</time>
      </trkpt>
      <trkpt lat="38.8975" lon="111.83344">
        <ele>1462.3196</ele>
        <time>2014-07-21T10:51:53.177000Z</time>
      </trkpt>
      <trkpt lat="38.897488" lon="111.833305">
        <ele>1462.746</ele>
        <time>2014-07-21T10:51:56.307000Z</time>
      </trkpt>
      <trkpt lat="38.89748" lon="111.83316">
        <ele>1463.4915</ele>
        <time>2014-07-21T10:51:59.437000Z</time>
      </trkpt>
      <trkpt lat="38.89747" lon="111.833015">
        <ele>1464.7875</ele>
        <time>2014-07-21T10:52:02.567000Z</time>
      </trkpt>
      <trkpt lat="38.897465" lon="111.83288">
        <ele>1465.2438</ele>
        <time>2014-07-21T10:52:05.697000Z</time>
      </trkpt>
      <trkpt lat="38.89746" lon="111.832756">
        <ele>1463.7941</ele>
        <time>2014-07-21T10:52:08.827000Z</time>
      </trkpt>
      <trkpt lat="38.897453" lon="111.83263">
        <ele>1461.9973</ele>
        <time>2014-07-21T10:52:11.957000Z</time>
      </trkpt>
      <trkpt lat="38.897446" lon="111.832504">
        <ele>1461.4148</ele>
        <time>2014-07-21T10:52:15.087000Z</time>
      </trkpt>
      <trkpt lat="38.897438" lon="111.83239">
        <ele>1461.1459</ele>
        <time>2014-07-21T10:52:18.217000Z</time>
      </trkpt>
      <trkpt lat="38.897427" lon="111.83226">
        <ele>1459.9868</ele>
        <time>2014-07-21T10:52:21.347000Z</time>
      </trkpt>
      <trkpt lat="38.89742" lon="111.83214">
        <ele>1458.2113</ele>
        <time>2014-07-21T10:52:24.477000Z</time>
      </trkpt>
      <trkpt lat="38.89741" lon="111.832">
        <ele>1456.7013</ele>
        <time>2014-07-21T10:52:27.607000Z</time>
      </trkpt>
      <trkpt lat="38.897404" lon="111.83185">
        <ele>1455.9868</ele>
        <time>2014-07-21T10:52:30.737000Z</time>
      </trkpt>
      <trkpt lat="38.8974" lon="111.831696">
        <ele>1456.0961</ele>
        <time>2014-07-21T10:52:33.867000Z</time>
      </trkpt>
      <trkpt lat="38.89739" lon="111.83154">
        <ele>1456.4983</ele>
        <time>2014-07-21T10:52:36.997000Z</time>
      </trkpt>
      <trkpt lat="38.89737" lon="111.83141">
        <ele>1456.3799</ele>
        <time>2014-07-21T10:52:40.127000Z</time>
      </trkpt>
      <trkpt lat="38.897366" lon="111.83129">
        <ele>1455.4629</ele>
        <time>2014-07-21T10:52:43.257000Z</time>
      </trkpt>
      <trkpt lat="38.897358" lon="111.831154">
        <ele>1454.4342</ele>
        <time>2014-07-21T10:52:46.387000Z</time>
      </trkpt>
      <trkpt lat="38.89735" lon="111.831024">
        <ele>1453.9309</ele>
        <time>2014-07-21T10:52:49.517000Z</time>
      </trkpt>
      <trkpt lat="38.897354" lon="111.830894">
        <ele>1453.2959</ele>
        <time>2014-07-21T10:52:52.647000Z</time>
      </trkpt>
      <trkpt lat="38.89735" lon="111.83078">
        <ele>1451.9434</ele>
        <time>2014-07-21T10:52:55.777000Z</time>
      </trkpt>
      <trkpt lat="38.89734" lon="111.83065">
        <ele>1450.4286</ele>
        <time>2014-07-21T10:52:58.907000Z</time>
      </trkpt>
      <trkpt lat="38.897327" lon="111.83053">
        <ele>1449.4294</ele>
        <time>2014-07-21T10:53:02.037000Z</time>
      </trkpt>
      <trkpt lat="38.897324" lon="111.83037">
        <ele>1448.9254</ele>
        <time>2014-07-21T10:53:05.167000Z</time>
      </trkpt>
      <trkpt lat="38.897316" lon="111.83023">
        <ele>1448.5918</ele>
        <time>2014-07-21T10:53:08.297000Z</time>
      </trkpt>
      <trkpt lat="38.89731" lon="111.830086">
        <ele>1448.0698</ele>
        <time>2014-07-21T10:53:11.427000Z</time>
      </trkpt>
      <trkpt lat="38.8973" lon="111.82996">
        <ele>1447.4106</ele>
        <time>2014-07-21T10:53:14.557000Z</time>
      </trkpt>
      <trkpt lat="38.897293" lon="111.829834">
        <ele>1446.8925</ele>
        <time>2014-07-21T10:53:17.687000Z</time>
      </trkpt>
      <trkpt lat="38.897278" lon="111.82971">
        <ele>1446.7979</ele>
        <time>2014-07-21T10:53:20.817000Z</time>
      </trkpt>
      <trkpt lat="38.897274" lon="111.82958">
        <ele>1447.1552</ele>
        <time>2014-07-21T10:53:23.947000Z</time>
      </trkpt>
      <trkpt lat="38.897263" lon="111.829445">
        <ele>1447.3865</ele>
        <time>2014-07-21T10:53:27.077000Z</time>
      </trkpt>
      <trkpt lat="38.897263" lon="111.82933">
        <ele>1446.9388</ele>
        <time>2014-07-21T10:53:30.207000Z</time>
      </trkpt>
      <trkpt lat="38.89725" lon="111.82921">
        <ele>1445.9169</ele>
        <time>2014-07-21T10:53:33.337000Z</time>
      </trkpt>
      <trkpt lat="38.89724" lon="111.82906">
        <ele>1444.5276</ele>
        <time>2014-07-21T10:53:36.467000Z</time>
      </trkpt>
      <trkpt lat="38.897236" lon="111.828926">
        <ele>1442.9993</ele>
        <time>2014-07-21T10:53:39.597000Z</time>
      </trkpt>
      <trkpt lat="38.89723" lon="111.8288">
        <ele>1441.7251</ele>
        <time>2014-07-21T10:53:42.727000Z</time>
      </trkpt>
      <trkpt lat="38.89722" lon="111.82864">
        <ele>1440.8756</ele>
        <time>2014-07-21T10:53:45.857000Z</time>
      </trkpt>
      <trkpt lat="38.897213" lon="111.828514">
        <ele>1440.412</ele>
        <time>2014-07-21T10:53:48.987000Z</time>
      </trkpt>
      <trkpt lat="38.897205" lon="111.82839">
        <ele>1440.523</ele>
        <time>2014-07-21T10:53:52.117000Z</time>
      </trkpt>
      <trkpt lat="38.897198" lon="111.828255">
        <ele>1441.1985</ele>
        <time>2014-07-21T10:53:55.247000Z</time>
      </trkpt>
      <trkpt lat="38.89719" lon="111.828125">
        <ele>1441.712</ele>
        <time>2014-07-21T10:53:58.377000Z</time>
      </trkpt>
      <trkpt lat="38.897186" lon="111.827995">
        <ele>1441.5151</ele>
        <time>2014-07-21T10:54:01.507000Z</time>
      </trkpt>
      <trkpt lat="38.89718" lon="111.827866">
        <ele>1440.9379</ele>
        <time>2014-07-21T10:54:04.637000Z</time>
      </trkpt>
      <trkpt lat="38.89717" lon="111.82773">
        <ele>1440.568</ele>
        <time>2014-07-21T10:54:07.767000Z</time>
      </trkpt>
      <trkpt lat="38.89717" lon="111.82761">
        <ele>1440.5304</ele>
        <time>2014-07-21T10:54:10.897000Z</time>
      </trkpt>
      <trkpt lat="38.897167" lon="111.82748">
        <ele>1440.5641</ele>
        <time>2014-07-21T10:54:14.027000Z</time>
      </trkpt>
      <trkpt lat="38.89715" lon="111.82733">
        <ele>1440.5088</ele>
        <time>2014-07-21T10:54:17.157000Z</time>
      </trkpt>
      <trkpt lat="38.89714" lon="111.82721">
        <ele>1440.4614</ele>
        <time>2014-07-21T10:54:20.287000Z</time>
      </trkpt>
      <trkpt lat="38.897137" lon="111.82709">
        <ele>1440.5818</ele>
        <time>2014-07-21T10:54:23.417000Z</time>
      </trkpt>
      <trkpt lat="38.89713" lon="111.82696">
        <ele>1440.9304</ele>
        <time>2014-07-21T10:54:26.547000Z</time>
      </trkpt>
      <trkpt lat="38.89712" lon="111.826836">
        <ele>1440.9795</ele>
        <time>2014-07-21T10:54:29.677000Z</time>
      </trkpt>
      <trkpt lat="38.89711" lon="111.8267">
        <ele>1440.3672</ele>
        <time>2014-07-21T10:54:32.807000Z</time>
      </trkpt>
      <trkpt lat="38.897106" lon="111.82658">
        <ele>1439.924</ele>
        <time>2014-07-21T10:54:35.937000Z</time>
      </trkpt>
      <trkpt lat="38.897102" lon="111.826454">
        <ele>1440.373</ele>
        <time>2014-07-21T10:54:39.067000Z</time>
      </trkpt>
      <trkpt lat="38.8971" lon="111.82633">
        <ele>1440.7196</ele>
        <time>2014-07-21T10:54:42.197000Z</time>
      </trkpt>
      <trkpt lat="38.8971" lon="111.8262">
        <ele>1440.0269</ele>
        <time>2014-07-21T10:54:45.327000Z</time>
      </trkpt>
      <trkpt lat="38.897087" lon="111.82606">
        <ele>1439.0366</ele>
        <time>2014-07-21T10:54:48.457000Z</time>
      </trkpt>
      <trkpt lat="38.89708" lon="111.82593">
        <ele>1438.6279</ele>
        <time>2014-07-21T10:54:51.587000Z</time>
      </trkpt>
      <trkpt lat="38.89707" lon="111.825806">
        <ele>1438.66</ele>
        <time>2014-07-21T10:54:54.717000Z</time>
      </trkpt>
      <trkpt lat="38.897053" lon="111.825676">
        <ele>1438.768</ele>
        <time>2014-07-21T10:54:57.847000Z</time>
      </trkpt>
      <trkpt lat="38.897045" lon="111.82555">
        <ele>1439.1179</ele>
        <time>2014-07-21T10:55:00.977000Z</time>
      </trkpt>
      <trkpt lat="38.897034" lon="111.8254">
        <ele>1439.8976</ele>
        <time>2014-07-21T10:55:04.107000Z</time>
      </trkpt>
      <trkpt lat="38.89703" lon="111.82527">
        <ele>1440.5878</ele>
        <time>2014-07-21T10:55:07.237000Z</time>
      </trkpt>
      <trkpt lat="38.897022" lon="111.82514">
        <ele>1440.6466</ele>
        <time>2014-07-21T10:55:10.367000Z</time>
      </trkpt>
      <trkpt lat="38.897015" lon="111.82503">
        <ele>1440.1576</ele>
        <time>2014-07-21T10:55:13.497000Z</time>
      </trkpt>
      <trkpt lat="38.897" lon="111.82487">
        <ele>1439.6041</ele>
        <time>2014-07-21T10:55:16.627000Z</time>
      </trkpt>
      <trkpt lat="38.896996" lon="111.824745">
        <ele>1439.5676</ele>
        <time>2014-07-21T10:55:19.757000Z</time>
      </trkpt>
      <trkpt lat="38.897" lon="111.82462">
        <ele>1440.0745</ele>
        <time>2014-07-21T10:55:22.887000Z</time>
      </trkpt>
      <trkpt lat="38.896996" lon="111.8245">
        <ele>1439.8641</ele>
        <time>2014-07-21T10:55:26.017000Z</time>
      </trkpt>
      <trkpt lat="38.896988" lon="111.82436">
        <ele>1438.1888</ele>
        <time>2014-07-21T10:55:29.147000Z</time>
      </trkpt>
      <trkpt lat="38.89698" lon="111.82423">
        <ele>1436.4563</ele>
        <time>2014-07-21T10:55:32.277000Z</time>
      </trkpt>
      <trkpt lat="38.89697" lon="111.82411">
        <ele>1436.0868</ele>
        <time>2014-07-21T10:55:35.407000Z</time>
      </trkpt>
      <trkpt lat="38.89696" lon="111.82398">
        <ele>1436.7162</ele>
        <time>2014-07-21T10:55:38.537000Z</time>
      </trkpt>
      <trkpt lat="38.896954" lon="111.82383">
        <ele>1437.5695</ele>
        <time>2014-07-21T10:55:41.667000Z</time>
      </trkpt>
      <trkpt lat="38.896942" lon="111.823715">
        <ele>1438.4647</ele>
        <time>2014-07-21T10:55:44.797000Z</time>
      </trkpt>
      <trkpt lat="38.89693" lon="111.82358">
        <ele>1439.3982</ele>
        <time>2014-07-21T10:55:47.927000Z</time>
      </trkpt>
      <trkpt lat="38.89693" lon="111.82346">
        <ele>1439.9713</ele>
        <time>2014-07-21T10:55:51.057000Z</time>
      </trkpt>
      <trkpt lat="38.896923" lon="111.823326">
        <ele>1439.9113</ele>
        <time>2014-07-21T10:55:54.187000Z</time>
      </trkpt>
      <trkpt lat="38.89691" lon="111.82318">
        <ele>1439.2958</ele>
        <time>2014-07-21T10:55:57.317000Z</time>
      </trkpt>
      <trkpt lat="38.896915" lon="111.82303">
        <ele>1438.2844</ele>
        <time>2014-07-21T10:56:00.447000Z</time>
      </trkpt>
      <trkpt lat="38.896908" lon="111.8229">
        <ele>1437.3176</ele>
        <time>2014-07-21T10:56:03.577000Z</time>
      </trkpt>
      <trkpt lat="38.896896" lon="111.82274">
        <ele>1436.8776</ele>
        <time>2014-07-21T10:56:06.707000Z</time>
      </trkpt>
      <trkpt lat="38.89688" lon="111.82259">
        <ele>1436.9432</ele>
        <time>2014-07-21T10:56:09.837000Z</time>
      </trkpt>
      <trkpt lat="38.89687" lon="111.82247">
        <ele>1437.1794</ele>
        <time>2014-07-21T10:56:12.967000Z</time>
      </trkpt>
      <trkpt lat="38.89686" lon="111.82235">
        <ele>1437.331</ele>
        <time>2014-07-21T10:56:16.097000Z</time>
      </trkpt>
      <trkpt lat="38.89685" lon="111.8222">
        <ele>1437.703</ele>
        <time>2014-07-21T10:56:19.227000Z</time>
      </trkpt>
      <trkpt lat="38.896843" lon="111.822075">
        <ele>1438.5492</ele>
        <time>2014-07-21T10:56:22.357000Z</time>
      </trkpt>
      <trkpt lat="38.896835" lon="111.82195">
        <ele>1438.9349</ele>
        <time>2014-07-21T10:56:25.487000Z</time>
      </trkpt>
      <trkpt lat="38.896828" lon="111.82181">
        <ele>1437.9861</ele>
        <time>2014-07-21T10:56:28.617000Z</time>
      </trkpt>
      <trkpt lat="38.896816" lon="111.82166">
        <ele>1436.4294</ele>
        <time>2014-07-21T10:56:31.747000Z</time>
      </trkpt>
      <trkpt lat="38.896812" lon="111.82155">
        <ele>1435.3407</ele>
        <time>2014-07-21T10:56:34.877000Z</time>
      </trkpt>
      <trkpt lat="38.896812" lon="111.82142">
        <ele>1434.9196</ele>
        <time>2014-07-21T10:56:38.007000Z</time>
      </trkpt>
      <trkpt lat="38.896805" lon="111.82128">
        <ele>1434.8961</ele>
        <time>2014-07-21T10:56:41.137000Z</time>
      </trkpt>
      <trkpt lat="38.896797" lon="111.821144">
        <ele>1434.9894</ele>
        <time>2014-07-21T10:56:44.267000Z</time>
      </trkpt>
      <trkpt lat="38.89679" lon="111.82102">
        <ele>1435.0336</ele>
        <time>2014-07-21T10:56:47.397000Z</time>
      </trkpt>
      <trkpt lat="38.896782" lon="111.8209">
        <ele>1435.0609</ele>
        <time>2014-07-21T10:56:50.527000Z</time>
      </trkpt>
      <trkpt lat="38.896774" lon="111.82077">
        <ele>1434.9379</ele>
        <time>2014-07-21T10:56:53.657000Z</time>
      </trkpt>
      <trkpt lat="38.896767" lon="111.82064">
        <ele>1434.7068</ele>
        <time>2014-07-21T10:56:56.787000Z</time>
      </trkpt>
      <trkpt lat="38.89676" lon="111.82051">
        <ele>1434.5314</ele>
        <time>2014-07-21T10:56:59.917000Z</time>
      </trkpt>
      <trkpt lat="38.89675" lon="111.820366">
        <ele>1434.1038</ele>
        <time>2014-07-21T10:57:03.047000Z</time>
      </trkpt>
      <trkpt lat="38.896748" lon="111.820244">
        <ele>1433.2323</ele>
        <time>2014-07-21T10:57:06.177000Z</time>
      </trkpt>
      <trkpt lat="38.896732" lon="111.82012">
        <ele>1432.4116</ele>
        <time>2014-07-21T10:57:09.307000Z</time>
      </trkpt>
      <trkpt lat="38.89673" lon="111.819984">
        <ele>1432.032</ele>
        <time>2014-07-21T10:57:12.437000Z</time>
      </trkpt>
      <trkpt lat="38.89673" lon="111.81983">
        <ele>1432.2056</ele>
        <time>2014-07-21T10:57:15.567000Z</time>
      </trkpt>
      <trkpt lat="38.89672" lon="111.81971">
        <ele>1432.7075</ele>
        <time>2014-07-21T10:57:18.697000Z</time>
      </trkpt>
      <trkpt lat="38.896713" lon="111.81957">
        <ele>1433.1698</ele>
        <time>2014-07-21T10:57:21.827000Z</time>
      </trkpt>
      <trkpt lat="38.896706" lon="111.81945">
        <ele>1433.4237</ele>
        <time>2014-07-21T10:57:24.957000Z</time>
      </trkpt>
      <trkpt lat="38.896694" lon="111.81932">
        <ele>1433.5093</ele>
        <time>2014-07-21T10:57:28.087000Z</time>
      </trkpt>
      <trkpt lat="38.89668" lon="111.819176">
        <ele>1433.5553</ele>
        <time>2014-07-21T10:57:31.217000Z</time>
      </trkpt>
      <trkpt lat="38.89667" lon="111.81905">
        <ele>1433.8168</ele>
        <time>2014-07-21T10:57:34.347000Z</time>
      </trkpt>
      <trkpt lat="38.896667" lon="111.81891">
        <ele>1434.5546</ele>
        <time>2014-07-21T10:57:37.477000Z</time>
      </trkpt>
      <trkpt lat="38.89666" lon="111.818794">
        <ele>1435.5933</ele>
        <time>2014-07-21T10:57:40.607000Z</time>
      </trkpt>
      <trkpt lat="38.896645" lon="111.81866">
        <ele>1436.2418</ele>
        <time>2014-07-21T10:57:43.737000Z</time>
      </trkpt>
      <trkpt lat="38.896633" lon="111.818535">
        <ele>1436.1705</ele>
        <time>2014-07-21T10:57:46.867000Z</time>
      </trkpt>
      <trkpt lat="38.896633" lon="111.8184">
        <ele>1435.808</ele>
        <time>2014-07-21T10:57:49.997000Z</time>
      </trkpt>
      <trkpt lat="38.89663" lon="111.81827">
        <ele>1435.5889</ele>
        <time>2014-07-21T10:57:53.127000Z</time>
      </trkpt>
      <trkpt lat="38.896614" lon="111.8181">
        <ele>1435.7382</ele>
        <time>2014-07-21T10:57:56.257000Z</time>
      </trkpt>
      <trkpt lat="38.89661" lon="111.81795">
        <ele>1436.3135</ele>
        <time>2014-07-21T10:57:59.387000Z</time>
      </trkpt>
      <trkpt lat="38.896606" lon="111.81782">
        <ele>1436.9761</ele>
        <time>2014-07-21T10:58:02.517000Z</time>
      </trkpt>
      <trkpt lat="38.896606" lon="111.81768">
        <ele>1437.2598</ele>
        <time>2014-07-21T10:58:05.647000Z</time>
      </trkpt>
      <trkpt lat="38.896603" lon="111.81754">
        <ele>1436.9619</ele>
        <time>2014-07-21T10:58:08.777000Z</time>
      </trkpt>
      <trkpt lat="38.896584" lon="111.81739">
        <ele>1436.4366</ele>
        <time>2014-07-21T10:58:11.907000Z</time>
      </trkpt>
      <trkpt lat="38.896564" lon="111.81727">
        <ele>1436.4373</ele>
        <time>2014-07-21T10:58:15.037000Z</time>
      </trkpt>
      <trkpt lat="38.896553" lon="111.81715">
        <ele>1437.1838</ele>
        <time>2014-07-21T10:58:18.167000Z</time>
      </trkpt>
      <trkpt lat="38.896545" lon="111.816986">
        <ele>1438.02</ele>
        <time>2014-07-21T10:58:21.297000Z</time>
      </trkpt>
      <trkpt lat="38.896538" lon="111.81685">
        <ele>1438.4518</ele>
        <time>2014-07-21T10:58:24.427000Z</time>
      </trkpt>
      <trkpt lat="38.896538" lon="111.81672">
        <ele>1438.4324</ele>
        <time>2014-07-21T10:58:27.557000Z</time>
      </trkpt>
      <trkpt lat="38.896534" lon="111.81657">
        <ele>1438.0366</ele>
        <time>2014-07-21T10:58:30.687000Z</time>
      </trkpt>
      <trkpt lat="38.896523" lon="111.81642">
        <ele>1437.3802</ele>
        <time>2014-07-21T10:58:33.817000Z</time>
      </trkpt>
      <trkpt lat="38.89651" lon="111.81627">
        <ele>1436.6891</ele>
        <time>2014-07-21T10:58:36.947000Z</time>
      </trkpt>
      <trkpt lat="38.896503" lon="111.81615">
        <ele>1436.387</ele>
        <time>2014-07-21T10:58:40.077000Z</time>
      </trkpt>
      <trkpt lat="38.896496" lon="111.81602">
        <ele>1436.91</ele>
        <time>2014-07-21T10:58:43.207000Z</time>
      </trkpt>
      <trkpt lat="38.89649" lon="111.81589">
        <ele>1438.0133</ele>
        <time>2014-07-21T10:58:46.337000Z</time>
      </trkpt>
      <trkpt lat="38.896477" lon="111.81574">
        <ele>1439.1603</ele>
        <time>2014-07-21T10:58:49.467000Z</time>
      </trkpt>
      <trkpt lat="38.89647" lon="111.81559">
        <ele>1439.9006</ele>
        <time>2014-07-21T10:58:52.597000Z</time>
      </trkpt>
      <trkpt lat="38.89647" lon="111.81544">
        <ele>1439.6687</ele>
        <time>2014-07-21T10:58:55.727000Z</time>
      </trkpt>
      <trkpt lat="38.89646" lon="111.81529">
        <ele>1438.301</ele>
        <time>2014-07-21T10:58:58.857000Z</time>
      </trkpt>
      <trkpt lat="38.896458" lon="111.81513">
        <ele>1436.6127</ele>
        <time>2014-07-21T10:59:01.987000Z</time>
      </trkpt>
      <trkpt lat="38.89644" lon="111.81497">
        <ele>1435.6798</ele>
        <time>2014-07-21T10:59:05.117000Z</time>
      </trkpt>
      <trkpt lat="38.89643" lon="111.81484">
        <ele>1435.7379</ele>
        <time>2014-07-21T10:59:08.247000Z</time>
      </trkpt>
      <trkpt lat="38.89642" lon="111.81471">
        <ele>1436.6746</ele>
        <time>2014-07-21T10:59:11.377000Z</time>
      </trkpt>
      <trkpt lat="38.89641" lon="111.8146">
        <ele>1437.9119</ele>
        <time>2014-07-21T10:59:14.507000Z</time>
      </trkpt>
      <trkpt lat="38.896404" lon="111.81447">
        <ele>1438.7676</ele>
        <time>2014-07-21T10:59:17.637000Z</time>
      </trkpt>
      <trkpt lat="38.896397" lon="111.814316">
        <ele>1439.36</ele>
        <time>2014-07-21T10:59:20.767000Z</time>
      </trkpt>
      <trkpt lat="38.896393" lon="111.814186">
        <ele>1439.9534</ele>
        <time>2014-07-21T10:59:23.897000Z</time>
      </trkpt>
      <trkpt lat="38.896378" lon="111.81403">
        <ele>1440.3076</ele>
        <time>2014-07-21T10:59:27.027000Z</time>
      </trkpt>
      <trkpt lat="38.896374" lon="111.81389">
        <ele>1440.4785</ele>
        <time>2014-07-21T10:59:30.157000Z</time>
      </trkpt>
      <trkpt lat="38.896366" lon="111.81375">
        <ele>1440.7963</ele>
        <time>2014-07-21T10:59:33.287000Z</time>
      </trkpt>
      <trkpt lat="38.89636" lon="111.81363">
        <ele>1441.4387</ele>
        <time>2014-07-21T10:59:36.417000Z</time>
      </trkpt>
      <trkpt lat="38.896355" lon="111.8135">
        <ele>1441.8766</ele>
        <time>2014-07-21T10:59:39.547000Z</time>
      </trkpt>
      <trkpt lat="38.89635" lon="111.81338">
        <ele>1441.5996</ele>
        <time>2014-07-21T10:59:42.677000Z</time>
      </trkpt>
      <trkpt lat="38.89634" lon="111.81324">
        <ele>1440.9288</ele>
        <time>2014-07-21T10:59:45.807000Z</time>
      </trkpt>
      <trkpt lat="38.896328" lon="111.81311">
        <ele>1440.4524</ele>
        <time>2014-07-21T10:59:48.937000Z</time>
      </trkpt>
      <trkpt lat="38.89633" lon="111.81299">
        <ele>1440.4015</ele>
        <time>2014-07-21T10:59:52.067000Z</time>
      </trkpt>
      <trkpt lat="38.89632" lon="111.81285">
        <ele>1440.9152</ele>
        <time>2014-07-21T10:59:55.197000Z</time>
      </trkpt>
      <trkpt lat="38.896317" lon="111.81272">
        <ele>1441.889</ele>
        <time>2014-07-21T10:59:58.327000Z</time>
      </trkpt>
      <trkpt lat="38.89631" lon="111.812584">
        <ele>1442.5674</ele>
        <time>2014-07-21T11:00:01.457000Z</time>
      </trkpt>
      <trkpt lat="38.896297" lon="111.812454">
        <ele>1442.4552</ele>
        <time>2014-07-21T11:00:04.587000Z</time>
      </trkpt>
      <trkpt lat="38.896286" lon="111.81233">
        <ele>1442.161</ele>
        <time>2014-07-21T11:00:07.717000Z</time>
      </trkpt>
      <trkpt lat="38.896275" lon="111.812195">
        <ele>1442.2858</ele>
        <time>2014-07-21T11:00:10.847000Z</time>
      </trkpt>
      <trkpt lat="38.896267" lon="111.812065">
        <ele>1442.6329</ele>
        <time>2014-07-21T11:00:13.977000Z</time>
      </trkpt>
      <trkpt lat="38.896255" lon="111.81193">
        <ele>1442.9215</ele>
        <time>2014-07-21T11:00:17.107000Z</time>
      </trkpt>
      <trkpt lat="38.896248" lon="111.811806">
        <ele>1443.1719</ele>
        <time>2014-07-21T11:00:20.237000Z</time>
      </trkpt>
      <trkpt lat="38.896244" lon="111.81168">
        <ele>1443.4592</ele>
        <time>2014-07-21T11:00:23.367000Z</time>
      </trkpt>
      <trkpt lat="38.896244" lon="111.81153">
        <ele>1443.8256</ele>
        <time>2014-07-21T11:00:26.497000Z</time>
      </trkpt>
      <trkpt lat="38.896236" lon="111.8114">
        <ele>1444.1615</ele>
        <time>2014-07-21T11:00:29.627000Z</time>
      </trkpt>
      <trkpt lat="38.896225" lon="111.81127">
        <ele>1444.3093</ele>
        <time>2014-07-21T11:00:32.757000Z</time>
      </trkpt>
      <trkpt lat="38.89622" lon="111.81115">
        <ele>1444.0623</ele>
        <time>2014-07-21T11:00:35.887000Z</time>
      </trkpt>
      <trkpt lat="38.89621" lon="111.81103">
        <ele>1443.1658</ele>
        <time>2014-07-21T11:00:39.017000Z</time>
      </trkpt>
      <trkpt lat="38.896206" lon="111.8109">
        <ele>1441.8475</ele>
        <time>2014-07-21T11:00:42.147000Z</time>
      </trkpt>
      <trkpt lat="38.896206" lon="111.810776">
        <ele>1440.7257</ele>
        <time>2014-07-21T11:00:45.277000Z</time>
      </trkpt>
      <trkpt lat="38.8962" lon="111.81064">
        <ele>1440.1034</ele>
        <time>2014-07-21T11:00:48.407000Z</time>
      </trkpt>
      <trkpt lat="38.896187" lon="111.81051">
        <ele>1439.9312</ele>
        <time>2014-07-21T11:00:51.537000Z</time>
      </trkpt>
      <trkpt lat="38.89618" lon="111.810356">
        <ele>1440.0293</ele>
        <time>2014-07-21T11:00:54.667000Z</time>
      </trkpt>
      <trkpt lat="38.896175" lon="111.81022">
        <ele>1440.2166</ele>
        <time>2014-07-21T11:00:57.797000Z</time>
      </trkpt>
      <trkpt lat="38.896168" lon="111.810074">
        <ele>1440.4076</ele>
        <time>2014-07-21T11:01:00.927000Z</time>
      </trkpt>
      <trkpt lat="38.896152" lon="111.80995">
        <ele>1440.5848</ele>
        <time>2014-07-21T11:01:04.057000Z</time>
      </trkpt>
      <trkpt lat="38.896145" lon="111.809814">
        <ele>1440.7329</ele>
        <time>2014-07-21T11:01:07.187000Z</time>
      </trkpt>
      <trkpt lat="38.89614" lon="111.8097">
        <ele>1441.0924</ele>
        <time>2014-07-21T11:01:10.317000Z</time>
      </trkpt>
      <trkpt lat="38.896126" lon="111.809555">
        <ele>1442.054</ele>
        <time>2014-07-21T11:01:13.447000Z</time>
      </trkpt>
      <trkpt lat="38.896122" lon="111.80944">
        <ele>1443.3402</ele>
        <time>2014-07-21T11:01:16.577000Z</time>
      </trkpt>
      <trkpt lat="38.896114" lon="111.809296">
        <ele>1444.4016</ele>
        <time>2014-07-21T11:01:19.707000Z</time>
      </trkpt>
      <trkpt lat="38.8961" lon="111.80914">
        <ele>1445.1234</ele>
        <time>2014-07-21T11:01:22.837000Z</time>
      </trkpt>
      <trkpt lat="38.8961" lon="111.80902">
        <ele>1445.4698</ele>
        <time>2014-07-21T11:01:25.967000Z</time>
      </trkpt>
      <trkpt lat="38.896095" lon="111.8089">
        <ele>1445.0164</ele>
        <time>2014-07-21T11:01:29.097000Z</time>
      </trkpt>
      <trkpt lat="38.896084" lon="111.80875">
        <ele>1443.6069</ele>
        <time>2014-07-21T11:01:32.227000Z</time>
      </trkpt>
      <trkpt lat="38.89607" lon="111.80862">
        <ele>1441.9772</ele>
        <time>2014-07-21T11:01:35.357000Z</time>
      </trkpt>
      <trkpt lat="38.89606" lon="111.808495">
        <ele>1441.1461</ele>
        <time>2014-07-21T11:01:38.487000Z</time>
      </trkpt>
      <trkpt lat="38.896053" lon="111.808365">
        <ele>1441.2828</ele>
        <time>2014-07-21T11:01:41.617000Z</time>
      </trkpt>
      <trkpt lat="38.896053" lon="111.808235">
        <ele>1441.8021</ele>
        <time>2014-07-21T11:01:44.747000Z</time>
      </trkpt>
      <trkpt lat="38.896046" lon="111.80809">
        <ele>1442.163</ele>
        <time>2014-07-21T11:01:47.877000Z</time>
      </trkpt>
      <trkpt lat="38.896038" lon="111.80795">
        <ele>1442.3683</ele>
        <time>2014-07-21T11:01:51.007000Z</time>
      </trkpt>
      <trkpt lat="38.89603" lon="111.80782">
        <ele>1442.7174</ele>
        <time>2014-07-21T11:01:54.137000Z</time>
      </trkpt>
      <trkpt lat="38.896027" lon="111.80769">
        <ele>1443.2463</ele>
        <time>2014-07-21T11:01:57.267000Z</time>
      </trkpt>
      <trkpt lat="38.896015" lon="111.80756">
        <ele>1443.7166</ele>
        <time>2014-07-21T11:02:00.397000Z</time>
      </trkpt>
      <trkpt lat="38.896008" lon="111.80743">
        <ele>1444.0009</ele>
        <time>2014-07-21T11:02:03.527000Z</time>
      </trkpt>
      <trkpt lat="38.895996" lon="111.8073">
        <ele>1444.2952</ele>
        <time>2014-07-21T11:02:06.657000Z</time>
      </trkpt>
      <trkpt lat="38.89599" lon="111.80718">
        <ele>1444.837</ele>
        <time>2014-07-21T11:02:09.787000Z</time>
      </trkpt>
      <trkpt lat="38.895977" lon="111.80705">
        <ele>1445.5435</ele>
        <time>2014-07-21T11:02:12.917000Z</time>
      </trkpt>
      <trkpt lat="38.895966" lon="111.80693">
        <ele>1445.6616</ele>
        <time>2014-07-21T11:02:16.047000Z</time>
      </trkpt>
      <trkpt lat="38.895958" lon="111.8068">
        <ele>1444.7975</ele>
        <time>2014-07-21T11:02:19.177000Z</time>
      </trkpt>
      <trkpt lat="38.895954" lon="111.80667">
        <ele>1443.4209</ele>
        <time>2014-07-21T11:02:22.307000Z</time>
      </trkpt>
      <trkpt lat="38.895947" lon="111.806526">
        <ele>1442.1549</ele>
        <time>2014-07-21T11:02:25.437000Z</time>
      </trkpt>
      <trkpt lat="38.895954" lon="111.80639">
        <ele>1441.5427</ele>
        <time>2014-07-21T11:02:28.567000Z</time>
      </trkpt>
      <trkpt lat="38.895947" lon="111.80627">
        <ele>1441.9484</ele>
        <time>2014-07-21T11:02:31.697000Z</time>
      </trkpt>
      <trkpt lat="38.895927" lon="111.80611">
        <ele>1442.9156</ele>
        <time>2014-07-21T11:02:34.827000Z</time>
      </trkpt>
      <trkpt lat="38.895927" lon="111.80598">
        <ele>1443.4503</ele>
        <time>2014-07-21T11:02:37.957000Z</time>
      </trkpt>
      <trkpt lat="38.895927" lon="111.80585">
        <ele>1443.1302</ele>
        <time>2014-07-21T11:02:41.087000Z</time>
      </trkpt>
      <trkpt lat="38.89592" lon="111.80572">
        <ele>1442.7971</ele>
        <time>2014-07-21T11:02:44.217000Z</time>
      </trkpt>
      <trkpt lat="38.895905" lon="111.80558">
        <ele>1443.4111</ele>
        <time>2014-07-21T11:02:47.347000Z</time>
      </trkpt>
      <trkpt lat="38.8959" lon="111.80542">
        <ele>1444.6968</ele>
        <time>2014-07-21T11:02:50.477000Z</time>
      </trkpt>
      <trkpt lat="38.895897" lon="111.80526">
        <ele>1445.921</ele>
        <time>2014-07-21T11:02:53.607000Z</time>
      </trkpt>
      <trkpt lat="38.89588" lon="111.805115">
        <ele>1447.0791</ele>
        <time>2014-07-21T11:02:56.737000Z</time>
      </trkpt>
      <trkpt lat="38.895878" lon="111.804985">
        <ele>1448.2296</ele>
        <time>2014-07-21T11:02:59.867000Z</time>
      </trkpt>
      <trkpt lat="38.89587" lon="111.804855">
        <ele>1448.9655</ele>
        <time>2014-07-21T11:03:02.997000Z</time>
      </trkpt>
      <trkpt lat="38.895855" lon="111.80471">
        <ele>1449.1526</ele>
        <time>2014-07-21T11:03:06.127000Z</time>
      </trkpt>
      <trkpt lat="38.895855" lon="111.80459">
        <ele>1448.8646</ele>
        <time>2014-07-21T11:03:09.257000Z</time>
      </trkpt>
      <trkpt lat="38.895844" lon="111.804436">
        <ele>1448.5746</ele>
        <time>2014-07-21T11:03:12.387000Z</time>
      </trkpt>
      <trkpt lat="38.895836" lon="111.804306">
        <ele>1448.8221</ele>
        <time>2014-07-21T11:03:15.517000Z</time>
      </trkpt>
      <trkpt lat="38.89583" lon="111.80418">
        <ele>1449.3812</ele>
        <time>2014-07-21T11:03:18.647000Z</time>
      </trkpt>
      <trkpt lat="38.895824" lon="111.80403">
        <ele>1450.0562</ele>
        <time>2014-07-21T11:03:21.777000Z</time>
      </trkpt>
      <trkpt lat="38.895813" lon="111.80388">
        <ele>1451.1024</ele>
        <time>2014-07-21T11:03:24.907000Z</time>
      </trkpt>
      <trkpt lat="38.89581" lon="111.803734">
        <ele>1452.2242</ele>
        <time>2014-07-21T11:03:28.037000Z</time>
      </trkpt>
      <trkpt lat="38.895798" lon="111.80358">
        <ele>1452.9305</ele>
        <time>2014-07-21T11:03:31.167000Z</time>
      </trkpt>
      <trkpt lat="38.89578" lon="111.80343">
        <ele>1453.2052</ele>
        <time>2014-07-21T11:03:34.297000Z</time>
      </trkpt>
      <trkpt lat="38.89578" lon="111.803314">
        <ele>1453.3275</ele>
        <time>2014-07-21T11:03:37.427000Z</time>
      </trkpt>
      <trkpt lat="38.895775" lon="111.803185">
        <ele>1453.353</ele>
        <time>2014-07-21T11:03:40.557000Z</time>
      </trkpt>
      <trkpt lat="38.89577" lon="111.80303">
        <ele>1453.2423</ele>
        <time>2014-07-21T11:03:43.687000Z</time>
      </trkpt>
      <trkpt lat="38.895752" lon="111.8029">
        <ele>1453.2881</ele>
        <time>2014-07-21T11:03:46.817000Z</time>
      </trkpt>
      <trkpt lat="38.89575" lon="111.80275">
        <ele>1453.7285</ele>
        <time>2014-07-21T11:03:49.947000Z</time>
      </trkpt>
      <trkpt lat="38.89574" lon="111.80263">
        <ele>1454.7228</ele>
        <time>2014-07-21T11:03:53.077000Z</time>
      </trkpt>
      <trkpt lat="38.895744" lon="111.80248">
        <ele>1456.1849</ele>
        <time>2014-07-21T11:03:56.207000Z</time>
      </trkpt>
      <trkpt lat="38.89574" lon="111.80236">
        <ele>1457.4749</ele>
        <time>2014-07-21T11:03:59.337000Z</time>
      </trkpt>
      <trkpt lat="38.895737" lon="111.80224">
        <ele>1458.0929</ele>
        <time>2014-07-21T11:04:02.467000Z</time>
      </trkpt>
      <trkpt lat="38.89572" lon="111.80212">
        <ele>1458.2249</ele>
        <time>2014-07-21T11:04:05.597000Z</time>
      </trkpt>
      <trkpt lat="38.8957" lon="111.80196">
        <ele>1458.2462</ele>
        <time>2014-07-21T11:04:08.727000Z</time>
      </trkpt>
      <trkpt lat="38.89569" lon="111.80185">
        <ele>1458.4067</ele>
        <time>2014-07-21T11:04:11.857000Z</time>
      </trkpt>
      <trkpt lat="38.895687" lon="111.801704">
        <ele>1459.0071</ele>
        <time>2014-07-21T11:04:14.987000Z</time>
      </trkpt>
      <trkpt lat="38.89568" lon="111.80157">
        <ele>1460.1658</ele>
        <time>2014-07-21T11:04:18.117000Z</time>
      </trkpt>
      <trkpt lat="38.895676" lon="111.80144">
        <ele>1461.2834</ele>
        <time>2014-07-21T11:04:21.247000Z</time>
      </trkpt>
      <trkpt lat="38.895664" lon="111.801315">
        <ele>1461.6398</ele>
        <time>2014-07-21T11:04:24.377000Z</time>
      </trkpt>
      <trkpt lat="38.895653" lon="111.80118">
        <ele>1460.8287</ele>
        <time>2014-07-21T11:04:27.507000Z</time>
      </trkpt>
      <trkpt lat="38.89564" lon="111.801025">
        <ele>1459.0753</ele>
        <time>2014-07-21T11:04:30.637000Z</time>
      </trkpt>
      <trkpt lat="38.895638" lon="111.800896">
        <ele>1457.8002</ele>
        <time>2014-07-21T11:04:33.767000Z</time>
      </trkpt>
      <trkpt lat="38.895626" lon="111.80077">
        <ele>1458.2423</ele>
        <time>2014-07-21T11:04:36.897000Z</time>
      </trkpt>
      <trkpt lat="38.89562" lon="111.80064">
        <ele>1460.0206</ele>
        <time>2014-07-21T11:04:40.027000Z</time>
      </trkpt>
      <trkpt lat="38.89561" lon="111.800514">
        <ele>1461.7006</ele>
        <time>2014-07-21T11:04:43.157000Z</time>
      </trkpt>
      <trkpt lat="38.895603" lon="111.80036">
        <ele>1462.4808</ele>
        <time>2014-07-21T11:04:46.287000Z</time>
      </trkpt>
      <trkpt lat="38.8956" lon="111.80024">
        <ele>1462.867</ele>
        <time>2014-07-21T11:04:49.417000Z</time>
      </trkpt>
      <trkpt lat="38.895588" lon="111.800125">
        <ele>1463.4059</ele>
        <time>2014-07-21T11:04:52.547000Z</time>
      </trkpt>
      <trkpt lat="38.89558" lon="111.8">
        <ele>1463.9325</ele>
        <time>2014-07-21T11:04:55.677000Z</time>
      </trkpt>
      <trkpt lat="38.895573" lon="111.79985">
        <ele>1464.5109</ele>
        <time>2014-07-21T11:04:58.807000Z</time>
      </trkpt>
      <trkpt lat="38.89558" lon="111.79972">
        <ele>1465.5485</ele>
        <time>2014-07-21T11:05:01.937000Z</time>
      </trkpt>
      <trkpt lat="38.895565" lon="111.79958">
        <ele>1466.8608</ele>
        <time>2014-07-21T11:05:05.067000Z</time>
      </trkpt>
      <trkpt lat="38.89556" lon="111.79945">
        <ele>1467.5623</ele>
        <time>2014-07-21T11:05:08.197000Z</time>
      </trkpt>
      <trkpt lat="38.89556" lon="111.79933">
        <ele>1467.2258</ele>
        <time>2014-07-21T11:05:11.327000Z</time>
      </trkpt>
      <trkpt lat="38.895546" lon="111.799194">
        <ele>1466.1638</ele>
        <time>2014-07-21T11:05:14.457000Z</time>
      </trkpt>
      <trkpt lat="38.895542" lon="111.79904">
        <ele>1464.9646</ele>
        <time>2014-07-21T11:05:17.587000Z</time>
      </trkpt>
      <trkpt lat="38.895546" lon="111.79891">
        <ele>1464.2529</ele>
        <time>2014-07-21T11:05:20.717000Z</time>
      </trkpt>
      <trkpt lat="38.89565" lon="111.79867">
        <ele>1464.2933</ele>
        <time>2014-07-21T11:05:23.847000Z</time>
      </trkpt>
      <trkpt lat="38.89566" lon="111.798676">
        <ele>1465.5216</ele>
        <time>2014-07-21T11:05:26.977000Z</time>
      </trkpt>
      <trkpt lat="38.895737" lon="111.79878">
        <ele>1467.6204</ele>
        <time>2014-07-21T11:05:30.107000Z</time>
      </trkpt>
      <trkpt lat="38.895737" lon="111.79878">
        <ele>1469.1228</ele>
        <time>2014-07-21T11:05:33.237000Z</time>
      </trkpt>
      <trkpt lat="38.895794" lon="111.79887">
        <ele>1469.3474</ele>
        <time>2014-07-21T11:05:36.367000Z</time>
      </trkpt>
      <trkpt lat="38.895885" lon="111.79897">
        <ele>1468.9291</ele>
        <time>2014-07-21T11:05:39.497000Z</time>
      </trkpt>
      <trkpt lat="38.89595" lon="111.79908">
        <ele>1468.9631</ele>
        <time>2014-07-21T11:05:42.627000Z</time>
      </trkpt>
      <trkpt lat="38.896027" lon="111.79919">
        <ele>1469.9948</ele>
        <time>2014-07-21T11:05:45.757000Z</time>
      </trkpt>
      <trkpt lat="38.896084" lon="111.79928">
        <ele>1471.4174</ele>
        <time>2014-07-21T11:05:48.887000Z</time>
      </trkpt>
      <trkpt lat="38.89614" lon="111.79937">
        <ele>1472.4773</ele>
        <time>2014-07-21T11:05:52.017000Z</time>
      </trkpt>
      <trkpt lat="38.896202" lon="111.79948">
        <ele>1472.7438</ele>
        <time>2014-07-21T11:05:55.147000Z</time>
      </trkpt>
      <trkpt lat="38.896267" lon="111.79958">
        <ele>1472.3534</ele>
        <time>2014-07-21T11:05:58.277000Z</time>
      </trkpt>
      <trkpt lat="38.89632" lon="111.799675">
        <ele>1471.6965</ele>
        <time>2014-07-21T11:06:01.407000Z</time>
      </trkpt>
      <trkpt lat="38.89639" lon="111.79978">
        <ele>1470.8842</ele>
        <time>2014-07-21T11:06:04.537000Z</time>
      </trkpt>
      <trkpt lat="38.896458" lon="111.79988">
        <ele>1470.063</ele>
        <time>2014-07-21T11:06:07.667000Z</time>
      </trkpt>
      <trkpt lat="38.896526" lon="111.79999">
        <ele>1469.6614</ele>
        <time>2014-07-21T11:06:10.797000Z</time>
      </trkpt>
      <trkpt lat="38.896587" lon="111.80007">
        <ele>1469.8684</ele>
        <time>2014-07-21T11:06:13.927000Z</time>
      </trkpt>
      <trkpt lat="38.896652" lon="111.80016">
        <ele>1470.5743</ele>
        <time>2014-07-21T11:06:17.057000Z</time>
      </trkpt>
      <trkpt lat="38.896736" lon="111.80028">
        <ele>1470.9355</ele>
        <time>2014-07-21T11:06:20.187000Z</time>
      </trkpt>
      <trkpt lat="38.896805" lon="111.80038">
        <ele>1470.098</ele>
        <time>2014-07-21T11:06:23.317000Z</time>
      </trkpt>
      <trkpt lat="38.896877" lon="111.80049">
        <ele>1468.3558</ele>
        <time>2014-07-21T11:06:26.447000Z</time>
      </trkpt>
      <trkpt lat="38.896946" lon="111.80061">
        <ele>1466.743</ele>
        <time>2014-07-21T11:06:29.577000Z</time>
      </trkpt>
      <trkpt lat="38.897007" lon="111.800705">
        <ele>1465.7566</ele>
        <time>2014-07-21T11:06:32.707000Z</time>
      </trkpt>
      <trkpt lat="38.89708" lon="111.80081">
        <ele>1465.2748</ele>
        <time>2014-07-21T11:06:35.837000Z</time>
      </trkpt>
      <trkpt lat="38.897156" lon="111.80091">
        <ele>1464.9216</ele>
        <time>2014-07-21T11:06:38.967000Z</time>
      </trkpt>
      <trkpt lat="38.897236" lon="111.80103">
        <ele>1464.3331</ele>
        <time>2014-07-21T11:06:42.097000Z</time>
      </trkpt>
      <trkpt lat="38.8973" lon="111.801125">
        <ele>1462.7286</ele>
        <time>2014-07-21T11:06:45.227000Z</time>
      </trkpt>
      <trkpt lat="38.897358" lon="111.80122">
        <ele>1461.8221</ele>
        <time>2014-07-21T11:06:48.357000Z</time>
      </trkpt>
      <trkpt lat="38.897427" lon="111.80132">
        <ele>1460.8939</ele>
        <time>2014-07-21T11:06:51.487000Z</time>
      </trkpt>
      <trkpt lat="38.89749" lon="111.80142">
        <ele>1459.9525</ele>
        <time>2014-07-21T11:06:54.617000Z</time>
      </trkpt>
      <trkpt lat="38.89749" lon="111.80142">
        <ele>1459.238</ele>
        <time>2014-07-21T11:06:57.747000Z</time>
      </trkpt>
      <trkpt lat="38.897568" lon="111.80152">
        <ele>1459.2605</ele>
        <time>2014-07-21T11:07:00.877000Z</time>
      </trkpt>
      <trkpt lat="38.897648" lon="111.80162">
        <ele>1460.021</ele>
        <time>2014-07-21T11:07:04.007000Z</time>
      </trkpt>
      <trkpt lat="38.89771" lon="111.80172">
        <ele>1460.8779</ele>
        <time>2014-07-21T11:07:07.137000Z</time>
      </trkpt>
      <trkpt lat="38.897774" lon="111.80183">
        <ele>1461.0614</ele>
        <time>2014-07-21T11:07:10.267000Z</time>
      </trkpt>
      <trkpt lat="38.897827" lon="111.80192">
        <ele>1460.5024</ele>
        <time>2014-07-21T11:07:13.397000Z</time>
      </trkpt>
      <trkpt lat="38.897884" lon="111.80202">
        <ele>1459.9783</ele>
        <time>2014-07-21T11:07:16.527000Z</time>
      </trkpt>
      <trkpt lat="38.89795" lon="111.80213">
        <ele>1460.2673</ele>
        <time>2014-07-21T11:07:19.657000Z</time>
      </trkpt>
      <trkpt lat="38.898018" lon="111.802246">
        <ele>1461.136</ele>
        <time>2014-07-21T11:07:22.787000Z</time>
      </trkpt>
      <trkpt lat="38.89809" lon="111.802345">
        <ele>1461.487</ele>
        <time>2014-07-21T11:07:25.917000Z</time>
      </trkpt>
      <trkpt lat="38.89815" lon="111.802444">
        <ele>1460.7874</ele>
        <time>2014-07-21T11:07:29.047000Z</time>
      </trkpt>
      <trkpt lat="38.898216" lon="111.802536">
        <ele>1459.6165</ele>
        <time>2014-07-21T11:07:32.177000Z</time>
      </trkpt>
      <trkpt lat="38.898296" lon="111.802666">
        <ele>1458.6227</ele>
        <time>2014-07-21T11:07:35.307000Z</time>
      </trkpt>
      <trkpt lat="38.89836" lon="111.802765">
        <ele>1457.9152</ele>
        <time>2014-07-21T11:07:38.437000Z</time>
      </trkpt>
      <trkpt lat="38.898434" lon="111.80287">
        <ele>1457.463</ele>
        <time>2014-07-21T11:07:41.567000Z</time>
      </trkpt>
      <trkpt lat="38.89851" lon="111.80298">
        <ele>1457.0078</ele>
        <time>2014-07-21T11:07:44.697000Z</time>
      </trkpt>
      <trkpt lat="38.898567" lon="111.80307">
        <ele>1456.3915</ele>
        <time>2014-07-21T11:07:47.827000Z</time>
      </trkpt>
      <trkpt lat="38.89863" lon="111.803154">
        <ele>1455.8402</ele>
        <time>2014-07-21T11:07:50.957000Z</time>
      </trkpt>
      <trkpt lat="38.898697" lon="111.80325">
        <ele>1455.5028</ele>
        <time>2014-07-21T11:07:54.087000Z</time>
      </trkpt>
      <trkpt lat="38.89878" lon="111.80337">
        <ele>1454.9275</ele>
        <time>2014-07-21T11:07:57.217000Z</time>
      </trkpt>
      <trkpt lat="38.898838" lon="111.803474">
        <ele>1453.5768</ele>
        <time>2014-07-21T11:08:00.347000Z</time>
      </trkpt>
      <trkpt lat="38.898907" lon="111.80359">
        <ele>1451.7493</ele>
        <time>2014-07-21T11:08:03.477000Z</time>
      </trkpt>
      <trkpt lat="38.89897" lon="111.80369">
        <ele>1450.8271</ele>
        <time>2014-07-21T11:08:06.607000Z</time>
      </trkpt>
      <trkpt lat="38.89903" lon="111.80377">
        <ele>1451.4581</ele>
        <time>2014-07-21T11:08:09.737000Z</time>
      </trkpt>
      <trkpt lat="38.899097" lon="111.8039">
        <ele>1452.3529</ele>
        <time>2014-07-21T11:08:12.867000Z</time>
      </trkpt>
      <trkpt lat="38.899166" lon="111.804">
        <ele>1451.8713</ele>
        <time>2014-07-21T11:08:15.997000Z</time>
      </trkpt>
      <trkpt lat="38.899227" lon="111.8041">
        <ele>1450.1213</ele>
        <time>2014-07-21T11:08:19.127000Z</time>
      </trkpt>
      <trkpt lat="38.899303" lon="111.804214">
        <ele>1448.4802</ele>
        <time>2014-07-21T11:08:22.257000Z</time>
      </trkpt>
      <trkpt lat="38.899364" lon="111.80431">
        <ele>1447.5035</ele>
        <time>2014-07-21T11:08:25.387000Z</time>
      </trkpt>
      <trkpt lat="38.899437" lon="111.804405">
        <ele>1446.7897</ele>
        <time>2014-07-21T11:08:28.517000Z</time>
      </trkpt>
      <trkpt lat="38.899506" lon="111.804504">
        <ele>1446.2899</ele>
        <time>2014-07-21T11:08:31.647000Z</time>
      </trkpt>
      <trkpt lat="38.89958" lon="111.80461">
        <ele>1446.0114</ele>
        <time>2014-07-21T11:08:34.777000Z</time>
      </trkpt>
      <trkpt lat="38.89965" lon="111.80472">
        <ele>1445.307</ele>
        <time>2014-07-21T11:08:37.907000Z</time>
      </trkpt>
      <trkpt lat="38.899715" lon="111.80481">
        <ele>1444.183</ele>
        <time>2014-07-21T11:08:41.037000Z</time>
      </trkpt>
      <trkpt lat="38.899788" lon="111.80492">
        <ele>1443.3533</ele>
        <time>2014-07-21T11:08:44.167000Z</time>
      </trkpt>
      <trkpt lat="38.899853" lon="111.80502">
        <ele>1442.9218</ele>
        <time>2014-07-21T11:08:47.297000Z</time>
      </trkpt>
      <trkpt lat="38.899918" lon="111.80512">
        <ele>1442.6315</ele>
        <time>2014-07-21T11:08:50.427000Z</time>
      </trkpt>
      <trkpt lat="38.899986" lon="111.80524">
        <ele>1442.5369</ele>
        <time>2014-07-21T11:08:53.557000Z</time>
      </trkpt>
      <trkpt lat="38.900055" lon="111.805336">
        <ele>1442.6729</ele>
        <time>2014-07-21T11:08:56.687000Z</time>
      </trkpt>
      <trkpt lat="38.90013" lon="111.80545">
        <ele>1443.0304</ele>
        <time>2014-07-21T11:08:59.817000Z</time>
      </trkpt>
      <trkpt lat="38.9002" lon="111.805565">
        <ele>1443.6921</ele>
        <time>2014-07-21T11:09:02.947000Z</time>
      </trkpt>
      <trkpt lat="38.90027" lon="111.80567">
        <ele>1444.1383</ele>
        <time>2014-07-21T11:09:06.077000Z</time>
      </trkpt>
      <trkpt lat="38.900352" lon="111.80577">
        <ele>1443.623</ele>
        <time>2014-07-21T11:09:09.207000Z</time>
      </trkpt>
      <trkpt lat="38.900417" lon="111.80587">
        <ele>1441.9257</ele>
        <time>2014-07-21T11:09:12.337000Z</time>
      </trkpt>
      <trkpt lat="38.900475" lon="111.80597">
        <ele>1439.5476</ele>
        <time>2014-07-21T11:09:15.467000Z</time>
      </trkpt>
      <trkpt lat="38.90053" lon="111.80607">
        <ele>1437.5292</ele>
        <time>2014-07-21T11:09:18.597000Z</time>
      </trkpt>
      <trkpt lat="38.900604" lon="111.80617">
        <ele>1437.0039</ele>
        <time>2014-07-21T11:09:21.727000Z</time>
      </trkpt>
      <trkpt lat="38.900684" lon="111.80628">
        <ele>1437.8237</ele>
        <time>2014-07-21T11:09:24.857000Z</time>
      </trkpt>
      <trkpt lat="38.900757" lon="111.80637">
        <ele>1438.7322</ele>
        <time>2014-07-21T11:09:27.987000Z</time>
      </trkpt>
      <trkpt lat="38.90083" lon="111.80647">
        <ele>1438.8059</ele>
        <time>2014-07-21T11:09:31.117000Z</time>
      </trkpt>
      <trkpt lat="38.900883" lon="111.80658">
        <ele>1438.6794</ele>
        <time>2014-07-21T11:09:34.247000Z</time>
      </trkpt>
      <trkpt lat="38.900944" lon="111.80668">
        <ele>1439.1079</ele>
        <time>2014-07-21T11:09:37.377000Z</time>
      </trkpt>
      <trkpt lat="38.901012" lon="111.806786">
        <ele>1439.7957</ele>
        <time>2014-07-21T11:09:40.507000Z</time>
      </trkpt>
      <trkpt lat="38.90108" lon="111.806885">
        <ele>1440.2191</ele>
        <time>2014-07-21T11:09:43.637000Z</time>
      </trkpt>
      <trkpt lat="38.901142" lon="111.806984">
        <ele>1440.3418</ele>
        <time>2014-07-21T11:09:46.767000Z</time>
      </trkpt>
      <trkpt lat="38.901215" lon="111.80709">
        <ele>1440.1793</ele>
        <time>2014-07-21T11:09:49.897000Z</time>
      </trkpt>
      <trkpt lat="38.901295" lon="111.80721">
        <ele>1439.7758</ele>
        <time>2014-07-21T11:09:53.027000Z</time>
      </trkpt>
      <trkpt lat="38.901363" lon="111.807304">
        <ele>1439.4728</ele>
        <time>2014-07-21T11:09:56.157000Z</time>
      </trkpt>
      <trkpt lat="38.901424" lon="111.8074">
        <ele>1439.5396</ele>
        <time>2014-07-21T11:09:59.287000Z</time>
      </trkpt>
      <trkpt lat="38.90148" lon="111.8075">
        <ele>1439.798</ele>
        <time>2014-07-21T11:10:02.417000Z</time>
      </trkpt>
      <trkpt lat="38.90153" lon="111.80762">
        <ele>1439.8817</ele>
        <time>2014-07-21T11:10:05.547000Z</time>
      </trkpt>
      <trkpt lat="38.901577" lon="111.80773">
        <ele>1439.3232</ele>
        <time>2014-07-21T11:10:08.677000Z</time>
      </trkpt>
      <trkpt lat="38.90163" lon="111.80784">
        <ele>1437.879</ele>
        <time>2014-07-21T11:10:11.807000Z</time>
      </trkpt>
      <trkpt lat="38.9017" lon="111.80793">
        <ele>1436.1375</ele>
        <time>2014-07-21T11:10:14.937000Z</time>
      </trkpt>
      <trkpt lat="38.901764" lon="111.80802">
        <ele>1435.0895</ele>
        <time>2014-07-21T11:10:18.067000Z</time>
      </trkpt>
      <trkpt lat="38.901844" lon="111.808136">
        <ele>1434.9921</ele>
        <time>2014-07-21T11:10:21.197000Z</time>
      </trkpt>
      <trkpt lat="38.901905" lon="111.80824">
        <ele>1435.287</ele>
        <time>2014-07-21T11:10:24.327000Z</time>
      </trkpt>
      <trkpt lat="38.90198" lon="111.80836">
        <ele>1435.3787</ele>
        <time>2014-07-21T11:10:27.457000Z</time>
      </trkpt>
      <trkpt lat="38.902042" lon="111.80846">
        <ele>1435.1571</ele>
        <time>2014-07-21T11:10:30.587000Z</time>
      </trkpt>
      <trkpt lat="38.90211" lon="111.80856">
        <ele>1435.1946</ele>
        <time>2014-07-21T11:10:33.717000Z</time>
      </trkpt>
      <trkpt lat="38.902172" lon="111.80866">
        <ele>1435.8839</ele>
        <time>2014-07-21T11:10:36.847000Z</time>
      </trkpt>
      <trkpt lat="38.90223" lon="111.80875">
        <ele>1436.4559</ele>
        <time>2014-07-21T11:10:39.977000Z</time>
      </trkpt>
      <trkpt lat="38.902313" lon="111.80886">
        <ele>1435.9857</ele>
        <time>2014-07-21T11:10:43.107000Z</time>
      </trkpt>
      <trkpt lat="38.90238" lon="111.80897">
        <ele>1434.794</ele>
        <time>2014-07-21T11:10:46.237000Z</time>
      </trkpt>
      <trkpt lat="38.90244" lon="111.80907">
        <ele>1433.9619</ele>
        <time>2014-07-21T11:10:49.367000Z</time>
      </trkpt>
      <trkpt lat="38.90251" lon="111.80919">
        <ele>1433.9753</ele>
        <time>2014-07-21T11:10:52.497000Z</time>
      </trkpt>
      <trkpt lat="38.90259" lon="111.809296">
        <ele>1434.629</ele>
        <time>2014-07-21T11:10:55.627000Z</time>
      </trkpt>
      <trkpt lat="38.902676" lon="111.80941">
        <ele>1435.6985</ele>
        <time>2014-07-21T11:10:58.757000Z</time>
      </trkpt>
      <trkpt lat="38.90274" lon="111.80951">
        <ele>1436.8141</ele>
        <time>2014-07-21T11:11:01.887000Z</time>
      </trkpt>
      <trkpt lat="38.902813" lon="111.80961">
        <ele>1437.3105</ele>
        <time>2014-07-21T11:11:05.017000Z</time>
      </trkpt>
      <trkpt lat="38.9029" lon="111.80973">
        <ele>1436.4932</ele>
        <time>2014-07-21T11:11:08.147000Z</time>
      </trkpt>
      <trkpt lat="38.90297" lon="111.809845">
        <ele>1434.5638</ele>
        <time>2014-07-21T11:11:11.277000Z</time>
      </trkpt>
      <trkpt lat="38.90303" lon="111.809944">
        <ele>1433.1453</ele>
        <time>2014-07-21T11:11:14.407000Z</time>
      </trkpt>
      <trkpt lat="38.903103" lon="111.81004">
        <ele>1433.2471</ele>
        <time>2014-07-21T11:11:17.537000Z</time>
      </trkpt>
      <trkpt lat="38.90317" lon="111.81015">
        <ele>1434.0618</ele>
        <time>2014-07-21T11:11:20.667000Z</time>
      </trkpt>
      <trkpt lat="38.90324" lon="111.810265">
        <ele>1434.6174</ele>
        <time>2014-07-21T11:11:23.797000Z</time>
      </trkpt>
      <trkpt lat="38.90331" lon="111.81036">
        <ele>1434.7963</ele>
        <time>2014-07-21T11:11:26.927000Z</time>
      </trkpt>
      <trkpt lat="38.903378" lon="111.81046">
        <ele>1434.7827</ele>
        <time>2014-07-21T11:11:30.057000Z</time>
      </trkpt>
      <trkpt lat="38.903435" lon="111.81057">
        <ele>1434.515</ele>
        <time>2014-07-21T11:11:33.187000Z</time>
      </trkpt>
      <trkpt lat="38.903507" lon="111.81068">
        <ele>1433.9607</ele>
        <time>2014-07-21T11:11:36.317000Z</time>
      </trkpt>
      <trkpt lat="38.903584" lon="111.81078">
        <ele>1433.5453</ele>
        <time>2014-07-21T11:11:39.447000Z</time>
      </trkpt>
      <trkpt lat="38.903652" lon="111.81088">
        <ele>1433.5929</ele>
        <time>2014-07-21T11:11:42.577000Z</time>
      </trkpt>
      <trkpt lat="38.90372" lon="111.81099">
        <ele>1433.8949</ele>
        <time>2014-07-21T11:11:45.707000Z</time>
      </trkpt>
      <trkpt lat="38.903786" lon="111.811104">
        <ele>1434.1378</ele>
        <time>2014-07-21T11:11:48.837000Z</time>
      </trkpt>
      <trkpt lat="38.903854" lon="111.8112">
        <ele>1433.9753</ele>
        <time>2014-07-21T11:11:51.967000Z</time>
      </trkpt>
      <trkpt lat="38.90394" lon="111.81131">
        <ele>1433.2886</ele>
        <time>2014-07-21T11:11:55.097000Z</time>
      </trkpt>
      <trkpt lat="38.90402" lon="111.81142">
        <ele>1432.3483</ele>
        <time>2014-07-21T11:11:58.227000Z</time>
      </trkpt>
      <trkpt lat="38.904083" lon="111.81152">
        <ele>1431.4236</ele>
        <time>2014-07-21T11:12:01.357000Z</time>
      </trkpt>
      <trkpt lat="38.904144" lon="111.81163">
        <ele>1430.763</ele>
        <time>2014-07-21T11:12:04.487000Z</time>
      </trkpt>
      <trkpt lat="38.90422" lon="111.81173">
        <ele>1430.5848</ele>
        <time>2014-07-21T11:12:07.617000Z</time>
      </trkpt>
      <trkpt lat="38.904285" lon="111.811844">
        <ele>1430.7075</ele>
        <time>2014-07-21T11:12:10.747000Z</time>
      </trkpt>
      <trkpt lat="38.904354" lon="111.811935">
        <ele>1430.8551</ele>
        <time>2014-07-21T11:12:13.877000Z</time>
      </trkpt>
      <trkpt lat="38.904423" lon="111.81204">
        <ele>1431.23</ele>
        <time>2014-07-21T11:12:17.007000Z</time>
      </trkpt>
      <trkpt lat="38.90449" lon="111.81215">
        <ele>1432.0757</ele>
        <time>2014-07-21T11:12:20.137000Z</time>
      </trkpt>
      <trkpt lat="38.904564" lon="111.81225">
        <ele>1433.1364</ele>
        <time>2014-07-21T11:12:23.267000Z</time>
      </trkpt>
      <trkpt lat="38.90463" lon="111.812355">
        <ele>1433.9966</ele>
        <time>2014-07-21T11:12:26.397000Z</time>
      </trkpt>
      <trkpt lat="38.904697" lon="111.81246">
        <ele>1433.8909</ele>
        <time>2014-07-21T11:12:29.527000Z</time>
      </trkpt>
      <trkpt lat="38.904785" lon="111.81258">
        <ele>1432.4807</ele>
        <time>2014-07-21T11:12:32.657000Z</time>
      </trkpt>
      <trkpt lat="38.90485" lon="111.81268">
        <ele>1430.8568</ele>
        <time>2014-07-21T11:12:35.787000Z</time>
      </trkpt>
      <trkpt lat="38.904922" lon="111.81279">
        <ele>1430.0237</ele>
        <time>2014-07-21T11:12:38.917000Z</time>
      </trkpt>
      <trkpt lat="38.90499" lon="111.81289">
        <ele>1429.8181</ele>
        <time>2014-07-21T11:12:42.047000Z</time>
      </trkpt>
      <trkpt lat="38.905056" lon="111.812996">
        <ele>1429.8374</ele>
        <time>2014-07-21T11:12:45.177000Z</time>
      </trkpt>
      <trkpt lat="38.905117" lon="111.81309">
        <ele>1429.8604</ele>
        <time>2014-07-21T11:12:48.307000Z</time>
      </trkpt>
      <trkpt lat="38.905163" lon="111.81318">
        <ele>1429.7878</ele>
        <time>2014-07-21T11:12:51.437000Z</time>
      </trkpt>
      <trkpt lat="38.905228" lon="111.813286">
        <ele>1429.5833</ele>
        <time>2014-07-21T11:12:54.567000Z</time>
      </trkpt>
      <trkpt lat="38.9053" lon="111.8134">
        <ele>1429.1188</ele>
        <time>2014-07-21T11:12:57.697000Z</time>
      </trkpt>
      <trkpt lat="38.90538" lon="111.813515">
        <ele>1428.379</ele>
        <time>2014-07-21T11:13:00.827000Z</time>
      </trkpt>
      <trkpt lat="38.905457" lon="111.81362">
        <ele>1427.8253</ele>
        <time>2014-07-21T11:13:03.957000Z</time>
      </trkpt>
      <trkpt lat="38.905525" lon="111.81372">
        <ele>1427.8921</ele>
        <time>2014-07-21T11:13:07.087000Z</time>
      </trkpt>
      <trkpt lat="38.90559" lon="111.81381">
        <ele>1428.3662</ele>
        <time>2014-07-21T11:13:10.217000Z</time>
      </trkpt>
      <trkpt lat="38.905655" lon="111.81392">
        <ele>1428.7026</ele>
        <time>2014-07-21T11:13:13.347000Z</time>
      </trkpt>
      <trkpt lat="38.905727" lon="111.814026">
        <ele>1428.5365</ele>
        <time>2014-07-21T11:13:16.477000Z</time>
      </trkpt>
      <trkpt lat="38.90579" lon="111.814125">
        <ele>1427.9224</ele>
        <time>2014-07-21T11:13:19.607000Z</time>
      </trkpt>
      <trkpt lat="38.905857" lon="111.81424">
        <ele>1427.2136</ele>
        <time>2014-07-21T11:13:22.737000Z</time>
      </trkpt>
      <trkpt lat="38.905922" lon="111.81433">
        <ele>1426.7545</ele>
        <time>2014-07-21T11:13:25.867000Z</time>
      </trkpt>
      <trkpt lat="38.90598" lon="111.81443">
        <ele>1426.7534</ele>
        <time>2014-07-21T11:13:28.997000Z</time>
      </trkpt>
      <trkpt lat="38.90607" lon="111.81457">
        <ele>1427.1577</ele>
        <time>2014-07-21T11:13:32.127000Z</time>
      </trkpt>
      <trkpt lat="38.906128" lon="111.81466">
        <ele>1427.6267</ele>
        <time>2014-07-21T11:13:35.257000Z</time>
      </trkpt>
      <trkpt lat="38.906204" lon="111.81476">
        <ele>1427.8743</ele>
        <time>2014-07-21T11:13:38.387000Z</time>
      </trkpt>
      <trkpt lat="38.90628" lon="111.81486">
        <ele>1427.9111</ele>
        <time>2014-07-21T11:13:41.517000Z</time>
      </trkpt>
      <trkpt lat="38.90634" lon="111.81494">
        <ele>1427.86</ele>
        <time>2014-07-21T11:13:44.647000Z</time>
      </trkpt>
      <trkpt lat="38.90642" lon="111.815056">
        <ele>1427.7214</ele>
        <time>2014-07-21T11:13:47.777000Z</time>
      </trkpt>
      <trkpt lat="38.906483" lon="111.815155">
        <ele>1427.4663</ele>
        <time>2014-07-21T11:13:50.907000Z</time>
      </trkpt>
      <trkpt lat="38.90655" lon="111.81526">
        <ele>1427.2245</ele>
        <time>2014-07-21T11:13:54.037000Z</time>
      </trkpt>
      <trkpt lat="38.906616" lon="111.81536">
        <ele>1426.9076</ele>
        <time>2014-07-21T11:13:57.167000Z</time>
      </trkpt>
      <trkpt lat="38.906677" lon="111.81545">
        <ele>1426.2513</ele>
        <time>2014-07-21T11:14:00.297000Z</time>
      </trkpt>
      <trkpt lat="38.906746" lon="111.815544">
        <ele>1425.2246</ele>
        <time>2014-07-21T11:14:03.427000Z</time>
      </trkpt>
      <trkpt lat="38.90681" lon="111.81566">
        <ele>1424.072</ele>
        <time>2014-07-21T11:14:06.557000Z</time>
      </trkpt>
      <trkpt lat="38.906876" lon="111.81575">
        <ele>1423.1877</ele>
        <time>2014-07-21T11:14:09.687000Z</time>
      </trkpt>
      <trkpt lat="38.906933" lon="111.81585">
        <ele>1422.8323</ele>
        <time>2014-07-21T11:14:12.817000Z</time>
      </trkpt>
      <trkpt lat="38.907013" lon="111.815956">
        <ele>1422.8649</ele>
        <time>2014-07-21T11:14:15.947000Z</time>
      </trkpt>
      <trkpt lat="38.907074" lon="111.816055">
        <ele>1422.9373</ele>
        <time>2014-07-21T11:14:19.077000Z</time>
      </trkpt>
      <trkpt lat="38.90713" lon="111.816154">
        <ele>1422.7772</ele>
        <time>2014-07-21T11:14:22.207000Z</time>
      </trkpt>
      <trkpt lat="38.907207" lon="111.81627">
        <ele>1422.449</ele>
        <time>2014-07-21T11:14:25.337000Z</time>
      </trkpt>
      <trkpt lat="38.90728" lon="111.81636">
        <ele>1422.7515</ele>
        <time>2014-07-21T11:14:28.467000Z</time>
      </trkpt>
      <trkpt lat="38.90734" lon="111.81646">
        <ele>1424.2865</ele>
        <time>2014-07-21T11:14:31.597000Z</time>
      </trkpt>
      <trkpt lat="38.907413" lon="111.81655">
        <ele>1426.236</ele>
        <time>2014-07-21T11:14:34.727000Z</time>
      </trkpt>
      <trkpt lat="38.907482" lon="111.81666">
        <ele>1427.0652</ele>
        <time>2014-07-21T11:14:37.857000Z</time>
      </trkpt>
      <trkpt lat="38.907555" lon="111.81676">
        <ele>1426.4447</ele>
        <time>2014-07-21T11:14:40.987000Z</time>
      </trkpt>
      <trkpt lat="38.907627" lon="111.81688">
        <ele>1425.3485</ele>
        <time>2014-07-21T11:14:44.117000Z</time>
      </trkpt>
      <trkpt lat="38.907703" lon="111.81701">
        <ele>1424.6609</ele>
        <time>2014-07-21T11:14:47.247000Z</time>
      </trkpt>
      <trkpt lat="38.907784" lon="111.817116">
        <ele>1424.325</ele>
        <time>2014-07-21T11:14:50.377000Z</time>
      </trkpt>
      <trkpt lat="38.907837" lon="111.817215">
        <ele>1424.0651</ele>
        <time>2014-07-21T11:14:53.507000Z</time>
      </trkpt>
      <trkpt lat="38.907906" lon="111.81733">
        <ele>1424.1503</ele>
        <time>2014-07-21T11:14:56.637000Z</time>
      </trkpt>
      <trkpt lat="38.907974" lon="111.81744">
        <ele>1424.8339</ele>
        <time>2014-07-21T11:14:59.767000Z</time>
      </trkpt>
      <trkpt lat="38.908047" lon="111.817535">
        <ele>1425.4397</ele>
        <time>2014-07-21T11:15:02.897000Z</time>
      </trkpt>
      <trkpt lat="38.90812" lon="111.81765">
        <ele>1425.3167</ele>
        <time>2014-07-21T11:15:06.027000Z</time>
      </trkpt>
      <trkpt lat="38.908184" lon="111.81774">
        <ele>1424.7708</ele>
        <time>2014-07-21T11:15:09.157000Z</time>
      </trkpt>
      <trkpt lat="38.908253" lon="111.81785">
        <ele>1423.9293</ele>
        <time>2014-07-21T11:15:12.287000Z</time>
      </trkpt>
      <trkpt lat="38.908318" lon="111.81793">
        <ele>1422.5787</ele>
        <time>2014-07-21T11:15:15.417000Z</time>
      </trkpt>
      <trkpt lat="38.908394" lon="111.818054">
        <ele>1420.9021</ele>
        <time>2014-07-21T11:15:18.547000Z</time>
      </trkpt>
      <trkpt lat="38.908455" lon="111.818146">
        <ele>1419.3956</ele>
        <time>2014-07-21T11:15:21.677000Z</time>
      </trkpt>
      <trkpt lat="38.908524" lon="111.81826">
        <ele>1418.5485</ele>
        <time>2014-07-21T11:15:24.807000Z</time>
      </trkpt>
      <trkpt lat="38.90858" lon="111.81835">
        <ele>1418.5944</ele>
        <time>2014-07-21T11:15:27.937000Z</time>
      </trkpt>
      <trkpt lat="38.90865" lon="111.818474">
        <ele>1419.1348</ele>
        <time>2014-07-21T11:15:31.067000Z</time>
      </trkpt>
      <trkpt lat="38.90872" lon="111.818565">
        <ele>1419.6254</ele>
        <time>2014-07-21T11:15:34.197000Z</time>
      </trkpt>
      <trkpt lat="38.908783" lon="111.81866">
        <ele>1419.9152</ele>
        <time>2014-07-21T11:15:37.327000Z</time>
      </trkpt>
      <trkpt lat="38.908855" lon="111.81875">
        <ele>1420.1357</ele>
        <time>2014-07-21T11:15:40.457000Z</time>
      </trkpt>
      <trkpt lat="38.90893" lon="111.81885">
        <ele>1420.3671</ele>
        <time>2014-07-21T11:15:43.587000Z</time>
      </trkpt>
      <trkpt lat="38.909004" lon="111.81896">
        <ele>1420.6056</ele>
        <time>2014-07-21T11:15:46.717000Z</time>
      </trkpt>
      <trkpt lat="38.90907" lon="111.819084">
        <ele>1420.8976</ele>
        <time>2014-07-21T11:15:49.847000Z</time>
      </trkpt>
      <trkpt lat="38.909115" lon="111.81919">
        <ele>1421.256</ele>
        <time>2014-07-21T11:15:52.977000Z</time>
      </trkpt>
      <trkpt lat="38.90918" lon="111.81929">
        <ele>1422.1626</ele>
        <time>2014-07-21T11:15:56.107000Z</time>
      </trkpt>
      <trkpt lat="38.909256" lon="111.81939">
        <ele>1423.8701</ele>
        <time>2014-07-21T11:15:59.237000Z</time>
      </trkpt>
      <trkpt lat="38.909336" lon="111.81951">
        <ele>1425.1228</ele>
        <time>2014-07-21T11:16:02.367000Z</time>
      </trkpt>
      <trkpt lat="38.909405" lon="111.81961">
        <ele>1424.5599</ele>
        <time>2014-07-21T11:16:05.497000Z</time>
      </trkpt>
      <trkpt lat="38.909477" lon="111.81971">
        <ele>1422.7632</ele>
        <time>2014-07-21T11:16:08.627000Z</time>
      </trkpt>
      <trkpt lat="38.909546" lon="111.8198">
        <ele>1421.1525</ele>
        <time>2014-07-21T11:16:11.757000Z</time>
      </trkpt>
      <trkpt lat="38.909622" lon="111.8199">
        <ele>1420.3944</ele>
        <time>2014-07-21T11:16:14.887000Z</time>
      </trkpt>
      <trkpt lat="38.909702" lon="111.82">
        <ele>1420.5026</ele>
        <time>2014-07-21T11:16:18.017000Z</time>
      </trkpt>
      <trkpt lat="38.909775" lon="111.82008">
        <ele>1421.1702</ele>
        <time>2014-07-21T11:16:21.147000Z</time>
      </trkpt>
      <trkpt lat="38.90984" lon="111.82018">
        <ele>1421.8119</ele>
        <time>2014-07-21T11:16:24.277000Z</time>
      </trkpt>
      <trkpt lat="38.909904" lon="111.82029">
        <ele>1422.0833</ele>
        <time>2014-07-21T11:16:27.407000Z</time>
      </trkpt>
      <trkpt lat="38.909966" lon="111.82039">
        <ele>1421.8014</ele>
        <time>2014-07-21T11:16:30.537000Z</time>
      </trkpt>
      <trkpt lat="38.910034" lon="111.82049">
        <ele>1420.5536</ele>
        <time>2014-07-21T11:16:33.667000Z</time>
      </trkpt>
      <trkpt lat="38.910107" lon="111.8206">
        <ele>1418.7686</ele>
        <time>2014-07-21T11:16:36.797000Z</time>
      </trkpt>
      <trkpt lat="38.910168" lon="111.820694">
        <ele>1417.5883</ele>
        <time>2014-07-21T11:16:39.927000Z</time>
      </trkpt>
      <trkpt lat="38.910233" lon="111.82079">
        <ele>1417.36</ele>
        <time>2014-07-21T11:16:43.057000Z</time>
      </trkpt>
      <trkpt lat="38.910305" lon="111.82091">
        <ele>1417.6993</ele>
        <time>2014-07-21T11:16:46.187000Z</time>
      </trkpt>
      <trkpt lat="38.910378" lon="111.821014">
        <ele>1418.7134</ele>
        <time>2014-07-21T11:16:49.317000Z</time>
      </trkpt>
      <trkpt lat="38.910435" lon="111.821106">
        <ele>1420.3341</ele>
        <time>2014-07-21T11:16:52.447000Z</time>
      </trkpt>
      <trkpt lat="38.910496" lon="111.82122">
        <ele>1421.1567</ele>
        <time>2014-07-21T11:16:55.577000Z</time>
      </trkpt>
      <trkpt lat="38.91057" lon="111.82132">
        <ele>1420.1136</ele>
        <time>2014-07-21T11:16:58.707000Z</time>
      </trkpt>
      <trkpt lat="38.910625" lon="111.82141">
        <ele>1418.2435</ele>
        <time>2014-07-21T11:17:01.837000Z</time>
      </trkpt>
      <trkpt lat="38.910706" lon="111.82151">
        <ele>1416.8763</ele>
        <time>2014-07-21T11:17:04.967000Z</time>
      </trkpt>
      <trkpt lat="38.910786" lon="111.8216">
        <ele>1416.3735</ele>
        <time>2014-07-21T11:17:08.097000Z</time>
      </trkpt>
      <trkpt lat="38.91085" lon="111.82171">
        <ele>1416.4482</ele>
        <time>2014-07-21T11:17:11.227000Z</time>
      </trkpt>
      <trkpt lat="38.910923" lon="111.82181">
        <ele>1416.5107</ele>
        <time>2014-07-21T11:17:14.357000Z</time>
      </trkpt>
      <trkpt lat="38.910995" lon="111.82194">
        <ele>1416.364</ele>
        <time>2014-07-21T11:17:17.487000Z</time>
      </trkpt>
      <trkpt lat="38.91108" lon="111.822044">
        <ele>1416.7118</ele>
        <time>2014-07-21T11:17:20.617000Z</time>
      </trkpt>
      <trkpt lat="38.911156" lon="111.822136">
        <ele>1417.91</ele>
        <time>2014-07-21T11:17:23.747000Z</time>
      </trkpt>
      <trkpt lat="38.91124" lon="111.82224">
        <ele>1419.2123</ele>
        <time>2014-07-21T11:17:26.877000Z</time>
      </trkpt>
      <trkpt lat="38.9113" lon="111.82237">
        <ele>1419.7593</ele>
        <time>2014-07-21T11:17:30.007000Z</time>
      </trkpt>
      <trkpt lat="38.911366" lon="111.822464">
        <ele>1419.6067</ele>
        <time>2014-07-21T11:17:33.137000Z</time>
      </trkpt>
      <trkpt lat="38.91142" lon="111.822556">
        <ele>1419.2014</ele>
        <time>2014-07-21T11:17:36.267000Z</time>
      </trkpt>
      <trkpt lat="38.91148" lon="111.82267">
        <ele>1418.5973</ele>
        <time>2014-07-21T11:17:39.397000Z</time>
      </trkpt>
      <trkpt lat="38.911537" lon="111.82279">
        <ele>1417.6975</ele>
        <time>2014-07-21T11:17:42.527000Z</time>
      </trkpt>
      <trkpt lat="38.9116" lon="111.822876">
        <ele>1416.8569</ele>
        <time>2014-07-21T11:17:45.657000Z</time>
      </trkpt>
      <trkpt lat="38.911667" lon="111.82298">
        <ele>1416.0844</ele>
        <time>2014-07-21T11:17:48.787000Z</time>
      </trkpt>
      <trkpt lat="38.91175" lon="111.82309">
        <ele>1415.1293</ele>
        <time>2014-07-21T11:17:51.917000Z</time>
      </trkpt>
      <trkpt lat="38.91183" lon="111.82319">
        <ele>1414.7386</ele>
        <time>2014-07-21T11:17:55.047000Z</time>
      </trkpt>
      <trkpt lat="38.911903" lon="111.82329">
        <ele>1415.8096</ele>
        <time>2014-07-21T11:17:58.177000Z</time>
      </trkpt>
      <trkpt lat="38.911972" lon="111.82338">
        <ele>1418.1957</ele>
        <time>2014-07-21T11:18:01.307000Z</time>
      </trkpt>
      <trkpt lat="38.91204" lon="111.82348">
        <ele>1420.8729</ele>
        <time>2014-07-21T11:18:04.437000Z</time>
      </trkpt>
      <trkpt lat="38.9121" lon="111.82358">
        <ele>1422.7095</ele>
        <time>2014-07-21T11:18:07.567000Z</time>
      </trkpt>
      <trkpt lat="38.912163" lon="111.82368">
        <ele>1423.2439</ele>
        <time>2014-07-21T11:18:10.697000Z</time>
      </trkpt>
      <trkpt lat="38.912224" lon="111.82376">
        <ele>1422.8683</ele>
        <time>2014-07-21T11:18:13.827000Z</time>
      </trkpt>
      <trkpt lat="38.91231" lon="111.823875">
        <ele>1422.2394</ele>
        <time>2014-07-21T11:18:16.957000Z</time>
      </trkpt>
      <trkpt lat="38.912365" lon="111.82397">
        <ele>1421.5471</ele>
        <time>2014-07-21T11:18:20.087000Z</time>
      </trkpt>
      <trkpt lat="38.912434" lon="111.824066">
        <ele>1420.6812</ele>
        <time>2014-07-21T11:18:23.217000Z</time>
      </trkpt>
      <trkpt lat="38.91251" lon="111.82419">
        <ele>1419.9438</ele>
        <time>2014-07-21T11:18:26.347000Z</time>
      </trkpt>
      <trkpt lat="38.912582" lon="111.82429">
        <ele>1419.1099</ele>
        <time>2014-07-21T11:18:29.477000Z</time>
      </trkpt>
      <trkpt lat="38.91264" lon="111.824394">
        <ele>1417.7174</ele>
        <time>2014-07-21T11:18:32.607000Z</time>
      </trkpt>
      <trkpt lat="38.912697" lon="111.824486">
        <ele>1416.4436</ele>
        <time>2014-07-21T11:18:35.737000Z</time>
      </trkpt>
      <trkpt lat="38.912754" lon="111.82459">
        <ele>1415.9976</ele>
        <time>2014-07-21T11:18:38.867000Z</time>
      </trkpt>
      <trkpt lat="38.91281" lon="111.82469">
        <ele>1416.0638</ele>
        <time>2014-07-21T11:18:41.997000Z</time>
      </trkpt>
      <trkpt lat="38.912876" lon="111.82479">
        <ele>1416.0787</ele>
        <time>2014-07-21T11:18:45.127000Z</time>
      </trkpt>
      <trkpt lat="38.912952" lon="111.8249">
        <ele>1415.8882</ele>
        <time>2014-07-21T11:18:48.257000Z</time>
      </trkpt>
      <trkpt lat="38.913013" lon="111.82499">
        <ele>1415.7346</ele>
        <time>2014-07-21T11:18:51.387000Z</time>
      </trkpt>
      <trkpt lat="38.913097" lon="111.82509">
        <ele>1415.939</ele>
        <time>2014-07-21T11:18:54.517000Z</time>
      </trkpt>
      <trkpt lat="38.91317" lon="111.8252">
        <ele>1416.5618</ele>
        <time>2014-07-21T11:18:57.647000Z</time>
      </trkpt>
      <trkpt lat="38.913227" lon="111.825294">
        <ele>1417.5107</ele>
        <time>2014-07-21T11:19:00.777000Z</time>
      </trkpt>
      <trkpt lat="38.9133" lon="111.82539">
        <ele>1418.6125</ele>
        <time>2014-07-21T11:19:03.907000Z</time>
      </trkpt>
      <trkpt lat="38.913395" lon="111.825485">
        <ele>1419.5872</ele>
        <time>2014-07-21T11:19:07.037000Z</time>
      </trkpt>
      <trkpt lat="38.913464" lon="111.825584">
        <ele>1420.115</ele>
        <time>2014-07-21T11:19:10.167000Z</time>
      </trkpt>
      <trkpt lat="38.913536" lon="111.82569">
        <ele>1420.141</ele>
        <time>2014-07-21T11:19:13.297000Z</time>
      </trkpt>
      <trkpt lat="38.913605" lon="111.825806">
        <ele>1419.4917</ele>
        <time>2014-07-21T11:19:16.427000Z</time>
      </trkpt>
      <trkpt lat="38.913666" lon="111.825905">
        <ele>1418.2496</ele>
        <time>2014-07-21T11:19:19.557000Z</time>
      </trkpt>
      <trkpt lat="38.913727" lon="111.82601">
        <ele>1417.1932</ele>
        <time>2014-07-21T11:19:22.687000Z</time>
      </trkpt>
      <trkpt lat="38.91379" lon="111.826126">
        <ele>1416.9841</ele>
        <time>2014-07-21T11:19:25.817000Z</time>
      </trkpt>
      <trkpt lat="38.913845" lon="111.82623">
        <ele>1417.6505</ele>
        <time>2014-07-21T11:19:28.947000Z</time>
      </trkpt>
      <trkpt lat="38.91392" lon="111.826355">
        <ele>1418.8065</ele>
        <time>2014-07-21T11:19:32.077000Z</time>
      </trkpt>
      <trkpt lat="38.91399" lon="111.826454">
        <ele>1419.7787</ele>
        <time>2014-07-21T11:19:35.207000Z</time>
      </trkpt>
      <trkpt lat="38.914047" lon="111.82655">
        <ele>1420.0737</ele>
        <time>2014-07-21T11:19:38.337000Z</time>
      </trkpt>
      <trkpt lat="38.91411" lon="111.82665">
        <ele>1419.7605</ele>
        <time>2014-07-21T11:19:41.467000Z</time>
      </trkpt>
      <trkpt lat="38.914177" lon="111.826775">
        <ele>1419.0863</ele>
        <time>2014-07-21T11:19:44.597000Z</time>
      </trkpt>
      <trkpt lat="38.91425" lon="111.82689">
        <ele>1418.2258</ele>
        <time>2014-07-21T11:19:47.727000Z</time>
      </trkpt>
      <trkpt lat="38.91433" lon="111.82699">
        <ele>1417.5104</ele>
        <time>2014-07-21T11:19:50.857000Z</time>
      </trkpt>
      <trkpt lat="38.914406" lon="111.82707">
        <ele>1417.2703</ele>
        <time>2014-07-21T11:19:53.987000Z</time>
      </trkpt>
      <trkpt lat="38.914474" lon="111.82717">
        <ele>1417.5743</ele>
        <time>2014-07-21T11:19:57.117000Z</time>
      </trkpt>
      <trkpt lat="38.91456" lon="111.82727">
        <ele>1418.3053</ele>
        <time>2014-07-21T11:20:00.247000Z</time>
      </trkpt>
      <trkpt lat="38.914627" lon="111.827385">
        <ele>1419.1185</ele>
        <time>2014-07-21T11:20:03.377000Z</time>
      </trkpt>
      <trkpt lat="38.914692" lon="111.82752">
        <ele>1419.6913</ele>
        <time>2014-07-21T11:20:06.507000Z</time>
      </trkpt>
      <trkpt lat="38.91476" lon="111.82762">
        <ele>1419.7148</ele>
        <time>2014-07-21T11:20:09.637000Z</time>
      </trkpt>
      <trkpt lat="38.91482" lon="111.827705">
        <ele>1419.1012</ele>
        <time>2014-07-21T11:20:12.767000Z</time>
      </trkpt>
      <trkpt lat="38.914894" lon="111.82781">
        <ele>1418.3802</ele>
        <time>2014-07-21T11:20:15.897000Z</time>
      </trkpt>
      <trkpt lat="38.914955" lon="111.8279">
        <ele>1418.0352</ele>
        <time>2014-07-21T11:20:19.027000Z</time>
      </trkpt>
      <trkpt lat="38.91504" lon="111.82801">
        <ele>1418.0221</ele>
        <time>2014-07-21T11:20:22.157000Z</time>
      </trkpt>
      <trkpt lat="38.915115" lon="111.82812">
        <ele>1418.4503</ele>
        <time>2014-07-21T11:20:25.287000Z</time>
      </trkpt>
      <trkpt lat="38.915173" lon="111.82825">
        <ele>1419.3641</ele>
        <time>2014-07-21T11:20:28.417000Z</time>
      </trkpt>
      <trkpt lat="38.915222" lon="111.828354">
        <ele>1419.8303</ele>
        <time>2014-07-21T11:20:31.547000Z</time>
      </trkpt>
      <trkpt lat="38.915302" lon="111.82847">
        <ele>1419.1492</ele>
        <time>2014-07-21T11:20:34.677000Z</time>
      </trkpt>
      <trkpt lat="38.915386" lon="111.82859">
        <ele>1418.276</ele>
        <time>2014-07-21T11:20:37.807000Z</time>
      </trkpt>
      <trkpt lat="38.915447" lon="111.828705">
        <ele>1418.162</ele>
        <time>2014-07-21T11:20:40.937000Z</time>
      </trkpt>
      <trkpt lat="38.915512" lon="111.82882">
        <ele>1418.5133</ele>
        <time>2014-07-21T11:20:44.067000Z</time>
      </trkpt>
      <trkpt lat="38.91556" lon="111.82891">
        <ele>1418.8373</ele>
        <time>2014-07-21T11:20:47.197000Z</time>
      </trkpt>
      <trkpt lat="38.91562" lon="111.829025">
        <ele>1419.0693</ele>
        <time>2014-07-21T11:20:50.327000Z</time>
      </trkpt>
      <trkpt lat="38.915684" lon="111.82913">
        <ele>1419.2489</ele>
        <time>2014-07-21T11:20:53.457000Z</time>
      </trkpt>
      <trkpt lat="38.915745" lon="111.82926">
        <ele>1418.9406</ele>
        <time>2014-07-21T11:20:56.587000Z</time>
      </trkpt>
      <trkpt lat="38.915802" lon="111.829384">
        <ele>1417.8885</ele>
        <time>2014-07-21T11:20:59.717000Z</time>
      </trkpt>
      <trkpt lat="38.915833" lon="111.8295">
        <ele>1416.994</ele>
        <time>2014-07-21T11:21:02.847000Z</time>
      </trkpt>
      <trkpt lat="38.91587" lon="111.82961">
        <ele>1417.0356</ele>
        <time>2014-07-21T11:21:05.977000Z</time>
      </trkpt>
      <trkpt lat="38.915916" lon="111.829735">
        <ele>1417.5455</ele>
        <time>2014-07-21T11:21:09.107000Z</time>
      </trkpt>
      <trkpt lat="38.915966" lon="111.82987">
        <ele>1417.9929</ele>
        <time>2014-07-21T11:21:12.237000Z</time>
      </trkpt>
      <trkpt lat="38.916004" lon="111.82999">
        <ele>1418.7887</ele>
        <time>2014-07-21T11:21:15.367000Z</time>
      </trkpt>
      <trkpt lat="38.916046" lon="111.83011">
        <ele>1420.4844</ele>
        <time>2014-07-21T11:21:18.497000Z</time>
      </trkpt>
      <trkpt lat="38.916107" lon="111.83022">
        <ele>1422.6805</ele>
        <time>2014-07-21T11:21:21.627000Z</time>
      </trkpt>
      <trkpt lat="38.91617" lon="111.83035">
        <ele>1424.623</ele>
        <time>2014-07-21T11:21:24.757000Z</time>
      </trkpt>
      <trkpt lat="38.916218" lon="111.830475">
        <ele>1425.9972</ele>
        <time>2014-07-21T11:21:27.887000Z</time>
      </trkpt>
      <trkpt lat="38.91629" lon="111.830574">
        <ele>1426.2151</ele>
        <time>2014-07-21T11:21:31.017000Z</time>
      </trkpt>
      <trkpt lat="38.916336" lon="111.83068">
        <ele>1424.4532</ele>
        <time>2014-07-21T11:21:34.147000Z</time>
      </trkpt>
      <trkpt lat="38.916378" lon="111.830795">
        <ele>1421.3075</ele>
        <time>2014-07-21T11:21:37.277000Z</time>
      </trkpt>
      <trkpt lat="38.9164" lon="111.83091">
        <ele>1418.6382</ele>
        <time>2014-07-21T11:21:40.407000Z</time>
      </trkpt>
      <trkpt lat="38.91645" lon="111.83103">
        <ele>1417.4401</ele>
        <time>2014-07-21T11:21:43.537000Z</time>
      </trkpt>
      <trkpt lat="38.916496" lon="111.83116">
        <ele>1417.3483</ele>
        <time>2014-07-21T11:21:46.667000Z</time>
      </trkpt>
      <trkpt lat="38.91654" lon="111.83129">
        <ele>1417.719</ele>
        <time>2014-07-21T11:21:49.797000Z</time>
      </trkpt>
      <trkpt lat="38.91659" lon="111.83141">
        <ele>1418.3073</ele>
        <time>2014-07-21T11:21:52.927000Z</time>
      </trkpt>
      <trkpt lat="38.916622" lon="111.831535">
        <ele>1419.2483</ele>
        <time>2014-07-21T11:21:56.057000Z</time>
      </trkpt>
      <trkpt lat="38.916656" lon="111.83166">
        <ele>1420.413</ele>
        <time>2014-07-21T11:21:59.187000Z</time>
      </trkpt>
      <trkpt lat="38.916695" lon="111.831764">
        <ele>1421.2628</ele>
        <time>2014-07-21T11:22:02.317000Z</time>
      </trkpt>
      <trkpt lat="38.91675" lon="111.83191">
        <ele>1421.7174</ele>
        <time>2014-07-21T11:22:05.447000Z</time>
      </trkpt>
      <trkpt lat="38.916798" lon="111.83202">
        <ele>1422.1757</ele>
        <time>2014-07-21T11:22:08.577000Z</time>
      </trkpt>
      <trkpt lat="38.91684" lon="111.83213">
        <ele>1422.6823</ele>
        <time>2014-07-21T11:22:11.707000Z</time>
      </trkpt>
      <trkpt lat="38.916878" lon="111.832245">
        <ele>1422.8635</ele>
        <time>2014-07-21T11:22:14.837000Z</time>
      </trkpt>
      <trkpt lat="38.916927" lon="111.83237">
        <ele>1422.6398</ele>
        <time>2014-07-21T11:22:17.967000Z</time>
      </trkpt>
      <trkpt lat="38.916946" lon="111.8325">
        <ele>1422.1718</ele>
        <time>2014-07-21T11:22:21.097000Z</time>
      </trkpt>
      <trkpt lat="38.916855" lon="111.83265">
        <ele>1420.3582</ele>
        <time>2014-07-21T11:22:24.227000Z</time>
      </trkpt>
      <trkpt lat="38.916813" lon="111.83269">
        <ele>1420.062</ele>
        <time>2014-07-21T11:22:27.357000Z</time>
      </trkpt>
      <trkpt lat="38.91673" lon="111.83277">
        <ele>1420.113</ele>
        <time>2014-07-21T11:22:30.487000Z</time>
      </trkpt>
      <trkpt lat="38.916645" lon="111.83284">
        <ele>1420.5991</ele>
        <time>2014-07-21T11:22:33.617000Z</time>
      </trkpt>
      <trkpt lat="38.916553" lon="111.8329">
        <ele>1419.2101</ele>
        <time>2014-07-21T11:22:36.747000Z</time>
      </trkpt>
      <trkpt lat="38.916466" lon="111.83296">
        <ele>1416.5718</ele>
        <time>2014-07-21T11:22:39.877000Z</time>
      </trkpt>
      <trkpt lat="38.916367" lon="111.83302">
        <ele>1414.3342</ele>
        <time>2014-07-21T11:22:43.007000Z</time>
      </trkpt>
      <trkpt lat="38.916264" lon="111.83309">
        <ele>1413.702</ele>
        <time>2014-07-21T11:22:46.137000Z</time>
      </trkpt>
      <trkpt lat="38.91618" lon="111.83318">
        <ele>1415.1544</ele>
        <time>2014-07-21T11:22:49.267000Z</time>
      </trkpt>
      <trkpt lat="38.916077" lon="111.83325">
        <ele>1419.1539</ele>
        <time>2014-07-21T11:22:52.397000Z</time>
      </trkpt>
      <trkpt lat="38.91598" lon="111.8333">
        <ele>1425.5802</ele>
        <time>2014-07-21T11:22:55.527000Z</time>
      </trkpt>
      <trkpt lat="38.91588" lon="111.83336">
        <ele>1432.5161</ele>
        <time>2014-07-21T11:22:58.657000Z</time>
      </trkpt>
      <trkpt lat="38.915775" lon="111.83341">
        <ele>1438.5665</ele>
        <time>2014-07-21T11:23:01.787000Z</time>
      </trkpt>
      <trkpt lat="38.915672" lon="111.833466">
        <ele>1444.2644</ele>
        <time>2014-07-21T11:23:04.917000Z</time>
      </trkpt>
      <trkpt lat="38.915558" lon="111.83351">
        <ele>1449.1187</ele>
        <time>2014-07-21T11:23:08.047000Z</time>
      </trkpt>
      <trkpt lat="38.915474" lon="111.83357">
        <ele>1451.0734</ele>
        <time>2014-07-21T11:23:11.177000Z</time>
      </trkpt>
      <trkpt lat="38.915386" lon="111.83363">
        <ele>1450.0973</ele>
        <time>2014-07-21T11:23:14.307000Z</time>
      </trkpt>
      <trkpt lat="38.915295" lon="111.83371">
        <ele>1448.2727</ele>
        <time>2014-07-21T11:23:17.437000Z</time>
      </trkpt>
      <trkpt lat="38.915188" lon="111.83378">
        <ele>1447.3969</ele>
        <time>2014-07-21T11:23:20.567000Z</time>
      </trkpt>
      <trkpt lat="38.915073" lon="111.83385">
        <ele>1448.3529</ele>
        <time>2014-07-21T11:23:23.697000Z</time>
      </trkpt>
      <trkpt lat="38.914963" lon="111.83389">
        <ele>1451.28</ele>
        <time>2014-07-21T11:23:26.827000Z</time>
      </trkpt>
      <trkpt lat="38.914867" lon="111.83395">
        <ele>1454.6525</ele>
        <time>2014-07-21T11:23:29.957000Z</time>
      </trkpt>
      <trkpt lat="38.914776" lon="111.834">
        <ele>1456.0707</ele>
        <time>2014-07-21T11:23:33.087000Z</time>
      </trkpt>
      <trkpt lat="38.91469" lon="111.83405">
        <ele>1454.9829</ele>
        <time>2014-07-21T11:23:36.217000Z</time>
      </trkpt>
      <trkpt lat="38.914593" lon="111.83413">
        <ele>1452.5599</ele>
        <time>2014-07-21T11:23:39.347000Z</time>
      </trkpt>
      <trkpt lat="38.91451" lon="111.8342">
        <ele>1449.9019</ele>
        <time>2014-07-21T11:23:42.477000Z</time>
      </trkpt>
      <trkpt lat="38.914417" lon="111.83425">
        <ele>1447.098</ele>
        <time>2014-07-21T11:23:45.607000Z</time>
      </trkpt>
      <trkpt lat="38.91432" lon="111.8343">
        <ele>1444.1434</ele>
        <time>2014-07-21T11:23:48.737000Z</time>
      </trkpt>
      <trkpt lat="38.914207" lon="111.834366">
        <ele>1440.7285</ele>
        <time>2014-07-21T11:23:51.867000Z</time>
      </trkpt>
      <trkpt lat="38.91408" lon="111.83443">
        <ele>1436.807</ele>
        <time>2014-07-21T11:23:54.997000Z</time>
      </trkpt>
      <trkpt lat="38.913967" lon="111.83446">
        <ele>1432.5925</ele>
        <time>2014-07-21T11:23:58.127000Z</time>
      </trkpt>
      <trkpt lat="38.913876" lon="111.834496">
        <ele>1428.1377</ele>
        <time>2014-07-21T11:24:01.257000Z</time>
      </trkpt>
      <trkpt lat="38.913776" lon="111.83452">
        <ele>1423.6283</ele>
        <time>2014-07-21T11:24:04.387000Z</time>
      </trkpt>
      <trkpt lat="38.913673" lon="111.83456">
        <ele>1420.1698</ele>
        <time>2014-07-21T11:24:07.517000Z</time>
      </trkpt>
      <trkpt lat="38.91357" lon="111.834595">
        <ele>1418.8632</ele>
        <time>2014-07-21T11:24:10.647000Z</time>
      </trkpt>
      <trkpt lat="38.913467" lon="111.834656">
        <ele>1419.8188</ele>
        <time>2014-07-21T11:24:13.777000Z</time>
      </trkpt>
      <trkpt lat="38.913376" lon="111.8347">
        <ele>1422.0282</ele>
        <time>2014-07-21T11:24:16.907000Z</time>
      </trkpt>
      <trkpt lat="38.913296" lon="111.83475">
        <ele>1424.4993</ele>
        <time>2014-07-21T11:24:20.037000Z</time>
      </trkpt>
      <trkpt lat="38.913197" lon="111.834816">
        <ele>1426.781</ele>
        <time>2014-07-21T11:24:23.167000Z</time>
      </trkpt>
      <trkpt lat="38.913105" lon="111.83488">
        <ele>1428.525</ele>
        <time>2014-07-21T11:24:26.297000Z</time>
      </trkpt>
      <trkpt lat="38.91299" lon="111.834946">
        <ele>1428.549</ele>
        <time>2014-07-21T11:24:29.427000Z</time>
      </trkpt>
      <trkpt lat="38.912888" lon="111.83501">
        <ele>1426.0879</ele>
        <time>2014-07-21T11:24:32.557000Z</time>
      </trkpt>
      <trkpt lat="38.912792" lon="111.83505">
        <ele>1422.537</ele>
        <time>2014-07-21T11:24:35.687000Z</time>
      </trkpt>
      <trkpt lat="38.912697" lon="111.8351">
        <ele>1419.6996</ele>
        <time>2014-07-21T11:24:38.817000Z</time>
      </trkpt>
      <trkpt lat="38.912613" lon="111.83515">
        <ele>1418.096</ele>
        <time>2014-07-21T11:24:41.947000Z</time>
      </trkpt>
      <trkpt lat="38.91253" lon="111.83522">
        <ele>1417.7289</ele>
        <time>2014-07-21T11:24:45.077000Z</time>
      </trkpt>
      <trkpt lat="38.912445" lon="111.83528">
        <ele>1418.7751</ele>
        <time>2014-07-21T11:24:48.207000Z</time>
      </trkpt>
      <trkpt lat="38.91235" lon="111.83536">
        <ele>1420.8805</ele>
        <time>2014-07-21T11:24:51.337000Z</time>
      </trkpt>
      <trkpt lat="38.91226" lon="111.83541">
        <ele>1422.8475</ele>
        <time>2014-07-21T11:24:54.467000Z</time>
      </trkpt>
      <trkpt lat="38.912148" lon="111.83546">
        <ele>1423.7946</ele>
        <time>2014-07-21T11:24:57.597000Z</time>
      </trkpt>
      <trkpt lat="38.912037" lon="111.8355">
        <ele>1423.9258</ele>
        <time>2014-07-21T11:25:00.727000Z</time>
      </trkpt>
      <trkpt lat="38.911915" lon="111.83553">
        <ele>1423.6918</ele>
        <time>2014-07-21T11:25:03.857000Z</time>
      </trkpt>
      <trkpt lat="38.911808" lon="111.835556">
        <ele>1422.9059</ele>
        <time>2014-07-21T11:25:06.987000Z</time>
      </trkpt>
      <trkpt lat="38.91171" lon="111.8356">
        <ele>1421.3082</ele>
        <time>2014-07-21T11:25:10.117000Z</time>
      </trkpt>
      <trkpt lat="38.911602" lon="111.835655">
        <ele>1419.623</ele>
        <time>2014-07-21T11:25:13.247000Z</time>
      </trkpt>
      <trkpt lat="38.91148" lon="111.8357">
        <ele>1419.3131</ele>
        <time>2014-07-21T11:25:16.377000Z</time>
      </trkpt>
      <trkpt lat="38.911377" lon="111.835754">
        <ele>1421.3688</ele>
        <time>2014-07-21T11:25:19.507000Z</time>
      </trkpt>
      <trkpt lat="38.911278" lon="111.835815">
        <ele>1424.7343</ele>
        <time>2014-07-21T11:25:22.637000Z</time>
      </trkpt>
      <trkpt lat="38.911186" lon="111.835884">
        <ele>1426.8202</ele>
        <time>2014-07-21T11:25:25.767000Z</time>
      </trkpt>
      <trkpt lat="38.9111" lon="111.83594">
        <ele>1426.6251</ele>
        <time>2014-07-21T11:25:28.897000Z</time>
      </trkpt>
      <trkpt lat="38.911007" lon="111.83599">
        <ele>1426.3875</ele>
        <time>2014-07-21T11:25:32.027000Z</time>
      </trkpt>
      <trkpt lat="38.91092" lon="111.83605">
        <ele>1428.0011</ele>
        <time>2014-07-21T11:25:35.157000Z</time>
      </trkpt>
      <trkpt lat="38.9108" lon="111.83608">
        <ele>1430.4172</ele>
        <time>2014-07-21T11:25:38.287000Z</time>
      </trkpt>
      <trkpt lat="38.910686" lon="111.83612">
        <ele>1432.4188</ele>
        <time>2014-07-21T11:25:41.417000Z</time>
      </trkpt>
      <trkpt lat="38.9106" lon="111.836174">
        <ele>1434.3048</ele>
        <time>2014-07-21T11:25:44.547000Z</time>
      </trkpt>
      <trkpt lat="38.910503" lon="111.83626">
        <ele>1436.0891</ele>
        <time>2014-07-21T11:25:47.677000Z</time>
      </trkpt>
      <trkpt lat="38.9104" lon="111.8363">
        <ele>1435.8645</ele>
        <time>2014-07-21T11:25:50.807000Z</time>
      </trkpt>
      <trkpt lat="38.910305" lon="111.83635">
        <ele>1432.6235</ele>
        <time>2014-07-21T11:25:53.937000Z</time>
      </trkpt>
      <trkpt lat="38.91021" lon="111.83641">
        <ele>1429.691</ele>
        <time>2014-07-21T11:25:57.067000Z</time>
      </trkpt>
      <trkpt lat="38.910107" lon="111.83646">
        <ele>1430.2106</ele>
        <time>2014-07-21T11:26:00.197000Z</time>
      </trkpt>
      <trkpt lat="38.91001" lon="111.83651">
        <ele>1433.03</ele>
        <time>2014-07-21T11:26:03.327000Z</time>
      </trkpt>
      <trkpt lat="38.909897" lon="111.83658">
        <ele>1435.5957</ele>
        <time>2014-07-21T11:26:06.457000Z</time>
      </trkpt>
      <trkpt lat="38.909805" lon="111.83664">
        <ele>1437.0012</ele>
        <time>2014-07-21T11:26:09.587000Z</time>
      </trkpt>
      <trkpt lat="38.909706" lon="111.8367">
        <ele>1437.8649</ele>
        <time>2014-07-21T11:26:12.717000Z</time>
      </trkpt>
      <trkpt lat="38.909603" lon="111.83677">
        <ele>1438.801</ele>
        <time>2014-07-21T11:26:15.847000Z</time>
      </trkpt>
      <trkpt lat="38.909508" lon="111.83686">
        <ele>1439.898</ele>
        <time>2014-07-21T11:26:18.977000Z</time>
      </trkpt>
      <trkpt lat="38.90941" lon="111.83697">
        <ele>1441.5048</ele>
        <time>2014-07-21T11:26:22.107000Z</time>
      </trkpt>
      <trkpt lat="38.909317" lon="111.837036">
        <ele>1444.4088</ele>
        <time>2014-07-21T11:26:25.237000Z</time>
      </trkpt>
      <trkpt lat="38.909218" lon="111.83714">
        <ele>1448.3927</ele>
        <time>2014-07-21T11:26:28.367000Z</time>
      </trkpt>
      <trkpt lat="38.909092" lon="111.83717">
        <ele>1451.6473</ele>
        <time>2014-07-21T11:26:31.497000Z</time>
      </trkpt>
      <trkpt lat="38.909004" lon="111.83719">
        <ele>1450.8915</ele>
        <time>2014-07-21T11:26:34.627000Z</time>
      </trkpt>
      <trkpt lat="38.908894" lon="111.83724">
        <ele>1444.3501</ele>
        <time>2014-07-21T11:26:37.757000Z</time>
      </trkpt>
      <trkpt lat="38.908802" lon="111.8373">
        <ele>1435.5587</ele>
        <time>2014-07-21T11:26:40.887000Z</time>
      </trkpt>
      <trkpt lat="38.908722" lon="111.837364">
        <ele>1429.8389</ele>
        <time>2014-07-21T11:26:44.017000Z</time>
      </trkpt>
      <trkpt lat="38.90862" lon="111.837425">
        <ele>1428.1951</ele>
        <time>2014-07-21T11:26:47.147000Z</time>
      </trkpt>
      <trkpt lat="38.90851" lon="111.83747">
        <ele>1428.6803</ele>
        <time>2014-07-21T11:26:50.277000Z</time>
      </trkpt>
      <trkpt lat="38.9084" lon="111.837524">
        <ele>1429.3809</ele>
        <time>2014-07-21T11:26:53.407000Z</time>
      </trkpt>
      <trkpt lat="38.9083" lon="111.83757">
        <ele>1429.5409</ele>
        <time>2014-07-21T11:26:56.537000Z</time>
      </trkpt>
      <trkpt lat="38.9082" lon="111.8376">
        <ele>1429.3011</ele>
        <time>2014-07-21T11:26:59.667000Z</time>
      </trkpt>
      <trkpt lat="38.908104" lon="111.83765">
        <ele>1428.8896</ele>
        <time>2014-07-21T11:27:02.797000Z</time>
      </trkpt>
      <trkpt lat="38.90798" lon="111.837715">
        <ele>1428.4169</ele>
        <time>2014-07-21T11:27:05.927000Z</time>
      </trkpt>
      <trkpt lat="38.907867" lon="111.83777">
        <ele>1428.0604</ele>
        <time>2014-07-21T11:27:09.057000Z</time>
      </trkpt>
      <trkpt lat="38.907776" lon="111.83781">
        <ele>1427.6998</ele>
        <time>2014-07-21T11:27:12.187000Z</time>
      </trkpt>
      <trkpt lat="38.90766" lon="111.83786">
        <ele>1426.8636</ele>
        <time>2014-07-21T11:27:15.317000Z</time>
      </trkpt>
      <trkpt lat="38.907578" lon="111.83791">
        <ele>1425.6156</ele>
        <time>2014-07-21T11:27:18.447000Z</time>
      </trkpt>
      <trkpt lat="38.907482" lon="111.83798">
        <ele>1424.5718</ele>
        <time>2014-07-21T11:27:21.577000Z</time>
      </trkpt>
      <trkpt lat="38.90737" lon="111.838036">
        <ele>1423.9121</ele>
        <time>2014-07-21T11:27:24.707000Z</time>
      </trkpt>
      <trkpt lat="38.907265" lon="111.838104">
        <ele>1423.4523</ele>
        <time>2014-07-21T11:27:27.837000Z</time>
      </trkpt>
      <trkpt lat="38.90716" lon="111.83818">
        <ele>1423.1823</ele>
        <time>2014-07-21T11:27:30.967000Z</time>
      </trkpt>
      <trkpt lat="38.907074" lon="111.838234">
        <ele>1423.185</ele>
        <time>2014-07-21T11:27:34.097000Z</time>
      </trkpt>
      <trkpt lat="38.90699" lon="111.838295">
        <ele>1423.3323</ele>
        <time>2014-07-21T11:27:37.227000Z</time>
      </trkpt>
      <trkpt lat="38.906883" lon="111.83835">
        <ele>1423.4767</ele>
        <time>2014-07-21T11:27:40.357000Z</time>
      </trkpt>
      <trkpt lat="38.90679" lon="111.83842">
        <ele>1423.9644</ele>
        <time>2014-07-21T11:27:43.487000Z</time>
      </trkpt>
      <trkpt lat="38.906708" lon="111.838455">
        <ele>1425.1708</ele>
        <time>2014-07-21T11:27:46.617000Z</time>
      </trkpt>
      <trkpt lat="38.906593" lon="111.83852">
        <ele>1426.816</ele>
        <time>2014-07-21T11:27:49.747000Z</time>
      </trkpt>
      <trkpt lat="38.90648" lon="111.83859">
        <ele>1428.2703</ele>
        <time>2014-07-21T11:27:52.877000Z</time>
      </trkpt>
      <trkpt lat="38.906387" lon="111.83865">
        <ele>1429.5868</ele>
        <time>2014-07-21T11:27:56.007000Z</time>
      </trkpt>
      <trkpt lat="38.906292" lon="111.83874">
        <ele>1431.6357</ele>
        <time>2014-07-21T11:27:59.137000Z</time>
      </trkpt>
      <trkpt lat="38.906204" lon="111.8388">
        <ele>1434.741</ele>
        <time>2014-07-21T11:28:02.267000Z</time>
      </trkpt>
      <trkpt lat="38.90611" lon="111.838844">
        <ele>1438.543</ele>
        <time>2014-07-21T11:28:05.397000Z</time>
      </trkpt>
      <trkpt lat="38.90602" lon="111.83887">
        <ele>1442.2672</ele>
        <time>2014-07-21T11:28:08.527000Z</time>
      </trkpt>
      <trkpt lat="38.90593" lon="111.83891">
        <ele>1443.6321</ele>
        <time>2014-07-21T11:28:11.657000Z</time>
      </trkpt>
      <trkpt lat="38.905823" lon="111.83897">
        <ele>1441.6194</ele>
        <time>2014-07-21T11:28:14.787000Z</time>
      </trkpt>
      <trkpt lat="38.905727" lon="111.839">
        <ele>1438.6375</ele>
        <time>2014-07-21T11:28:17.917000Z</time>
      </trkpt>
      <trkpt lat="38.905624" lon="111.83902">
        <ele>1436.1489</ele>
        <time>2014-07-21T11:28:21.047000Z</time>
      </trkpt>
      <trkpt lat="38.905537" lon="111.83907">
        <ele>1433.6382</ele>
        <time>2014-07-21T11:28:24.177000Z</time>
      </trkpt>
      <trkpt lat="38.90543" lon="111.83915">
        <ele>1432.163</ele>
        <time>2014-07-21T11:28:27.307000Z</time>
      </trkpt>
      <trkpt lat="38.905342" lon="111.839226">
        <ele>1432.9386</ele>
        <time>2014-07-21T11:28:30.437000Z</time>
      </trkpt>
      <trkpt lat="38.90525" lon="111.83928">
        <ele>1435.2495</ele>
        <time>2014-07-21T11:28:33.567000Z</time>
      </trkpt>
      <trkpt lat="38.90513" lon="111.83934">
        <ele>1437.7017</ele>
        <time>2014-07-21T11:28:36.697000Z</time>
      </trkpt>
      <trkpt lat="38.905033" lon="111.83938">
        <ele>1439.2988</ele>
        <time>2014-07-21T11:28:39.827000Z</time>
      </trkpt>
      <trkpt lat="38.904938" lon="111.83944">
        <ele>1440.4274</ele>
        <time>2014-07-21T11:28:42.957000Z</time>
      </trkpt>
      <trkpt lat="38.90482" lon="111.83949">
        <ele>1441.9286</ele>
        <time>2014-07-21T11:28:46.087000Z</time>
      </trkpt>
      <trkpt lat="38.90471" lon="111.83956">
        <ele>1442.9125</ele>
        <time>2014-07-21T11:28:49.217000Z</time>
      </trkpt>
      <trkpt lat="38.90461" lon="111.83962">
        <ele>1441.6023</ele>
        <time>2014-07-21T11:28:52.347000Z</time>
      </trkpt>
      <trkpt lat="38.904495" lon="111.839676">
        <ele>1438.178</ele>
        <time>2014-07-21T11:28:55.477000Z</time>
      </trkpt>
      <trkpt lat="38.904408" lon="111.839714">
        <ele>1434.9829</ele>
        <time>2014-07-21T11:28:58.607000Z</time>
      </trkpt>
      <trkpt lat="38.904316" lon="111.83977">
        <ele>1433.7289</ele>
        <time>2014-07-21T11:29:01.737000Z</time>
      </trkpt>
      <trkpt lat="38.9042" lon="111.839806">
        <ele>1433.9136</ele>
        <time>2014-07-21T11:29:04.867000Z</time>
      </trkpt>
      <trkpt lat="38.904106" lon="111.83984">
        <ele>1434.3325</ele>
        <time>2014-07-21T11:29:07.997000Z</time>
      </trkpt>
      <trkpt lat="38.904003" lon="111.83984">
        <ele>1434.4125</ele>
        <time>2014-07-21T11:29:11.127000Z</time>
      </trkpt>
      <trkpt lat="38.903946" lon="111.8397">
        <ele>1434.2546</ele>
        <time>2014-07-21T11:29:14.257000Z</time>
      </trkpt>
      <trkpt lat="38.903896" lon="111.839554">
        <ele>1433.7854</ele>
        <time>2014-07-21T11:29:17.387000Z</time>
      </trkpt>
      <trkpt lat="38.903866" lon="111.839424">
        <ele>1432.48</ele>
        <time>2014-07-21T11:29:20.517000Z</time>
      </trkpt>
      <trkpt lat="38.903828" lon="111.83931">
        <ele>1430.1459</ele>
        <time>2014-07-21T11:29:23.647000Z</time>
      </trkpt>
      <trkpt lat="38.903786" lon="111.83919">
        <ele>1427.5256</ele>
        <time>2014-07-21T11:29:26.777000Z</time>
      </trkpt>
      <trkpt lat="38.90374" lon="111.83908">
        <ele>1425.4575</ele>
        <time>2014-07-21T11:29:29.907000Z</time>
      </trkpt>
      <trkpt lat="38.903706" lon="111.83896">
        <ele>1424.066</ele>
        <time>2014-07-21T11:29:33.037000Z</time>
      </trkpt>
      <trkpt lat="38.90365" lon="111.83882">
        <ele>1422.9755</ele>
        <time>2014-07-21T11:29:36.167000Z</time>
      </trkpt>
      <trkpt lat="38.9036" lon="111.838715">
        <ele>1422.0245</ele>
        <time>2014-07-21T11:29:39.297000Z</time>
      </trkpt>
      <trkpt lat="38.903564" lon="111.83859">
        <ele>1421.5455</ele>
        <time>2014-07-21T11:29:42.427000Z</time>
      </trkpt>
      <trkpt lat="38.90353" lon="111.83848">
        <ele>1422.1444</ele>
        <time>2014-07-21T11:29:45.557000Z</time>
      </trkpt>
      <trkpt lat="38.903492" lon="111.838356">
        <ele>1423.5905</ele>
        <time>2014-07-21T11:29:48.687000Z</time>
      </trkpt>
      <trkpt lat="38.903454" lon="111.83824">
        <ele>1424.8788</ele>
        <time>2014-07-21T11:29:51.817000Z</time>
      </trkpt>
      <trkpt lat="38.90341" lon="111.83813">
        <ele>1425.4575</ele>
        <time>2014-07-21T11:29:54.947000Z</time>
      </trkpt>
      <trkpt lat="38.90338" lon="111.838">
        <ele>1425.4374</ele>
        <time>2014-07-21T11:29:58.077000Z</time>
      </trkpt>
      <trkpt lat="38.90335" lon="111.83788">
        <ele>1425.1696</ele>
        <time>2014-07-21T11:30:01.207000Z</time>
      </trkpt>
      <trkpt lat="38.90332" lon="111.83777">
        <ele>1425.2372</ele>
        <time>2014-07-21T11:30:04.337000Z</time>
      </trkpt>
      <trkpt lat="38.9033" lon="111.83764">
        <ele>1425.7776</ele>
        <time>2014-07-21T11:30:07.467000Z</time>
      </trkpt>
      <trkpt lat="38.90324" lon="111.8375">
        <ele>1426.0809</ele>
        <time>2014-07-21T11:30:10.597000Z</time>
      </trkpt>
      <trkpt lat="38.903206" lon="111.83737">
        <ele>1425.707</ele>
        <time>2014-07-21T11:30:13.727000Z</time>
      </trkpt>
      <trkpt lat="38.90315" lon="111.83726">
        <ele>1425.0012</ele>
        <time>2014-07-21T11:30:16.857000Z</time>
      </trkpt>
      <trkpt lat="38.903076" lon="111.83714">
        <ele>1424.4106</ele>
        <time>2014-07-21T11:30:19.987000Z</time>
      </trkpt>
      <trkpt lat="38.903027" lon="111.83702">
        <ele>1424.082</ele>
        <time>2014-07-21T11:30:23.117000Z</time>
      </trkpt>
      <trkpt lat="38.902985" lon="111.8369">
        <ele>1423.8635</ele>
        <time>2014-07-21T11:30:26.247000Z</time>
      </trkpt>
      <trkpt lat="38.90297" lon="111.836784">
        <ele>1423.5336</ele>
        <time>2014-07-21T11:30:29.377000Z</time>
      </trkpt>
      <trkpt lat="38.902927" lon="111.83666">
        <ele>1423.2701</ele>
        <time>2014-07-21T11:30:32.507000Z</time>
      </trkpt>
      <trkpt lat="38.902878" lon="111.836525">
        <ele>1423.2815</ele>
        <time>2014-07-21T11:30:35.637000Z</time>
      </trkpt>
      <trkpt lat="38.90284" lon="111.83641">
        <ele>1423.2654</ele>
        <time>2014-07-21T11:30:38.767000Z</time>
      </trkpt>
      <trkpt lat="38.902813" lon="111.83629">
        <ele>1422.9497</ele>
        <time>2014-07-21T11:30:41.897000Z</time>
      </trkpt>
      <trkpt lat="38.90277" lon="111.83616">
        <ele>1422.7634</ele>
        <time>2014-07-21T11:30:45.027000Z</time>
      </trkpt>
      <trkpt lat="38.90272" lon="111.83602">
        <ele>1423.0995</ele>
        <time>2014-07-21T11:30:48.157000Z</time>
      </trkpt>
      <trkpt lat="38.902668" lon="111.835915">
        <ele>1423.4746</ele>
        <time>2014-07-21T11:30:51.287000Z</time>
      </trkpt>
      <trkpt lat="38.902645" lon="111.835785">
        <ele>1423.3174</ele>
        <time>2014-07-21T11:30:54.417000Z</time>
      </trkpt>
      <trkpt lat="38.902607" lon="111.83565">
        <time>2014-07-21T11:30:57.547000Z</time>
      </trkpt>
    </trkseg>
  </trk>
</gpx>