<?xml version="1.0" encoding="UTF-8"?>
<gpx xmlns="http://www.topografix.com/GPX/1/1" xmlns:gpxtpx="http://www.garmin.com/xmlschemas/TrackPointExtension/v1" xmlns:xsi="http://www.w3.org/2001/XMLSchema-instance" xsi:schemaLocation="http://www.topografix.com/GPX/1/1 http://www.topografix.com/GPX/1/1/gpx.xsd" version="1.1" creator="gpx.py -- https://github.com/tkrajina/gpxpy">
  <trk>
    <trkseg>
      <trkpt lat="38.90196" lon="111.83584">
        <ele>1485.6779</ele>
        <time>2014-07-26T21:56:59.741000Z</time>
      </trkpt>
      <trkpt lat="38.902046" lon="111.83579">
        <ele>1450.3187</ele>
        <time>2014-07-26T21:57:02.786000Z</time>
      </trkpt>
      <trkpt lat="38.90207" lon="111.83578">
        <ele>1459.5007</ele>
        <time>2014-07-26T21:57:05.831000Z</time>
      </trkpt>
      <trkpt lat="38.90218" lon="111.83575">
        <ele>1452.1503</ele>
        <time>2014-07-26T21:57:08.876000Z</time>
      </trkpt>
      <trkpt lat="38.902267" lon="111.8357">
        <ele>1436.8701</ele>
        <time>2014-07-26T21:57:11.921000Z</time>
      </trkpt>
      <trkpt lat="38.90237" lon="111.83565">
        <ele>1423.6769</ele>
        <time>2014-07-26T21:57:14.966000Z</time>
      </trkpt>
      <trkpt lat="38.902485" lon="111.83558">
        <ele>1423.7329</ele>
        <time>2014-07-26T21:57:18.011000Z</time>
      </trkpt>
      <trkpt lat="38.902485" lon="111.83558">
        <ele>1423.8787</ele>
        <time>2014-07-26T21:57:21.056000Z</time>
      </trkpt>
      <trkpt lat="38.90258" lon="111.83561">
        <ele>1423.2241</ele>
        <time>2014-07-26T21:57:24.101000Z</time>
      </trkpt>
      <trkpt lat="38.902634" lon="111.83572">
        <ele>1422.3077</ele>
        <time>2014-07-26T21:57:27.146000Z</time>
      </trkpt>
      <trkpt lat="38.902676" lon="111.83582">
        <ele>1421.5358</ele>
        <time>2014-07-26T21:57:30.191000Z</time>
      </trkpt>
      <trkpt lat="38.90271" lon="111.835945">
        <ele>1421.7843</ele>
        <time>2014-07-26T21:57:33.236000Z</time>
      </trkpt>
      <trkpt lat="38.902763" lon="111.83606">
        <ele>1423.7792</ele>
        <time>2014-07-26T21:57:36.281000Z</time>
      </trkpt>
      <trkpt lat="38.90282" lon="111.836174">
        <ele>1426.8368</ele>
        <time>2014-07-26T21:57:39.326000Z</time>
      </trkpt>
      <trkpt lat="38.90287" lon="111.83632">
        <ele>1429.8285</ele>
        <time>2014-07-26T21:57:42.371000Z</time>
      </trkpt>
      <trkpt lat="38.902916" lon="111.83644">
        <ele>1432.0387</ele>
        <time>2014-07-26T21:57:45.416000Z</time>
      </trkpt>
      <trkpt lat="38.902958" lon="111.83657">
        <ele>1432.993</ele>
        <time>2014-07-26T21:57:48.461000Z</time>
      </trkpt>
      <trkpt lat="38.90299" lon="111.83669">
        <ele>1432.3547</ele>
        <time>2014-07-26T21:57:51.506000Z</time>
      </trkpt>
      <trkpt lat="38.90302" lon="111.836815">
        <ele>1430.3665</ele>
        <time>2014-07-26T21:57:54.551000Z</time>
      </trkpt>
      <trkpt lat="38.90305" lon="111.83693">
        <ele>1428.1365</ele>
        <time>2014-07-26T21:57:57.596000Z</time>
      </trkpt>
      <trkpt lat="38.903095" lon="111.83706">
        <ele>1426.6472</ele>
        <time>2014-07-26T21:58:00.641000Z</time>
      </trkpt>
      <trkpt lat="38.903133" lon="111.83717">
        <ele>1425.9863</ele>
        <time>2014-07-26T21:58:03.686000Z</time>
      </trkpt>
      <trkpt lat="38.90318" lon="111.83731">
        <ele>1425.8896</ele>
        <time>2014-07-26T21:58:06.731000Z</time>
      </trkpt>
      <trkpt lat="38.90321" lon="111.83744">
        <ele>1426.4906</ele>
        <time>2014-07-26T21:58:09.776000Z</time>
      </trkpt>
      <trkpt lat="38.903244" lon="111.83758">
        <ele>1428.0604</ele>
        <time>2014-07-26T21:58:12.821000Z</time>
      </trkpt>
      <trkpt lat="38.903286" lon="111.83768">
        <ele>1430.2303</ele>
        <time>2014-07-26T21:58:15.866000Z</time>
      </trkpt>
      <trkpt lat="38.903324" lon="111.83779">
        <ele>1432.0803</ele>
        <time>2014-07-26T21:58:18.911000Z</time>
      </trkpt>
      <trkpt lat="38.903374" lon="111.83794">
        <ele>1432.9185</ele>
        <time>2014-07-26T21:58:21.956000Z</time>
      </trkpt>
      <trkpt lat="38.903416" lon="111.83805">
        <ele>1432.884</ele>
        <time>2014-07-26T21:58:25.001000Z</time>
      </trkpt>
      <trkpt lat="38.90346" lon="111.838165">
        <ele>1432.4762</ele>
        <time>2014-07-26T21:58:28.046000Z</time>
      </trkpt>
      <trkpt lat="38.903507" lon="111.83828">
        <ele>1431.9152</ele>
        <time>2014-07-26T21:58:31.091000Z</time>
      </trkpt>
      <trkpt lat="38.903564" lon="111.83841">
        <ele>1431.419</ele>
        <time>2014-07-26T21:58:34.136000Z</time>
      </trkpt>
      <trkpt lat="38.903606" lon="111.838524">
        <ele>1431.1328</ele>
        <time>2014-07-26T21:58:37.181000Z</time>
      </trkpt>
      <trkpt lat="38.903652" lon="111.83864">
        <ele>1431.0287</ele>
        <time>2014-07-26T21:58:40.226000Z</time>
      </trkpt>
      <trkpt lat="38.903687" lon="111.838776">
        <ele>1431.0399</ele>
        <time>2014-07-26T21:58:43.271000Z</time>
      </trkpt>
      <trkpt lat="38.90373" lon="111.83888">
        <ele>1431.1167</ele>
        <time>2014-07-26T21:58:46.316000Z</time>
      </trkpt>
      <trkpt lat="38.90376" lon="111.839005">
        <ele>1431.2231</ele>
        <time>2014-07-26T21:58:49.361000Z</time>
      </trkpt>
      <trkpt lat="38.903797" lon="111.839134">
        <ele>1431.2778</ele>
        <time>2014-07-26T21:58:52.406000Z</time>
      </trkpt>
      <trkpt lat="38.90384" lon="111.83926">
        <ele>1431.2378</ele>
        <time>2014-07-26T21:58:55.451000Z</time>
      </trkpt>
      <trkpt lat="38.903877" lon="111.83937">
        <ele>1431.1798</ele>
        <time>2014-07-26T21:58:58.496000Z</time>
      </trkpt>
      <trkpt lat="38.903908" lon="111.839485">
        <ele>1431.1755</ele>
        <time>2014-07-26T21:59:01.541000Z</time>
      </trkpt>
      <trkpt lat="38.90395" lon="111.83962">
        <ele>1431.2039</ele>
        <time>2014-07-26T21:59:04.586000Z</time>
      </trkpt>
      <trkpt lat="38.90398" lon="111.83975">
        <ele>1431.333</ele>
        <time>2014-07-26T21:59:07.631000Z</time>
      </trkpt>
      <trkpt lat="38.904045" lon="111.839836">
        <ele>1431.6195</ele>
        <time>2014-07-26T21:59:10.676000Z</time>
      </trkpt>
      <trkpt lat="38.90414" lon="111.83987">
        <ele>1431.6885</ele>
        <time>2014-07-26T21:59:13.721000Z</time>
      </trkpt>
      <trkpt lat="38.904243" lon="111.83983">
        <ele>1431.0011</ele>
        <time>2014-07-26T21:59:16.766000Z</time>
      </trkpt>
      <trkpt lat="38.90433" lon="111.83978">
        <ele>1429.6481</ele>
        <time>2014-07-26T21:59:19.811000Z</time>
      </trkpt>
      <trkpt lat="38.904427" lon="111.83971">
        <ele>1428.098</ele>
        <time>2014-07-26T21:59:22.856000Z</time>
      </trkpt>
      <trkpt lat="38.90452" lon="111.83965">
        <ele>1426.6785</ele>
        <time>2014-07-26T21:59:25.901000Z</time>
      </trkpt>
      <trkpt lat="38.90462" lon="111.8396">
        <ele>1425.7533</ele>
        <time>2014-07-26T21:59:28.946000Z</time>
      </trkpt>
      <trkpt lat="38.904705" lon="111.83953">
        <ele>1425.5385</ele>
        <time>2014-07-26T21:59:31.991000Z</time>
      </trkpt>
      <trkpt lat="38.90479" lon="111.83946">
        <ele>1426.0417</ele>
        <time>2014-07-26T21:59:35.036000Z</time>
      </trkpt>
      <trkpt lat="38.904877" lon="111.83941">
        <ele>1427.0736</ele>
        <time>2014-07-26T21:59:38.081000Z</time>
      </trkpt>
      <trkpt lat="38.904984" lon="111.839355">
        <ele>1428.0419</ele>
        <time>2014-07-26T21:59:41.126000Z</time>
      </trkpt>
      <trkpt lat="38.90509" lon="111.83931">
        <ele>1428.3568</ele>
        <time>2014-07-26T21:59:44.171000Z</time>
      </trkpt>
      <trkpt lat="38.9052" lon="111.839264">
        <ele>1427.8948</ele>
        <time>2014-07-26T21:59:47.216000Z</time>
      </trkpt>
      <trkpt lat="38.90528" lon="111.83922">
        <ele>1426.807</ele>
        <time>2014-07-26T21:59:50.261000Z</time>
      </trkpt>
      <trkpt lat="38.905384" lon="111.83915">
        <ele>1425.5753</ele>
        <time>2014-07-26T21:59:53.306000Z</time>
      </trkpt>
      <trkpt lat="38.905476" lon="111.83907">
        <ele>1425.4766</ele>
        <time>2014-07-26T21:59:56.351000Z</time>
      </trkpt>
      <trkpt lat="38.90556" lon="111.839">
        <ele>1427.2352</ele>
        <time>2014-07-26T21:59:59.396000Z</time>
      </trkpt>
      <trkpt lat="38.905643" lon="111.83894">
        <ele>1429.5741</ele>
        <time>2014-07-26T22:00:02.441000Z</time>
      </trkpt>
      <trkpt lat="38.90573" lon="111.838905">
        <ele>1430.9752</ele>
        <time>2014-07-26T22:00:05.486000Z</time>
      </trkpt>
      <trkpt lat="38.905846" lon="111.83886">
        <ele>1431.4761</ele>
        <time>2014-07-26T22:00:08.531000Z</time>
      </trkpt>
      <trkpt lat="38.90595" lon="111.838806">
        <ele>1431.6638</ele>
        <time>2014-07-26T22:00:11.576000Z</time>
      </trkpt>
      <trkpt lat="38.90604" lon="111.838745">
        <ele>1431.6848</ele>
        <time>2014-07-26T22:00:14.621000Z</time>
      </trkpt>
      <trkpt lat="38.90615" lon="111.83867">
        <ele>1431.478</ele>
        <time>2014-07-26T22:00:17.666000Z</time>
      </trkpt>
      <trkpt lat="38.906242" lon="111.8386">
        <ele>1431.8302</ele>
        <time>2014-07-26T22:00:20.711000Z</time>
      </trkpt>
      <trkpt lat="38.90635" lon="111.83855">
        <ele>1433.5812</ele>
        <time>2014-07-26T22:00:23.756000Z</time>
      </trkpt>
      <trkpt lat="38.90645" lon="111.838486">
        <ele>1435.971</ele>
        <time>2014-07-26T22:00:26.801000Z</time>
      </trkpt>
      <trkpt lat="38.90654" lon="111.83843">
        <ele>1437.4393</ele>
        <time>2014-07-26T22:00:29.846000Z</time>
      </trkpt>
      <trkpt lat="38.906654" lon="111.83837">
        <ele>1437.4677</ele>
        <time>2014-07-26T22:00:32.891000Z</time>
      </trkpt>
      <trkpt lat="38.90677" lon="111.83832">
        <ele>1436.5033</ele>
        <time>2014-07-26T22:00:35.936000Z</time>
      </trkpt>
      <trkpt lat="38.906883" lon="111.83831">
        <ele>1434.5856</ele>
        <time>2014-07-26T22:00:38.981000Z</time>
      </trkpt>
      <trkpt lat="38.906986" lon="111.83827">
        <ele>1431.5544</ele>
        <time>2014-07-26T22:00:42.026000Z</time>
      </trkpt>
      <trkpt lat="38.907085" lon="111.838234">
        <ele>1428.4596</ele>
        <time>2014-07-26T22:00:45.071000Z</time>
      </trkpt>
      <trkpt lat="38.907173" lon="111.83819">
        <ele>1426.9695</ele>
        <time>2014-07-26T22:00:48.116000Z</time>
      </trkpt>
      <trkpt lat="38.90727" lon="111.83812">
        <ele>1427.3109</ele>
        <time>2014-07-26T22:00:51.161000Z</time>
      </trkpt>
      <trkpt lat="38.907375" lon="111.83805">
        <ele>1428.1072</ele>
        <time>2014-07-26T22:00:54.206000Z</time>
      </trkpt>
      <trkpt lat="38.907475" lon="111.83799">
        <ele>1427.9945</ele>
        <time>2014-07-26T22:00:57.251000Z</time>
      </trkpt>
      <trkpt lat="38.907562" lon="111.83794">
        <ele>1426.9109</ele>
        <time>2014-07-26T22:01:00.296000Z</time>
      </trkpt>
      <trkpt lat="38.90766" lon="111.837875">
        <ele>1425.7751</ele>
        <time>2014-07-26T22:01:03.341000Z</time>
      </trkpt>
      <trkpt lat="38.907753" lon="111.837814">
        <ele>1425.316</ele>
        <time>2014-07-26T22:01:06.386000Z</time>
      </trkpt>
      <trkpt lat="38.907845" lon="111.83776">
        <ele>1425.4445</ele>
        <time>2014-07-26T22:01:09.431000Z</time>
      </trkpt>
      <trkpt lat="38.907955" lon="111.83774">
        <ele>1425.7463</ele>
        <time>2014-07-26T22:01:12.476000Z</time>
      </trkpt>
      <trkpt lat="38.90805" lon="111.83769">
        <ele>1425.9424</ele>
        <time>2014-07-26T22:01:15.521000Z</time>
      </trkpt>
      <trkpt lat="38.908142" lon="111.83759">
        <ele>1425.9392</ele>
        <time>2014-07-26T22:01:18.566000Z</time>
      </trkpt>
      <trkpt lat="38.90824" lon="111.83753">
        <ele>1425.9333</ele>
        <time>2014-07-26T22:01:21.611000Z</time>
      </trkpt>
      <trkpt lat="38.90833" lon="111.83749">
        <ele>1426.279</ele>
        <time>2014-07-26T22:01:24.656000Z</time>
      </trkpt>
      <trkpt lat="38.90842" lon="111.83743">
        <ele>1426.9758</ele>
        <time>2014-07-26T22:01:27.701000Z</time>
      </trkpt>
      <trkpt lat="38.90852" lon="111.83737">
        <ele>1427.4689</ele>
        <time>2014-07-26T22:01:30.746000Z</time>
      </trkpt>
      <trkpt lat="38.90861" lon="111.837326">
        <ele>1427.418</ele>
        <time>2014-07-26T22:01:33.791000Z</time>
      </trkpt>
      <trkpt lat="38.90871" lon="111.83728">
        <ele>1427.878</ele>
        <time>2014-07-26T22:01:36.836000Z</time>
      </trkpt>
      <trkpt lat="38.908802" lon="111.837234">
        <ele>1429.645</ele>
        <time>2014-07-26T22:01:39.881000Z</time>
      </trkpt>
      <trkpt lat="38.908905" lon="111.83718">
        <ele>1431.5898</ele>
        <time>2014-07-26T22:01:42.926000Z</time>
      </trkpt>
      <trkpt lat="38.909023" lon="111.83714">
        <ele>1432.2594</ele>
        <time>2014-07-26T22:01:45.971000Z</time>
      </trkpt>
      <trkpt lat="38.909134" lon="111.8371">
        <ele>1431.3962</ele>
        <time>2014-07-26T22:01:49.016000Z</time>
      </trkpt>
      <trkpt lat="38.909233" lon="111.83704">
        <ele>1429.242</ele>
        <time>2014-07-26T22:01:52.061000Z</time>
      </trkpt>
      <trkpt lat="38.909344" lon="111.837">
        <ele>1426.2368</ele>
        <time>2014-07-26T22:01:55.106000Z</time>
      </trkpt>
      <trkpt lat="38.90944" lon="111.83695">
        <ele>1423.3062</ele>
        <time>2014-07-26T22:01:58.151000Z</time>
      </trkpt>
      <trkpt lat="38.90954" lon="111.83688">
        <ele>1421.6655</ele>
        <time>2014-07-26T22:02:01.196000Z</time>
      </trkpt>
      <trkpt lat="38.90963" lon="111.83682">
        <ele>1421.573</ele>
        <time>2014-07-26T22:02:04.241000Z</time>
      </trkpt>
      <trkpt lat="38.90974" lon="111.83676">
        <ele>1422.4164</ele>
        <time>2014-07-26T22:02:07.286000Z</time>
      </trkpt>
      <trkpt lat="38.909843" lon="111.8367">
        <ele>1423.5309</ele>
        <time>2014-07-26T22:02:10.331000Z</time>
      </trkpt>
      <trkpt lat="38.90993" lon="111.83664">
        <ele>1424.2684</ele>
        <time>2014-07-26T22:02:13.376000Z</time>
      </trkpt>
      <trkpt lat="38.910023" lon="111.83658">
        <ele>1424.3567</ele>
        <time>2014-07-26T22:02:16.421000Z</time>
      </trkpt>
      <trkpt lat="38.9101" lon="111.83649">
        <ele>1425.128</ele>
        <time>2014-07-26T22:02:19.466000Z</time>
      </trkpt>
      <trkpt lat="38.910202" lon="111.83641">
        <ele>1428.5905</ele>
        <time>2014-07-26T22:02:22.511000Z</time>
      </trkpt>
      <trkpt lat="38.91031" lon="111.83634">
        <ele>1434.8256</ele>
        <time>2014-07-26T22:02:25.556000Z</time>
      </trkpt>
      <trkpt lat="38.910404" lon="111.83628">
        <ele>1441.3783</ele>
        <time>2014-07-26T22:02:28.601000Z</time>
      </trkpt>
      <trkpt lat="38.910522" lon="111.83622">
        <ele>1445.6864</ele>
        <time>2014-07-26T22:02:31.646000Z</time>
      </trkpt>
      <trkpt lat="38.91064" lon="111.83619">
        <ele>1447.0989</ele>
        <time>2014-07-26T22:02:34.691000Z</time>
      </trkpt>
      <trkpt lat="38.910717" lon="111.83608">
        <ele>1446.6498</ele>
        <time>2014-07-26T22:02:37.736000Z</time>
      </trkpt>
      <trkpt lat="38.910797" lon="111.83594">
        <ele>1444.8098</ele>
        <time>2014-07-26T22:02:40.781000Z</time>
      </trkpt>
      <trkpt lat="38.91089" lon="111.835884">
        <ele>1441.8542</ele>
        <time>2014-07-26T22:02:43.826000Z</time>
      </trkpt>
      <trkpt lat="38.91098" lon="111.83583">
        <ele>1439.1934</ele>
        <time>2014-07-26T22:02:46.871000Z</time>
      </trkpt>
      <trkpt lat="38.91108" lon="111.83576">
        <ele>1438.1292</ele>
        <time>2014-07-26T22:02:49.916000Z</time>
      </trkpt>
      <trkpt lat="38.91117" lon="111.83568">
        <ele>1438.3915</ele>
        <time>2014-07-26T22:02:52.961000Z</time>
      </trkpt>
      <trkpt lat="38.91128" lon="111.835625">
        <ele>1438.9783</ele>
        <time>2014-07-26T22:02:56.006000Z</time>
      </trkpt>
      <trkpt lat="38.911377" lon="111.83558">
        <ele>1439.0327</ele>
        <time>2014-07-26T22:02:59.051000Z</time>
      </trkpt>
      <trkpt lat="38.911484" lon="111.835495">
        <ele>1438.5184</ele>
        <time>2014-07-26T22:03:02.096000Z</time>
      </trkpt>
      <trkpt lat="38.911587" lon="111.835464">
        <ele>1437.9489</ele>
        <time>2014-07-26T22:03:05.141000Z</time>
      </trkpt>
      <trkpt lat="38.911697" lon="111.83545">
        <ele>1438.597</ele>
        <time>2014-07-26T22:03:08.186000Z</time>
      </trkpt>
      <trkpt lat="38.91181" lon="111.83542">
        <ele>1441.3424</ele>
        <time>2014-07-26T22:03:11.231000Z</time>
      </trkpt>
      <trkpt lat="38.911915" lon="111.83537">
        <ele>1444.843</ele>
        <time>2014-07-26T22:03:14.276000Z</time>
      </trkpt>
      <trkpt lat="38.91203" lon="111.83532">
        <ele>1446.7711</ele>
        <time>2014-07-26T22:03:17.321000Z</time>
      </trkpt>
      <trkpt lat="38.912144" lon="111.835266">
        <ele>1446.2297</ele>
        <time>2014-07-26T22:03:20.366000Z</time>
      </trkpt>
      <trkpt lat="38.912243" lon="111.83521">
        <ele>1444.1494</ele>
        <time>2014-07-26T22:03:23.411000Z</time>
      </trkpt>
      <trkpt lat="38.91235" lon="111.835144">
        <ele>1442.292</ele>
        <time>2014-07-26T22:03:26.456000Z</time>
      </trkpt>
      <trkpt lat="38.91245" lon="111.83508">
        <ele>1440.7657</ele>
        <time>2014-07-26T22:03:29.501000Z</time>
      </trkpt>
      <trkpt lat="38.912548" lon="111.835014">
        <ele>1438.1595</ele>
        <time>2014-07-26T22:03:32.546000Z</time>
      </trkpt>
      <trkpt lat="38.912674" lon="111.835014">
        <ele>1433.9958</ele>
        <time>2014-07-26T22:03:35.591000Z</time>
      </trkpt>
      <trkpt lat="38.9128" lon="111.835">
        <ele>1429.4752</ele>
        <time>2014-07-26T22:03:38.636000Z</time>
      </trkpt>
      <trkpt lat="38.912918" lon="111.83497">
        <ele>1426.2489</ele>
        <time>2014-07-26T22:03:41.681000Z</time>
      </trkpt>
      <trkpt lat="38.913025" lon="111.834915">
        <ele>1424.9487</ele>
        <time>2014-07-26T22:03:44.726000Z</time>
      </trkpt>
      <trkpt lat="38.913136" lon="111.83487">
        <ele>1424.7964</ele>
        <time>2014-07-26T22:03:47.771000Z</time>
      </trkpt>
      <trkpt lat="38.91323" lon="111.834816">
        <ele>1424.462</ele>
        <time>2014-07-26T22:03:50.816000Z</time>
      </trkpt>
      <trkpt lat="38.913326" lon="111.83476">
        <ele>1423.3888</ele>
        <time>2014-07-26T22:03:53.861000Z</time>
      </trkpt>
      <trkpt lat="38.913418" lon="111.83468">
        <ele>1422.5061</ele>
        <time>2014-07-26T22:03:56.906000Z</time>
      </trkpt>
      <trkpt lat="38.913498" lon="111.83459">
        <ele>1423.2924</ele>
        <time>2014-07-26T22:03:59.951000Z</time>
      </trkpt>
      <trkpt lat="38.913586" lon="111.83449">
        <ele>1426.7476</ele>
        <time>2014-07-26T22:04:02.996000Z</time>
      </trkpt>
      <trkpt lat="38.91368" lon="111.834435">
        <ele>1432.6089</ele>
        <time>2014-07-26T22:04:06.041000Z</time>
      </trkpt>
      <trkpt lat="38.9138" lon="111.83438">
        <ele>1438.5642</ele>
        <time>2014-07-26T22:04:09.086000Z</time>
      </trkpt>
      <trkpt lat="38.9139" lon="111.83434">
        <ele>1442.1046</ele>
        <time>2014-07-26T22:04:12.131000Z</time>
      </trkpt>
      <trkpt lat="38.914005" lon="111.834305">
        <ele>1442.0347</ele>
        <time>2014-07-26T22:04:15.176000Z</time>
      </trkpt>
      <trkpt lat="38.91411" lon="111.83426">
        <ele>1438.513</ele>
        <time>2014-07-26T22:04:18.221000Z</time>
      </trkpt>
      <trkpt lat="38.914204" lon="111.83422">
        <ele>1433.371</ele>
        <time>2014-07-26T22:04:21.266000Z</time>
      </trkpt>
      <trkpt lat="38.914303" lon="111.83416">
        <ele>1429.0327</ele>
        <time>2014-07-26T22:04:24.311000Z</time>
      </trkpt>
      <trkpt lat="38.914406" lon="111.834076">
        <ele>1426.7396</ele>
        <time>2014-07-26T22:04:27.356000Z</time>
      </trkpt>
      <trkpt lat="38.914482" lon="111.833984">
        <ele>1426.9482</ele>
        <time>2014-07-26T22:04:30.401000Z</time>
      </trkpt>
      <trkpt lat="38.91457" lon="111.83391">
        <ele>1429.6234</ele>
        <time>2014-07-26T22:04:33.446000Z</time>
      </trkpt>
      <trkpt lat="38.914665" lon="111.83383">
        <ele>1433.9022</ele>
        <time>2014-07-26T22:04:36.491000Z</time>
      </trkpt>
      <trkpt lat="38.91477" lon="111.83382">
        <ele>1438.1672</ele>
        <time>2014-07-26T22:04:39.536000Z</time>
      </trkpt>
      <trkpt lat="38.91486" lon="111.8338">
        <ele>1441.2382</ele>
        <time>2014-07-26T22:04:42.581000Z</time>
      </trkpt>
      <trkpt lat="38.91496" lon="111.833725">
        <ele>1443.017</ele>
        <time>2014-07-26T22:04:45.626000Z</time>
      </trkpt>
      <trkpt lat="38.91506" lon="111.83367">
        <ele>1443.7772</ele>
        <time>2014-07-26T22:04:48.671000Z</time>
      </trkpt>
      <trkpt lat="38.915165" lon="111.833626">
        <ele>1443.7953</ele>
        <time>2014-07-26T22:04:51.716000Z</time>
      </trkpt>
      <trkpt lat="38.91527" lon="111.83357">
        <ele>1442.8197</ele>
        <time>2014-07-26T22:04:54.761000Z</time>
      </trkpt>
      <trkpt lat="38.915367" lon="111.83351">
        <ele>1440.7535</ele>
        <time>2014-07-26T22:04:57.806000Z</time>
      </trkpt>
      <trkpt lat="38.915474" lon="111.83344">
        <ele>1438.7836</ele>
        <time>2014-07-26T22:05:00.851000Z</time>
      </trkpt>
      <trkpt lat="38.915577" lon="111.83336">
        <ele>1438.0889</ele>
        <time>2014-07-26T22:05:03.896000Z</time>
      </trkpt>
      <trkpt lat="38.91573" lon="111.83328">
        <ele>1438.7635</ele>
        <time>2014-07-26T22:05:06.941000Z</time>
      </trkpt>
      <trkpt lat="38.915848" lon="111.83325">
        <ele>1440.4481</ele>
        <time>2014-07-26T22:05:09.986000Z</time>
      </trkpt>
      <trkpt lat="38.915924" lon="111.833176">
        <ele>1442.865</ele>
        <time>2014-07-26T22:05:13.031000Z</time>
      </trkpt>
      <trkpt lat="38.916008" lon="111.833115">
        <ele>1445.534</ele>
        <time>2014-07-26T22:05:16.076000Z</time>
      </trkpt>
      <trkpt lat="38.91613" lon="111.83314">
        <ele>1445.9359</ele>
        <time>2014-07-26T22:05:19.121000Z</time>
      </trkpt>
      <trkpt lat="38.91624" lon="111.833145">
        <ele>1441.1986</ele>
        <time>2014-07-26T22:05:22.166000Z</time>
      </trkpt>
      <trkpt lat="38.916344" lon="111.83313">
        <ele>1433.2551</ele>
        <time>2014-07-26T22:05:25.211000Z</time>
      </trkpt>
      <trkpt lat="38.916447" lon="111.8331">
        <ele>1427.2651</ele>
        <time>2014-07-26T22:05:28.256000Z</time>
      </trkpt>
      <trkpt lat="38.916546" lon="111.83305">
        <ele>1425.2732</ele>
        <time>2014-07-26T22:05:31.301000Z</time>
      </trkpt>
      <trkpt lat="38.916637" lon="111.83301">
        <ele>1426.2168</ele>
        <time>2014-07-26T22:05:34.346000Z</time>
      </trkpt>
      <trkpt lat="38.91674" lon="111.832954">
        <ele>1428.578</ele>
        <time>2014-07-26T22:05:37.391000Z</time>
      </trkpt>
      <trkpt lat="38.91684" lon="111.8329">
        <ele>1430.2874</ele>
        <time>2014-07-26T22:05:40.436000Z</time>
      </trkpt>
      <trkpt lat="38.916992" lon="111.833">
        <ele>1429.9948</ele>
        <time>2014-07-26T22:05:43.481000Z</time>
      </trkpt>
      <trkpt lat="38.917038" lon="111.83312">
        <ele>1428.5155</ele>
        <time>2014-07-26T22:05:46.526000Z</time>
      </trkpt>
      <trkpt lat="38.91708" lon="111.83325">
        <ele>1426.4248</ele>
        <time>2014-07-26T22:05:49.571000Z</time>
      </trkpt>
      <trkpt lat="38.91713" lon="111.83338">
        <ele>1423.6497</ele>
        <time>2014-07-26T22:05:52.616000Z</time>
      </trkpt>
      <trkpt lat="38.917187" lon="111.833496">
        <ele>1421.2633</ele>
        <time>2014-07-26T22:05:55.661000Z</time>
      </trkpt>
      <trkpt lat="38.917255" lon="111.83357">
        <ele>1420.5063</ele>
        <time>2014-07-26T22:05:58.706000Z</time>
      </trkpt>
      <trkpt lat="38.917347" lon="111.83367">
        <ele>1421.5427</ele>
        <time>2014-07-26T22:06:01.751000Z</time>
      </trkpt>
      <trkpt lat="38.91743" lon="111.83377">
        <ele>1423.9207</ele>
        <time>2014-07-26T22:06:04.796000Z</time>
      </trkpt>
      <trkpt lat="38.917526" lon="111.833885">
        <ele>1427.0536</ele>
        <time>2014-07-26T22:06:07.841000Z</time>
      </trkpt>
      <trkpt lat="38.9176" lon="111.83401">
        <ele>1430.6177</ele>
        <time>2014-07-26T22:06:10.886000Z</time>
      </trkpt>
      <trkpt lat="38.91768" lon="111.83414">
        <ele>1434.5891</ele>
        <time>2014-07-26T22:06:13.931000Z</time>
      </trkpt>
      <trkpt lat="38.91775" lon="111.83426">
        <ele>1438.5017</ele>
        <time>2014-07-26T22:06:16.976000Z</time>
      </trkpt>
      <trkpt lat="38.917812" lon="111.83438">
        <ele>1441.2727</ele>
        <time>2014-07-26T22:06:20.021000Z</time>
      </trkpt>
      <trkpt lat="38.917854" lon="111.83449">
        <ele>1442.2189</ele>
        <time>2014-07-26T22:06:23.066000Z</time>
      </trkpt>
      <trkpt lat="38.917896" lon="111.83461">
        <ele>1441.6682</ele>
        <time>2014-07-26T22:06:26.111000Z</time>
      </trkpt>
      <trkpt lat="38.917957" lon="111.834755">
        <ele>1439.975</ele>
        <time>2014-07-26T22:06:29.156000Z</time>
      </trkpt>
      <trkpt lat="38.918003" lon="111.834885">
        <ele>1437.7015</ele>
        <time>2014-07-26T22:06:32.201000Z</time>
      </trkpt>
      <trkpt lat="38.918037" lon="111.83501">
        <ele>1435.8179</ele>
        <time>2014-07-26T22:06:35.246000Z</time>
      </trkpt>
      <trkpt lat="38.918083" lon="111.835144">
        <ele>1434.5253</ele>
        <time>2014-07-26T22:06:38.291000Z</time>
      </trkpt>
      <trkpt lat="38.91813" lon="111.83528">
        <ele>1433.3688</ele>
        <time>2014-07-26T22:06:41.336000Z</time>
      </trkpt>
      <trkpt lat="38.91818" lon="111.8354">
        <ele>1432.5343</ele>
        <time>2014-07-26T22:06:44.381000Z</time>
      </trkpt>
      <trkpt lat="38.91817" lon="111.83554">
        <ele>1432.3279</ele>
        <time>2014-07-26T22:06:47.426000Z</time>
      </trkpt>
      <trkpt lat="38.91819" lon="111.835686">
        <ele>1431.9978</ele>
        <time>2014-07-26T22:06:50.471000Z</time>
      </trkpt>
      <trkpt lat="38.918232" lon="111.835846">
        <ele>1430.7546</ele>
        <time>2014-07-26T22:06:53.516000Z</time>
      </trkpt>
      <trkpt lat="38.91828" lon="111.83596">
        <ele>1428.7885</ele>
        <time>2014-07-26T22:06:56.561000Z</time>
      </trkpt>
      <trkpt lat="38.91835" lon="111.8361">
        <ele>1426.916</ele>
        <time>2014-07-26T22:06:59.606000Z</time>
      </trkpt>
      <trkpt lat="38.918404" lon="111.83623">
        <ele>1426.3042</ele>
        <time>2014-07-26T22:07:02.651000Z</time>
      </trkpt>
      <trkpt lat="38.918396" lon="111.836365">
        <ele>1427.8079</ele>
        <time>2014-07-26T22:07:05.696000Z</time>
      </trkpt>
      <trkpt lat="38.9184" lon="111.83651">
        <ele>1430.8391</ele>
        <time>2014-07-26T22:07:08.741000Z</time>
      </trkpt>
      <trkpt lat="38.918392" lon="111.83666">
        <ele>1434.82</ele>
        <time>2014-07-26T22:07:11.786000Z</time>
      </trkpt>
      <trkpt lat="38.91836" lon="111.83681">
        <ele>1439.5577</ele>
        <time>2014-07-26T22:07:14.831000Z</time>
      </trkpt>
      <trkpt lat="38.918358" lon="111.83697">
        <ele>1444.3385</ele>
        <time>2014-07-26T22:07:17.876000Z</time>
      </trkpt>
      <trkpt lat="38.918343" lon="111.83711">
        <ele>1448.566</ele>
        <time>2014-07-26T22:07:20.921000Z</time>
      </trkpt>
      <trkpt lat="38.918343" lon="111.83724">
        <ele>1451.9857</ele>
        <time>2014-07-26T22:07:23.966000Z</time>
      </trkpt>
      <trkpt lat="38.918335" lon="111.83737">
        <ele>1454.2391</ele>
        <time>2014-07-26T22:07:27.011000Z</time>
      </trkpt>
      <trkpt lat="38.918324" lon="111.837555">
        <ele>1455.2466</ele>
        <time>2014-07-26T22:07:30.056000Z</time>
      </trkpt>
      <trkpt lat="38.9183" lon="111.83772">
        <ele>1454.747</ele>
        <time>2014-07-26T22:07:33.101000Z</time>
      </trkpt>
      <trkpt lat="38.91829" lon="111.83785">
        <ele>1452.5447</ele>
        <time>2014-07-26T22:07:36.146000Z</time>
      </trkpt>
      <trkpt lat="38.91831" lon="111.83801">
        <ele>1449.094</ele>
        <time>2014-07-26T22:07:39.191000Z</time>
      </trkpt>
      <trkpt lat="38.918354" lon="111.83813">
        <ele>1444.6244</ele>
        <time>2014-07-26T22:07:42.236000Z</time>
      </trkpt>
      <trkpt lat="38.918415" lon="111.83827">
        <ele>1439.5018</ele>
        <time>2014-07-26T22:07:45.281000Z</time>
      </trkpt>
      <trkpt lat="38.91842" lon="111.83843">
        <ele>1435.3201</ele>
        <time>2014-07-26T22:07:48.326000Z</time>
      </trkpt>
      <trkpt lat="38.91844" lon="111.83859">
        <ele>1433.1376</ele>
        <time>2014-07-26T22:07:51.371000Z</time>
      </trkpt>
      <trkpt lat="38.918484" lon="111.838776">
        <ele>1432.3778</ele>
        <time>2014-07-26T22:07:54.416000Z</time>
      </trkpt>
      <trkpt lat="38.918476" lon="111.838905">
        <ele>1431.9966</ele>
        <time>2014-07-26T22:07:57.461000Z</time>
      </trkpt>
      <trkpt lat="38.918438" lon="111.839035">
        <ele>1431.2225</ele>
        <time>2014-07-26T22:08:00.506000Z</time>
      </trkpt>
      <trkpt lat="38.91843" lon="111.83917">
        <ele>1430.1085</ele>
        <time>2014-07-26T22:08:03.551000Z</time>
      </trkpt>
      <trkpt lat="38.918404" lon="111.83933">
        <ele>1430.068</ele>
        <time>2014-07-26T22:08:06.596000Z</time>
      </trkpt>
      <trkpt lat="38.91842" lon="111.839485">
        <ele>1431.7784</ele>
        <time>2014-07-26T22:08:09.641000Z</time>
      </trkpt>
      <trkpt lat="38.918434" lon="111.83964">
        <ele>1433.7087</ele>
        <time>2014-07-26T22:08:12.686000Z</time>
      </trkpt>
      <trkpt lat="38.91838" lon="111.839745">
        <ele>1434.4211</ele>
        <time>2014-07-26T22:08:15.731000Z</time>
      </trkpt>
      <trkpt lat="38.918358" lon="111.83988">
        <ele>1434.3593</ele>
        <time>2014-07-26T22:08:18.776000Z</time>
      </trkpt>
      <trkpt lat="38.918385" lon="111.84">
        <ele>1434.5249</ele>
        <time>2014-07-26T22:08:21.821000Z</time>
      </trkpt>
      <trkpt lat="38.91839" lon="111.84015">
        <ele>1436.3823</ele>
        <time>2014-07-26T22:08:24.866000Z</time>
      </trkpt>
      <trkpt lat="38.918365" lon="111.8403">
        <ele>1440.2317</ele>
        <time>2014-07-26T22:08:27.911000Z</time>
      </trkpt>
      <trkpt lat="38.918358" lon="111.84046">
        <ele>1443.841</ele>
        <time>2014-07-26T22:08:30.956000Z</time>
      </trkpt>
      <trkpt lat="38.91835" lon="111.84059">
        <ele>1444.9879</ele>
        <time>2014-07-26T22:08:34.001000Z</time>
      </trkpt>
      <trkpt lat="38.91835" lon="111.84071">
        <ele>1443.5479</ele>
        <time>2014-07-26T22:08:37.046000Z</time>
      </trkpt>
      <trkpt lat="38.91836" lon="111.84085">
        <ele>1440.7498</ele>
        <time>2014-07-26T22:08:40.091000Z</time>
      </trkpt>
      <trkpt lat="38.918373" lon="111.841">
        <ele>1438.208</ele>
        <time>2014-07-26T22:08:43.136000Z</time>
      </trkpt>
      <trkpt lat="38.918392" lon="111.841156">
        <ele>1436.739</ele>
        <time>2014-07-26T22:08:46.181000Z</time>
      </trkpt>
      <trkpt lat="38.918373" lon="111.84134">
        <ele>1436.2627</ele>
        <time>2014-07-26T22:08:49.226000Z</time>
      </trkpt>
      <trkpt lat="38.918354" lon="111.84148">
        <ele>1436.3497</ele>
        <time>2014-07-26T22:08:52.271000Z</time>
      </trkpt>
      <trkpt lat="38.91835" lon="111.84159">
        <ele>1436.2219</ele>
        <time>2014-07-26T22:08:55.316000Z</time>
      </trkpt>
      <trkpt lat="38.91835" lon="111.84172">
        <ele>1435.3832</ele>
        <time>2014-07-26T22:08:58.361000Z</time>
      </trkpt>
      <trkpt lat="38.918346" lon="111.84185">
        <ele>1434.3755</ele>
        <time>2014-07-26T22:09:01.406000Z</time>
      </trkpt>
      <trkpt lat="38.918343" lon="111.841995">
        <ele>1433.9569</ele>
        <time>2014-07-26T22:09:04.451000Z</time>
      </trkpt>
      <trkpt lat="38.918358" lon="111.84215">
        <ele>1434.5206</ele>
        <time>2014-07-26T22:09:07.496000Z</time>
      </trkpt>
      <trkpt lat="38.918365" lon="111.842285">
        <ele>1436.0455</ele>
        <time>2014-07-26T22:09:10.541000Z</time>
      </trkpt>
      <trkpt lat="38.918385" lon="111.84244">
        <ele>1438.0792</ele>
        <time>2014-07-26T22:09:13.586000Z</time>
      </trkpt>
      <trkpt lat="38.91839" lon="111.84259">
        <ele>1440.0035</ele>
        <time>2014-07-26T22:09:16.631000Z</time>
      </trkpt>
      <trkpt lat="38.918404" lon="111.842735">
        <ele>1440.7814</ele>
        <time>2014-07-26T22:09:19.676000Z</time>
      </trkpt>
      <trkpt lat="38.918415" lon="111.84286">
        <ele>1439.9338</ele>
        <time>2014-07-26T22:09:22.721000Z</time>
      </trkpt>
      <trkpt lat="38.918392" lon="111.843">
        <ele>1439.0155</ele>
        <time>2014-07-26T22:09:25.766000Z</time>
      </trkpt>
      <trkpt lat="38.918373" lon="111.84311">
        <ele>1439.3403</ele>
        <time>2014-07-26T22:09:28.811000Z</time>
      </trkpt>
      <trkpt lat="38.918324" lon="111.84331">
        <ele>1439.9827</ele>
        <time>2014-07-26T22:09:31.856000Z</time>
      </trkpt>
      <trkpt lat="38.918262" lon="111.84345">
        <ele>1438.2773</ele>
        <time>2014-07-26T22:09:34.901000Z</time>
      </trkpt>
      <trkpt lat="38.918186" lon="111.84354">
        <ele>1433.2089</ele>
        <time>2014-07-26T22:09:37.946000Z</time>
      </trkpt>
      <trkpt lat="38.918163" lon="111.84369">
        <ele>1427.5593</ele>
        <time>2014-07-26T22:09:40.991000Z</time>
      </trkpt>
      <trkpt lat="38.918125" lon="111.84382">
        <ele>1424.3507</ele>
        <time>2014-07-26T22:09:44.036000Z</time>
      </trkpt>
      <trkpt lat="38.918053" lon="111.84395">
        <ele>1423.402</ele>
        <time>2014-07-26T22:09:47.081000Z</time>
      </trkpt>
      <trkpt lat="38.91799" lon="111.84406">
        <ele>1423.3329</ele>
        <time>2014-07-26T22:09:50.126000Z</time>
      </trkpt>
      <trkpt lat="38.917923" lon="111.84418">
        <ele>1423.5098</ele>
        <time>2014-07-26T22:09:53.171000Z</time>
      </trkpt>
      <trkpt lat="38.917862" lon="111.84427">
        <ele>1423.9592</ele>
        <time>2014-07-26T22:09:56.216000Z</time>
      </trkpt>
      <trkpt lat="38.917793" lon="111.8444">
        <ele>1424.696</ele>
        <time>2014-07-26T22:09:59.261000Z</time>
      </trkpt>
      <trkpt lat="38.91773" lon="111.84453">
        <ele>1425.6141</ele>
        <time>2014-07-26T22:10:02.306000Z</time>
      </trkpt>
      <trkpt lat="38.91766" lon="111.84464">
        <ele>1426.796</ele>
        <time>2014-07-26T22:10:05.351000Z</time>
      </trkpt>
      <trkpt lat="38.917603" lon="111.84476">
        <ele>1428.2332</ele>
        <time>2014-07-26T22:10:08.396000Z</time>
      </trkpt>
      <trkpt lat="38.91756" lon="111.84487">
        <ele>1429.373</ele>
        <time>2014-07-26T22:10:11.441000Z</time>
      </trkpt>
      <trkpt lat="38.91752" lon="111.84499">
        <ele>1429.3557</ele>
        <time>2014-07-26T22:10:14.486000Z</time>
      </trkpt>
      <trkpt lat="38.91747" lon="111.84514">
        <ele>1428.1852</ele>
        <time>2014-07-26T22:10:17.531000Z</time>
      </trkpt>
      <trkpt lat="38.9174" lon="111.84527">
        <ele>1427.0334</ele>
        <time>2014-07-26T22:10:20.576000Z</time>
      </trkpt>
      <trkpt lat="38.917336" lon="111.84537">
        <ele>1427.4644</ele>
        <time>2014-07-26T22:10:23.621000Z</time>
      </trkpt>
      <trkpt lat="38.917294" lon="111.84547">
        <ele>1429.5461</ele>
        <time>2014-07-26T22:10:26.666000Z</time>
      </trkpt>
      <trkpt lat="38.91724" lon="111.845604">
        <ele>1431.06</ele>
        <time>2014-07-26T22:10:29.711000Z</time>
      </trkpt>
      <trkpt lat="38.917194" lon="111.84573">
        <ele>1430.4142</ele>
        <time>2014-07-26T22:10:32.756000Z</time>
      </trkpt>
      <trkpt lat="38.917137" lon="111.84583">
        <ele>1428.7415</ele>
        <time>2014-07-26T22:10:35.801000Z</time>
      </trkpt>
      <trkpt lat="38.917076" lon="111.84596">
        <ele>1427.5763</ele>
        <time>2014-07-26T22:10:38.846000Z</time>
      </trkpt>
      <trkpt lat="38.917034" lon="111.846085">
        <ele>1427.1678</ele>
        <time>2014-07-26T22:10:41.891000Z</time>
      </trkpt>
      <trkpt lat="38.916992" lon="111.84621">
        <ele>1427.297</ele>
        <time>2014-07-26T22:10:44.936000Z</time>
      </trkpt>
      <trkpt lat="38.91694" lon="111.846344">
        <ele>1427.4425</ele>
        <time>2014-07-26T22:10:47.981000Z</time>
      </trkpt>
      <trkpt lat="38.916885" lon="111.84646">
        <ele>1427.3116</ele>
        <time>2014-07-26T22:10:51.026000Z</time>
      </trkpt>
      <trkpt lat="38.916832" lon="111.84657">
        <ele>1427.2275</ele>
        <time>2014-07-26T22:10:54.071000Z</time>
      </trkpt>
      <trkpt lat="38.916775" lon="111.8467">
        <ele>1427.4075</ele>
        <time>2014-07-26T22:10:57.116000Z</time>
      </trkpt>
      <trkpt lat="38.91673" lon="111.84682">
        <ele>1427.5961</ele>
        <time>2014-07-26T22:11:00.161000Z</time>
      </trkpt>
      <trkpt lat="38.916653" lon="111.84691">
        <ele>1427.6688</ele>
        <time>2014-07-26T22:11:03.206000Z</time>
      </trkpt>
      <trkpt lat="38.916573" lon="111.84699">
        <ele>1427.3264</ele>
        <time>2014-07-26T22:11:06.251000Z</time>
      </trkpt>
      <trkpt lat="38.91651" lon="111.84711">
        <ele>1426.4937</ele>
        <time>2014-07-26T22:11:09.296000Z</time>
      </trkpt>
      <trkpt lat="38.91647" lon="111.84722">
        <ele>1425.6838</ele>
        <time>2014-07-26T22:11:12.341000Z</time>
      </trkpt>
      <trkpt lat="38.916428" lon="111.84735">
        <ele>1425.2292</ele>
        <time>2014-07-26T22:11:15.386000Z</time>
      </trkpt>
      <trkpt lat="38.916367" lon="111.84748">
        <ele>1424.586</ele>
        <time>2014-07-26T22:11:18.431000Z</time>
      </trkpt>
      <trkpt lat="38.916317" lon="111.84759">
        <ele>1423.4083</ele>
        <time>2014-07-26T22:11:21.476000Z</time>
      </trkpt>
      <trkpt lat="38.916264" lon="111.84772">
        <ele>1422.2539</ele>
        <time>2014-07-26T22:11:24.521000Z</time>
      </trkpt>
      <trkpt lat="38.916206" lon="111.84784">
        <ele>1421.7628</ele>
        <time>2014-07-26T22:11:27.566000Z</time>
      </trkpt>
      <trkpt lat="38.916157" lon="111.847946">
        <ele>1421.8969</ele>
        <time>2014-07-26T22:11:30.611000Z</time>
      </trkpt>
      <trkpt lat="38.916107" lon="111.84807">
        <ele>1422.4238</ele>
        <time>2014-07-26T22:11:33.656000Z</time>
      </trkpt>
      <trkpt lat="38.916058" lon="111.84819">
        <ele>1423.2217</ele>
        <time>2014-07-26T22:11:36.701000Z</time>
      </trkpt>
      <trkpt lat="38.916004" lon="111.848305">
        <ele>1423.933</ele>
        <time>2014-07-26T22:11:39.746000Z</time>
      </trkpt>
      <trkpt lat="38.915947" lon="111.848434">
        <ele>1423.9907</ele>
        <time>2014-07-26T22:11:42.791000Z</time>
      </trkpt>
      <trkpt lat="38.915886" lon="111.84857">
        <ele>1423.4374</ele>
        <time>2014-07-26T22:11:45.836000Z</time>
      </trkpt>
      <trkpt lat="38.915833" lon="111.8487">
        <ele>1422.9211</ele>
        <time>2014-07-26T22:11:48.881000Z</time>
      </trkpt>
      <trkpt lat="38.91578" lon="111.84882">
        <ele>1422.9338</ele>
        <time>2014-07-26T22:11:51.926000Z</time>
      </trkpt>
      <trkpt lat="38.915726" lon="111.84893">
        <ele>1423.4092</ele>
        <time>2014-07-26T22:11:54.971000Z</time>
      </trkpt>
      <trkpt lat="38.915684" lon="111.84906">
        <ele>1424.0385</ele>
        <time>2014-07-26T22:11:58.016000Z</time>
      </trkpt>
      <trkpt lat="38.91563" lon="111.84919">
        <ele>1424.6499</ele>
        <time>2014-07-26T22:12:01.061000Z</time>
      </trkpt>
      <trkpt lat="38.915573" lon="111.84931">
        <ele>1425.2214</ele>
        <time>2014-07-26T22:12:04.106000Z</time>
      </trkpt>
      <trkpt lat="38.91552" lon="111.84943">
        <ele>1425.6907</ele>
        <time>2014-07-26T22:12:07.150000Z</time>
      </trkpt>
      <trkpt lat="38.915478" lon="111.84955">
        <ele>1425.967</ele>
        <time>2014-07-26T22:12:10.194000Z</time>
      </trkpt>
      <trkpt lat="38.91543" lon="111.84966">
        <ele>1426.2052</ele>
        <time>2014-07-26T22:12:13.238000Z</time>
      </trkpt>
      <trkpt lat="38.91537" lon="111.849785">
        <ele>1426.6178</ele>
        <time>2014-07-26T22:12:16.282000Z</time>
      </trkpt>
      <trkpt lat="38.915325" lon="111.849884">
        <ele>1427.0398</ele>
        <time>2014-07-26T22:12:19.326000Z</time>
      </trkpt>
      <trkpt lat="38.915268" lon="111.85002">
        <ele>1427.2479</ele>
        <time>2014-07-26T22:12:22.370000Z</time>
      </trkpt>
      <trkpt lat="38.915215" lon="111.85014">
        <ele>1427.3696</ele>
        <time>2014-07-26T22:12:25.414000Z</time>
      </trkpt>
      <trkpt lat="38.91516" lon="111.85026">
        <ele>1427.6178</ele>
        <time>2014-07-26T22:12:28.458000Z</time>
      </trkpt>
      <trkpt lat="38.915104" lon="111.850365">
        <ele>1428.1272</ele>
        <time>2014-07-26T22:12:31.502000Z</time>
      </trkpt>
      <trkpt lat="38.915047" lon="111.850494">
        <ele>1428.8032</ele>
        <time>2014-07-26T22:12:34.546000Z</time>
      </trkpt>
      <trkpt lat="38.914993" lon="111.850624">
        <ele>1429.2007</ele>
        <time>2014-07-26T22:12:37.590000Z</time>
      </trkpt>
      <trkpt lat="38.914944" lon="111.85073">
        <ele>1428.9285</ele>
        <time>2014-07-26T22:12:40.634000Z</time>
      </trkpt>
      <trkpt lat="38.91489" lon="111.85086">
        <ele>1428.228</ele>
        <time>2014-07-26T22:12:43.678000Z</time>
      </trkpt>
      <trkpt lat="38.91484" lon="111.85099">
        <ele>1427.5482</ele>
        <time>2014-07-26T22:12:46.722000Z</time>
      </trkpt>
      <trkpt lat="38.914783" lon="111.85113">
        <ele>1427.2533</ele>
        <time>2014-07-26T22:12:49.766000Z</time>
      </trkpt>
      <trkpt lat="38.91473" lon="111.85126">
        <ele>1427.5454</ele>
        <time>2014-07-26T22:12:52.810000Z</time>
      </trkpt>
      <trkpt lat="38.914673" lon="111.85139">
        <ele>1428.1498</ele>
        <time>2014-07-26T22:12:55.854000Z</time>
      </trkpt>
      <trkpt lat="38.91462" lon="111.85152">
        <ele>1428.5165</ele>
        <time>2014-07-26T22:12:58.898000Z</time>
      </trkpt>
      <trkpt lat="38.914577" lon="111.85163">
        <ele>1428.5037</ele>
        <time>2014-07-26T22:13:01.942000Z</time>
      </trkpt>
      <trkpt lat="38.91452" lon="111.85175">
        <ele>1428.3268</ele>
        <time>2014-07-26T22:13:04.986000Z</time>
      </trkpt>
      <trkpt lat="38.91447" lon="111.85187">
        <ele>1428.2527</ele>
        <time>2014-07-26T22:13:08.030000Z</time>
      </trkpt>
      <trkpt lat="38.91441" lon="111.85201">
        <ele>1428.2542</ele>
        <time>2014-07-26T22:13:11.074000Z</time>
      </trkpt>
      <trkpt lat="38.914356" lon="111.85214">
        <ele>1428.25</ele>
        <time>2014-07-26T22:13:14.118000Z</time>
      </trkpt>
      <trkpt lat="38.9143" lon="111.852264">
        <ele>1428.3345</ele>
        <time>2014-07-26T22:13:17.162000Z</time>
      </trkpt>
      <trkpt lat="38.91424" lon="111.852394">
        <ele>1428.6895</ele>
        <time>2014-07-26T22:13:20.206000Z</time>
      </trkpt>
      <trkpt lat="38.9142" lon="111.852516">
        <ele>1429.5808</ele>
        <time>2014-07-26T22:13:23.250000Z</time>
      </trkpt>
      <trkpt lat="38.914146" lon="111.85264">
        <ele>1430.5916</ele>
        <time>2014-07-26T22:13:26.294000Z</time>
      </trkpt>
      <trkpt lat="38.914093" lon="111.85276">
        <ele>1430.8159</ele>
        <time>2014-07-26T22:13:29.338000Z</time>
      </trkpt>
      <trkpt lat="38.914032" lon="111.852875">
        <ele>1430.3508</ele>
        <time>2014-07-26T22:13:32.382000Z</time>
      </trkpt>
      <trkpt lat="38.913986" lon="111.85299">
        <ele>1429.9583</ele>
        <time>2014-07-26T22:13:35.426000Z</time>
      </trkpt>
      <trkpt lat="38.913933" lon="111.8531">
        <ele>1430.1321</ele>
        <time>2014-07-26T22:13:38.470000Z</time>
      </trkpt>
      <trkpt lat="38.91388" lon="111.853226">
        <ele>1430.6362</ele>
        <time>2014-07-26T22:13:41.514000Z</time>
      </trkpt>
      <trkpt lat="38.913826" lon="111.85335">
        <ele>1430.752</ele>
        <time>2014-07-26T22:13:44.558000Z</time>
      </trkpt>
      <trkpt lat="38.91378" lon="111.85346">
        <ele>1430.4231</ele>
        <time>2014-07-26T22:13:47.602000Z</time>
      </trkpt>
      <trkpt lat="38.913734" lon="111.85358">
        <ele>1430.1261</ele>
        <time>2014-07-26T22:13:50.646000Z</time>
      </trkpt>
      <trkpt lat="38.913692" lon="111.85368">
        <ele>1430.0369</ele>
        <time>2014-07-26T22:13:53.690000Z</time>
      </trkpt>
      <trkpt lat="38.913635" lon="111.8538">
        <ele>1430.4801</ele>
        <time>2014-07-26T22:13:56.734000Z</time>
      </trkpt>
      <trkpt lat="38.91364" lon="111.85393">
        <ele>1431.5337</ele>
        <time>2014-07-26T22:13:59.778000Z</time>
      </trkpt>
      <trkpt lat="38.913418" lon="111.854645">
        <ele>1426.9735</ele>
        <time>2014-07-26T22:14:02.822000Z</time>
      </trkpt>
      <trkpt lat="38.913418" lon="111.854645">
        <ele>1426.6035</ele>
        <time>2014-07-26T22:14:05.866000Z</time>
      </trkpt>
      <trkpt lat="38.913265" lon="111.8547">
        <ele>1426.2648</ele>
        <time>2014-07-26T22:14:08.910000Z</time>
      </trkpt>
      <trkpt lat="38.913227" lon="111.85472">
        <ele>1426.8645</ele>
        <time>2014-07-26T22:14:11.954000Z</time>
      </trkpt>
      <trkpt lat="38.91313" lon="111.8548">
        <ele>1428.8416</ele>
        <time>2014-07-26T22:14:14.998000Z</time>
      </trkpt>
      <trkpt lat="38.91307" lon="111.85489">
        <ele>1431.1024</ele>
        <time>2014-07-26T22:14:18.042000Z</time>
      </trkpt>
      <trkpt lat="38.913025" lon="111.85499">
        <ele>1432.5084</ele>
        <time>2014-07-26T22:14:21.086000Z</time>
      </trkpt>
      <trkpt lat="38.912968" lon="111.85512">
        <ele>1432.829</ele>
        <time>2014-07-26T22:14:24.130000Z</time>
      </trkpt>
      <trkpt lat="38.912918" lon="111.85523">
        <ele>1432.0884</ele>
        <time>2014-07-26T22:14:27.174000Z</time>
      </trkpt>
      <trkpt lat="38.91287" lon="111.85534">
        <ele>1430.8375</ele>
        <time>2014-07-26T22:14:30.218000Z</time>
      </trkpt>
      <trkpt lat="38.91281" lon="111.85545">
        <ele>1429.8745</ele>
        <time>2014-07-26T22:14:33.262000Z</time>
      </trkpt>
      <trkpt lat="38.91275" lon="111.85559">
        <ele>1429.4945</ele>
        <time>2014-07-26T22:14:36.306000Z</time>
      </trkpt>
      <trkpt lat="38.91271" lon="111.855705">
        <ele>1429.4738</ele>
        <time>2014-07-26T22:14:39.350000Z</time>
      </trkpt>
      <trkpt lat="38.91266" lon="111.85581">
        <ele>1429.6049</ele>
        <time>2014-07-26T22:14:42.394000Z</time>
      </trkpt>
      <trkpt lat="38.912594" lon="111.85594">
        <ele>1429.6497</ele>
        <time>2014-07-26T22:14:45.438000Z</time>
      </trkpt>
      <trkpt lat="38.912544" lon="111.85605">
        <ele>1429.3126</ele>
        <time>2014-07-26T22:14:48.482000Z</time>
      </trkpt>
      <trkpt lat="38.91249" lon="111.85617">
        <ele>1428.7</ele>
        <time>2014-07-26T22:14:51.526000Z</time>
      </trkpt>
      <trkpt lat="38.91245" lon="111.856285">
        <ele>1428.6858</ele>
        <time>2014-07-26T22:14:54.570000Z</time>
      </trkpt>
      <trkpt lat="38.9124" lon="111.85639">
        <ele>1429.7477</ele>
        <time>2014-07-26T22:14:57.614000Z</time>
      </trkpt>
      <trkpt lat="38.91235" lon="111.856514">
        <ele>1431.2933</ele>
        <time>2014-07-26T22:15:00.658000Z</time>
      </trkpt>
      <trkpt lat="38.912304" lon="111.85663">
        <ele>1432.6667</ele>
        <time>2014-07-26T22:15:03.702000Z</time>
      </trkpt>
      <trkpt lat="38.91225" lon="111.85674">
        <ele>1433.6562</ele>
        <time>2014-07-26T22:15:06.746000Z</time>
      </trkpt>
      <trkpt lat="38.912212" lon="111.85686">
        <ele>1433.9135</ele>
        <time>2014-07-26T22:15:09.790000Z</time>
      </trkpt>
      <trkpt lat="38.912167" lon="111.85698">
        <ele>1433.4366</ele>
        <time>2014-07-26T22:15:12.834000Z</time>
      </trkpt>
      <trkpt lat="38.912117" lon="111.85708">
        <ele>1432.8856</ele>
        <time>2014-07-26T22:15:15.878000Z</time>
      </trkpt>
      <trkpt lat="38.912067" lon="111.857185">
        <ele>1432.7748</ele>
        <time>2014-07-26T22:15:18.922000Z</time>
      </trkpt>
      <trkpt lat="38.912014" lon="111.85731">
        <ele>1432.768</ele>
        <time>2014-07-26T22:15:21.966000Z</time>
      </trkpt>
      <trkpt lat="38.911972" lon="111.85743">
        <ele>1432.3961</ele>
        <time>2014-07-26T22:15:25.010000Z</time>
      </trkpt>
      <trkpt lat="38.911926" lon="111.85755">
        <ele>1431.7161</ele>
        <time>2014-07-26T22:15:28.054000Z</time>
      </trkpt>
      <trkpt lat="38.911873" lon="111.85767">
        <ele>1431.0804</ele>
        <time>2014-07-26T22:15:31.098000Z</time>
      </trkpt>
      <trkpt lat="38.911823" lon="111.85778">
        <ele>1430.716</ele>
        <time>2014-07-26T22:15:34.142000Z</time>
      </trkpt>
      <trkpt lat="38.911777" lon="111.857895">
        <ele>1430.4343</ele>
        <time>2014-07-26T22:15:37.186000Z</time>
      </trkpt>
      <trkpt lat="38.91173" lon="111.85802">
        <ele>1429.9768</ele>
        <time>2014-07-26T22:15:40.230000Z</time>
      </trkpt>
      <trkpt lat="38.911663" lon="111.85813">
        <ele>1429.612</ele>
        <time>2014-07-26T22:15:43.274000Z</time>
      </trkpt>
      <trkpt lat="38.911617" lon="111.85826">
        <ele>1429.6307</ele>
        <time>2014-07-26T22:15:46.318000Z</time>
      </trkpt>
      <trkpt lat="38.911575" lon="111.85836">
        <ele>1429.8364</ele>
        <time>2014-07-26T22:15:49.362000Z</time>
      </trkpt>
      <trkpt lat="38.911526" lon="111.85848">
        <ele>1430.0365</ele>
        <time>2014-07-26T22:15:52.406000Z</time>
      </trkpt>
      <trkpt lat="38.91147" lon="111.858604">
        <ele>1430.2875</ele>
        <time>2014-07-26T22:15:55.450000Z</time>
      </trkpt>
      <trkpt lat="38.911415" lon="111.85873">
        <ele>1430.7854</ele>
        <time>2014-07-26T22:15:58.494000Z</time>
      </trkpt>
      <trkpt lat="38.91136" lon="111.85885">
        <ele>1431.7612</ele>
        <time>2014-07-26T22:16:01.538000Z</time>
      </trkpt>
      <trkpt lat="38.91131" lon="111.85898">
        <ele>1433.0051</ele>
        <time>2014-07-26T22:16:04.582000Z</time>
      </trkpt>
      <trkpt lat="38.91126" lon="111.85909">
        <ele>1434.3147</ele>
        <time>2014-07-26T22:16:07.626000Z</time>
      </trkpt>
      <trkpt lat="38.91121" lon="111.8592">
        <ele>1435.696</ele>
        <time>2014-07-26T22:16:10.670000Z</time>
      </trkpt>
      <trkpt lat="38.91116" lon="111.859314">
        <ele>1436.7616</ele>
        <time>2014-07-26T22:16:13.714000Z</time>
      </trkpt>
      <trkpt lat="38.911102" lon="111.859436">
        <ele>1437.0085</ele>
        <time>2014-07-26T22:16:16.758000Z</time>
      </trkpt>
      <trkpt lat="38.911057" lon="111.85955">
        <ele>1436.5557</ele>
        <time>2014-07-26T22:16:19.802000Z</time>
      </trkpt>
      <trkpt lat="38.91101" lon="111.85965">
        <ele>1435.901</ele>
        <time>2014-07-26T22:16:22.846000Z</time>
      </trkpt>
      <trkpt lat="38.91096" lon="111.85977">
        <ele>1435.5836</ele>
        <time>2014-07-26T22:16:25.890000Z</time>
      </trkpt>
      <trkpt lat="38.910908" lon="111.85989">
        <ele>1435.8727</ele>
        <time>2014-07-26T22:16:28.934000Z</time>
      </trkpt>
      <trkpt lat="38.910866" lon="111.860016">
        <ele>1436.5446</ele>
        <time>2014-07-26T22:16:31.978000Z</time>
      </trkpt>
      <trkpt lat="38.910816" lon="111.86014">
        <ele>1437.1016</ele>
        <time>2014-07-26T22:16:35.022000Z</time>
      </trkpt>
      <trkpt lat="38.910755" lon="111.86027">
        <ele>1437.5303</ele>
        <time>2014-07-26T22:16:38.066000Z</time>
      </trkpt>
      <trkpt lat="38.910698" lon="111.860374">
        <ele>1438.0927</ele>
        <time>2014-07-26T22:16:41.110000Z</time>
      </trkpt>
      <trkpt lat="38.910633" lon="111.86047">
        <ele>1438.8794</ele>
        <time>2014-07-26T22:16:44.154000Z</time>
      </trkpt>
      <trkpt lat="38.910572" lon="111.8606">
        <ele>1439.7749</ele>
        <time>2014-07-26T22:16:47.198000Z</time>
      </trkpt>
      <trkpt lat="38.91053" lon="111.86073">
        <ele>1440.4421</ele>
        <time>2014-07-26T22:16:50.242000Z</time>
      </trkpt>
      <trkpt lat="38.91048" lon="111.86086">
        <ele>1440.614</ele>
        <time>2014-07-26T22:16:53.286000Z</time>
      </trkpt>
      <trkpt lat="38.910435" lon="111.861">
        <ele>1440.2823</ele>
        <time>2014-07-26T22:16:56.330000Z</time>
      </trkpt>
      <trkpt lat="38.910378" lon="111.86114">
        <ele>1439.6498</ele>
        <time>2014-07-26T22:16:59.374000Z</time>
      </trkpt>
      <trkpt lat="38.910324" lon="111.86125">
        <ele>1439.1254</ele>
        <time>2014-07-26T22:17:02.418000Z</time>
      </trkpt>
      <trkpt lat="38.91027" lon="111.861374">
        <ele>1439.4708</ele>
        <time>2014-07-26T22:17:05.462000Z</time>
      </trkpt>
      <trkpt lat="38.910213" lon="111.86149">
        <ele>1440.9164</ele>
        <time>2014-07-26T22:17:08.506000Z</time>
      </trkpt>
      <trkpt lat="38.91015" lon="111.86161">
        <ele>1442.4591</ele>
        <time>2014-07-26T22:17:11.550000Z</time>
      </trkpt>
      <trkpt lat="38.91009" lon="111.86171">
        <ele>1442.872</ele>
        <time>2014-07-26T22:17:14.594000Z</time>
      </trkpt>
      <trkpt lat="38.910023" lon="111.86183">
        <ele>1441.9486</ele>
        <time>2014-07-26T22:17:17.638000Z</time>
      </trkpt>
      <trkpt lat="38.90997" lon="111.86193">
        <ele>1440.4667</ele>
        <time>2014-07-26T22:17:20.682000Z</time>
      </trkpt>
      <trkpt lat="38.90992" lon="111.86205">
        <ele>1439.5668</ele>
        <time>2014-07-26T22:17:23.726000Z</time>
      </trkpt>
      <trkpt lat="38.909863" lon="111.86217">
        <ele>1440.0618</ele>
        <time>2014-07-26T22:17:26.770000Z</time>
      </trkpt>
      <trkpt lat="38.909805" lon="111.86228">
        <ele>1441.7452</ele>
        <time>2014-07-26T22:17:29.814000Z</time>
      </trkpt>
      <trkpt lat="38.909748" lon="111.86238">
        <ele>1442.9824</ele>
        <time>2014-07-26T22:17:32.858000Z</time>
      </trkpt>
      <trkpt lat="38.909687" lon="111.8625">
        <ele>1442.5477</ele>
        <time>2014-07-26T22:17:35.902000Z</time>
      </trkpt>
      <trkpt lat="38.909622" lon="111.862625">
        <ele>1441.0096</ele>
        <time>2014-07-26T22:17:38.946000Z</time>
      </trkpt>
      <trkpt lat="38.909554" lon="111.86275">
        <ele>1439.464</ele>
        <time>2014-07-26T22:17:41.990000Z</time>
      </trkpt>
      <trkpt lat="38.909496" lon="111.862854">
        <ele>1438.5397</ele>
        <time>2014-07-26T22:17:45.034000Z</time>
      </trkpt>
      <trkpt lat="38.909435" lon="111.86297">
        <ele>1438.612</ele>
        <time>2014-07-26T22:17:48.078000Z</time>
      </trkpt>
      <trkpt lat="38.90939" lon="111.863075">
        <ele>1439.6478</ele>
        <time>2014-07-26T22:17:51.122000Z</time>
      </trkpt>
      <trkpt lat="38.90933" lon="111.86318">
        <ele>1440.9542</ele>
        <time>2014-07-26T22:17:54.166000Z</time>
      </trkpt>
      <trkpt lat="38.90927" lon="111.86329">
        <ele>1441.788</ele>
        <time>2014-07-26T22:17:57.210000Z</time>
      </trkpt>
      <trkpt lat="38.909206" lon="111.86342">
        <ele>1442.3682</ele>
        <time>2014-07-26T22:18:00.254000Z</time>
      </trkpt>
      <trkpt lat="38.90915" lon="111.86352">
        <ele>1443.1697</ele>
        <time>2014-07-26T22:18:03.298000Z</time>
      </trkpt>
      <trkpt lat="38.909092" lon="111.86365">
        <ele>1443.9326</ele>
        <time>2014-07-26T22:18:06.342000Z</time>
      </trkpt>
      <trkpt lat="38.90904" lon="111.86377">
        <ele>1444.3428</ele>
        <time>2014-07-26T22:18:09.386000Z</time>
      </trkpt>
      <trkpt lat="38.90898" lon="111.86388">
        <ele>1444.4111</ele>
        <time>2014-07-26T22:18:12.430000Z</time>
      </trkpt>
      <trkpt lat="38.908936" lon="111.86398">
        <ele>1444.1462</ele>
        <time>2014-07-26T22:18:15.474000Z</time>
      </trkpt>
      <trkpt lat="38.908867" lon="111.864105">
        <ele>1443.7848</ele>
        <time>2014-07-26T22:18:18.518000Z</time>
      </trkpt>
      <trkpt lat="38.908806" lon="111.86422">
        <ele>1443.6049</ele>
        <time>2014-07-26T22:18:21.562000Z</time>
      </trkpt>
      <trkpt lat="38.908737" lon="111.86434">
        <ele>1443.6337</ele>
        <time>2014-07-26T22:18:24.606000Z</time>
      </trkpt>
      <trkpt lat="38.908684" lon="111.86446">
        <ele>1443.9292</ele>
        <time>2014-07-26T22:18:27.650000Z</time>
      </trkpt>
      <trkpt lat="38.908634" lon="111.86456">
        <ele>1444.727</ele>
        <time>2014-07-26T22:18:30.694000Z</time>
      </trkpt>
      <trkpt lat="38.90861" lon="111.8647">
        <ele>1446.0627</ele>
        <time>2014-07-26T22:18:33.738000Z</time>
      </trkpt>
      <trkpt lat="38.908615" lon="111.86484">
        <ele>1447.4082</ele>
        <time>2014-07-26T22:18:36.782000Z</time>
      </trkpt>
      <trkpt lat="38.908665" lon="111.86496">
        <ele>1448.2762</ele>
        <time>2014-07-26T22:18:39.826000Z</time>
      </trkpt>
      <trkpt lat="38.908672" lon="111.865105">
        <ele>1448.6936</ele>
        <time>2014-07-26T22:18:42.870000Z</time>
      </trkpt>
      <trkpt lat="38.908676" lon="111.86523">
        <ele>1448.2678</ele>
        <time>2014-07-26T22:18:45.914000Z</time>
      </trkpt>
      <trkpt lat="38.908703" lon="111.86535">
        <ele>1446.7686</ele>
        <time>2014-07-26T22:18:48.958000Z</time>
      </trkpt>
      <trkpt lat="38.908813" lon="111.86535">
        <ele>1445.4229</ele>
        <time>2014-07-26T22:18:52.002000Z</time>
      </trkpt>
      <trkpt lat="38.90887" lon="111.86524">
        <ele>1445.4368</ele>
        <time>2014-07-26T22:18:55.046000Z</time>
      </trkpt>
      <trkpt lat="38.908936" lon="111.86511">
        <ele>1446.3739</ele>
        <time>2014-07-26T22:18:58.090000Z</time>
      </trkpt>
      <trkpt lat="38.909004" lon="111.865">
        <ele>1447.2422</ele>
        <time>2014-07-26T22:19:01.134000Z</time>
      </trkpt>
      <trkpt lat="38.909058" lon="111.864876">
        <ele>1447.4607</ele>
        <time>2014-07-26T22:19:04.178000Z</time>
      </trkpt>
      <trkpt lat="38.909126" lon="111.864746">
        <ele>1447.2737</ele>
        <time>2014-07-26T22:19:07.222000Z</time>
      </trkpt>
      <trkpt lat="38.909195" lon="111.86464">
        <ele>1447.2864</ele>
        <time>2014-07-26T22:19:10.266000Z</time>
      </trkpt>
      <trkpt lat="38.909252" lon="111.86453">
        <ele>1447.6808</ele>
        <time>2014-07-26T22:19:13.310000Z</time>
      </trkpt>
      <trkpt lat="38.909313" lon="111.86444">
        <ele>1448.2054</ele>
        <time>2014-07-26T22:19:16.354000Z</time>
      </trkpt>
      <trkpt lat="38.90938" lon="111.864334">
        <ele>1448.5366</ele>
        <time>2014-07-26T22:19:19.398000Z</time>
      </trkpt>
      <trkpt lat="38.909462" lon="111.86421">
        <ele>1448.4954</ele>
        <time>2014-07-26T22:19:22.442000Z</time>
      </trkpt>
      <trkpt lat="38.909534" lon="111.8641">
        <ele>1448.294</ele>
        <time>2014-07-26T22:19:25.486000Z</time>
      </trkpt>
      <trkpt lat="38.909603" lon="111.864006">
        <ele>1448.0942</ele>
        <time>2014-07-26T22:19:28.530000Z</time>
      </trkpt>
      <trkpt lat="38.90967" lon="111.86389">
        <ele>1447.7073</ele>
        <time>2014-07-26T22:19:31.574000Z</time>
      </trkpt>
      <trkpt lat="38.90973" lon="111.86379">
        <ele>1447.2573</ele>
        <time>2014-07-26T22:19:34.618000Z</time>
      </trkpt>
      <trkpt lat="38.90979" lon="111.86366">
        <ele>1447.0022</ele>
        <time>2014-07-26T22:19:37.662000Z</time>
      </trkpt>
      <trkpt lat="38.90984" lon="111.86356">
        <ele>1447.0492</ele>
        <time>2014-07-26T22:19:40.706000Z</time>
      </trkpt>
      <trkpt lat="38.909912" lon="111.86344">
        <ele>1446.944</ele>
        <time>2014-07-26T22:19:43.750000Z</time>
      </trkpt>
      <trkpt lat="38.90997" lon="111.86332">
        <ele>1446.652</ele>
        <time>2014-07-26T22:19:46.794000Z</time>
      </trkpt>
      <trkpt lat="38.910034" lon="111.86321">
        <ele>1446.3057</ele>
        <time>2014-07-26T22:19:49.838000Z</time>
      </trkpt>
      <trkpt lat="38.910095" lon="111.863075">
        <ele>1445.5806</ele>
        <time>2014-07-26T22:19:52.882000Z</time>
      </trkpt>
      <trkpt lat="38.910168" lon="111.86295">
        <ele>1444.5552</ele>
        <time>2014-07-26T22:19:55.926000Z</time>
      </trkpt>
      <trkpt lat="38.910236" lon="111.86282">
        <ele>1443.9377</ele>
        <time>2014-07-26T22:19:58.970000Z</time>
      </trkpt>
      <trkpt lat="38.910294" lon="111.86269">
        <ele>1443.6451</ele>
        <time>2014-07-26T22:20:02.014000Z</time>
      </trkpt>
      <trkpt lat="38.91034" lon="111.86256">
        <ele>1443.3407</ele>
        <time>2014-07-26T22:20:05.058000Z</time>
      </trkpt>
      <trkpt lat="38.910397" lon="111.86243">
        <ele>1442.636</ele>
        <time>2014-07-26T22:20:08.102000Z</time>
      </trkpt>
      <trkpt lat="38.910442" lon="111.86231">
        <ele>1441.5806</ele>
        <time>2014-07-26T22:20:11.146000Z</time>
      </trkpt>
      <trkpt lat="38.910496" lon="111.86219">
        <ele>1440.9385</ele>
        <time>2014-07-26T22:20:14.190000Z</time>
      </trkpt>
      <trkpt lat="38.910557" lon="111.86205">
        <ele>1441.14</ele>
        <time>2014-07-26T22:20:17.234000Z</time>
      </trkpt>
      <trkpt lat="38.910606" lon="111.86194">
        <ele>1441.6816</ele>
        <time>2014-07-26T22:20:20.278000Z</time>
      </trkpt>
      <trkpt lat="38.910656" lon="111.86183">
        <ele>1442.2098</ele>
        <time>2014-07-26T22:20:23.322000Z</time>
      </trkpt>
      <trkpt lat="38.910713" lon="111.86171">
        <ele>1442.8506</ele>
        <time>2014-07-26T22:20:26.366000Z</time>
      </trkpt>
      <trkpt lat="38.910778" lon="111.86158">
        <ele>1443.4845</ele>
        <time>2014-07-26T22:20:29.410000Z</time>
      </trkpt>
      <trkpt lat="38.910824" lon="111.86145">
        <ele>1443.6163</ele>
        <time>2014-07-26T22:20:32.454000Z</time>
      </trkpt>
      <trkpt lat="38.91089" lon="111.86133">
        <ele>1442.847</ele>
        <time>2014-07-26T22:20:35.498000Z</time>
      </trkpt>
      <trkpt lat="38.91094" lon="111.86121">
        <ele>1441.5139</ele>
        <time>2014-07-26T22:20:38.542000Z</time>
      </trkpt>
      <trkpt lat="38.910988" lon="111.8611">
        <ele>1440.4675</ele>
        <time>2014-07-26T22:20:41.586000Z</time>
      </trkpt>
      <trkpt lat="38.91105" lon="111.86098">
        <ele>1440.0424</ele>
        <time>2014-07-26T22:20:44.630000Z</time>
      </trkpt>
      <trkpt lat="38.911102" lon="111.86084">
        <ele>1440.1914</ele>
        <time>2014-07-26T22:20:47.674000Z</time>
      </trkpt>
      <trkpt lat="38.91116" lon="111.86072">
        <ele>1440.8137</ele>
        <time>2014-07-26T22:20:50.718000Z</time>
      </trkpt>
      <trkpt lat="38.911213" lon="111.86058">
        <ele>1441.497</ele>
        <time>2014-07-26T22:20:53.762000Z</time>
      </trkpt>
      <trkpt lat="38.91125" lon="111.860466">
        <ele>1441.6246</ele>
        <time>2014-07-26T22:20:56.806000Z</time>
      </trkpt>
      <trkpt lat="38.91131" lon="111.86035">
        <ele>1441.0863</ele>
        <time>2014-07-26T22:20:59.850000Z</time>
      </trkpt>
      <trkpt lat="38.911373" lon="111.86022">
        <ele>1441.0635</ele>
        <time>2014-07-26T22:21:02.894000Z</time>
      </trkpt>
      <trkpt lat="38.911423" lon="111.8601">
        <ele>1442.4146</ele>
        <time>2014-07-26T22:21:05.938000Z</time>
      </trkpt>
      <trkpt lat="38.91147" lon="111.859985">
        <ele>1443.8474</ele>
        <time>2014-07-26T22:21:08.982000Z</time>
      </trkpt>
      <trkpt lat="38.911514" lon="111.85987">
        <ele>1443.9562</ele>
        <time>2014-07-26T22:21:12.026000Z</time>
      </trkpt>
      <trkpt lat="38.911568" lon="111.85976">
        <ele>1443.0538</ele>
        <time>2014-07-26T22:21:15.070000Z</time>
      </trkpt>
      <trkpt lat="38.91163" lon="111.85963">
        <ele>1442.0466</ele>
        <time>2014-07-26T22:21:18.114000Z</time>
      </trkpt>
      <trkpt lat="38.911686" lon="111.85952">
        <ele>1441.5227</ele>
        <time>2014-07-26T22:21:21.158000Z</time>
      </trkpt>
      <trkpt lat="38.911743" lon="111.8594">
        <ele>1441.8486</ele>
        <time>2014-07-26T22:21:24.202000Z</time>
      </trkpt>
      <trkpt lat="38.911797" lon="111.85926">
        <ele>1442.5728</ele>
        <time>2014-07-26T22:21:27.246000Z</time>
      </trkpt>
      <trkpt lat="38.91185" lon="111.859146">
        <ele>1442.4607</ele>
        <time>2014-07-26T22:21:30.290000Z</time>
      </trkpt>
      <trkpt lat="38.911907" lon="111.859024">
        <ele>1441.2743</ele>
        <time>2014-07-26T22:21:33.334000Z</time>
      </trkpt>
      <trkpt lat="38.91197" lon="111.858894">
        <ele>1440.0583</ele>
        <time>2014-07-26T22:21:36.378000Z</time>
      </trkpt>
      <trkpt lat="38.912018" lon="111.85877">
        <ele>1439.4528</ele>
        <time>2014-07-26T22:21:39.422000Z</time>
      </trkpt>
      <trkpt lat="38.912075" lon="111.85864">
        <ele>1439.4388</ele>
        <time>2014-07-26T22:21:42.466000Z</time>
      </trkpt>
      <trkpt lat="38.91214" lon="111.858536">
        <ele>1439.7046</ele>
        <time>2014-07-26T22:21:45.510000Z</time>
      </trkpt>
      <trkpt lat="38.9122" lon="111.8584">
        <ele>1439.8689</ele>
        <time>2014-07-26T22:21:48.554000Z</time>
      </trkpt>
      <trkpt lat="38.91226" lon="111.858284">
        <ele>1439.7242</ele>
        <time>2014-07-26T22:21:51.598000Z</time>
      </trkpt>
      <trkpt lat="38.91231" lon="111.85817">
        <ele>1439.347</ele>
        <time>2014-07-26T22:21:54.642000Z</time>
      </trkpt>
      <trkpt lat="38.912373" lon="111.85805">
        <ele>1438.9849</ele>
        <time>2014-07-26T22:21:57.686000Z</time>
      </trkpt>
      <trkpt lat="38.91244" lon="111.857925">
        <ele>1438.4343</ele>
        <time>2014-07-26T22:22:00.730000Z</time>
      </trkpt>
      <trkpt lat="38.912506" lon="111.85778">
        <ele>1437.409</ele>
        <time>2014-07-26T22:22:03.774000Z</time>
      </trkpt>
      <trkpt lat="38.912556" lon="111.85764">
        <ele>1436.4092</ele>
        <time>2014-07-26T22:22:06.818000Z</time>
      </trkpt>
      <trkpt lat="38.912613" lon="111.857506">
        <ele>1436.173</ele>
        <time>2014-07-26T22:22:09.862000Z</time>
      </trkpt>
      <trkpt lat="38.912663" lon="111.85741">
        <ele>1436.5076</ele>
        <time>2014-07-26T22:22:12.906000Z</time>
      </trkpt>
      <trkpt lat="38.912704" lon="111.8573">
        <ele>1436.891</ele>
        <time>2014-07-26T22:22:15.950000Z</time>
      </trkpt>
      <trkpt lat="38.912758" lon="111.85718">
        <ele>1437.3303</ele>
        <time>2014-07-26T22:22:18.994000Z</time>
      </trkpt>
      <trkpt lat="38.912827" lon="111.857056">
        <ele>1437.8998</ele>
        <time>2014-07-26T22:22:22.038000Z</time>
      </trkpt>
      <trkpt lat="38.91291" lon="111.856926">
        <ele>1438.0415</ele>
        <time>2014-07-26T22:22:25.082000Z</time>
      </trkpt>
      <trkpt lat="38.912968" lon="111.85683">
        <ele>1437.5253</ele>
        <time>2014-07-26T22:22:28.126000Z</time>
      </trkpt>
      <trkpt lat="38.913044" lon="111.8567">
        <ele>1436.848</ele>
        <time>2014-07-26T22:22:31.170000Z</time>
      </trkpt>
      <trkpt lat="38.9131" lon="111.8566">
        <ele>1436.5742</ele>
        <time>2014-07-26T22:22:34.214000Z</time>
      </trkpt>
      <trkpt lat="38.91317" lon="111.85648">
        <ele>1436.945</ele>
        <time>2014-07-26T22:22:37.258000Z</time>
      </trkpt>
      <trkpt lat="38.913246" lon="111.85636">
        <ele>1437.85</ele>
        <time>2014-07-26T22:22:40.302000Z</time>
      </trkpt>
      <trkpt lat="38.913315" lon="111.85625">
        <ele>1438.7421</ele>
        <time>2014-07-26T22:22:43.346000Z</time>
      </trkpt>
      <trkpt lat="38.913387" lon="111.85612">
        <ele>1438.8969</ele>
        <time>2014-07-26T22:22:46.390000Z</time>
      </trkpt>
      <trkpt lat="38.913433" lon="111.85598">
        <ele>1438.1833</ele>
        <time>2014-07-26T22:22:49.434000Z</time>
      </trkpt>
      <trkpt lat="38.913494" lon="111.85586">
        <ele>1437.1774</ele>
        <time>2014-07-26T22:22:52.478000Z</time>
      </trkpt>
      <trkpt lat="38.91352" lon="111.85573">
        <ele>1436.3713</ele>
        <time>2014-07-26T22:22:55.522000Z</time>
      </trkpt>
      <trkpt lat="38.913506" lon="111.855606">
        <ele>1435.601</ele>
        <time>2014-07-26T22:22:58.566000Z</time>
      </trkpt>
      <trkpt lat="38.91347" lon="111.85548">
        <ele>1434.7275</ele>
        <time>2014-07-26T22:23:01.610000Z</time>
      </trkpt>
      <trkpt lat="38.913456" lon="111.85534">
        <ele>1434.0045</ele>
        <time>2014-07-26T22:23:04.654000Z</time>
      </trkpt>
      <trkpt lat="38.913437" lon="111.85521">
        <ele>1433.3917</ele>
        <time>2014-07-26T22:23:07.698000Z</time>
      </trkpt>
      <trkpt lat="38.91342" lon="111.85509">
        <ele>1432.6079</ele>
        <time>2014-07-26T22:23:10.742000Z</time>
      </trkpt>
      <trkpt lat="38.9134" lon="111.85496">
        <ele>1432.0479</ele>
        <time>2014-07-26T22:23:13.786000Z</time>
      </trkpt>
      <trkpt lat="38.91339" lon="111.85482">
        <ele>1432.1995</ele>
        <time>2014-07-26T22:23:16.830000Z</time>
      </trkpt>
      <trkpt lat="38.913425" lon="111.85467">
        <ele>1433.0002</ele>
        <time>2014-07-26T22:23:19.874000Z</time>
      </trkpt>
      <trkpt lat="38.913452" lon="111.85451">
        <ele>1434.0226</ele>
        <time>2014-07-26T22:23:22.918000Z</time>
      </trkpt>
      <trkpt lat="38.913506" lon="111.85435">
        <ele>1434.5055</ele>
        <time>2014-07-26T22:23:25.962000Z</time>
      </trkpt>
      <trkpt lat="38.913563" lon="111.85421">
        <ele>1434.1216</ele>
        <time>2014-07-26T22:23:29.006000Z</time>
      </trkpt>
      <trkpt lat="38.913628" lon="111.85409">
        <ele>1433.4594</ele>
        <time>2014-07-26T22:23:32.050000Z</time>
      </trkpt>
      <trkpt lat="38.913685" lon="111.85396">
        <ele>1433.2128</ele>
        <time>2014-07-26T22:23:35.094000Z</time>
      </trkpt>
      <trkpt lat="38.913734" lon="111.85384">
        <ele>1433.4889</ele>
        <time>2014-07-26T22:23:38.138000Z</time>
      </trkpt>
      <trkpt lat="38.913795" lon="111.85372">
        <ele>1434.113</ele>
        <time>2014-07-26T22:23:41.182000Z</time>
      </trkpt>
      <trkpt lat="38.91386" lon="111.85357">
        <ele>1434.8342</ele>
        <time>2014-07-26T22:23:44.226000Z</time>
      </trkpt>
      <trkpt lat="38.91391" lon="111.85345">
        <ele>1435.1737</ele>
        <time>2014-07-26T22:23:47.270000Z</time>
      </trkpt>
      <trkpt lat="38.913975" lon="111.85332">
        <ele>1434.7517</ele>
        <time>2014-07-26T22:23:50.314000Z</time>
      </trkpt>
      <trkpt lat="38.914024" lon="111.85322">
        <ele>1433.877</ele>
        <time>2014-07-26T22:23:53.358000Z</time>
      </trkpt>
      <trkpt lat="38.91408" lon="111.853096">
        <ele>1432.6959</ele>
        <time>2014-07-26T22:23:56.402000Z</time>
      </trkpt>
      <trkpt lat="38.91413" lon="111.85298">
        <ele>1431.1923</ele>
        <time>2014-07-26T22:23:59.446000Z</time>
      </trkpt>
      <trkpt lat="38.91418" lon="111.85285">
        <ele>1429.951</ele>
        <time>2014-07-26T22:24:02.490000Z</time>
      </trkpt>
      <trkpt lat="38.914238" lon="111.85272">
        <ele>1429.3369</ele>
        <time>2014-07-26T22:24:05.534000Z</time>
      </trkpt>
      <trkpt lat="38.914288" lon="111.8526">
        <ele>1429.0188</ele>
        <time>2014-07-26T22:24:08.578000Z</time>
      </trkpt>
      <trkpt lat="38.91435" lon="111.85246">
        <ele>1428.6572</ele>
        <time>2014-07-26T22:24:11.622000Z</time>
      </trkpt>
      <trkpt lat="38.914406" lon="111.852325">
        <ele>1428.1473</ele>
        <time>2014-07-26T22:24:14.666000Z</time>
      </trkpt>
      <trkpt lat="38.91445" lon="111.85219">
        <ele>1427.7333</ele>
        <time>2014-07-26T22:24:17.710000Z</time>
      </trkpt>
      <trkpt lat="38.914505" lon="111.85207">
        <ele>1427.7501</ele>
        <time>2014-07-26T22:24:20.754000Z</time>
      </trkpt>
      <trkpt lat="38.91456" lon="111.85196">
        <ele>1428.0134</ele>
        <time>2014-07-26T22:24:23.798000Z</time>
      </trkpt>
      <trkpt lat="38.914604" lon="111.85183">
        <ele>1428.2227</ele>
        <time>2014-07-26T22:24:26.842000Z</time>
      </trkpt>
      <trkpt lat="38.91466" lon="111.85171">
        <ele>1428.7098</ele>
        <time>2014-07-26T22:24:29.886000Z</time>
      </trkpt>
      <trkpt lat="38.914722" lon="111.851585">
        <ele>1429.89</ele>
        <time>2014-07-26T22:24:32.930000Z</time>
      </trkpt>
      <trkpt lat="38.914772" lon="111.851456">
        <ele>1431.296</ele>
        <time>2014-07-26T22:24:35.974000Z</time>
      </trkpt>
      <trkpt lat="38.91483" lon="111.85132">
        <ele>1432.2035</ele>
        <time>2014-07-26T22:24:39.018000Z</time>
      </trkpt>
      <trkpt lat="38.91488" lon="111.85119">
        <ele>1432.3824</ele>
        <time>2014-07-26T22:24:42.062000Z</time>
      </trkpt>
      <trkpt lat="38.91494" lon="111.85107">
        <ele>1432.2024</ele>
        <time>2014-07-26T22:24:45.106000Z</time>
      </trkpt>
      <trkpt lat="38.91499" lon="111.85092">
        <ele>1432.0511</ele>
        <time>2014-07-26T22:24:48.150000Z</time>
      </trkpt>
      <trkpt lat="38.915047" lon="111.85079">
        <ele>1431.9175</ele>
        <time>2014-07-26T22:24:51.194000Z</time>
      </trkpt>
      <trkpt lat="38.9151" lon="111.85067">
        <ele>1431.3907</ele>
        <time>2014-07-26T22:24:54.238000Z</time>
      </trkpt>
      <trkpt lat="38.91516" lon="111.85055">
        <ele>1430.3636</ele>
        <time>2014-07-26T22:24:57.282000Z</time>
      </trkpt>
      <trkpt lat="38.915215" lon="111.85043">
        <ele>1429.2078</ele>
        <time>2014-07-26T22:25:00.326000Z</time>
      </trkpt>
      <trkpt lat="38.91527" lon="111.85032">
        <ele>1428.3802</ele>
        <time>2014-07-26T22:25:03.370000Z</time>
      </trkpt>
      <trkpt lat="38.915318" lon="111.850174">
        <ele>1427.9735</ele>
        <time>2014-07-26T22:25:06.414000Z</time>
      </trkpt>
      <trkpt lat="38.915375" lon="111.850044">
        <ele>1427.9126</ele>
        <time>2014-07-26T22:25:09.458000Z</time>
      </trkpt>
      <trkpt lat="38.91543" lon="111.84993">
        <ele>1428.2178</ele>
        <time>2014-07-26T22:25:12.502000Z</time>
      </trkpt>
      <trkpt lat="38.91548" lon="111.84981">
        <ele>1428.865</ele>
        <time>2014-07-26T22:25:15.546000Z</time>
      </trkpt>
      <trkpt lat="38.915527" lon="111.849686">
        <ele>1429.6017</ele>
        <time>2014-07-26T22:25:18.590000Z</time>
      </trkpt>
      <trkpt lat="38.91559" lon="111.84956">
        <ele>1429.949</ele>
        <time>2014-07-26T22:25:21.634000Z</time>
      </trkpt>
      <trkpt lat="38.915646" lon="111.84945">
        <ele>1429.7428</ele>
        <time>2014-07-26T22:25:24.678000Z</time>
      </trkpt>
      <trkpt lat="38.9157" lon="111.84932">
        <ele>1429.0547</ele>
        <time>2014-07-26T22:25:27.722000Z</time>
      </trkpt>
      <trkpt lat="38.91576" lon="111.84919">
        <ele>1427.9783</ele>
        <time>2014-07-26T22:25:30.766000Z</time>
      </trkpt>
      <trkpt lat="38.91582" lon="111.84906">
        <ele>1426.8768</ele>
        <time>2014-07-26T22:25:33.810000Z</time>
      </trkpt>
      <trkpt lat="38.915863" lon="111.84895">
        <ele>1426.1753</ele>
        <time>2014-07-26T22:25:36.854000Z</time>
      </trkpt>
      <trkpt lat="38.915924" lon="111.848816">
        <ele>1425.5513</ele>
        <time>2014-07-26T22:25:39.898000Z</time>
      </trkpt>
      <trkpt lat="38.915977" lon="111.8487">
        <ele>1424.7966</ele>
        <time>2014-07-26T22:25:42.942000Z</time>
      </trkpt>
      <trkpt lat="38.916035" lon="111.848564">
        <ele>1424.02</ele>
        <time>2014-07-26T22:25:45.986000Z</time>
      </trkpt>
      <trkpt lat="38.91609" lon="111.848434">
        <ele>1423.2954</ele>
        <time>2014-07-26T22:25:49.030000Z</time>
      </trkpt>
      <trkpt lat="38.91615" lon="111.84829">
        <ele>1422.713</ele>
        <time>2014-07-26T22:25:52.074000Z</time>
      </trkpt>
      <trkpt lat="38.916206" lon="111.848175">
        <ele>1422.5771</ele>
        <time>2014-07-26T22:25:55.118000Z</time>
      </trkpt>
      <trkpt lat="38.91626" lon="111.84805">
        <ele>1423.2439</ele>
        <time>2014-07-26T22:25:58.162000Z</time>
      </trkpt>
      <trkpt lat="38.916306" lon="111.84793">
        <ele>1424.8123</ele>
        <time>2014-07-26T22:26:01.206000Z</time>
      </trkpt>
      <trkpt lat="38.91636" lon="111.84781">
        <ele>1426.6052</ele>
        <time>2014-07-26T22:26:04.250000Z</time>
      </trkpt>
      <trkpt lat="38.9164" lon="111.84768">
        <ele>1427.3397</ele>
        <time>2014-07-26T22:26:07.294000Z</time>
      </trkpt>
      <trkpt lat="38.91645" lon="111.84756">
        <ele>1426.3484</ele>
        <time>2014-07-26T22:26:10.338000Z</time>
      </trkpt>
      <trkpt lat="38.916515" lon="111.84743">
        <ele>1424.4844</ele>
        <time>2014-07-26T22:26:13.382000Z</time>
      </trkpt>
      <trkpt lat="38.916576" lon="111.8473">
        <ele>1423.1399</ele>
        <time>2014-07-26T22:26:16.426000Z</time>
      </trkpt>
      <trkpt lat="38.916634" lon="111.84715">
        <ele>1423.0585</ele>
        <time>2014-07-26T22:26:19.470000Z</time>
      </trkpt>
      <trkpt lat="38.9167" lon="111.847015">
        <ele>1423.6953</ele>
        <time>2014-07-26T22:26:22.514000Z</time>
      </trkpt>
      <trkpt lat="38.91675" lon="111.8469">
        <ele>1423.9792</ele>
        <time>2014-07-26T22:26:25.558000Z</time>
      </trkpt>
      <trkpt lat="38.91679" lon="111.846794">
        <ele>1423.792</ele>
        <time>2014-07-26T22:26:28.602000Z</time>
      </trkpt>
      <trkpt lat="38.916843" lon="111.846664">
        <ele>1423.6244</ele>
        <time>2014-07-26T22:26:31.646000Z</time>
      </trkpt>
      <trkpt lat="38.916897" lon="111.846535">
        <ele>1423.6312</ele>
        <time>2014-07-26T22:26:34.690000Z</time>
      </trkpt>
      <trkpt lat="38.916954" lon="111.8464">
        <ele>1423.7067</ele>
        <time>2014-07-26T22:26:37.734000Z</time>
      </trkpt>
      <trkpt lat="38.91701" lon="111.84626">
        <ele>1423.7346</ele>
        <time>2014-07-26T22:26:40.778000Z</time>
      </trkpt>
      <trkpt lat="38.91706" lon="111.84613">
        <ele>1423.8601</ele>
        <time>2014-07-26T22:26:43.822000Z</time>
      </trkpt>
      <trkpt lat="38.91711" lon="111.846016">
        <ele>1424.1078</ele>
        <time>2014-07-26T22:26:46.866000Z</time>
      </trkpt>
      <trkpt lat="38.917168" lon="111.845894">
        <ele>1424.2778</ele>
        <time>2014-07-26T22:26:49.910000Z</time>
      </trkpt>
      <trkpt lat="38.917236" lon="111.8458">
        <ele>1424.5522</ele>
        <time>2014-07-26T22:26:52.954000Z</time>
      </trkpt>
      <trkpt lat="38.917282" lon="111.84569">
        <ele>1425.1122</ele>
        <time>2014-07-26T22:26:55.998000Z</time>
      </trkpt>
      <trkpt lat="38.917347" lon="111.84554">
        <ele>1425.672</ele>
        <time>2014-07-26T22:26:59.042000Z</time>
      </trkpt>
      <trkpt lat="38.917397" lon="111.84542">
        <ele>1425.7786</ele>
        <time>2014-07-26T22:27:02.086000Z</time>
      </trkpt>
      <trkpt lat="38.917446" lon="111.8453">
        <ele>1425.4528</ele>
        <time>2014-07-26T22:27:05.130000Z</time>
      </trkpt>
      <trkpt lat="38.917492" lon="111.84518">
        <ele>1424.936</ele>
        <time>2014-07-26T22:27:08.174000Z</time>
      </trkpt>
      <trkpt lat="38.917545" lon="111.84505">
        <ele>1424.0814</ele>
        <time>2014-07-26T22:27:11.218000Z</time>
      </trkpt>
      <trkpt lat="38.9176" lon="111.84492">
        <ele>1422.8687</ele>
        <time>2014-07-26T22:27:14.262000Z</time>
      </trkpt>
      <trkpt lat="38.917664" lon="111.84479">
        <ele>1421.9618</ele>
        <time>2014-07-26T22:27:17.306000Z</time>
      </trkpt>
      <trkpt lat="38.917717" lon="111.84466">
        <ele>1421.8534</ele>
        <time>2014-07-26T22:27:20.350000Z</time>
      </trkpt>
      <trkpt lat="38.917755" lon="111.84454">
        <ele>1422.3029</ele>
        <time>2014-07-26T22:27:23.394000Z</time>
      </trkpt>
      <trkpt lat="38.9178" lon="111.84441">
        <ele>1422.7788</ele>
        <time>2014-07-26T22:27:26.438000Z</time>
      </trkpt>
      <trkpt lat="38.91785" lon="111.844284">
        <ele>1422.6005</ele>
        <time>2014-07-26T22:27:29.482000Z</time>
      </trkpt>
      <trkpt lat="38.9179" lon="111.84418">
        <ele>1421.591</ele>
        <time>2014-07-26T22:27:32.526000Z</time>
      </trkpt>
      <trkpt lat="38.917946" lon="111.84407">
        <ele>1420.4944</ele>
        <time>2014-07-26T22:27:35.570000Z</time>
      </trkpt>
      <trkpt lat="38.918007" lon="111.84392">
        <ele>1420.0828</ele>
        <time>2014-07-26T22:27:38.614000Z</time>
      </trkpt>
      <trkpt lat="38.918083" lon="111.84378">
        <ele>1420.3826</ele>
        <time>2014-07-26T22:27:41.658000Z</time>
      </trkpt>
      <trkpt lat="38.918148" lon="111.84366">
        <ele>1421.302</ele>
        <time>2014-07-26T22:27:44.702000Z</time>
      </trkpt>
      <trkpt lat="38.918217" lon="111.84355">
        <ele>1422.7557</ele>
        <time>2014-07-26T22:27:47.746000Z</time>
      </trkpt>
      <trkpt lat="38.918285" lon="111.843414">
        <ele>1424.2461</ele>
        <time>2014-07-26T22:27:50.790000Z</time>
      </trkpt>
      <trkpt lat="38.91833" lon="111.8433">
        <ele>1424.941</ele>
        <time>2014-07-26T22:27:53.834000Z</time>
      </trkpt>
      <trkpt lat="38.91837" lon="111.84316">
        <ele>1424.5997</ele>
        <time>2014-07-26T22:27:56.878000Z</time>
      </trkpt>
      <trkpt lat="38.91836" lon="111.84304">
        <ele>1423.6769</ele>
        <time>2014-07-26T22:27:59.922000Z</time>
      </trkpt>
      <trkpt lat="38.918343" lon="111.8429">
        <ele>1422.8912</ele>
        <time>2014-07-26T22:28:02.966000Z</time>
      </trkpt>
      <trkpt lat="38.918335" lon="111.84279">
        <ele>1422.8784</ele>
        <time>2014-07-26T22:28:06.010000Z</time>
      </trkpt>
      <trkpt lat="38.918327" lon="111.84265">
        <ele>1423.5958</ele>
        <time>2014-07-26T22:28:09.054000Z</time>
      </trkpt>
      <trkpt lat="38.918327" lon="111.8425">
        <ele>1424.2506</ele>
        <time>2014-07-26T22:28:12.098000Z</time>
      </trkpt>
      <trkpt lat="38.91833" lon="111.84235">
        <ele>1424.3812</ele>
        <time>2014-07-26T22:28:15.142000Z</time>
      </trkpt>
      <trkpt lat="38.918335" lon="111.8422">
        <ele>1424.2078</ele>
        <time>2014-07-26T22:28:18.186000Z</time>
      </trkpt>
      <trkpt lat="38.918327" lon="111.84207">
        <ele>1424.405</ele>
        <time>2014-07-26T22:28:21.230000Z</time>
      </trkpt>
      <trkpt lat="38.91832" lon="111.84191">
        <ele>1425.2788</ele>
        <time>2014-07-26T22:28:24.274000Z</time>
      </trkpt>
      <trkpt lat="38.918316" lon="111.841774">
        <ele>1426.5973</ele>
        <time>2014-07-26T22:28:27.318000Z</time>
      </trkpt>
      <trkpt lat="38.91831" lon="111.841644">
        <ele>1428.0977</ele>
        <time>2014-07-26T22:28:30.362000Z</time>
      </trkpt>
      <trkpt lat="38.918312" lon="111.841484">
        <ele>1429.6246</ele>
        <time>2014-07-26T22:28:33.406000Z</time>
      </trkpt>
      <trkpt lat="38.918274" lon="111.84137">
        <ele>1431.2225</ele>
        <time>2014-07-26T22:28:36.450000Z</time>
      </trkpt>
      <trkpt lat="38.91826" lon="111.84121">
        <ele>1433.587</ele>
        <time>2014-07-26T22:28:39.494000Z</time>
      </trkpt>
      <trkpt lat="38.91825" lon="111.84108">
        <ele>1437.4956</ele>
        <time>2014-07-26T22:28:42.538000Z</time>
      </trkpt>
      <trkpt lat="38.91825" lon="111.840935">
        <ele>1442.2275</ele>
        <time>2014-07-26T22:28:45.582000Z</time>
      </trkpt>
      <trkpt lat="38.918243" lon="111.84078">
        <ele>1445.7179</ele>
        <time>2014-07-26T22:28:48.626000Z</time>
      </trkpt>
      <trkpt lat="38.91824" lon="111.84065">
        <ele>1446.933</ele>
        <time>2014-07-26T22:28:51.670000Z</time>
      </trkpt>
      <trkpt lat="38.91824" lon="111.840515">
        <ele>1446.3004</ele>
        <time>2014-07-26T22:28:54.714000Z</time>
      </trkpt>
      <trkpt lat="38.918232" lon="111.84037">
        <ele>1444.3018</ele>
        <time>2014-07-26T22:28:57.758000Z</time>
      </trkpt>
      <trkpt lat="38.91826" lon="111.84021">
        <ele>1441.7701</ele>
        <time>2014-07-26T22:29:00.802000Z</time>
      </trkpt>
      <trkpt lat="38.918293" lon="111.84005">
        <ele>1439.3037</ele>
        <time>2014-07-26T22:29:03.846000Z</time>
      </trkpt>
      <trkpt lat="38.918304" lon="111.83991">
        <ele>1436.5599</ele>
        <time>2014-07-26T22:29:06.890000Z</time>
      </trkpt>
      <trkpt lat="38.918324" lon="111.839775">
        <ele>1433.1512</ele>
        <time>2014-07-26T22:29:09.934000Z</time>
      </trkpt>
      <trkpt lat="38.91834" lon="111.83963">
        <ele>1429.6143</ele>
        <time>2014-07-26T22:29:12.978000Z</time>
      </trkpt>
      <trkpt lat="38.918354" lon="111.8395">
        <ele>1426.9641</ele>
        <time>2014-07-26T22:29:16.022000Z</time>
      </trkpt>
      <trkpt lat="38.91837" lon="111.839355">
        <ele>1425.9954</ele>
        <time>2014-07-26T22:29:19.066000Z</time>
      </trkpt>
      <trkpt lat="38.918365" lon="111.83917">
        <ele>1426.4312</ele>
        <time>2014-07-26T22:29:22.110000Z</time>
      </trkpt>
      <trkpt lat="38.918358" lon="111.83903">
        <ele>1427.4199</ele>
        <time>2014-07-26T22:29:25.154000Z</time>
      </trkpt>
      <trkpt lat="38.91837" lon="111.83888">
        <ele>1428.7499</ele>
        <time>2014-07-26T22:29:28.198000Z</time>
      </trkpt>
      <trkpt lat="38.918358" lon="111.838745">
        <ele>1430.5779</ele>
        <time>2014-07-26T22:29:31.242000Z</time>
      </trkpt>
      <trkpt lat="38.918377" lon="111.83861">
        <ele>1432.512</ele>
        <time>2014-07-26T22:29:34.286000Z</time>
      </trkpt>
      <trkpt lat="38.918385" lon="111.83846">
        <ele>1433.9812</ele>
        <time>2014-07-26T22:29:37.330000Z</time>
      </trkpt>
      <trkpt lat="38.918377" lon="111.83831">
        <ele>1434.0544</ele>
        <time>2014-07-26T22:29:40.374000Z</time>
      </trkpt>
      <trkpt lat="38.918377" lon="111.83817">
        <ele>1431.9489</ele>
        <time>2014-07-26T22:29:43.418000Z</time>
      </trkpt>
      <trkpt lat="38.91837" lon="111.83803">
        <ele>1428.4579</ele>
        <time>2014-07-26T22:29:46.462000Z</time>
      </trkpt>
      <trkpt lat="38.918365" lon="111.83788">
        <ele>1425.3481</ele>
        <time>2014-07-26T22:29:49.506000Z</time>
      </trkpt>
      <trkpt lat="38.91837" lon="111.83773">
        <ele>1423.4974</ele>
        <time>2014-07-26T22:29:52.550000Z</time>
      </trkpt>
      <trkpt lat="38.918373" lon="111.83757">
        <ele>1422.2501</ele>
        <time>2014-07-26T22:29:55.594000Z</time>
      </trkpt>
      <trkpt lat="38.918365" lon="111.837425">
        <ele>1420.8878</ele>
        <time>2014-07-26T22:29:58.638000Z</time>
      </trkpt>
      <trkpt lat="38.918365" lon="111.837265">
        <ele>1419.9983</ele>
        <time>2014-07-26T22:30:01.682000Z</time>
      </trkpt>
      <trkpt lat="38.918358" lon="111.83711">
        <ele>1420.3811</ele>
        <time>2014-07-26T22:30:04.726000Z</time>
      </trkpt>
      <trkpt lat="38.918346" lon="111.83697">
        <ele>1421.6868</ele>
        <time>2014-07-26T22:30:07.770000Z</time>
      </trkpt>
      <trkpt lat="38.918327" lon="111.83681">
        <ele>1423.4752</ele>
        <time>2014-07-26T22:30:10.814000Z</time>
      </trkpt>
      <trkpt lat="38.9183" lon="111.83666">
        <ele>1425.7551</ele>
        <time>2014-07-26T22:30:13.858000Z</time>
      </trkpt>
      <trkpt lat="38.918274" lon="111.83651">
        <ele>1428.0658</ele>
        <time>2014-07-26T22:30:16.902000Z</time>
      </trkpt>
      <trkpt lat="38.918247" lon="111.83633">
        <ele>1429.6395</ele>
        <time>2014-07-26T22:30:19.946000Z</time>
      </trkpt>
      <trkpt lat="38.918217" lon="111.836205">
        <ele>1430.6244</ele>
        <time>2014-07-26T22:30:22.990000Z</time>
      </trkpt>
      <trkpt lat="38.918186" lon="111.8361">
        <ele>1431.6584</ele>
        <time>2014-07-26T22:30:26.034000Z</time>
      </trkpt>
      <trkpt lat="38.918125" lon="111.83599">
        <ele>1432.8043</ele>
        <time>2014-07-26T22:30:29.078000Z</time>
      </trkpt>
      <trkpt lat="38.91806" lon="111.83588">
        <ele>1433.875</ele>
        <time>2014-07-26T22:30:32.122000Z</time>
      </trkpt>
      <trkpt lat="38.91799" lon="111.83575">
        <ele>1434.9216</ele>
        <time>2014-07-26T22:30:35.166000Z</time>
      </trkpt>
      <trkpt lat="38.917953" lon="111.835594">
        <ele>1435.4099</ele>
        <time>2014-07-26T22:30:38.210000Z</time>
      </trkpt>
      <trkpt lat="38.91793" lon="111.83547">
        <ele>1434.1476</ele>
        <time>2014-07-26T22:30:41.254000Z</time>
      </trkpt>
      <trkpt lat="38.917877" lon="111.83532">
        <ele>1430.9258</ele>
        <time>2014-07-26T22:30:44.298000Z</time>
      </trkpt>
      <trkpt lat="38.917828" lon="111.835175">
        <ele>1427.3508</ele>
        <time>2014-07-26T22:30:47.342000Z</time>
      </trkpt>
      <trkpt lat="38.917774" lon="111.83507">
        <ele>1425.686</ele>
        <time>2014-07-26T22:30:50.386000Z</time>
      </trkpt>
      <trkpt lat="38.917732" lon="111.83496">
        <ele>1426.3878</ele>
        <time>2014-07-26T22:30:53.430000Z</time>
      </trkpt>
      <trkpt lat="38.917713" lon="111.83481">
        <ele>1427.898</ele>
        <time>2014-07-26T22:30:56.474000Z</time>
      </trkpt>
      <trkpt lat="38.917667" lon="111.83468">
        <ele>1428.8359</ele>
        <time>2014-07-26T22:30:59.518000Z</time>
      </trkpt>
      <trkpt lat="38.91759" lon="111.83454">
        <ele>1429.4923</ele>
        <time>2014-07-26T22:31:02.562000Z</time>
      </trkpt>
      <trkpt lat="38.91754" lon="111.83441">
        <ele>1430.4247</ele>
        <time>2014-07-26T22:31:05.606000Z</time>
      </trkpt>
      <trkpt lat="38.917465" lon="111.8343">
        <ele>1431.1488</ele>
        <time>2014-07-26T22:31:08.650000Z</time>
      </trkpt>
      <trkpt lat="38.91742" lon="111.83419">
        <ele>1430.5055</ele>
        <time>2014-07-26T22:31:11.694000Z</time>
      </trkpt>
      <trkpt lat="38.917377" lon="111.83406">
        <ele>1428.5231</ele>
        <time>2014-07-26T22:31:14.738000Z</time>
      </trkpt>
      <trkpt lat="38.91733" lon="111.83394">
        <ele>1427.2633</ele>
        <time>2014-07-26T22:31:17.782000Z</time>
      </trkpt>
      <trkpt lat="38.91726" lon="111.83381">
        <ele>1428.0902</ele>
        <time>2014-07-26T22:31:20.826000Z</time>
      </trkpt>
      <trkpt lat="38.917194" lon="111.833694">
        <ele>1429.7239</ele>
        <time>2014-07-26T22:31:23.870000Z</time>
      </trkpt>
      <trkpt lat="38.91686" lon="111.8328">
        <ele>1413.3333</ele>
        <time>2014-07-26T22:31:26.914000Z</time>
      </trkpt>
      <trkpt lat="38.916847" lon="111.8328">
        <ele>1416.679</ele>
        <time>2014-07-26T22:31:29.958000Z</time>
      </trkpt>
      <trkpt lat="38.916847" lon="111.8328">
        <ele>1421.7645</ele>
        <time>2014-07-26T22:31:33.002000Z</time>
      </trkpt>
      <trkpt lat="38.916737" lon="111.832825">
        <ele>1425.5898</ele>
        <time>2014-07-26T22:31:36.046000Z</time>
      </trkpt>
      <trkpt lat="38.916634" lon="111.832886">
        <ele>1426.2424</ele>
        <time>2014-07-26T22:31:39.090000Z</time>
      </trkpt>
      <trkpt lat="38.916534" lon="111.83296">
        <ele>1425.225</ele>
        <time>2014-07-26T22:31:42.134000Z</time>
      </trkpt>
      <trkpt lat="38.916443" lon="111.83302">
        <ele>1423.8036</ele>
        <time>2014-07-26T22:31:45.178000Z</time>
      </trkpt>
      <trkpt lat="38.916363" lon="111.83308">
        <ele>1422.0828</ele>
        <time>2014-07-26T22:31:48.222000Z</time>
      </trkpt>
      <trkpt lat="38.91626" lon="111.83315">
        <ele>1420.593</ele>
        <time>2014-07-26T22:31:51.266000Z</time>
      </trkpt>
      <trkpt lat="38.916164" lon="111.833206">
        <ele>1420.975</ele>
        <time>2014-07-26T22:31:54.310000Z</time>
      </trkpt>
      <trkpt lat="38.916073" lon="111.83325">
        <ele>1424.9315</ele>
        <time>2014-07-26T22:31:57.354000Z</time>
      </trkpt>
      <trkpt lat="38.915947" lon="111.83333">
        <ele>1431.2148</ele>
        <time>2014-07-26T22:32:00.398000Z</time>
      </trkpt>
      <trkpt lat="38.915833" lon="111.8334">
        <ele>1436.5295</ele>
        <time>2014-07-26T22:32:03.442000Z</time>
      </trkpt>
      <trkpt lat="38.915714" lon="111.83347">
        <ele>1440.1079</ele>
        <time>2014-07-26T22:32:06.486000Z</time>
      </trkpt>
      <trkpt lat="38.9156" lon="111.833534">
        <ele>1442.7659</ele>
        <time>2014-07-26T22:32:09.530000Z</time>
      </trkpt>
      <trkpt lat="38.91549" lon="111.833595">
        <ele>1443.6772</ele>
        <time>2014-07-26T22:32:12.574000Z</time>
      </trkpt>
      <trkpt lat="38.91539" lon="111.83366">
        <ele>1442.3086</ele>
        <time>2014-07-26T22:32:15.618000Z</time>
      </trkpt>
      <trkpt lat="38.915295" lon="111.833725">
        <ele>1439.5563</ele>
        <time>2014-07-26T22:32:18.662000Z</time>
      </trkpt>
      <trkpt lat="38.91519" lon="111.83381">
        <ele>1436.6011</ele>
        <time>2014-07-26T22:32:21.706000Z</time>
      </trkpt>
      <trkpt lat="38.915066" lon="111.83388">
        <ele>1434.8903</ele>
        <time>2014-07-26T22:32:24.750000Z</time>
      </trkpt>
      <trkpt lat="38.914944" lon="111.83393">
        <ele>1435.531</ele>
        <time>2014-07-26T22:32:27.794000Z</time>
      </trkpt>
      <trkpt lat="38.914825" lon="111.833984">
        <ele>1438.0208</ele>
        <time>2014-07-26T22:32:30.838000Z</time>
      </trkpt>
      <trkpt lat="38.914726" lon="111.83405">
        <ele>1440.8506</ele>
        <time>2014-07-26T22:32:33.882000Z</time>
      </trkpt>
      <trkpt lat="38.91463" lon="111.83414">
        <ele>1442.5409</ele>
        <time>2014-07-26T22:32:36.926000Z</time>
      </trkpt>
      <trkpt lat="38.914547" lon="111.83421">
        <ele>1442.7816</ele>
        <time>2014-07-26T22:32:39.970000Z</time>
      </trkpt>
      <trkpt lat="38.914455" lon="111.83429">
        <ele>1442.36</ele>
        <time>2014-07-26T22:32:43.014000Z</time>
      </trkpt>
      <trkpt lat="38.914345" lon="111.83437">
        <ele>1442.3171</ele>
        <time>2014-07-26T22:32:46.058000Z</time>
      </trkpt>
      <trkpt lat="38.91425" lon="111.83443">
        <ele>1443.3121</ele>
        <time>2014-07-26T22:32:49.102000Z</time>
      </trkpt>
      <trkpt lat="38.914135" lon="111.8345">
        <ele>1444.9199</ele>
        <time>2014-07-26T22:32:52.146000Z</time>
      </trkpt>
      <trkpt lat="38.914017" lon="111.83454">
        <ele>1446.0968</ele>
        <time>2014-07-26T22:32:55.190000Z</time>
      </trkpt>
      <trkpt lat="38.91391" lon="111.834564">
        <ele>1446.0997</ele>
        <time>2014-07-26T22:32:58.234000Z</time>
      </trkpt>
      <trkpt lat="38.913803" lon="111.8346">
        <ele>1444.8429</ele>
        <time>2014-07-26T22:33:01.278000Z</time>
      </trkpt>
      <trkpt lat="38.91368" lon="111.83465">
        <ele>1442.6648</ele>
        <time>2014-07-26T22:33:04.322000Z</time>
      </trkpt>
      <trkpt lat="38.91358" lon="111.834694">
        <ele>1440.0724</ele>
        <time>2014-07-26T22:33:07.366000Z</time>
      </trkpt>
      <trkpt lat="38.913467" lon="111.83474">
        <ele>1437.552</ele>
        <time>2014-07-26T22:33:10.410000Z</time>
      </trkpt>
      <trkpt lat="38.913345" lon="111.834785">
        <ele>1435.9211</ele>
        <time>2014-07-26T22:33:13.454000Z</time>
      </trkpt>
      <trkpt lat="38.913254" lon="111.83483">
        <ele>1436.2684</ele>
        <time>2014-07-26T22:33:16.498000Z</time>
      </trkpt>
      <trkpt lat="38.91312" lon="111.83489">
        <ele>1438.4697</ele>
        <time>2014-07-26T22:33:19.542000Z</time>
      </trkpt>
      <trkpt lat="38.913013" lon="111.83493">
        <ele>1440.7491</ele>
        <time>2014-07-26T22:33:22.586000Z</time>
      </trkpt>
      <trkpt lat="38.91292" lon="111.83497">
        <ele>1441.3892</ele>
        <time>2014-07-26T22:33:25.630000Z</time>
      </trkpt>
      <trkpt lat="38.91283" lon="111.83502">
        <ele>1439.1385</ele>
        <time>2014-07-26T22:33:28.674000Z</time>
      </trkpt>
      <trkpt lat="38.91274" lon="111.83507">
        <ele>1433.7037</ele>
        <time>2014-07-26T22:33:31.718000Z</time>
      </trkpt>
      <trkpt lat="38.91265" lon="111.83511">
        <ele>1427.2252</ele>
        <time>2014-07-26T22:33:34.762000Z</time>
      </trkpt>
      <trkpt lat="38.91255" lon="111.835175">
        <ele>1422.8303</ele>
        <time>2014-07-26T22:33:37.806000Z</time>
      </trkpt>
      <trkpt lat="38.912434" lon="111.83524">
        <ele>1421.6173</ele>
        <time>2014-07-26T22:33:40.850000Z</time>
      </trkpt>
      <trkpt lat="38.912327" lon="111.835304">
        <ele>1422.4174</ele>
        <time>2014-07-26T22:33:43.894000Z</time>
      </trkpt>
      <trkpt lat="38.91222" lon="111.83537">
        <ele>1424.3534</ele>
        <time>2014-07-26T22:33:46.938000Z</time>
      </trkpt>
      <trkpt lat="38.912136" lon="111.83544">
        <ele>1427.6666</ele>
        <time>2014-07-26T22:33:49.982000Z</time>
      </trkpt>
      <trkpt lat="38.912037" lon="111.83549">
        <ele>1432.6396</ele>
        <time>2014-07-26T22:33:53.026000Z</time>
      </trkpt>
      <trkpt lat="38.911934" lon="111.83554">
        <ele>1438.2566</ele>
        <time>2014-07-26T22:33:56.070000Z</time>
      </trkpt>
      <trkpt lat="38.9118" lon="111.835594">
        <ele>1442.494</ele>
        <time>2014-07-26T22:33:59.114000Z</time>
      </trkpt>
      <trkpt lat="38.911713" lon="111.835655">
        <ele>1443.4224</ele>
        <time>2014-07-26T22:34:02.158000Z</time>
      </trkpt>
      <trkpt lat="38.91163" lon="111.83573">
        <ele>1441.2812</ele>
        <time>2014-07-26T22:34:05.202000Z</time>
      </trkpt>
      <trkpt lat="38.911514" lon="111.83577">
        <ele>1438.5226</ele>
        <time>2014-07-26T22:34:08.246000Z</time>
      </trkpt>
      <trkpt lat="38.91141" lon="111.83581">
        <ele>1438.1615</ele>
        <time>2014-07-26T22:34:11.290000Z</time>
      </trkpt>
      <trkpt lat="38.91128" lon="111.83588">
        <ele>1441.0239</ele>
        <time>2014-07-26T22:34:14.334000Z</time>
      </trkpt>
      <trkpt lat="38.9112" lon="111.835945">
        <ele>1445.5564</ele>
        <time>2014-07-26T22:34:17.378000Z</time>
      </trkpt>
      <trkpt lat="38.911106" lon="111.836006">
        <ele>1449.9062</ele>
        <time>2014-07-26T22:34:20.422000Z</time>
      </trkpt>
      <trkpt lat="38.911007" lon="111.83609">
        <ele>1452.7837</ele>
        <time>2014-07-26T22:34:23.466000Z</time>
      </trkpt>
      <trkpt lat="38.910904" lon="111.83615">
        <ele>1453.7692</ele>
        <time>2014-07-26T22:34:26.510000Z</time>
      </trkpt>
      <trkpt lat="38.910778" lon="111.83619">
        <ele>1454.6324</ele>
        <time>2014-07-26T22:34:29.554000Z</time>
      </trkpt>
      <trkpt lat="38.910618" lon="111.83627">
        <ele>1457.3365</ele>
        <time>2014-07-26T22:34:32.598000Z</time>
      </trkpt>
      <trkpt lat="38.910492" lon="111.836334">
        <ele>1461.2275</ele>
        <time>2014-07-26T22:34:35.642000Z</time>
      </trkpt>
      <trkpt lat="38.910416" lon="111.83642">
        <ele>1463.2405</ele>
        <time>2014-07-26T22:34:38.686000Z</time>
      </trkpt>
      <trkpt lat="38.910336" lon="111.83649">
        <ele>1458.1991</ele>
        <time>2014-07-26T22:34:41.730000Z</time>
      </trkpt>
      <trkpt lat="38.910225" lon="111.836586">
        <ele>1445.9564</ele>
        <time>2014-07-26T22:34:44.774000Z</time>
      </trkpt>
      <trkpt lat="38.91013" lon="111.83668">
        <ele>1435.7745</ele>
        <time>2014-07-26T22:34:47.818000Z</time>
      </trkpt>
      <trkpt lat="38.910038" lon="111.836754">
        <ele>1434.7186</ele>
        <time>2014-07-26T22:34:50.862000Z</time>
      </trkpt>
      <trkpt lat="38.909924" lon="111.836815">
        <ele>1440.0178</ele>
        <time>2014-07-26T22:34:53.906000Z</time>
      </trkpt>
      <trkpt lat="38.909798" lon="111.83687">
        <ele>1446.3861</ele>
        <time>2014-07-26T22:34:56.950000Z</time>
      </trkpt>
      <trkpt lat="38.9097" lon="111.83692">
        <ele>1450.6705</ele>
        <time>2014-07-26T22:34:59.994000Z</time>
      </trkpt>
      <trkpt lat="38.909584" lon="111.83699">
        <ele>1452.9398</ele>
        <time>2014-07-26T22:35:03.038000Z</time>
      </trkpt>
      <trkpt lat="38.90949" lon="111.837036">
        <ele>1454.5748</ele>
        <time>2014-07-26T22:35:06.082000Z</time>
      </trkpt>
      <trkpt lat="38.909374" lon="111.837105">
        <ele>1455.5865</ele>
        <time>2014-07-26T22:35:09.126000Z</time>
      </trkpt>
      <trkpt lat="38.90929" lon="111.83717">
        <ele>1455.7092</ele>
        <time>2014-07-26T22:35:12.170000Z</time>
      </trkpt>
      <trkpt lat="38.909176" lon="111.83717">
        <ele>1454.984</ele>
        <time>2014-07-26T22:35:15.214000Z</time>
      </trkpt>
      <trkpt lat="38.90907" lon="111.83721">
        <ele>1451.4082</ele>
        <time>2014-07-26T22:35:18.258000Z</time>
      </trkpt>
      <trkpt lat="38.90896" lon="111.83729">
        <ele>1443.6123</ele>
        <time>2014-07-26T22:35:21.302000Z</time>
      </trkpt>
      <trkpt lat="38.908844" lon="111.83735">
        <ele>1434.6315</ele>
        <time>2014-07-26T22:35:24.346000Z</time>
      </trkpt>
      <trkpt lat="38.908752" lon="111.837395">
        <ele>1428.7115</ele>
        <time>2014-07-26T22:35:27.390000Z</time>
      </trkpt>
      <trkpt lat="38.908653" lon="111.83744">
        <ele>1426.6516</ele>
        <time>2014-07-26T22:35:30.434000Z</time>
      </trkpt>
      <trkpt lat="38.90853" lon="111.837494">
        <ele>1427.1925</ele>
        <time>2014-07-26T22:35:33.478000Z</time>
      </trkpt>
      <trkpt lat="38.908417" lon="111.83755">
        <ele>1428.8556</ele>
        <time>2014-07-26T22:35:36.522000Z</time>
      </trkpt>
      <trkpt lat="38.908306" lon="111.83759">
        <ele>1430.0706</ele>
        <time>2014-07-26T22:35:39.566000Z</time>
      </trkpt>
      <trkpt lat="38.908165" lon="111.837654">
        <ele>1429.5789</ele>
        <time>2014-07-26T22:35:42.610000Z</time>
      </trkpt>
      <trkpt lat="38.908066" lon="111.8377">
        <ele>1427.7274</ele>
        <time>2014-07-26T22:35:45.654000Z</time>
      </trkpt>
      <trkpt lat="38.90796" lon="111.83777">
        <ele>1426.5533</ele>
        <time>2014-07-26T22:35:48.698000Z</time>
      </trkpt>
      <trkpt lat="38.907852" lon="111.83782">
        <ele>1427.3304</ele>
        <time>2014-07-26T22:35:51.742000Z</time>
      </trkpt>
      <trkpt lat="38.90777" lon="111.83787">
        <ele>1429.074</ele>
        <time>2014-07-26T22:35:54.786000Z</time>
      </trkpt>
      <trkpt lat="38.907658" lon="111.83791">
        <ele>1430.4587</ele>
        <time>2014-07-26T22:35:57.830000Z</time>
      </trkpt>
      <trkpt lat="38.907555" lon="111.83798">
        <ele>1431.1638</ele>
        <time>2014-07-26T22:36:00.874000Z</time>
      </trkpt>
      <trkpt lat="38.90746" lon="111.838036">
        <ele>1431.4973</ele>
        <time>2014-07-26T22:36:03.918000Z</time>
      </trkpt>
      <trkpt lat="38.907352" lon="111.83811">
        <ele>1431.8341</ele>
        <time>2014-07-26T22:36:06.962000Z</time>
      </trkpt>
      <trkpt lat="38.907238" lon="111.83817">
        <ele>1431.5283</ele>
        <time>2014-07-26T22:36:10.006000Z</time>
      </trkpt>
      <trkpt lat="38.90713" lon="111.83822">
        <ele>1430.0029</ele>
        <time>2014-07-26T22:36:13.050000Z</time>
      </trkpt>
      <trkpt lat="38.90702" lon="111.83828">
        <ele>1427.8754</ele>
        <time>2014-07-26T22:36:16.094000Z</time>
      </trkpt>
      <trkpt lat="38.906925" lon="111.83834">
        <ele>1426.013</ele>
        <time>2014-07-26T22:36:19.138000Z</time>
      </trkpt>
      <trkpt lat="38.906807" lon="111.83836">
        <ele>1424.8718</ele>
        <time>2014-07-26T22:36:22.182000Z</time>
      </trkpt>
      <trkpt lat="38.906696" lon="111.83843">
        <ele>1424.4265</ele>
        <time>2014-07-26T22:36:25.226000Z</time>
      </trkpt>
      <trkpt lat="38.906612" lon="111.838486">
        <ele>1424.2007</ele>
        <time>2014-07-26T22:36:28.270000Z</time>
      </trkpt>
      <trkpt lat="38.906487" lon="111.838554">
        <ele>1424.7216</ele>
        <time>2014-07-26T22:36:31.314000Z</time>
      </trkpt>
      <trkpt lat="38.90636" lon="111.83863">
        <ele>1427.5432</ele>
        <time>2014-07-26T22:36:34.358000Z</time>
      </trkpt>
      <trkpt lat="38.906246" lon="111.83871">
        <ele>1432.6022</ele>
        <time>2014-07-26T22:36:37.402000Z</time>
      </trkpt>
      <trkpt lat="38.906162" lon="111.83876">
        <ele>1438.4703</ele>
        <time>2014-07-26T22:36:40.446000Z</time>
      </trkpt>
      <trkpt lat="38.906075" lon="111.83884">
        <ele>1443.8369</ele>
        <time>2014-07-26T22:36:43.490000Z</time>
      </trkpt>
      <trkpt lat="38.905975" lon="111.83889">
        <ele>1446.6179</ele>
        <time>2014-07-26T22:36:46.534000Z</time>
      </trkpt>
      <trkpt lat="38.905876" lon="111.83895">
        <ele>1445.2762</ele>
        <time>2014-07-26T22:36:49.578000Z</time>
      </trkpt>
      <trkpt lat="38.905746" lon="111.839">
        <ele>1441.0326</ele>
        <time>2014-07-26T22:36:52.622000Z</time>
      </trkpt>
      <trkpt lat="38.905647" lon="111.83905">
        <ele>1436.1887</ele>
        <time>2014-07-26T22:36:55.666000Z</time>
      </trkpt>
      <trkpt lat="38.905552" lon="111.839096">
        <ele>1432.5034</ele>
        <time>2014-07-26T22:36:58.710000Z</time>
      </trkpt>
      <trkpt lat="38.905445" lon="111.83916">
        <ele>1430.7264</ele>
        <time>2014-07-26T22:37:01.754000Z</time>
      </trkpt>
      <trkpt lat="38.905342" lon="111.839226">
        <ele>1430.7206</ele>
        <time>2014-07-26T22:37:04.798000Z</time>
      </trkpt>
      <trkpt lat="38.90523" lon="111.839294">
        <ele>1432.3606</ele>
        <time>2014-07-26T22:37:07.842000Z</time>
      </trkpt>
      <trkpt lat="38.905094" lon="111.83935">
        <ele>1435.076</ele>
        <time>2014-07-26T22:37:10.886000Z</time>
      </trkpt>
      <trkpt lat="38.904972" lon="111.83941">
        <ele>1438.4343</ele>
        <time>2014-07-26T22:37:13.930000Z</time>
      </trkpt>
      <trkpt lat="38.904842" lon="111.83945">
        <ele>1442.5233</ele>
        <time>2014-07-26T22:37:16.974000Z</time>
      </trkpt>
      <trkpt lat="38.90473" lon="111.83951">
        <ele>1446.3342</ele>
        <time>2014-07-26T22:37:20.018000Z</time>
      </trkpt>
      <trkpt lat="38.904644" lon="111.83957">
        <ele>1447.8427</ele>
        <time>2014-07-26T22:37:23.062000Z</time>
      </trkpt>
      <trkpt lat="38.90454" lon="111.83964">
        <ele>1445.71</ele>
        <time>2014-07-26T22:37:26.106000Z</time>
      </trkpt>
      <trkpt lat="38.90443" lon="111.83971">
        <ele>1440.7874</ele>
        <time>2014-07-26T22:37:29.150000Z</time>
      </trkpt>
      <trkpt lat="38.904343" lon="111.83976">
        <ele>1436.162</ele>
        <time>2014-07-26T22:37:32.194000Z</time>
      </trkpt>
      <trkpt lat="38.904232" lon="111.839806">
        <ele>1433.8237</ele>
        <time>2014-07-26T22:37:35.238000Z</time>
      </trkpt>
      <trkpt lat="38.904125" lon="111.839836">
        <ele>1433.3251</ele>
        <time>2014-07-26T22:37:38.282000Z</time>
      </trkpt>
      <trkpt lat="38.904034" lon="111.83986">
        <ele>1433.7775</ele>
        <time>2014-07-26T22:37:41.326000Z</time>
      </trkpt>
      <trkpt lat="38.903965" lon="111.839714">
        <ele>1434.5581</ele>
        <time>2014-07-26T22:37:44.370000Z</time>
      </trkpt>
      <trkpt lat="38.903915" lon="111.83957">
        <ele>1434.7368</ele>
        <time>2014-07-26T22:37:47.414000Z</time>
      </trkpt>
      <trkpt lat="38.903862" lon="111.839424">
        <ele>1433.4929</ele>
        <time>2014-07-26T22:37:50.458000Z</time>
      </trkpt>
      <trkpt lat="38.90381" lon="111.839294">
        <ele>1431.1853</ele>
        <time>2014-07-26T22:37:53.502000Z</time>
      </trkpt>
      <trkpt lat="38.903763" lon="111.83915">
        <ele>1428.8586</ele>
        <time>2014-07-26T22:37:56.546000Z</time>
      </trkpt>
      <trkpt lat="38.90372" lon="111.839005">
        <ele>1427.3955</ele>
        <time>2014-07-26T22:37:59.590000Z</time>
      </trkpt>
      <trkpt lat="38.903664" lon="111.83887">
        <ele>1427.2554</ele>
        <time>2014-07-26T22:38:02.634000Z</time>
      </trkpt>
      <trkpt lat="38.903606" lon="111.838745">
        <ele>1428.0355</ele>
        <time>2014-07-26T22:38:05.678000Z</time>
      </trkpt>
      <trkpt lat="38.903553" lon="111.8386">
        <ele>1428.5198</ele>
        <time>2014-07-26T22:38:08.722000Z</time>
      </trkpt>
      <trkpt lat="38.90352" lon="111.83848">
        <ele>1428.039</ele>
        <time>2014-07-26T22:38:11.766000Z</time>
      </trkpt>
      <trkpt lat="38.903458" lon="111.838326">
        <ele>1427.0972</ele>
        <time>2014-07-26T22:38:14.810000Z</time>
      </trkpt>
      <trkpt lat="38.903416" lon="111.83819">
        <ele>1426.1038</ele>
        <time>2014-07-26T22:38:17.854000Z</time>
      </trkpt>
      <trkpt lat="38.90337" lon="111.83804">
        <ele>1425.0588</ele>
        <time>2014-07-26T22:38:20.898000Z</time>
      </trkpt>
      <trkpt lat="38.903324" lon="111.83789">
        <time>2014-07-26T22:38:23.942000Z</time>
      </trkpt>
    </trkseg>
  </trk>
</gpx>