<?xml version="1.0" encoding="UTF-8"?>
<gpx xmlns="http://www.topografix.com/GPX/1/1" xmlns:gpxtpx="http://www.garmin.com/xmlschemas/TrackPointExtension/v1" xmlns:xsi="http://www.w3.org/2001/XMLSchema-instance" xsi:schemaLocation="http://www.topografix.com/GPX/1/1 http://www.topografix.com/GPX/1/1/gpx.xsd" version="1.1" creator="gpx.py -- https://github.com/tkrajina/gpxpy">
  <trk>
    <trkseg>
      <trkpt lat="38.90184" lon="111.83579">
        <ele>1441.284</ele>
        <time>2014-07-23T22:35:42.474000Z</time>
      </trkpt>
      <trkpt lat="38.90184" lon="111.83579">
        <ele>1440.8253</ele>
        <time>2014-07-23T22:35:45.589000Z</time>
      </trkpt>
      <trkpt lat="38.90204" lon="111.835724">
        <ele>1439.8491</ele>
        <time>2014-07-23T22:35:48.704000Z</time>
      </trkpt>
      <trkpt lat="38.902065" lon="111.83572">
        <ele>1437.5958</ele>
        <time>2014-07-23T22:35:51.819000Z</time>
      </trkpt>
      <trkpt lat="38.902164" lon="111.835686">
        <ele>1434.1616</ele>
        <time>2014-07-23T22:35:54.934000Z</time>
      </trkpt>
      <trkpt lat="38.902264" lon="111.83564">
        <ele>1431.0388</ele>
        <time>2014-07-23T22:35:58.049000Z</time>
      </trkpt>
      <trkpt lat="38.902264" lon="111.83564">
        <ele>1429.2567</ele>
        <time>2014-07-23T22:36:01.164000Z</time>
      </trkpt>
      <trkpt lat="38.902363" lon="111.835594">
        <ele>1428.3705</ele>
        <time>2014-07-23T22:36:04.279000Z</time>
      </trkpt>
      <trkpt lat="38.902477" lon="111.83553">
        <ele>1427.5377</ele>
        <time>2014-07-23T22:36:07.394000Z</time>
      </trkpt>
      <trkpt lat="38.902584" lon="111.83556">
        <ele>1425.8706</ele>
        <time>2014-07-23T22:36:10.509000Z</time>
      </trkpt>
      <trkpt lat="38.90263" lon="111.835686">
        <ele>1423.4226</ele>
        <time>2014-07-23T22:36:13.624000Z</time>
      </trkpt>
      <trkpt lat="38.902664" lon="111.83581">
        <ele>1421.9346</ele>
        <time>2014-07-23T22:36:16.739000Z</time>
      </trkpt>
      <trkpt lat="38.902702" lon="111.835915">
        <ele>1422.691</ele>
        <time>2014-07-23T22:36:19.854000Z</time>
      </trkpt>
      <trkpt lat="38.902775" lon="111.836006">
        <ele>1424.5496</ele>
        <time>2014-07-23T22:36:22.969000Z</time>
      </trkpt>
      <trkpt lat="38.90281" lon="111.83612">
        <ele>1425.757</ele>
        <time>2014-07-23T22:36:26.084000Z</time>
      </trkpt>
      <trkpt lat="38.902843" lon="111.83628">
        <ele>1425.3885</ele>
        <time>2014-07-23T22:36:29.199000Z</time>
      </trkpt>
      <trkpt lat="38.902878" lon="111.83646">
        <ele>1423.7482</ele>
        <time>2014-07-23T22:36:32.314000Z</time>
      </trkpt>
      <trkpt lat="38.90292" lon="111.83658">
        <ele>1422.15</ele>
        <time>2014-07-23T22:36:35.429000Z</time>
      </trkpt>
      <trkpt lat="38.902977" lon="111.83671">
        <ele>1421.677</ele>
        <time>2014-07-23T22:36:38.544000Z</time>
      </trkpt>
      <trkpt lat="38.90301" lon="111.83682">
        <ele>1422.2606</ele>
        <time>2014-07-23T22:36:41.659000Z</time>
      </trkpt>
      <trkpt lat="38.90304" lon="111.83696">
        <ele>1423.1729</ele>
        <time>2014-07-23T22:36:44.774000Z</time>
      </trkpt>
      <trkpt lat="38.903084" lon="111.83706">
        <ele>1424.53</ele>
        <time>2014-07-23T22:36:47.889000Z</time>
      </trkpt>
      <trkpt lat="38.903137" lon="111.83718">
        <ele>1426.7576</ele>
        <time>2014-07-23T22:36:51.004000Z</time>
      </trkpt>
      <trkpt lat="38.90319" lon="111.83731">
        <ele>1428.9465</ele>
        <time>2014-07-23T22:36:54.119000Z</time>
      </trkpt>
      <trkpt lat="38.903244" lon="111.83741">
        <ele>1430.0741</ele>
        <time>2014-07-23T22:36:57.234000Z</time>
      </trkpt>
      <trkpt lat="38.90325" lon="111.83754">
        <ele>1430.5359</ele>
        <time>2014-07-23T22:37:00.349000Z</time>
      </trkpt>
      <trkpt lat="38.903255" lon="111.8377">
        <ele>1431.0106</ele>
        <time>2014-07-23T22:37:03.464000Z</time>
      </trkpt>
      <trkpt lat="38.903305" lon="111.837845">
        <ele>1431.92</ele>
        <time>2014-07-23T22:37:06.579000Z</time>
      </trkpt>
      <trkpt lat="38.90335" lon="111.83797">
        <ele>1433.2714</ele>
        <time>2014-07-23T22:37:09.694000Z</time>
      </trkpt>
      <trkpt lat="38.903416" lon="111.83809">
        <ele>1433.8853</ele>
        <time>2014-07-23T22:37:12.809000Z</time>
      </trkpt>
      <trkpt lat="38.903496" lon="111.838196">
        <ele>1432.8937</ele>
        <time>2014-07-23T22:37:15.924000Z</time>
      </trkpt>
      <trkpt lat="38.90355" lon="111.83831">
        <ele>1431.6871</ele>
        <time>2014-07-23T22:37:19.039000Z</time>
      </trkpt>
      <trkpt lat="38.903584" lon="111.838425">
        <ele>1431.6432</ele>
        <time>2014-07-23T22:37:22.154000Z</time>
      </trkpt>
      <trkpt lat="38.903618" lon="111.83854">
        <ele>1432.2806</ele>
        <time>2014-07-23T22:37:25.269000Z</time>
      </trkpt>
      <trkpt lat="38.90365" lon="111.83866">
        <ele>1432.7787</ele>
        <time>2014-07-23T22:37:28.384000Z</time>
      </trkpt>
      <trkpt lat="38.903694" lon="111.83878">
        <ele>1433.1838</ele>
        <time>2014-07-23T22:37:31.499000Z</time>
      </trkpt>
      <trkpt lat="38.903732" lon="111.83892">
        <ele>1433.8472</ele>
        <time>2014-07-23T22:37:34.614000Z</time>
      </trkpt>
      <trkpt lat="38.903778" lon="111.839066">
        <ele>1434.6516</ele>
        <time>2014-07-23T22:37:37.729000Z</time>
      </trkpt>
      <trkpt lat="38.90382" lon="111.83919">
        <ele>1434.7363</ele>
        <time>2014-07-23T22:37:40.844000Z</time>
      </trkpt>
      <trkpt lat="38.903866" lon="111.839294">
        <ele>1433.7126</ele>
        <time>2014-07-23T22:37:43.959000Z</time>
      </trkpt>
      <trkpt lat="38.903896" lon="111.8394">
        <ele>1432.4382</ele>
        <time>2014-07-23T22:37:47.074000Z</time>
      </trkpt>
      <trkpt lat="38.90393" lon="111.83953">
        <ele>1431.5115</ele>
        <time>2014-07-23T22:37:50.189000Z</time>
      </trkpt>
      <trkpt lat="38.903976" lon="111.83966">
        <ele>1430.6979</ele>
        <time>2014-07-23T22:37:53.304000Z</time>
      </trkpt>
      <trkpt lat="38.90402" lon="111.83977">
        <ele>1429.8947</ele>
        <time>2014-07-23T22:37:56.419000Z</time>
      </trkpt>
      <trkpt lat="38.904083" lon="111.83987">
        <ele>1428.9099</ele>
        <time>2014-07-23T22:37:59.534000Z</time>
      </trkpt>
      <trkpt lat="38.90419" lon="111.839874">
        <ele>1427.6993</ele>
        <time>2014-07-23T22:38:02.649000Z</time>
      </trkpt>
      <trkpt lat="38.9043" lon="111.83983">
        <ele>1426.6172</ele>
        <time>2014-07-23T22:38:05.764000Z</time>
      </trkpt>
      <trkpt lat="38.904396" lon="111.83975">
        <ele>1425.8708</ele>
        <time>2014-07-23T22:38:08.879000Z</time>
      </trkpt>
      <trkpt lat="38.904484" lon="111.8397">
        <ele>1425.5452</ele>
        <time>2014-07-23T22:38:11.994000Z</time>
      </trkpt>
      <trkpt lat="38.904587" lon="111.839645">
        <ele>1425.6445</ele>
        <time>2014-07-23T22:38:15.109000Z</time>
      </trkpt>
      <trkpt lat="38.90467" lon="111.839584">
        <ele>1425.6178</ele>
        <time>2014-07-23T22:38:18.224000Z</time>
      </trkpt>
      <trkpt lat="38.904762" lon="111.839516">
        <ele>1425.0782</ele>
        <time>2014-07-23T22:38:21.339000Z</time>
      </trkpt>
      <trkpt lat="38.904854" lon="111.83946">
        <ele>1424.6367</ele>
        <time>2014-07-23T22:38:24.454000Z</time>
      </trkpt>
      <trkpt lat="38.904945" lon="111.8394">
        <ele>1424.9252</ele>
        <time>2014-07-23T22:38:27.569000Z</time>
      </trkpt>
      <trkpt lat="38.905056" lon="111.83933">
        <ele>1425.8182</ele>
        <time>2014-07-23T22:38:30.684000Z</time>
      </trkpt>
      <trkpt lat="38.90515" lon="111.83924">
        <ele>1428.1722</ele>
        <time>2014-07-23T22:38:33.799000Z</time>
      </trkpt>
      <trkpt lat="38.905243" lon="111.83916">
        <ele>1432.3059</ele>
        <time>2014-07-23T22:38:36.914000Z</time>
      </trkpt>
      <trkpt lat="38.905354" lon="111.839096">
        <ele>1435.8702</ele>
        <time>2014-07-23T22:38:40.029000Z</time>
      </trkpt>
      <trkpt lat="38.905434" lon="111.83903">
        <ele>1436.3295</ele>
        <time>2014-07-23T22:38:43.144000Z</time>
      </trkpt>
      <trkpt lat="38.905518" lon="111.83895">
        <ele>1433.893</ele>
        <time>2014-07-23T22:38:46.259000Z</time>
      </trkpt>
      <trkpt lat="38.9056" lon="111.83891">
        <ele>1430.616</ele>
        <time>2014-07-23T22:38:49.374000Z</time>
      </trkpt>
      <trkpt lat="38.905704" lon="111.83887">
        <ele>1428.2153</ele>
        <time>2014-07-23T22:38:52.489000Z</time>
      </trkpt>
      <trkpt lat="38.9058" lon="111.83885">
        <ele>1426.8296</ele>
        <time>2014-07-23T22:38:55.604000Z</time>
      </trkpt>
      <trkpt lat="38.905907" lon="111.838806">
        <ele>1426.0793</ele>
        <time>2014-07-23T22:38:58.719000Z</time>
      </trkpt>
      <trkpt lat="38.906033" lon="111.83875">
        <ele>1425.7346</ele>
        <time>2014-07-23T22:39:01.834000Z</time>
      </trkpt>
      <trkpt lat="38.906124" lon="111.83872">
        <ele>1425.6621</ele>
        <time>2014-07-23T22:39:04.949000Z</time>
      </trkpt>
      <trkpt lat="38.906242" lon="111.83869">
        <ele>1425.6328</ele>
        <time>2014-07-23T22:39:08.064000Z</time>
      </trkpt>
      <trkpt lat="38.906345" lon="111.83864">
        <ele>1424.8788</ele>
        <time>2014-07-23T22:39:11.179000Z</time>
      </trkpt>
      <trkpt lat="38.906433" lon="111.83859">
        <ele>1423.0935</ele>
        <time>2014-07-23T22:39:14.294000Z</time>
      </trkpt>
      <trkpt lat="38.906548" lon="111.83855">
        <ele>1421.3301</ele>
        <time>2014-07-23T22:39:17.409000Z</time>
      </trkpt>
      <trkpt lat="38.90665" lon="111.83847">
        <ele>1420.5028</ele>
        <time>2014-07-23T22:39:20.524000Z</time>
      </trkpt>
      <trkpt lat="38.906723" lon="111.83838">
        <ele>1420.8009</ele>
        <time>2014-07-23T22:39:23.639000Z</time>
      </trkpt>
      <trkpt lat="38.90681" lon="111.83831">
        <ele>1422.1201</ele>
        <time>2014-07-23T22:39:26.754000Z</time>
      </trkpt>
      <trkpt lat="38.906902" lon="111.8383">
        <ele>1423.9703</ele>
        <time>2014-07-23T22:39:29.869000Z</time>
      </trkpt>
      <trkpt lat="38.907013" lon="111.838264">
        <ele>1425.7513</ele>
        <time>2014-07-23T22:39:32.984000Z</time>
      </trkpt>
      <trkpt lat="38.9071" lon="111.838234">
        <ele>1426.7733</ele>
        <time>2014-07-23T22:39:36.099000Z</time>
      </trkpt>
      <trkpt lat="38.907196" lon="111.838165">
        <ele>1426.7162</ele>
        <time>2014-07-23T22:39:39.214000Z</time>
      </trkpt>
      <trkpt lat="38.907276" lon="111.8381">
        <ele>1426.1373</ele>
        <time>2014-07-23T22:39:42.329000Z</time>
      </trkpt>
      <trkpt lat="38.907368" lon="111.83803">
        <ele>1425.6222</ele>
        <time>2014-07-23T22:39:45.444000Z</time>
      </trkpt>
      <trkpt lat="38.907455" lon="111.838">
        <ele>1425.5725</ele>
        <time>2014-07-23T22:39:48.559000Z</time>
      </trkpt>
      <trkpt lat="38.90757" lon="111.83795">
        <ele>1426.1505</ele>
        <time>2014-07-23T22:39:51.674000Z</time>
      </trkpt>
      <trkpt lat="38.907654" lon="111.83791">
        <ele>1426.9583</ele>
        <time>2014-07-23T22:39:54.789000Z</time>
      </trkpt>
      <trkpt lat="38.907738" lon="111.837845">
        <ele>1427.4816</ele>
        <time>2014-07-23T22:39:57.904000Z</time>
      </trkpt>
      <trkpt lat="38.90785" lon="111.83778">
        <ele>1427.64</ele>
        <time>2014-07-23T22:40:01.019000Z</time>
      </trkpt>
      <trkpt lat="38.907963" lon="111.837746">
        <ele>1427.6013</ele>
        <time>2014-07-23T22:40:04.134000Z</time>
      </trkpt>
      <trkpt lat="38.908062" lon="111.837685">
        <ele>1427.7844</ele>
        <time>2014-07-23T22:40:07.249000Z</time>
      </trkpt>
      <trkpt lat="38.908173" lon="111.83763">
        <ele>1428.4175</ele>
        <time>2014-07-23T22:40:10.364000Z</time>
      </trkpt>
      <trkpt lat="38.908276" lon="111.83759">
        <ele>1428.6823</ele>
        <time>2014-07-23T22:40:13.479000Z</time>
      </trkpt>
      <trkpt lat="38.908386" lon="111.83754">
        <ele>1427.8712</ele>
        <time>2014-07-23T22:40:16.594000Z</time>
      </trkpt>
      <trkpt lat="38.908485" lon="111.83749">
        <ele>1426.6715</ele>
        <time>2014-07-23T22:40:19.709000Z</time>
      </trkpt>
      <trkpt lat="38.908577" lon="111.83742">
        <ele>1425.9498</ele>
        <time>2014-07-23T22:40:22.824000Z</time>
      </trkpt>
      <trkpt lat="38.908676" lon="111.837364">
        <ele>1425.5162</ele>
        <time>2014-07-23T22:40:25.939000Z</time>
      </trkpt>
      <trkpt lat="38.908783" lon="111.83731">
        <ele>1424.9646</ele>
        <time>2014-07-23T22:40:29.054000Z</time>
      </trkpt>
      <trkpt lat="38.908882" lon="111.83726">
        <ele>1424.6656</ele>
        <time>2014-07-23T22:40:32.169000Z</time>
      </trkpt>
      <trkpt lat="38.90898" lon="111.83719">
        <ele>1425.3574</ele>
        <time>2014-07-23T22:40:35.284000Z</time>
      </trkpt>
      <trkpt lat="38.909077" lon="111.83715">
        <ele>1426.9366</ele>
        <time>2014-07-23T22:40:38.399000Z</time>
      </trkpt>
      <trkpt lat="38.9092" lon="111.83711">
        <ele>1428.6052</ele>
        <time>2014-07-23T22:40:41.514000Z</time>
      </trkpt>
      <trkpt lat="38.909294" lon="111.83707">
        <ele>1429.7808</ele>
        <time>2014-07-23T22:40:44.629000Z</time>
      </trkpt>
      <trkpt lat="38.909393" lon="111.837">
        <ele>1430.6381</ele>
        <time>2014-07-23T22:40:47.744000Z</time>
      </trkpt>
      <trkpt lat="38.909496" lon="111.83692">
        <ele>1431.4839</ele>
        <time>2014-07-23T22:40:50.859000Z</time>
      </trkpt>
      <trkpt lat="38.90959" lon="111.836845">
        <ele>1431.9474</ele>
        <time>2014-07-23T22:40:53.974000Z</time>
      </trkpt>
      <trkpt lat="38.909702" lon="111.83678">
        <ele>1431.6788</ele>
        <time>2014-07-23T22:40:57.089000Z</time>
      </trkpt>
      <trkpt lat="38.90979" lon="111.83671">
        <ele>1431.2577</ele>
        <time>2014-07-23T22:41:00.204000Z</time>
      </trkpt>
      <trkpt lat="38.909885" lon="111.83661">
        <ele>1431.7241</ele>
        <time>2014-07-23T22:41:03.319000Z</time>
      </trkpt>
      <trkpt lat="38.909958" lon="111.83653">
        <ele>1433.7158</ele>
        <time>2014-07-23T22:41:06.434000Z</time>
      </trkpt>
      <trkpt lat="38.910057" lon="111.83648">
        <ele>1437.3547</ele>
        <time>2014-07-23T22:41:09.549000Z</time>
      </trkpt>
      <trkpt lat="38.910194" lon="111.836426">
        <ele>1441.6243</ele>
        <time>2014-07-23T22:41:12.664000Z</time>
      </trkpt>
      <trkpt lat="38.910316" lon="111.836365">
        <ele>1444.273</ele>
        <time>2014-07-23T22:41:15.779000Z</time>
      </trkpt>
      <trkpt lat="38.91041" lon="111.8363">
        <ele>1443.6177</ele>
        <time>2014-07-23T22:41:18.894000Z</time>
      </trkpt>
      <trkpt lat="38.9105" lon="111.836235">
        <ele>1440.4318</ele>
        <time>2014-07-23T22:41:22.009000Z</time>
      </trkpt>
      <trkpt lat="38.91059" lon="111.83622">
        <ele>1436.8466</ele>
        <time>2014-07-23T22:41:25.124000Z</time>
      </trkpt>
      <trkpt lat="38.910686" lon="111.83619">
        <ele>1434.3776</ele>
        <time>2014-07-23T22:41:28.239000Z</time>
      </trkpt>
      <trkpt lat="38.910778" lon="111.83611">
        <ele>1432.3641</ele>
        <time>2014-07-23T22:41:31.354000Z</time>
      </trkpt>
      <trkpt lat="38.910896" lon="111.83598">
        <ele>1429.8424</ele>
        <time>2014-07-23T22:41:34.469000Z</time>
      </trkpt>
      <trkpt lat="38.91099" lon="111.83588">
        <ele>1427.7002</ele>
        <time>2014-07-23T22:41:37.584000Z</time>
      </trkpt>
      <trkpt lat="38.911083" lon="111.835815">
        <ele>1427.5476</ele>
        <time>2014-07-23T22:41:40.699000Z</time>
      </trkpt>
      <trkpt lat="38.911163" lon="111.835754">
        <ele>1429.1917</ele>
        <time>2014-07-23T22:41:43.814000Z</time>
      </trkpt>
      <trkpt lat="38.911274" lon="111.835686">
        <ele>1431.0422</ele>
        <time>2014-07-23T22:41:46.929000Z</time>
      </trkpt>
      <trkpt lat="38.911366" lon="111.83568">
        <ele>1431.86</ele>
        <time>2014-07-23T22:41:50.044000Z</time>
      </trkpt>
      <trkpt lat="38.911503" lon="111.83563">
        <ele>1431.4447</ele>
        <time>2014-07-23T22:41:53.159000Z</time>
      </trkpt>
      <trkpt lat="38.911602" lon="111.83557">
        <ele>1430.2239</ele>
        <time>2014-07-23T22:41:56.274000Z</time>
      </trkpt>
      <trkpt lat="38.9117" lon="111.835495">
        <ele>1429.2235</ele>
        <time>2014-07-23T22:41:59.389000Z</time>
      </trkpt>
      <trkpt lat="38.9118" lon="111.83548">
        <ele>1429.3978</ele>
        <time>2014-07-23T22:42:02.504000Z</time>
      </trkpt>
      <trkpt lat="38.9119" lon="111.83546">
        <ele>1430.6255</ele>
        <time>2014-07-23T22:42:05.619000Z</time>
      </trkpt>
      <trkpt lat="38.912006" lon="111.83542">
        <ele>1431.56</ele>
        <time>2014-07-23T22:42:08.734000Z</time>
      </trkpt>
      <trkpt lat="38.91211" lon="111.835335">
        <ele>1431.0205</ele>
        <time>2014-07-23T22:42:11.849000Z</time>
      </trkpt>
      <trkpt lat="38.912247" lon="111.83525">
        <ele>1429.7726</ele>
        <time>2014-07-23T22:42:14.964000Z</time>
      </trkpt>
      <trkpt lat="38.91236" lon="111.835205">
        <ele>1428.9436</ele>
        <time>2014-07-23T22:42:18.079000Z</time>
      </trkpt>
      <trkpt lat="38.912457" lon="111.835175">
        <ele>1428.2375</ele>
        <time>2014-07-23T22:42:21.194000Z</time>
      </trkpt>
      <trkpt lat="38.912563" lon="111.8351">
        <ele>1427.3026</ele>
        <time>2014-07-23T22:42:24.309000Z</time>
      </trkpt>
      <trkpt lat="38.912663" lon="111.835045">
        <ele>1426.1205</ele>
        <time>2014-07-23T22:42:27.424000Z</time>
      </trkpt>
      <trkpt lat="38.912766" lon="111.83502">
        <ele>1424.405</ele>
        <time>2014-07-23T22:42:30.539000Z</time>
      </trkpt>
      <trkpt lat="38.912857" lon="111.83501">
        <ele>1422.6323</ele>
        <time>2014-07-23T22:42:33.654000Z</time>
      </trkpt>
      <trkpt lat="38.912964" lon="111.83496">
        <ele>1421.743</ele>
        <time>2014-07-23T22:42:36.769000Z</time>
      </trkpt>
      <trkpt lat="38.913067" lon="111.8349">
        <ele>1421.8229</ele>
        <time>2014-07-23T22:42:39.884000Z</time>
      </trkpt>
      <trkpt lat="38.913174" lon="111.834854">
        <ele>1422.2517</ele>
        <time>2014-07-23T22:42:42.999000Z</time>
      </trkpt>
      <trkpt lat="38.913273" lon="111.83477">
        <ele>1422.5221</ele>
        <time>2014-07-23T22:42:46.114000Z</time>
      </trkpt>
      <trkpt lat="38.913376" lon="111.83468">
        <ele>1422.6779</ele>
        <time>2014-07-23T22:42:49.229000Z</time>
      </trkpt>
      <trkpt lat="38.913494" lon="111.8346">
        <ele>1423.3627</ele>
        <time>2014-07-23T22:42:52.344000Z</time>
      </trkpt>
      <trkpt lat="38.913586" lon="111.83454">
        <ele>1424.8898</ele>
        <time>2014-07-23T22:42:55.459000Z</time>
      </trkpt>
      <trkpt lat="38.913685" lon="111.83448">
        <ele>1426.4722</ele>
        <time>2014-07-23T22:42:58.574000Z</time>
      </trkpt>
      <trkpt lat="38.9138" lon="111.83447">
        <ele>1427.3066</ele>
        <time>2014-07-23T22:43:01.689000Z</time>
      </trkpt>
      <trkpt lat="38.9139" lon="111.83445">
        <ele>1426.8127</ele>
        <time>2014-07-23T22:43:04.804000Z</time>
      </trkpt>
      <trkpt lat="38.913994" lon="111.834404">
        <ele>1424.9668</ele>
        <time>2014-07-23T22:43:07.919000Z</time>
      </trkpt>
      <trkpt lat="38.91409" lon="111.83436">
        <ele>1422.9362</ele>
        <time>2014-07-23T22:43:11.034000Z</time>
      </trkpt>
      <trkpt lat="38.914192" lon="111.83431">
        <ele>1421.5925</ele>
        <time>2014-07-23T22:43:14.149000Z</time>
      </trkpt>
      <trkpt lat="38.914288" lon="111.83426">
        <ele>1420.7366</ele>
        <time>2014-07-23T22:43:17.264000Z</time>
      </trkpt>
      <trkpt lat="38.914394" lon="111.83422">
        <ele>1420.2126</ele>
        <time>2014-07-23T22:43:20.379000Z</time>
      </trkpt>
      <trkpt lat="38.9145" lon="111.83417">
        <ele>1420.1144</ele>
        <time>2014-07-23T22:43:23.494000Z</time>
      </trkpt>
      <trkpt lat="38.914585" lon="111.83411">
        <ele>1420.4673</ele>
        <time>2014-07-23T22:43:26.609000Z</time>
      </trkpt>
      <trkpt lat="38.914696" lon="111.834045">
        <ele>1420.9688</ele>
        <time>2014-07-23T22:43:29.724000Z</time>
      </trkpt>
      <trkpt lat="38.914795" lon="111.834">
        <ele>1421.0732</ele>
        <time>2014-07-23T22:43:32.839000Z</time>
      </trkpt>
      <trkpt lat="38.91491" lon="111.83396">
        <ele>1420.6082</ele>
        <time>2014-07-23T22:43:35.954000Z</time>
      </trkpt>
      <trkpt lat="38.915016" lon="111.833916">
        <ele>1420.0178</ele>
        <time>2014-07-23T22:43:39.069000Z</time>
      </trkpt>
      <trkpt lat="38.915134" lon="111.833885">
        <ele>1419.8828</ele>
        <time>2014-07-23T22:43:42.184000Z</time>
      </trkpt>
      <trkpt lat="38.915226" lon="111.833824">
        <ele>1420.0968</ele>
        <time>2014-07-23T22:43:45.299000Z</time>
      </trkpt>
      <trkpt lat="38.91533" lon="111.833755">
        <ele>1420.3306</ele>
        <time>2014-07-23T22:43:48.414000Z</time>
      </trkpt>
      <trkpt lat="38.915432" lon="111.833694">
        <ele>1420.4291</ele>
        <time>2014-07-23T22:43:51.529000Z</time>
      </trkpt>
      <trkpt lat="38.915535" lon="111.83362">
        <ele>1420.4071</ele>
        <time>2014-07-23T22:43:54.644000Z</time>
      </trkpt>
      <trkpt lat="38.91562" lon="111.833565">
        <ele>1420.172</ele>
        <time>2014-07-23T22:43:57.759000Z</time>
      </trkpt>
      <trkpt lat="38.915726" lon="111.8335">
        <ele>1419.6681</ele>
        <time>2014-07-23T22:44:00.874000Z</time>
      </trkpt>
      <trkpt lat="38.915836" lon="111.83344">
        <ele>1419.0952</ele>
        <time>2014-07-23T22:44:03.989000Z</time>
      </trkpt>
      <trkpt lat="38.915955" lon="111.83338">
        <ele>1418.7164</ele>
        <time>2014-07-23T22:44:07.104000Z</time>
      </trkpt>
      <trkpt lat="38.916046" lon="111.83333">
        <ele>1418.431</ele>
        <time>2014-07-23T22:44:10.219000Z</time>
      </trkpt>
      <trkpt lat="38.916145" lon="111.8333">
        <ele>1418.2067</ele>
        <time>2014-07-23T22:44:13.334000Z</time>
      </trkpt>
      <trkpt lat="38.91624" lon="111.83328">
        <ele>1418.096</ele>
        <time>2014-07-23T22:44:16.449000Z</time>
      </trkpt>
      <trkpt lat="38.916363" lon="111.833244">
        <ele>1418.1838</ele>
        <time>2014-07-23T22:44:19.564000Z</time>
      </trkpt>
      <trkpt lat="38.916477" lon="111.83317">
        <ele>1418.4749</ele>
        <time>2014-07-23T22:44:22.679000Z</time>
      </trkpt>
      <trkpt lat="38.91657" lon="111.83309">
        <ele>1418.7888</ele>
        <time>2014-07-23T22:44:25.794000Z</time>
      </trkpt>
      <trkpt lat="38.916668" lon="111.833046">
        <ele>1419.382</ele>
        <time>2014-07-23T22:44:28.909000Z</time>
      </trkpt>
      <trkpt lat="38.91677" lon="111.83301">
        <ele>1420.9098</ele>
        <time>2014-07-23T22:44:32.024000Z</time>
      </trkpt>
      <trkpt lat="38.91686" lon="111.83294">
        <ele>1423.0322</ele>
        <time>2014-07-23T22:44:35.139000Z</time>
      </trkpt>
      <trkpt lat="38.916965" lon="111.83296">
        <ele>1424.664</ele>
        <time>2014-07-23T22:44:38.254000Z</time>
      </trkpt>
      <trkpt lat="38.91704" lon="111.83307">
        <ele>1425.3485</ele>
        <time>2014-07-23T22:44:41.369000Z</time>
      </trkpt>
      <trkpt lat="38.917095" lon="111.83317">
        <ele>1425.6764</ele>
        <time>2014-07-23T22:44:44.484000Z</time>
      </trkpt>
      <trkpt lat="38.917156" lon="111.833305">
        <ele>1426.6688</ele>
        <time>2014-07-23T22:44:47.599000Z</time>
      </trkpt>
      <trkpt lat="38.917194" lon="111.83343">
        <ele>1428.7944</ele>
        <time>2014-07-23T22:44:50.714000Z</time>
      </trkpt>
      <trkpt lat="38.917255" lon="111.83355">
        <ele>1431.2733</ele>
        <time>2014-07-23T22:44:53.829000Z</time>
      </trkpt>
      <trkpt lat="38.91733" lon="111.833664">
        <ele>1432.9564</ele>
        <time>2014-07-23T22:44:56.944000Z</time>
      </trkpt>
      <trkpt lat="38.91742" lon="111.833786">
        <ele>1433.7177</ele>
        <time>2014-07-23T22:45:00.059000Z</time>
      </trkpt>
      <trkpt lat="38.917484" lon="111.83391">
        <ele>1435.1699</ele>
        <time>2014-07-23T22:45:03.174000Z</time>
      </trkpt>
      <trkpt lat="38.917538" lon="111.834015">
        <ele>1438.4429</ele>
        <time>2014-07-23T22:45:06.289000Z</time>
      </trkpt>
      <trkpt lat="38.917618" lon="111.834145">
        <ele>1443.233</ele>
        <time>2014-07-23T22:45:09.404000Z</time>
      </trkpt>
      <trkpt lat="38.917686" lon="111.83425">
        <ele>1448.2589</ele>
        <time>2014-07-23T22:45:12.519000Z</time>
      </trkpt>
      <trkpt lat="38.917744" lon="111.83437">
        <ele>1451.3173</ele>
        <time>2014-07-23T22:45:15.634000Z</time>
      </trkpt>
      <trkpt lat="38.91778" lon="111.8345">
        <ele>1451.3912</ele>
        <time>2014-07-23T22:45:18.749000Z</time>
      </trkpt>
      <trkpt lat="38.917816" lon="111.83464">
        <ele>1450.5236</ele>
        <time>2014-07-23T22:45:21.864000Z</time>
      </trkpt>
      <trkpt lat="38.91786" lon="111.8348">
        <ele>1450.5476</ele>
        <time>2014-07-23T22:45:24.979000Z</time>
      </trkpt>
      <trkpt lat="38.9179" lon="111.83494">
        <ele>1450.7322</ele>
        <time>2014-07-23T22:45:28.094000Z</time>
      </trkpt>
      <trkpt lat="38.91795" lon="111.83506">
        <ele>1449.9751</ele>
        <time>2014-07-23T22:45:31.209000Z</time>
      </trkpt>
      <trkpt lat="38.918003" lon="111.835175">
        <ele>1448.8188</ele>
        <time>2014-07-23T22:45:34.324000Z</time>
      </trkpt>
      <trkpt lat="38.918064" lon="111.83529">
        <ele>1448.7466</ele>
        <time>2014-07-23T22:45:37.439000Z</time>
      </trkpt>
      <trkpt lat="38.918095" lon="111.83542">
        <ele>1450.1763</ele>
        <time>2014-07-23T22:45:40.554000Z</time>
      </trkpt>
      <trkpt lat="38.91812" lon="111.83553">
        <ele>1451.8951</ele>
        <time>2014-07-23T22:45:43.669000Z</time>
      </trkpt>
      <trkpt lat="38.918125" lon="111.835655">
        <ele>1452.7587</ele>
        <time>2014-07-23T22:45:46.784000Z</time>
      </trkpt>
      <trkpt lat="38.918175" lon="111.835815">
        <ele>1451.2089</ele>
        <time>2014-07-23T22:45:49.899000Z</time>
      </trkpt>
      <trkpt lat="38.918224" lon="111.836">
        <ele>1446.4542</ele>
        <time>2014-07-23T22:45:53.014000Z</time>
      </trkpt>
      <trkpt lat="38.91827" lon="111.836136">
        <ele>1441.1019</ele>
        <time>2014-07-23T22:45:56.129000Z</time>
      </trkpt>
      <trkpt lat="38.918304" lon="111.836266">
        <ele>1437.7913</ele>
        <time>2014-07-23T22:45:59.244000Z</time>
      </trkpt>
      <trkpt lat="38.918316" lon="111.8364">
        <ele>1436.3632</ele>
        <time>2014-07-23T22:46:02.359000Z</time>
      </trkpt>
      <trkpt lat="38.918354" lon="111.83651">
        <ele>1435.5643</ele>
        <time>2014-07-23T22:46:05.474000Z</time>
      </trkpt>
      <trkpt lat="38.918396" lon="111.83666">
        <ele>1434.1923</ele>
        <time>2014-07-23T22:46:08.589000Z</time>
      </trkpt>
      <trkpt lat="38.918415" lon="111.836784">
        <ele>1432.3787</ele>
        <time>2014-07-23T22:46:11.704000Z</time>
      </trkpt>
      <trkpt lat="38.918415" lon="111.836945">
        <ele>1432.149</ele>
        <time>2014-07-23T22:46:14.819000Z</time>
      </trkpt>
      <trkpt lat="38.918427" lon="111.837074">
        <ele>1434.4012</ele>
        <time>2014-07-23T22:46:17.934000Z</time>
      </trkpt>
      <trkpt lat="38.918438" lon="111.83721">
        <ele>1437.1113</ele>
        <time>2014-07-23T22:46:21.049000Z</time>
      </trkpt>
      <trkpt lat="38.91845" lon="111.83736">
        <ele>1438.3116</ele>
        <time>2014-07-23T22:46:24.164000Z</time>
      </trkpt>
      <trkpt lat="38.918476" lon="111.83748">
        <ele>1438.1718</ele>
        <time>2014-07-23T22:46:27.279000Z</time>
      </trkpt>
      <trkpt lat="38.91849" lon="111.83759">
        <ele>1437.4657</ele>
        <time>2014-07-23T22:46:30.394000Z</time>
      </trkpt>
      <trkpt lat="38.918495" lon="111.837746">
        <ele>1436.0421</ele>
        <time>2014-07-23T22:46:33.509000Z</time>
      </trkpt>
      <trkpt lat="38.918503" lon="111.83788">
        <ele>1433.4775</ele>
        <time>2014-07-23T22:46:36.624000Z</time>
      </trkpt>
      <trkpt lat="38.918503" lon="111.838005">
        <ele>1430.7731</ele>
        <time>2014-07-23T22:46:39.739000Z</time>
      </trkpt>
      <trkpt lat="38.91843" lon="111.83815">
        <ele>1429.0669</ele>
        <time>2014-07-23T22:46:42.854000Z</time>
      </trkpt>
      <trkpt lat="38.918404" lon="111.83829">
        <ele>1428.2035</ele>
        <time>2014-07-23T22:46:45.969000Z</time>
      </trkpt>
      <trkpt lat="38.918404" lon="111.83842">
        <ele>1428.0177</ele>
        <time>2014-07-23T22:46:49.084000Z</time>
      </trkpt>
      <trkpt lat="38.918427" lon="111.83854">
        <ele>1428.449</ele>
        <time>2014-07-23T22:46:52.199000Z</time>
      </trkpt>
      <trkpt lat="38.918446" lon="111.83867">
        <ele>1429.022</ele>
        <time>2014-07-23T22:46:55.314000Z</time>
      </trkpt>
      <trkpt lat="38.918457" lon="111.83881">
        <ele>1429.9796</ele>
        <time>2014-07-23T22:46:58.429000Z</time>
      </trkpt>
      <trkpt lat="38.918465" lon="111.83895">
        <ele>1431.8267</ele>
        <time>2014-07-23T22:47:01.544000Z</time>
      </trkpt>
      <trkpt lat="38.918476" lon="111.839096">
        <ele>1433.9575</ele>
        <time>2014-07-23T22:47:04.659000Z</time>
      </trkpt>
      <trkpt lat="38.918476" lon="111.83925">
        <ele>1437.8612</ele>
        <time>2014-07-23T22:47:07.774000Z</time>
      </trkpt>
      <trkpt lat="38.91846" lon="111.83946">
        <ele>1444.8082</ele>
        <time>2014-07-23T22:47:10.889000Z</time>
      </trkpt>
      <trkpt lat="38.918446" lon="111.83959">
        <ele>1450.9897</ele>
        <time>2014-07-23T22:47:14.004000Z</time>
      </trkpt>
      <trkpt lat="38.918423" lon="111.839745">
        <ele>1452.91</ele>
        <time>2014-07-23T22:47:17.119000Z</time>
      </trkpt>
      <trkpt lat="38.91837" lon="111.83984">
        <ele>1451.7645</ele>
        <time>2014-07-23T22:47:20.234000Z</time>
      </trkpt>
      <trkpt lat="38.918365" lon="111.83997">
        <ele>1447.7246</ele>
        <time>2014-07-23T22:47:23.349000Z</time>
      </trkpt>
      <trkpt lat="38.918365" lon="111.840126">
        <ele>1440.9935</ele>
        <time>2014-07-23T22:47:26.464000Z</time>
      </trkpt>
      <trkpt lat="38.918377" lon="111.84027">
        <ele>1435.0491</ele>
        <time>2014-07-23T22:47:29.579000Z</time>
      </trkpt>
      <trkpt lat="38.918396" lon="111.84039">
        <ele>1432.6572</ele>
        <time>2014-07-23T22:47:32.694000Z</time>
      </trkpt>
      <trkpt lat="38.918396" lon="111.84057">
        <ele>1432.8726</ele>
        <time>2014-07-23T22:47:35.809000Z</time>
      </trkpt>
      <trkpt lat="38.918427" lon="111.84074">
        <ele>1433.9731</ele>
        <time>2014-07-23T22:47:38.924000Z</time>
      </trkpt>
      <trkpt lat="38.91844" lon="111.84088">
        <ele>1435.0873</ele>
        <time>2014-07-23T22:47:42.039000Z</time>
      </trkpt>
      <trkpt lat="38.91843" lon="111.84101">
        <ele>1436.0815</ele>
        <time>2014-07-23T22:47:45.154000Z</time>
      </trkpt>
      <trkpt lat="38.918423" lon="111.84117">
        <ele>1436.736</ele>
        <time>2014-07-23T22:47:48.269000Z</time>
      </trkpt>
      <trkpt lat="38.91841" lon="111.84133">
        <ele>1436.9835</ele>
        <time>2014-07-23T22:47:51.384000Z</time>
      </trkpt>
      <trkpt lat="38.91839" lon="111.84146">
        <ele>1437.603</ele>
        <time>2014-07-23T22:47:54.499000Z</time>
      </trkpt>
      <trkpt lat="38.918354" lon="111.84159">
        <ele>1439.5771</ele>
        <time>2014-07-23T22:47:57.614000Z</time>
      </trkpt>
      <trkpt lat="38.918327" lon="111.84172">
        <ele>1442.4047</ele>
        <time>2014-07-23T22:48:00.729000Z</time>
      </trkpt>
      <trkpt lat="38.91835" lon="111.84185">
        <ele>1443.1573</ele>
        <time>2014-07-23T22:48:03.844000Z</time>
      </trkpt>
      <trkpt lat="38.918377" lon="111.84197">
        <ele>1440.235</ele>
        <time>2014-07-23T22:48:06.959000Z</time>
      </trkpt>
      <trkpt lat="38.918404" lon="111.84212">
        <ele>1436.3093</ele>
        <time>2014-07-23T22:48:10.074000Z</time>
      </trkpt>
      <trkpt lat="38.91841" lon="111.84224">
        <ele>1435.1299</ele>
        <time>2014-07-23T22:48:13.189000Z</time>
      </trkpt>
      <trkpt lat="38.918415" lon="111.842384">
        <ele>1436.9811</ele>
        <time>2014-07-23T22:48:16.304000Z</time>
      </trkpt>
      <trkpt lat="38.918404" lon="111.842514">
        <ele>1439.3796</ele>
        <time>2014-07-23T22:48:19.419000Z</time>
      </trkpt>
      <trkpt lat="38.918404" lon="111.84267">
        <ele>1440.1427</ele>
        <time>2014-07-23T22:48:22.534000Z</time>
      </trkpt>
      <trkpt lat="38.918407" lon="111.84279">
        <ele>1439.3035</ele>
        <time>2014-07-23T22:48:25.649000Z</time>
      </trkpt>
      <trkpt lat="38.918404" lon="111.842926">
        <ele>1438.2035</ele>
        <time>2014-07-23T22:48:28.764000Z</time>
      </trkpt>
      <trkpt lat="38.918385" lon="111.84305">
        <ele>1438.1194</ele>
        <time>2014-07-23T22:48:31.879000Z</time>
      </trkpt>
      <trkpt lat="38.918354" lon="111.84318">
        <ele>1439.0763</ele>
        <time>2014-07-23T22:48:34.994000Z</time>
      </trkpt>
      <trkpt lat="38.9183" lon="111.843315">
        <ele>1440.0138</ele>
        <time>2014-07-23T22:48:38.109000Z</time>
      </trkpt>
      <trkpt lat="38.918243" lon="111.843445">
        <ele>1439.0059</ele>
        <time>2014-07-23T22:48:41.224000Z</time>
      </trkpt>
      <trkpt lat="38.91818" lon="111.843544">
        <ele>1435.5731</ele>
        <time>2014-07-23T22:48:44.339000Z</time>
      </trkpt>
      <trkpt lat="38.918133" lon="111.84366">
        <ele>1431.8191</ele>
        <time>2014-07-23T22:48:47.454000Z</time>
      </trkpt>
      <trkpt lat="38.918083" lon="111.84377">
        <ele>1429.2615</ele>
        <time>2014-07-23T22:48:50.569000Z</time>
      </trkpt>
      <trkpt lat="38.918045" lon="111.84388">
        <ele>1427.5586</ele>
        <time>2014-07-23T22:48:53.684000Z</time>
      </trkpt>
      <trkpt lat="38.91799" lon="111.84397">
        <ele>1426.8884</ele>
        <time>2014-07-23T22:48:56.799000Z</time>
      </trkpt>
      <trkpt lat="38.917927" lon="111.84409">
        <ele>1427.3616</ele>
        <time>2014-07-23T22:48:59.914000Z</time>
      </trkpt>
      <trkpt lat="38.917866" lon="111.84421">
        <ele>1428.1542</ele>
        <time>2014-07-23T22:49:03.029000Z</time>
      </trkpt>
      <trkpt lat="38.9178" lon="111.84432">
        <ele>1428.3168</ele>
        <time>2014-07-23T22:49:06.144000Z</time>
      </trkpt>
      <trkpt lat="38.91775" lon="111.84442">
        <ele>1427.708</ele>
        <time>2014-07-23T22:49:09.259000Z</time>
      </trkpt>
      <trkpt lat="38.917706" lon="111.844536">
        <ele>1426.973</ele>
        <time>2014-07-23T22:49:12.374000Z</time>
      </trkpt>
      <trkpt lat="38.917645" lon="111.844666">
        <ele>1426.6514</ele>
        <time>2014-07-23T22:49:15.489000Z</time>
      </trkpt>
      <trkpt lat="38.91761" lon="111.844795">
        <ele>1426.5706</ele>
        <time>2014-07-23T22:49:18.604000Z</time>
      </trkpt>
      <trkpt lat="38.917564" lon="111.84494">
        <ele>1426.4546</ele>
        <time>2014-07-23T22:49:21.719000Z</time>
      </trkpt>
      <trkpt lat="38.91751" lon="111.845085">
        <ele>1426.311</ele>
        <time>2014-07-23T22:49:24.834000Z</time>
      </trkpt>
      <trkpt lat="38.917473" lon="111.84519">
        <ele>1426.2378</ele>
        <time>2014-07-23T22:49:27.949000Z</time>
      </trkpt>
      <trkpt lat="38.917408" lon="111.84531">
        <ele>1426.0552</ele>
        <time>2014-07-23T22:49:31.064000Z</time>
      </trkpt>
      <trkpt lat="38.917355" lon="111.84542">
        <ele>1425.7943</ele>
        <time>2014-07-23T22:49:34.179000Z</time>
      </trkpt>
      <trkpt lat="38.917286" lon="111.845535">
        <ele>1425.937</ele>
        <time>2014-07-23T22:49:37.294000Z</time>
      </trkpt>
      <trkpt lat="38.917244" lon="111.845665">
        <ele>1426.5885</ele>
        <time>2014-07-23T22:49:40.409000Z</time>
      </trkpt>
      <trkpt lat="38.917217" lon="111.845795">
        <ele>1427.6627</ele>
        <time>2014-07-23T22:49:43.524000Z</time>
      </trkpt>
      <trkpt lat="38.91718" lon="111.84591">
        <ele>1429.282</ele>
        <time>2014-07-23T22:49:46.639000Z</time>
      </trkpt>
      <trkpt lat="38.917118" lon="111.84604">
        <ele>1430.7714</ele>
        <time>2014-07-23T22:49:49.754000Z</time>
      </trkpt>
      <trkpt lat="38.917072" lon="111.84615">
        <ele>1431.3154</ele>
        <time>2014-07-23T22:49:52.869000Z</time>
      </trkpt>
      <trkpt lat="38.917023" lon="111.84626">
        <ele>1431.0616</ele>
        <time>2014-07-23T22:49:55.984000Z</time>
      </trkpt>
      <trkpt lat="38.916958" lon="111.84635">
        <ele>1430.4385</ele>
        <time>2014-07-23T22:49:59.099000Z</time>
      </trkpt>
      <trkpt lat="38.916897" lon="111.846466">
        <ele>1429.6348</ele>
        <time>2014-07-23T22:50:02.214000Z</time>
      </trkpt>
      <trkpt lat="38.916843" lon="111.846596">
        <ele>1429.0192</ele>
        <time>2014-07-23T22:50:05.329000Z</time>
      </trkpt>
      <trkpt lat="38.916794" lon="111.84671">
        <ele>1429.0022</ele>
        <time>2014-07-23T22:50:08.444000Z</time>
      </trkpt>
      <trkpt lat="38.916737" lon="111.846825">
        <ele>1429.487</ele>
        <time>2014-07-23T22:50:11.559000Z</time>
      </trkpt>
      <trkpt lat="38.916683" lon="111.84693">
        <ele>1429.8069</ele>
        <time>2014-07-23T22:50:14.674000Z</time>
      </trkpt>
      <trkpt lat="38.91662" lon="111.84706">
        <ele>1429.2712</ele>
        <time>2014-07-23T22:50:17.789000Z</time>
      </trkpt>
      <trkpt lat="38.91656" lon="111.847176">
        <ele>1427.9591</ele>
        <time>2014-07-23T22:50:20.904000Z</time>
      </trkpt>
      <trkpt lat="38.916508" lon="111.84729">
        <ele>1426.7642</ele>
        <time>2014-07-23T22:50:24.019000Z</time>
      </trkpt>
      <trkpt lat="38.91645" lon="111.8474">
        <ele>1426.3446</ele>
        <time>2014-07-23T22:50:27.134000Z</time>
      </trkpt>
      <trkpt lat="38.916397" lon="111.84751">
        <ele>1426.3265</ele>
        <time>2014-07-23T22:50:30.249000Z</time>
      </trkpt>
      <trkpt lat="38.916344" lon="111.84765">
        <ele>1426.0972</ele>
        <time>2014-07-23T22:50:33.364000Z</time>
      </trkpt>
      <trkpt lat="38.916298" lon="111.84777">
        <ele>1425.5281</ele>
        <time>2014-07-23T22:50:36.479000Z</time>
      </trkpt>
      <trkpt lat="38.91625" lon="111.84789">
        <ele>1424.8188</ele>
        <time>2014-07-23T22:50:39.594000Z</time>
      </trkpt>
      <trkpt lat="38.916203" lon="111.848">
        <ele>1424.205</ele>
        <time>2014-07-23T22:50:42.709000Z</time>
      </trkpt>
      <trkpt lat="38.916153" lon="111.84812">
        <ele>1424.1798</ele>
        <time>2014-07-23T22:50:45.824000Z</time>
      </trkpt>
      <trkpt lat="38.916107" lon="111.848236">
        <ele>1424.8807</ele>
        <time>2014-07-23T22:50:48.939000Z</time>
      </trkpt>
      <trkpt lat="38.916046" lon="111.848366">
        <ele>1425.8325</ele>
        <time>2014-07-23T22:50:52.054000Z</time>
      </trkpt>
      <trkpt lat="38.915993" lon="111.84848">
        <ele>1426.7872</ele>
        <time>2014-07-23T22:50:55.169000Z</time>
      </trkpt>
      <trkpt lat="38.91593" lon="111.8486">
        <ele>1427.7899</ele>
        <time>2014-07-23T22:50:58.284000Z</time>
      </trkpt>
      <trkpt lat="38.915882" lon="111.84872">
        <ele>1428.4811</ele>
        <time>2014-07-23T22:51:01.399000Z</time>
      </trkpt>
      <trkpt lat="38.91583" lon="111.84884">
        <ele>1428.6276</ele>
        <time>2014-07-23T22:51:04.514000Z</time>
      </trkpt>
      <trkpt lat="38.915768" lon="111.84897">
        <ele>1428.5426</ele>
        <time>2014-07-23T22:51:07.629000Z</time>
      </trkpt>
      <trkpt lat="38.91572" lon="111.84907">
        <ele>1428.5282</ele>
        <time>2014-07-23T22:51:10.744000Z</time>
      </trkpt>
      <trkpt lat="38.915672" lon="111.849174">
        <ele>1428.5181</ele>
        <time>2014-07-23T22:51:13.859000Z</time>
      </trkpt>
      <trkpt lat="38.915627" lon="111.84929">
        <ele>1428.3798</ele>
        <time>2014-07-23T22:51:16.974000Z</time>
      </trkpt>
      <trkpt lat="38.915577" lon="111.84941">
        <ele>1428.3809</ele>
        <time>2014-07-23T22:51:20.089000Z</time>
      </trkpt>
      <trkpt lat="38.91553" lon="111.84952">
        <ele>1428.7449</ele>
        <time>2014-07-23T22:51:23.204000Z</time>
      </trkpt>
      <trkpt lat="38.91548" lon="111.84964">
        <ele>1429.1932</ele>
        <time>2014-07-23T22:51:26.319000Z</time>
      </trkpt>
      <trkpt lat="38.91543" lon="111.849754">
        <ele>1429.4651</ele>
        <time>2014-07-23T22:51:29.434000Z</time>
      </trkpt>
      <trkpt lat="38.915375" lon="111.84989">
        <ele>1429.6748</ele>
        <time>2014-07-23T22:51:32.549000Z</time>
      </trkpt>
      <trkpt lat="38.915325" lon="111.850006">
        <ele>1429.9703</ele>
        <time>2014-07-23T22:51:35.664000Z</time>
      </trkpt>
      <trkpt lat="38.915268" lon="111.85013">
        <ele>1430.4116</ele>
        <time>2014-07-23T22:51:38.779000Z</time>
      </trkpt>
      <trkpt lat="38.91521" lon="111.85024">
        <ele>1430.9419</ele>
        <time>2014-07-23T22:51:41.894000Z</time>
      </trkpt>
      <trkpt lat="38.915157" lon="111.85038">
        <ele>1431.3754</ele>
        <time>2014-07-23T22:51:45.009000Z</time>
      </trkpt>
      <trkpt lat="38.9151" lon="111.8505">
        <ele>1431.1423</ele>
        <time>2014-07-23T22:51:48.124000Z</time>
      </trkpt>
      <trkpt lat="38.915047" lon="111.850624">
        <ele>1430.0287</ele>
        <time>2014-07-23T22:51:51.239000Z</time>
      </trkpt>
      <trkpt lat="38.914997" lon="111.850746">
        <ele>1428.8724</ele>
        <time>2014-07-23T22:51:54.354000Z</time>
      </trkpt>
      <trkpt lat="38.914948" lon="111.85087">
        <ele>1428.4912</ele>
        <time>2014-07-23T22:51:57.469000Z</time>
      </trkpt>
      <trkpt lat="38.91489" lon="111.85099">
        <ele>1428.6482</ele>
        <time>2014-07-23T22:52:00.584000Z</time>
      </trkpt>
      <trkpt lat="38.914837" lon="111.851105">
        <ele>1428.9934</ele>
        <time>2014-07-23T22:52:03.699000Z</time>
      </trkpt>
      <trkpt lat="38.914787" lon="111.85121">
        <ele>1429.54</ele>
        <time>2014-07-23T22:52:06.814000Z</time>
      </trkpt>
      <trkpt lat="38.914734" lon="111.85133">
        <ele>1430.1637</ele>
        <time>2014-07-23T22:52:09.929000Z</time>
      </trkpt>
      <trkpt lat="38.914684" lon="111.85145">
        <ele>1430.6146</ele>
        <time>2014-07-23T22:52:13.044000Z</time>
      </trkpt>
      <trkpt lat="38.91463" lon="111.85156">
        <ele>1430.9574</ele>
        <time>2014-07-23T22:52:16.159000Z</time>
      </trkpt>
      <trkpt lat="38.914577" lon="111.8517">
        <ele>1431.2626</ele>
        <time>2014-07-23T22:52:19.274000Z</time>
      </trkpt>
      <trkpt lat="38.91453" lon="111.851814">
        <ele>1431.2281</ele>
        <time>2014-07-23T22:52:22.389000Z</time>
      </trkpt>
      <trkpt lat="38.914482" lon="111.85193">
        <ele>1430.6975</ele>
        <time>2014-07-23T22:52:25.504000Z</time>
      </trkpt>
      <trkpt lat="38.91444" lon="111.85206">
        <ele>1430.0864</ele>
        <time>2014-07-23T22:52:28.619000Z</time>
      </trkpt>
      <trkpt lat="38.914383" lon="111.85218">
        <ele>1430.1748</ele>
        <time>2014-07-23T22:52:31.734000Z</time>
      </trkpt>
      <trkpt lat="38.914326" lon="111.85232">
        <ele>1431.521</ele>
        <time>2014-07-23T22:52:34.849000Z</time>
      </trkpt>
      <trkpt lat="38.914265" lon="111.85245">
        <ele>1433.6094</ele>
        <time>2014-07-23T22:52:37.964000Z</time>
      </trkpt>
      <trkpt lat="38.914215" lon="111.85257">
        <ele>1435.2626</ele>
        <time>2014-07-23T22:52:41.079000Z</time>
      </trkpt>
      <trkpt lat="38.914158" lon="111.85271">
        <ele>1436.0522</ele>
        <time>2014-07-23T22:52:44.194000Z</time>
      </trkpt>
      <trkpt lat="38.9141" lon="111.85283">
        <ele>1435.7141</ele>
        <time>2014-07-23T22:52:47.309000Z</time>
      </trkpt>
      <trkpt lat="38.91405" lon="111.85295">
        <ele>1434.248</ele>
        <time>2014-07-23T22:52:50.424000Z</time>
      </trkpt>
      <trkpt lat="38.913994" lon="111.85308">
        <ele>1432.7991</ele>
        <time>2014-07-23T22:52:53.539000Z</time>
      </trkpt>
      <trkpt lat="38.91395" lon="111.853195">
        <ele>1432.395</ele>
        <time>2014-07-23T22:52:56.654000Z</time>
      </trkpt>
      <trkpt lat="38.913902" lon="111.8533">
        <ele>1432.8809</ele>
        <time>2014-07-23T22:52:59.769000Z</time>
      </trkpt>
      <trkpt lat="38.913857" lon="111.853424">
        <ele>1433.6401</ele>
        <time>2014-07-23T22:53:02.884000Z</time>
      </trkpt>
      <trkpt lat="38.91381" lon="111.85352">
        <ele>1434.1589</ele>
        <time>2014-07-23T22:53:05.999000Z</time>
      </trkpt>
      <trkpt lat="38.913773" lon="111.853645">
        <ele>1434.3253</ele>
        <time>2014-07-23T22:53:09.114000Z</time>
      </trkpt>
      <trkpt lat="38.91373" lon="111.854004">
        <ele>1432.5267</ele>
        <time>2014-07-23T22:53:12.229000Z</time>
      </trkpt>
      <trkpt lat="38.913715" lon="111.854004">
        <ele>1434.1527</ele>
        <time>2014-07-23T22:53:15.344000Z</time>
      </trkpt>
      <trkpt lat="38.913715" lon="111.854004">
        <ele>1434.8522</ele>
        <time>2014-07-23T22:53:18.459000Z</time>
      </trkpt>
      <trkpt lat="38.913643" lon="111.85409">
        <ele>1434.8436</ele>
        <time>2014-07-23T22:53:21.574000Z</time>
      </trkpt>
      <trkpt lat="38.91356" lon="111.85417">
        <ele>1434.5503</ele>
        <time>2014-07-23T22:53:24.689000Z</time>
      </trkpt>
      <trkpt lat="38.91348" lon="111.85425">
        <ele>1434.5056</ele>
        <time>2014-07-23T22:53:27.804000Z</time>
      </trkpt>
      <trkpt lat="38.91339" lon="111.85435">
        <ele>1434.9966</ele>
        <time>2014-07-23T22:53:30.919000Z</time>
      </trkpt>
      <trkpt lat="38.91332" lon="111.85443">
        <ele>1435.6432</ele>
        <time>2014-07-23T22:53:34.034000Z</time>
      </trkpt>
      <trkpt lat="38.913246" lon="111.85453">
        <ele>1435.5671</ele>
        <time>2014-07-23T22:53:37.149000Z</time>
      </trkpt>
      <trkpt lat="38.91318" lon="111.85466">
        <ele>1434.5432</ele>
        <time>2014-07-23T22:53:40.264000Z</time>
      </trkpt>
      <trkpt lat="38.913128" lon="111.85476">
        <ele>1433.5493</ele>
        <time>2014-07-23T22:53:43.379000Z</time>
      </trkpt>
      <trkpt lat="38.91307" lon="111.85488">
        <ele>1433.6196</ele>
        <time>2014-07-23T22:53:46.494000Z</time>
      </trkpt>
      <trkpt lat="38.913002" lon="111.855">
        <ele>1434.7024</ele>
        <time>2014-07-23T22:53:49.609000Z</time>
      </trkpt>
      <trkpt lat="38.912956" lon="111.855125">
        <ele>1436.0693</ele>
        <time>2014-07-23T22:53:52.724000Z</time>
      </trkpt>
      <trkpt lat="38.912914" lon="111.85524">
        <ele>1437.1067</ele>
        <time>2014-07-23T22:53:55.839000Z</time>
      </trkpt>
      <trkpt lat="38.91287" lon="111.85534">
        <ele>1437.6123</ele>
        <time>2014-07-23T22:53:58.954000Z</time>
      </trkpt>
      <trkpt lat="38.91282" lon="111.855446">
        <ele>1437.6283</ele>
        <time>2014-07-23T22:54:02.069000Z</time>
      </trkpt>
      <trkpt lat="38.912777" lon="111.85555">
        <ele>1437.2109</ele>
        <time>2014-07-23T22:54:05.184000Z</time>
      </trkpt>
      <trkpt lat="38.91272" lon="111.85569">
        <ele>1436.5488</ele>
        <time>2014-07-23T22:54:08.299000Z</time>
      </trkpt>
      <trkpt lat="38.912674" lon="111.8558">
        <ele>1435.9845</ele>
        <time>2014-07-23T22:54:11.414000Z</time>
      </trkpt>
      <trkpt lat="38.91263" lon="111.8559">
        <ele>1435.8083</ele>
        <time>2014-07-23T22:54:14.529000Z</time>
      </trkpt>
      <trkpt lat="38.912586" lon="111.85601">
        <ele>1435.9038</ele>
        <time>2014-07-23T22:54:17.644000Z</time>
      </trkpt>
      <trkpt lat="38.912533" lon="111.85612">
        <ele>1436.0051</ele>
        <time>2014-07-23T22:54:20.759000Z</time>
      </trkpt>
      <trkpt lat="38.912483" lon="111.856224">
        <ele>1436.0107</ele>
        <time>2014-07-23T22:54:23.874000Z</time>
      </trkpt>
      <trkpt lat="38.912437" lon="111.85634">
        <ele>1436.2338</ele>
        <time>2014-07-23T22:54:26.989000Z</time>
      </trkpt>
      <trkpt lat="38.912373" lon="111.85647">
        <ele>1436.8589</ele>
        <time>2014-07-23T22:54:30.104000Z</time>
      </trkpt>
      <trkpt lat="38.91232" lon="111.85658">
        <ele>1437.6538</ele>
        <time>2014-07-23T22:54:33.219000Z</time>
      </trkpt>
      <trkpt lat="38.912266" lon="111.856705">
        <ele>1438.1176</ele>
        <time>2014-07-23T22:54:36.334000Z</time>
      </trkpt>
      <trkpt lat="38.91222" lon="111.85681">
        <ele>1438.2494</ele>
        <time>2014-07-23T22:54:39.449000Z</time>
      </trkpt>
      <trkpt lat="38.91217" lon="111.856926">
        <ele>1438.2302</ele>
        <time>2014-07-23T22:54:42.564000Z</time>
      </trkpt>
      <trkpt lat="38.91213" lon="111.85704">
        <ele>1437.7903</ele>
        <time>2014-07-23T22:54:45.679000Z</time>
      </trkpt>
      <trkpt lat="38.912083" lon="111.85714">
        <ele>1436.9026</ele>
        <time>2014-07-23T22:54:48.794000Z</time>
      </trkpt>
      <trkpt lat="38.912037" lon="111.857254">
        <ele>1436.5828</ele>
        <time>2014-07-23T22:54:51.909000Z</time>
      </trkpt>
      <trkpt lat="38.911983" lon="111.857376">
        <ele>1437.3595</ele>
        <time>2014-07-23T22:54:55.024000Z</time>
      </trkpt>
      <trkpt lat="38.911934" lon="111.85749">
        <ele>1438.9043</ele>
        <time>2014-07-23T22:54:58.139000Z</time>
      </trkpt>
      <trkpt lat="38.911877" lon="111.85761">
        <ele>1440.5394</ele>
        <time>2014-07-23T22:55:01.254000Z</time>
      </trkpt>
      <trkpt lat="38.91181" lon="111.85775">
        <ele>1441.5845</ele>
        <time>2014-07-23T22:55:04.369000Z</time>
      </trkpt>
      <trkpt lat="38.91176" lon="111.85787">
        <ele>1441.6088</ele>
        <time>2014-07-23T22:55:07.484000Z</time>
      </trkpt>
      <trkpt lat="38.911713" lon="111.85797">
        <ele>1440.9049</ele>
        <time>2014-07-23T22:55:10.599000Z</time>
      </trkpt>
      <trkpt lat="38.911663" lon="111.85809">
        <ele>1440.1398</ele>
        <time>2014-07-23T22:55:13.714000Z</time>
      </trkpt>
      <trkpt lat="38.911617" lon="111.85821">
        <ele>1440.2327</ele>
        <time>2014-07-23T22:55:16.829000Z</time>
      </trkpt>
      <trkpt lat="38.91156" lon="111.858345">
        <ele>1441.5372</ele>
        <time>2014-07-23T22:55:19.944000Z</time>
      </trkpt>
      <trkpt lat="38.911507" lon="111.85845">
        <ele>1443.2916</ele>
        <time>2014-07-23T22:55:23.059000Z</time>
      </trkpt>
      <trkpt lat="38.911453" lon="111.858574">
        <ele>1444.7451</ele>
        <time>2014-07-23T22:55:26.174000Z</time>
      </trkpt>
      <trkpt lat="38.911407" lon="111.858696">
        <ele>1445.8666</ele>
        <time>2014-07-23T22:55:29.289000Z</time>
      </trkpt>
      <trkpt lat="38.91137" lon="111.8588">
        <ele>1446.4927</ele>
        <time>2014-07-23T22:55:32.404000Z</time>
      </trkpt>
      <trkpt lat="38.911316" lon="111.85894">
        <ele>1446.534</ele>
        <time>2014-07-23T22:55:35.519000Z</time>
      </trkpt>
      <trkpt lat="38.91126" lon="111.85906">
        <ele>1445.8828</ele>
        <time>2014-07-23T22:55:38.634000Z</time>
      </trkpt>
      <trkpt lat="38.911205" lon="111.85915">
        <ele>1444.518</ele>
        <time>2014-07-23T22:55:41.749000Z</time>
      </trkpt>
      <trkpt lat="38.91115" lon="111.85927">
        <ele>1443.1989</ele>
        <time>2014-07-23T22:55:44.864000Z</time>
      </trkpt>
      <trkpt lat="38.9111" lon="111.859406">
        <ele>1442.585</ele>
        <time>2014-07-23T22:55:47.979000Z</time>
      </trkpt>
      <trkpt lat="38.91105" lon="111.85952">
        <ele>1442.5658</ele>
        <time>2014-07-23T22:55:51.094000Z</time>
      </trkpt>
      <trkpt lat="38.911007" lon="111.85963">
        <ele>1442.7751</ele>
        <time>2014-07-23T22:55:54.209000Z</time>
      </trkpt>
      <trkpt lat="38.91096" lon="111.85973">
        <ele>1442.9543</ele>
        <time>2014-07-23T22:55:57.324000Z</time>
      </trkpt>
      <trkpt lat="38.910915" lon="111.85985">
        <ele>1443.4391</ele>
        <time>2014-07-23T22:56:00.439000Z</time>
      </trkpt>
      <trkpt lat="38.91086" lon="111.85997">
        <ele>1444.4481</ele>
        <time>2014-07-23T22:56:03.554000Z</time>
      </trkpt>
      <trkpt lat="38.910812" lon="111.86008">
        <ele>1444.8378</ele>
        <time>2014-07-23T22:56:06.669000Z</time>
      </trkpt>
      <trkpt lat="38.91076" lon="111.8602">
        <ele>1443.8019</ele>
        <time>2014-07-23T22:56:09.784000Z</time>
      </trkpt>
      <trkpt lat="38.910713" lon="111.86032">
        <ele>1442.3125</ele>
        <time>2014-07-23T22:56:12.899000Z</time>
      </trkpt>
      <trkpt lat="38.910667" lon="111.86043">
        <ele>1441.6189</ele>
        <time>2014-07-23T22:56:16.014000Z</time>
      </trkpt>
      <trkpt lat="38.91061" lon="111.86056">
        <ele>1442.2238</ele>
        <time>2014-07-23T22:56:19.129000Z</time>
      </trkpt>
      <trkpt lat="38.91056" lon="111.86066">
        <ele>1443.8374</ele>
        <time>2014-07-23T22:56:22.244000Z</time>
      </trkpt>
      <trkpt lat="38.91052" lon="111.86076">
        <ele>1445.376</ele>
        <time>2014-07-23T22:56:25.359000Z</time>
      </trkpt>
      <trkpt lat="38.910473" lon="111.86086">
        <ele>1445.7351</ele>
        <time>2014-07-23T22:56:28.474000Z</time>
      </trkpt>
      <trkpt lat="38.910423" lon="111.86098">
        <ele>1444.8494</ele>
        <time>2014-07-23T22:56:31.589000Z</time>
      </trkpt>
      <trkpt lat="38.91038" lon="111.861084">
        <ele>1443.8538</ele>
        <time>2014-07-23T22:56:34.704000Z</time>
      </trkpt>
      <trkpt lat="38.91033" lon="111.8612">
        <ele>1443.9248</ele>
        <time>2014-07-23T22:56:37.819000Z</time>
      </trkpt>
      <trkpt lat="38.91027" lon="111.861336">
        <ele>1445.0524</ele>
        <time>2014-07-23T22:56:40.934000Z</time>
      </trkpt>
      <trkpt lat="38.91022" lon="111.861435">
        <ele>1446.6376</ele>
        <time>2014-07-23T22:56:44.049000Z</time>
      </trkpt>
      <trkpt lat="38.91017" lon="111.86155">
        <ele>1448.0969</ele>
        <time>2014-07-23T22:56:47.164000Z</time>
      </trkpt>
      <trkpt lat="38.910107" lon="111.86168">
        <ele>1448.534</ele>
        <time>2014-07-23T22:56:50.279000Z</time>
      </trkpt>
      <trkpt lat="38.910053" lon="111.861786">
        <ele>1447.6013</ele>
        <time>2014-07-23T22:56:53.394000Z</time>
      </trkpt>
      <trkpt lat="38.909996" lon="111.861885">
        <ele>1446.4153</ele>
        <time>2014-07-23T22:56:56.509000Z</time>
      </trkpt>
      <trkpt lat="38.909943" lon="111.861984">
        <ele>1445.9681</ele>
        <time>2014-07-23T22:56:59.624000Z</time>
      </trkpt>
      <trkpt lat="38.90988" lon="111.86209">
        <ele>1446.0181</ele>
        <time>2014-07-23T22:57:02.739000Z</time>
      </trkpt>
      <trkpt lat="38.909817" lon="111.86221">
        <ele>1446.0935</ele>
        <time>2014-07-23T22:57:05.854000Z</time>
      </trkpt>
      <trkpt lat="38.909756" lon="111.86234">
        <ele>1446.06</ele>
        <time>2014-07-23T22:57:08.969000Z</time>
      </trkpt>
      <trkpt lat="38.909702" lon="111.86244">
        <ele>1446.1385</ele>
        <time>2014-07-23T22:57:12.084000Z</time>
      </trkpt>
      <trkpt lat="38.90964" lon="111.86256">
        <ele>1446.527</ele>
        <time>2014-07-23T22:57:15.199000Z</time>
      </trkpt>
      <trkpt lat="38.909573" lon="111.86269">
        <ele>1447.1061</ele>
        <time>2014-07-23T22:57:18.314000Z</time>
      </trkpt>
      <trkpt lat="38.9095" lon="111.86284">
        <ele>1448.0938</ele>
        <time>2014-07-23T22:57:21.429000Z</time>
      </trkpt>
      <trkpt lat="38.90942" lon="111.863">
        <ele>1449.6707</ele>
        <time>2014-07-23T22:57:24.544000Z</time>
      </trkpt>
      <trkpt lat="38.90935" lon="111.863144">
        <ele>1451.1902</ele>
        <time>2014-07-23T22:57:27.659000Z</time>
      </trkpt>
      <trkpt lat="38.909283" lon="111.86329">
        <ele>1452.0612</ele>
        <time>2014-07-23T22:57:30.774000Z</time>
      </trkpt>
      <trkpt lat="38.909203" lon="111.86345">
        <ele>1452.0995</ele>
        <time>2014-07-23T22:57:33.889000Z</time>
      </trkpt>
      <trkpt lat="38.9091" lon="111.86362">
        <ele>1451.3553</ele>
        <time>2014-07-23T22:57:37.004000Z</time>
      </trkpt>
      <trkpt lat="38.909016" lon="111.863785">
        <ele>1450.4869</ele>
        <time>2014-07-23T22:57:40.119000Z</time>
      </trkpt>
      <trkpt lat="38.908928" lon="111.86396">
        <ele>1450.1919</ele>
        <time>2014-07-23T22:57:43.234000Z</time>
      </trkpt>
      <trkpt lat="38.90888" lon="111.86406">
        <ele>1450.4607</ele>
        <time>2014-07-23T22:57:46.349000Z</time>
      </trkpt>
      <trkpt lat="38.908833" lon="111.864174">
        <ele>1450.8121</ele>
        <time>2014-07-23T22:57:49.464000Z</time>
      </trkpt>
      <trkpt lat="38.908752" lon="111.86434">
        <ele>1450.9248</ele>
        <time>2014-07-23T22:57:52.579000Z</time>
      </trkpt>
      <trkpt lat="38.9087" lon="111.86443">
        <ele>1451.2242</ele>
        <time>2014-07-23T22:57:55.694000Z</time>
      </trkpt>
      <trkpt lat="38.908646" lon="111.86454">
        <ele>1452.2509</ele>
        <time>2014-07-23T22:57:58.809000Z</time>
      </trkpt>
      <trkpt lat="38.908646" lon="111.86454">
        <ele>1453.4424</ele>
        <time>2014-07-23T22:58:01.924000Z</time>
      </trkpt>
      <trkpt lat="38.908607" lon="111.86468">
        <ele>1454.0531</ele>
        <time>2014-07-23T22:58:05.039000Z</time>
      </trkpt>
      <trkpt lat="38.908615" lon="111.864815">
        <ele>1454.288</ele>
        <time>2014-07-23T22:58:08.154000Z</time>
      </trkpt>
      <trkpt lat="38.90866" lon="111.864944">
        <ele>1454.5471</ele>
        <time>2014-07-23T22:58:11.269000Z</time>
      </trkpt>
      <trkpt lat="38.908695" lon="111.86505">
        <ele>1454.3608</ele>
        <time>2014-07-23T22:58:14.384000Z</time>
      </trkpt>
      <trkpt lat="38.908825" lon="111.86533">
        <ele>1449.9534</ele>
        <time>2014-07-23T22:58:17.499000Z</time>
      </trkpt>
      <trkpt lat="38.90883" lon="111.86532">
        <ele>1449.1527</ele>
        <time>2014-07-23T22:58:20.614000Z</time>
      </trkpt>
      <trkpt lat="38.90883" lon="111.86532">
        <ele>1447.5186</ele>
        <time>2014-07-23T22:58:23.729000Z</time>
      </trkpt>
      <trkpt lat="38.908882" lon="111.86522">
        <ele>1446.2605</ele>
        <time>2014-07-23T22:58:26.844000Z</time>
      </trkpt>
      <trkpt lat="38.908943" lon="111.86513">
        <ele>1446.7489</ele>
        <time>2014-07-23T22:58:29.959000Z</time>
      </trkpt>
      <trkpt lat="38.90901" lon="111.86502">
        <ele>1448.7083</ele>
        <time>2014-07-23T22:58:33.074000Z</time>
      </trkpt>
      <trkpt lat="38.909077" lon="111.864914">
        <ele>1450.6921</ele>
        <time>2014-07-23T22:58:36.189000Z</time>
      </trkpt>
      <trkpt lat="38.90913" lon="111.864815">
        <ele>1451.4563</ele>
        <time>2014-07-23T22:58:39.304000Z</time>
      </trkpt>
      <trkpt lat="38.90919" lon="111.864716">
        <ele>1450.968</ele>
        <time>2014-07-23T22:58:42.419000Z</time>
      </trkpt>
      <trkpt lat="38.90925" lon="111.864624">
        <ele>1450.2336</ele>
        <time>2014-07-23T22:58:45.534000Z</time>
      </trkpt>
      <trkpt lat="38.90931" lon="111.86453">
        <ele>1450.0413</ele>
        <time>2014-07-23T22:58:48.649000Z</time>
      </trkpt>
      <trkpt lat="38.909367" lon="111.86441">
        <ele>1449.9158</ele>
        <time>2014-07-23T22:58:51.764000Z</time>
      </trkpt>
      <trkpt lat="38.909435" lon="111.86429">
        <ele>1449.2723</ele>
        <time>2014-07-23T22:58:54.879000Z</time>
      </trkpt>
      <trkpt lat="38.909508" lon="111.86417">
        <ele>1448.4886</ele>
        <time>2014-07-23T22:58:57.994000Z</time>
      </trkpt>
      <trkpt lat="38.90958" lon="111.86407">
        <ele>1448.245</ele>
        <time>2014-07-23T22:59:01.109000Z</time>
      </trkpt>
      <trkpt lat="38.909653" lon="111.86395">
        <ele>1448.5679</ele>
        <time>2014-07-23T22:59:04.224000Z</time>
      </trkpt>
      <trkpt lat="38.909718" lon="111.86384">
        <ele>1449.0082</ele>
        <time>2014-07-23T22:59:07.339000Z</time>
      </trkpt>
      <trkpt lat="38.909775" lon="111.86375">
        <ele>1449.2325</ele>
        <time>2014-07-23T22:59:10.454000Z</time>
      </trkpt>
      <trkpt lat="38.909832" lon="111.86361">
        <ele>1449.3204</ele>
        <time>2014-07-23T22:59:13.569000Z</time>
      </trkpt>
      <trkpt lat="38.909893" lon="111.86349">
        <ele>1449.4344</ele>
        <time>2014-07-23T22:59:16.684000Z</time>
      </trkpt>
      <trkpt lat="38.90995" lon="111.863365">
        <ele>1449.5745</ele>
        <time>2014-07-23T22:59:19.799000Z</time>
      </trkpt>
      <trkpt lat="38.910007" lon="111.86325">
        <ele>1449.7139</ele>
        <time>2014-07-23T22:59:22.914000Z</time>
      </trkpt>
      <trkpt lat="38.910065" lon="111.86314">
        <ele>1449.5778</ele>
        <time>2014-07-23T22:59:26.029000Z</time>
      </trkpt>
      <trkpt lat="38.910133" lon="111.863014">
        <ele>1448.9358</ele>
        <time>2014-07-23T22:59:29.144000Z</time>
      </trkpt>
      <trkpt lat="38.91019" lon="111.86291">
        <ele>1448.1936</ele>
        <time>2014-07-23T22:59:32.259000Z</time>
      </trkpt>
      <trkpt lat="38.910248" lon="111.862785">
        <ele>1447.8954</ele>
        <time>2014-07-23T22:59:35.374000Z</time>
      </trkpt>
      <trkpt lat="38.910297" lon="111.86266">
        <ele>1448.0248</ele>
        <time>2014-07-23T22:59:38.489000Z</time>
      </trkpt>
      <trkpt lat="38.910343" lon="111.86256">
        <ele>1447.6788</ele>
        <time>2014-07-23T22:59:41.604000Z</time>
      </trkpt>
      <trkpt lat="38.910385" lon="111.86245">
        <ele>1446.2124</ele>
        <time>2014-07-23T22:59:44.719000Z</time>
      </trkpt>
      <trkpt lat="38.910427" lon="111.862335">
        <ele>1444.5137</ele>
        <time>2014-07-23T22:59:47.834000Z</time>
      </trkpt>
      <trkpt lat="38.910473" lon="111.86222">
        <ele>1443.9001</ele>
        <time>2014-07-23T22:59:50.949000Z</time>
      </trkpt>
      <trkpt lat="38.91052" lon="111.862114">
        <ele>1444.6187</ele>
        <time>2014-07-23T22:59:54.064000Z</time>
      </trkpt>
      <trkpt lat="38.910576" lon="111.861984">
        <ele>1445.906</ele>
        <time>2014-07-23T22:59:57.179000Z</time>
      </trkpt>
      <trkpt lat="38.910625" lon="111.86188">
        <ele>1446.4438</ele>
        <time>2014-07-23T23:00:00.294000Z</time>
      </trkpt>
      <trkpt lat="38.9107" lon="111.86174">
        <ele>1445.5759</ele>
        <time>2014-07-23T23:00:03.409000Z</time>
      </trkpt>
      <trkpt lat="38.910755" lon="111.86162">
        <ele>1444.0052</ele>
        <time>2014-07-23T23:00:06.524000Z</time>
      </trkpt>
      <trkpt lat="38.910812" lon="111.86149">
        <ele>1442.8368</ele>
        <time>2014-07-23T23:00:09.639000Z</time>
      </trkpt>
      <trkpt lat="38.91085" lon="111.86139">
        <ele>1442.6674</ele>
        <time>2014-07-23T23:00:12.754000Z</time>
      </trkpt>
      <trkpt lat="38.9109" lon="111.86127">
        <ele>1443.4176</ele>
        <time>2014-07-23T23:00:15.869000Z</time>
      </trkpt>
      <trkpt lat="38.910942" lon="111.86115">
        <ele>1444.3372</ele>
        <time>2014-07-23T23:00:18.984000Z</time>
      </trkpt>
      <trkpt lat="38.91099" lon="111.861046">
        <ele>1444.8187</ele>
        <time>2014-07-23T23:00:22.099000Z</time>
      </trkpt>
      <trkpt lat="38.91105" lon="111.86092">
        <ele>1444.5278</ele>
        <time>2014-07-23T23:00:25.214000Z</time>
      </trkpt>
      <trkpt lat="38.911102" lon="111.86081">
        <ele>1443.851</ele>
        <time>2014-07-23T23:00:28.329000Z</time>
      </trkpt>
      <trkpt lat="38.91115" lon="111.860695">
        <ele>1443.379</ele>
        <time>2014-07-23T23:00:31.444000Z</time>
      </trkpt>
      <trkpt lat="38.9112" lon="111.860565">
        <ele>1443.1312</ele>
        <time>2014-07-23T23:00:34.559000Z</time>
      </trkpt>
      <trkpt lat="38.911243" lon="111.860466">
        <ele>1442.8022</ele>
        <time>2014-07-23T23:00:37.674000Z</time>
      </trkpt>
      <trkpt lat="38.911293" lon="111.86035">
        <ele>1442.5872</ele>
        <time>2014-07-23T23:00:40.789000Z</time>
      </trkpt>
      <trkpt lat="38.91135" lon="111.86024">
        <ele>1442.3811</ele>
        <time>2014-07-23T23:00:43.904000Z</time>
      </trkpt>
      <trkpt lat="38.911396" lon="111.86012">
        <ele>1441.6749</ele>
        <time>2014-07-23T23:00:47.019000Z</time>
      </trkpt>
      <trkpt lat="38.911457" lon="111.85999">
        <ele>1440.4205</ele>
        <time>2014-07-23T23:00:50.134000Z</time>
      </trkpt>
      <trkpt lat="38.91151" lon="111.859886">
        <ele>1439.4147</ele>
        <time>2014-07-23T23:00:53.249000Z</time>
      </trkpt>
      <trkpt lat="38.91157" lon="111.85975">
        <ele>1438.954</ele>
        <time>2014-07-23T23:00:56.364000Z</time>
      </trkpt>
      <trkpt lat="38.911636" lon="111.859634">
        <ele>1438.878</ele>
        <time>2014-07-23T23:00:59.479000Z</time>
      </trkpt>
      <trkpt lat="38.91168" lon="111.85952">
        <ele>1438.9222</ele>
        <time>2014-07-23T23:01:02.594000Z</time>
      </trkpt>
      <trkpt lat="38.91173" lon="111.859375">
        <ele>1439.1244</ele>
        <time>2014-07-23T23:01:05.709000Z</time>
      </trkpt>
      <trkpt lat="38.911785" lon="111.85924">
        <ele>1439.5664</ele>
        <time>2014-07-23T23:01:08.824000Z</time>
      </trkpt>
      <trkpt lat="38.911846" lon="111.859116">
        <ele>1439.9149</ele>
        <time>2014-07-23T23:01:11.939000Z</time>
      </trkpt>
      <trkpt lat="38.911915" lon="111.85899">
        <ele>1439.7128</ele>
        <time>2014-07-23T23:01:15.054000Z</time>
      </trkpt>
      <trkpt lat="38.911972" lon="111.85887">
        <ele>1439.2249</ele>
        <time>2014-07-23T23:01:18.169000Z</time>
      </trkpt>
      <trkpt lat="38.912025" lon="111.85875">
        <ele>1438.6938</ele>
        <time>2014-07-23T23:01:21.284000Z</time>
      </trkpt>
      <trkpt lat="38.91208" lon="111.85864">
        <ele>1438.1033</ele>
        <time>2014-07-23T23:01:24.399000Z</time>
      </trkpt>
      <trkpt lat="38.91213" lon="111.858536">
        <ele>1437.3743</ele>
        <time>2014-07-23T23:01:27.514000Z</time>
      </trkpt>
      <trkpt lat="38.912167" lon="111.85843">
        <ele>1436.7168</ele>
        <time>2014-07-23T23:01:30.629000Z</time>
      </trkpt>
      <trkpt lat="38.912216" lon="111.858315">
        <ele>1436.2137</ele>
        <time>2014-07-23T23:01:33.744000Z</time>
      </trkpt>
      <trkpt lat="38.912273" lon="111.8582">
        <ele>1436.0146</ele>
        <time>2014-07-23T23:01:36.859000Z</time>
      </trkpt>
      <trkpt lat="38.912334" lon="111.8581">
        <ele>1436.2833</ele>
        <time>2014-07-23T23:01:39.974000Z</time>
      </trkpt>
      <trkpt lat="38.9124" lon="111.85799">
        <ele>1436.8511</ele>
        <time>2014-07-23T23:01:43.089000Z</time>
      </trkpt>
      <trkpt lat="38.91246" lon="111.85787">
        <ele>1437.1818</ele>
        <time>2014-07-23T23:01:46.204000Z</time>
      </trkpt>
      <trkpt lat="38.912518" lon="111.85774">
        <ele>1437.3488</ele>
        <time>2014-07-23T23:01:49.319000Z</time>
      </trkpt>
      <trkpt lat="38.91257" lon="111.857605">
        <ele>1437.5283</ele>
        <time>2014-07-23T23:01:52.434000Z</time>
      </trkpt>
      <trkpt lat="38.912617" lon="111.8575">
        <ele>1437.6644</ele>
        <time>2014-07-23T23:01:55.549000Z</time>
      </trkpt>
      <trkpt lat="38.912663" lon="111.85739">
        <ele>1437.6576</ele>
        <time>2014-07-23T23:01:58.664000Z</time>
      </trkpt>
      <trkpt lat="38.912712" lon="111.857285">
        <ele>1437.6292</ele>
        <time>2014-07-23T23:02:01.779000Z</time>
      </trkpt>
      <trkpt lat="38.912766" lon="111.857185">
        <ele>1437.6967</ele>
        <time>2014-07-23T23:02:04.894000Z</time>
      </trkpt>
      <trkpt lat="38.912815" lon="111.85707">
        <ele>1437.7135</ele>
        <time>2014-07-23T23:02:08.009000Z</time>
      </trkpt>
      <trkpt lat="38.91288" lon="111.856964">
        <ele>1437.542</ele>
        <time>2014-07-23T23:02:11.124000Z</time>
      </trkpt>
      <trkpt lat="38.91294" lon="111.85686">
        <ele>1437.3192</ele>
        <time>2014-07-23T23:02:14.239000Z</time>
      </trkpt>
      <trkpt lat="38.913002" lon="111.85675">
        <ele>1437.2975</ele>
        <time>2014-07-23T23:02:17.354000Z</time>
      </trkpt>
      <trkpt lat="38.91307" lon="111.85665">
        <ele>1437.7264</ele>
        <time>2014-07-23T23:02:20.469000Z</time>
      </trkpt>
      <trkpt lat="38.913136" lon="111.85655">
        <ele>1438.5542</ele>
        <time>2014-07-23T23:02:23.584000Z</time>
      </trkpt>
      <trkpt lat="38.913193" lon="111.85647">
        <ele>1439.4374</ele>
        <time>2014-07-23T23:02:26.699000Z</time>
      </trkpt>
      <trkpt lat="38.913265" lon="111.856346">
        <ele>1440.0039</ele>
        <time>2014-07-23T23:02:29.814000Z</time>
      </trkpt>
      <trkpt lat="38.91333" lon="111.856255">
        <ele>1439.5778</ele>
        <time>2014-07-23T23:02:32.929000Z</time>
      </trkpt>
      <trkpt lat="38.913376" lon="111.856155">
        <ele>1437.4305</ele>
        <time>2014-07-23T23:02:36.044000Z</time>
      </trkpt>
      <trkpt lat="38.91342" lon="111.85601">
        <ele>1434.0345</ele>
        <time>2014-07-23T23:02:39.159000Z</time>
      </trkpt>
      <trkpt lat="38.913467" lon="111.85586">
        <ele>1431.0024</ele>
        <time>2014-07-23T23:02:42.274000Z</time>
      </trkpt>
      <trkpt lat="38.9135" lon="111.85574">
        <ele>1429.8859</ele>
        <time>2014-07-23T23:02:45.389000Z</time>
      </trkpt>
      <trkpt lat="38.913483" lon="111.8556">
        <ele>1430.8197</ele>
        <time>2014-07-23T23:02:48.504000Z</time>
      </trkpt>
      <trkpt lat="38.913452" lon="111.85548">
        <ele>1432.3577</ele>
        <time>2014-07-23T23:02:51.619000Z</time>
      </trkpt>
      <trkpt lat="38.91342" lon="111.85532">
        <ele>1433.2522</ele>
        <time>2014-07-23T23:02:54.734000Z</time>
      </trkpt>
      <trkpt lat="38.913395" lon="111.85521">
        <ele>1433.2821</ele>
        <time>2014-07-23T23:02:57.849000Z</time>
      </trkpt>
      <trkpt lat="38.913376" lon="111.85509">
        <ele>1432.6794</ele>
        <time>2014-07-23T23:03:00.964000Z</time>
      </trkpt>
      <trkpt lat="38.91334" lon="111.854935">
        <ele>1432.0118</ele>
        <time>2014-07-23T23:03:04.079000Z</time>
      </trkpt>
      <trkpt lat="38.91334" lon="111.85482">
        <ele>1431.7072</ele>
        <time>2014-07-23T23:03:07.194000Z</time>
      </trkpt>
      <trkpt lat="38.913376" lon="111.854706">
        <ele>1432.0449</ele>
        <time>2014-07-23T23:03:10.309000Z</time>
      </trkpt>
      <trkpt lat="38.913418" lon="111.854576">
        <ele>1433.0759</ele>
        <time>2014-07-23T23:03:13.424000Z</time>
      </trkpt>
      <trkpt lat="38.913464" lon="111.85447">
        <ele>1434.1202</ele>
        <time>2014-07-23T23:03:16.539000Z</time>
      </trkpt>
      <trkpt lat="38.913517" lon="111.854324">
        <ele>1434.2382</ele>
        <time>2014-07-23T23:03:19.654000Z</time>
      </trkpt>
      <trkpt lat="38.913574" lon="111.854225">
        <ele>1433.8727</ele>
        <time>2014-07-23T23:03:22.769000Z</time>
      </trkpt>
      <trkpt lat="38.913635" lon="111.85412">
        <ele>1434.114</ele>
        <time>2014-07-23T23:03:25.884000Z</time>
      </trkpt>
      <trkpt lat="38.91369" lon="111.854">
        <ele>1434.8961</ele>
        <time>2014-07-23T23:03:28.999000Z</time>
      </trkpt>
      <trkpt lat="38.91374" lon="111.8539">
        <ele>1435.4218</ele>
        <time>2014-07-23T23:03:32.114000Z</time>
      </trkpt>
      <trkpt lat="38.91379" lon="111.85377">
        <ele>1435.3763</ele>
        <time>2014-07-23T23:03:35.229000Z</time>
      </trkpt>
      <trkpt lat="38.91384" lon="111.853645">
        <ele>1434.743</ele>
        <time>2014-07-23T23:03:38.344000Z</time>
      </trkpt>
      <trkpt lat="38.913902" lon="111.853516">
        <ele>1433.9579</ele>
        <time>2014-07-23T23:03:41.459000Z</time>
      </trkpt>
      <trkpt lat="38.913963" lon="111.85339">
        <ele>1433.4866</ele>
        <time>2014-07-23T23:03:44.574000Z</time>
      </trkpt>
      <trkpt lat="38.91403" lon="111.85327">
        <ele>1433.5869</ele>
        <time>2014-07-23T23:03:47.689000Z</time>
      </trkpt>
      <trkpt lat="38.914074" lon="111.85316">
        <ele>1433.9733</ele>
        <time>2014-07-23T23:03:50.804000Z</time>
      </trkpt>
      <trkpt lat="38.914124" lon="111.85304">
        <ele>1434.4827</ele>
        <time>2014-07-23T23:03:53.919000Z</time>
      </trkpt>
      <trkpt lat="38.914177" lon="111.85291">
        <ele>1434.5873</ele>
        <time>2014-07-23T23:03:57.034000Z</time>
      </trkpt>
      <trkpt lat="38.914223" lon="111.85281">
        <ele>1433.4211</ele>
        <time>2014-07-23T23:04:00.149000Z</time>
      </trkpt>
      <trkpt lat="38.914272" lon="111.85269">
        <ele>1431.4075</ele>
        <time>2014-07-23T23:04:03.264000Z</time>
      </trkpt>
      <trkpt lat="38.914326" lon="111.85256">
        <ele>1429.8761</ele>
        <time>2014-07-23T23:04:06.379000Z</time>
      </trkpt>
      <trkpt lat="38.91438" lon="111.85243">
        <ele>1429.4324</ele>
        <time>2014-07-23T23:04:09.494000Z</time>
      </trkpt>
      <trkpt lat="38.914433" lon="111.85231">
        <ele>1429.9843</ele>
        <time>2014-07-23T23:04:12.609000Z</time>
      </trkpt>
      <trkpt lat="38.914474" lon="111.85221">
        <ele>1430.7682</ele>
        <time>2014-07-23T23:04:15.724000Z</time>
      </trkpt>
      <trkpt lat="38.91453" lon="111.85208">
        <ele>1431.035</ele>
        <time>2014-07-23T23:04:18.839000Z</time>
      </trkpt>
      <trkpt lat="38.91459" lon="111.85195">
        <ele>1430.8813</ele>
        <time>2014-07-23T23:04:21.954000Z</time>
      </trkpt>
      <trkpt lat="38.914642" lon="111.851814">
        <ele>1430.6738</ele>
        <time>2014-07-23T23:04:25.069000Z</time>
      </trkpt>
      <trkpt lat="38.914703" lon="111.851685">
        <ele>1430.5874</ele>
        <time>2014-07-23T23:04:28.184000Z</time>
      </trkpt>
      <trkpt lat="38.91475" lon="111.85158">
        <ele>1430.8678</ele>
        <time>2014-07-23T23:04:31.299000Z</time>
      </trkpt>
      <trkpt lat="38.914806" lon="111.85144">
        <ele>1431.7959</ele>
        <time>2014-07-23T23:04:34.414000Z</time>
      </trkpt>
      <trkpt lat="38.914852" lon="111.851326">
        <ele>1433.0555</ele>
        <time>2014-07-23T23:04:37.529000Z</time>
      </trkpt>
      <trkpt lat="38.9149" lon="111.8512">
        <ele>1434.0317</ele>
        <time>2014-07-23T23:04:40.644000Z</time>
      </trkpt>
      <trkpt lat="38.914948" lon="111.85106">
        <ele>1433.9962</ele>
        <time>2014-07-23T23:04:43.759000Z</time>
      </trkpt>
      <trkpt lat="38.915012" lon="111.85092">
        <ele>1432.8606</ele>
        <time>2014-07-23T23:04:46.874000Z</time>
      </trkpt>
      <trkpt lat="38.915066" lon="111.8508">
        <ele>1431.5151</ele>
        <time>2014-07-23T23:04:49.989000Z</time>
      </trkpt>
      <trkpt lat="38.91512" lon="111.85068">
        <ele>1430.7865</ele>
        <time>2014-07-23T23:04:53.104000Z</time>
      </trkpt>
      <trkpt lat="38.915173" lon="111.85056">
        <ele>1430.3524</ele>
        <time>2014-07-23T23:04:56.219000Z</time>
      </trkpt>
      <trkpt lat="38.915222" lon="111.85045">
        <ele>1429.7341</ele>
        <time>2014-07-23T23:04:59.334000Z</time>
      </trkpt>
      <trkpt lat="38.91527" lon="111.85032">
        <ele>1429.1599</ele>
        <time>2014-07-23T23:05:02.449000Z</time>
      </trkpt>
      <trkpt lat="38.915318" lon="111.85021">
        <ele>1429.0991</ele>
        <time>2014-07-23T23:05:05.564000Z</time>
      </trkpt>
      <trkpt lat="38.91537" lon="111.8501">
        <ele>1429.4891</ele>
        <time>2014-07-23T23:05:08.679000Z</time>
      </trkpt>
      <trkpt lat="38.91542" lon="111.84998">
        <ele>1429.9269</ele>
        <time>2014-07-23T23:05:11.794000Z</time>
      </trkpt>
      <trkpt lat="38.915478" lon="111.84986">
        <ele>1430.1553</ele>
        <time>2014-07-23T23:05:14.909000Z</time>
      </trkpt>
      <trkpt lat="38.915524" lon="111.849754">
        <ele>1430.361</ele>
        <time>2014-07-23T23:05:18.024000Z</time>
      </trkpt>
      <trkpt lat="38.915577" lon="111.84964">
        <ele>1430.7196</ele>
        <time>2014-07-23T23:05:21.139000Z</time>
      </trkpt>
      <trkpt lat="38.915638" lon="111.849495">
        <ele>1431.038</ele>
        <time>2014-07-23T23:05:24.254000Z</time>
      </trkpt>
      <trkpt lat="38.915695" lon="111.849365">
        <ele>1430.7429</ele>
        <time>2014-07-23T23:05:27.369000Z</time>
      </trkpt>
      <trkpt lat="38.91575" lon="111.84926">
        <ele>1429.696</ele>
        <time>2014-07-23T23:05:30.484000Z</time>
      </trkpt>
      <trkpt lat="38.915802" lon="111.849144">
        <ele>1428.5983</ele>
        <time>2014-07-23T23:05:33.599000Z</time>
      </trkpt>
      <trkpt lat="38.91585" lon="111.849014">
        <ele>1427.7688</ele>
        <time>2014-07-23T23:05:36.714000Z</time>
      </trkpt>
      <trkpt lat="38.915894" lon="111.8489">
        <ele>1426.8418</ele>
        <time>2014-07-23T23:05:39.829000Z</time>
      </trkpt>
      <trkpt lat="38.915947" lon="111.84876">
        <ele>1425.946</ele>
        <time>2014-07-23T23:05:42.944000Z</time>
      </trkpt>
      <trkpt lat="38.916004" lon="111.84863">
        <ele>1425.4584</ele>
        <time>2014-07-23T23:05:46.059000Z</time>
      </trkpt>
      <trkpt lat="38.916065" lon="111.8485">
        <ele>1425.668</ele>
        <time>2014-07-23T23:05:49.174000Z</time>
      </trkpt>
      <trkpt lat="38.916107" lon="111.8484">
        <ele>1426.809</ele>
        <time>2014-07-23T23:05:52.289000Z</time>
      </trkpt>
      <trkpt lat="38.916157" lon="111.84829">
        <ele>1428.3907</ele>
        <time>2014-07-23T23:05:55.404000Z</time>
      </trkpt>
      <trkpt lat="38.916203" lon="111.848175">
        <ele>1428.8954</ele>
        <time>2014-07-23T23:05:58.519000Z</time>
      </trkpt>
      <trkpt lat="38.91626" lon="111.848045">
        <ele>1427.6155</ele>
        <time>2014-07-23T23:06:01.634000Z</time>
      </trkpt>
      <trkpt lat="38.916313" lon="111.84793">
        <ele>1425.8318</ele>
        <time>2014-07-23T23:06:04.749000Z</time>
      </trkpt>
      <trkpt lat="38.916367" lon="111.8478">
        <ele>1424.7883</ele>
        <time>2014-07-23T23:06:07.864000Z</time>
      </trkpt>
      <trkpt lat="38.91642" lon="111.847664">
        <ele>1424.3103</ele>
        <time>2014-07-23T23:06:10.979000Z</time>
      </trkpt>
      <trkpt lat="38.916466" lon="111.84755">
        <ele>1424.0548</ele>
        <time>2014-07-23T23:06:14.094000Z</time>
      </trkpt>
      <trkpt lat="38.916515" lon="111.84744">
        <ele>1423.9668</ele>
        <time>2014-07-23T23:06:17.209000Z</time>
      </trkpt>
      <trkpt lat="38.91656" lon="111.84732">
        <ele>1423.9652</ele>
        <time>2014-07-23T23:06:20.324000Z</time>
      </trkpt>
      <trkpt lat="38.916615" lon="111.8472">
        <ele>1423.9753</ele>
        <time>2014-07-23T23:06:23.439000Z</time>
      </trkpt>
      <trkpt lat="38.916668" lon="111.84708">
        <ele>1423.7413</ele>
        <time>2014-07-23T23:06:26.554000Z</time>
      </trkpt>
      <trkpt lat="38.916718" lon="111.84696">
        <ele>1423.1278</ele>
        <time>2014-07-23T23:06:29.669000Z</time>
      </trkpt>
      <trkpt lat="38.91677" lon="111.84684">
        <ele>1422.9633</ele>
        <time>2014-07-23T23:06:32.784000Z</time>
      </trkpt>
      <trkpt lat="38.916817" lon="111.846725">
        <ele>1424.085</ele>
        <time>2014-07-23T23:06:35.899000Z</time>
      </trkpt>
      <trkpt lat="38.91686" lon="111.84662">
        <ele>1426.2029</ele>
        <time>2014-07-23T23:06:39.014000Z</time>
      </trkpt>
      <trkpt lat="38.916912" lon="111.8465">
        <ele>1428.379</ele>
        <time>2014-07-23T23:06:42.129000Z</time>
      </trkpt>
      <trkpt lat="38.916965" lon="111.84638">
        <ele>1429.3748</ele>
        <time>2014-07-23T23:06:45.244000Z</time>
      </trkpt>
      <trkpt lat="38.91702" lon="111.84625">
        <ele>1428.5132</ele>
        <time>2014-07-23T23:06:48.359000Z</time>
      </trkpt>
      <trkpt lat="38.917072" lon="111.84613">
        <ele>1426.9761</ele>
        <time>2014-07-23T23:06:51.474000Z</time>
      </trkpt>
      <trkpt lat="38.91712" lon="111.846">
        <ele>1426.1863</ele>
        <time>2014-07-23T23:06:54.589000Z</time>
      </trkpt>
      <trkpt lat="38.917168" lon="111.8459">
        <ele>1426.1218</ele>
        <time>2014-07-23T23:06:57.704000Z</time>
      </trkpt>
      <trkpt lat="38.917236" lon="111.84577">
        <ele>1426.1947</ele>
        <time>2014-07-23T23:07:00.819000Z</time>
      </trkpt>
      <trkpt lat="38.917297" lon="111.84564">
        <ele>1426.2118</ele>
        <time>2014-07-23T23:07:03.934000Z</time>
      </trkpt>
      <trkpt lat="38.917355" lon="111.84551">
        <ele>1426.1744</ele>
        <time>2014-07-23T23:07:07.049000Z</time>
      </trkpt>
      <trkpt lat="38.917397" lon="111.84539">
        <ele>1426.1432</ele>
        <time>2014-07-23T23:07:10.164000Z</time>
      </trkpt>
      <trkpt lat="38.91744" lon="111.84528">
        <ele>1425.9191</ele>
        <time>2014-07-23T23:07:13.279000Z</time>
      </trkpt>
      <trkpt lat="38.917496" lon="111.84517">
        <ele>1425.2672</ele>
        <time>2014-07-23T23:07:16.394000Z</time>
      </trkpt>
      <trkpt lat="38.91754" lon="111.84504">
        <ele>1424.4453</ele>
        <time>2014-07-23T23:07:19.509000Z</time>
      </trkpt>
      <trkpt lat="38.917603" lon="111.84492">
        <ele>1423.9781</ele>
        <time>2014-07-23T23:07:22.624000Z</time>
      </trkpt>
      <trkpt lat="38.91766" lon="111.844795">
        <ele>1424.3774</ele>
        <time>2014-07-23T23:07:25.739000Z</time>
      </trkpt>
      <trkpt lat="38.91773" lon="111.844666">
        <ele>1425.6113</ele>
        <time>2014-07-23T23:07:28.854000Z</time>
      </trkpt>
      <trkpt lat="38.91778" lon="111.84453">
        <ele>1426.8229</ele>
        <time>2014-07-23T23:07:31.969000Z</time>
      </trkpt>
      <trkpt lat="38.91782" lon="111.8444">
        <ele>1427.3046</ele>
        <time>2014-07-23T23:07:35.084000Z</time>
      </trkpt>
      <trkpt lat="38.917877" lon="111.84427">
        <ele>1427.1776</ele>
        <time>2014-07-23T23:07:38.199000Z</time>
      </trkpt>
      <trkpt lat="38.91793" lon="111.84415">
        <ele>1426.7312</ele>
        <time>2014-07-23T23:07:41.314000Z</time>
      </trkpt>
      <trkpt lat="38.91798" lon="111.84403">
        <ele>1426.1797</ele>
        <time>2014-07-23T23:07:44.429000Z</time>
      </trkpt>
      <trkpt lat="38.918026" lon="111.84392">
        <ele>1425.6453</ele>
        <time>2014-07-23T23:07:47.544000Z</time>
      </trkpt>
      <trkpt lat="38.91808" lon="111.843796">
        <ele>1425.0732</ele>
        <time>2014-07-23T23:07:50.659000Z</time>
      </trkpt>
      <trkpt lat="38.918125" lon="111.84369">
        <ele>1424.236</ele>
        <time>2014-07-23T23:07:53.774000Z</time>
      </trkpt>
      <trkpt lat="38.91818" lon="111.84357">
        <ele>1422.9183</ele>
        <time>2014-07-23T23:07:56.889000Z</time>
      </trkpt>
      <trkpt lat="38.918243" lon="111.84346">
        <ele>1421.3578</ele>
        <time>2014-07-23T23:08:00.004000Z</time>
      </trkpt>
      <trkpt lat="38.918324" lon="111.84336">
        <ele>1420.4036</ele>
        <time>2014-07-23T23:08:03.119000Z</time>
      </trkpt>
      <trkpt lat="38.918407" lon="111.84328">
        <ele>1420.974</ele>
        <time>2014-07-23T23:08:06.234000Z</time>
      </trkpt>
      <trkpt lat="38.918415" lon="111.84316">
        <ele>1422.3167</ele>
        <time>2014-07-23T23:08:09.349000Z</time>
      </trkpt>
      <trkpt lat="38.918373" lon="111.84303">
        <ele>1423.0719</ele>
        <time>2014-07-23T23:08:12.464000Z</time>
      </trkpt>
      <trkpt lat="38.91835" lon="111.842926">
        <ele>1423.3676</ele>
        <time>2014-07-23T23:08:15.579000Z</time>
      </trkpt>
      <trkpt lat="38.91833" lon="111.842804">
        <ele>1423.9453</ele>
        <time>2014-07-23T23:08:18.694000Z</time>
      </trkpt>
      <trkpt lat="38.918316" lon="111.842674">
        <ele>1424.9572</ele>
        <time>2014-07-23T23:08:21.809000Z</time>
      </trkpt>
      <trkpt lat="38.918312" lon="111.84253">
        <ele>1426.3425</ele>
        <time>2014-07-23T23:08:24.924000Z</time>
      </trkpt>
      <trkpt lat="38.918312" lon="111.84241">
        <ele>1427.4348</ele>
        <time>2014-07-23T23:08:28.039000Z</time>
      </trkpt>
      <trkpt lat="38.91832" lon="111.84227">
        <ele>1427.8331</ele>
        <time>2014-07-23T23:08:31.154000Z</time>
      </trkpt>
      <trkpt lat="38.918324" lon="111.842125">
        <ele>1427.7375</ele>
        <time>2014-07-23T23:08:34.269000Z</time>
      </trkpt>
      <trkpt lat="38.918327" lon="111.841995">
        <ele>1426.9913</ele>
        <time>2014-07-23T23:08:37.384000Z</time>
      </trkpt>
      <trkpt lat="38.91832" lon="111.84184">
        <ele>1425.5051</ele>
        <time>2014-07-23T23:08:40.499000Z</time>
      </trkpt>
      <trkpt lat="38.918316" lon="111.84172">
        <ele>1423.6453</ele>
        <time>2014-07-23T23:08:43.614000Z</time>
      </trkpt>
      <trkpt lat="38.918324" lon="111.84159">
        <ele>1421.794</ele>
        <time>2014-07-23T23:08:46.729000Z</time>
      </trkpt>
      <trkpt lat="38.91834" lon="111.84146">
        <ele>1420.4718</ele>
        <time>2014-07-23T23:08:49.844000Z</time>
      </trkpt>
      <trkpt lat="38.918324" lon="111.84132">
        <ele>1419.914</ele>
        <time>2014-07-23T23:08:52.959000Z</time>
      </trkpt>
      <trkpt lat="38.9183" lon="111.8412">
        <ele>1419.4391</ele>
        <time>2014-07-23T23:08:56.074000Z</time>
      </trkpt>
      <trkpt lat="38.918316" lon="111.841034">
        <ele>1418.9254</ele>
        <time>2014-07-23T23:08:59.189000Z</time>
      </trkpt>
      <trkpt lat="38.918324" lon="111.840904">
        <ele>1419.2046</ele>
        <time>2014-07-23T23:09:02.304000Z</time>
      </trkpt>
      <trkpt lat="38.918327" lon="111.840775">
        <ele>1420.9822</ele>
        <time>2014-07-23T23:09:05.419000Z</time>
      </trkpt>
      <trkpt lat="38.918316" lon="111.84063">
        <ele>1423.6763</ele>
        <time>2014-07-23T23:09:08.534000Z</time>
      </trkpt>
      <trkpt lat="38.9183" lon="111.8405">
        <ele>1426.1682</ele>
        <time>2014-07-23T23:09:11.649000Z</time>
      </trkpt>
      <trkpt lat="38.9183" lon="111.84038">
        <ele>1428.5614</ele>
        <time>2014-07-23T23:09:14.764000Z</time>
      </trkpt>
      <trkpt lat="38.918293" lon="111.84024">
        <ele>1431.7587</ele>
        <time>2014-07-23T23:09:17.879000Z</time>
      </trkpt>
      <trkpt lat="38.918285" lon="111.840096">
        <ele>1435.6049</ele>
        <time>2014-07-23T23:09:20.994000Z</time>
      </trkpt>
      <trkpt lat="38.91828" lon="111.83994">
        <ele>1438.9324</ele>
        <time>2014-07-23T23:09:24.109000Z</time>
      </trkpt>
      <trkpt lat="38.918278" lon="111.83978">
        <ele>1440.4543</ele>
        <time>2014-07-23T23:09:27.224000Z</time>
      </trkpt>
      <trkpt lat="38.918285" lon="111.83964">
        <ele>1440.0748</ele>
        <time>2014-07-23T23:09:30.339000Z</time>
      </trkpt>
      <trkpt lat="38.918297" lon="111.83949">
        <ele>1439.0729</ele>
        <time>2014-07-23T23:09:33.454000Z</time>
      </trkpt>
      <trkpt lat="38.91831" lon="111.83936">
        <ele>1438.479</ele>
        <time>2014-07-23T23:09:36.569000Z</time>
      </trkpt>
      <trkpt lat="38.918312" lon="111.83921">
        <ele>1438.1711</ele>
        <time>2014-07-23T23:09:39.684000Z</time>
      </trkpt>
      <trkpt lat="38.918324" lon="111.83909">
        <ele>1437.2443</ele>
        <time>2014-07-23T23:09:42.799000Z</time>
      </trkpt>
      <trkpt lat="38.918327" lon="111.83895">
        <ele>1435.8317</ele>
        <time>2014-07-23T23:09:45.914000Z</time>
      </trkpt>
      <trkpt lat="38.91832" lon="111.83879">
        <ele>1435.1843</ele>
        <time>2014-07-23T23:09:49.029000Z</time>
      </trkpt>
      <trkpt lat="38.918316" lon="111.83867">
        <ele>1435.9901</ele>
        <time>2014-07-23T23:09:52.144000Z</time>
      </trkpt>
      <trkpt lat="38.91833" lon="111.83853">
        <ele>1437.7377</ele>
        <time>2014-07-23T23:09:55.259000Z</time>
      </trkpt>
      <trkpt lat="38.91835" lon="111.838394">
        <ele>1438.7666</ele>
        <time>2014-07-23T23:09:58.374000Z</time>
      </trkpt>
      <trkpt lat="38.91836" lon="111.838264">
        <ele>1437.1932</ele>
        <time>2014-07-23T23:10:01.489000Z</time>
      </trkpt>
      <trkpt lat="38.918358" lon="111.83813">
        <ele>1433.6826</ele>
        <time>2014-07-23T23:10:04.604000Z</time>
      </trkpt>
      <trkpt lat="38.918346" lon="111.83799">
        <ele>1430.7556</ele>
        <time>2014-07-23T23:10:07.719000Z</time>
      </trkpt>
      <trkpt lat="38.918346" lon="111.83783">
        <ele>1430.269</ele>
        <time>2014-07-23T23:10:10.834000Z</time>
      </trkpt>
      <trkpt lat="38.91835" lon="111.83766">
        <ele>1431.9286</ele>
        <time>2014-07-23T23:10:13.949000Z</time>
      </trkpt>
      <trkpt lat="38.918346" lon="111.837494">
        <ele>1434.0487</ele>
        <time>2014-07-23T23:10:17.064000Z</time>
      </trkpt>
      <trkpt lat="38.918343" lon="111.83737">
        <ele>1435.2495</ele>
        <time>2014-07-23T23:10:20.179000Z</time>
      </trkpt>
      <trkpt lat="38.918343" lon="111.83725">
        <ele>1435.405</ele>
        <time>2014-07-23T23:10:23.294000Z</time>
      </trkpt>
      <trkpt lat="38.918346" lon="111.83709">
        <ele>1434.9205</ele>
        <time>2014-07-23T23:10:26.409000Z</time>
      </trkpt>
      <trkpt lat="38.91833" lon="111.83696">
        <ele>1433.9202</ele>
        <time>2014-07-23T23:10:29.524000Z</time>
      </trkpt>
      <trkpt lat="38.918312" lon="111.83681">
        <ele>1432.4956</ele>
        <time>2014-07-23T23:10:32.639000Z</time>
      </trkpt>
      <trkpt lat="38.918262" lon="111.83668">
        <ele>1432.1974</ele>
        <time>2014-07-23T23:10:35.754000Z</time>
      </trkpt>
      <trkpt lat="38.918205" lon="111.83654">
        <ele>1435.5786</ele>
        <time>2014-07-23T23:10:38.869000Z</time>
      </trkpt>
      <trkpt lat="38.918194" lon="111.83641">
        <ele>1442.0381</ele>
        <time>2014-07-23T23:10:41.984000Z</time>
      </trkpt>
      <trkpt lat="38.918194" lon="111.836266">
        <ele>1446.1606</ele>
        <time>2014-07-23T23:10:45.099000Z</time>
      </trkpt>
      <trkpt lat="38.918163" lon="111.83615">
        <ele>1444.8739</ele>
        <time>2014-07-23T23:10:48.214000Z</time>
      </trkpt>
      <trkpt lat="38.918087" lon="111.83606">
        <ele>1441.5107</ele>
        <time>2014-07-23T23:10:51.329000Z</time>
      </trkpt>
      <trkpt lat="38.91802" lon="111.83595">
        <ele>1441.6326</ele>
        <time>2014-07-23T23:10:54.444000Z</time>
      </trkpt>
      <trkpt lat="38.917953" lon="111.835846">
        <ele>1447.572</ele>
        <time>2014-07-23T23:10:57.559000Z</time>
      </trkpt>
      <trkpt lat="38.917908" lon="111.83572">
        <ele>1455.9136</ele>
        <time>2014-07-23T23:11:00.674000Z</time>
      </trkpt>
      <trkpt lat="38.917854" lon="111.835625">
        <ele>1462.2726</ele>
        <time>2014-07-23T23:11:03.789000Z</time>
      </trkpt>
      <trkpt lat="38.917816" lon="111.83549">
        <ele>1465.303</ele>
        <time>2014-07-23T23:11:06.904000Z</time>
      </trkpt>
      <trkpt lat="38.91781" lon="111.83535">
        <ele>1464.9514</ele>
        <time>2014-07-23T23:11:10.019000Z</time>
      </trkpt>
      <trkpt lat="38.917767" lon="111.83521">
        <ele>1461.3923</ele>
        <time>2014-07-23T23:11:13.134000Z</time>
      </trkpt>
      <trkpt lat="38.91773" lon="111.83509">
        <ele>1455.2598</ele>
        <time>2014-07-23T23:11:16.249000Z</time>
      </trkpt>
      <trkpt lat="38.91769" lon="111.83496">
        <ele>1447.8896</ele>
        <time>2014-07-23T23:11:19.364000Z</time>
      </trkpt>
      <trkpt lat="38.91766" lon="111.83482">
        <ele>1441.1243</ele>
        <time>2014-07-23T23:11:22.479000Z</time>
      </trkpt>
      <trkpt lat="38.917625" lon="111.83469">
        <ele>1435.6007</ele>
        <time>2014-07-23T23:11:25.594000Z</time>
      </trkpt>
      <trkpt lat="38.917576" lon="111.83455">
        <ele>1431.3285</ele>
        <time>2014-07-23T23:11:28.709000Z</time>
      </trkpt>
      <trkpt lat="38.91751" lon="111.83442">
        <ele>1428.1467</ele>
        <time>2014-07-23T23:11:31.824000Z</time>
      </trkpt>
      <trkpt lat="38.917454" lon="111.834305">
        <ele>1425.4529</ele>
        <time>2014-07-23T23:11:34.939000Z</time>
      </trkpt>
      <trkpt lat="38.917397" lon="111.83418">
        <ele>1422.641</ele>
        <time>2014-07-23T23:11:38.054000Z</time>
      </trkpt>
      <trkpt lat="38.91734" lon="111.83408">
        <ele>1420.1765</ele>
        <time>2014-07-23T23:11:41.169000Z</time>
      </trkpt>
      <trkpt lat="38.91729" lon="111.833954">
        <ele>1419.0208</ele>
        <time>2014-07-23T23:11:44.284000Z</time>
      </trkpt>
      <trkpt lat="38.91724" lon="111.83385">
        <ele>1419.2086</ele>
        <time>2014-07-23T23:11:47.399000Z</time>
      </trkpt>
      <trkpt lat="38.917206" lon="111.8337">
        <ele>1419.7825</ele>
        <time>2014-07-23T23:11:50.514000Z</time>
      </trkpt>
      <trkpt lat="38.917156" lon="111.833595">
        <ele>1419.9972</ele>
        <time>2014-07-23T23:11:53.629000Z</time>
      </trkpt>
      <trkpt lat="38.9171" lon="111.8335">
        <ele>1420.0317</ele>
        <time>2014-07-23T23:11:56.744000Z</time>
      </trkpt>
      <trkpt lat="38.917076" lon="111.8334">
        <ele>1420.2277</ele>
        <time>2014-07-23T23:11:59.859000Z</time>
      </trkpt>
      <trkpt lat="38.916794" lon="111.83274">
        <ele>1418.0049</ele>
        <time>2014-07-23T23:12:02.974000Z</time>
      </trkpt>
      <trkpt lat="38.916782" lon="111.83274">
        <ele>1417.638</ele>
        <time>2014-07-23T23:12:06.089000Z</time>
      </trkpt>
      <trkpt lat="38.91665" lon="111.832794">
        <ele>1417.2958</ele>
        <time>2014-07-23T23:12:09.204000Z</time>
      </trkpt>
      <trkpt lat="38.91665" lon="111.832794">
        <ele>1416.9752</ele>
        <time>2014-07-23T23:12:12.319000Z</time>
      </trkpt>
      <trkpt lat="38.916534" lon="111.83285">
        <ele>1416.9492</ele>
        <time>2014-07-23T23:12:15.434000Z</time>
      </trkpt>
      <trkpt lat="38.916443" lon="111.8329">
        <ele>1417.6735</ele>
        <time>2014-07-23T23:12:18.549000Z</time>
      </trkpt>
      <trkpt lat="38.916363" lon="111.833015">
        <ele>1419.2158</ele>
        <time>2014-07-23T23:12:21.664000Z</time>
      </trkpt>
      <trkpt lat="38.91625" lon="111.83309">
        <ele>1421.4735</ele>
        <time>2014-07-23T23:12:24.779000Z</time>
      </trkpt>
      <trkpt lat="38.91617" lon="111.833145">
        <ele>1423.9471</ele>
        <time>2014-07-23T23:12:27.894000Z</time>
      </trkpt>
      <trkpt lat="38.916058" lon="111.83321">
        <ele>1425.4935</ele>
        <time>2014-07-23T23:12:31.009000Z</time>
      </trkpt>
      <trkpt lat="38.91597" lon="111.83329">
        <ele>1425.5381</ele>
        <time>2014-07-23T23:12:34.124000Z</time>
      </trkpt>
      <trkpt lat="38.915867" lon="111.83335">
        <ele>1424.4473</ele>
        <time>2014-07-23T23:12:37.239000Z</time>
      </trkpt>
      <trkpt lat="38.915764" lon="111.833405">
        <ele>1423.2578</ele>
        <time>2014-07-23T23:12:40.354000Z</time>
      </trkpt>
      <trkpt lat="38.91565" lon="111.83348">
        <ele>1423.3693</ele>
        <time>2014-07-23T23:12:43.469000Z</time>
      </trkpt>
      <trkpt lat="38.91554" lon="111.83356">
        <ele>1426.1699</ele>
        <time>2014-07-23T23:12:46.584000Z</time>
      </trkpt>
      <trkpt lat="38.915443" lon="111.83362">
        <ele>1431.0996</ele>
        <time>2014-07-23T23:12:49.699000Z</time>
      </trkpt>
      <trkpt lat="38.915337" lon="111.83368">
        <ele>1435.3693</ele>
        <time>2014-07-23T23:12:52.814000Z</time>
      </trkpt>
      <trkpt lat="38.915237" lon="111.833755">
        <ele>1438.4216</ele>
        <time>2014-07-23T23:12:55.929000Z</time>
      </trkpt>
      <trkpt lat="38.91513" lon="111.833824">
        <ele>1441.5316</ele>
        <time>2014-07-23T23:12:59.044000Z</time>
      </trkpt>
      <trkpt lat="38.91503" lon="111.83387">
        <ele>1444.0947</ele>
        <time>2014-07-23T23:13:02.159000Z</time>
      </trkpt>
      <trkpt lat="38.91492" lon="111.8339">
        <ele>1445.6438</ele>
        <time>2014-07-23T23:13:05.274000Z</time>
      </trkpt>
      <trkpt lat="38.9148" lon="111.83396">
        <ele>1447.1334</ele>
        <time>2014-07-23T23:13:08.389000Z</time>
      </trkpt>
      <trkpt lat="38.91468" lon="111.83401">
        <ele>1448.5715</ele>
        <time>2014-07-23T23:13:11.504000Z</time>
      </trkpt>
      <trkpt lat="38.91457" lon="111.83407">
        <ele>1449.3958</ele>
        <time>2014-07-23T23:13:14.619000Z</time>
      </trkpt>
      <trkpt lat="38.914455" lon="111.83414">
        <ele>1449.5226</ele>
        <time>2014-07-23T23:13:17.734000Z</time>
      </trkpt>
      <trkpt lat="38.91436" lon="111.8342">
        <ele>1448.8783</ele>
        <time>2014-07-23T23:13:20.849000Z</time>
      </trkpt>
      <trkpt lat="38.914276" lon="111.83426">
        <ele>1447.4872</ele>
        <time>2014-07-23T23:13:23.964000Z</time>
      </trkpt>
      <trkpt lat="38.91418" lon="111.83432">
        <ele>1446.0193</ele>
        <time>2014-07-23T23:13:27.079000Z</time>
      </trkpt>
      <trkpt lat="38.914078" lon="111.834366">
        <ele>1444.641</ele>
        <time>2014-07-23T23:13:30.194000Z</time>
      </trkpt>
      <trkpt lat="38.913963" lon="111.8344">
        <ele>1442.7369</ele>
        <time>2014-07-23T23:13:33.309000Z</time>
      </trkpt>
      <trkpt lat="38.913868" lon="111.83444">
        <ele>1440.5989</ele>
        <time>2014-07-23T23:13:36.424000Z</time>
      </trkpt>
      <trkpt lat="38.913773" lon="111.83449">
        <ele>1439.1903</ele>
        <time>2014-07-23T23:13:39.539000Z</time>
      </trkpt>
      <trkpt lat="38.91367" lon="111.83455">
        <ele>1438.6912</ele>
        <time>2014-07-23T23:13:42.654000Z</time>
      </trkpt>
      <trkpt lat="38.913574" lon="111.83462">
        <ele>1438.4819</ele>
        <time>2014-07-23T23:13:45.769000Z</time>
      </trkpt>
      <trkpt lat="38.913467" lon="111.83467">
        <ele>1437.208</ele>
        <time>2014-07-23T23:13:48.884000Z</time>
      </trkpt>
      <trkpt lat="38.91339" lon="111.83474">
        <ele>1434.5057</ele>
        <time>2014-07-23T23:13:51.999000Z</time>
      </trkpt>
      <trkpt lat="38.913292" lon="111.834816">
        <ele>1433.1721</ele>
        <time>2014-07-23T23:13:55.114000Z</time>
      </trkpt>
      <trkpt lat="38.913177" lon="111.83487">
        <ele>1435.81</ele>
        <time>2014-07-23T23:13:58.229000Z</time>
      </trkpt>
      <trkpt lat="38.913094" lon="111.834915">
        <ele>1440.8776</ele>
        <time>2014-07-23T23:14:01.344000Z</time>
      </trkpt>
      <trkpt lat="38.912983" lon="111.83498">
        <ele>1445.2251</ele>
        <time>2014-07-23T23:14:04.459000Z</time>
      </trkpt>
      <trkpt lat="38.91289" lon="111.835014">
        <ele>1447.4196</ele>
        <time>2014-07-23T23:14:07.574000Z</time>
      </trkpt>
      <trkpt lat="38.91279" lon="111.83505">
        <ele>1447.6501</ele>
        <time>2014-07-23T23:14:10.689000Z</time>
      </trkpt>
      <trkpt lat="38.912685" lon="111.8351">
        <ele>1445.4543</ele>
        <time>2014-07-23T23:14:13.804000Z</time>
      </trkpt>
      <trkpt lat="38.912586" lon="111.83515">
        <ele>1440.8855</ele>
        <time>2014-07-23T23:14:16.919000Z</time>
      </trkpt>
      <trkpt lat="38.912487" lon="111.8352">
        <ele>1436.459</ele>
        <time>2014-07-23T23:14:20.034000Z</time>
      </trkpt>
      <trkpt lat="38.912388" lon="111.83524">
        <ele>1433.9612</ele>
        <time>2014-07-23T23:14:23.149000Z</time>
      </trkpt>
      <trkpt lat="38.91229" lon="111.835335">
        <ele>1433.021</ele>
        <time>2014-07-23T23:14:26.264000Z</time>
      </trkpt>
      <trkpt lat="38.91219" lon="111.83541">
        <ele>1433.3325</ele>
        <time>2014-07-23T23:14:29.379000Z</time>
      </trkpt>
      <trkpt lat="38.912083" lon="111.83547">
        <ele>1435.1921</ele>
        <time>2014-07-23T23:14:32.494000Z</time>
      </trkpt>
      <trkpt lat="38.911976" lon="111.8355">
        <ele>1439.2312</ele>
        <time>2014-07-23T23:14:35.609000Z</time>
      </trkpt>
      <trkpt lat="38.911865" lon="111.83556">
        <ele>1444.3568</ele>
        <time>2014-07-23T23:14:38.724000Z</time>
      </trkpt>
      <trkpt lat="38.91177" lon="111.8356">
        <ele>1447.9436</ele>
        <time>2014-07-23T23:14:41.839000Z</time>
      </trkpt>
      <trkpt lat="38.91166" lon="111.835655">
        <ele>1449.1539</ele>
        <time>2014-07-23T23:14:44.954000Z</time>
      </trkpt>
      <trkpt lat="38.911564" lon="111.83571">
        <ele>1449.0278</ele>
        <time>2014-07-23T23:14:48.069000Z</time>
      </trkpt>
      <trkpt lat="38.91144" lon="111.83575">
        <ele>1447.24</ele>
        <time>2014-07-23T23:14:51.184000Z</time>
      </trkpt>
      <trkpt lat="38.911324" lon="111.83581">
        <ele>1443.4338</ele>
        <time>2014-07-23T23:14:54.299000Z</time>
      </trkpt>
      <trkpt lat="38.91124" lon="111.835846">
        <ele>1439.7329</ele>
        <time>2014-07-23T23:14:57.414000Z</time>
      </trkpt>
      <trkpt lat="38.91115" lon="111.8359">
        <ele>1438.2561</ele>
        <time>2014-07-23T23:15:00.529000Z</time>
      </trkpt>
      <trkpt lat="38.911045" lon="111.83597">
        <ele>1438.1547</ele>
        <time>2014-07-23T23:15:03.644000Z</time>
      </trkpt>
      <trkpt lat="38.91095" lon="111.83603">
        <ele>1437.72</ele>
        <time>2014-07-23T23:15:06.759000Z</time>
      </trkpt>
      <trkpt lat="38.910843" lon="111.8361">
        <ele>1436.6438</ele>
        <time>2014-07-23T23:15:09.874000Z</time>
      </trkpt>
      <trkpt lat="38.910664" lon="111.83619">
        <ele>1435.741</ele>
        <time>2014-07-23T23:15:12.989000Z</time>
      </trkpt>
      <trkpt lat="38.91058" lon="111.83625">
        <ele>1437.8315</ele>
        <time>2014-07-23T23:15:16.104000Z</time>
      </trkpt>
      <trkpt lat="38.9105" lon="111.836334">
        <ele>1444.2944</ele>
        <time>2014-07-23T23:15:19.219000Z</time>
      </trkpt>
      <trkpt lat="38.910427" lon="111.8364">
        <ele>1451.0726</ele>
        <time>2014-07-23T23:15:22.334000Z</time>
      </trkpt>
      <trkpt lat="38.910336" lon="111.83643">
        <ele>1452.3906</ele>
        <time>2014-07-23T23:15:25.449000Z</time>
      </trkpt>
      <trkpt lat="38.910233" lon="111.83648">
        <ele>1447.8209</ele>
        <time>2014-07-23T23:15:28.564000Z</time>
      </trkpt>
      <trkpt lat="38.91012" lon="111.836555">
        <ele>1442.0208</ele>
        <time>2014-07-23T23:15:31.679000Z</time>
      </trkpt>
      <trkpt lat="38.91002" lon="111.83663">
        <ele>1439.455</ele>
        <time>2014-07-23T23:15:34.794000Z</time>
      </trkpt>
      <trkpt lat="38.909927" lon="111.83669">
        <ele>1440.8148</ele>
        <time>2014-07-23T23:15:37.909000Z</time>
      </trkpt>
      <trkpt lat="38.909843" lon="111.83674">
        <ele>1445.0607</ele>
        <time>2014-07-23T23:15:41.024000Z</time>
      </trkpt>
      <trkpt lat="38.909748" lon="111.83679">
        <ele>1449.8717</ele>
        <time>2014-07-23T23:15:44.139000Z</time>
      </trkpt>
      <trkpt lat="38.90964" lon="111.83684">
        <ele>1453.0931</ele>
        <time>2014-07-23T23:15:47.254000Z</time>
      </trkpt>
      <trkpt lat="38.909542" lon="111.83689">
        <ele>1454.3269</ele>
        <time>2014-07-23T23:15:50.369000Z</time>
      </trkpt>
      <trkpt lat="38.909443" lon="111.83698">
        <ele>1454.972</ele>
        <time>2014-07-23T23:15:53.484000Z</time>
      </trkpt>
      <trkpt lat="38.90934" lon="111.83704">
        <ele>1456.4882</ele>
        <time>2014-07-23T23:15:56.599000Z</time>
      </trkpt>
      <trkpt lat="38.909256" lon="111.83711">
        <ele>1458.6996</ele>
        <time>2014-07-23T23:15:59.714000Z</time>
      </trkpt>
      <trkpt lat="38.909164" lon="111.83719">
        <ele>1459.2336</ele>
        <time>2014-07-23T23:16:02.829000Z</time>
      </trkpt>
      <trkpt lat="38.90904" lon="111.83724">
        <ele>1456.9034</ele>
        <time>2014-07-23T23:16:05.944000Z</time>
      </trkpt>
      <trkpt lat="38.908947" lon="111.837296">
        <ele>1453.2863</ele>
        <time>2014-07-23T23:16:09.059000Z</time>
      </trkpt>
      <trkpt lat="38.90884" lon="111.837326">
        <ele>1449.0707</ele>
        <time>2014-07-23T23:16:12.174000Z</time>
      </trkpt>
      <trkpt lat="38.908733" lon="111.83738">
        <ele>1444.2131</ele>
        <time>2014-07-23T23:16:15.289000Z</time>
      </trkpt>
      <trkpt lat="38.908638" lon="111.83743">
        <ele>1441.0352</ele>
        <time>2014-07-23T23:16:18.404000Z</time>
      </trkpt>
      <trkpt lat="38.908554" lon="111.8375">
        <ele>1440.9451</ele>
        <time>2014-07-23T23:16:21.518000Z</time>
      </trkpt>
      <trkpt lat="38.908455" lon="111.83754">
        <ele>1441.3558</ele>
        <time>2014-07-23T23:16:24.632000Z</time>
      </trkpt>
      <trkpt lat="38.90835" lon="111.83759">
        <ele>1439.9044</ele>
        <time>2014-07-23T23:16:27.746000Z</time>
      </trkpt>
      <trkpt lat="38.90825" lon="111.83764">
        <ele>1437.3877</ele>
        <time>2014-07-23T23:16:30.860000Z</time>
      </trkpt>
      <trkpt lat="38.908127" lon="111.83768">
        <ele>1435.3844</ele>
        <time>2014-07-23T23:16:33.974000Z</time>
      </trkpt>
      <trkpt lat="38.908028" lon="111.83772">
        <ele>1434.3547</ele>
        <time>2014-07-23T23:16:37.088000Z</time>
      </trkpt>
      <trkpt lat="38.907913" lon="111.837776">
        <ele>1434.1951</ele>
        <time>2014-07-23T23:16:40.202000Z</time>
      </trkpt>
      <trkpt lat="38.907806" lon="111.83784">
        <ele>1434.5608</ele>
        <time>2014-07-23T23:16:43.316000Z</time>
      </trkpt>
      <trkpt lat="38.907692" lon="111.83788">
        <ele>1435.4614</ele>
        <time>2014-07-23T23:16:46.430000Z</time>
      </trkpt>
      <trkpt lat="38.907608" lon="111.837944">
        <ele>1436.5295</ele>
        <time>2014-07-23T23:16:49.544000Z</time>
      </trkpt>
      <trkpt lat="38.907513" lon="111.83802">
        <ele>1436.9833</ele>
        <time>2014-07-23T23:16:52.658000Z</time>
      </trkpt>
      <trkpt lat="38.907406" lon="111.83808">
        <ele>1436.7915</ele>
        <time>2014-07-23T23:16:55.772000Z</time>
      </trkpt>
      <trkpt lat="38.90729" lon="111.83813">
        <ele>1436.2894</ele>
        <time>2014-07-23T23:16:58.886000Z</time>
      </trkpt>
      <trkpt lat="38.907204" lon="111.838165">
        <ele>1435.2172</ele>
        <time>2014-07-23T23:17:02Z</time>
      </trkpt>
      <trkpt lat="38.907116" lon="111.838234">
        <ele>1433.4415</ele>
        <time>2014-07-23T23:17:05.114000Z</time>
      </trkpt>
      <trkpt lat="38.907" lon="111.83831">
        <ele>1431.5668</ele>
        <time>2014-07-23T23:17:08.228000Z</time>
      </trkpt>
      <trkpt lat="38.90691" lon="111.838356">
        <ele>1430.8495</ele>
        <time>2014-07-23T23:17:11.342000Z</time>
      </trkpt>
      <trkpt lat="38.906796" lon="111.838394">
        <ele>1432.0322</ele>
        <time>2014-07-23T23:17:14.456000Z</time>
      </trkpt>
      <trkpt lat="38.90671" lon="111.83844">
        <ele>1434.1913</ele>
        <time>2014-07-23T23:17:17.570000Z</time>
      </trkpt>
      <trkpt lat="38.906612" lon="111.83849">
        <ele>1435.9293</ele>
        <time>2014-07-23T23:17:20.684000Z</time>
      </trkpt>
      <trkpt lat="38.906536" lon="111.838554">
        <ele>1436.8584</ele>
        <time>2014-07-23T23:17:23.798000Z</time>
      </trkpt>
      <trkpt lat="38.90642" lon="111.83864">
        <ele>1437.4939</ele>
        <time>2014-07-23T23:17:26.912000Z</time>
      </trkpt>
      <trkpt lat="38.90631" lon="111.8387">
        <ele>1439.5872</ele>
        <time>2014-07-23T23:17:30.026000Z</time>
      </trkpt>
      <trkpt lat="38.90621" lon="111.838745">
        <ele>1443.8846</ele>
        <time>2014-07-23T23:17:33.140000Z</time>
      </trkpt>
      <trkpt lat="38.906097" lon="111.8388">
        <ele>1448.6846</ele>
        <time>2014-07-23T23:17:36.254000Z</time>
      </trkpt>
      <trkpt lat="38.906006" lon="111.83885">
        <ele>1452.2499</ele>
        <time>2014-07-23T23:17:39.368000Z</time>
      </trkpt>
      <trkpt lat="38.905922" lon="111.8389">
        <ele>1453.6616</ele>
        <time>2014-07-23T23:17:42.482000Z</time>
      </trkpt>
      <trkpt lat="38.90582" lon="111.83894">
        <ele>1451.1586</ele>
        <time>2014-07-23T23:17:45.596000Z</time>
      </trkpt>
      <trkpt lat="38.905712" lon="111.83899">
        <ele>1445.1099</ele>
        <time>2014-07-23T23:17:48.710000Z</time>
      </trkpt>
      <trkpt lat="38.90561" lon="111.839035">
        <ele>1439.2352</ele>
        <time>2014-07-23T23:17:51.824000Z</time>
      </trkpt>
      <trkpt lat="38.905514" lon="111.83908">
        <ele>1436.2789</ele>
        <time>2014-07-23T23:17:54.938000Z</time>
      </trkpt>
      <trkpt lat="38.9054" lon="111.83913">
        <ele>1435.8215</ele>
        <time>2014-07-23T23:17:58.052000Z</time>
      </trkpt>
      <trkpt lat="38.905285" lon="111.83922">
        <ele>1437.2528</ele>
        <time>2014-07-23T23:18:01.166000Z</time>
      </trkpt>
      <trkpt lat="38.905178" lon="111.83928">
        <ele>1439.8561</ele>
        <time>2014-07-23T23:18:04.280000Z</time>
      </trkpt>
      <trkpt lat="38.905067" lon="111.83933">
        <ele>1442.8207</ele>
        <time>2014-07-23T23:18:07.394000Z</time>
      </trkpt>
      <trkpt lat="38.904957" lon="111.83937">
        <ele>1445.6633</ele>
        <time>2014-07-23T23:18:10.508000Z</time>
      </trkpt>
      <trkpt lat="38.904854" lon="111.83943">
        <ele>1447.7385</ele>
        <time>2014-07-23T23:18:13.622000Z</time>
      </trkpt>
      <trkpt lat="38.90473" lon="111.83949">
        <ele>1449.106</ele>
        <time>2014-07-23T23:18:16.736000Z</time>
      </trkpt>
      <trkpt lat="38.904648" lon="111.83957">
        <ele>1450.5569</ele>
        <time>2014-07-23T23:18:19.850000Z</time>
      </trkpt>
      <trkpt lat="38.904564" lon="111.839645">
        <ele>1450.4546</ele>
        <time>2014-07-23T23:18:22.964000Z</time>
      </trkpt>
      <trkpt lat="38.904446" lon="111.83969">
        <ele>1447.4807</ele>
        <time>2014-07-23T23:18:26.078000Z</time>
      </trkpt>
      <trkpt lat="38.90435" lon="111.83973">
        <ele>1443.9901</ele>
        <time>2014-07-23T23:18:29.192000Z</time>
      </trkpt>
      <trkpt lat="38.904266" lon="111.83978">
        <ele>1442.3217</ele>
        <time>2014-07-23T23:18:32.306000Z</time>
      </trkpt>
      <trkpt lat="38.90415" lon="111.83983">
        <ele>1442.2582</ele>
        <time>2014-07-23T23:18:35.420000Z</time>
      </trkpt>
      <trkpt lat="38.904053" lon="111.83986">
        <ele>1442.977</ele>
        <time>2014-07-23T23:18:38.534000Z</time>
      </trkpt>
      <trkpt lat="38.90396" lon="111.8398">
        <ele>1443.744</ele>
        <time>2014-07-23T23:18:41.648000Z</time>
      </trkpt>
      <trkpt lat="38.903923" lon="111.83968">
        <ele>1443.9779</ele>
        <time>2014-07-23T23:18:44.762000Z</time>
      </trkpt>
      <trkpt lat="38.90387" lon="111.83954">
        <ele>1443.5714</ele>
        <time>2014-07-23T23:18:47.876000Z</time>
      </trkpt>
      <trkpt lat="38.90382" lon="111.83942">
        <ele>1442.882</ele>
        <time>2014-07-23T23:18:50.990000Z</time>
      </trkpt>
      <trkpt lat="38.903763" lon="111.839264">
        <ele>1441.5907</ele>
        <time>2014-07-23T23:18:54.104000Z</time>
      </trkpt>
      <trkpt lat="38.903725" lon="111.83916">
        <ele>1439.1686</ele>
        <time>2014-07-23T23:18:57.218000Z</time>
      </trkpt>
      <trkpt lat="38.903683" lon="111.839035">
        <ele>1436.5391</ele>
        <time>2014-07-23T23:19:00.332000Z</time>
      </trkpt>
      <trkpt lat="38.903637" lon="111.83891">
        <ele>1435.2106</ele>
        <time>2014-07-23T23:19:03.446000Z</time>
      </trkpt>
      <trkpt lat="38.903595" lon="111.838806">
        <ele>1435.3558</ele>
        <time>2014-07-23T23:19:06.560000Z</time>
      </trkpt>
      <trkpt lat="38.903557" lon="111.83868">
        <ele>1436.3513</ele>
        <time>2014-07-23T23:19:09.674000Z</time>
      </trkpt>
      <trkpt lat="38.90352" lon="111.838554">
        <ele>1437.864</ele>
        <time>2014-07-23T23:19:12.788000Z</time>
      </trkpt>
      <trkpt lat="38.903484" lon="111.83842">
        <ele>1439.2335</ele>
        <time>2014-07-23T23:19:15.902000Z</time>
      </trkpt>
      <trkpt lat="38.90345" lon="111.83829">
        <ele>1439.6638</ele>
        <time>2014-07-23T23:19:19.016000Z</time>
      </trkpt>
      <trkpt lat="38.9034" lon="111.838165">
        <ele>1439.3224</ele>
        <time>2014-07-23T23:19:22.130000Z</time>
      </trkpt>
      <trkpt lat="38.90336" lon="111.83804">
        <time>2014-07-23T23:19:25.244000Z</time>
      </trkpt>
    </trkseg>
  </trk>
</gpx>