<?xml version="1.0" encoding="UTF-8"?>
<gpx xmlns="http://www.topografix.com/GPX/1/1" xmlns:gpxtpx="http://www.garmin.com/xmlschemas/TrackPointExtension/v1" xmlns:xsi="http://www.w3.org/2001/XMLSchema-instance" xsi:schemaLocation="http://www.topografix.com/GPX/1/1 http://www.topografix.com/GPX/1/1/gpx.xsd" version="1.1" creator="gpx.py -- https://github.com/tkrajina/gpxpy">
  <trk>
    <trkseg>
      <trkpt lat="38.90203" lon="111.83587">
        <ele>1432.9506</ele>
        <time>2014-08-08T10:29:24.790000Z</time>
      </trkpt>
      <trkpt lat="38.90203" lon="111.83587">
        <ele>1435.2639</ele>
        <time>2014-08-08T10:29:27.829000Z</time>
      </trkpt>
      <trkpt lat="38.90211" lon="111.835815">
        <ele>1433.3357</ele>
        <time>2014-08-08T10:29:30.868000Z</time>
      </trkpt>
      <trkpt lat="38.902214" lon="111.835754">
        <ele>1430.3763</ele>
        <time>2014-08-08T10:29:33.907000Z</time>
      </trkpt>
      <trkpt lat="38.9023" lon="111.83571">
        <ele>1429.7732</ele>
        <time>2014-08-08T10:29:36.946000Z</time>
      </trkpt>
      <trkpt lat="38.90239" lon="111.835655">
        <ele>1430.3962</ele>
        <time>2014-08-08T10:29:39.985000Z</time>
      </trkpt>
      <trkpt lat="38.9025" lon="111.83562">
        <ele>1430.1334</ele>
        <time>2014-08-08T10:29:43.024000Z</time>
      </trkpt>
      <trkpt lat="38.90259" lon="111.835594">
        <ele>1428.3053</ele>
        <time>2014-08-08T10:29:46.063000Z</time>
      </trkpt>
      <trkpt lat="38.902634" lon="111.8357">
        <ele>1425.501</ele>
        <time>2014-08-08T10:29:49.102000Z</time>
      </trkpt>
      <trkpt lat="38.902664" lon="111.83582">
        <ele>1423.0948</ele>
        <time>2014-08-08T10:29:52.141000Z</time>
      </trkpt>
      <trkpt lat="38.902706" lon="111.83594">
        <ele>1421.9696</ele>
        <time>2014-08-08T10:29:55.180000Z</time>
      </trkpt>
      <trkpt lat="38.902756" lon="111.83605">
        <ele>1421.8632</ele>
        <time>2014-08-08T10:29:58.219000Z</time>
      </trkpt>
      <trkpt lat="38.90279" lon="111.83616">
        <ele>1422.2516</ele>
        <time>2014-08-08T10:30:01.258000Z</time>
      </trkpt>
      <trkpt lat="38.902824" lon="111.836296">
        <ele>1423.141</ele>
        <time>2014-08-08T10:30:04.297000Z</time>
      </trkpt>
      <trkpt lat="38.90285" lon="111.83643">
        <ele>1424.4945</ele>
        <time>2014-08-08T10:30:07.336000Z</time>
      </trkpt>
      <trkpt lat="38.90287" lon="111.83657">
        <ele>1425.6792</ele>
        <time>2014-08-08T10:30:10.375000Z</time>
      </trkpt>
      <trkpt lat="38.90291" lon="111.836685">
        <ele>1426.2103</ele>
        <time>2014-08-08T10:30:13.414000Z</time>
      </trkpt>
      <trkpt lat="38.90295" lon="111.83679">
        <ele>1426.1687</ele>
        <time>2014-08-08T10:30:16.453000Z</time>
      </trkpt>
      <trkpt lat="38.902985" lon="111.83693">
        <ele>1425.8165</ele>
        <time>2014-08-08T10:30:19.492000Z</time>
      </trkpt>
      <trkpt lat="38.903023" lon="111.83704">
        <ele>1425.357</ele>
        <time>2014-08-08T10:30:22.531000Z</time>
      </trkpt>
      <trkpt lat="38.903084" lon="111.83715">
        <ele>1424.7556</ele>
        <time>2014-08-08T10:30:25.570000Z</time>
      </trkpt>
      <trkpt lat="38.90313" lon="111.83728">
        <ele>1424.1271</ele>
        <time>2014-08-08T10:30:28.609000Z</time>
      </trkpt>
      <trkpt lat="38.903175" lon="111.83739">
        <ele>1423.9773</ele>
        <time>2014-08-08T10:30:31.648000Z</time>
      </trkpt>
      <trkpt lat="38.903217" lon="111.837494">
        <ele>1424.6647</ele>
        <time>2014-08-08T10:30:34.687000Z</time>
      </trkpt>
      <trkpt lat="38.90327" lon="111.83761">
        <ele>1425.929</ele>
        <time>2014-08-08T10:30:37.726000Z</time>
      </trkpt>
      <trkpt lat="38.903343" lon="111.83774">
        <ele>1427.1394</ele>
        <time>2014-08-08T10:30:40.765000Z</time>
      </trkpt>
      <trkpt lat="38.903343" lon="111.837875">
        <ele>1427.694</ele>
        <time>2014-08-08T10:30:43.804000Z</time>
      </trkpt>
      <trkpt lat="38.903347" lon="111.83801">
        <ele>1427.4779</ele>
        <time>2014-08-08T10:30:46.843000Z</time>
      </trkpt>
      <trkpt lat="38.90339" lon="111.83811">
        <ele>1427.0673</ele>
        <time>2014-08-08T10:30:49.882000Z</time>
      </trkpt>
      <trkpt lat="38.903416" lon="111.838234">
        <ele>1426.9409</ele>
        <time>2014-08-08T10:30:52.921000Z</time>
      </trkpt>
      <trkpt lat="38.903446" lon="111.83836">
        <ele>1426.8275</ele>
        <time>2014-08-08T10:30:55.960000Z</time>
      </trkpt>
      <trkpt lat="38.903492" lon="111.83849">
        <ele>1426.406</ele>
        <time>2014-08-08T10:30:58.999000Z</time>
      </trkpt>
      <trkpt lat="38.903534" lon="111.83862">
        <ele>1426.1157</ele>
        <time>2014-08-08T10:31:02.038000Z</time>
      </trkpt>
      <trkpt lat="38.90357" lon="111.83874">
        <ele>1426.3789</ele>
        <time>2014-08-08T10:31:05.077000Z</time>
      </trkpt>
      <trkpt lat="38.90364" lon="111.83885">
        <ele>1426.7233</ele>
        <time>2014-08-08T10:31:08.116000Z</time>
      </trkpt>
      <trkpt lat="38.903694" lon="111.83898">
        <ele>1426.4784</ele>
        <time>2014-08-08T10:31:11.155000Z</time>
      </trkpt>
      <trkpt lat="38.90375" lon="111.83911">
        <ele>1425.721</ele>
        <time>2014-08-08T10:31:14.194000Z</time>
      </trkpt>
      <trkpt lat="38.903805" lon="111.83925">
        <ele>1425.3662</ele>
        <time>2014-08-08T10:31:17.233000Z</time>
      </trkpt>
      <trkpt lat="38.90386" lon="111.83936">
        <ele>1425.9279</ele>
        <time>2014-08-08T10:31:20.272000Z</time>
      </trkpt>
      <trkpt lat="38.90391" lon="111.83949">
        <ele>1426.7267</ele>
        <time>2014-08-08T10:31:23.311000Z</time>
      </trkpt>
      <trkpt lat="38.903954" lon="111.83962">
        <ele>1427.0647</ele>
        <time>2014-08-08T10:31:26.350000Z</time>
      </trkpt>
      <trkpt lat="38.90398" lon="111.83977">
        <ele>1427.077</ele>
        <time>2014-08-08T10:31:29.389000Z</time>
      </trkpt>
      <trkpt lat="38.904037" lon="111.83986">
        <ele>1427.8064</ele>
        <time>2014-08-08T10:31:32.428000Z</time>
      </trkpt>
      <trkpt lat="38.904133" lon="111.8398">
        <ele>1429.7798</ele>
        <time>2014-08-08T10:31:35.467000Z</time>
      </trkpt>
      <trkpt lat="38.90431" lon="111.839745">
        <ele>1431.7765</ele>
        <time>2014-08-08T10:31:38.506000Z</time>
      </trkpt>
      <trkpt lat="38.90431" lon="111.839745">
        <ele>1430.7231</ele>
        <time>2014-08-08T10:31:41.545000Z</time>
      </trkpt>
      <trkpt lat="38.90431" lon="111.839745">
        <ele>1430.1257</ele>
        <time>2014-08-08T10:31:44.584000Z</time>
      </trkpt>
      <trkpt lat="38.90442" lon="111.83969">
        <ele>1429.9641</ele>
        <time>2014-08-08T10:31:47.623000Z</time>
      </trkpt>
      <trkpt lat="38.904507" lon="111.83965">
        <ele>1430.4392</ele>
        <time>2014-08-08T10:31:50.662000Z</time>
      </trkpt>
      <trkpt lat="38.904602" lon="111.8396">
        <ele>1431.6472</ele>
        <time>2014-08-08T10:31:53.701000Z</time>
      </trkpt>
      <trkpt lat="38.904686" lon="111.839554">
        <ele>1432.8552</ele>
        <time>2014-08-08T10:31:56.740000Z</time>
      </trkpt>
      <trkpt lat="38.904762" lon="111.83947">
        <ele>1432.1616</ele>
        <time>2014-08-08T10:31:59.779000Z</time>
      </trkpt>
      <trkpt lat="38.90487" lon="111.83941">
        <ele>1430.5603</ele>
        <time>2014-08-08T10:32:02.818000Z</time>
      </trkpt>
      <trkpt lat="38.90498" lon="111.839355">
        <ele>1429.4441</ele>
        <time>2014-08-08T10:32:05.857000Z</time>
      </trkpt>
      <trkpt lat="38.905083" lon="111.839325">
        <ele>1429.1252</ele>
        <time>2014-08-08T10:32:08.896000Z</time>
      </trkpt>
      <trkpt lat="38.905212" lon="111.8393">
        <ele>1429.3577</ele>
        <time>2014-08-08T10:32:11.935000Z</time>
      </trkpt>
      <trkpt lat="38.905308" lon="111.839226">
        <ele>1429.7015</ele>
        <time>2014-08-08T10:32:14.974000Z</time>
      </trkpt>
      <trkpt lat="38.905407" lon="111.839165">
        <ele>1429.8499</ele>
        <time>2014-08-08T10:32:18.013000Z</time>
      </trkpt>
      <trkpt lat="38.9055" lon="111.8391">
        <ele>1430.0001</ele>
        <time>2014-08-08T10:32:21.052000Z</time>
      </trkpt>
      <trkpt lat="38.905594" lon="111.83905">
        <ele>1430.6056</ele>
        <time>2014-08-08T10:32:24.091000Z</time>
      </trkpt>
      <trkpt lat="38.905704" lon="111.83899">
        <ele>1431.6644</ele>
        <time>2014-08-08T10:32:27.130000Z</time>
      </trkpt>
      <trkpt lat="38.9058" lon="111.838936">
        <ele>1432.3893</ele>
        <time>2014-08-08T10:32:30.169000Z</time>
      </trkpt>
      <trkpt lat="38.905903" lon="111.83888">
        <ele>1431.3547</ele>
        <time>2014-08-08T10:32:33.208000Z</time>
      </trkpt>
      <trkpt lat="38.906" lon="111.83884">
        <ele>1428.2502</ele>
        <time>2014-08-08T10:32:36.247000Z</time>
      </trkpt>
      <trkpt lat="38.906113" lon="111.83878">
        <ele>1424.7334</ele>
        <time>2014-08-08T10:32:39.286000Z</time>
      </trkpt>
      <trkpt lat="38.906216" lon="111.83871">
        <ele>1422.7097</ele>
        <time>2014-08-08T10:32:42.325000Z</time>
      </trkpt>
      <trkpt lat="38.906315" lon="111.838646">
        <ele>1422.7214</ele>
        <time>2014-08-08T10:32:45.364000Z</time>
      </trkpt>
      <trkpt lat="38.90641" lon="111.83857">
        <ele>1424.0681</ele>
        <time>2014-08-08T10:32:48.403000Z</time>
      </trkpt>
      <trkpt lat="38.90651" lon="111.83848">
        <ele>1427.5066</ele>
        <time>2014-08-08T10:32:51.442000Z</time>
      </trkpt>
      <trkpt lat="38.90662" lon="111.83841">
        <ele>1433.8508</ele>
        <time>2014-08-08T10:32:54.481000Z</time>
      </trkpt>
      <trkpt lat="38.906746" lon="111.83833">
        <ele>1440.2877</ele>
        <time>2014-08-08T10:32:57.520000Z</time>
      </trkpt>
      <trkpt lat="38.906864" lon="111.83829">
        <ele>1442.1064</ele>
        <time>2014-08-08T10:33:00.559000Z</time>
      </trkpt>
      <trkpt lat="38.906963" lon="111.83825">
        <ele>1437.7401</ele>
        <time>2014-08-08T10:33:03.598000Z</time>
      </trkpt>
      <trkpt lat="38.907078" lon="111.83821">
        <ele>1429.9307</ele>
        <time>2014-08-08T10:33:06.637000Z</time>
      </trkpt>
      <trkpt lat="38.90719" lon="111.838165">
        <ele>1423.1771</ele>
        <time>2014-08-08T10:33:09.676000Z</time>
      </trkpt>
      <trkpt lat="38.907303" lon="111.83813">
        <ele>1419.5526</ele>
        <time>2014-08-08T10:33:12.715000Z</time>
      </trkpt>
      <trkpt lat="38.907402" lon="111.838066">
        <ele>1418.2762</ele>
        <time>2014-08-08T10:33:15.754000Z</time>
      </trkpt>
      <trkpt lat="38.907497" lon="111.83802">
        <ele>1418.0315</ele>
        <time>2014-08-08T10:33:18.793000Z</time>
      </trkpt>
      <trkpt lat="38.907604" lon="111.83797">
        <ele>1418.132</ele>
        <time>2014-08-08T10:33:21.832000Z</time>
      </trkpt>
      <trkpt lat="38.907696" lon="111.83791">
        <ele>1417.9722</ele>
        <time>2014-08-08T10:33:24.871000Z</time>
      </trkpt>
      <trkpt lat="38.907818" lon="111.83785">
        <ele>1417.2284</ele>
        <time>2014-08-08T10:33:27.910000Z</time>
      </trkpt>
      <trkpt lat="38.90791" lon="111.83781">
        <ele>1416.1372</ele>
        <time>2014-08-08T10:33:30.949000Z</time>
      </trkpt>
      <trkpt lat="38.908028" lon="111.837746">
        <ele>1414.8378</ele>
        <time>2014-08-08T10:33:33.988000Z</time>
      </trkpt>
      <trkpt lat="38.90812" lon="111.83771">
        <ele>1413.6097</ele>
        <time>2014-08-08T10:33:37.027000Z</time>
      </trkpt>
      <trkpt lat="38.908215" lon="111.83767">
        <ele>1412.841</ele>
        <time>2014-08-08T10:33:40.066000Z</time>
      </trkpt>
      <trkpt lat="38.908318" lon="111.837616">
        <ele>1412.4193</ele>
        <time>2014-08-08T10:33:43.105000Z</time>
      </trkpt>
      <trkpt lat="38.90842" lon="111.83757">
        <ele>1411.9626</ele>
        <time>2014-08-08T10:33:46.144000Z</time>
      </trkpt>
      <trkpt lat="38.908527" lon="111.8375">
        <ele>1411.6787</ele>
        <time>2014-08-08T10:33:49.183000Z</time>
      </trkpt>
      <trkpt lat="38.908623" lon="111.83744">
        <ele>1411.8413</ele>
        <time>2014-08-08T10:33:52.222000Z</time>
      </trkpt>
      <trkpt lat="38.908707" lon="111.83739">
        <ele>1411.9432</ele>
        <time>2014-08-08T10:33:55.261000Z</time>
      </trkpt>
      <trkpt lat="38.90879" lon="111.83733">
        <ele>1411.5402</ele>
        <time>2014-08-08T10:33:58.300000Z</time>
      </trkpt>
      <trkpt lat="38.908894" lon="111.83728">
        <ele>1412.059</ele>
        <time>2014-08-08T10:34:01.339000Z</time>
      </trkpt>
      <trkpt lat="38.908993" lon="111.83723">
        <ele>1414.8097</ele>
        <time>2014-08-08T10:34:04.378000Z</time>
      </trkpt>
      <trkpt lat="38.90909" lon="111.83717">
        <ele>1418.3151</ele>
        <time>2014-08-08T10:34:07.417000Z</time>
      </trkpt>
      <trkpt lat="38.909187" lon="111.83712">
        <ele>1420.5226</ele>
        <time>2014-08-08T10:34:10.456000Z</time>
      </trkpt>
      <trkpt lat="38.90929" lon="111.83707">
        <ele>1421.6067</ele>
        <time>2014-08-08T10:34:13.495000Z</time>
      </trkpt>
      <trkpt lat="38.909378" lon="111.83702">
        <ele>1422.6627</ele>
        <time>2014-08-08T10:34:16.534000Z</time>
      </trkpt>
      <trkpt lat="38.909473" lon="111.83697">
        <ele>1424.0946</ele>
        <time>2014-08-08T10:34:19.573000Z</time>
      </trkpt>
      <trkpt lat="38.90958" lon="111.83691">
        <ele>1425.4565</ele>
        <time>2014-08-08T10:34:22.612000Z</time>
      </trkpt>
      <trkpt lat="38.909668" lon="111.83686">
        <ele>1425.9135</ele>
        <time>2014-08-08T10:34:25.651000Z</time>
      </trkpt>
      <trkpt lat="38.90979" lon="111.83682">
        <ele>1424.6914</ele>
        <time>2014-08-08T10:34:28.690000Z</time>
      </trkpt>
      <trkpt lat="38.90994" lon="111.83676">
        <ele>1422.3412</ele>
        <time>2014-08-08T10:34:31.729000Z</time>
      </trkpt>
      <trkpt lat="38.910065" lon="111.836716">
        <ele>1420.7549</ele>
        <time>2014-08-08T10:34:34.768000Z</time>
      </trkpt>
      <trkpt lat="38.91017" lon="111.836586">
        <ele>1421.091</ele>
        <time>2014-08-08T10:34:37.807000Z</time>
      </trkpt>
      <trkpt lat="38.910248" lon="111.83648">
        <ele>1424.9136</ele>
        <time>2014-08-08T10:34:40.846000Z</time>
      </trkpt>
      <trkpt lat="38.910336" lon="111.8364">
        <ele>1432.3054</ele>
        <time>2014-08-08T10:34:43.885000Z</time>
      </trkpt>
      <trkpt lat="38.91041" lon="111.836334">
        <ele>1439.1484</ele>
        <time>2014-08-08T10:34:46.924000Z</time>
      </trkpt>
      <trkpt lat="38.91051" lon="111.836266">
        <ele>1441.6774</ele>
        <time>2014-08-08T10:34:49.963000Z</time>
      </trkpt>
      <trkpt lat="38.910606" lon="111.83623">
        <ele>1440.0205</ele>
        <time>2014-08-08T10:34:53.002000Z</time>
      </trkpt>
      <trkpt lat="38.9107" lon="111.83617">
        <ele>1435.2048</ele>
        <time>2014-08-08T10:34:56.041000Z</time>
      </trkpt>
      <trkpt lat="38.9108" lon="111.83612">
        <ele>1429.2402</ele>
        <time>2014-08-08T10:34:59.080000Z</time>
      </trkpt>
      <trkpt lat="38.910908" lon="111.836075">
        <ele>1424.4144</ele>
        <time>2014-08-08T10:35:02.119000Z</time>
      </trkpt>
      <trkpt lat="38.91099" lon="111.836044">
        <ele>1420.9033</ele>
        <time>2014-08-08T10:35:05.158000Z</time>
      </trkpt>
      <trkpt lat="38.911087" lon="111.83601">
        <ele>1417.7465</ele>
        <time>2014-08-08T10:35:08.197000Z</time>
      </trkpt>
      <trkpt lat="38.91118" lon="111.836">
        <ele>1415.3295</ele>
        <time>2014-08-08T10:35:11.236000Z</time>
      </trkpt>
      <trkpt lat="38.91128" lon="111.83595">
        <ele>1413.7451</ele>
        <time>2014-08-08T10:35:14.275000Z</time>
      </trkpt>
      <trkpt lat="38.9114" lon="111.83585">
        <ele>1412.9753</ele>
        <time>2014-08-08T10:35:17.314000Z</time>
      </trkpt>
      <trkpt lat="38.911472" lon="111.835724">
        <ele>1413.7035</ele>
        <time>2014-08-08T10:35:20.353000Z</time>
      </trkpt>
      <trkpt lat="38.911552" lon="111.83559">
        <ele>1417.6508</ele>
        <time>2014-08-08T10:35:23.392000Z</time>
      </trkpt>
      <trkpt lat="38.911636" lon="111.83552">
        <ele>1425.2412</ele>
        <time>2014-08-08T10:35:26.431000Z</time>
      </trkpt>
      <trkpt lat="38.911755" lon="111.835464">
        <ele>1433.0565</ele>
        <time>2014-08-08T10:35:29.470000Z</time>
      </trkpt>
      <trkpt lat="38.911873" lon="111.83549">
        <ele>1436.9305</ele>
        <time>2014-08-08T10:35:32.509000Z</time>
      </trkpt>
      <trkpt lat="38.911957" lon="111.835434">
        <ele>1436.0808</ele>
        <time>2014-08-08T10:35:35.548000Z</time>
      </trkpt>
      <trkpt lat="38.912045" lon="111.8354">
        <ele>1432.0946</ele>
        <time>2014-08-08T10:35:38.587000Z</time>
      </trkpt>
      <trkpt lat="38.91216" lon="111.83537">
        <ele>1427.8243</ele>
        <time>2014-08-08T10:35:41.626000Z</time>
      </trkpt>
      <trkpt lat="38.91229" lon="111.83533">
        <ele>1424.9369</ele>
        <time>2014-08-08T10:35:44.665000Z</time>
      </trkpt>
      <trkpt lat="38.9124" lon="111.83529">
        <ele>1422.8159</ele>
        <time>2014-08-08T10:35:47.704000Z</time>
      </trkpt>
      <trkpt lat="38.912506" lon="111.835266">
        <ele>1420.4255</ele>
        <time>2014-08-08T10:35:50.743000Z</time>
      </trkpt>
      <trkpt lat="38.912613" lon="111.83522">
        <ele>1417.2579</ele>
        <time>2014-08-08T10:35:53.782000Z</time>
      </trkpt>
      <trkpt lat="38.912724" lon="111.83517">
        <ele>1413.4137</ele>
        <time>2014-08-08T10:35:56.821000Z</time>
      </trkpt>
      <trkpt lat="38.912807" lon="111.835106">
        <ele>1410.0416</ele>
        <time>2014-08-08T10:35:59.860000Z</time>
      </trkpt>
      <trkpt lat="38.91292" lon="111.83504">
        <ele>1408.2655</ele>
        <time>2014-08-08T10:36:02.899000Z</time>
      </trkpt>
      <trkpt lat="38.913033" lon="111.83498">
        <ele>1408.37</ele>
        <time>2014-08-08T10:36:05.938000Z</time>
      </trkpt>
      <trkpt lat="38.913136" lon="111.83492">
        <ele>1409.7927</ele>
        <time>2014-08-08T10:36:08.977000Z</time>
      </trkpt>
      <trkpt lat="38.91324" lon="111.83486">
        <ele>1411.5419</ele>
        <time>2014-08-08T10:36:12.016000Z</time>
      </trkpt>
      <trkpt lat="38.913353" lon="111.834816">
        <ele>1412.9476</ele>
        <time>2014-08-08T10:36:15.055000Z</time>
      </trkpt>
      <trkpt lat="38.91346" lon="111.83478">
        <ele>1412.9641</ele>
        <time>2014-08-08T10:36:18.094000Z</time>
      </trkpt>
      <trkpt lat="38.913567" lon="111.83473">
        <ele>1411.0756</ele>
        <time>2014-08-08T10:36:21.133000Z</time>
      </trkpt>
      <trkpt lat="38.91369" lon="111.83467">
        <ele>1408.941</ele>
        <time>2014-08-08T10:36:24.172000Z</time>
      </trkpt>
      <trkpt lat="38.913784" lon="111.83459">
        <ele>1408.3284</ele>
        <time>2014-08-08T10:36:27.211000Z</time>
      </trkpt>
      <trkpt lat="38.913876" lon="111.83444">
        <ele>1409.883</ele>
        <time>2014-08-08T10:36:30.250000Z</time>
      </trkpt>
      <trkpt lat="38.91397" lon="111.834335">
        <ele>1414.0807</ele>
        <time>2014-08-08T10:36:33.289000Z</time>
      </trkpt>
      <trkpt lat="38.91407" lon="111.834274">
        <ele>1420.0612</ele>
        <time>2014-08-08T10:36:36.328000Z</time>
      </trkpt>
      <trkpt lat="38.914173" lon="111.83422">
        <ele>1425.4357</ele>
        <time>2014-08-08T10:36:39.367000Z</time>
      </trkpt>
      <trkpt lat="38.914276" lon="111.83416">
        <ele>1428.5189</ele>
        <time>2014-08-08T10:36:42.406000Z</time>
      </trkpt>
      <trkpt lat="38.914368" lon="111.83412">
        <ele>1428.9956</ele>
        <time>2014-08-08T10:36:45.445000Z</time>
      </trkpt>
      <trkpt lat="38.91449" lon="111.834076">
        <ele>1427.3188</ele>
        <time>2014-08-08T10:36:48.484000Z</time>
      </trkpt>
      <trkpt lat="38.91461" lon="111.834045">
        <ele>1424.9296</ele>
        <time>2014-08-08T10:36:51.523000Z</time>
      </trkpt>
      <trkpt lat="38.914703" lon="111.83401">
        <ele>1423.2485</ele>
        <time>2014-08-08T10:36:54.562000Z</time>
      </trkpt>
      <trkpt lat="38.914795" lon="111.83397">
        <ele>1422.1938</ele>
        <time>2014-08-08T10:36:57.601000Z</time>
      </trkpt>
      <trkpt lat="38.914913" lon="111.83393">
        <ele>1420.4353</ele>
        <time>2014-08-08T10:37:00.640000Z</time>
      </trkpt>
      <trkpt lat="38.915005" lon="111.833885">
        <ele>1417.5997</ele>
        <time>2014-08-08T10:37:03.679000Z</time>
      </trkpt>
      <trkpt lat="38.91511" lon="111.833824">
        <ele>1414.8383</ele>
        <time>2014-08-08T10:37:06.718000Z</time>
      </trkpt>
      <trkpt lat="38.91522" lon="111.83378">
        <ele>1412.9293</ele>
        <time>2014-08-08T10:37:09.757000Z</time>
      </trkpt>
      <trkpt lat="38.915318" lon="111.83371">
        <ele>1411.791</ele>
        <time>2014-08-08T10:37:12.796000Z</time>
      </trkpt>
      <trkpt lat="38.915398" lon="111.833595">
        <ele>1412.4946</ele>
        <time>2014-08-08T10:37:15.835000Z</time>
      </trkpt>
      <trkpt lat="38.915478" lon="111.83352">
        <ele>1416.8923</ele>
        <time>2014-08-08T10:37:18.874000Z</time>
      </trkpt>
      <trkpt lat="38.91557" lon="111.833435">
        <ele>1423.7588</ele>
        <time>2014-08-08T10:37:21.913000Z</time>
      </trkpt>
      <trkpt lat="38.915665" lon="111.8334">
        <ele>1428.4639</ele>
        <time>2014-08-08T10:37:24.952000Z</time>
      </trkpt>
      <trkpt lat="38.915764" lon="111.83332">
        <ele>1428.9113</ele>
        <time>2014-08-08T10:37:27.991000Z</time>
      </trkpt>
      <trkpt lat="38.91586" lon="111.83327">
        <ele>1428.2726</ele>
        <time>2014-08-08T10:37:31.030000Z</time>
      </trkpt>
      <trkpt lat="38.915947" lon="111.83323">
        <ele>1429.5463</ele>
        <time>2014-08-08T10:37:34.069000Z</time>
      </trkpt>
      <trkpt lat="38.91605" lon="111.833206">
        <ele>1431.7937</ele>
        <time>2014-08-08T10:37:37.108000Z</time>
      </trkpt>
      <trkpt lat="38.916172" lon="111.83317">
        <ele>1432.0815</ele>
        <time>2014-08-08T10:37:40.147000Z</time>
      </trkpt>
      <trkpt lat="38.916275" lon="111.83309">
        <ele>1429.6023</ele>
        <time>2014-08-08T10:37:43.186000Z</time>
      </trkpt>
      <trkpt lat="38.91637" lon="111.83305">
        <ele>1426.5466</ele>
        <time>2014-08-08T10:37:46.225000Z</time>
      </trkpt>
      <trkpt lat="38.91647" lon="111.833015">
        <ele>1424.4629</ele>
        <time>2014-08-08T10:37:49.264000Z</time>
      </trkpt>
      <trkpt lat="38.916595" lon="111.832954">
        <ele>1422.6263</ele>
        <time>2014-08-08T10:37:52.303000Z</time>
      </trkpt>
      <trkpt lat="38.91671" lon="111.832886">
        <ele>1420.9237</ele>
        <time>2014-08-08T10:37:55.342000Z</time>
      </trkpt>
      <trkpt lat="38.91682" lon="111.8328">
        <ele>1420.1537</ele>
        <time>2014-08-08T10:37:58.381000Z</time>
      </trkpt>
      <trkpt lat="38.916904" lon="111.83275">
        <ele>1421.0808</ele>
        <time>2014-08-08T10:38:01.420000Z</time>
      </trkpt>
      <trkpt lat="38.917004" lon="111.8328">
        <ele>1423.3644</ele>
        <time>2014-08-08T10:38:04.459000Z</time>
      </trkpt>
      <trkpt lat="38.917084" lon="111.83295">
        <ele>1425.2451</ele>
        <time>2014-08-08T10:38:07.498000Z</time>
      </trkpt>
      <trkpt lat="38.917126" lon="111.83308">
        <ele>1424.4337</ele>
        <time>2014-08-08T10:38:10.537000Z</time>
      </trkpt>
      <trkpt lat="38.917152" lon="111.83322">
        <ele>1420.4277</ele>
        <time>2014-08-08T10:38:13.576000Z</time>
      </trkpt>
      <trkpt lat="38.917183" lon="111.83334">
        <ele>1415.5225</ele>
        <time>2014-08-08T10:38:16.615000Z</time>
      </trkpt>
      <trkpt lat="38.91724" lon="111.83349">
        <ele>1412.3005</ele>
        <time>2014-08-08T10:38:19.654000Z</time>
      </trkpt>
      <trkpt lat="38.91729" lon="111.83362">
        <ele>1411.1764</ele>
        <time>2014-08-08T10:38:22.693000Z</time>
      </trkpt>
      <trkpt lat="38.917355" lon="111.833755">
        <ele>1411.3297</ele>
        <time>2014-08-08T10:38:25.732000Z</time>
      </trkpt>
      <trkpt lat="38.91741" lon="111.83389">
        <ele>1411.9384</ele>
        <time>2014-08-08T10:38:28.771000Z</time>
      </trkpt>
      <trkpt lat="38.917458" lon="111.83402">
        <ele>1412.7856</ele>
        <time>2014-08-08T10:38:31.810000Z</time>
      </trkpt>
      <trkpt lat="38.917503" lon="111.83414">
        <ele>1413.7427</ele>
        <time>2014-08-08T10:38:34.849000Z</time>
      </trkpt>
      <trkpt lat="38.917553" lon="111.83427">
        <ele>1414.4023</ele>
        <time>2014-08-08T10:38:37.888000Z</time>
      </trkpt>
      <trkpt lat="38.917595" lon="111.83438">
        <ele>1414.4584</ele>
        <time>2014-08-08T10:38:40.927000Z</time>
      </trkpt>
      <trkpt lat="38.91765" lon="111.8345">
        <ele>1413.9408</ele>
        <time>2014-08-08T10:38:43.966000Z</time>
      </trkpt>
      <trkpt lat="38.917694" lon="111.834625">
        <ele>1413.2068</ele>
        <time>2014-08-08T10:38:47.005000Z</time>
      </trkpt>
      <trkpt lat="38.91776" lon="111.834755">
        <ele>1412.8069</ele>
        <time>2014-08-08T10:38:50.044000Z</time>
      </trkpt>
      <trkpt lat="38.917793" lon="111.83489">
        <ele>1413.1141</ele>
        <time>2014-08-08T10:38:53.083000Z</time>
      </trkpt>
      <trkpt lat="38.917835" lon="111.835014">
        <ele>1413.9597</ele>
        <time>2014-08-08T10:38:56.122000Z</time>
      </trkpt>
      <trkpt lat="38.91788" lon="111.83514">
        <ele>1414.886</ele>
        <time>2014-08-08T10:38:59.161000Z</time>
      </trkpt>
      <trkpt lat="38.91793" lon="111.83526">
        <ele>1415.6102</ele>
        <time>2014-08-08T10:39:02.200000Z</time>
      </trkpt>
      <trkpt lat="38.91798" lon="111.83539">
        <ele>1415.7368</ele>
        <time>2014-08-08T10:39:05.239000Z</time>
      </trkpt>
      <trkpt lat="38.918022" lon="111.83552">
        <ele>1415.0345</ele>
        <time>2014-08-08T10:39:08.278000Z</time>
      </trkpt>
      <trkpt lat="38.918076" lon="111.83568">
        <ele>1414.131</ele>
        <time>2014-08-08T10:39:11.317000Z</time>
      </trkpt>
      <trkpt lat="38.918114" lon="111.8358">
        <ele>1413.74</ele>
        <time>2014-08-08T10:39:14.356000Z</time>
      </trkpt>
      <trkpt lat="38.918144" lon="111.83594">
        <ele>1414.0477</ele>
        <time>2014-08-08T10:39:17.395000Z</time>
      </trkpt>
      <trkpt lat="38.918175" lon="111.83609">
        <ele>1414.8281</ele>
        <time>2014-08-08T10:39:20.434000Z</time>
      </trkpt>
      <trkpt lat="38.918205" lon="111.83621">
        <ele>1415.645</ele>
        <time>2014-08-08T10:39:23.473000Z</time>
      </trkpt>
      <trkpt lat="38.91825" lon="111.83635">
        <ele>1416.2207</ele>
        <time>2014-08-08T10:39:26.512000Z</time>
      </trkpt>
      <trkpt lat="38.918278" lon="111.83647">
        <ele>1416.52</ele>
        <time>2014-08-08T10:39:29.551000Z</time>
      </trkpt>
      <trkpt lat="38.918304" lon="111.83663">
        <ele>1416.3546</ele>
        <time>2014-08-08T10:39:32.590000Z</time>
      </trkpt>
      <trkpt lat="38.91834" lon="111.83676">
        <ele>1415.5183</ele>
        <time>2014-08-08T10:39:35.629000Z</time>
      </trkpt>
      <trkpt lat="38.91835" lon="111.83691">
        <ele>1414.3264</ele>
        <time>2014-08-08T10:39:38.668000Z</time>
      </trkpt>
      <trkpt lat="38.91834" lon="111.83704">
        <ele>1413.559</ele>
        <time>2014-08-08T10:39:41.707000Z</time>
      </trkpt>
      <trkpt lat="38.91833" lon="111.8372">
        <ele>1413.667</ele>
        <time>2014-08-08T10:39:44.746000Z</time>
      </trkpt>
      <trkpt lat="38.918335" lon="111.83734">
        <ele>1414.4115</ele>
        <time>2014-08-08T10:39:47.785000Z</time>
      </trkpt>
      <trkpt lat="38.91834" lon="111.837456">
        <ele>1415.2123</ele>
        <time>2014-08-08T10:39:50.824000Z</time>
      </trkpt>
      <trkpt lat="38.918343" lon="111.8376">
        <ele>1415.6981</ele>
        <time>2014-08-08T10:39:53.863000Z</time>
      </trkpt>
      <trkpt lat="38.918354" lon="111.837746">
        <ele>1415.8643</ele>
        <time>2014-08-08T10:39:56.902000Z</time>
      </trkpt>
      <trkpt lat="38.91834" lon="111.8379">
        <ele>1415.5933</ele>
        <time>2014-08-08T10:39:59.941000Z</time>
      </trkpt>
      <trkpt lat="38.91833" lon="111.83805">
        <ele>1415.1781</ele>
        <time>2014-08-08T10:40:02.980000Z</time>
      </trkpt>
      <trkpt lat="38.91834" lon="111.83821">
        <ele>1415.2651</ele>
        <time>2014-08-08T10:40:06.019000Z</time>
      </trkpt>
      <trkpt lat="38.91834" lon="111.83835">
        <ele>1415.9603</ele>
        <time>2014-08-08T10:40:09.058000Z</time>
      </trkpt>
      <trkpt lat="38.91834" lon="111.838486">
        <ele>1416.8264</ele>
        <time>2014-08-08T10:40:12.097000Z</time>
      </trkpt>
      <trkpt lat="38.91834" lon="111.838615">
        <ele>1417.3069</ele>
        <time>2014-08-08T10:40:15.136000Z</time>
      </trkpt>
      <trkpt lat="38.918343" lon="111.83874">
        <ele>1417.1039</ele>
        <time>2014-08-08T10:40:18.175000Z</time>
      </trkpt>
      <trkpt lat="38.91834" lon="111.83887">
        <ele>1416.5532</ele>
        <time>2014-08-08T10:40:21.214000Z</time>
      </trkpt>
      <trkpt lat="38.91833" lon="111.83901">
        <ele>1416.0308</ele>
        <time>2014-08-08T10:40:24.253000Z</time>
      </trkpt>
      <trkpt lat="38.918324" lon="111.83918">
        <ele>1415.7052</ele>
        <time>2014-08-08T10:40:27.292000Z</time>
      </trkpt>
      <trkpt lat="38.91829" lon="111.83934">
        <ele>1416.1346</ele>
        <time>2014-08-08T10:40:30.331000Z</time>
      </trkpt>
      <trkpt lat="38.918293" lon="111.83949">
        <ele>1417.6678</ele>
        <time>2014-08-08T10:40:33.370000Z</time>
      </trkpt>
      <trkpt lat="38.9183" lon="111.83966">
        <ele>1419.7999</ele>
        <time>2014-08-08T10:40:36.409000Z</time>
      </trkpt>
      <trkpt lat="38.91831" lon="111.8398">
        <ele>1421.683</ele>
        <time>2014-08-08T10:40:39.448000Z</time>
      </trkpt>
      <trkpt lat="38.918316" lon="111.839935">
        <ele>1422.7075</ele>
        <time>2014-08-08T10:40:42.487000Z</time>
      </trkpt>
      <trkpt lat="38.918304" lon="111.84009">
        <ele>1422.3745</ele>
        <time>2014-08-08T10:40:45.526000Z</time>
      </trkpt>
      <trkpt lat="38.918293" lon="111.84023">
        <ele>1420.7146</ele>
        <time>2014-08-08T10:40:48.565000Z</time>
      </trkpt>
      <trkpt lat="38.918293" lon="111.84036">
        <ele>1418.6466</ele>
        <time>2014-08-08T10:40:51.604000Z</time>
      </trkpt>
      <trkpt lat="38.918297" lon="111.84052">
        <ele>1417.3162</ele>
        <time>2014-08-08T10:40:54.643000Z</time>
      </trkpt>
      <trkpt lat="38.918297" lon="111.840675">
        <ele>1417.2706</ele>
        <time>2014-08-08T10:40:57.682000Z</time>
      </trkpt>
      <trkpt lat="38.91831" lon="111.84079">
        <ele>1418.2474</ele>
        <time>2014-08-08T10:41:00.721000Z</time>
      </trkpt>
      <trkpt lat="38.918316" lon="111.840904">
        <ele>1419.1075</ele>
        <time>2014-08-08T10:41:03.760000Z</time>
      </trkpt>
      <trkpt lat="38.91832" lon="111.841064">
        <ele>1419.0526</ele>
        <time>2014-08-08T10:41:06.799000Z</time>
      </trkpt>
      <trkpt lat="38.918327" lon="111.84122">
        <ele>1418.9198</ele>
        <time>2014-08-08T10:41:09.838000Z</time>
      </trkpt>
      <trkpt lat="38.918316" lon="111.84135">
        <ele>1419.562</ele>
        <time>2014-08-08T10:41:12.877000Z</time>
      </trkpt>
      <trkpt lat="38.918316" lon="111.841484">
        <ele>1420.5083</ele>
        <time>2014-08-08T10:41:15.916000Z</time>
      </trkpt>
      <trkpt lat="38.91831" lon="111.84161">
        <ele>1421.2487</ele>
        <time>2014-08-08T10:41:18.955000Z</time>
      </trkpt>
      <trkpt lat="38.918297" lon="111.84174">
        <ele>1421.8708</ele>
        <time>2014-08-08T10:41:21.994000Z</time>
      </trkpt>
      <trkpt lat="38.918297" lon="111.84186">
        <ele>1421.927</ele>
        <time>2014-08-08T10:41:25.033000Z</time>
      </trkpt>
      <trkpt lat="38.91829" lon="111.842">
        <ele>1421.0017</ele>
        <time>2014-08-08T10:41:28.072000Z</time>
      </trkpt>
      <trkpt lat="38.918278" lon="111.84214">
        <ele>1419.7413</ele>
        <time>2014-08-08T10:41:31.111000Z</time>
      </trkpt>
      <trkpt lat="38.918278" lon="111.84227">
        <ele>1418.9817</ele>
        <time>2014-08-08T10:41:34.150000Z</time>
      </trkpt>
      <trkpt lat="38.91829" lon="111.842384">
        <ele>1418.8013</ele>
        <time>2014-08-08T10:41:37.189000Z</time>
      </trkpt>
      <trkpt lat="38.918297" lon="111.842545">
        <ele>1418.958</ele>
        <time>2014-08-08T10:41:40.228000Z</time>
      </trkpt>
      <trkpt lat="38.91828" lon="111.842674">
        <ele>1419.3662</ele>
        <time>2014-08-08T10:41:43.267000Z</time>
      </trkpt>
      <trkpt lat="38.918274" lon="111.84283">
        <ele>1419.9746</ele>
        <time>2014-08-08T10:41:46.306000Z</time>
      </trkpt>
      <trkpt lat="38.918266" lon="111.84298">
        <ele>1420.5452</ele>
        <time>2014-08-08T10:41:49.345000Z</time>
      </trkpt>
      <trkpt lat="38.91825" lon="111.84312">
        <ele>1421.219</ele>
        <time>2014-08-08T10:41:52.384000Z</time>
      </trkpt>
      <trkpt lat="38.91824" lon="111.84325">
        <ele>1422.2192</ele>
        <time>2014-08-08T10:41:55.423000Z</time>
      </trkpt>
      <trkpt lat="38.9182" lon="111.84337">
        <ele>1422.6447</ele>
        <time>2014-08-08T10:41:58.462000Z</time>
      </trkpt>
      <trkpt lat="38.91815" lon="111.843475">
        <ele>1421.7562</ele>
        <time>2014-08-08T10:42:01.501000Z</time>
      </trkpt>
      <trkpt lat="38.91812" lon="111.8436">
        <ele>1420.4589</ele>
        <time>2014-08-08T10:42:04.540000Z</time>
      </trkpt>
      <trkpt lat="38.91807" lon="111.84371">
        <ele>1419.783</ele>
        <time>2014-08-08T10:42:07.579000Z</time>
      </trkpt>
      <trkpt lat="38.91802" lon="111.84384">
        <ele>1420.0604</ele>
        <time>2014-08-08T10:42:10.618000Z</time>
      </trkpt>
      <trkpt lat="38.91795" lon="111.843956">
        <ele>1421.2808</ele>
        <time>2014-08-08T10:42:13.657000Z</time>
      </trkpt>
      <trkpt lat="38.917892" lon="111.84406">
        <ele>1422.7532</ele>
        <time>2014-08-08T10:42:16.696000Z</time>
      </trkpt>
      <trkpt lat="38.917843" lon="111.84416">
        <ele>1423.484</ele>
        <time>2014-08-08T10:42:19.735000Z</time>
      </trkpt>
      <trkpt lat="38.917797" lon="111.844284">
        <ele>1423.2747</ele>
        <time>2014-08-08T10:42:22.774000Z</time>
      </trkpt>
      <trkpt lat="38.917732" lon="111.84439">
        <ele>1422.8787</ele>
        <time>2014-08-08T10:42:25.813000Z</time>
      </trkpt>
      <trkpt lat="38.917683" lon="111.8445">
        <ele>1422.9237</ele>
        <time>2014-08-08T10:42:28.852000Z</time>
      </trkpt>
      <trkpt lat="38.917633" lon="111.84461">
        <ele>1423.2234</ele>
        <time>2014-08-08T10:42:31.891000Z</time>
      </trkpt>
      <trkpt lat="38.917583" lon="111.84475">
        <ele>1423.4294</ele>
        <time>2014-08-08T10:42:34.930000Z</time>
      </trkpt>
      <trkpt lat="38.917545" lon="111.84487">
        <ele>1423.4327</ele>
        <time>2014-08-08T10:42:37.969000Z</time>
      </trkpt>
      <trkpt lat="38.9175" lon="111.844986">
        <ele>1423.2689</ele>
        <time>2014-08-08T10:42:41.008000Z</time>
      </trkpt>
      <trkpt lat="38.917446" lon="111.8451">
        <ele>1423.3357</ele>
        <time>2014-08-08T10:42:44.047000Z</time>
      </trkpt>
      <trkpt lat="38.917385" lon="111.84522">
        <ele>1423.9014</ele>
        <time>2014-08-08T10:42:47.086000Z</time>
      </trkpt>
      <trkpt lat="38.91733" lon="111.84534">
        <ele>1424.7102</ele>
        <time>2014-08-08T10:42:50.125000Z</time>
      </trkpt>
      <trkpt lat="38.917282" lon="111.84544">
        <ele>1425.2833</ele>
        <time>2014-08-08T10:42:53.164000Z</time>
      </trkpt>
      <trkpt lat="38.917233" lon="111.84558">
        <ele>1425.0015</ele>
        <time>2014-08-08T10:42:56.203000Z</time>
      </trkpt>
      <trkpt lat="38.917194" lon="111.845695">
        <ele>1423.8086</ele>
        <time>2014-08-08T10:42:59.242000Z</time>
      </trkpt>
      <trkpt lat="38.91713" lon="111.84582">
        <ele>1422.9303</ele>
        <time>2014-08-08T10:43:02.281000Z</time>
      </trkpt>
      <trkpt lat="38.91708" lon="111.84594">
        <ele>1423.1813</ele>
        <time>2014-08-08T10:43:05.320000Z</time>
      </trkpt>
      <trkpt lat="38.917034" lon="111.84607">
        <ele>1423.7933</ele>
        <time>2014-08-08T10:43:08.359000Z</time>
      </trkpt>
      <trkpt lat="38.91698" lon="111.8462">
        <ele>1423.9312</ele>
        <time>2014-08-08T10:43:11.398000Z</time>
      </trkpt>
      <trkpt lat="38.91693" lon="111.84631">
        <ele>1423.9661</ele>
        <time>2014-08-08T10:43:14.437000Z</time>
      </trkpt>
      <trkpt lat="38.91688" lon="111.84643">
        <ele>1424.4001</ele>
        <time>2014-08-08T10:43:17.476000Z</time>
      </trkpt>
      <trkpt lat="38.916824" lon="111.84655">
        <ele>1424.9579</ele>
        <time>2014-08-08T10:43:20.515000Z</time>
      </trkpt>
      <trkpt lat="38.91677" lon="111.84668">
        <ele>1425.0599</ele>
        <time>2014-08-08T10:43:23.554000Z</time>
      </trkpt>
      <trkpt lat="38.916725" lon="111.846794">
        <ele>1424.5886</ele>
        <time>2014-08-08T10:43:26.593000Z</time>
      </trkpt>
      <trkpt lat="38.916683" lon="111.846924">
        <ele>1423.9388</ele>
        <time>2014-08-08T10:43:29.632000Z</time>
      </trkpt>
      <trkpt lat="38.91662" lon="111.84706">
        <ele>1423.5402</ele>
        <time>2014-08-08T10:43:32.671000Z</time>
      </trkpt>
      <trkpt lat="38.916557" lon="111.84719">
        <ele>1423.5251</ele>
        <time>2014-08-08T10:43:35.710000Z</time>
      </trkpt>
      <trkpt lat="38.91652" lon="111.847305">
        <ele>1423.8024</ele>
        <time>2014-08-08T10:43:38.749000Z</time>
      </trkpt>
      <trkpt lat="38.91646" lon="111.84741">
        <ele>1424.2186</ele>
        <time>2014-08-08T10:43:41.788000Z</time>
      </trkpt>
      <trkpt lat="38.9164" lon="111.84753">
        <ele>1424.6714</ele>
        <time>2014-08-08T10:43:44.827000Z</time>
      </trkpt>
      <trkpt lat="38.916355" lon="111.84763">
        <ele>1425.0112</ele>
        <time>2014-08-08T10:43:47.866000Z</time>
      </trkpt>
      <trkpt lat="38.916294" lon="111.847755">
        <ele>1425.0789</ele>
        <time>2014-08-08T10:43:50.905000Z</time>
      </trkpt>
      <trkpt lat="38.916237" lon="111.8479">
        <ele>1424.9236</ele>
        <time>2014-08-08T10:43:53.944000Z</time>
      </trkpt>
      <trkpt lat="38.916176" lon="111.84802">
        <ele>1424.9509</ele>
        <time>2014-08-08T10:43:56.983000Z</time>
      </trkpt>
      <trkpt lat="38.916126" lon="111.84814">
        <ele>1425.4603</ele>
        <time>2014-08-08T10:44:00.022000Z</time>
      </trkpt>
      <trkpt lat="38.916077" lon="111.84827">
        <ele>1426.101</ele>
        <time>2014-08-08T10:44:03.061000Z</time>
      </trkpt>
      <trkpt lat="38.91603" lon="111.84838">
        <ele>1426.4377</ele>
        <time>2014-08-08T10:44:06.100000Z</time>
      </trkpt>
      <trkpt lat="38.915974" lon="111.848495">
        <ele>1426.2211</ele>
        <time>2014-08-08T10:44:09.139000Z</time>
      </trkpt>
      <trkpt lat="38.915924" lon="111.84861">
        <ele>1425.4102</ele>
        <time>2014-08-08T10:44:12.178000Z</time>
      </trkpt>
      <trkpt lat="38.91587" lon="111.84874">
        <ele>1424.4965</ele>
        <time>2014-08-08T10:44:15.217000Z</time>
      </trkpt>
      <trkpt lat="38.915825" lon="111.84885">
        <ele>1424.1057</ele>
        <time>2014-08-08T10:44:18.256000Z</time>
      </trkpt>
      <trkpt lat="38.915768" lon="111.84897">
        <ele>1424.3057</ele>
        <time>2014-08-08T10:44:21.295000Z</time>
      </trkpt>
      <trkpt lat="38.915703" lon="111.849106">
        <ele>1424.6985</ele>
        <time>2014-08-08T10:44:24.334000Z</time>
      </trkpt>
      <trkpt lat="38.915653" lon="111.84924">
        <ele>1425.1145</ele>
        <time>2014-08-08T10:44:27.373000Z</time>
      </trkpt>
      <trkpt lat="38.915604" lon="111.84938">
        <ele>1425.6538</ele>
        <time>2014-08-08T10:44:30.412000Z</time>
      </trkpt>
      <trkpt lat="38.91555" lon="111.84951">
        <ele>1426.3448</ele>
        <time>2014-08-08T10:44:33.451000Z</time>
      </trkpt>
      <trkpt lat="38.915493" lon="111.84965">
        <ele>1427.4014</ele>
        <time>2014-08-08T10:44:36.490000Z</time>
      </trkpt>
      <trkpt lat="38.91544" lon="111.84977">
        <ele>1428.7488</ele>
        <time>2014-08-08T10:44:39.529000Z</time>
      </trkpt>
      <trkpt lat="38.915382" lon="111.84989">
        <ele>1429.7334</ele>
        <time>2014-08-08T10:44:42.568000Z</time>
      </trkpt>
      <trkpt lat="38.91532" lon="111.85001">
        <ele>1429.8419</ele>
        <time>2014-08-08T10:44:45.607000Z</time>
      </trkpt>
      <trkpt lat="38.915257" lon="111.85015">
        <ele>1429.2085</ele>
        <time>2014-08-08T10:44:48.646000Z</time>
      </trkpt>
      <trkpt lat="38.915215" lon="111.850266">
        <ele>1428.5446</ele>
        <time>2014-08-08T10:44:51.685000Z</time>
      </trkpt>
      <trkpt lat="38.915176" lon="111.85037">
        <ele>1428.3701</ele>
        <time>2014-08-08T10:44:54.724000Z</time>
      </trkpt>
      <trkpt lat="38.915127" lon="111.850494">
        <ele>1428.3303</ele>
        <time>2014-08-08T10:44:57.763000Z</time>
      </trkpt>
      <trkpt lat="38.91505" lon="111.85063">
        <ele>1428.0056</ele>
        <time>2014-08-08T10:45:00.802000Z</time>
      </trkpt>
      <trkpt lat="38.914997" lon="111.85074">
        <ele>1427.5615</ele>
        <time>2014-08-08T10:45:03.841000Z</time>
      </trkpt>
      <trkpt lat="38.914948" lon="111.85086">
        <ele>1427.3009</ele>
        <time>2014-08-08T10:45:06.880000Z</time>
      </trkpt>
      <trkpt lat="38.9149" lon="111.85098">
        <ele>1427.4275</ele>
        <time>2014-08-08T10:45:09.919000Z</time>
      </trkpt>
      <trkpt lat="38.91485" lon="111.851105">
        <ele>1427.9602</ele>
        <time>2014-08-08T10:45:12.958000Z</time>
      </trkpt>
      <trkpt lat="38.914764" lon="111.8512">
        <ele>1428.5874</ele>
        <time>2014-08-08T10:45:15.997000Z</time>
      </trkpt>
      <trkpt lat="38.91473" lon="111.85134">
        <ele>1429.1467</ele>
        <time>2014-08-08T10:45:19.036000Z</time>
      </trkpt>
      <trkpt lat="38.91469" lon="111.85147">
        <ele>1429.7129</ele>
        <time>2014-08-08T10:45:22.075000Z</time>
      </trkpt>
      <trkpt lat="38.914646" lon="111.85159">
        <ele>1430.1317</ele>
        <time>2014-08-08T10:45:25.114000Z</time>
      </trkpt>
      <trkpt lat="38.914597" lon="111.851715">
        <ele>1430.2119</ele>
        <time>2014-08-08T10:45:28.153000Z</time>
      </trkpt>
      <trkpt lat="38.914536" lon="111.85185">
        <ele>1430.016</ele>
        <time>2014-08-08T10:45:31.192000Z</time>
      </trkpt>
      <trkpt lat="38.91449" lon="111.85195">
        <ele>1429.7866</ele>
        <time>2014-08-08T10:45:34.231000Z</time>
      </trkpt>
      <trkpt lat="38.914433" lon="111.85207">
        <ele>1429.7131</ele>
        <time>2014-08-08T10:45:37.270000Z</time>
      </trkpt>
      <trkpt lat="38.914375" lon="111.85219">
        <ele>1429.8911</ele>
        <time>2014-08-08T10:45:40.309000Z</time>
      </trkpt>
      <trkpt lat="38.914333" lon="111.85231">
        <ele>1430.2583</ele>
        <time>2014-08-08T10:45:43.348000Z</time>
      </trkpt>
      <trkpt lat="38.91428" lon="111.85244">
        <ele>1430.5424</ele>
        <time>2014-08-08T10:45:46.387000Z</time>
      </trkpt>
      <trkpt lat="38.914215" lon="111.852585">
        <ele>1430.5688</ele>
        <time>2014-08-08T10:45:49.426000Z</time>
      </trkpt>
      <trkpt lat="38.914154" lon="111.852715">
        <ele>1430.566</ele>
        <time>2014-08-08T10:45:52.465000Z</time>
      </trkpt>
      <trkpt lat="38.9141" lon="111.85285">
        <ele>1430.9333</ele>
        <time>2014-08-08T10:45:55.504000Z</time>
      </trkpt>
      <trkpt lat="38.914043" lon="111.85298">
        <ele>1431.667</ele>
        <time>2014-08-08T10:45:58.543000Z</time>
      </trkpt>
      <trkpt lat="38.913986" lon="111.85311">
        <ele>1432.3842</ele>
        <time>2014-08-08T10:46:01.582000Z</time>
      </trkpt>
      <trkpt lat="38.913925" lon="111.85326">
        <ele>1433.1052</ele>
        <time>2014-08-08T10:46:04.621000Z</time>
      </trkpt>
      <trkpt lat="38.91387" lon="111.853386">
        <ele>1433.9849</ele>
        <time>2014-08-08T10:46:07.660000Z</time>
      </trkpt>
      <trkpt lat="38.913815" lon="111.853516">
        <ele>1434.5774</ele>
        <time>2014-08-08T10:46:10.699000Z</time>
      </trkpt>
      <trkpt lat="38.91377" lon="111.853645">
        <ele>1434.3192</ele>
        <time>2014-08-08T10:46:13.738000Z</time>
      </trkpt>
      <trkpt lat="38.91372" lon="111.85376">
        <ele>1433.5211</ele>
        <time>2014-08-08T10:46:16.777000Z</time>
      </trkpt>
      <trkpt lat="38.913692" lon="111.853874">
        <ele>1432.8073</ele>
        <time>2014-08-08T10:46:19.816000Z</time>
      </trkpt>
      <trkpt lat="38.91332" lon="111.854866">
        <ele>1423.8516</ele>
        <time>2014-08-08T10:46:22.855000Z</time>
      </trkpt>
      <trkpt lat="38.91329" lon="111.85485">
        <ele>1427.425</ele>
        <time>2014-08-08T10:46:25.894000Z</time>
      </trkpt>
      <trkpt lat="38.91329" lon="111.85485">
        <ele>1432.0946</ele>
        <time>2014-08-08T10:46:28.933000Z</time>
      </trkpt>
      <trkpt lat="38.913177" lon="111.85488">
        <ele>1434.8221</ele>
        <time>2014-08-08T10:46:31.972000Z</time>
      </trkpt>
      <trkpt lat="38.913082" lon="111.85496">
        <ele>1434.9176</ele>
        <time>2014-08-08T10:46:35.011000Z</time>
      </trkpt>
      <trkpt lat="38.913013" lon="111.85505">
        <ele>1434.0222</ele>
        <time>2014-08-08T10:46:38.050000Z</time>
      </trkpt>
      <trkpt lat="38.912945" lon="111.855156">
        <ele>1433.7432</ele>
        <time>2014-08-08T10:46:41.089000Z</time>
      </trkpt>
      <trkpt lat="38.91289" lon="111.85526">
        <ele>1434.0621</ele>
        <time>2014-08-08T10:46:44.128000Z</time>
      </trkpt>
      <trkpt lat="38.91284" lon="111.85539">
        <ele>1434.3397</ele>
        <time>2014-08-08T10:46:47.167000Z</time>
      </trkpt>
      <trkpt lat="38.91279" lon="111.85553">
        <ele>1434.2982</ele>
        <time>2014-08-08T10:46:50.206000Z</time>
      </trkpt>
      <trkpt lat="38.912743" lon="111.85567">
        <ele>1433.9613</ele>
        <time>2014-08-08T10:46:53.245000Z</time>
      </trkpt>
      <trkpt lat="38.912704" lon="111.85578">
        <ele>1433.5425</ele>
        <time>2014-08-08T10:46:56.284000Z</time>
      </trkpt>
      <trkpt lat="38.912647" lon="111.85588">
        <ele>1433.1876</ele>
        <time>2014-08-08T10:46:59.323000Z</time>
      </trkpt>
      <trkpt lat="38.912582" lon="111.85602">
        <ele>1432.8113</ele>
        <time>2014-08-08T10:47:02.362000Z</time>
      </trkpt>
      <trkpt lat="38.912537" lon="111.856125">
        <ele>1432.4589</ele>
        <time>2014-08-08T10:47:05.401000Z</time>
      </trkpt>
      <trkpt lat="38.91249" lon="111.85623">
        <ele>1432.2043</ele>
        <time>2014-08-08T10:47:08.440000Z</time>
      </trkpt>
      <trkpt lat="38.912437" lon="111.85635">
        <ele>1432.2189</ele>
        <time>2014-08-08T10:47:11.479000Z</time>
      </trkpt>
      <trkpt lat="38.912384" lon="111.85648">
        <ele>1432.6362</ele>
        <time>2014-08-08T10:47:14.518000Z</time>
      </trkpt>
      <trkpt lat="38.912334" lon="111.8566">
        <ele>1433.1389</ele>
        <time>2014-08-08T10:47:17.557000Z</time>
      </trkpt>
      <trkpt lat="38.912285" lon="111.85671">
        <ele>1433.3438</ele>
        <time>2014-08-08T10:47:20.596000Z</time>
      </trkpt>
      <trkpt lat="38.91224" lon="111.85681">
        <ele>1433.2782</ele>
        <time>2014-08-08T10:47:23.635000Z</time>
      </trkpt>
      <trkpt lat="38.912193" lon="111.856926">
        <ele>1433.4059</ele>
        <time>2014-08-08T10:47:26.674000Z</time>
      </trkpt>
      <trkpt lat="38.91214" lon="111.85705">
        <ele>1433.9918</ele>
        <time>2014-08-08T10:47:29.713000Z</time>
      </trkpt>
      <trkpt lat="38.91209" lon="111.85716">
        <ele>1434.6832</ele>
        <time>2014-08-08T10:47:32.752000Z</time>
      </trkpt>
      <trkpt lat="38.912037" lon="111.857285">
        <ele>1435.1628</ele>
        <time>2014-08-08T10:47:35.791000Z</time>
      </trkpt>
      <trkpt lat="38.91198" lon="111.8574">
        <ele>1436.0964</ele>
        <time>2014-08-08T10:47:38.830000Z</time>
      </trkpt>
      <trkpt lat="38.911938" lon="111.85751">
        <ele>1437.8668</ele>
        <time>2014-08-08T10:47:41.869000Z</time>
      </trkpt>
      <trkpt lat="38.911892" lon="111.85765">
        <ele>1439.0559</ele>
        <time>2014-08-08T10:47:44.908000Z</time>
      </trkpt>
      <trkpt lat="38.911842" lon="111.857765">
        <ele>1438.5002</ele>
        <time>2014-08-08T10:47:47.947000Z</time>
      </trkpt>
      <trkpt lat="38.91178" lon="111.857895">
        <ele>1437.2223</ele>
        <time>2014-08-08T10:47:50.986000Z</time>
      </trkpt>
      <trkpt lat="38.911728" lon="111.858">
        <ele>1436.5764</ele>
        <time>2014-08-08T10:47:54.025000Z</time>
      </trkpt>
      <trkpt lat="38.911686" lon="111.8581">
        <ele>1436.7871</ele>
        <time>2014-08-08T10:47:57.064000Z</time>
      </trkpt>
      <trkpt lat="38.91163" lon="111.8582">
        <ele>1437.3713</ele>
        <time>2014-08-08T10:48:00.103000Z</time>
      </trkpt>
      <trkpt lat="38.911587" lon="111.85831">
        <ele>1438.1313</ele>
        <time>2014-08-08T10:48:03.142000Z</time>
      </trkpt>
      <trkpt lat="38.91153" lon="111.85844">
        <ele>1439.1261</ele>
        <time>2014-08-08T10:48:06.181000Z</time>
      </trkpt>
      <trkpt lat="38.91148" lon="111.85856">
        <ele>1440.081</ele>
        <time>2014-08-08T10:48:09.220000Z</time>
      </trkpt>
      <trkpt lat="38.911415" lon="111.858696">
        <ele>1441.0758</ele>
        <time>2014-08-08T10:48:12.259000Z</time>
      </trkpt>
      <trkpt lat="38.911354" lon="111.858826">
        <ele>1442.3336</ele>
        <time>2014-08-08T10:48:15.298000Z</time>
      </trkpt>
      <trkpt lat="38.911312" lon="111.85894">
        <ele>1443.1293</ele>
        <time>2014-08-08T10:48:18.337000Z</time>
      </trkpt>
      <trkpt lat="38.911266" lon="111.859055">
        <ele>1442.7251</ele>
        <time>2014-08-08T10:48:21.376000Z</time>
      </trkpt>
      <trkpt lat="38.911217" lon="111.85918">
        <ele>1441.3359</ele>
        <time>2014-08-08T10:48:24.415000Z</time>
      </trkpt>
      <trkpt lat="38.91117" lon="111.85929">
        <ele>1439.9963</ele>
        <time>2014-08-08T10:48:27.454000Z</time>
      </trkpt>
      <trkpt lat="38.911125" lon="111.85941">
        <ele>1439.4473</ele>
        <time>2014-08-08T10:48:30.493000Z</time>
      </trkpt>
      <trkpt lat="38.91107" lon="111.85956">
        <ele>1439.3982</ele>
        <time>2014-08-08T10:48:33.532000Z</time>
      </trkpt>
      <trkpt lat="38.911022" lon="111.85966">
        <ele>1439.3842</ele>
        <time>2014-08-08T10:48:36.571000Z</time>
      </trkpt>
      <trkpt lat="38.910965" lon="111.85977">
        <ele>1439.6012</ele>
        <time>2014-08-08T10:48:39.610000Z</time>
      </trkpt>
      <trkpt lat="38.91091" lon="111.8599">
        <ele>1440.1893</ele>
        <time>2014-08-08T10:48:42.649000Z</time>
      </trkpt>
      <trkpt lat="38.91087" lon="111.860016">
        <ele>1440.8444</ele>
        <time>2014-08-08T10:48:45.688000Z</time>
      </trkpt>
      <trkpt lat="38.910828" lon="111.86012">
        <ele>1441.6798</ele>
        <time>2014-08-08T10:48:48.727000Z</time>
      </trkpt>
      <trkpt lat="38.910774" lon="111.86024">
        <ele>1442.9858</ele>
        <time>2014-08-08T10:48:51.766000Z</time>
      </trkpt>
      <trkpt lat="38.910725" lon="111.860344">
        <ele>1443.9166</ele>
        <time>2014-08-08T10:48:54.805000Z</time>
      </trkpt>
      <trkpt lat="38.910667" lon="111.86044">
        <ele>1443.719</ele>
        <time>2014-08-08T10:48:57.844000Z</time>
      </trkpt>
      <trkpt lat="38.910625" lon="111.86056">
        <ele>1442.8508</ele>
        <time>2014-08-08T10:49:00.883000Z</time>
      </trkpt>
      <trkpt lat="38.910583" lon="111.860664">
        <ele>1441.8606</ele>
        <time>2014-08-08T10:49:03.922000Z</time>
      </trkpt>
      <trkpt lat="38.91053" lon="111.86079">
        <ele>1441.021</ele>
        <time>2014-08-08T10:49:06.961000Z</time>
      </trkpt>
      <trkpt lat="38.910477" lon="111.86089">
        <ele>1440.7103</ele>
        <time>2014-08-08T10:49:10Z</time>
      </trkpt>
      <trkpt lat="38.91042" lon="111.86104">
        <ele>1441.0076</ele>
        <time>2014-08-08T10:49:13.039000Z</time>
      </trkpt>
      <trkpt lat="38.910366" lon="111.86116">
        <ele>1441.5051</ele>
        <time>2014-08-08T10:49:16.078000Z</time>
      </trkpt>
      <trkpt lat="38.910313" lon="111.861275">
        <ele>1442.0642</ele>
        <time>2014-08-08T10:49:19.117000Z</time>
      </trkpt>
      <trkpt lat="38.91025" lon="111.8614">
        <ele>1442.9575</ele>
        <time>2014-08-08T10:49:22.156000Z</time>
      </trkpt>
      <trkpt lat="38.910202" lon="111.8615">
        <ele>1444.0054</ele>
        <time>2014-08-08T10:49:25.195000Z</time>
      </trkpt>
      <trkpt lat="38.910145" lon="111.86162">
        <ele>1444.6937</ele>
        <time>2014-08-08T10:49:28.234000Z</time>
      </trkpt>
      <trkpt lat="38.910088" lon="111.86172">
        <ele>1444.7703</ele>
        <time>2014-08-08T10:49:31.273000Z</time>
      </trkpt>
      <trkpt lat="38.91004" lon="111.861824">
        <ele>1444.6012</ele>
        <time>2014-08-08T10:49:34.312000Z</time>
      </trkpt>
      <trkpt lat="38.909977" lon="111.86197">
        <ele>1444.6516</ele>
        <time>2014-08-08T10:49:37.351000Z</time>
      </trkpt>
      <trkpt lat="38.909916" lon="111.86209">
        <ele>1444.8022</ele>
        <time>2014-08-08T10:49:40.390000Z</time>
      </trkpt>
      <trkpt lat="38.909855" lon="111.86221">
        <ele>1444.6667</ele>
        <time>2014-08-08T10:49:43.429000Z</time>
      </trkpt>
      <trkpt lat="38.909794" lon="111.862335">
        <ele>1444.2572</ele>
        <time>2014-08-08T10:49:46.468000Z</time>
      </trkpt>
      <trkpt lat="38.909725" lon="111.86246">
        <ele>1443.8447</ele>
        <time>2014-08-08T10:49:49.507000Z</time>
      </trkpt>
      <trkpt lat="38.909664" lon="111.86258">
        <ele>1443.6793</ele>
        <time>2014-08-08T10:49:52.546000Z</time>
      </trkpt>
      <trkpt lat="38.909615" lon="111.862686">
        <ele>1444.0186</ele>
        <time>2014-08-08T10:49:55.585000Z</time>
      </trkpt>
      <trkpt lat="38.90956" lon="111.86279">
        <ele>1444.9012</ele>
        <time>2014-08-08T10:49:58.624000Z</time>
      </trkpt>
      <trkpt lat="38.909504" lon="111.8629">
        <ele>1445.7762</ele>
        <time>2014-08-08T10:50:01.663000Z</time>
      </trkpt>
      <trkpt lat="38.909447" lon="111.863014">
        <ele>1446.19</ele>
        <time>2014-08-08T10:50:04.702000Z</time>
      </trkpt>
      <trkpt lat="38.90938" lon="111.863106">
        <ele>1446.4513</ele>
        <time>2014-08-08T10:50:07.741000Z</time>
      </trkpt>
      <trkpt lat="38.909317" lon="111.86323">
        <ele>1446.9192</ele>
        <time>2014-08-08T10:50:10.780000Z</time>
      </trkpt>
      <trkpt lat="38.90926" lon="111.86334">
        <ele>1447.4546</ele>
        <time>2014-08-08T10:50:13.819000Z</time>
      </trkpt>
      <trkpt lat="38.909203" lon="111.86346">
        <ele>1447.7855</ele>
        <time>2014-08-08T10:50:16.858000Z</time>
      </trkpt>
      <trkpt lat="38.90914" lon="111.86358">
        <ele>1447.979</ele>
        <time>2014-08-08T10:50:19.897000Z</time>
      </trkpt>
      <trkpt lat="38.90909" lon="111.863686">
        <ele>1448.1454</ele>
        <time>2014-08-08T10:50:22.936000Z</time>
      </trkpt>
      <trkpt lat="38.90904" lon="111.863785">
        <ele>1448.3015</ele>
        <time>2014-08-08T10:50:25.975000Z</time>
      </trkpt>
      <trkpt lat="38.908997" lon="111.8639">
        <ele>1448.3944</ele>
        <time>2014-08-08T10:50:29.014000Z</time>
      </trkpt>
      <trkpt lat="38.908936" lon="111.86401">
        <ele>1448.3132</ele>
        <time>2014-08-08T10:50:32.053000Z</time>
      </trkpt>
      <trkpt lat="38.90888" lon="111.86412">
        <ele>1447.9684</ele>
        <time>2014-08-08T10:50:35.092000Z</time>
      </trkpt>
      <trkpt lat="38.908825" lon="111.864235">
        <ele>1447.5253</ele>
        <time>2014-08-08T10:50:38.131000Z</time>
      </trkpt>
      <trkpt lat="38.908756" lon="111.86438">
        <ele>1446.8906</ele>
        <time>2014-08-08T10:50:41.170000Z</time>
      </trkpt>
      <trkpt lat="38.908703" lon="111.86449">
        <ele>1446.0085</ele>
        <time>2014-08-08T10:50:44.209000Z</time>
      </trkpt>
      <trkpt lat="38.908657" lon="111.86463">
        <ele>1445.3098</ele>
        <time>2014-08-08T10:50:47.248000Z</time>
      </trkpt>
      <trkpt lat="38.908638" lon="111.86477">
        <ele>1445.0947</ele>
        <time>2014-08-08T10:50:50.287000Z</time>
      </trkpt>
      <trkpt lat="38.9087" lon="111.86486">
        <ele>1445.2092</ele>
        <time>2014-08-08T10:50:53.326000Z</time>
      </trkpt>
      <trkpt lat="38.90879" lon="111.86476">
        <ele>1445.4751</ele>
        <time>2014-08-08T10:50:56.365000Z</time>
      </trkpt>
      <trkpt lat="38.908855" lon="111.864624">
        <ele>1445.631</ele>
        <time>2014-08-08T10:50:59.404000Z</time>
      </trkpt>
      <trkpt lat="38.908916" lon="111.864494">
        <ele>1445.576</ele>
        <time>2014-08-08T10:51:02.443000Z</time>
      </trkpt>
      <trkpt lat="38.908974" lon="111.86438">
        <ele>1445.7322</ele>
        <time>2014-08-08T10:51:05.482000Z</time>
      </trkpt>
      <trkpt lat="38.909027" lon="111.86426">
        <ele>1446.4097</ele>
        <time>2014-08-08T10:51:08.521000Z</time>
      </trkpt>
      <trkpt lat="38.90909" lon="111.86414">
        <ele>1447.2163</ele>
        <time>2014-08-08T10:51:11.560000Z</time>
      </trkpt>
      <trkpt lat="38.909164" lon="111.864">
        <ele>1447.5193</ele>
        <time>2014-08-08T10:51:14.599000Z</time>
      </trkpt>
      <trkpt lat="38.909214" lon="111.86389">
        <ele>1447.3193</ele>
        <time>2014-08-08T10:51:17.638000Z</time>
      </trkpt>
      <trkpt lat="38.909286" lon="111.863754">
        <ele>1446.8887</ele>
        <time>2014-08-08T10:51:20.677000Z</time>
      </trkpt>
      <trkpt lat="38.909348" lon="111.86365">
        <ele>1446.2225</ele>
        <time>2014-08-08T10:51:23.716000Z</time>
      </trkpt>
      <trkpt lat="38.909416" lon="111.863525">
        <ele>1445.3833</ele>
        <time>2014-08-08T10:51:26.755000Z</time>
      </trkpt>
      <trkpt lat="38.90948" lon="111.863396">
        <ele>1444.7673</ele>
        <time>2014-08-08T10:51:29.794000Z</time>
      </trkpt>
      <trkpt lat="38.90954" lon="111.86328">
        <ele>1444.5083</ele>
        <time>2014-08-08T10:51:32.833000Z</time>
      </trkpt>
      <trkpt lat="38.909603" lon="111.86316">
        <ele>1444.1993</ele>
        <time>2014-08-08T10:51:35.872000Z</time>
      </trkpt>
      <trkpt lat="38.909664" lon="111.86303">
        <ele>1443.1449</ele>
        <time>2014-08-08T10:51:38.911000Z</time>
      </trkpt>
      <trkpt lat="38.90973" lon="111.86292">
        <ele>1441.4845</ele>
        <time>2014-08-08T10:51:41.950000Z</time>
      </trkpt>
      <trkpt lat="38.909786" lon="111.862816">
        <ele>1440.3438</ele>
        <time>2014-08-08T10:51:44.989000Z</time>
      </trkpt>
      <trkpt lat="38.90985" lon="111.86269">
        <ele>1440.268</ele>
        <time>2014-08-08T10:51:48.028000Z</time>
      </trkpt>
      <trkpt lat="38.90991" lon="111.862564">
        <ele>1440.4634</ele>
        <time>2014-08-08T10:51:51.067000Z</time>
      </trkpt>
      <trkpt lat="38.909973" lon="111.86244">
        <ele>1440.1892</ele>
        <time>2014-08-08T10:51:54.106000Z</time>
      </trkpt>
      <trkpt lat="38.910038" lon="111.86232">
        <ele>1439.9556</ele>
        <time>2014-08-08T10:51:57.145000Z</time>
      </trkpt>
      <trkpt lat="38.9101" lon="111.8622">
        <ele>1440.4785</ele>
        <time>2014-08-08T10:52:00.184000Z</time>
      </trkpt>
      <trkpt lat="38.910152" lon="111.86208">
        <ele>1441.4457</ele>
        <time>2014-08-08T10:52:03.223000Z</time>
      </trkpt>
      <trkpt lat="38.910217" lon="111.86195">
        <ele>1442.1648</ele>
        <time>2014-08-08T10:52:06.262000Z</time>
      </trkpt>
      <trkpt lat="38.910282" lon="111.86183">
        <ele>1442.5184</ele>
        <time>2014-08-08T10:52:09.301000Z</time>
      </trkpt>
      <trkpt lat="38.910336" lon="111.86172">
        <ele>1442.7274</ele>
        <time>2014-08-08T10:52:12.340000Z</time>
      </trkpt>
      <trkpt lat="38.9104" lon="111.861595">
        <ele>1442.8517</ele>
        <time>2014-08-08T10:52:15.379000Z</time>
      </trkpt>
      <trkpt lat="38.910458" lon="111.86147">
        <ele>1442.5897</ele>
        <time>2014-08-08T10:52:18.418000Z</time>
      </trkpt>
      <trkpt lat="38.910496" lon="111.86137">
        <ele>1441.4922</ele>
        <time>2014-08-08T10:52:21.457000Z</time>
      </trkpt>
      <trkpt lat="38.910557" lon="111.86122">
        <ele>1439.8269</ele>
        <time>2014-08-08T10:52:24.496000Z</time>
      </trkpt>
      <trkpt lat="38.910614" lon="111.86109">
        <ele>1438.87</ele>
        <time>2014-08-08T10:52:27.535000Z</time>
      </trkpt>
      <trkpt lat="38.91068" lon="111.860954">
        <ele>1439.2493</ele>
        <time>2014-08-08T10:52:30.574000Z</time>
      </trkpt>
      <trkpt lat="38.91073" lon="111.860855">
        <ele>1440.149</ele>
        <time>2014-08-08T10:52:33.613000Z</time>
      </trkpt>
      <trkpt lat="38.910778" lon="111.86073">
        <ele>1440.8602</ele>
        <time>2014-08-08T10:52:36.652000Z</time>
      </trkpt>
      <trkpt lat="38.91084" lon="111.8606">
        <ele>1441.1622</ele>
        <time>2014-08-08T10:52:39.691000Z</time>
      </trkpt>
      <trkpt lat="38.910892" lon="111.86049">
        <ele>1440.6266</ele>
        <time>2014-08-08T10:52:42.730000Z</time>
      </trkpt>
      <trkpt lat="38.91095" lon="111.86036">
        <ele>1439.4191</ele>
        <time>2014-08-08T10:52:45.769000Z</time>
      </trkpt>
      <trkpt lat="38.91101" lon="111.860214">
        <ele>1438.6277</ele>
        <time>2014-08-08T10:52:48.808000Z</time>
      </trkpt>
      <trkpt lat="38.911064" lon="111.86009">
        <ele>1438.7783</ele>
        <time>2014-08-08T10:52:51.847000Z</time>
      </trkpt>
      <trkpt lat="38.911118" lon="111.85998">
        <ele>1439.3281</ele>
        <time>2014-08-08T10:52:54.886000Z</time>
      </trkpt>
      <trkpt lat="38.91116" lon="111.85987">
        <ele>1439.6685</ele>
        <time>2014-08-08T10:52:57.925000Z</time>
      </trkpt>
      <trkpt lat="38.91121" lon="111.85974">
        <ele>1439.4691</ele>
        <time>2014-08-08T10:53:00.964000Z</time>
      </trkpt>
      <trkpt lat="38.91127" lon="111.85961">
        <ele>1438.7267</ele>
        <time>2014-08-08T10:53:04.003000Z</time>
      </trkpt>
      <trkpt lat="38.911327" lon="111.85949">
        <ele>1438.0212</ele>
        <time>2014-08-08T10:53:07.042000Z</time>
      </trkpt>
      <trkpt lat="38.91138" lon="111.85937">
        <ele>1437.8062</ele>
        <time>2014-08-08T10:53:10.081000Z</time>
      </trkpt>
      <trkpt lat="38.911427" lon="111.85925">
        <ele>1437.9028</ele>
        <time>2014-08-08T10:53:13.120000Z</time>
      </trkpt>
      <trkpt lat="38.91148" lon="111.85913">
        <ele>1437.9346</ele>
        <time>2014-08-08T10:53:16.159000Z</time>
      </trkpt>
      <trkpt lat="38.911526" lon="111.85902">
        <ele>1437.7441</ele>
        <time>2014-08-08T10:53:19.198000Z</time>
      </trkpt>
      <trkpt lat="38.91159" lon="111.85889">
        <ele>1437.3566</ele>
        <time>2014-08-08T10:53:22.237000Z</time>
      </trkpt>
      <trkpt lat="38.911644" lon="111.85877">
        <ele>1436.849</ele>
        <time>2014-08-08T10:53:25.276000Z</time>
      </trkpt>
      <trkpt lat="38.911694" lon="111.85865">
        <ele>1436.3613</ele>
        <time>2014-08-08T10:53:28.315000Z</time>
      </trkpt>
      <trkpt lat="38.911743" lon="111.85853">
        <ele>1435.7936</ele>
        <time>2014-08-08T10:53:31.354000Z</time>
      </trkpt>
      <trkpt lat="38.911793" lon="111.85842">
        <ele>1435.0155</ele>
        <time>2014-08-08T10:53:34.393000Z</time>
      </trkpt>
      <trkpt lat="38.91183" lon="111.85831">
        <ele>1434.4346</ele>
        <time>2014-08-08T10:53:37.432000Z</time>
      </trkpt>
      <trkpt lat="38.911884" lon="111.8582">
        <ele>1434.3674</ele>
        <time>2014-08-08T10:53:40.471000Z</time>
      </trkpt>
      <trkpt lat="38.911945" lon="111.85807">
        <ele>1434.2104</ele>
        <time>2014-08-08T10:53:43.510000Z</time>
      </trkpt>
      <trkpt lat="38.912006" lon="111.85793">
        <ele>1433.4413</ele>
        <time>2014-08-08T10:53:46.549000Z</time>
      </trkpt>
      <trkpt lat="38.91206" lon="111.8578">
        <ele>1432.4923</ele>
        <time>2014-08-08T10:53:49.588000Z</time>
      </trkpt>
      <trkpt lat="38.912117" lon="111.85767">
        <ele>1431.9219</ele>
        <time>2014-08-08T10:53:52.627000Z</time>
      </trkpt>
      <trkpt lat="38.912178" lon="111.857544">
        <ele>1431.6628</ele>
        <time>2014-08-08T10:53:55.666000Z</time>
      </trkpt>
      <trkpt lat="38.912224" lon="111.85744">
        <ele>1431.5718</ele>
        <time>2014-08-08T10:53:58.705000Z</time>
      </trkpt>
      <trkpt lat="38.912277" lon="111.857315">
        <ele>1431.7816</ele>
        <time>2014-08-08T10:54:01.744000Z</time>
      </trkpt>
      <trkpt lat="38.912315" lon="111.8572">
        <ele>1432.306</ele>
        <time>2014-08-08T10:54:04.783000Z</time>
      </trkpt>
      <trkpt lat="38.912373" lon="111.85706">
        <ele>1432.9313</ele>
        <time>2014-08-08T10:54:07.822000Z</time>
      </trkpt>
      <trkpt lat="38.912437" lon="111.856926">
        <ele>1433.4404</ele>
        <time>2014-08-08T10:54:10.861000Z</time>
      </trkpt>
      <trkpt lat="38.912487" lon="111.856804">
        <ele>1433.6481</ele>
        <time>2014-08-08T10:54:13.900000Z</time>
      </trkpt>
      <trkpt lat="38.912537" lon="111.856674">
        <ele>1433.5839</ele>
        <time>2014-08-08T10:54:16.939000Z</time>
      </trkpt>
      <trkpt lat="38.91259" lon="111.85655">
        <ele>1433.5759</ele>
        <time>2014-08-08T10:54:19.978000Z</time>
      </trkpt>
      <trkpt lat="38.912636" lon="111.85643">
        <ele>1433.7726</ele>
        <time>2014-08-08T10:54:23.017000Z</time>
      </trkpt>
      <trkpt lat="38.91269" lon="111.856316">
        <ele>1433.6683</ele>
        <time>2014-08-08T10:54:26.056000Z</time>
      </trkpt>
      <trkpt lat="38.91274" lon="111.856186">
        <ele>1432.8757</ele>
        <time>2014-08-08T10:54:29.095000Z</time>
      </trkpt>
      <trkpt lat="38.91279" lon="111.856064">
        <ele>1431.7643</ele>
        <time>2014-08-08T10:54:32.134000Z</time>
      </trkpt>
      <trkpt lat="38.912834" lon="111.85594">
        <ele>1430.9216</ele>
        <time>2014-08-08T10:54:35.173000Z</time>
      </trkpt>
      <trkpt lat="38.912872" lon="111.855835">
        <ele>1430.5167</ele>
        <time>2014-08-08T10:54:38.212000Z</time>
      </trkpt>
      <trkpt lat="38.912918" lon="111.85572">
        <ele>1430.4694</ele>
        <time>2014-08-08T10:54:41.251000Z</time>
      </trkpt>
      <trkpt lat="38.912968" lon="111.85561">
        <ele>1430.7668</ele>
        <time>2014-08-08T10:54:44.290000Z</time>
      </trkpt>
      <trkpt lat="38.913017" lon="111.8555">
        <ele>1431.4766</ele>
        <time>2014-08-08T10:54:47.329000Z</time>
      </trkpt>
      <trkpt lat="38.913074" lon="111.85537">
        <ele>1432.2972</ele>
        <time>2014-08-08T10:54:50.368000Z</time>
      </trkpt>
      <trkpt lat="38.91314" lon="111.855225">
        <ele>1432.2894</ele>
        <time>2014-08-08T10:54:53.407000Z</time>
      </trkpt>
      <trkpt lat="38.91319" lon="111.85512">
        <ele>1431.0138</ele>
        <time>2014-08-08T10:54:56.446000Z</time>
      </trkpt>
      <trkpt lat="38.913242" lon="111.85499">
        <ele>1429.9823</ele>
        <time>2014-08-08T10:54:59.485000Z</time>
      </trkpt>
      <trkpt lat="38.91329" lon="111.854836">
        <ele>1430.4677</ele>
        <time>2014-08-08T10:55:02.524000Z</time>
      </trkpt>
      <trkpt lat="38.91331" lon="111.85471">
        <ele>1431.4137</ele>
        <time>2014-08-08T10:55:05.563000Z</time>
      </trkpt>
      <trkpt lat="38.91334" lon="111.85459">
        <ele>1431.6207</ele>
        <time>2014-08-08T10:55:08.602000Z</time>
      </trkpt>
      <trkpt lat="38.9134" lon="111.85448">
        <ele>1431.3093</ele>
        <time>2014-08-08T10:55:11.641000Z</time>
      </trkpt>
      <trkpt lat="38.913467" lon="111.85433">
        <ele>1430.8754</ele>
        <time>2014-08-08T10:55:14.680000Z</time>
      </trkpt>
      <trkpt lat="38.913536" lon="111.85422">
        <ele>1430.3768</ele>
        <time>2014-08-08T10:55:17.719000Z</time>
      </trkpt>
      <trkpt lat="38.913612" lon="111.85411">
        <ele>1429.9928</ele>
        <time>2014-08-08T10:55:20.758000Z</time>
      </trkpt>
      <trkpt lat="38.91369" lon="111.85397">
        <ele>1429.8608</ele>
        <time>2014-08-08T10:55:23.797000Z</time>
      </trkpt>
      <trkpt lat="38.913757" lon="111.85385">
        <ele>1429.879</ele>
        <time>2014-08-08T10:55:26.836000Z</time>
      </trkpt>
      <trkpt lat="38.91381" lon="111.85372">
        <ele>1429.8853</ele>
        <time>2014-08-08T10:55:29.875000Z</time>
      </trkpt>
      <trkpt lat="38.91387" lon="111.853584">
        <ele>1429.5288</ele>
        <time>2014-08-08T10:55:32.914000Z</time>
      </trkpt>
      <trkpt lat="38.913925" lon="111.85345">
        <ele>1428.6921</ele>
        <time>2014-08-08T10:55:35.953000Z</time>
      </trkpt>
      <trkpt lat="38.913982" lon="111.85332">
        <ele>1427.8496</ele>
        <time>2014-08-08T10:55:38.992000Z</time>
      </trkpt>
      <trkpt lat="38.914047" lon="111.85318">
        <ele>1427.4165</ele>
        <time>2014-08-08T10:55:42.031000Z</time>
      </trkpt>
      <trkpt lat="38.9141" lon="111.85306">
        <ele>1427.3259</ele>
        <time>2014-08-08T10:55:45.070000Z</time>
      </trkpt>
      <trkpt lat="38.914143" lon="111.85294">
        <ele>1427.3937</ele>
        <time>2014-08-08T10:55:48.109000Z</time>
      </trkpt>
      <trkpt lat="38.914185" lon="111.85284">
        <ele>1427.4089</ele>
        <time>2014-08-08T10:55:51.148000Z</time>
      </trkpt>
      <trkpt lat="38.914227" lon="111.85272">
        <ele>1427.2655</ele>
        <time>2014-08-08T10:55:54.187000Z</time>
      </trkpt>
      <trkpt lat="38.91428" lon="111.85259">
        <ele>1427.0676</ele>
        <time>2014-08-08T10:55:57.226000Z</time>
      </trkpt>
      <trkpt lat="38.914333" lon="111.85249">
        <ele>1426.8135</ele>
        <time>2014-08-08T10:56:00.265000Z</time>
      </trkpt>
      <trkpt lat="38.914383" lon="111.85239">
        <ele>1426.4254</ele>
        <time>2014-08-08T10:56:03.304000Z</time>
      </trkpt>
      <trkpt lat="38.91443" lon="111.85228">
        <ele>1426.0693</ele>
        <time>2014-08-08T10:56:06.343000Z</time>
      </trkpt>
      <trkpt lat="38.91448" lon="111.85216">
        <ele>1426.2634</ele>
        <time>2014-08-08T10:56:09.382000Z</time>
      </trkpt>
      <trkpt lat="38.91454" lon="111.852036">
        <ele>1427.162</ele>
        <time>2014-08-08T10:56:12.421000Z</time>
      </trkpt>
      <trkpt lat="38.914597" lon="111.851906">
        <ele>1428.0765</ele>
        <time>2014-08-08T10:56:15.460000Z</time>
      </trkpt>
      <trkpt lat="38.914646" lon="111.85178">
        <ele>1428.1982</ele>
        <time>2014-08-08T10:56:18.499000Z</time>
      </trkpt>
      <trkpt lat="38.914703" lon="111.851654">
        <ele>1427.7977</ele>
        <time>2014-08-08T10:56:21.538000Z</time>
      </trkpt>
      <trkpt lat="38.91475" lon="111.85153">
        <ele>1427.1592</ele>
        <time>2014-08-08T10:56:24.577000Z</time>
      </trkpt>
      <trkpt lat="38.914803" lon="111.85141">
        <ele>1426.1038</ele>
        <time>2014-08-08T10:56:27.616000Z</time>
      </trkpt>
      <trkpt lat="38.914864" lon="111.85128">
        <ele>1424.9967</ele>
        <time>2014-08-08T10:56:30.655000Z</time>
      </trkpt>
      <trkpt lat="38.914906" lon="111.85118">
        <ele>1424.455</ele>
        <time>2014-08-08T10:56:33.694000Z</time>
      </trkpt>
      <trkpt lat="38.91495" lon="111.85107">
        <ele>1424.7214</ele>
        <time>2014-08-08T10:56:36.733000Z</time>
      </trkpt>
      <trkpt lat="38.914997" lon="111.85095">
        <ele>1425.1975</ele>
        <time>2014-08-08T10:56:39.772000Z</time>
      </trkpt>
      <trkpt lat="38.915043" lon="111.85085">
        <ele>1424.9891</ele>
        <time>2014-08-08T10:56:42.811000Z</time>
      </trkpt>
      <trkpt lat="38.9151" lon="111.85072">
        <ele>1424.4445</ele>
        <time>2014-08-08T10:56:45.850000Z</time>
      </trkpt>
      <trkpt lat="38.915146" lon="111.850586">
        <ele>1424.2803</ele>
        <time>2014-08-08T10:56:48.889000Z</time>
      </trkpt>
      <trkpt lat="38.915188" lon="111.85048">
        <ele>1424.3876</ele>
        <time>2014-08-08T10:56:51.928000Z</time>
      </trkpt>
      <trkpt lat="38.915237" lon="111.85036">
        <ele>1424.5837</ele>
        <time>2014-08-08T10:56:54.967000Z</time>
      </trkpt>
      <trkpt lat="38.915295" lon="111.850235">
        <ele>1424.722</ele>
        <time>2014-08-08T10:56:58.006000Z</time>
      </trkpt>
      <trkpt lat="38.915348" lon="111.85012">
        <ele>1424.6687</ele>
        <time>2014-08-08T10:57:01.045000Z</time>
      </trkpt>
      <trkpt lat="38.9154" lon="111.84999">
        <ele>1424.2114</ele>
        <time>2014-08-08T10:57:04.084000Z</time>
      </trkpt>
      <trkpt lat="38.91546" lon="111.84988">
        <ele>1423.4292</ele>
        <time>2014-08-08T10:57:07.123000Z</time>
      </trkpt>
      <trkpt lat="38.915504" lon="111.849754">
        <ele>1422.7811</ele>
        <time>2014-08-08T10:57:10.162000Z</time>
      </trkpt>
      <trkpt lat="38.915573" lon="111.849625">
        <ele>1422.7855</ele>
        <time>2014-08-08T10:57:13.201000Z</time>
      </trkpt>
      <trkpt lat="38.915638" lon="111.84948">
        <ele>1424.0697</ele>
        <time>2014-08-08T10:57:16.240000Z</time>
      </trkpt>
      <trkpt lat="38.915684" lon="111.84936">
        <ele>1426.4115</ele>
        <time>2014-08-08T10:57:19.279000Z</time>
      </trkpt>
      <trkpt lat="38.91575" lon="111.84923">
        <ele>1428.0448</ele>
        <time>2014-08-08T10:57:22.318000Z</time>
      </trkpt>
      <trkpt lat="38.9158" lon="111.84912">
        <ele>1427.8154</ele>
        <time>2014-08-08T10:57:25.357000Z</time>
      </trkpt>
      <trkpt lat="38.91586" lon="111.849">
        <ele>1426.5381</ele>
        <time>2014-08-08T10:57:28.396000Z</time>
      </trkpt>
      <trkpt lat="38.915905" lon="111.84886">
        <ele>1425.4246</ele>
        <time>2014-08-08T10:57:31.435000Z</time>
      </trkpt>
      <trkpt lat="38.91595" lon="111.848724">
        <ele>1424.9651</ele>
        <time>2014-08-08T10:57:34.474000Z</time>
      </trkpt>
      <trkpt lat="38.916008" lon="111.84861">
        <ele>1425.0587</ele>
        <time>2014-08-08T10:57:37.513000Z</time>
      </trkpt>
      <trkpt lat="38.916058" lon="111.84849">
        <ele>1425.1288</ele>
        <time>2014-08-08T10:57:40.552000Z</time>
      </trkpt>
      <trkpt lat="38.916122" lon="111.848366">
        <ele>1424.5358</ele>
        <time>2014-08-08T10:57:43.591000Z</time>
      </trkpt>
      <trkpt lat="38.916164" lon="111.84825">
        <ele>1423.4694</ele>
        <time>2014-08-08T10:57:46.630000Z</time>
      </trkpt>
      <trkpt lat="38.91622" lon="111.84813">
        <ele>1422.7074</ele>
        <time>2014-08-08T10:57:49.669000Z</time>
      </trkpt>
      <trkpt lat="38.91627" lon="111.84802">
        <ele>1422.7437</ele>
        <time>2014-08-08T10:57:52.708000Z</time>
      </trkpt>
      <trkpt lat="38.916325" lon="111.84791">
        <ele>1423.4285</ele>
        <time>2014-08-08T10:57:55.747000Z</time>
      </trkpt>
      <trkpt lat="38.916378" lon="111.84777">
        <ele>1423.9423</ele>
        <time>2014-08-08T10:57:58.786000Z</time>
      </trkpt>
      <trkpt lat="38.91643" lon="111.84764">
        <ele>1423.4879</ele>
        <time>2014-08-08T10:58:01.825000Z</time>
      </trkpt>
      <trkpt lat="38.91648" lon="111.847534">
        <ele>1422.0936</ele>
        <time>2014-08-08T10:58:04.864000Z</time>
      </trkpt>
      <trkpt lat="38.916534" lon="111.8474">
        <ele>1420.4589</ele>
        <time>2014-08-08T10:58:07.903000Z</time>
      </trkpt>
      <trkpt lat="38.916576" lon="111.847275">
        <ele>1419.4298</ele>
        <time>2014-08-08T10:58:10.942000Z</time>
      </trkpt>
      <trkpt lat="38.91663" lon="111.84716">
        <ele>1419.3674</ele>
        <time>2014-08-08T10:58:13.981000Z</time>
      </trkpt>
      <trkpt lat="38.916676" lon="111.84704">
        <ele>1419.8995</ele>
        <time>2014-08-08T10:58:17.020000Z</time>
      </trkpt>
      <trkpt lat="38.91673" lon="111.846924">
        <ele>1420.2656</ele>
        <time>2014-08-08T10:58:20.059000Z</time>
      </trkpt>
      <trkpt lat="38.916782" lon="111.846794">
        <ele>1420.0771</ele>
        <time>2014-08-08T10:58:23.098000Z</time>
      </trkpt>
      <trkpt lat="38.91684" lon="111.84668">
        <ele>1419.8722</ele>
        <time>2014-08-08T10:58:26.137000Z</time>
      </trkpt>
      <trkpt lat="38.91691" lon="111.84653">
        <ele>1420.3053</ele>
        <time>2014-08-08T10:58:29.176000Z</time>
      </trkpt>
      <trkpt lat="38.916965" lon="111.8464">
        <ele>1421.4187</ele>
        <time>2014-08-08T10:58:32.215000Z</time>
      </trkpt>
      <trkpt lat="38.917007" lon="111.84628">
        <ele>1423.1306</ele>
        <time>2014-08-08T10:58:35.254000Z</time>
      </trkpt>
      <trkpt lat="38.917057" lon="111.84617">
        <ele>1425.0701</ele>
        <time>2014-08-08T10:58:38.293000Z</time>
      </trkpt>
      <trkpt lat="38.917107" lon="111.846054">
        <ele>1425.3982</ele>
        <time>2014-08-08T10:58:41.332000Z</time>
      </trkpt>
      <trkpt lat="38.917164" lon="111.84592">
        <ele>1423.184</ele>
        <time>2014-08-08T10:58:44.371000Z</time>
      </trkpt>
      <trkpt lat="38.917233" lon="111.84578">
        <ele>1421.0022</ele>
        <time>2014-08-08T10:58:47.410000Z</time>
      </trkpt>
      <trkpt lat="38.917286" lon="111.84567">
        <ele>1421.5312</ele>
        <time>2014-08-08T10:58:50.449000Z</time>
      </trkpt>
      <trkpt lat="38.917343" lon="111.84557">
        <ele>1423.9246</ele>
        <time>2014-08-08T10:58:53.488000Z</time>
      </trkpt>
      <trkpt lat="38.917393" lon="111.84546">
        <ele>1425.8186</ele>
        <time>2014-08-08T10:58:56.527000Z</time>
      </trkpt>
      <trkpt lat="38.917435" lon="111.845345">
        <ele>1426.0753</ele>
        <time>2014-08-08T10:58:59.566000Z</time>
      </trkpt>
      <trkpt lat="38.91747" lon="111.84524">
        <ele>1425.4127</ele>
        <time>2014-08-08T10:59:02.605000Z</time>
      </trkpt>
      <trkpt lat="38.917534" lon="111.845085">
        <ele>1424.8394</ele>
        <time>2014-08-08T10:59:05.644000Z</time>
      </trkpt>
      <trkpt lat="38.91758" lon="111.844955">
        <ele>1424.4935</ele>
        <time>2014-08-08T10:59:08.683000Z</time>
      </trkpt>
      <trkpt lat="38.917633" lon="111.8448">
        <ele>1424.2478</ele>
        <time>2014-08-08T10:59:11.722000Z</time>
      </trkpt>
      <trkpt lat="38.91768" lon="111.844696">
        <ele>1424.5051</ele>
        <time>2014-08-08T10:59:14.761000Z</time>
      </trkpt>
      <trkpt lat="38.91774" lon="111.84456">
        <ele>1425.4052</ele>
        <time>2014-08-08T10:59:17.800000Z</time>
      </trkpt>
      <trkpt lat="38.917805" lon="111.84443">
        <ele>1426.178</ele>
        <time>2014-08-08T10:59:20.839000Z</time>
      </trkpt>
      <trkpt lat="38.917854" lon="111.844315">
        <ele>1426.1143</ele>
        <time>2014-08-08T10:59:23.878000Z</time>
      </trkpt>
      <trkpt lat="38.917908" lon="111.844185">
        <ele>1425.2703</ele>
        <time>2014-08-08T10:59:26.917000Z</time>
      </trkpt>
      <trkpt lat="38.91796" lon="111.844055">
        <ele>1423.5266</ele>
        <time>2014-08-08T10:59:29.956000Z</time>
      </trkpt>
      <trkpt lat="38.91802" lon="111.84393">
        <ele>1421.1699</ele>
        <time>2014-08-08T10:59:32.995000Z</time>
      </trkpt>
      <trkpt lat="38.918083" lon="111.84382">
        <ele>1419.8809</ele>
        <time>2014-08-08T10:59:36.034000Z</time>
      </trkpt>
      <trkpt lat="38.918144" lon="111.84371">
        <ele>1420.5636</ele>
        <time>2014-08-08T10:59:39.073000Z</time>
      </trkpt>
      <trkpt lat="38.918236" lon="111.84357">
        <ele>1422.1809</ele>
        <time>2014-08-08T10:59:42.112000Z</time>
      </trkpt>
      <trkpt lat="38.918312" lon="111.84346">
        <ele>1423.4905</ele>
        <time>2014-08-08T10:59:45.151000Z</time>
      </trkpt>
      <trkpt lat="38.91839" lon="111.84334">
        <ele>1424.043</ele>
        <time>2014-08-08T10:59:48.190000Z</time>
      </trkpt>
      <trkpt lat="38.91844" lon="111.843216">
        <ele>1423.8693</ele>
        <time>2014-08-08T10:59:51.229000Z</time>
      </trkpt>
      <trkpt lat="38.918446" lon="111.84308">
        <ele>1423.2446</ele>
        <time>2014-08-08T10:59:54.268000Z</time>
      </trkpt>
      <trkpt lat="38.918392" lon="111.84289">
        <ele>1422.6067</ele>
        <time>2014-08-08T10:59:57.307000Z</time>
      </trkpt>
      <trkpt lat="38.91834" lon="111.842735">
        <ele>1422.4196</ele>
        <time>2014-08-08T11:00:00.346000Z</time>
      </trkpt>
      <trkpt lat="38.918316" lon="111.84258">
        <ele>1422.6062</ele>
        <time>2014-08-08T11:00:03.385000Z</time>
      </trkpt>
      <trkpt lat="38.918312" lon="111.84244">
        <ele>1422.4757</ele>
        <time>2014-08-08T11:00:06.424000Z</time>
      </trkpt>
      <trkpt lat="38.918335" lon="111.842255">
        <ele>1421.6934</ele>
        <time>2014-08-08T11:00:09.463000Z</time>
      </trkpt>
      <trkpt lat="38.918358" lon="111.84213">
        <ele>1421.9357</ele>
        <time>2014-08-08T11:00:12.502000Z</time>
      </trkpt>
      <trkpt lat="38.918365" lon="111.841965">
        <ele>1424.5227</ele>
        <time>2014-08-08T11:00:15.541000Z</time>
      </trkpt>
      <trkpt lat="38.918365" lon="111.84182">
        <ele>1427.981</ele>
        <time>2014-08-08T11:00:18.580000Z</time>
      </trkpt>
      <trkpt lat="38.91836" lon="111.841705">
        <ele>1430.4767</ele>
        <time>2014-08-08T11:00:21.619000Z</time>
      </trkpt>
      <trkpt lat="38.918354" lon="111.84156">
        <ele>1431.5883</ele>
        <time>2014-08-08T11:00:24.658000Z</time>
      </trkpt>
      <trkpt lat="38.918354" lon="111.841415">
        <ele>1430.9789</ele>
        <time>2014-08-08T11:00:27.697000Z</time>
      </trkpt>
      <trkpt lat="38.918343" lon="111.84126">
        <ele>1428.8866</ele>
        <time>2014-08-08T11:00:30.736000Z</time>
      </trkpt>
      <trkpt lat="38.91834" lon="111.84112">
        <ele>1426.4622</ele>
        <time>2014-08-08T11:00:33.775000Z</time>
      </trkpt>
      <trkpt lat="38.91835" lon="111.84099">
        <ele>1424.7386</ele>
        <time>2014-08-08T11:00:36.814000Z</time>
      </trkpt>
      <trkpt lat="38.91836" lon="111.84084">
        <ele>1423.9293</ele>
        <time>2014-08-08T11:00:39.853000Z</time>
      </trkpt>
      <trkpt lat="38.91836" lon="111.84069">
        <ele>1423.8048</ele>
        <time>2014-08-08T11:00:42.892000Z</time>
      </trkpt>
      <trkpt lat="38.918365" lon="111.84055">
        <ele>1424.1792</ele>
        <time>2014-08-08T11:00:45.931000Z</time>
      </trkpt>
      <trkpt lat="38.918377" lon="111.8404">
        <ele>1424.9629</ele>
        <time>2014-08-08T11:00:48.970000Z</time>
      </trkpt>
      <trkpt lat="38.91839" lon="111.840256">
        <ele>1425.9998</ele>
        <time>2014-08-08T11:00:52.009000Z</time>
      </trkpt>
      <trkpt lat="38.918396" lon="111.84013">
        <ele>1427.0697</ele>
        <time>2014-08-08T11:00:55.048000Z</time>
      </trkpt>
      <trkpt lat="38.918392" lon="111.83999">
        <ele>1427.3228</ele>
        <time>2014-08-08T11:00:58.087000Z</time>
      </trkpt>
      <trkpt lat="38.91838" lon="111.83986">
        <ele>1426.2205</ele>
        <time>2014-08-08T11:01:01.126000Z</time>
      </trkpt>
      <trkpt lat="38.91838" lon="111.83972">
        <ele>1424.7864</ele>
        <time>2014-08-08T11:01:04.165000Z</time>
      </trkpt>
      <trkpt lat="38.918385" lon="111.8396">
        <ele>1424.082</ele>
        <time>2014-08-08T11:01:07.204000Z</time>
      </trkpt>
      <trkpt lat="38.91838" lon="111.83947">
        <ele>1423.9945</ele>
        <time>2014-08-08T11:01:10.243000Z</time>
      </trkpt>
      <trkpt lat="38.918365" lon="111.83934">
        <ele>1423.6516</ele>
        <time>2014-08-08T11:01:13.282000Z</time>
      </trkpt>
      <trkpt lat="38.918354" lon="111.83919">
        <ele>1422.1697</ele>
        <time>2014-08-08T11:01:16.321000Z</time>
      </trkpt>
      <trkpt lat="38.918335" lon="111.83901">
        <ele>1419.9408</ele>
        <time>2014-08-08T11:01:19.360000Z</time>
      </trkpt>
      <trkpt lat="38.91837" lon="111.838806">
        <ele>1418.388</ele>
        <time>2014-08-08T11:01:22.399000Z</time>
      </trkpt>
      <trkpt lat="38.91841" lon="111.83871">
        <ele>1419.0386</ele>
        <time>2014-08-08T11:01:25.438000Z</time>
      </trkpt>
      <trkpt lat="38.918423" lon="111.838554">
        <ele>1421.8696</ele>
        <time>2014-08-08T11:01:28.477000Z</time>
      </trkpt>
      <trkpt lat="38.91842" lon="111.83842">
        <ele>1424.8336</ele>
        <time>2014-08-08T11:01:31.516000Z</time>
      </trkpt>
      <trkpt lat="38.918427" lon="111.83828">
        <ele>1426.3591</ele>
        <time>2014-08-08T11:01:34.555000Z</time>
      </trkpt>
      <trkpt lat="38.91845" lon="111.83813">
        <ele>1427.2927</ele>
        <time>2014-08-08T11:01:37.594000Z</time>
      </trkpt>
      <trkpt lat="38.91845" lon="111.837975">
        <ele>1428.2944</ele>
        <time>2014-08-08T11:01:40.633000Z</time>
      </trkpt>
      <trkpt lat="38.918434" lon="111.837845">
        <ele>1428.7356</ele>
        <time>2014-08-08T11:01:43.672000Z</time>
      </trkpt>
      <trkpt lat="38.918423" lon="111.83769">
        <ele>1428.0396</ele>
        <time>2014-08-08T11:01:46.711000Z</time>
      </trkpt>
      <trkpt lat="38.918423" lon="111.83769">
        <ele>1426.6028</ele>
        <time>2014-08-08T11:01:49.750000Z</time>
      </trkpt>
      <trkpt lat="38.918396" lon="111.83752">
        <ele>1425.5</ele>
        <time>2014-08-08T11:01:52.789000Z</time>
      </trkpt>
      <trkpt lat="38.91838" lon="111.83735">
        <ele>1425.8871</ele>
        <time>2014-08-08T11:01:55.828000Z</time>
      </trkpt>
      <trkpt lat="38.918404" lon="111.83721">
        <ele>1427.669</ele>
        <time>2014-08-08T11:01:58.867000Z</time>
      </trkpt>
      <trkpt lat="38.91842" lon="111.83709">
        <ele>1429.6586</ele>
        <time>2014-08-08T11:02:01.906000Z</time>
      </trkpt>
      <trkpt lat="38.918423" lon="111.83697">
        <ele>1430.5375</ele>
        <time>2014-08-08T11:02:04.945000Z</time>
      </trkpt>
      <trkpt lat="38.91838" lon="111.83687">
        <ele>1429.2076</ele>
        <time>2014-08-08T11:02:07.984000Z</time>
      </trkpt>
      <trkpt lat="38.918324" lon="111.83675">
        <ele>1427.5461</ele>
        <time>2014-08-08T11:02:11.023000Z</time>
      </trkpt>
      <trkpt lat="38.918297" lon="111.83658">
        <ele>1426.2048</ele>
        <time>2014-08-08T11:02:14.062000Z</time>
      </trkpt>
      <trkpt lat="38.918293" lon="111.83644">
        <ele>1424.7881</ele>
        <time>2014-08-08T11:02:17.101000Z</time>
      </trkpt>
      <trkpt lat="38.91831" lon="111.836296">
        <ele>1423.0663</ele>
        <time>2014-08-08T11:02:20.140000Z</time>
      </trkpt>
      <trkpt lat="38.918285" lon="111.836174">
        <ele>1421.8274</ele>
        <time>2014-08-08T11:02:23.179000Z</time>
      </trkpt>
      <trkpt lat="38.91822" lon="111.83603">
        <ele>1421.7434</ele>
        <time>2014-08-08T11:02:26.218000Z</time>
      </trkpt>
      <trkpt lat="38.91817" lon="111.835915">
        <ele>1422.7777</ele>
        <time>2014-08-08T11:02:29.257000Z</time>
      </trkpt>
      <trkpt lat="38.918083" lon="111.83581">
        <ele>1424.363</ele>
        <time>2014-08-08T11:02:32.296000Z</time>
      </trkpt>
      <trkpt lat="38.918003" lon="111.83572">
        <ele>1425.6483</ele>
        <time>2014-08-08T11:02:35.335000Z</time>
      </trkpt>
      <trkpt lat="38.917953" lon="111.835594">
        <ele>1425.7169</ele>
        <time>2014-08-08T11:02:38.374000Z</time>
      </trkpt>
      <trkpt lat="38.917908" lon="111.83549">
        <ele>1423.9791</ele>
        <time>2014-08-08T11:02:41.413000Z</time>
      </trkpt>
      <trkpt lat="38.917843" lon="111.835396">
        <ele>1420.9116</ele>
        <time>2014-08-08T11:02:44.452000Z</time>
      </trkpt>
      <trkpt lat="38.917793" lon="111.83528">
        <ele>1417.9982</ele>
        <time>2014-08-08T11:02:47.491000Z</time>
      </trkpt>
      <trkpt lat="38.91777" lon="111.835144">
        <ele>1416.8024</ele>
        <time>2014-08-08T11:02:50.530000Z</time>
      </trkpt>
      <trkpt lat="38.917725" lon="111.83502">
        <ele>1417.6094</ele>
        <time>2014-08-08T11:02:53.569000Z</time>
      </trkpt>
      <trkpt lat="38.917755" lon="111.8348">
        <ele>1419.1835</ele>
        <time>2014-08-08T11:02:56.608000Z</time>
      </trkpt>
      <trkpt lat="38.917774" lon="111.834625">
        <ele>1421.119</ele>
        <time>2014-08-08T11:02:59.647000Z</time>
      </trkpt>
      <trkpt lat="38.91775" lon="111.8345">
        <ele>1424.1519</ele>
        <time>2014-08-08T11:03:02.686000Z</time>
      </trkpt>
      <trkpt lat="38.917683" lon="111.8344">
        <ele>1427.1451</ele>
        <time>2014-08-08T11:03:05.725000Z</time>
      </trkpt>
      <trkpt lat="38.917633" lon="111.83428">
        <ele>1428.1946</ele>
        <time>2014-08-08T11:03:08.764000Z</time>
      </trkpt>
      <trkpt lat="38.917587" lon="111.834145">
        <ele>1426.9506</ele>
        <time>2014-08-08T11:03:11.803000Z</time>
      </trkpt>
      <trkpt lat="38.917534" lon="111.83401">
        <ele>1423.9795</ele>
        <time>2014-08-08T11:03:14.842000Z</time>
      </trkpt>
      <trkpt lat="38.91747" lon="111.83389">
        <ele>1420.2759</ele>
        <time>2014-08-08T11:03:17.881000Z</time>
      </trkpt>
      <trkpt lat="38.917408" lon="111.83376">
        <ele>1416.9589</ele>
        <time>2014-08-08T11:03:20.920000Z</time>
      </trkpt>
      <trkpt lat="38.917316" lon="111.833664">
        <ele>1414.5667</ele>
        <time>2014-08-08T11:03:23.959000Z</time>
      </trkpt>
      <trkpt lat="38.91727" lon="111.83356">
        <ele>1413.383</ele>
        <time>2014-08-08T11:03:26.998000Z</time>
      </trkpt>
      <trkpt lat="38.917217" lon="111.83343">
        <ele>1413.4916</ele>
        <time>2014-08-08T11:03:30.037000Z</time>
      </trkpt>
      <trkpt lat="38.917164" lon="111.833305">
        <ele>1415.6587</ele>
        <time>2014-08-08T11:03:33.076000Z</time>
      </trkpt>
      <trkpt lat="38.9171" lon="111.83316">
        <ele>1419.7255</ele>
        <time>2014-08-08T11:03:36.115000Z</time>
      </trkpt>
      <trkpt lat="38.9171" lon="111.83316">
        <ele>1423.1362</ele>
        <time>2014-08-08T11:03:39.154000Z</time>
      </trkpt>
      <trkpt lat="38.91702" lon="111.83306">
        <ele>1423.5255</ele>
        <time>2014-08-08T11:03:42.193000Z</time>
      </trkpt>
      <trkpt lat="38.916977" lon="111.83295">
        <ele>1421.4277</ele>
        <time>2014-08-08T11:03:45.232000Z</time>
      </trkpt>
      <trkpt lat="38.916916" lon="111.83285">
        <ele>1419.0768</ele>
        <time>2014-08-08T11:03:48.271000Z</time>
      </trkpt>
      <trkpt lat="38.916916" lon="111.83285">
        <ele>1417.8616</ele>
        <time>2014-08-08T11:03:51.310000Z</time>
      </trkpt>
      <trkpt lat="38.916805" lon="111.83281">
        <ele>1417.4833</ele>
        <time>2014-08-08T11:03:54.349000Z</time>
      </trkpt>
      <trkpt lat="38.916714" lon="111.832855">
        <ele>1417.4055</ele>
        <time>2014-08-08T11:03:57.388000Z</time>
      </trkpt>
      <trkpt lat="38.916607" lon="111.83292">
        <ele>1417.1034</ele>
        <time>2014-08-08T11:04:00.427000Z</time>
      </trkpt>
      <trkpt lat="38.916492" lon="111.83299">
        <ele>1416.7556</ele>
        <time>2014-08-08T11:04:03.466000Z</time>
      </trkpt>
      <trkpt lat="38.916397" lon="111.83305">
        <ele>1417.0464</ele>
        <time>2014-08-08T11:04:06.505000Z</time>
      </trkpt>
      <trkpt lat="38.916306" lon="111.83311">
        <ele>1417.95</ele>
        <time>2014-08-08T11:04:09.544000Z</time>
      </trkpt>
      <trkpt lat="38.916206" lon="111.83315">
        <ele>1419.2026</ele>
        <time>2014-08-08T11:04:12.583000Z</time>
      </trkpt>
      <trkpt lat="38.916107" lon="111.83324">
        <ele>1420.656</ele>
        <time>2014-08-08T11:04:15.622000Z</time>
      </trkpt>
      <trkpt lat="38.915993" lon="111.83332">
        <ele>1422.0829</ele>
        <time>2014-08-08T11:04:18.661000Z</time>
      </trkpt>
      <trkpt lat="38.915863" lon="111.8334">
        <ele>1423.4801</ele>
        <time>2014-08-08T11:04:21.700000Z</time>
      </trkpt>
      <trkpt lat="38.915737" lon="111.83346">
        <ele>1425.1526</ele>
        <time>2014-08-08T11:04:24.739000Z</time>
      </trkpt>
      <trkpt lat="38.915627" lon="111.83352">
        <ele>1427.6798</ele>
        <time>2014-08-08T11:04:27.778000Z</time>
      </trkpt>
      <trkpt lat="38.915535" lon="111.83356">
        <ele>1431.1462</ele>
        <time>2014-08-08T11:04:30.817000Z</time>
      </trkpt>
      <trkpt lat="38.91545" lon="111.833595">
        <ele>1434.7216</ele>
        <time>2014-08-08T11:04:33.856000Z</time>
      </trkpt>
      <trkpt lat="38.91536" lon="111.83367">
        <ele>1437.4921</ele>
        <time>2014-08-08T11:04:36.895000Z</time>
      </trkpt>
      <trkpt lat="38.91527" lon="111.83373">
        <ele>1437.7694</ele>
        <time>2014-08-08T11:04:39.934000Z</time>
      </trkpt>
      <trkpt lat="38.91516" lon="111.833786">
        <ele>1434.934</ele>
        <time>2014-08-08T11:04:42.973000Z</time>
      </trkpt>
      <trkpt lat="38.915047" lon="111.83383">
        <ele>1431.4576</ele>
        <time>2014-08-08T11:04:46.012000Z</time>
      </trkpt>
      <trkpt lat="38.914936" lon="111.8339">
        <ele>1430.8783</ele>
        <time>2014-08-08T11:04:49.051000Z</time>
      </trkpt>
      <trkpt lat="38.9148" lon="111.834">
        <ele>1434.7212</ele>
        <time>2014-08-08T11:04:52.090000Z</time>
      </trkpt>
      <trkpt lat="38.914665" lon="111.834076">
        <ele>1441.452</ele>
        <time>2014-08-08T11:04:55.129000Z</time>
      </trkpt>
      <trkpt lat="38.91456" lon="111.83417">
        <ele>1447.5121</ele>
        <time>2014-08-08T11:04:58.168000Z</time>
      </trkpt>
      <trkpt lat="38.914463" lon="111.834236">
        <ele>1449.7256</ele>
        <time>2014-08-08T11:05:01.207000Z</time>
      </trkpt>
      <trkpt lat="38.91438" lon="111.83428">
        <ele>1447.8855</ele>
        <time>2014-08-08T11:05:04.246000Z</time>
      </trkpt>
      <trkpt lat="38.914284" lon="111.83433">
        <ele>1445.9152</ele>
        <time>2014-08-08T11:05:07.285000Z</time>
      </trkpt>
      <trkpt lat="38.91419" lon="111.83438">
        <ele>1446.8173</ele>
        <time>2014-08-08T11:05:10.324000Z</time>
      </trkpt>
      <trkpt lat="38.914093" lon="111.83443">
        <ele>1448.5393</ele>
        <time>2014-08-08T11:05:13.363000Z</time>
      </trkpt>
      <trkpt lat="38.91399" lon="111.83446">
        <ele>1447.3485</ele>
        <time>2014-08-08T11:05:16.402000Z</time>
      </trkpt>
      <trkpt lat="38.913883" lon="111.83451">
        <ele>1442.7759</ele>
        <time>2014-08-08T11:05:19.441000Z</time>
      </trkpt>
      <trkpt lat="38.91378" lon="111.834564">
        <ele>1437.6725</ele>
        <time>2014-08-08T11:05:22.480000Z</time>
      </trkpt>
      <trkpt lat="38.913692" lon="111.834595">
        <ele>1434.5566</ele>
        <time>2014-08-08T11:05:25.519000Z</time>
      </trkpt>
      <trkpt lat="38.9136" lon="111.83463">
        <ele>1433.1501</ele>
        <time>2014-08-08T11:05:28.558000Z</time>
      </trkpt>
      <trkpt lat="38.913506" lon="111.83469">
        <ele>1431.8732</ele>
        <time>2014-08-08T11:05:31.597000Z</time>
      </trkpt>
      <trkpt lat="38.913406" lon="111.83473">
        <ele>1430.1866</ele>
        <time>2014-08-08T11:05:34.636000Z</time>
      </trkpt>
      <trkpt lat="38.913307" lon="111.834785">
        <ele>1429.2291</ele>
        <time>2014-08-08T11:05:37.675000Z</time>
      </trkpt>
      <trkpt lat="38.913204" lon="111.834854">
        <ele>1430.108</ele>
        <time>2014-08-08T11:05:40.714000Z</time>
      </trkpt>
      <trkpt lat="38.913113" lon="111.834915">
        <ele>1432.4392</ele>
        <time>2014-08-08T11:05:43.753000Z</time>
      </trkpt>
      <trkpt lat="38.913013" lon="111.83495">
        <ele>1434.7391</ele>
        <time>2014-08-08T11:05:46.792000Z</time>
      </trkpt>
      <trkpt lat="38.912903" lon="111.835014">
        <ele>1435.3192</ele>
        <time>2014-08-08T11:05:49.831000Z</time>
      </trkpt>
      <trkpt lat="38.91279" lon="111.83507">
        <ele>1433.3534</ele>
        <time>2014-08-08T11:05:52.870000Z</time>
      </trkpt>
      <trkpt lat="38.912693" lon="111.83512">
        <ele>1429.8356</ele>
        <time>2014-08-08T11:05:55.909000Z</time>
      </trkpt>
      <trkpt lat="38.91259" lon="111.83518">
        <ele>1426.4478</ele>
        <time>2014-08-08T11:05:58.948000Z</time>
      </trkpt>
      <trkpt lat="38.912487" lon="111.83525">
        <ele>1424.0585</ele>
        <time>2014-08-08T11:06:01.987000Z</time>
      </trkpt>
      <trkpt lat="38.912384" lon="111.835304">
        <ele>1423.0913</ele>
        <time>2014-08-08T11:06:05.026000Z</time>
      </trkpt>
      <trkpt lat="38.91227" lon="111.835365">
        <ele>1423.76</ele>
        <time>2014-08-08T11:06:08.065000Z</time>
      </trkpt>
      <trkpt lat="38.91216" lon="111.835434">
        <ele>1425.4126</ele>
        <time>2014-08-08T11:06:11.104000Z</time>
      </trkpt>
      <trkpt lat="38.912037" lon="111.8355">
        <ele>1426.8915</ele>
        <time>2014-08-08T11:06:14.143000Z</time>
      </trkpt>
      <trkpt lat="38.911938" lon="111.835556">
        <ele>1428.9779</ele>
        <time>2014-08-08T11:06:17.182000Z</time>
      </trkpt>
      <trkpt lat="38.911846" lon="111.83563">
        <ele>1432.8585</ele>
        <time>2014-08-08T11:06:20.221000Z</time>
      </trkpt>
      <trkpt lat="38.911755" lon="111.83566">
        <ele>1436.6869</ele>
        <time>2014-08-08T11:06:23.260000Z</time>
      </trkpt>
      <trkpt lat="38.911663" lon="111.83568">
        <ele>1437.9528</ele>
        <time>2014-08-08T11:06:26.299000Z</time>
      </trkpt>
      <trkpt lat="38.911556" lon="111.83572">
        <ele>1436.2236</ele>
        <time>2014-08-08T11:06:29.338000Z</time>
      </trkpt>
      <trkpt lat="38.911457" lon="111.83577">
        <ele>1431.7452</ele>
        <time>2014-08-08T11:06:32.377000Z</time>
      </trkpt>
      <trkpt lat="38.911358" lon="111.83584">
        <ele>1426.1405</ele>
        <time>2014-08-08T11:06:35.416000Z</time>
      </trkpt>
      <trkpt lat="38.91125" lon="111.83592">
        <ele>1422.3635</ele>
        <time>2014-08-08T11:06:38.455000Z</time>
      </trkpt>
      <trkpt lat="38.91115" lon="111.83598">
        <ele>1421.7682</ele>
        <time>2014-08-08T11:06:41.494000Z</time>
      </trkpt>
      <trkpt lat="38.91105" lon="111.836044">
        <ele>1423.05</ele>
        <time>2014-08-08T11:06:44.533000Z</time>
      </trkpt>
      <trkpt lat="38.910946" lon="111.83608">
        <ele>1424.7095</ele>
        <time>2014-08-08T11:06:47.572000Z</time>
      </trkpt>
      <trkpt lat="38.91084" lon="111.836136">
        <ele>1426.3274</ele>
        <time>2014-08-08T11:06:50.611000Z</time>
      </trkpt>
      <trkpt lat="38.910767" lon="111.83629">
        <ele>1427.7196</ele>
        <time>2014-08-08T11:06:53.650000Z</time>
      </trkpt>
      <trkpt lat="38.91061" lon="111.83633">
        <ele>1428.7544</ele>
        <time>2014-08-08T11:06:56.689000Z</time>
      </trkpt>
      <trkpt lat="38.91051" lon="111.83639">
        <ele>1429.8324</ele>
        <time>2014-08-08T11:06:59.728000Z</time>
      </trkpt>
      <trkpt lat="38.910416" lon="111.83643">
        <ele>1431.0138</ele>
        <time>2014-08-08T11:07:02.767000Z</time>
      </trkpt>
      <trkpt lat="38.91032" lon="111.83647">
        <ele>1430.855</ele>
        <time>2014-08-08T11:07:05.806000Z</time>
      </trkpt>
      <trkpt lat="38.91022" lon="111.836525">
        <ele>1428.6172</ele>
        <time>2014-08-08T11:07:08.845000Z</time>
      </trkpt>
      <trkpt lat="38.910137" lon="111.83658">
        <ele>1426.4908</ele>
        <time>2014-08-08T11:07:11.884000Z</time>
      </trkpt>
      <trkpt lat="38.91004" lon="111.836624">
        <ele>1426.7561</ele>
        <time>2014-08-08T11:07:14.923000Z</time>
      </trkpt>
      <trkpt lat="38.909935" lon="111.83667">
        <ele>1428.7819</ele>
        <time>2014-08-08T11:07:17.962000Z</time>
      </trkpt>
      <trkpt lat="38.9098" lon="111.83678">
        <ele>1431.5483</ele>
        <time>2014-08-08T11:07:21.001000Z</time>
      </trkpt>
      <trkpt lat="38.909687" lon="111.83685">
        <ele>1436.8806</ele>
        <time>2014-08-08T11:07:24.040000Z</time>
      </trkpt>
      <trkpt lat="38.909588" lon="111.83693">
        <ele>1445.3368</ele>
        <time>2014-08-08T11:07:27.079000Z</time>
      </trkpt>
      <trkpt lat="38.909492" lon="111.83698">
        <ele>1453.3629</ele>
        <time>2014-08-08T11:07:30.117000Z</time>
      </trkpt>
      <trkpt lat="38.909397" lon="111.83701">
        <ele>1458.1072</ele>
        <time>2014-08-08T11:07:33.155000Z</time>
      </trkpt>
      <trkpt lat="38.909294" lon="111.837074">
        <ele>1459.0374</ele>
        <time>2014-08-08T11:07:36.193000Z</time>
      </trkpt>
      <trkpt lat="38.909195" lon="111.83711">
        <ele>1455.1868</ele>
        <time>2014-08-08T11:07:39.231000Z</time>
      </trkpt>
      <trkpt lat="38.909107" lon="111.83716">
        <ele>1447.1323</ele>
        <time>2014-08-08T11:07:42.269000Z</time>
      </trkpt>
      <trkpt lat="38.90902" lon="111.83722">
        <ele>1438.4763</ele>
        <time>2014-08-08T11:07:45.307000Z</time>
      </trkpt>
      <trkpt lat="38.908928" lon="111.83727">
        <ele>1432.4359</ele>
        <time>2014-08-08T11:07:48.345000Z</time>
      </trkpt>
      <trkpt lat="38.908817" lon="111.83731">
        <ele>1429.3145</ele>
        <time>2014-08-08T11:07:51.383000Z</time>
      </trkpt>
      <trkpt lat="38.9087" lon="111.837364">
        <ele>1428.272</ele>
        <time>2014-08-08T11:07:54.421000Z</time>
      </trkpt>
      <trkpt lat="38.908604" lon="111.83742">
        <ele>1428.722</ele>
        <time>2014-08-08T11:07:57.459000Z</time>
      </trkpt>
      <trkpt lat="38.9085" lon="111.83748">
        <ele>1429.7173</ele>
        <time>2014-08-08T11:08:00.497000Z</time>
      </trkpt>
      <trkpt lat="38.90841" lon="111.83754">
        <ele>1430.2504</ele>
        <time>2014-08-08T11:08:03.535000Z</time>
      </trkpt>
      <trkpt lat="38.9083" lon="111.837585">
        <ele>1430.1667</ele>
        <time>2014-08-08T11:08:06.573000Z</time>
      </trkpt>
      <trkpt lat="38.908184" lon="111.83766">
        <ele>1429.9524</ele>
        <time>2014-08-08T11:08:09.611000Z</time>
      </trkpt>
      <trkpt lat="38.908073" lon="111.83771">
        <ele>1430.0687</ele>
        <time>2014-08-08T11:08:12.649000Z</time>
      </trkpt>
      <trkpt lat="38.907967" lon="111.83776">
        <ele>1430.7537</ele>
        <time>2014-08-08T11:08:15.687000Z</time>
      </trkpt>
      <trkpt lat="38.907864" lon="111.83784">
        <ele>1431.6359</ele>
        <time>2014-08-08T11:08:18.725000Z</time>
      </trkpt>
      <trkpt lat="38.90777" lon="111.83789">
        <ele>1432.3234</ele>
        <time>2014-08-08T11:08:21.763000Z</time>
      </trkpt>
      <trkpt lat="38.90766" lon="111.837944">
        <ele>1432.8885</ele>
        <time>2014-08-08T11:08:24.801000Z</time>
      </trkpt>
      <trkpt lat="38.907566" lon="111.838">
        <ele>1433.2902</ele>
        <time>2014-08-08T11:08:27.839000Z</time>
      </trkpt>
      <trkpt lat="38.907463" lon="111.83806">
        <ele>1433.5459</ele>
        <time>2014-08-08T11:08:30.877000Z</time>
      </trkpt>
      <trkpt lat="38.907364" lon="111.83811">
        <ele>1433.5974</ele>
        <time>2014-08-08T11:08:33.915000Z</time>
      </trkpt>
      <trkpt lat="38.907265" lon="111.838165">
        <ele>1433.2197</ele>
        <time>2014-08-08T11:08:36.953000Z</time>
      </trkpt>
      <trkpt lat="38.90716" lon="111.83822">
        <ele>1432.6351</ele>
        <time>2014-08-08T11:08:39.991000Z</time>
      </trkpt>
      <trkpt lat="38.90704" lon="111.83829">
        <ele>1431.8202</ele>
        <time>2014-08-08T11:08:43.029000Z</time>
      </trkpt>
      <trkpt lat="38.906933" lon="111.838356">
        <ele>1430.4922</ele>
        <time>2014-08-08T11:08:46.067000Z</time>
      </trkpt>
      <trkpt lat="38.906853" lon="111.8384">
        <ele>1429.2893</ele>
        <time>2014-08-08T11:08:49.105000Z</time>
      </trkpt>
      <trkpt lat="38.90675" lon="111.83846">
        <ele>1429.2795</ele>
        <time>2014-08-08T11:08:52.143000Z</time>
      </trkpt>
      <trkpt lat="38.90664" lon="111.8385">
        <ele>1430.4817</ele>
        <time>2014-08-08T11:08:55.181000Z</time>
      </trkpt>
      <trkpt lat="38.906555" lon="111.83856">
        <ele>1432.1567</ele>
        <time>2014-08-08T11:08:58.219000Z</time>
      </trkpt>
      <trkpt lat="38.906464" lon="111.83864">
        <ele>1433.6672</ele>
        <time>2014-08-08T11:09:01.257000Z</time>
      </trkpt>
      <trkpt lat="38.90636" lon="111.83871">
        <ele>1434.7366</ele>
        <time>2014-08-08T11:09:04.295000Z</time>
      </trkpt>
      <trkpt lat="38.90624" lon="111.83877">
        <ele>1436.0112</ele>
        <time>2014-08-08T11:09:07.333000Z</time>
      </trkpt>
      <trkpt lat="38.906116" lon="111.83883">
        <ele>1438.4037</ele>
        <time>2014-08-08T11:09:10.371000Z</time>
      </trkpt>
      <trkpt lat="38.905994" lon="111.83888">
        <ele>1441.1088</ele>
        <time>2014-08-08T11:09:13.409000Z</time>
      </trkpt>
      <trkpt lat="38.90588" lon="111.838936">
        <ele>1442.4904</ele>
        <time>2014-08-08T11:09:16.447000Z</time>
      </trkpt>
      <trkpt lat="38.905758" lon="111.83899">
        <ele>1441.803</ele>
        <time>2014-08-08T11:09:19.485000Z</time>
      </trkpt>
      <trkpt lat="38.905663" lon="111.839035">
        <ele>1440.0103</ele>
        <time>2014-08-08T11:09:22.523000Z</time>
      </trkpt>
      <trkpt lat="38.905556" lon="111.83908">
        <ele>1438.6022</ele>
        <time>2014-08-08T11:09:25.561000Z</time>
      </trkpt>
      <trkpt lat="38.905445" lon="111.839134">
        <ele>1437.1036</ele>
        <time>2014-08-08T11:09:28.599000Z</time>
      </trkpt>
      <trkpt lat="38.905357" lon="111.839195">
        <ele>1434.7654</ele>
        <time>2014-08-08T11:09:31.637000Z</time>
      </trkpt>
      <trkpt lat="38.905254" lon="111.839264">
        <ele>1433.3973</ele>
        <time>2014-08-08T11:09:34.675000Z</time>
      </trkpt>
      <trkpt lat="38.905148" lon="111.83932">
        <ele>1434.3944</ele>
        <time>2014-08-08T11:09:37.713000Z</time>
      </trkpt>
      <trkpt lat="38.90505" lon="111.83936">
        <ele>1436.361</ele>
        <time>2014-08-08T11:09:40.751000Z</time>
      </trkpt>
      <trkpt lat="38.90495" lon="111.83943">
        <ele>1437.2313</ele>
        <time>2014-08-08T11:09:43.789000Z</time>
      </trkpt>
      <trkpt lat="38.904846" lon="111.83949">
        <ele>1436.5935</ele>
        <time>2014-08-08T11:09:46.827000Z</time>
      </trkpt>
      <trkpt lat="38.904743" lon="111.83955">
        <ele>1435.3317</ele>
        <time>2014-08-08T11:09:49.865000Z</time>
      </trkpt>
      <trkpt lat="38.90464" lon="111.839584">
        <ele>1434.3069</ele>
        <time>2014-08-08T11:09:52.903000Z</time>
      </trkpt>
      <trkpt lat="38.904205" lon="111.83976">
        <ele>1432.8143</ele>
        <time>2014-08-08T11:09:55.941000Z</time>
      </trkpt>
      <trkpt lat="38.90418" lon="111.839775">
        <ele>1434.5442</ele>
        <time>2014-08-08T11:09:58.979000Z</time>
      </trkpt>
      <trkpt lat="38.90418" lon="111.839775">
        <ele>1435.6058</ele>
        <time>2014-08-08T11:10:02.017000Z</time>
      </trkpt>
      <trkpt lat="38.90409" lon="111.83981">
        <ele>1435.932</ele>
        <time>2014-08-08T11:10:05.055000Z</time>
      </trkpt>
      <trkpt lat="38.904007" lon="111.83971">
        <ele>1436.0514</ele>
        <time>2014-08-08T11:10:08.093000Z</time>
      </trkpt>
      <trkpt lat="38.903965" lon="111.83959">
        <ele>1436.3245</ele>
        <time>2014-08-08T11:10:11.131000Z</time>
      </trkpt>
      <trkpt lat="38.903904" lon="111.839424">
        <ele>1436.1235</ele>
        <time>2014-08-08T11:10:14.169000Z</time>
      </trkpt>
      <trkpt lat="38.903835" lon="111.83929">
        <ele>1434.5875</ele>
        <time>2014-08-08T11:10:17.207000Z</time>
      </trkpt>
      <trkpt lat="38.90379" lon="111.83914">
        <ele>1431.9303</ele>
        <time>2014-08-08T11:10:20.245000Z</time>
      </trkpt>
      <trkpt lat="38.90373" lon="111.839">
        <ele>1429.0251</ele>
        <time>2014-08-08T11:10:23.283000Z</time>
      </trkpt>
      <trkpt lat="38.903664" lon="111.83886">
        <ele>1426.6979</ele>
        <time>2014-08-08T11:10:26.321000Z</time>
      </trkpt>
      <trkpt lat="38.903606" lon="111.838715">
        <ele>1425.1671</ele>
        <time>2014-08-08T11:10:29.359000Z</time>
      </trkpt>
      <trkpt lat="38.90355" lon="111.83857">
        <ele>1424.3899</ele>
        <time>2014-08-08T11:10:32.397000Z</time>
      </trkpt>
      <trkpt lat="38.903492" lon="111.838425">
        <ele>1423.9905</ele>
        <time>2014-08-08T11:10:35.435000Z</time>
      </trkpt>
      <trkpt lat="38.903446" lon="111.83828">
        <ele>1423.6553</ele>
        <time>2014-08-08T11:10:38.473000Z</time>
      </trkpt>
      <trkpt lat="38.903397" lon="111.83814">
        <ele>1423.3246</ele>
        <time>2014-08-08T11:10:41.511000Z</time>
      </trkpt>
      <trkpt lat="38.903362" lon="111.83802">
        <ele>1422.9143</ele>
        <time>2014-08-08T11:10:44.549000Z</time>
      </trkpt>
      <trkpt lat="38.90332" lon="111.83789">
        <ele>1422.4402</ele>
        <time>2014-08-08T11:10:47.587000Z</time>
      </trkpt>
      <trkpt lat="38.90328" lon="111.837746">
        <ele>1422.2979</ele>
        <time>2014-08-08T11:10:50.625000Z</time>
      </trkpt>
      <trkpt lat="38.903233" lon="111.83759">
        <ele>1422.5343</ele>
        <time>2014-08-08T11:10:53.663000Z</time>
      </trkpt>
      <trkpt lat="38.90319" lon="111.83746">
        <ele>1423.1327</ele>
        <time>2014-08-08T11:10:56.701000Z</time>
      </trkpt>
      <trkpt lat="38.90313" lon="111.83733">
        <ele>1423.7267</ele>
        <time>2014-08-08T11:10:59.739000Z</time>
      </trkpt>
      <trkpt lat="38.90308" lon="111.83718">
        <ele>1423.5131</ele>
        <time>2014-08-08T11:11:02.777000Z</time>
      </trkpt>
      <trkpt lat="38.90302" lon="111.83705">
        <ele>1422.3231</ele>
        <time>2014-08-08T11:11:05.815000Z</time>
      </trkpt>
      <trkpt lat="38.902977" lon="111.83693">
        <ele>1421.4666</ele>
        <time>2014-08-08T11:11:08.853000Z</time>
      </trkpt>
      <trkpt lat="38.90295" lon="111.836815">
        <ele>1421.8978</ele>
        <time>2014-08-08T11:11:11.891000Z</time>
      </trkpt>
      <trkpt lat="38.902905" lon="111.83666">
        <ele>1422.8536</ele>
        <time>2014-08-08T11:11:14.929000Z</time>
      </trkpt>
      <trkpt lat="38.902863" lon="111.836525">
        <ele>1423.4313</ele>
        <time>2014-08-08T11:11:17.967000Z</time>
      </trkpt>
      <trkpt lat="38.902817" lon="111.836365">
        <ele>1423.5317</ele>
        <time>2014-08-08T11:11:21.005000Z</time>
      </trkpt>
      <trkpt lat="38.902767" lon="111.83623">
        <ele>1423.6719</ele>
        <time>2014-08-08T11:11:24.043000Z</time>
      </trkpt>
      <trkpt lat="38.902702" lon="111.83607">
        <ele>1424.0902</ele>
        <time>2014-08-08T11:11:27.081000Z</time>
      </trkpt>
      <trkpt lat="38.902653" lon="111.83592">
        <ele>1424.512</ele>
        <time>2014-08-08T11:11:30.119000Z</time>
      </trkpt>
      <trkpt lat="38.902615" lon="111.83577">
        <ele>1424.7695</ele>
        <time>2014-08-08T11:11:33.157000Z</time>
      </trkpt>
      <trkpt lat="38.902576" lon="111.83564">
        <time>2014-08-08T11:11:36.195000Z</time>
      </trkpt>
    </trkseg>
  </trk>
</gpx>