<?xml version="1.0" encoding="UTF-8"?>
<gpx xmlns="http://www.topografix.com/GPX/1/1" xmlns:gpxtpx="http://www.garmin.com/xmlschemas/TrackPointExtension/v1" xmlns:xsi="http://www.w3.org/2001/XMLSchema-instance" xsi:schemaLocation="http://www.topografix.com/GPX/1/1 http://www.topografix.com/GPX/1/1/gpx.xsd" version="1.1" creator="gpx.py -- https://github.com/tkrajina/gpxpy">
  <trk>
    <trkseg>
      <trkpt lat="38.9019" lon="111.83592">
        <ele>1441.7715</ele>
        <time>2014-08-03T09:43:34.409000Z</time>
      </trkpt>
      <trkpt lat="38.9019" lon="111.83592">
        <ele>1441.3126</ele>
        <time>2014-08-03T09:43:37.516000Z</time>
      </trkpt>
      <trkpt lat="38.90204" lon="111.83586">
        <ele>1438.6604</ele>
        <time>2014-08-03T09:43:40.623000Z</time>
      </trkpt>
      <trkpt lat="38.902065" lon="111.83584">
        <ele>1433.1586</ele>
        <time>2014-08-03T09:43:43.730000Z</time>
      </trkpt>
      <trkpt lat="38.902164" lon="111.83578">
        <ele>1428.2278</ele>
        <time>2014-08-03T09:43:46.837000Z</time>
      </trkpt>
      <trkpt lat="38.902252" lon="111.83573">
        <ele>1426.3444</ele>
        <time>2014-08-03T09:43:49.944000Z</time>
      </trkpt>
      <trkpt lat="38.902252" lon="111.83573">
        <ele>1426.1698</ele>
        <time>2014-08-03T09:43:53.051000Z</time>
      </trkpt>
      <trkpt lat="38.902348" lon="111.83569">
        <ele>1426.1937</ele>
        <time>2014-08-03T09:43:56.158000Z</time>
      </trkpt>
      <trkpt lat="38.902443" lon="111.83563">
        <ele>1425.9515</ele>
        <time>2014-08-03T09:43:59.265000Z</time>
      </trkpt>
      <trkpt lat="38.90255" lon="111.835594">
        <ele>1425.6835</ele>
        <time>2014-08-03T09:44:02.372000Z</time>
      </trkpt>
      <trkpt lat="38.902637" lon="111.83563">
        <ele>1425.5271</ele>
        <time>2014-08-03T09:44:05.479000Z</time>
      </trkpt>
      <trkpt lat="38.902687" lon="111.83573">
        <ele>1425.4419</ele>
        <time>2014-08-03T09:44:08.586000Z</time>
      </trkpt>
      <trkpt lat="38.902733" lon="111.83587">
        <ele>1425.3984</ele>
        <time>2014-08-03T09:44:11.693000Z</time>
      </trkpt>
      <trkpt lat="38.90278" lon="111.836">
        <ele>1425.2961</ele>
        <time>2014-08-03T09:44:14.800000Z</time>
      </trkpt>
      <trkpt lat="38.902817" lon="111.83612">
        <ele>1424.9934</ele>
        <time>2014-08-03T09:44:17.907000Z</time>
      </trkpt>
      <trkpt lat="38.902847" lon="111.83625">
        <ele>1424.5619</ele>
        <time>2014-08-03T09:44:21.014000Z</time>
      </trkpt>
      <trkpt lat="38.90288" lon="111.83637">
        <ele>1424.0863</ele>
        <time>2014-08-03T09:44:24.121000Z</time>
      </trkpt>
      <trkpt lat="38.902916" lon="111.8365">
        <ele>1423.4866</ele>
        <time>2014-08-03T09:44:27.228000Z</time>
      </trkpt>
      <trkpt lat="38.902954" lon="111.83663">
        <ele>1422.8617</ele>
        <time>2014-08-03T09:44:30.335000Z</time>
      </trkpt>
      <trkpt lat="38.902996" lon="111.836754">
        <ele>1422.4686</ele>
        <time>2014-08-03T09:44:33.442000Z</time>
      </trkpt>
      <trkpt lat="38.90305" lon="111.836876">
        <ele>1422.4498</ele>
        <time>2014-08-03T09:44:36.549000Z</time>
      </trkpt>
      <trkpt lat="38.903088" lon="111.83699">
        <ele>1422.9336</ele>
        <time>2014-08-03T09:44:39.656000Z</time>
      </trkpt>
      <trkpt lat="38.90313" lon="111.83713">
        <ele>1423.7086</ele>
        <time>2014-08-03T09:44:42.763000Z</time>
      </trkpt>
      <trkpt lat="38.903164" lon="111.83724">
        <ele>1424.2286</ele>
        <time>2014-08-03T09:44:45.870000Z</time>
      </trkpt>
      <trkpt lat="38.90319" lon="111.83735">
        <ele>1424.33</ele>
        <time>2014-08-03T09:44:48.977000Z</time>
      </trkpt>
      <trkpt lat="38.903233" lon="111.83749">
        <ele>1423.8553</ele>
        <time>2014-08-03T09:44:52.084000Z</time>
      </trkpt>
      <trkpt lat="38.90327" lon="111.837616">
        <ele>1423.205</ele>
        <time>2014-08-03T09:44:55.191000Z</time>
      </trkpt>
      <trkpt lat="38.90332" lon="111.83775">
        <ele>1423.4928</ele>
        <time>2014-08-03T09:44:58.298000Z</time>
      </trkpt>
      <trkpt lat="38.903374" lon="111.8379">
        <ele>1424.6956</ele>
        <time>2014-08-03T09:45:01.405000Z</time>
      </trkpt>
      <trkpt lat="38.903423" lon="111.83802">
        <ele>1425.9319</ele>
        <time>2014-08-03T09:45:04.512000Z</time>
      </trkpt>
      <trkpt lat="38.903477" lon="111.83813">
        <ele>1427.0287</ele>
        <time>2014-08-03T09:45:07.619000Z</time>
      </trkpt>
      <trkpt lat="38.903522" lon="111.83825">
        <ele>1427.7931</ele>
        <time>2014-08-03T09:45:10.726000Z</time>
      </trkpt>
      <trkpt lat="38.903557" lon="111.838356">
        <ele>1427.9331</ele>
        <time>2014-08-03T09:45:13.833000Z</time>
      </trkpt>
      <trkpt lat="38.9036" lon="111.8385">
        <ele>1427.495</ele>
        <time>2014-08-03T09:45:16.940000Z</time>
      </trkpt>
      <trkpt lat="38.90363" lon="111.83862">
        <ele>1426.4143</ele>
        <time>2014-08-03T09:45:20.047000Z</time>
      </trkpt>
      <trkpt lat="38.90367" lon="111.83877">
        <ele>1424.8569</ele>
        <time>2014-08-03T09:45:23.154000Z</time>
      </trkpt>
      <trkpt lat="38.90372" lon="111.83889">
        <ele>1423.7638</ele>
        <time>2014-08-03T09:45:26.261000Z</time>
      </trkpt>
      <trkpt lat="38.903763" lon="111.83901">
        <ele>1423.8738</ele>
        <time>2014-08-03T09:45:29.368000Z</time>
      </trkpt>
      <trkpt lat="38.903805" lon="111.83914">
        <ele>1424.8094</ele>
        <time>2014-08-03T09:45:32.475000Z</time>
      </trkpt>
      <trkpt lat="38.90383" lon="111.839264">
        <ele>1425.6935</ele>
        <time>2014-08-03T09:45:35.582000Z</time>
      </trkpt>
      <trkpt lat="38.90389" lon="111.8394">
        <ele>1426.1608</ele>
        <time>2014-08-03T09:45:38.689000Z</time>
      </trkpt>
      <trkpt lat="38.903927" lon="111.83952">
        <ele>1426.5122</ele>
        <time>2014-08-03T09:45:41.796000Z</time>
      </trkpt>
      <trkpt lat="38.903973" lon="111.83967">
        <ele>1426.8179</ele>
        <time>2014-08-03T09:45:44.903000Z</time>
      </trkpt>
      <trkpt lat="38.90401" lon="111.839775">
        <ele>1427.094</ele>
        <time>2014-08-03T09:45:48.010000Z</time>
      </trkpt>
      <trkpt lat="38.904087" lon="111.83986">
        <ele>1427.557</ele>
        <time>2014-08-03T09:45:51.117000Z</time>
      </trkpt>
      <trkpt lat="38.904205" lon="111.83983">
        <ele>1428.0782</ele>
        <time>2014-08-03T09:45:54.224000Z</time>
      </trkpt>
      <trkpt lat="38.904327" lon="111.8398">
        <ele>1428.2098</ele>
        <time>2014-08-03T09:45:57.331000Z</time>
      </trkpt>
      <trkpt lat="38.904423" lon="111.83975">
        <ele>1427.8827</ele>
        <time>2014-08-03T09:46:00.438000Z</time>
      </trkpt>
      <trkpt lat="38.904522" lon="111.8397">
        <ele>1427.2719</ele>
        <time>2014-08-03T09:46:03.545000Z</time>
      </trkpt>
      <trkpt lat="38.904606" lon="111.83964">
        <ele>1426.6974</ele>
        <time>2014-08-03T09:46:06.652000Z</time>
      </trkpt>
      <trkpt lat="38.90471" lon="111.839584">
        <ele>1426.2546</ele>
        <time>2014-08-03T09:46:09.759000Z</time>
      </trkpt>
      <trkpt lat="38.904808" lon="111.83953">
        <ele>1425.8258</ele>
        <time>2014-08-03T09:46:12.866000Z</time>
      </trkpt>
      <trkpt lat="38.9049" lon="111.83946">
        <ele>1425.274</ele>
        <time>2014-08-03T09:46:15.972000Z</time>
      </trkpt>
      <trkpt lat="38.905003" lon="111.839424">
        <ele>1424.5183</ele>
        <time>2014-08-03T09:46:19.078000Z</time>
      </trkpt>
      <trkpt lat="38.9051" lon="111.83938">
        <ele>1423.6968</ele>
        <time>2014-08-03T09:46:22.184000Z</time>
      </trkpt>
      <trkpt lat="38.905212" lon="111.83932">
        <ele>1423.5944</ele>
        <time>2014-08-03T09:46:25.290000Z</time>
      </trkpt>
      <trkpt lat="38.90531" lon="111.83926">
        <ele>1424.5581</ele>
        <time>2014-08-03T09:46:28.396000Z</time>
      </trkpt>
      <trkpt lat="38.905426" lon="111.83919">
        <ele>1425.7568</ele>
        <time>2014-08-03T09:46:31.502000Z</time>
      </trkpt>
      <trkpt lat="38.90553" lon="111.83913">
        <ele>1425.8066</ele>
        <time>2014-08-03T09:46:34.608000Z</time>
      </trkpt>
      <trkpt lat="38.90563" lon="111.83907">
        <ele>1424.3973</ele>
        <time>2014-08-03T09:46:37.714000Z</time>
      </trkpt>
      <trkpt lat="38.905735" lon="111.83902">
        <ele>1422.6044</ele>
        <time>2014-08-03T09:46:40.820000Z</time>
      </trkpt>
      <trkpt lat="38.90583" lon="111.838974">
        <ele>1421.318</ele>
        <time>2014-08-03T09:46:43.926000Z</time>
      </trkpt>
      <trkpt lat="38.90594" lon="111.83892">
        <ele>1420.4966</ele>
        <time>2014-08-03T09:46:47.032000Z</time>
      </trkpt>
      <trkpt lat="38.906036" lon="111.83886">
        <ele>1420.2574</ele>
        <time>2014-08-03T09:46:50.138000Z</time>
      </trkpt>
      <trkpt lat="38.906128" lon="111.838806">
        <ele>1420.7744</ele>
        <time>2014-08-03T09:46:53.244000Z</time>
      </trkpt>
      <trkpt lat="38.90624" lon="111.83873">
        <ele>1421.6697</ele>
        <time>2014-08-03T09:46:56.350000Z</time>
      </trkpt>
      <trkpt lat="38.90633" lon="111.83868">
        <ele>1422.2035</ele>
        <time>2014-08-03T09:46:59.456000Z</time>
      </trkpt>
      <trkpt lat="38.906433" lon="111.838615">
        <ele>1421.9463</ele>
        <time>2014-08-03T09:47:02.562000Z</time>
      </trkpt>
      <trkpt lat="38.906544" lon="111.83857">
        <ele>1421.0421</ele>
        <time>2014-08-03T09:47:05.668000Z</time>
      </trkpt>
      <trkpt lat="38.90666" lon="111.83852">
        <ele>1419.9421</ele>
        <time>2014-08-03T09:47:08.774000Z</time>
      </trkpt>
      <trkpt lat="38.906754" lon="111.83846">
        <ele>1419.0837</ele>
        <time>2014-08-03T09:47:11.880000Z</time>
      </trkpt>
      <trkpt lat="38.906857" lon="111.83841">
        <ele>1418.8358</ele>
        <time>2014-08-03T09:47:14.986000Z</time>
      </trkpt>
      <trkpt lat="38.90695" lon="111.83837">
        <ele>1419.1975</ele>
        <time>2014-08-03T09:47:18.092000Z</time>
      </trkpt>
      <trkpt lat="38.907047" lon="111.83832">
        <ele>1419.6761</ele>
        <time>2014-08-03T09:47:21.198000Z</time>
      </trkpt>
      <trkpt lat="38.907158" lon="111.838264">
        <ele>1419.8815</ele>
        <time>2014-08-03T09:47:24.304000Z</time>
      </trkpt>
      <trkpt lat="38.907246" lon="111.83822">
        <ele>1420.0066</ele>
        <time>2014-08-03T09:47:27.410000Z</time>
      </trkpt>
      <trkpt lat="38.90736" lon="111.838165">
        <ele>1420.2922</ele>
        <time>2014-08-03T09:47:30.516000Z</time>
      </trkpt>
      <trkpt lat="38.90746" lon="111.838104">
        <ele>1420.5665</ele>
        <time>2014-08-03T09:47:33.622000Z</time>
      </trkpt>
      <trkpt lat="38.90755" lon="111.838036">
        <ele>1420.1621</ele>
        <time>2014-08-03T09:47:36.728000Z</time>
      </trkpt>
      <trkpt lat="38.907642" lon="111.837975">
        <ele>1418.8964</ele>
        <time>2014-08-03T09:47:39.834000Z</time>
      </trkpt>
      <trkpt lat="38.90775" lon="111.8379">
        <ele>1417.8728</ele>
        <time>2014-08-03T09:47:42.940000Z</time>
      </trkpt>
      <trkpt lat="38.907852" lon="111.837845">
        <ele>1417.9681</ele>
        <time>2014-08-03T09:47:46.046000Z</time>
      </trkpt>
      <trkpt lat="38.907955" lon="111.8378">
        <ele>1419.0599</ele>
        <time>2014-08-03T09:47:49.152000Z</time>
      </trkpt>
      <trkpt lat="38.90805" lon="111.83773">
        <ele>1420.9734</ele>
        <time>2014-08-03T09:47:52.258000Z</time>
      </trkpt>
      <trkpt lat="38.908146" lon="111.83768">
        <ele>1422.9486</ele>
        <time>2014-08-03T09:47:55.364000Z</time>
      </trkpt>
      <trkpt lat="38.908245" lon="111.837616">
        <ele>1423.9396</ele>
        <time>2014-08-03T09:47:58.470000Z</time>
      </trkpt>
      <trkpt lat="38.90833" lon="111.83758">
        <ele>1423.4281</ele>
        <time>2014-08-03T09:48:01.576000Z</time>
      </trkpt>
      <trkpt lat="38.908432" lon="111.83753">
        <ele>1421.5347</ele>
        <time>2014-08-03T09:48:04.682000Z</time>
      </trkpt>
      <trkpt lat="38.908543" lon="111.83748">
        <ele>1419.3645</ele>
        <time>2014-08-03T09:48:07.788000Z</time>
      </trkpt>
      <trkpt lat="38.908634" lon="111.83741">
        <ele>1418.2656</ele>
        <time>2014-08-03T09:48:10.894000Z</time>
      </trkpt>
      <trkpt lat="38.908737" lon="111.837326">
        <ele>1418.4169</ele>
        <time>2014-08-03T09:48:14Z</time>
      </trkpt>
      <trkpt lat="38.908848" lon="111.837265">
        <ele>1419.2328</ele>
        <time>2014-08-03T09:48:17.106000Z</time>
      </trkpt>
      <trkpt lat="38.908943" lon="111.83723">
        <ele>1420.0979</ele>
        <time>2014-08-03T09:48:20.212000Z</time>
      </trkpt>
      <trkpt lat="38.909042" lon="111.83717">
        <ele>1420.6497</ele>
        <time>2014-08-03T09:48:23.318000Z</time>
      </trkpt>
      <trkpt lat="38.90915" lon="111.83715">
        <ele>1420.4357</ele>
        <time>2014-08-03T09:48:26.424000Z</time>
      </trkpt>
      <trkpt lat="38.909237" lon="111.83711">
        <ele>1419.3787</ele>
        <time>2014-08-03T09:48:29.530000Z</time>
      </trkpt>
      <trkpt lat="38.909348" lon="111.83704">
        <ele>1418.2053</ele>
        <time>2014-08-03T09:48:32.636000Z</time>
      </trkpt>
      <trkpt lat="38.909443" lon="111.83698">
        <ele>1418.1251</ele>
        <time>2014-08-03T09:48:35.742000Z</time>
      </trkpt>
      <trkpt lat="38.909542" lon="111.83691">
        <ele>1419.3848</ele>
        <time>2014-08-03T09:48:38.848000Z</time>
      </trkpt>
      <trkpt lat="38.909657" lon="111.836845">
        <ele>1420.8823</ele>
        <time>2014-08-03T09:48:41.954000Z</time>
      </trkpt>
      <trkpt lat="38.909767" lon="111.836784">
        <ele>1421.6416</ele>
        <time>2014-08-03T09:48:45.060000Z</time>
      </trkpt>
      <trkpt lat="38.909863" lon="111.83672">
        <ele>1421.7809</ele>
        <time>2014-08-03T09:48:48.166000Z</time>
      </trkpt>
      <trkpt lat="38.90995" lon="111.83668">
        <ele>1421.6682</ele>
        <time>2014-08-03T09:48:51.272000Z</time>
      </trkpt>
      <trkpt lat="38.91007" lon="111.836624">
        <ele>1421.2197</ele>
        <time>2014-08-03T09:48:54.378000Z</time>
      </trkpt>
      <trkpt lat="38.910168" lon="111.836555">
        <ele>1420.3151</ele>
        <time>2014-08-03T09:48:57.484000Z</time>
      </trkpt>
      <trkpt lat="38.91027" lon="111.83648">
        <ele>1419.6464</ele>
        <time>2014-08-03T09:49:00.590000Z</time>
      </trkpt>
      <trkpt lat="38.91037" lon="111.836365">
        <ele>1421.2607</ele>
        <time>2014-08-03T09:49:03.696000Z</time>
      </trkpt>
      <trkpt lat="38.910484" lon="111.83629">
        <ele>1426.1523</ele>
        <time>2014-08-03T09:49:06.802000Z</time>
      </trkpt>
      <trkpt lat="38.91059" lon="111.836235">
        <ele>1431.9489</ele>
        <time>2014-08-03T09:49:09.908000Z</time>
      </trkpt>
      <trkpt lat="38.910683" lon="111.83616">
        <ele>1435.7177</ele>
        <time>2014-08-03T09:49:13.014000Z</time>
      </trkpt>
      <trkpt lat="38.910778" lon="111.83606">
        <ele>1437.215</ele>
        <time>2014-08-03T09:49:16.120000Z</time>
      </trkpt>
      <trkpt lat="38.910862" lon="111.83595">
        <ele>1437.4065</ele>
        <time>2014-08-03T09:49:19.226000Z</time>
      </trkpt>
      <trkpt lat="38.910973" lon="111.8359">
        <ele>1436.9023</ele>
        <time>2014-08-03T09:49:22.332000Z</time>
      </trkpt>
      <trkpt lat="38.91106" lon="111.83585">
        <ele>1435.7816</ele>
        <time>2014-08-03T09:49:25.438000Z</time>
      </trkpt>
      <trkpt lat="38.911175" lon="111.83581">
        <ele>1434.3359</ele>
        <time>2014-08-03T09:49:28.544000Z</time>
      </trkpt>
      <trkpt lat="38.911274" lon="111.83573">
        <ele>1433.2582</ele>
        <time>2014-08-03T09:49:31.650000Z</time>
      </trkpt>
      <trkpt lat="38.91139" lon="111.83568">
        <ele>1433.2667</ele>
        <time>2014-08-03T09:49:34.756000Z</time>
      </trkpt>
      <trkpt lat="38.911503" lon="111.835625">
        <ele>1434.2085</ele>
        <time>2014-08-03T09:49:37.862000Z</time>
      </trkpt>
      <trkpt lat="38.9116" lon="111.83554">
        <ele>1435.4156</ele>
        <time>2014-08-03T09:49:40.968000Z</time>
      </trkpt>
      <trkpt lat="38.911716" lon="111.835495">
        <ele>1436.5364</ele>
        <time>2014-08-03T09:49:44.074000Z</time>
      </trkpt>
      <trkpt lat="38.911816" lon="111.835464">
        <ele>1437.3628</ele>
        <time>2014-08-03T09:49:47.180000Z</time>
      </trkpt>
      <trkpt lat="38.91193" lon="111.83544">
        <ele>1437.5957</ele>
        <time>2014-08-03T09:49:50.286000Z</time>
      </trkpt>
      <trkpt lat="38.91203" lon="111.83539">
        <ele>1436.552</ele>
        <time>2014-08-03T09:49:53.392000Z</time>
      </trkpt>
      <trkpt lat="38.912132" lon="111.83535">
        <ele>1433.8547</ele>
        <time>2014-08-03T09:49:56.498000Z</time>
      </trkpt>
      <trkpt lat="38.912254" lon="111.83532">
        <ele>1430.6631</ele>
        <time>2014-08-03T09:49:59.604000Z</time>
      </trkpt>
      <trkpt lat="38.912376" lon="111.83528">
        <ele>1427.9471</ele>
        <time>2014-08-03T09:50:02.710000Z</time>
      </trkpt>
      <trkpt lat="38.912495" lon="111.83524">
        <ele>1425.1515</ele>
        <time>2014-08-03T09:50:05.816000Z</time>
      </trkpt>
      <trkpt lat="38.91262" lon="111.835205">
        <ele>1421.7684</ele>
        <time>2014-08-03T09:50:08.922000Z</time>
      </trkpt>
      <trkpt lat="38.91272" lon="111.83515">
        <ele>1418.2855</ele>
        <time>2014-08-03T09:50:12.028000Z</time>
      </trkpt>
      <trkpt lat="38.91282" lon="111.8351">
        <ele>1415.8795</ele>
        <time>2014-08-03T09:50:15.134000Z</time>
      </trkpt>
      <trkpt lat="38.912918" lon="111.83505">
        <ele>1415.1128</ele>
        <time>2014-08-03T09:50:18.240000Z</time>
      </trkpt>
      <trkpt lat="38.913013" lon="111.835">
        <ele>1415.3701</ele>
        <time>2014-08-03T09:50:21.346000Z</time>
      </trkpt>
      <trkpt lat="38.913124" lon="111.83495">
        <ele>1415.794</ele>
        <time>2014-08-03T09:50:24.452000Z</time>
      </trkpt>
      <trkpt lat="38.91324" lon="111.83486">
        <ele>1416.0919</ele>
        <time>2014-08-03T09:50:27.558000Z</time>
      </trkpt>
      <trkpt lat="38.91332" lon="111.83474">
        <ele>1417.3267</ele>
        <time>2014-08-03T09:50:30.664000Z</time>
      </trkpt>
      <trkpt lat="38.913414" lon="111.83461">
        <ele>1420.3191</ele>
        <time>2014-08-03T09:50:33.770000Z</time>
      </trkpt>
      <trkpt lat="38.913513" lon="111.83455">
        <ele>1423.787</ele>
        <time>2014-08-03T09:50:36.876000Z</time>
      </trkpt>
      <trkpt lat="38.913624" lon="111.8345">
        <ele>1426.1182</ele>
        <time>2014-08-03T09:50:39.982000Z</time>
      </trkpt>
      <trkpt lat="38.91372" lon="111.83448">
        <ele>1426.434</ele>
        <time>2014-08-03T09:50:43.088000Z</time>
      </trkpt>
      <trkpt lat="38.91386" lon="111.83444">
        <ele>1424.7484</ele>
        <time>2014-08-03T09:50:46.194000Z</time>
      </trkpt>
      <trkpt lat="38.91395" lon="111.834366">
        <ele>1423.0106</ele>
        <time>2014-08-03T09:50:49.300000Z</time>
      </trkpt>
      <trkpt lat="38.91406" lon="111.83429">
        <ele>1422.8784</ele>
        <time>2014-08-03T09:50:52.406000Z</time>
      </trkpt>
      <trkpt lat="38.914158" lon="111.834236">
        <ele>1424.288</ele>
        <time>2014-08-03T09:50:55.512000Z</time>
      </trkpt>
      <trkpt lat="38.914276" lon="111.83419">
        <ele>1426.4473</ele>
        <time>2014-08-03T09:50:58.618000Z</time>
      </trkpt>
      <trkpt lat="38.91437" lon="111.83413">
        <ele>1428.4451</ele>
        <time>2014-08-03T09:51:01.724000Z</time>
      </trkpt>
      <trkpt lat="38.914436" lon="111.83405">
        <ele>1429.734</ele>
        <time>2014-08-03T09:51:04.830000Z</time>
      </trkpt>
      <trkpt lat="38.914528" lon="111.83397">
        <ele>1430.2988</ele>
        <time>2014-08-03T09:51:07.936000Z</time>
      </trkpt>
      <trkpt lat="38.914635" lon="111.833916">
        <ele>1430.3391</ele>
        <time>2014-08-03T09:51:11.042000Z</time>
      </trkpt>
      <trkpt lat="38.914734" lon="111.83388">
        <ele>1429.9916</ele>
        <time>2014-08-03T09:51:14.148000Z</time>
      </trkpt>
      <trkpt lat="38.914845" lon="111.83381">
        <ele>1429.4027</ele>
        <time>2014-08-03T09:51:17.254000Z</time>
      </trkpt>
      <trkpt lat="38.914944" lon="111.83374">
        <ele>1428.9778</ele>
        <time>2014-08-03T09:51:20.360000Z</time>
      </trkpt>
      <trkpt lat="38.915062" lon="111.83369">
        <ele>1429.333</ele>
        <time>2014-08-03T09:51:23.466000Z</time>
      </trkpt>
      <trkpt lat="38.915146" lon="111.83364">
        <ele>1430.6674</ele>
        <time>2014-08-03T09:51:26.572000Z</time>
      </trkpt>
      <trkpt lat="38.915245" lon="111.83358">
        <ele>1432.1218</ele>
        <time>2014-08-03T09:51:29.678000Z</time>
      </trkpt>
      <trkpt lat="38.915367" lon="111.83352">
        <ele>1432.7001</ele>
        <time>2014-08-03T09:51:32.784000Z</time>
      </trkpt>
      <trkpt lat="38.915493" lon="111.833466">
        <ele>1432.5469</ele>
        <time>2014-08-03T09:51:35.890000Z</time>
      </trkpt>
      <trkpt lat="38.91558" lon="111.83342">
        <ele>1432.2451</ele>
        <time>2014-08-03T09:51:38.996000Z</time>
      </trkpt>
      <trkpt lat="38.915684" lon="111.83334">
        <ele>1431.556</ele>
        <time>2014-08-03T09:51:42.102000Z</time>
      </trkpt>
      <trkpt lat="38.91579" lon="111.83326">
        <ele>1430.1865</ele>
        <time>2014-08-03T09:51:45.208000Z</time>
      </trkpt>
      <trkpt lat="38.915913" lon="111.8332">
        <ele>1428.979</ele>
        <time>2014-08-03T09:51:48.314000Z</time>
      </trkpt>
      <trkpt lat="38.916008" lon="111.8332">
        <ele>1428.7057</ele>
        <time>2014-08-03T09:51:51.420000Z</time>
      </trkpt>
      <trkpt lat="38.91613" lon="111.83315">
        <ele>1428.8414</ele>
        <time>2014-08-03T09:51:54.526000Z</time>
      </trkpt>
      <trkpt lat="38.916256" lon="111.833176">
        <ele>1428.6174</ele>
        <time>2014-08-03T09:51:57.632000Z</time>
      </trkpt>
      <trkpt lat="38.91637" lon="111.83317">
        <ele>1427.4762</ele>
        <time>2014-08-03T09:52:00.738000Z</time>
      </trkpt>
      <trkpt lat="38.916485" lon="111.83312">
        <ele>1425.4014</ele>
        <time>2014-08-03T09:52:03.844000Z</time>
      </trkpt>
      <trkpt lat="38.916588" lon="111.833046">
        <ele>1423.3275</ele>
        <time>2014-08-03T09:52:06.950000Z</time>
      </trkpt>
      <trkpt lat="38.916676" lon="111.83296">
        <ele>1422.8761</ele>
        <time>2014-08-03T09:52:10.056000Z</time>
      </trkpt>
      <trkpt lat="38.9168" lon="111.8329">
        <ele>1425.526</ele>
        <time>2014-08-03T09:52:13.162000Z</time>
      </trkpt>
      <trkpt lat="38.91697" lon="111.83291">
        <ele>1430.4054</ele>
        <time>2014-08-03T09:52:16.268000Z</time>
      </trkpt>
      <trkpt lat="38.917072" lon="111.833">
        <ele>1433.4291</ele>
        <time>2014-08-03T09:52:19.374000Z</time>
      </trkpt>
      <trkpt lat="38.91714" lon="111.833084">
        <ele>1431.3584</ele>
        <time>2014-08-03T09:52:22.480000Z</time>
      </trkpt>
      <trkpt lat="38.91722" lon="111.83321">
        <ele>1425.7151</ele>
        <time>2014-08-03T09:52:25.586000Z</time>
      </trkpt>
      <trkpt lat="38.91727" lon="111.83335">
        <ele>1420.4531</ele>
        <time>2014-08-03T09:52:28.692000Z</time>
      </trkpt>
      <trkpt lat="38.917316" lon="111.83348">
        <ele>1417.6254</ele>
        <time>2014-08-03T09:52:31.798000Z</time>
      </trkpt>
      <trkpt lat="38.91738" lon="111.83362">
        <ele>1417.1588</ele>
        <time>2014-08-03T09:52:34.904000Z</time>
      </trkpt>
      <trkpt lat="38.91744" lon="111.83374">
        <ele>1418.7512</ele>
        <time>2014-08-03T09:52:38.010000Z</time>
      </trkpt>
      <trkpt lat="38.9175" lon="111.83389">
        <ele>1421.4275</ele>
        <time>2014-08-03T09:52:41.116000Z</time>
      </trkpt>
      <trkpt lat="38.917545" lon="111.83399">
        <ele>1423.3888</ele>
        <time>2014-08-03T09:52:44.222000Z</time>
      </trkpt>
      <trkpt lat="38.917595" lon="111.8341">
        <ele>1423.8142</ele>
        <time>2014-08-03T09:52:47.328000Z</time>
      </trkpt>
      <trkpt lat="38.91766" lon="111.834236">
        <ele>1423.7319</ele>
        <time>2014-08-03T09:52:50.434000Z</time>
      </trkpt>
      <trkpt lat="38.917717" lon="111.83436">
        <ele>1424.5991</ele>
        <time>2014-08-03T09:52:53.540000Z</time>
      </trkpt>
      <trkpt lat="38.917778" lon="111.83451">
        <ele>1425.9896</ele>
        <time>2014-08-03T09:52:56.646000Z</time>
      </trkpt>
      <trkpt lat="38.917847" lon="111.834656">
        <ele>1426.9064</ele>
        <time>2014-08-03T09:52:59.752000Z</time>
      </trkpt>
      <trkpt lat="38.917892" lon="111.83478">
        <ele>1427.2399</ele>
        <time>2014-08-03T09:53:02.858000Z</time>
      </trkpt>
      <trkpt lat="38.91795" lon="111.834915">
        <ele>1426.9114</ele>
        <time>2014-08-03T09:53:05.964000Z</time>
      </trkpt>
      <trkpt lat="38.918" lon="111.835075">
        <ele>1425.9174</ele>
        <time>2014-08-03T09:53:09.070000Z</time>
      </trkpt>
      <trkpt lat="38.918053" lon="111.83522">
        <ele>1424.8949</ele>
        <time>2014-08-03T09:53:12.176000Z</time>
      </trkpt>
      <trkpt lat="38.918087" lon="111.83534">
        <ele>1424.04</ele>
        <time>2014-08-03T09:53:15.282000Z</time>
      </trkpt>
      <trkpt lat="38.91812" lon="111.83548">
        <ele>1422.9946</ele>
        <time>2014-08-03T09:53:18.388000Z</time>
      </trkpt>
      <trkpt lat="38.91816" lon="111.83562">
        <ele>1421.5591</ele>
        <time>2014-08-03T09:53:21.494000Z</time>
      </trkpt>
      <trkpt lat="38.9182" lon="111.83573">
        <ele>1420.3591</ele>
        <time>2014-08-03T09:53:24.600000Z</time>
      </trkpt>
      <trkpt lat="38.91824" lon="111.835846">
        <ele>1419.8441</ele>
        <time>2014-08-03T09:53:27.706000Z</time>
      </trkpt>
      <trkpt lat="38.918278" lon="111.83598">
        <ele>1420.0533</ele>
        <time>2014-08-03T09:53:30.812000Z</time>
      </trkpt>
      <trkpt lat="38.91829" lon="111.83612">
        <ele>1420.8293</ele>
        <time>2014-08-03T09:53:33.918000Z</time>
      </trkpt>
      <trkpt lat="38.91831" lon="111.83624">
        <ele>1421.1804</ele>
        <time>2014-08-03T09:53:37.024000Z</time>
      </trkpt>
      <trkpt lat="38.918343" lon="111.83641">
        <ele>1420.1025</ele>
        <time>2014-08-03T09:53:40.130000Z</time>
      </trkpt>
      <trkpt lat="38.918396" lon="111.83657">
        <ele>1418.1554</ele>
        <time>2014-08-03T09:53:43.236000Z</time>
      </trkpt>
      <trkpt lat="38.918423" lon="111.83671">
        <ele>1417.2762</ele>
        <time>2014-08-03T09:53:46.342000Z</time>
      </trkpt>
      <trkpt lat="38.91845" lon="111.83686">
        <ele>1418.4506</ele>
        <time>2014-08-03T09:53:49.448000Z</time>
      </trkpt>
      <trkpt lat="38.918453" lon="111.83699">
        <ele>1420.481</ele>
        <time>2014-08-03T09:53:52.554000Z</time>
      </trkpt>
      <trkpt lat="38.918434" lon="111.83711">
        <ele>1421.2725</ele>
        <time>2014-08-03T09:53:55.660000Z</time>
      </trkpt>
      <trkpt lat="38.918423" lon="111.837265">
        <ele>1420.1804</ele>
        <time>2014-08-03T09:53:58.766000Z</time>
      </trkpt>
      <trkpt lat="38.918407" lon="111.83738">
        <ele>1418.121</ele>
        <time>2014-08-03T09:54:01.872000Z</time>
      </trkpt>
      <trkpt lat="38.9184" lon="111.83753">
        <ele>1415.7815</ele>
        <time>2014-08-03T09:54:04.978000Z</time>
      </trkpt>
      <trkpt lat="38.91839" lon="111.83768">
        <ele>1413.4723</ele>
        <time>2014-08-03T09:54:08.084000Z</time>
      </trkpt>
      <trkpt lat="38.91837" lon="111.83782">
        <ele>1412.1306</ele>
        <time>2014-08-03T09:54:11.190000Z</time>
      </trkpt>
      <trkpt lat="38.918373" lon="111.83797">
        <ele>1412.2532</ele>
        <time>2014-08-03T09:54:14.296000Z</time>
      </trkpt>
      <trkpt lat="38.918396" lon="111.83811">
        <ele>1413.6906</ele>
        <time>2014-08-03T09:54:17.402000Z</time>
      </trkpt>
      <trkpt lat="38.918415" lon="111.83825">
        <ele>1415.9713</ele>
        <time>2014-08-03T09:54:20.508000Z</time>
      </trkpt>
      <trkpt lat="38.91841" lon="111.83839">
        <ele>1418.0503</ele>
        <time>2014-08-03T09:54:23.614000Z</time>
      </trkpt>
      <trkpt lat="38.918404" lon="111.838554">
        <ele>1418.8866</ele>
        <time>2014-08-03T09:54:26.720000Z</time>
      </trkpt>
      <trkpt lat="38.918392" lon="111.83869">
        <ele>1418.4886</ele>
        <time>2014-08-03T09:54:29.826000Z</time>
      </trkpt>
      <trkpt lat="38.91838" lon="111.83882">
        <ele>1417.6857</ele>
        <time>2014-08-03T09:54:32.932000Z</time>
      </trkpt>
      <trkpt lat="38.91837" lon="111.83896">
        <ele>1417.2487</ele>
        <time>2014-08-03T09:54:36.038000Z</time>
      </trkpt>
      <trkpt lat="38.918365" lon="111.839096">
        <ele>1417.486</ele>
        <time>2014-08-03T09:54:39.144000Z</time>
      </trkpt>
      <trkpt lat="38.91837" lon="111.839264">
        <ele>1418.4095</ele>
        <time>2014-08-03T09:54:42.250000Z</time>
      </trkpt>
      <trkpt lat="38.918358" lon="111.83942">
        <ele>1419.5703</ele>
        <time>2014-08-03T09:54:45.356000Z</time>
      </trkpt>
      <trkpt lat="38.918354" lon="111.83955">
        <ele>1420.2039</ele>
        <time>2014-08-03T09:54:48.462000Z</time>
      </trkpt>
      <trkpt lat="38.918358" lon="111.839676">
        <ele>1419.7163</ele>
        <time>2014-08-03T09:54:51.568000Z</time>
      </trkpt>
      <trkpt lat="38.91835" lon="111.839806">
        <ele>1418.2711</ele>
        <time>2014-08-03T09:54:54.674000Z</time>
      </trkpt>
      <trkpt lat="38.918354" lon="111.83995">
        <ele>1416.8895</ele>
        <time>2014-08-03T09:54:57.780000Z</time>
      </trkpt>
      <trkpt lat="38.918346" lon="111.84009">
        <ele>1416.4677</ele>
        <time>2014-08-03T09:55:00.886000Z</time>
      </trkpt>
      <trkpt lat="38.91837" lon="111.84024">
        <ele>1417.0226</ele>
        <time>2014-08-03T09:55:03.992000Z</time>
      </trkpt>
      <trkpt lat="38.918404" lon="111.8404">
        <ele>1418.6929</ele>
        <time>2014-08-03T09:55:07.098000Z</time>
      </trkpt>
      <trkpt lat="38.918434" lon="111.84055">
        <ele>1421.8134</ele>
        <time>2014-08-03T09:55:10.204000Z</time>
      </trkpt>
      <trkpt lat="38.918472" lon="111.84069">
        <ele>1425.9917</ele>
        <time>2014-08-03T09:55:13.310000Z</time>
      </trkpt>
      <trkpt lat="38.91847" lon="111.840836">
        <ele>1429.9377</ele>
        <time>2014-08-03T09:55:16.416000Z</time>
      </trkpt>
      <trkpt lat="38.918453" lon="111.84098">
        <ele>1432.3828</ele>
        <time>2014-08-03T09:55:19.522000Z</time>
      </trkpt>
      <trkpt lat="38.918415" lon="111.84112">
        <ele>1432.9226</ele>
        <time>2014-08-03T09:55:22.628000Z</time>
      </trkpt>
      <trkpt lat="38.918373" lon="111.84127">
        <ele>1430.8203</ele>
        <time>2014-08-03T09:55:25.734000Z</time>
      </trkpt>
      <trkpt lat="38.918346" lon="111.841385">
        <ele>1425.9026</ele>
        <time>2014-08-03T09:55:28.840000Z</time>
      </trkpt>
      <trkpt lat="38.918327" lon="111.84152">
        <ele>1420.7588</ele>
        <time>2014-08-03T09:55:31.946000Z</time>
      </trkpt>
      <trkpt lat="38.918324" lon="111.84166">
        <ele>1417.9432</ele>
        <time>2014-08-03T09:55:35.052000Z</time>
      </trkpt>
      <trkpt lat="38.918324" lon="111.8418">
        <ele>1417.1094</ele>
        <time>2014-08-03T09:55:38.158000Z</time>
      </trkpt>
      <trkpt lat="38.91832" lon="111.841934">
        <ele>1416.9751</ele>
        <time>2014-08-03T09:55:41.264000Z</time>
      </trkpt>
      <trkpt lat="38.918316" lon="111.84208">
        <ele>1416.8441</ele>
        <time>2014-08-03T09:55:44.370000Z</time>
      </trkpt>
      <trkpt lat="38.918304" lon="111.84221">
        <ele>1416.511</ele>
        <time>2014-08-03T09:55:47.476000Z</time>
      </trkpt>
      <trkpt lat="38.9183" lon="111.84237">
        <ele>1416.0371</ele>
        <time>2014-08-03T09:55:50.582000Z</time>
      </trkpt>
      <trkpt lat="38.918304" lon="111.842514">
        <ele>1415.9756</ele>
        <time>2014-08-03T09:55:53.688000Z</time>
      </trkpt>
      <trkpt lat="38.9183" lon="111.84265">
        <ele>1416.595</ele>
        <time>2014-08-03T09:55:56.794000Z</time>
      </trkpt>
      <trkpt lat="38.918297" lon="111.84278">
        <ele>1417.2202</ele>
        <time>2014-08-03T09:55:59.900000Z</time>
      </trkpt>
      <trkpt lat="38.9183" lon="111.84294">
        <ele>1417.2465</ele>
        <time>2014-08-03T09:56:03.006000Z</time>
      </trkpt>
      <trkpt lat="38.91829" lon="111.84308">
        <ele>1416.9436</ele>
        <time>2014-08-03T09:56:06.112000Z</time>
      </trkpt>
      <trkpt lat="38.91827" lon="111.84324">
        <ele>1417.0154</ele>
        <time>2014-08-03T09:56:09.218000Z</time>
      </trkpt>
      <trkpt lat="38.918247" lon="111.84337">
        <ele>1417.4124</ele>
        <time>2014-08-03T09:56:12.324000Z</time>
      </trkpt>
      <trkpt lat="38.918205" lon="111.8435">
        <ele>1417.7313</ele>
        <time>2014-08-03T09:56:15.430000Z</time>
      </trkpt>
      <trkpt lat="38.918144" lon="111.84363">
        <ele>1418.13</ele>
        <time>2014-08-03T09:56:18.536000Z</time>
      </trkpt>
      <trkpt lat="38.91808" lon="111.84375">
        <ele>1418.9725</ele>
        <time>2014-08-03T09:56:21.642000Z</time>
      </trkpt>
      <trkpt lat="38.91801" lon="111.84386">
        <ele>1420.0767</ele>
        <time>2014-08-03T09:56:24.748000Z</time>
      </trkpt>
      <trkpt lat="38.917942" lon="111.843994">
        <ele>1420.9828</ele>
        <time>2014-08-03T09:56:27.854000Z</time>
      </trkpt>
      <trkpt lat="38.91789" lon="111.8441">
        <ele>1421.3524</ele>
        <time>2014-08-03T09:56:30.960000Z</time>
      </trkpt>
      <trkpt lat="38.917835" lon="111.844215">
        <ele>1421.337</ele>
        <time>2014-08-03T09:56:34.066000Z</time>
      </trkpt>
      <trkpt lat="38.917778" lon="111.84435">
        <ele>1421.2896</ele>
        <time>2014-08-03T09:56:37.172000Z</time>
      </trkpt>
      <trkpt lat="38.91772" lon="111.84447">
        <ele>1421.4727</ele>
        <time>2014-08-03T09:56:40.278000Z</time>
      </trkpt>
      <trkpt lat="38.917675" lon="111.8446">
        <ele>1421.7588</ele>
        <time>2014-08-03T09:56:43.384000Z</time>
      </trkpt>
      <trkpt lat="38.91762" lon="111.84473">
        <ele>1422.0018</ele>
        <time>2014-08-03T09:56:46.490000Z</time>
      </trkpt>
      <trkpt lat="38.917572" lon="111.84485">
        <ele>1422.0863</ele>
        <time>2014-08-03T09:56:49.596000Z</time>
      </trkpt>
      <trkpt lat="38.917526" lon="111.84497">
        <ele>1422.0198</ele>
        <time>2014-08-03T09:56:52.702000Z</time>
      </trkpt>
      <trkpt lat="38.917477" lon="111.84508">
        <ele>1422.1794</ele>
        <time>2014-08-03T09:56:55.808000Z</time>
      </trkpt>
      <trkpt lat="38.91741" lon="111.84521">
        <ele>1423.1378</ele>
        <time>2014-08-03T09:56:58.914000Z</time>
      </trkpt>
      <trkpt lat="38.917366" lon="111.84531">
        <ele>1424.7988</ele>
        <time>2014-08-03T09:57:02.020000Z</time>
      </trkpt>
      <trkpt lat="38.917316" lon="111.84543">
        <ele>1425.9076</ele>
        <time>2014-08-03T09:57:05.126000Z</time>
      </trkpt>
      <trkpt lat="38.917282" lon="111.845566">
        <ele>1425.6034</ele>
        <time>2014-08-03T09:57:08.232000Z</time>
      </trkpt>
      <trkpt lat="38.917248" lon="111.84569">
        <ele>1424.6943</ele>
        <time>2014-08-03T09:57:11.338000Z</time>
      </trkpt>
      <trkpt lat="38.917206" lon="111.84581">
        <ele>1424.3322</ele>
        <time>2014-08-03T09:57:14.444000Z</time>
      </trkpt>
      <trkpt lat="38.917152" lon="111.84591">
        <ele>1424.8561</ele>
        <time>2014-08-03T09:57:17.550000Z</time>
      </trkpt>
      <trkpt lat="38.91709" lon="111.846016">
        <ele>1425.7811</ele>
        <time>2014-08-03T09:57:20.656000Z</time>
      </trkpt>
      <trkpt lat="38.91703" lon="111.84615">
        <ele>1426.0948</ele>
        <time>2014-08-03T09:57:23.762000Z</time>
      </trkpt>
      <trkpt lat="38.916973" lon="111.846275">
        <ele>1425.338</ele>
        <time>2014-08-03T09:57:26.868000Z</time>
      </trkpt>
      <trkpt lat="38.916927" lon="111.8464">
        <ele>1424.1279</ele>
        <time>2014-08-03T09:57:29.974000Z</time>
      </trkpt>
      <trkpt lat="38.916878" lon="111.84651">
        <ele>1423.3096</ele>
        <time>2014-08-03T09:57:33.080000Z</time>
      </trkpt>
      <trkpt lat="38.91683" lon="111.84664">
        <ele>1423.033</ele>
        <time>2014-08-03T09:57:36.186000Z</time>
      </trkpt>
      <trkpt lat="38.916775" lon="111.846756">
        <ele>1423.0657</ele>
        <time>2014-08-03T09:57:39.292000Z</time>
      </trkpt>
      <trkpt lat="38.916702" lon="111.846886">
        <ele>1423.2179</ele>
        <time>2014-08-03T09:57:42.398000Z</time>
      </trkpt>
      <trkpt lat="38.91661" lon="111.84696">
        <ele>1423.6588</ele>
        <time>2014-08-03T09:57:45.504000Z</time>
      </trkpt>
      <trkpt lat="38.91655" lon="111.84706">
        <ele>1424.4641</ele>
        <time>2014-08-03T09:57:48.610000Z</time>
      </trkpt>
      <trkpt lat="38.91651" lon="111.84719">
        <ele>1425.3549</ele>
        <time>2014-08-03T09:57:51.716000Z</time>
      </trkpt>
      <trkpt lat="38.91647" lon="111.84733">
        <ele>1426.0504</ele>
        <time>2014-08-03T09:57:54.822000Z</time>
      </trkpt>
      <trkpt lat="38.916416" lon="111.84746">
        <ele>1426.4574</ele>
        <time>2014-08-03T09:57:57.928000Z</time>
      </trkpt>
      <trkpt lat="38.91636" lon="111.84759">
        <ele>1426.6738</ele>
        <time>2014-08-03T09:58:01.034000Z</time>
      </trkpt>
      <trkpt lat="38.91631" lon="111.8477">
        <ele>1426.9218</ele>
        <time>2014-08-03T09:58:04.140000Z</time>
      </trkpt>
      <trkpt lat="38.916252" lon="111.84783">
        <ele>1427.0599</ele>
        <time>2014-08-03T09:58:07.246000Z</time>
      </trkpt>
      <trkpt lat="38.91621" lon="111.84794">
        <ele>1426.6514</ele>
        <time>2014-08-03T09:58:10.352000Z</time>
      </trkpt>
      <trkpt lat="38.916153" lon="111.84806">
        <ele>1425.68</ele>
        <time>2014-08-03T09:58:13.458000Z</time>
      </trkpt>
      <trkpt lat="38.916107" lon="111.848175">
        <ele>1424.7303</ele>
        <time>2014-08-03T09:58:16.564000Z</time>
      </trkpt>
      <trkpt lat="38.916058" lon="111.84829">
        <ele>1424.616</ele>
        <time>2014-08-03T09:58:19.670000Z</time>
      </trkpt>
      <trkpt lat="38.916008" lon="111.848404">
        <ele>1425.4691</ele>
        <time>2014-08-03T09:58:22.776000Z</time>
      </trkpt>
      <trkpt lat="38.91595" lon="111.84854">
        <ele>1426.6154</ele>
        <time>2014-08-03T09:58:25.882000Z</time>
      </trkpt>
      <trkpt lat="38.915897" lon="111.84868">
        <ele>1427.4258</ele>
        <time>2014-08-03T09:58:28.988000Z</time>
      </trkpt>
      <trkpt lat="38.915844" lon="111.8488">
        <ele>1427.8075</ele>
        <time>2014-08-03T09:58:32.094000Z</time>
      </trkpt>
      <trkpt lat="38.915794" lon="111.84891">
        <ele>1427.962</ele>
        <time>2014-08-03T09:58:35.200000Z</time>
      </trkpt>
      <trkpt lat="38.915745" lon="111.849014">
        <ele>1428.1436</ele>
        <time>2014-08-03T09:58:38.306000Z</time>
      </trkpt>
      <trkpt lat="38.915684" lon="111.84913">
        <ele>1428.2664</ele>
        <time>2014-08-03T09:58:41.412000Z</time>
      </trkpt>
      <trkpt lat="38.915627" lon="111.84926">
        <ele>1428.1772</ele>
        <time>2014-08-03T09:58:44.518000Z</time>
      </trkpt>
      <trkpt lat="38.915577" lon="111.84938">
        <ele>1427.8527</ele>
        <time>2014-08-03T09:58:47.624000Z</time>
      </trkpt>
      <trkpt lat="38.915524" lon="111.84951">
        <ele>1427.3901</ele>
        <time>2014-08-03T09:58:50.730000Z</time>
      </trkpt>
      <trkpt lat="38.915474" lon="111.849625">
        <ele>1426.7928</ele>
        <time>2014-08-03T09:58:53.836000Z</time>
      </trkpt>
      <trkpt lat="38.915424" lon="111.84974">
        <ele>1426.2178</ele>
        <time>2014-08-03T09:58:56.942000Z</time>
      </trkpt>
      <trkpt lat="38.915363" lon="111.84988">
        <ele>1426.0243</ele>
        <time>2014-08-03T09:59:00.048000Z</time>
      </trkpt>
      <trkpt lat="38.91532" lon="111.84999">
        <ele>1426.6927</ele>
        <time>2014-08-03T09:59:03.154000Z</time>
      </trkpt>
      <trkpt lat="38.91526" lon="111.85013">
        <ele>1428.1719</ele>
        <time>2014-08-03T09:59:06.260000Z</time>
      </trkpt>
      <trkpt lat="38.915203" lon="111.850266">
        <ele>1429.7747</ele>
        <time>2014-08-03T09:59:09.366000Z</time>
      </trkpt>
      <trkpt lat="38.915154" lon="111.85038">
        <ele>1430.8837</ele>
        <time>2014-08-03T09:59:12.472000Z</time>
      </trkpt>
      <trkpt lat="38.915104" lon="111.8505">
        <ele>1431.2069</ele>
        <time>2014-08-03T09:59:15.578000Z</time>
      </trkpt>
      <trkpt lat="38.915047" lon="111.850624">
        <ele>1430.5183</ele>
        <time>2014-08-03T09:59:18.684000Z</time>
      </trkpt>
      <trkpt lat="38.91498" lon="111.850746">
        <ele>1429.3127</ele>
        <time>2014-08-03T09:59:21.790000Z</time>
      </trkpt>
      <trkpt lat="38.91494" lon="111.85085">
        <ele>1428.4572</ele>
        <time>2014-08-03T09:59:24.896000Z</time>
      </trkpt>
      <trkpt lat="38.914886" lon="111.85097">
        <ele>1428.3801</ele>
        <time>2014-08-03T09:59:28.002000Z</time>
      </trkpt>
      <trkpt lat="38.91483" lon="111.851105">
        <ele>1428.8795</ele>
        <time>2014-08-03T09:59:31.108000Z</time>
      </trkpt>
      <trkpt lat="38.914772" lon="111.85125">
        <ele>1429.5233</ele>
        <time>2014-08-03T09:59:34.214000Z</time>
      </trkpt>
      <trkpt lat="38.914726" lon="111.85137">
        <ele>1430.0122</ele>
        <time>2014-08-03T09:59:37.320000Z</time>
      </trkpt>
      <trkpt lat="38.914673" lon="111.85148">
        <ele>1430.0784</ele>
        <time>2014-08-03T09:59:40.426000Z</time>
      </trkpt>
      <trkpt lat="38.914627" lon="111.85161">
        <ele>1429.4802</ele>
        <time>2014-08-03T09:59:43.532000Z</time>
      </trkpt>
      <trkpt lat="38.91458" lon="111.85172">
        <ele>1428.5026</ele>
        <time>2014-08-03T09:59:46.638000Z</time>
      </trkpt>
      <trkpt lat="38.914524" lon="111.85185">
        <ele>1427.9615</ele>
        <time>2014-08-03T09:59:49.744000Z</time>
      </trkpt>
      <trkpt lat="38.914455" lon="111.85198">
        <ele>1428.277</ele>
        <time>2014-08-03T09:59:52.850000Z</time>
      </trkpt>
      <trkpt lat="38.9144" lon="111.85209">
        <ele>1428.9293</ele>
        <time>2014-08-03T09:59:55.956000Z</time>
      </trkpt>
      <trkpt lat="38.914333" lon="111.8522">
        <ele>1428.6589</ele>
        <time>2014-08-03T09:59:59.062000Z</time>
      </trkpt>
      <trkpt lat="38.914276" lon="111.852325">
        <ele>1426.871</ele>
        <time>2014-08-03T10:00:02.168000Z</time>
      </trkpt>
      <trkpt lat="38.914223" lon="111.85244">
        <ele>1424.5349</ele>
        <time>2014-08-03T10:00:05.274000Z</time>
      </trkpt>
      <trkpt lat="38.914165" lon="111.85256">
        <ele>1422.9182</ele>
        <time>2014-08-03T10:00:08.380000Z</time>
      </trkpt>
      <trkpt lat="38.914112" lon="111.852684">
        <ele>1422.5134</ele>
        <time>2014-08-03T10:00:11.486000Z</time>
      </trkpt>
      <trkpt lat="38.914055" lon="111.85282">
        <ele>1423.1431</ele>
        <time>2014-08-03T10:00:14.592000Z</time>
      </trkpt>
      <trkpt lat="38.914" lon="111.85295">
        <ele>1424.109</ele>
        <time>2014-08-03T10:00:17.698000Z</time>
      </trkpt>
      <trkpt lat="38.913956" lon="111.853065">
        <ele>1424.9437</ele>
        <time>2014-08-03T10:00:20.804000Z</time>
      </trkpt>
      <trkpt lat="38.913906" lon="111.85317">
        <ele>1425.6985</ele>
        <time>2014-08-03T10:00:23.910000Z</time>
      </trkpt>
      <trkpt lat="38.913845" lon="111.853325">
        <ele>1426.24</ele>
        <time>2014-08-03T10:00:27.016000Z</time>
      </trkpt>
      <trkpt lat="38.91379" lon="111.85343">
        <ele>1426.3772</ele>
        <time>2014-08-03T10:00:30.122000Z</time>
      </trkpt>
      <trkpt lat="38.91374" lon="111.85356">
        <ele>1426.2966</ele>
        <time>2014-08-03T10:00:33.228000Z</time>
      </trkpt>
      <trkpt lat="38.913696" lon="111.85368">
        <ele>1426.3254</ele>
        <time>2014-08-03T10:00:36.334000Z</time>
      </trkpt>
      <trkpt lat="38.91365" lon="111.85382">
        <ele>1426.731</ele>
        <time>2014-08-03T10:00:39.440000Z</time>
      </trkpt>
      <trkpt lat="38.913406" lon="111.85479">
        <ele>1431.8292</ele>
        <time>2014-08-03T10:00:42.546000Z</time>
      </trkpt>
      <trkpt lat="38.913406" lon="111.85479">
        <ele>1431.9377</ele>
        <time>2014-08-03T10:00:45.652000Z</time>
      </trkpt>
      <trkpt lat="38.913406" lon="111.85479">
        <ele>1432.1241</ele>
        <time>2014-08-03T10:00:48.758000Z</time>
      </trkpt>
      <trkpt lat="38.913345" lon="111.85485">
        <ele>1431.5247</ele>
        <time>2014-08-03T10:00:51.864000Z</time>
      </trkpt>
      <trkpt lat="38.91324" lon="111.8549">
        <ele>1430.8129</ele>
        <time>2014-08-03T10:00:54.970000Z</time>
      </trkpt>
      <trkpt lat="38.913155" lon="111.85494">
        <ele>1431.2565</ele>
        <time>2014-08-03T10:00:58.076000Z</time>
      </trkpt>
      <trkpt lat="38.913082" lon="111.85502">
        <ele>1432.9127</ele>
        <time>2014-08-03T10:01:01.182000Z</time>
      </trkpt>
      <trkpt lat="38.913025" lon="111.85511">
        <ele>1434.6417</ele>
        <time>2014-08-03T10:01:04.288000Z</time>
      </trkpt>
      <trkpt lat="38.912964" lon="111.85524">
        <ele>1435.5496</ele>
        <time>2014-08-03T10:01:07.394000Z</time>
      </trkpt>
      <trkpt lat="38.912914" lon="111.85536">
        <ele>1435.5881</ele>
        <time>2014-08-03T10:01:10.500000Z</time>
      </trkpt>
      <trkpt lat="38.912914" lon="111.85536">
        <ele>1435.0319</ele>
        <time>2014-08-03T10:01:13.606000Z</time>
      </trkpt>
      <trkpt lat="38.91286" lon="111.85551">
        <ele>1434.4252</ele>
        <time>2014-08-03T10:01:16.712000Z</time>
      </trkpt>
      <trkpt lat="38.91281" lon="111.85561">
        <ele>1434.2849</ele>
        <time>2014-08-03T10:01:19.818000Z</time>
      </trkpt>
      <trkpt lat="38.912758" lon="111.85572">
        <ele>1434.605</ele>
        <time>2014-08-03T10:01:22.924000Z</time>
      </trkpt>
      <trkpt lat="38.912704" lon="111.85583">
        <ele>1435.0194</ele>
        <time>2014-08-03T10:01:26.030000Z</time>
      </trkpt>
      <trkpt lat="38.912643" lon="111.85596">
        <ele>1435.3035</ele>
        <time>2014-08-03T10:01:29.136000Z</time>
      </trkpt>
      <trkpt lat="38.912594" lon="111.85608">
        <ele>1435.4332</ele>
        <time>2014-08-03T10:01:32.242000Z</time>
      </trkpt>
      <trkpt lat="38.912548" lon="111.856186">
        <ele>1435.4167</ele>
        <time>2014-08-03T10:01:35.348000Z</time>
      </trkpt>
      <trkpt lat="38.912502" lon="111.85629">
        <ele>1435.2697</ele>
        <time>2014-08-03T10:01:38.454000Z</time>
      </trkpt>
      <trkpt lat="38.912457" lon="111.8564">
        <ele>1435.0482</ele>
        <time>2014-08-03T10:01:41.560000Z</time>
      </trkpt>
      <trkpt lat="38.912415" lon="111.85651">
        <ele>1434.6881</ele>
        <time>2014-08-03T10:01:44.666000Z</time>
      </trkpt>
      <trkpt lat="38.912365" lon="111.85662">
        <ele>1434.2869</ele>
        <time>2014-08-03T10:01:47.772000Z</time>
      </trkpt>
      <trkpt lat="38.912315" lon="111.856735">
        <ele>1434.1743</ele>
        <time>2014-08-03T10:01:50.878000Z</time>
      </trkpt>
      <trkpt lat="38.912266" lon="111.856834">
        <ele>1434.3431</ele>
        <time>2014-08-03T10:01:53.984000Z</time>
      </trkpt>
      <trkpt lat="38.912216" lon="111.85696">
        <ele>1434.3784</ele>
        <time>2014-08-03T10:01:57.090000Z</time>
      </trkpt>
      <trkpt lat="38.912163" lon="111.85708">
        <ele>1434.1277</ele>
        <time>2014-08-03T10:02:00.196000Z</time>
      </trkpt>
      <trkpt lat="38.91212" lon="111.8572">
        <ele>1434.1951</ele>
        <time>2014-08-03T10:02:03.302000Z</time>
      </trkpt>
      <trkpt lat="38.912067" lon="111.85732">
        <ele>1435.0393</ele>
        <time>2014-08-03T10:02:06.408000Z</time>
      </trkpt>
      <trkpt lat="38.912014" lon="111.85743">
        <ele>1436.004</ele>
        <time>2014-08-03T10:02:09.514000Z</time>
      </trkpt>
      <trkpt lat="38.91197" lon="111.857544">
        <ele>1436.4138</ele>
        <time>2014-08-03T10:02:12.620000Z</time>
      </trkpt>
      <trkpt lat="38.91191" lon="111.85766">
        <ele>1436.4592</ele>
        <time>2014-08-03T10:02:15.726000Z</time>
      </trkpt>
      <trkpt lat="38.911858" lon="111.85778">
        <ele>1436.7423</ele>
        <time>2014-08-03T10:02:18.832000Z</time>
      </trkpt>
      <trkpt lat="38.911816" lon="111.85789">
        <ele>1437.4915</ele>
        <time>2014-08-03T10:02:21.938000Z</time>
      </trkpt>
      <trkpt lat="38.911766" lon="111.857994">
        <ele>1438.116</ele>
        <time>2014-08-03T10:02:25.044000Z</time>
      </trkpt>
      <trkpt lat="38.911713" lon="111.858116">
        <ele>1437.903</ele>
        <time>2014-08-03T10:02:28.150000Z</time>
      </trkpt>
      <trkpt lat="38.911713" lon="111.858116">
        <ele>1437.0026</ele>
        <time>2014-08-03T10:02:31.256000Z</time>
      </trkpt>
      <trkpt lat="38.911648" lon="111.85823">
        <ele>1436.1404</ele>
        <time>2014-08-03T10:02:34.362000Z</time>
      </trkpt>
      <trkpt lat="38.91161" lon="111.85834">
        <ele>1435.7289</ele>
        <time>2014-08-03T10:02:37.468000Z</time>
      </trkpt>
      <trkpt lat="38.91156" lon="111.85846">
        <ele>1435.6545</ele>
        <time>2014-08-03T10:02:40.574000Z</time>
      </trkpt>
      <trkpt lat="38.91151" lon="111.858574">
        <ele>1435.9366</ele>
        <time>2014-08-03T10:02:43.680000Z</time>
      </trkpt>
      <trkpt lat="38.911465" lon="111.85868">
        <ele>1437.1523</ele>
        <time>2014-08-03T10:02:46.786000Z</time>
      </trkpt>
      <trkpt lat="38.91142" lon="111.85881">
        <ele>1437.3082</ele>
        <time>2014-08-03T10:02:49.892000Z</time>
      </trkpt>
      <trkpt lat="38.911373" lon="111.85891">
        <ele>1437.2122</ele>
        <time>2014-08-03T10:02:52.998000Z</time>
      </trkpt>
      <trkpt lat="38.911327" lon="111.85904">
        <ele>1437.1016</ele>
        <time>2014-08-03T10:02:56.104000Z</time>
      </trkpt>
      <trkpt lat="38.911263" lon="111.85917">
        <ele>1437.1338</ele>
        <time>2014-08-03T10:02:59.210000Z</time>
      </trkpt>
      <trkpt lat="38.911217" lon="111.85928">
        <ele>1437.76</ele>
        <time>2014-08-03T10:03:02.316000Z</time>
      </trkpt>
      <trkpt lat="38.911163" lon="111.85939">
        <ele>1439.407</ele>
        <time>2014-08-03T10:03:05.422000Z</time>
      </trkpt>
      <trkpt lat="38.911118" lon="111.859505">
        <ele>1441.6062</ele>
        <time>2014-08-03T10:03:08.528000Z</time>
      </trkpt>
      <trkpt lat="38.911068" lon="111.85963">
        <ele>1443.3253</ele>
        <time>2014-08-03T10:03:11.634000Z</time>
      </trkpt>
      <trkpt lat="38.91102" lon="111.85974">
        <ele>1444.0328</ele>
        <time>2014-08-03T10:03:14.740000Z</time>
      </trkpt>
      <trkpt lat="38.910954" lon="111.85987">
        <ele>1443.9432</ele>
        <time>2014-08-03T10:03:17.846000Z</time>
      </trkpt>
      <trkpt lat="38.910904" lon="111.85999">
        <ele>1443.6031</ele>
        <time>2014-08-03T10:03:20.952000Z</time>
      </trkpt>
      <trkpt lat="38.910854" lon="111.86009">
        <ele>1443.3766</ele>
        <time>2014-08-03T10:03:24.058000Z</time>
      </trkpt>
      <trkpt lat="38.910805" lon="111.8602">
        <ele>1442.9838</ele>
        <time>2014-08-03T10:03:27.164000Z</time>
      </trkpt>
      <trkpt lat="38.910755" lon="111.86031">
        <ele>1442.4784</ele>
        <time>2014-08-03T10:03:30.270000Z</time>
      </trkpt>
      <trkpt lat="38.910717" lon="111.86042">
        <ele>1442.4182</ele>
        <time>2014-08-03T10:03:33.376000Z</time>
      </trkpt>
      <trkpt lat="38.910667" lon="111.86053">
        <ele>1442.7133</ele>
        <time>2014-08-03T10:03:36.482000Z</time>
      </trkpt>
      <trkpt lat="38.910618" lon="111.86065">
        <ele>1442.7963</ele>
        <time>2014-08-03T10:03:39.588000Z</time>
      </trkpt>
      <trkpt lat="38.910572" lon="111.86076">
        <ele>1442.4869</ele>
        <time>2014-08-03T10:03:42.694000Z</time>
      </trkpt>
      <trkpt lat="38.910522" lon="111.860886">
        <ele>1441.9061</ele>
        <time>2014-08-03T10:03:45.800000Z</time>
      </trkpt>
      <trkpt lat="38.91047" lon="111.86099">
        <ele>1441.0942</ele>
        <time>2014-08-03T10:03:48.906000Z</time>
      </trkpt>
      <trkpt lat="38.91041" lon="111.86111">
        <ele>1440.03</ele>
        <time>2014-08-03T10:03:52.012000Z</time>
      </trkpt>
      <trkpt lat="38.910347" lon="111.861244">
        <ele>1439.0607</ele>
        <time>2014-08-03T10:03:55.118000Z</time>
      </trkpt>
      <trkpt lat="38.910286" lon="111.861374">
        <ele>1438.5125</ele>
        <time>2014-08-03T10:03:58.224000Z</time>
      </trkpt>
      <trkpt lat="38.910236" lon="111.86149">
        <ele>1438.662</ele>
        <time>2014-08-03T10:04:01.330000Z</time>
      </trkpt>
      <trkpt lat="38.910187" lon="111.86159">
        <ele>1439.5822</ele>
        <time>2014-08-03T10:04:04.436000Z</time>
      </trkpt>
      <trkpt lat="38.910133" lon="111.861694">
        <ele>1440.5208</ele>
        <time>2014-08-03T10:04:07.542000Z</time>
      </trkpt>
      <trkpt lat="38.910076" lon="111.86179">
        <ele>1440.8485</ele>
        <time>2014-08-03T10:04:10.648000Z</time>
      </trkpt>
      <trkpt lat="38.910023" lon="111.8619">
        <ele>1440.765</ele>
        <time>2014-08-03T10:04:13.754000Z</time>
      </trkpt>
      <trkpt lat="38.909973" lon="111.862015">
        <ele>1440.6941</ele>
        <time>2014-08-03T10:04:16.860000Z</time>
      </trkpt>
      <trkpt lat="38.909904" lon="111.86216">
        <ele>1441.0247</ele>
        <time>2014-08-03T10:04:19.966000Z</time>
      </trkpt>
      <trkpt lat="38.909847" lon="111.86226">
        <ele>1441.7537</ele>
        <time>2014-08-03T10:04:23.072000Z</time>
      </trkpt>
      <trkpt lat="38.90979" lon="111.86235">
        <ele>1442.324</ele>
        <time>2014-08-03T10:04:26.178000Z</time>
      </trkpt>
      <trkpt lat="38.909733" lon="111.862465">
        <ele>1442.3855</ele>
        <time>2014-08-03T10:04:29.284000Z</time>
      </trkpt>
      <trkpt lat="38.90967" lon="111.862595">
        <ele>1442.3967</ele>
        <time>2014-08-03T10:04:32.390000Z</time>
      </trkpt>
      <trkpt lat="38.909615" lon="111.8627">
        <ele>1442.8198</ele>
        <time>2014-08-03T10:04:35.496000Z</time>
      </trkpt>
      <trkpt lat="38.90955" lon="111.86284">
        <ele>1443.416</ele>
        <time>2014-08-03T10:04:38.602000Z</time>
      </trkpt>
      <trkpt lat="38.909492" lon="111.86295">
        <ele>1444.1514</ele>
        <time>2014-08-03T10:04:41.708000Z</time>
      </trkpt>
      <trkpt lat="38.909443" lon="111.86305">
        <ele>1445.2222</ele>
        <time>2014-08-03T10:04:44.814000Z</time>
      </trkpt>
      <trkpt lat="38.90938" lon="111.86315">
        <ele>1445.8333</ele>
        <time>2014-08-03T10:04:47.920000Z</time>
      </trkpt>
      <trkpt lat="38.909332" lon="111.86326">
        <ele>1445.3286</ele>
        <time>2014-08-03T10:04:51.026000Z</time>
      </trkpt>
      <trkpt lat="38.909283" lon="111.86337">
        <ele>1444.334</ele>
        <time>2014-08-03T10:04:54.132000Z</time>
      </trkpt>
      <trkpt lat="38.90922" lon="111.8635">
        <ele>1443.6611</ele>
        <time>2014-08-03T10:04:57.238000Z</time>
      </trkpt>
      <trkpt lat="38.909164" lon="111.863594">
        <ele>1443.5577</ele>
        <time>2014-08-03T10:05:00.344000Z</time>
      </trkpt>
      <trkpt lat="38.9091" lon="111.86372">
        <ele>1443.9034</ele>
        <time>2014-08-03T10:05:03.450000Z</time>
      </trkpt>
      <trkpt lat="38.90906" lon="111.86384">
        <ele>1444.4557</ele>
        <time>2014-08-03T10:05:06.556000Z</time>
      </trkpt>
      <trkpt lat="38.90901" lon="111.86394">
        <ele>1445.2993</ele>
        <time>2014-08-03T10:05:09.662000Z</time>
      </trkpt>
      <trkpt lat="38.908943" lon="111.864044">
        <ele>1446.4878</ele>
        <time>2014-08-03T10:05:12.768000Z</time>
      </trkpt>
      <trkpt lat="38.90888" lon="111.86414">
        <ele>1447.5981</ele>
        <time>2014-08-03T10:05:15.874000Z</time>
      </trkpt>
      <trkpt lat="38.90882" lon="111.864265">
        <ele>1448.1885</ele>
        <time>2014-08-03T10:05:18.980000Z</time>
      </trkpt>
      <trkpt lat="38.908768" lon="111.86438">
        <ele>1448.1609</ele>
        <time>2014-08-03T10:05:22.086000Z</time>
      </trkpt>
      <trkpt lat="38.908707" lon="111.864494">
        <ele>1447.6259</ele>
        <time>2014-08-03T10:05:25.192000Z</time>
      </trkpt>
      <trkpt lat="38.90864" lon="111.86461">
        <ele>1446.9547</ele>
        <time>2014-08-03T10:05:28.298000Z</time>
      </trkpt>
      <trkpt lat="38.90855" lon="111.8647">
        <ele>1446.4113</ele>
        <time>2014-08-03T10:05:31.404000Z</time>
      </trkpt>
      <trkpt lat="38.908443" lon="111.86467">
        <ele>1445.98</ele>
        <time>2014-08-03T10:05:34.510000Z</time>
      </trkpt>
      <trkpt lat="38.9084" lon="111.86457">
        <ele>1445.8713</ele>
        <time>2014-08-03T10:05:37.616000Z</time>
      </trkpt>
      <trkpt lat="38.90837" lon="111.864456">
        <ele>1446.2521</ele>
        <time>2014-08-03T10:05:40.722000Z</time>
      </trkpt>
      <trkpt lat="38.90832" lon="111.86432">
        <ele>1447.0638</ele>
        <time>2014-08-03T10:05:43.828000Z</time>
      </trkpt>
      <trkpt lat="38.90827" lon="111.86421">
        <ele>1448.2081</ele>
        <time>2014-08-03T10:05:46.934000Z</time>
      </trkpt>
      <trkpt lat="38.90823" lon="111.864105">
        <ele>1449.3054</ele>
        <time>2014-08-03T10:05:50.040000Z</time>
      </trkpt>
      <trkpt lat="38.908176" lon="111.86399">
        <ele>1450.03</ele>
        <time>2014-08-03T10:05:53.146000Z</time>
      </trkpt>
      <trkpt lat="38.908123" lon="111.86388">
        <ele>1450.4889</ele>
        <time>2014-08-03T10:05:56.252000Z</time>
      </trkpt>
      <trkpt lat="38.908073" lon="111.86376">
        <ele>1450.5739</ele>
        <time>2014-08-03T10:05:59.358000Z</time>
      </trkpt>
      <trkpt lat="38.908024" lon="111.86365">
        <ele>1450.1514</ele>
        <time>2014-08-03T10:06:02.464000Z</time>
      </trkpt>
      <trkpt lat="38.907986" lon="111.86353">
        <ele>1449.4957</ele>
        <time>2014-08-03T10:06:05.570000Z</time>
      </trkpt>
      <trkpt lat="38.90794" lon="111.86341">
        <ele>1449.0227</ele>
        <time>2014-08-03T10:06:08.676000Z</time>
      </trkpt>
      <trkpt lat="38.907894" lon="111.863304">
        <ele>1448.6462</ele>
        <time>2014-08-03T10:06:11.782000Z</time>
      </trkpt>
      <trkpt lat="38.907852" lon="111.86318">
        <ele>1448.0524</ele>
        <time>2014-08-03T10:06:14.888000Z</time>
      </trkpt>
      <trkpt lat="38.907787" lon="111.86306">
        <ele>1447.411</ele>
        <time>2014-08-03T10:06:17.994000Z</time>
      </trkpt>
      <trkpt lat="38.907738" lon="111.86295">
        <ele>1447.575</ele>
        <time>2014-08-03T10:06:21.100000Z</time>
      </trkpt>
      <trkpt lat="38.90769" lon="111.86284">
        <ele>1448.9757</ele>
        <time>2014-08-03T10:06:24.206000Z</time>
      </trkpt>
      <trkpt lat="38.907635" lon="111.86271">
        <ele>1450.8196</ele>
        <time>2014-08-03T10:06:27.312000Z</time>
      </trkpt>
      <trkpt lat="38.907593" lon="111.86258">
        <ele>1451.7401</ele>
        <time>2014-08-03T10:06:30.418000Z</time>
      </trkpt>
      <trkpt lat="38.90755" lon="111.86248">
        <ele>1451.4042</ele>
        <time>2014-08-03T10:06:33.524000Z</time>
      </trkpt>
      <trkpt lat="38.9075" lon="111.862366">
        <ele>1450.5764</ele>
        <time>2014-08-03T10:06:36.630000Z</time>
      </trkpt>
      <trkpt lat="38.90745" lon="111.86226">
        <ele>1450.1965</ele>
        <time>2014-08-03T10:06:39.736000Z</time>
      </trkpt>
      <trkpt lat="38.907417" lon="111.862144">
        <ele>1450.5304</ele>
        <time>2014-08-03T10:06:42.842000Z</time>
      </trkpt>
      <trkpt lat="38.90736" lon="111.86203">
        <ele>1451.1129</ele>
        <time>2014-08-03T10:06:45.948000Z</time>
      </trkpt>
      <trkpt lat="38.907307" lon="111.861916">
        <ele>1451.2622</ele>
        <time>2014-08-03T10:06:49.054000Z</time>
      </trkpt>
      <trkpt lat="38.90725" lon="111.8618">
        <ele>1450.8796</ele>
        <time>2014-08-03T10:06:52.160000Z</time>
      </trkpt>
      <trkpt lat="38.90719" lon="111.86169">
        <ele>1450.6992</ele>
        <time>2014-08-03T10:06:55.266000Z</time>
      </trkpt>
      <trkpt lat="38.907112" lon="111.861565">
        <ele>1451.2257</ele>
        <time>2014-08-03T10:06:58.372000Z</time>
      </trkpt>
      <trkpt lat="38.907043" lon="111.861465">
        <ele>1451.9717</ele>
        <time>2014-08-03T10:07:01.478000Z</time>
      </trkpt>
      <trkpt lat="38.906963" lon="111.86137">
        <ele>1452.6216</ele>
        <time>2014-08-03T10:07:04.584000Z</time>
      </trkpt>
      <trkpt lat="38.906902" lon="111.86128">
        <ele>1453.3406</ele>
        <time>2014-08-03T10:07:07.690000Z</time>
      </trkpt>
      <trkpt lat="38.906822" lon="111.8612">
        <ele>1453.2283</ele>
        <time>2014-08-03T10:07:10.796000Z</time>
      </trkpt>
      <trkpt lat="38.906754" lon="111.86112">
        <ele>1451.6296</ele>
        <time>2014-08-03T10:07:13.902000Z</time>
      </trkpt>
      <trkpt lat="38.906673" lon="111.86104">
        <ele>1449.7526</ele>
        <time>2014-08-03T10:07:17.008000Z</time>
      </trkpt>
      <trkpt lat="38.906597" lon="111.86097">
        <ele>1448.7695</ele>
        <time>2014-08-03T10:07:20.114000Z</time>
      </trkpt>
      <trkpt lat="38.906517" lon="111.86091">
        <ele>1448.5149</ele>
        <time>2014-08-03T10:07:23.220000Z</time>
      </trkpt>
      <trkpt lat="38.906425" lon="111.86084">
        <ele>1448.6913</ele>
        <time>2014-08-03T10:07:26.326000Z</time>
      </trkpt>
      <trkpt lat="38.906345" lon="111.86078">
        <ele>1449.1095</ele>
        <time>2014-08-03T10:07:29.432000Z</time>
      </trkpt>
      <trkpt lat="38.906254" lon="111.86073">
        <ele>1449.5918</ele>
        <time>2014-08-03T10:07:32.538000Z</time>
      </trkpt>
      <trkpt lat="38.90616" lon="111.86069">
        <ele>1450.0262</ele>
        <time>2014-08-03T10:07:35.644000Z</time>
      </trkpt>
      <trkpt lat="38.906044" lon="111.86066">
        <ele>1450.3186</ele>
        <time>2014-08-03T10:07:38.750000Z</time>
      </trkpt>
      <trkpt lat="38.905945" lon="111.86062">
        <ele>1450.562</ele>
        <time>2014-08-03T10:07:41.856000Z</time>
      </trkpt>
      <trkpt lat="38.905853" lon="111.86058">
        <ele>1450.9292</ele>
        <time>2014-08-03T10:07:44.962000Z</time>
      </trkpt>
      <trkpt lat="38.90573" lon="111.86055">
        <ele>1451.2786</ele>
        <time>2014-08-03T10:07:48.068000Z</time>
      </trkpt>
      <trkpt lat="38.90563" lon="111.86053">
        <ele>1451.4358</ele>
        <time>2014-08-03T10:07:51.174000Z</time>
      </trkpt>
      <trkpt lat="38.905537" lon="111.860504">
        <ele>1451.3088</ele>
        <time>2014-08-03T10:07:54.280000Z</time>
      </trkpt>
      <trkpt lat="38.905437" lon="111.86047">
        <ele>1450.9021</ele>
        <time>2014-08-03T10:07:57.386000Z</time>
      </trkpt>
      <trkpt lat="38.90534" lon="111.860435">
        <ele>1450.3394</ele>
        <time>2014-08-03T10:08:00.492000Z</time>
      </trkpt>
      <trkpt lat="38.905235" lon="111.860374">
        <ele>1449.7816</ele>
        <time>2014-08-03T10:08:03.598000Z</time>
      </trkpt>
      <trkpt lat="38.90514" lon="111.86032">
        <ele>1449.4282</ele>
        <time>2014-08-03T10:08:06.704000Z</time>
      </trkpt>
      <trkpt lat="38.905045" lon="111.86025">
        <ele>1449.3522</ele>
        <time>2014-08-03T10:08:09.810000Z</time>
      </trkpt>
      <trkpt lat="38.90496" lon="111.860176">
        <ele>1449.3955</ele>
        <time>2014-08-03T10:08:12.916000Z</time>
      </trkpt>
      <trkpt lat="38.90489" lon="111.860085">
        <ele>1449.1315</ele>
        <time>2014-08-03T10:08:16.022000Z</time>
      </trkpt>
      <trkpt lat="38.904797" lon="111.86">
        <ele>1448.3314</ele>
        <time>2014-08-03T10:08:19.128000Z</time>
      </trkpt>
      <trkpt lat="38.904736" lon="111.8599">
        <ele>1447.559</ele>
        <time>2014-08-03T10:08:22.234000Z</time>
      </trkpt>
      <trkpt lat="38.904675" lon="111.859795">
        <ele>1447.3384</ele>
        <time>2014-08-03T10:08:25.340000Z</time>
      </trkpt>
      <trkpt lat="38.904625" lon="111.859665">
        <ele>1447.4456</ele>
        <time>2014-08-03T10:08:28.446000Z</time>
      </trkpt>
      <trkpt lat="38.90459" lon="111.85955">
        <ele>1447.5548</ele>
        <time>2014-08-03T10:08:31.552000Z</time>
      </trkpt>
      <trkpt lat="38.90456" lon="111.85942">
        <ele>1447.3087</ele>
        <time>2014-08-03T10:08:34.658000Z</time>
      </trkpt>
      <trkpt lat="38.904537" lon="111.85929">
        <ele>1446.9409</ele>
        <time>2014-08-03T10:08:37.764000Z</time>
      </trkpt>
      <trkpt lat="38.904522" lon="111.85918">
        <ele>1446.7583</ele>
        <time>2014-08-03T10:08:40.870000Z</time>
      </trkpt>
      <trkpt lat="38.904522" lon="111.85906">
        <ele>1446.2977</ele>
        <time>2014-08-03T10:08:43.976000Z</time>
      </trkpt>
      <trkpt lat="38.90452" lon="111.858925">
        <ele>1445.4434</ele>
        <time>2014-08-03T10:08:47.082000Z</time>
      </trkpt>
      <trkpt lat="38.904522" lon="111.85881">
        <ele>1444.832</ele>
        <time>2014-08-03T10:08:50.188000Z</time>
      </trkpt>
      <trkpt lat="38.904526" lon="111.85868">
        <ele>1444.6613</ele>
        <time>2014-08-03T10:08:53.294000Z</time>
      </trkpt>
      <trkpt lat="38.904537" lon="111.85854">
        <ele>1444.7013</ele>
        <time>2014-08-03T10:08:56.400000Z</time>
      </trkpt>
      <trkpt lat="38.90455" lon="111.85841">
        <ele>1444.5946</ele>
        <time>2014-08-03T10:08:59.506000Z</time>
      </trkpt>
      <trkpt lat="38.90456" lon="111.85828">
        <ele>1444.2943</ele>
        <time>2014-08-03T10:09:02.612000Z</time>
      </trkpt>
      <trkpt lat="38.90457" lon="111.85815">
        <ele>1443.8776</ele>
        <time>2014-08-03T10:09:05.718000Z</time>
      </trkpt>
      <trkpt lat="38.904587" lon="111.858025">
        <ele>1443.359</ele>
        <time>2014-08-03T10:09:08.824000Z</time>
      </trkpt>
      <trkpt lat="38.904602" lon="111.85789">
        <ele>1442.9307</ele>
        <time>2014-08-03T10:09:11.930000Z</time>
      </trkpt>
      <trkpt lat="38.904606" lon="111.857765">
        <ele>1442.8073</ele>
        <time>2014-08-03T10:09:15.036000Z</time>
      </trkpt>
      <trkpt lat="38.904625" lon="111.85763">
        <ele>1443.051</ele>
        <time>2014-08-03T10:09:18.142000Z</time>
      </trkpt>
      <trkpt lat="38.90464" lon="111.85749">
        <ele>1443.4723</ele>
        <time>2014-08-03T10:09:21.248000Z</time>
      </trkpt>
      <trkpt lat="38.904648" lon="111.85736">
        <ele>1443.7084</ele>
        <time>2014-08-03T10:09:24.354000Z</time>
      </trkpt>
      <trkpt lat="38.904663" lon="111.85724">
        <ele>1443.6599</ele>
        <time>2014-08-03T10:09:27.460000Z</time>
      </trkpt>
      <trkpt lat="38.904675" lon="111.85711">
        <ele>1443.2793</ele>
        <time>2014-08-03T10:09:30.566000Z</time>
      </trkpt>
      <trkpt lat="38.904682" lon="111.856964">
        <ele>1442.5345</ele>
        <time>2014-08-03T10:09:33.672000Z</time>
      </trkpt>
      <trkpt lat="38.904694" lon="111.85684">
        <ele>1441.7234</ele>
        <time>2014-08-03T10:09:36.778000Z</time>
      </trkpt>
      <trkpt lat="38.904705" lon="111.85668">
        <ele>1440.9158</ele>
        <time>2014-08-03T10:09:39.884000Z</time>
      </trkpt>
      <trkpt lat="38.904716" lon="111.85653">
        <ele>1439.9731</ele>
        <time>2014-08-03T10:09:42.990000Z</time>
      </trkpt>
      <trkpt lat="38.904724" lon="111.856415">
        <ele>1439.161</ele>
        <time>2014-08-03T10:09:46.096000Z</time>
      </trkpt>
      <trkpt lat="38.904736" lon="111.85629">
        <ele>1439.3672</ele>
        <time>2014-08-03T10:09:49.202000Z</time>
      </trkpt>
      <trkpt lat="38.904743" lon="111.85615">
        <ele>1440.8577</ele>
        <time>2014-08-03T10:09:52.308000Z</time>
      </trkpt>
      <trkpt lat="38.904755" lon="111.85601">
        <ele>1442.4922</ele>
        <time>2014-08-03T10:09:55.414000Z</time>
      </trkpt>
      <trkpt lat="38.904774" lon="111.85586">
        <ele>1442.8446</ele>
        <time>2014-08-03T10:09:58.520000Z</time>
      </trkpt>
      <trkpt lat="38.904797" lon="111.8557">
        <ele>1441.8579</ele>
        <time>2014-08-03T10:10:01.626000Z</time>
      </trkpt>
      <trkpt lat="38.90481" lon="111.855576">
        <ele>1440.5599</ele>
        <time>2014-08-03T10:10:04.732000Z</time>
      </trkpt>
      <trkpt lat="38.904823" lon="111.85544">
        <ele>1439.7869</ele>
        <time>2014-08-03T10:10:07.838000Z</time>
      </trkpt>
      <trkpt lat="38.904835" lon="111.85528">
        <ele>1439.3827</ele>
        <time>2014-08-03T10:10:10.944000Z</time>
      </trkpt>
      <trkpt lat="38.904842" lon="111.85515">
        <ele>1439.0216</ele>
        <time>2014-08-03T10:10:14.050000Z</time>
      </trkpt>
      <trkpt lat="38.904846" lon="111.85502">
        <ele>1438.5066</ele>
        <time>2014-08-03T10:10:17.156000Z</time>
      </trkpt>
      <trkpt lat="38.904854" lon="111.85489">
        <ele>1437.8304</ele>
        <time>2014-08-03T10:10:20.262000Z</time>
      </trkpt>
      <trkpt lat="38.904873" lon="111.854744">
        <ele>1437.5924</ele>
        <time>2014-08-03T10:10:23.368000Z</time>
      </trkpt>
      <trkpt lat="38.90489" lon="111.85463">
        <ele>1438.3871</ele>
        <time>2014-08-03T10:10:26.474000Z</time>
      </trkpt>
      <trkpt lat="38.904903" lon="111.85448">
        <ele>1439.6838</ele>
        <time>2014-08-03T10:10:29.580000Z</time>
      </trkpt>
      <trkpt lat="38.904915" lon="111.85435">
        <ele>1440.9421</ele>
        <time>2014-08-03T10:10:32.686000Z</time>
      </trkpt>
      <trkpt lat="38.90493" lon="111.85421">
        <ele>1441.7473</ele>
        <time>2014-08-03T10:10:35.792000Z</time>
      </trkpt>
      <trkpt lat="38.904938" lon="111.854095">
        <ele>1441.8304</ele>
        <time>2014-08-03T10:10:38.898000Z</time>
      </trkpt>
      <trkpt lat="38.90495" lon="111.85395">
        <ele>1441.7328</ele>
        <time>2014-08-03T10:10:42.004000Z</time>
      </trkpt>
      <trkpt lat="38.90496" lon="111.85382">
        <ele>1441.8998</ele>
        <time>2014-08-03T10:10:45.110000Z</time>
      </trkpt>
      <trkpt lat="38.90497" lon="111.853676">
        <ele>1442.2156</ele>
        <time>2014-08-03T10:10:48.216000Z</time>
      </trkpt>
      <trkpt lat="38.904976" lon="111.85354">
        <ele>1442.7864</ele>
        <time>2014-08-03T10:10:51.322000Z</time>
      </trkpt>
      <trkpt lat="38.904984" lon="111.8534">
        <ele>1443.6191</ele>
        <time>2014-08-03T10:10:54.428000Z</time>
      </trkpt>
      <trkpt lat="38.90499" lon="111.853264">
        <ele>1444.5244</ele>
        <time>2014-08-03T10:10:57.534000Z</time>
      </trkpt>
      <trkpt lat="38.904995" lon="111.85315">
        <ele>1445.1927</ele>
        <time>2014-08-03T10:11:00.640000Z</time>
      </trkpt>
      <trkpt lat="38.90499" lon="111.85301">
        <ele>1445.0323</ele>
        <time>2014-08-03T10:11:03.746000Z</time>
      </trkpt>
      <trkpt lat="38.90499" lon="111.85289">
        <ele>1443.7764</ele>
        <time>2014-08-03T10:11:06.852000Z</time>
      </trkpt>
      <trkpt lat="38.90498" lon="111.852745">
        <ele>1442.3197</ele>
        <time>2014-08-03T10:11:09.958000Z</time>
      </trkpt>
      <trkpt lat="38.904972" lon="111.85263">
        <ele>1441.5212</ele>
        <time>2014-08-03T10:11:13.064000Z</time>
      </trkpt>
      <trkpt lat="38.904957" lon="111.8525">
        <ele>1440.8853</ele>
        <time>2014-08-03T10:11:16.170000Z</time>
      </trkpt>
      <trkpt lat="38.90493" lon="111.85237">
        <ele>1439.9816</ele>
        <time>2014-08-03T10:11:19.276000Z</time>
      </trkpt>
      <trkpt lat="38.904915" lon="111.85225">
        <ele>1439.4932</ele>
        <time>2014-08-03T10:11:22.382000Z</time>
      </trkpt>
      <trkpt lat="38.90488" lon="111.85211">
        <ele>1439.895</ele>
        <time>2014-08-03T10:11:25.488000Z</time>
      </trkpt>
      <trkpt lat="38.904835" lon="111.85199">
        <ele>1440.6226</ele>
        <time>2014-08-03T10:11:28.594000Z</time>
      </trkpt>
      <trkpt lat="38.904785" lon="111.85185">
        <ele>1441.2361</ele>
        <time>2014-08-03T10:11:31.700000Z</time>
      </trkpt>
      <trkpt lat="38.904743" lon="111.85173">
        <ele>1441.9915</ele>
        <time>2014-08-03T10:11:34.806000Z</time>
      </trkpt>
      <trkpt lat="38.904713" lon="111.85162">
        <ele>1442.8663</ele>
        <time>2014-08-03T10:11:37.912000Z</time>
      </trkpt>
      <trkpt lat="38.90467" lon="111.851494">
        <ele>1443.2482</ele>
        <time>2014-08-03T10:11:41.018000Z</time>
      </trkpt>
      <trkpt lat="38.90462" lon="111.851364">
        <ele>1442.8995</ele>
        <time>2014-08-03T10:11:44.124000Z</time>
      </trkpt>
      <trkpt lat="38.904583" lon="111.85124">
        <ele>1442.32</ele>
        <time>2014-08-03T10:11:47.230000Z</time>
      </trkpt>
      <trkpt lat="38.904537" lon="111.85112">
        <ele>1441.8351</ele>
        <time>2014-08-03T10:11:50.336000Z</time>
      </trkpt>
      <trkpt lat="38.904495" lon="111.851006">
        <ele>1441.2489</ele>
        <time>2014-08-03T10:11:53.442000Z</time>
      </trkpt>
      <trkpt lat="38.90445" lon="111.85087">
        <ele>1440.3851</ele>
        <time>2014-08-03T10:11:56.548000Z</time>
      </trkpt>
      <trkpt lat="38.9044" lon="111.85073">
        <ele>1439.4099</ele>
        <time>2014-08-03T10:11:59.654000Z</time>
      </trkpt>
      <trkpt lat="38.90436" lon="111.85062">
        <ele>1438.6656</ele>
        <time>2014-08-03T10:12:02.760000Z</time>
      </trkpt>
      <trkpt lat="38.904312" lon="111.85048">
        <ele>1438.0247</ele>
        <time>2014-08-03T10:12:05.866000Z</time>
      </trkpt>
      <trkpt lat="38.904274" lon="111.85035">
        <ele>1437.2145</ele>
        <time>2014-08-03T10:12:08.972000Z</time>
      </trkpt>
      <trkpt lat="38.904232" lon="111.850204">
        <ele>1436.6559</ele>
        <time>2014-08-03T10:12:12.078000Z</time>
      </trkpt>
      <trkpt lat="38.904186" lon="111.85009">
        <ele>1437.145</ele>
        <time>2014-08-03T10:12:15.184000Z</time>
      </trkpt>
      <trkpt lat="38.904137" lon="111.84998">
        <ele>1438.5826</ele>
        <time>2014-08-03T10:12:18.290000Z</time>
      </trkpt>
      <trkpt lat="38.904087" lon="111.84985">
        <ele>1439.9103</ele>
        <time>2014-08-03T10:12:21.396000Z</time>
      </trkpt>
      <trkpt lat="38.904045" lon="111.84975">
        <ele>1440.4729</ele>
        <time>2014-08-03T10:12:24.502000Z</time>
      </trkpt>
      <trkpt lat="38.903996" lon="111.84963">
        <ele>1440.1731</ele>
        <time>2014-08-03T10:12:27.608000Z</time>
      </trkpt>
      <trkpt lat="38.903954" lon="111.84951">
        <ele>1439.1488</ele>
        <time>2014-08-03T10:12:30.714000Z</time>
      </trkpt>
      <trkpt lat="38.903908" lon="111.84939">
        <ele>1438.1194</ele>
        <time>2014-08-03T10:12:33.820000Z</time>
      </trkpt>
      <trkpt lat="38.90386" lon="111.84928">
        <ele>1437.7511</ele>
        <time>2014-08-03T10:12:36.926000Z</time>
      </trkpt>
      <trkpt lat="38.903812" lon="111.849174">
        <ele>1438.1333</ele>
        <time>2014-08-03T10:12:40.032000Z</time>
      </trkpt>
      <trkpt lat="38.903767" lon="111.84905">
        <ele>1438.7714</ele>
        <time>2014-08-03T10:12:43.138000Z</time>
      </trkpt>
      <trkpt lat="38.9037" lon="111.848946">
        <ele>1438.7698</ele>
        <time>2014-08-03T10:12:46.244000Z</time>
      </trkpt>
      <trkpt lat="38.903645" lon="111.84884">
        <ele>1437.9423</ele>
        <time>2014-08-03T10:12:49.350000Z</time>
      </trkpt>
      <trkpt lat="38.90359" lon="111.84875">
        <ele>1436.9852</ele>
        <time>2014-08-03T10:12:52.456000Z</time>
      </trkpt>
      <trkpt lat="38.90354" lon="111.84864">
        <ele>1436.4462</ele>
        <time>2014-08-03T10:12:55.562000Z</time>
      </trkpt>
      <trkpt lat="38.903477" lon="111.848526">
        <ele>1436.5796</ele>
        <time>2014-08-03T10:12:58.668000Z</time>
      </trkpt>
      <trkpt lat="38.90341" lon="111.84843">
        <ele>1437.3186</ele>
        <time>2014-08-03T10:13:01.774000Z</time>
      </trkpt>
      <trkpt lat="38.903347" lon="111.84833">
        <ele>1437.9651</ele>
        <time>2014-08-03T10:13:04.880000Z</time>
      </trkpt>
      <trkpt lat="38.903286" lon="111.84821">
        <ele>1437.6416</ele>
        <time>2014-08-03T10:13:07.986000Z</time>
      </trkpt>
      <trkpt lat="38.903225" lon="111.84811">
        <ele>1436.4105</ele>
        <time>2014-08-03T10:13:11.092000Z</time>
      </trkpt>
      <trkpt lat="38.903168" lon="111.848015">
        <ele>1435.1792</ele>
        <time>2014-08-03T10:13:14.198000Z</time>
      </trkpt>
      <trkpt lat="38.90309" lon="111.84791">
        <ele>1434.7172</ele>
        <time>2014-08-03T10:13:17.304000Z</time>
      </trkpt>
      <trkpt lat="38.903034" lon="111.84781">
        <ele>1434.8354</ele>
        <time>2014-08-03T10:13:20.410000Z</time>
      </trkpt>
      <trkpt lat="38.90297" lon="111.8477">
        <ele>1435.0045</ele>
        <time>2014-08-03T10:13:23.516000Z</time>
      </trkpt>
      <trkpt lat="38.902897" lon="111.847595">
        <ele>1434.9813</ele>
        <time>2014-08-03T10:13:26.622000Z</time>
      </trkpt>
      <trkpt lat="38.902832" lon="111.847496">
        <ele>1434.8698</ele>
        <time>2014-08-03T10:13:29.728000Z</time>
      </trkpt>
      <trkpt lat="38.902763" lon="111.8474">
        <ele>1434.7345</ele>
        <time>2014-08-03T10:13:32.834000Z</time>
      </trkpt>
      <trkpt lat="38.9027" lon="111.84729">
        <ele>1434.6703</ele>
        <time>2014-08-03T10:13:35.940000Z</time>
      </trkpt>
      <trkpt lat="38.902634" lon="111.84717">
        <ele>1434.6119</ele>
        <time>2014-08-03T10:13:39.046000Z</time>
      </trkpt>
      <trkpt lat="38.902565" lon="111.84706">
        <ele>1433.9187</ele>
        <time>2014-08-03T10:13:42.152000Z</time>
      </trkpt>
      <trkpt lat="38.90251" lon="111.84697">
        <ele>1432.2842</ele>
        <time>2014-08-03T10:13:45.258000Z</time>
      </trkpt>
      <trkpt lat="38.90245" lon="111.84687">
        <ele>1430.6699</ele>
        <time>2014-08-03T10:13:48.364000Z</time>
      </trkpt>
      <trkpt lat="38.90238" lon="111.84677">
        <ele>1430.1504</ele>
        <time>2014-08-03T10:13:51.470000Z</time>
      </trkpt>
      <trkpt lat="38.902313" lon="111.846664">
        <ele>1430.7272</ele>
        <time>2014-08-03T10:13:54.576000Z</time>
      </trkpt>
      <trkpt lat="38.902237" lon="111.84655">
        <ele>1431.9055</ele>
        <time>2014-08-03T10:13:57.682000Z</time>
      </trkpt>
      <trkpt lat="38.90216" lon="111.846436">
        <ele>1433.3375</ele>
        <time>2014-08-03T10:14:00.788000Z</time>
      </trkpt>
      <trkpt lat="38.902084" lon="111.84632">
        <ele>1434.4946</ele>
        <time>2014-08-03T10:14:03.894000Z</time>
      </trkpt>
      <trkpt lat="38.902016" lon="111.846214">
        <ele>1434.5702</ele>
        <time>2014-08-03T10:14:07Z</time>
      </trkpt>
      <trkpt lat="38.901943" lon="111.84609">
        <ele>1433.6683</ele>
        <time>2014-08-03T10:14:10.106000Z</time>
      </trkpt>
      <trkpt lat="38.901886" lon="111.846">
        <ele>1433.2141</ele>
        <time>2014-08-03T10:14:13.212000Z</time>
      </trkpt>
      <trkpt lat="38.9018" lon="111.84588">
        <ele>1434.0625</ele>
        <time>2014-08-03T10:14:16.318000Z</time>
      </trkpt>
      <trkpt lat="38.901726" lon="111.84577">
        <ele>1435.1593</ele>
        <time>2014-08-03T10:14:19.424000Z</time>
      </trkpt>
      <trkpt lat="38.901665" lon="111.84567">
        <ele>1435.1942</ele>
        <time>2014-08-03T10:14:22.530000Z</time>
      </trkpt>
      <trkpt lat="38.901585" lon="111.845566">
        <ele>1434.5415</ele>
        <time>2014-08-03T10:14:25.636000Z</time>
      </trkpt>
      <trkpt lat="38.90152" lon="111.84548">
        <ele>1434.0464</ele>
        <time>2014-08-03T10:14:28.742000Z</time>
      </trkpt>
      <trkpt lat="38.90145" lon="111.84538">
        <ele>1434.13</ele>
        <time>2014-08-03T10:14:31.848000Z</time>
      </trkpt>
      <trkpt lat="38.901382" lon="111.84527">
        <ele>1434.9592</ele>
        <time>2014-08-03T10:14:34.954000Z</time>
      </trkpt>
      <trkpt lat="38.90132" lon="111.84516">
        <ele>1436.1221</ele>
        <time>2014-08-03T10:14:38.060000Z</time>
      </trkpt>
      <trkpt lat="38.90126" lon="111.84506">
        <ele>1436.8901</ele>
        <time>2014-08-03T10:14:41.166000Z</time>
      </trkpt>
      <trkpt lat="38.901176" lon="111.84493">
        <ele>1437.1914</ele>
        <time>2014-08-03T10:14:44.272000Z</time>
      </trkpt>
      <trkpt lat="38.90111" lon="111.844826">
        <ele>1436.856</ele>
        <time>2014-08-03T10:14:47.378000Z</time>
      </trkpt>
      <trkpt lat="38.90105" lon="111.844734">
        <ele>1435.8362</ele>
        <time>2014-08-03T10:14:50.484000Z</time>
      </trkpt>
      <trkpt lat="38.900978" lon="111.84463">
        <ele>1434.797</ele>
        <time>2014-08-03T10:14:53.590000Z</time>
      </trkpt>
      <trkpt lat="38.900917" lon="111.844536">
        <ele>1434.2863</ele>
        <time>2014-08-03T10:14:56.696000Z</time>
      </trkpt>
      <trkpt lat="38.900856" lon="111.84444">
        <ele>1434.1614</ele>
        <time>2014-08-03T10:14:59.802000Z</time>
      </trkpt>
      <trkpt lat="38.900787" lon="111.84432">
        <ele>1434.1931</ele>
        <time>2014-08-03T10:15:02.908000Z</time>
      </trkpt>
      <trkpt lat="38.90072" lon="111.84423">
        <ele>1434.1118</ele>
        <time>2014-08-03T10:15:06.014000Z</time>
      </trkpt>
      <trkpt lat="38.900654" lon="111.84413">
        <ele>1433.7808</ele>
        <time>2014-08-03T10:15:09.120000Z</time>
      </trkpt>
      <trkpt lat="38.900578" lon="111.84402">
        <ele>1433.6445</ele>
        <time>2014-08-03T10:15:12.226000Z</time>
      </trkpt>
      <trkpt lat="38.900513" lon="111.84393">
        <ele>1434.153</ele>
        <time>2014-08-03T10:15:15.332000Z</time>
      </trkpt>
      <trkpt lat="38.900455" lon="111.84384">
        <ele>1435.0155</ele>
        <time>2014-08-03T10:15:18.438000Z</time>
      </trkpt>
      <trkpt lat="38.900387" lon="111.84373">
        <ele>1435.6914</ele>
        <time>2014-08-03T10:15:21.544000Z</time>
      </trkpt>
      <trkpt lat="38.900333" lon="111.84362">
        <ele>1436.094</ele>
        <time>2014-08-03T10:15:24.650000Z</time>
      </trkpt>
      <trkpt lat="38.90027" lon="111.843506">
        <ele>1436.4653</ele>
        <time>2014-08-03T10:15:27.756000Z</time>
      </trkpt>
      <trkpt lat="38.900204" lon="111.8434">
        <ele>1436.8812</ele>
        <time>2014-08-03T10:15:30.862000Z</time>
      </trkpt>
      <trkpt lat="38.90014" lon="111.8433">
        <ele>1437.1764</ele>
        <time>2014-08-03T10:15:33.968000Z</time>
      </trkpt>
      <trkpt lat="38.900074" lon="111.843185">
        <ele>1437.288</ele>
        <time>2014-08-03T10:15:37.074000Z</time>
      </trkpt>
      <trkpt lat="38.900017" lon="111.84307">
        <ele>1437.2227</ele>
        <time>2014-08-03T10:15:40.180000Z</time>
      </trkpt>
      <trkpt lat="38.899944" lon="111.84294">
        <ele>1437.0134</ele>
        <time>2014-08-03T10:15:43.286000Z</time>
      </trkpt>
      <trkpt lat="38.899887" lon="111.842834">
        <ele>1436.854</ele>
        <time>2014-08-03T10:15:46.392000Z</time>
      </trkpt>
      <trkpt lat="38.899826" lon="111.84272">
        <ele>1436.8839</ele>
        <time>2014-08-03T10:15:49.498000Z</time>
      </trkpt>
      <trkpt lat="38.899776" lon="111.84262">
        <ele>1436.8496</ele>
        <time>2014-08-03T10:15:52.604000Z</time>
      </trkpt>
      <trkpt lat="38.899708" lon="111.8425">
        <ele>1436.536</ele>
        <time>2014-08-03T10:15:55.710000Z</time>
      </trkpt>
      <trkpt lat="38.899647" lon="111.8424">
        <ele>1436.218</ele>
        <time>2014-08-03T10:15:58.816000Z</time>
      </trkpt>
      <trkpt lat="38.899586" lon="111.8423">
        <ele>1436.1772</ele>
        <time>2014-08-03T10:16:01.922000Z</time>
      </trkpt>
      <trkpt lat="38.899525" lon="111.84219">
        <ele>1436.296</ele>
        <time>2014-08-03T10:16:05.028000Z</time>
      </trkpt>
      <trkpt lat="38.899467" lon="111.842094">
        <ele>1436.4108</ele>
        <time>2014-08-03T10:16:08.134000Z</time>
      </trkpt>
      <trkpt lat="38.89941" lon="111.841995">
        <ele>1436.575</ele>
        <time>2014-08-03T10:16:11.240000Z</time>
      </trkpt>
      <trkpt lat="38.899357" lon="111.84189">
        <ele>1436.8392</ele>
        <time>2014-08-03T10:16:14.346000Z</time>
      </trkpt>
      <trkpt lat="38.899284" lon="111.84176">
        <ele>1436.9865</ele>
        <time>2014-08-03T10:16:17.452000Z</time>
      </trkpt>
      <trkpt lat="38.899216" lon="111.84164">
        <ele>1436.8541</ele>
        <time>2014-08-03T10:16:20.558000Z</time>
      </trkpt>
      <trkpt lat="38.899166" lon="111.84154">
        <ele>1436.6221</ele>
        <time>2014-08-03T10:16:23.664000Z</time>
      </trkpt>
      <trkpt lat="38.899097" lon="111.841415">
        <ele>1436.9933</ele>
        <time>2014-08-03T10:16:26.770000Z</time>
      </trkpt>
      <trkpt lat="38.899033" lon="111.84132">
        <ele>1438.1769</ele>
        <time>2014-08-03T10:16:29.876000Z</time>
      </trkpt>
      <trkpt lat="38.89898" lon="111.84121">
        <ele>1439.6189</ele>
        <time>2014-08-03T10:16:32.982000Z</time>
      </trkpt>
      <trkpt lat="38.898907" lon="111.84109">
        <ele>1440.9916</ele>
        <time>2014-08-03T10:16:36.088000Z</time>
      </trkpt>
      <trkpt lat="38.898857" lon="111.84098">
        <ele>1442.1343</ele>
        <time>2014-08-03T10:16:39.194000Z</time>
      </trkpt>
      <trkpt lat="38.898792" lon="111.84087">
        <ele>1442.8412</ele>
        <time>2014-08-03T10:16:42.300000Z</time>
      </trkpt>
      <trkpt lat="38.89874" lon="111.84078">
        <ele>1443.3529</ele>
        <time>2014-08-03T10:16:45.406000Z</time>
      </trkpt>
      <trkpt lat="38.89868" lon="111.840675">
        <ele>1443.7593</ele>
        <time>2014-08-03T10:16:48.512000Z</time>
      </trkpt>
      <trkpt lat="38.89863" lon="111.84057">
        <ele>1443.9631</ele>
        <time>2014-08-03T10:16:51.618000Z</time>
      </trkpt>
      <trkpt lat="38.89857" lon="111.84048">
        <ele>1444.0592</ele>
        <time>2014-08-03T10:16:54.724000Z</time>
      </trkpt>
      <trkpt lat="38.89852" lon="111.84037">
        <ele>1444.1819</ele>
        <time>2014-08-03T10:16:57.830000Z</time>
      </trkpt>
      <trkpt lat="38.89846" lon="111.84027">
        <ele>1444.3052</ele>
        <time>2014-08-03T10:17:00.936000Z</time>
      </trkpt>
      <trkpt lat="38.898403" lon="111.84017">
        <ele>1444.8009</ele>
        <time>2014-08-03T10:17:04.042000Z</time>
      </trkpt>
      <trkpt lat="38.898342" lon="111.840065">
        <ele>1445.9498</ele>
        <time>2014-08-03T10:17:07.148000Z</time>
      </trkpt>
      <trkpt lat="38.898273" lon="111.83994">
        <ele>1447.0126</ele>
        <time>2014-08-03T10:17:10.254000Z</time>
      </trkpt>
      <trkpt lat="38.89821" lon="111.83983">
        <ele>1447.303</ele>
        <time>2014-08-03T10:17:13.360000Z</time>
      </trkpt>
      <trkpt lat="38.89815" lon="111.83973">
        <ele>1447.1207</ele>
        <time>2014-08-03T10:17:16.466000Z</time>
      </trkpt>
      <trkpt lat="38.898083" lon="111.83961">
        <ele>1446.9164</ele>
        <time>2014-08-03T10:17:19.572000Z</time>
      </trkpt>
      <trkpt lat="38.898018" lon="111.839485">
        <ele>1446.9366</ele>
        <time>2014-08-03T10:17:22.678000Z</time>
      </trkpt>
      <trkpt lat="38.897945" lon="111.83936">
        <ele>1447.2864</ele>
        <time>2014-08-03T10:17:25.784000Z</time>
      </trkpt>
      <trkpt lat="38.897892" lon="111.83927">
        <ele>1447.8834</ele>
        <time>2014-08-03T10:17:28.890000Z</time>
      </trkpt>
      <trkpt lat="38.89784" lon="111.83917">
        <ele>1448.8391</ele>
        <time>2014-08-03T10:17:31.996000Z</time>
      </trkpt>
      <trkpt lat="38.89778" lon="111.839066">
        <ele>1450.1514</ele>
        <time>2014-08-03T10:17:35.102000Z</time>
      </trkpt>
      <trkpt lat="38.897724" lon="111.83896">
        <ele>1451.3704</ele>
        <time>2014-08-03T10:17:38.208000Z</time>
      </trkpt>
      <trkpt lat="38.89767" lon="111.83887">
        <ele>1452.1589</ele>
        <time>2014-08-03T10:17:41.314000Z</time>
      </trkpt>
      <trkpt lat="38.89761" lon="111.838745">
        <ele>1452.5884</ele>
        <time>2014-08-03T10:17:44.420000Z</time>
      </trkpt>
      <trkpt lat="38.89756" lon="111.83863">
        <ele>1452.962</ele>
        <time>2014-08-03T10:17:47.526000Z</time>
      </trkpt>
      <trkpt lat="38.897514" lon="111.83853">
        <ele>1453.5372</ele>
        <time>2014-08-03T10:17:50.632000Z</time>
      </trkpt>
      <trkpt lat="38.897476" lon="111.8384">
        <ele>1454.1124</ele>
        <time>2014-08-03T10:17:53.738000Z</time>
      </trkpt>
      <trkpt lat="38.89744" lon="111.83827">
        <ele>1454.4291</ele>
        <time>2014-08-03T10:17:56.844000Z</time>
      </trkpt>
      <trkpt lat="38.89742" lon="111.838165">
        <ele>1454.7805</ele>
        <time>2014-08-03T10:17:59.950000Z</time>
      </trkpt>
      <trkpt lat="38.8974" lon="111.83802">
        <ele>1455.619</ele>
        <time>2014-08-03T10:18:03.056000Z</time>
      </trkpt>
      <trkpt lat="38.89739" lon="111.83789">
        <ele>1456.7823</ele>
        <time>2014-08-03T10:18:06.162000Z</time>
      </trkpt>
      <trkpt lat="38.897377" lon="111.83772">
        <ele>1457.901</ele>
        <time>2014-08-03T10:18:09.268000Z</time>
      </trkpt>
      <trkpt lat="38.89738" lon="111.83761">
        <ele>1459.0133</ele>
        <time>2014-08-03T10:18:12.374000Z</time>
      </trkpt>
      <trkpt lat="38.897385" lon="111.83748">
        <ele>1460.0303</ele>
        <time>2014-08-03T10:18:15.480000Z</time>
      </trkpt>
      <trkpt lat="38.89739" lon="111.83732">
        <ele>1460.6764</ele>
        <time>2014-08-03T10:18:18.586000Z</time>
      </trkpt>
      <trkpt lat="38.897392" lon="111.83719">
        <ele>1460.8617</ele>
        <time>2014-08-03T10:18:21.692000Z</time>
      </trkpt>
      <trkpt lat="38.8974" lon="111.83705">
        <ele>1460.5973</ele>
        <time>2014-08-03T10:18:24.798000Z</time>
      </trkpt>
      <trkpt lat="38.897408" lon="111.83689">
        <ele>1460.0618</ele>
        <time>2014-08-03T10:18:27.904000Z</time>
      </trkpt>
      <trkpt lat="38.897415" lon="111.836754">
        <ele>1459.6095</ele>
        <time>2014-08-03T10:18:31.010000Z</time>
      </trkpt>
      <trkpt lat="38.897427" lon="111.83663">
        <ele>1459.3336</ele>
        <time>2014-08-03T10:18:34.116000Z</time>
      </trkpt>
      <trkpt lat="38.897438" lon="111.83652">
        <ele>1459.3502</ele>
        <time>2014-08-03T10:18:37.222000Z</time>
      </trkpt>
      <trkpt lat="38.897438" lon="111.83652">
        <ele>1459.5648</ele>
        <time>2014-08-03T10:18:40.328000Z</time>
      </trkpt>
      <trkpt lat="38.897446" lon="111.83639">
        <ele>1459.7555</ele>
        <time>2014-08-03T10:18:43.434000Z</time>
      </trkpt>
      <trkpt lat="38.897537" lon="111.83437">
        <ele>1461.4766</ele>
        <time>2014-08-03T10:18:46.540000Z</time>
      </trkpt>
      <trkpt lat="38.897537" lon="111.83436">
        <ele>1462.1228</ele>
        <time>2014-08-03T10:18:49.646000Z</time>
      </trkpt>
      <trkpt lat="38.897533" lon="111.83421">
        <ele>1463.2161</ele>
        <time>2014-08-03T10:18:52.752000Z</time>
      </trkpt>
      <trkpt lat="38.897533" lon="111.83405">
        <ele>1464.4276</ele>
        <time>2014-08-03T10:18:55.858000Z</time>
      </trkpt>
      <trkpt lat="38.89753" lon="111.83392">
        <ele>1463.5559</ele>
        <time>2014-08-03T10:18:58.964000Z</time>
      </trkpt>
      <trkpt lat="38.897526" lon="111.83377">
        <ele>1462.2946</ele>
        <time>2014-08-03T10:19:02.070000Z</time>
      </trkpt>
      <trkpt lat="38.897514" lon="111.833626">
        <ele>1461.308</ele>
        <time>2014-08-03T10:19:05.176000Z</time>
      </trkpt>
      <trkpt lat="38.897503" lon="111.83347">
        <ele>1460.67</ele>
        <time>2014-08-03T10:19:08.282000Z</time>
      </trkpt>
      <trkpt lat="38.8975" lon="111.83335">
        <ele>1460.2087</ele>
        <time>2014-08-03T10:19:11.388000Z</time>
      </trkpt>
      <trkpt lat="38.897495" lon="111.8332">
        <ele>1459.9222</ele>
        <time>2014-08-03T10:19:14.494000Z</time>
      </trkpt>
      <trkpt lat="38.897488" lon="111.833046">
        <ele>1459.8368</ele>
        <time>2014-08-03T10:19:17.600000Z</time>
      </trkpt>
      <trkpt lat="38.897472" lon="111.83289">
        <ele>1459.7327</ele>
        <time>2014-08-03T10:19:20.706000Z</time>
      </trkpt>
      <trkpt lat="38.89747" lon="111.832726">
        <ele>1459.459</ele>
        <time>2014-08-03T10:19:23.812000Z</time>
      </trkpt>
      <trkpt lat="38.89747" lon="111.832596">
        <ele>1459.269</ele>
        <time>2014-08-03T10:19:26.918000Z</time>
      </trkpt>
      <trkpt lat="38.897465" lon="111.832466">
        <ele>1459.3892</ele>
        <time>2014-08-03T10:19:30.024000Z</time>
      </trkpt>
      <trkpt lat="38.897457" lon="111.83234">
        <ele>1459.1212</ele>
        <time>2014-08-03T10:19:33.130000Z</time>
      </trkpt>
      <trkpt lat="38.89745" lon="111.83221">
        <ele>1457.8475</ele>
        <time>2014-08-03T10:19:36.236000Z</time>
      </trkpt>
      <trkpt lat="38.89744" lon="111.83206">
        <ele>1456.002</ele>
        <time>2014-08-03T10:19:39.342000Z</time>
      </trkpt>
      <trkpt lat="38.89743" lon="111.831924">
        <ele>1454.3278</ele>
        <time>2014-08-03T10:19:42.448000Z</time>
      </trkpt>
      <trkpt lat="38.897423" lon="111.831795">
        <ele>1453.2833</ele>
        <time>2014-08-03T10:19:45.554000Z</time>
      </trkpt>
      <trkpt lat="38.897404" lon="111.83167">
        <ele>1453.0967</ele>
        <time>2014-08-03T10:19:48.660000Z</time>
      </trkpt>
      <trkpt lat="38.897396" lon="111.831535">
        <ele>1453.4626</ele>
        <time>2014-08-03T10:19:51.766000Z</time>
      </trkpt>
      <trkpt lat="38.897392" lon="111.831406">
        <ele>1453.6874</ele>
        <time>2014-08-03T10:19:54.872000Z</time>
      </trkpt>
      <trkpt lat="38.89739" lon="111.83127">
        <ele>1453.3639</ele>
        <time>2014-08-03T10:19:57.978000Z</time>
      </trkpt>
      <trkpt lat="38.89738" lon="111.83115">
        <ele>1452.657</ele>
        <time>2014-08-03T10:20:01.084000Z</time>
      </trkpt>
      <trkpt lat="38.89737" lon="111.83101">
        <ele>1451.869</ele>
        <time>2014-08-03T10:20:04.190000Z</time>
      </trkpt>
      <trkpt lat="38.89737" lon="111.83088">
        <ele>1450.9884</ele>
        <time>2014-08-03T10:20:07.296000Z</time>
      </trkpt>
      <trkpt lat="38.897366" lon="111.83074">
        <ele>1450.0043</ele>
        <time>2014-08-03T10:20:10.402000Z</time>
      </trkpt>
      <trkpt lat="38.897358" lon="111.83059">
        <ele>1449.2305</ele>
        <time>2014-08-03T10:20:13.508000Z</time>
      </trkpt>
      <trkpt lat="38.897343" lon="111.83045">
        <ele>1448.6207</ele>
        <time>2014-08-03T10:20:16.614000Z</time>
      </trkpt>
      <trkpt lat="38.89733" lon="111.83031">
        <ele>1447.6708</ele>
        <time>2014-08-03T10:20:19.720000Z</time>
      </trkpt>
      <trkpt lat="38.897327" lon="111.83018">
        <ele>1446.5504</ele>
        <time>2014-08-03T10:20:22.826000Z</time>
      </trkpt>
      <trkpt lat="38.89732" lon="111.83002">
        <ele>1445.7948</ele>
        <time>2014-08-03T10:20:25.932000Z</time>
      </trkpt>
      <trkpt lat="38.897305" lon="111.82987">
        <ele>1445.4915</ele>
        <time>2014-08-03T10:20:29.038000Z</time>
      </trkpt>
      <trkpt lat="38.897293" lon="111.82972">
        <ele>1445.1737</ele>
        <time>2014-08-03T10:20:32.144000Z</time>
      </trkpt>
      <trkpt lat="38.897278" lon="111.8296">
        <ele>1444.3104</ele>
        <time>2014-08-03T10:20:35.250000Z</time>
      </trkpt>
      <trkpt lat="38.897274" lon="111.82946">
        <ele>1443.0914</ele>
        <time>2014-08-03T10:20:38.356000Z</time>
      </trkpt>
      <trkpt lat="38.897266" lon="111.82931">
        <ele>1442.0684</ele>
        <time>2014-08-03T10:20:41.462000Z</time>
      </trkpt>
      <trkpt lat="38.897255" lon="111.82915">
        <ele>1441.3427</ele>
        <time>2014-08-03T10:20:44.568000Z</time>
      </trkpt>
      <trkpt lat="38.89725" lon="111.82901">
        <ele>1440.8367</ele>
        <time>2014-08-03T10:20:47.674000Z</time>
      </trkpt>
      <trkpt lat="38.897247" lon="111.82887">
        <ele>1440.2139</ele>
        <time>2014-08-03T10:20:50.780000Z</time>
      </trkpt>
      <trkpt lat="38.89724" lon="111.82873">
        <ele>1439.2144</ele>
        <time>2014-08-03T10:20:53.886000Z</time>
      </trkpt>
      <trkpt lat="38.897236" lon="111.8286">
        <ele>1438.421</ele>
        <time>2014-08-03T10:20:56.992000Z</time>
      </trkpt>
      <trkpt lat="38.897213" lon="111.82846">
        <ele>1438.3658</ele>
        <time>2014-08-03T10:21:00.098000Z</time>
      </trkpt>
      <trkpt lat="38.897194" lon="111.82833">
        <ele>1438.6869</ele>
        <time>2014-08-03T10:21:03.204000Z</time>
      </trkpt>
      <trkpt lat="38.8972" lon="111.82819">
        <ele>1438.9369</ele>
        <time>2014-08-03T10:21:06.310000Z</time>
      </trkpt>
      <trkpt lat="38.897198" lon="111.82804">
        <ele>1438.8657</ele>
        <time>2014-08-03T10:21:09.416000Z</time>
      </trkpt>
      <trkpt lat="38.89719" lon="111.82789">
        <ele>1438.3347</ele>
        <time>2014-08-03T10:21:12.522000Z</time>
      </trkpt>
      <trkpt lat="38.897186" lon="111.82773">
        <ele>1437.5968</ele>
        <time>2014-08-03T10:21:15.628000Z</time>
      </trkpt>
      <trkpt lat="38.897175" lon="111.82759">
        <ele>1437.3375</ele>
        <time>2014-08-03T10:21:18.734000Z</time>
      </trkpt>
      <trkpt lat="38.897167" lon="111.827446">
        <ele>1437.8202</ele>
        <time>2014-08-03T10:21:21.840000Z</time>
      </trkpt>
      <trkpt lat="38.897167" lon="111.827324">
        <ele>1438.437</ele>
        <time>2014-08-03T10:21:24.946000Z</time>
      </trkpt>
      <trkpt lat="38.897163" lon="111.82719">
        <ele>1438.3513</ele>
        <time>2014-08-03T10:21:28.052000Z</time>
      </trkpt>
      <trkpt lat="38.897152" lon="111.82705">
        <ele>1437.502</ele>
        <time>2014-08-03T10:21:31.158000Z</time>
      </trkpt>
      <trkpt lat="38.89714" lon="111.826935">
        <ele>1436.5697</ele>
        <time>2014-08-03T10:21:34.264000Z</time>
      </trkpt>
      <trkpt lat="38.897133" lon="111.82679">
        <ele>1436.2014</ele>
        <time>2014-08-03T10:21:37.370000Z</time>
      </trkpt>
      <trkpt lat="38.89713" lon="111.82667">
        <ele>1436.3978</ele>
        <time>2014-08-03T10:21:40.476000Z</time>
      </trkpt>
      <trkpt lat="38.897118" lon="111.82653">
        <ele>1436.9005</ele>
        <time>2014-08-03T10:21:43.582000Z</time>
      </trkpt>
      <trkpt lat="38.89711" lon="111.82639">
        <ele>1437.4777</ele>
        <time>2014-08-03T10:21:46.688000Z</time>
      </trkpt>
      <trkpt lat="38.897106" lon="111.82626">
        <ele>1437.9966</ele>
        <time>2014-08-03T10:21:49.794000Z</time>
      </trkpt>
      <trkpt lat="38.897095" lon="111.82614">
        <ele>1438.3895</ele>
        <time>2014-08-03T10:21:52.900000Z</time>
      </trkpt>
      <trkpt lat="38.897087" lon="111.82599">
        <ele>1438.6093</ele>
        <time>2014-08-03T10:21:56.006000Z</time>
      </trkpt>
      <trkpt lat="38.89708" lon="111.82586">
        <ele>1438.6293</ele>
        <time>2014-08-03T10:21:59.112000Z</time>
      </trkpt>
      <trkpt lat="38.897068" lon="111.825714">
        <ele>1438.5919</ele>
        <time>2014-08-03T10:22:02.218000Z</time>
      </trkpt>
      <trkpt lat="38.897064" lon="111.82558">
        <ele>1438.6105</ele>
        <time>2014-08-03T10:22:05.324000Z</time>
      </trkpt>
      <trkpt lat="38.897057" lon="111.82545">
        <ele>1438.6362</ele>
        <time>2014-08-03T10:22:08.430000Z</time>
      </trkpt>
      <trkpt lat="38.897053" lon="111.82532">
        <ele>1438.4917</ele>
        <time>2014-08-03T10:22:11.536000Z</time>
      </trkpt>
      <trkpt lat="38.897045" lon="111.8252">
        <ele>1437.9729</ele>
        <time>2014-08-03T10:22:14.642000Z</time>
      </trkpt>
      <trkpt lat="38.897038" lon="111.82507">
        <ele>1437.0616</ele>
        <time>2014-08-03T10:22:17.748000Z</time>
      </trkpt>
      <trkpt lat="38.897034" lon="111.824936">
        <ele>1436.1077</ele>
        <time>2014-08-03T10:22:20.854000Z</time>
      </trkpt>
      <trkpt lat="38.89702" lon="111.8248">
        <ele>1435.356</ele>
        <time>2014-08-03T10:22:23.960000Z</time>
      </trkpt>
      <trkpt lat="38.897007" lon="111.824646">
        <ele>1434.8783</ele>
        <time>2014-08-03T10:22:27.066000Z</time>
      </trkpt>
      <trkpt lat="38.897003" lon="111.82453">
        <ele>1434.7891</ele>
        <time>2014-08-03T10:22:30.172000Z</time>
      </trkpt>
      <trkpt lat="38.89699" lon="111.82439">
        <ele>1435.279</ele>
        <time>2014-08-03T10:22:33.278000Z</time>
      </trkpt>
      <trkpt lat="38.896984" lon="111.824234">
        <ele>1436.2339</ele>
        <time>2014-08-03T10:22:36.384000Z</time>
      </trkpt>
      <trkpt lat="38.89698" lon="111.82409">
        <ele>1437.059</ele>
        <time>2014-08-03T10:22:39.490000Z</time>
      </trkpt>
      <trkpt lat="38.896973" lon="111.82396">
        <ele>1437.3029</ele>
        <time>2014-08-03T10:22:42.596000Z</time>
      </trkpt>
      <trkpt lat="38.89696" lon="111.82381">
        <ele>1437.195</ele>
        <time>2014-08-03T10:22:45.702000Z</time>
      </trkpt>
      <trkpt lat="38.89695" lon="111.82365">
        <ele>1436.834</ele>
        <time>2014-08-03T10:22:48.808000Z</time>
      </trkpt>
      <trkpt lat="38.896946" lon="111.82352">
        <ele>1436.2037</ele>
        <time>2014-08-03T10:22:51.914000Z</time>
      </trkpt>
      <trkpt lat="38.896942" lon="111.82339">
        <ele>1435.6223</ele>
        <time>2014-08-03T10:22:55.020000Z</time>
      </trkpt>
      <trkpt lat="38.89693" lon="111.82324">
        <ele>1435.4331</ele>
        <time>2014-08-03T10:22:58.126000Z</time>
      </trkpt>
      <trkpt lat="38.896908" lon="111.8231">
        <ele>1435.6685</ele>
        <time>2014-08-03T10:23:01.232000Z</time>
      </trkpt>
      <trkpt lat="38.8969" lon="111.82293">
        <ele>1436.1256</ele>
        <time>2014-08-03T10:23:04.338000Z</time>
      </trkpt>
      <trkpt lat="38.896896" lon="111.82279">
        <ele>1436.4801</ele>
        <time>2014-08-03T10:23:07.444000Z</time>
      </trkpt>
      <trkpt lat="38.89689" lon="111.82266">
        <ele>1436.4523</ele>
        <time>2014-08-03T10:23:10.550000Z</time>
      </trkpt>
      <trkpt lat="38.896877" lon="111.82254">
        <ele>1436.0771</ele>
        <time>2014-08-03T10:23:13.656000Z</time>
      </trkpt>
      <trkpt lat="38.89687" lon="111.8224">
        <ele>1435.7024</ele>
        <time>2014-08-03T10:23:16.762000Z</time>
      </trkpt>
      <trkpt lat="38.89687" lon="111.82226">
        <ele>1435.5411</ele>
        <time>2014-08-03T10:23:19.868000Z</time>
      </trkpt>
      <trkpt lat="38.896862" lon="111.82213">
        <ele>1435.2732</ele>
        <time>2014-08-03T10:23:22.974000Z</time>
      </trkpt>
      <trkpt lat="38.896854" lon="111.822">
        <ele>1434.667</ele>
        <time>2014-08-03T10:23:26.080000Z</time>
      </trkpt>
      <trkpt lat="38.89683" lon="111.82185">
        <ele>1434.2646</ele>
        <time>2014-08-03T10:23:29.186000Z</time>
      </trkpt>
      <trkpt lat="38.89683" lon="111.82173">
        <ele>1434.5435</ele>
        <time>2014-08-03T10:23:32.292000Z</time>
      </trkpt>
      <trkpt lat="38.896828" lon="111.821594">
        <ele>1434.7351</ele>
        <time>2014-08-03T10:23:35.398000Z</time>
      </trkpt>
      <trkpt lat="38.89683" lon="111.82146">
        <ele>1434.1455</ele>
        <time>2014-08-03T10:23:38.504000Z</time>
      </trkpt>
      <trkpt lat="38.89682" lon="111.82133">
        <ele>1433.2944</ele>
        <time>2014-08-03T10:23:41.610000Z</time>
      </trkpt>
      <trkpt lat="38.89682" lon="111.82116">
        <ele>1432.4557</ele>
        <time>2014-08-03T10:23:44.716000Z</time>
      </trkpt>
      <trkpt lat="38.896812" lon="111.82102">
        <ele>1431.3301</ele>
        <time>2014-08-03T10:23:47.822000Z</time>
      </trkpt>
      <trkpt lat="38.8968" lon="111.82091">
        <ele>1430.3066</ele>
        <time>2014-08-03T10:23:50.928000Z</time>
      </trkpt>
      <trkpt lat="38.896786" lon="111.82078">
        <ele>1429.9376</ele>
        <time>2014-08-03T10:23:54.034000Z</time>
      </trkpt>
      <trkpt lat="38.896782" lon="111.82063">
        <ele>1430.0663</ele>
        <time>2014-08-03T10:23:57.140000Z</time>
      </trkpt>
      <trkpt lat="38.89677" lon="111.820496">
        <ele>1430.2728</ele>
        <time>2014-08-03T10:24:00.246000Z</time>
      </trkpt>
      <trkpt lat="38.89677" lon="111.82035">
        <ele>1430.007</ele>
        <time>2014-08-03T10:24:03.352000Z</time>
      </trkpt>
      <trkpt lat="38.89676" lon="111.820206">
        <ele>1429.0988</ele>
        <time>2014-08-03T10:24:06.458000Z</time>
      </trkpt>
      <trkpt lat="38.89675" lon="111.820076">
        <ele>1428.155</ele>
        <time>2014-08-03T10:24:09.564000Z</time>
      </trkpt>
      <trkpt lat="38.896748" lon="111.81995">
        <ele>1427.6981</ele>
        <time>2014-08-03T10:24:12.670000Z</time>
      </trkpt>
      <trkpt lat="38.896744" lon="111.819824">
        <ele>1427.6123</ele>
        <time>2014-08-03T10:24:15.776000Z</time>
      </trkpt>
      <trkpt lat="38.896736" lon="111.819695">
        <ele>1428.0884</ele>
        <time>2014-08-03T10:24:18.882000Z</time>
      </trkpt>
      <trkpt lat="38.896725" lon="111.81957">
        <ele>1429.388</ele>
        <time>2014-08-03T10:24:21.988000Z</time>
      </trkpt>
      <trkpt lat="38.896717" lon="111.81943">
        <ele>1430.8661</ele>
        <time>2014-08-03T10:24:25.094000Z</time>
      </trkpt>
      <trkpt lat="38.89671" lon="111.8193">
        <ele>1431.6603</ele>
        <time>2014-08-03T10:24:28.200000Z</time>
      </trkpt>
      <trkpt lat="38.896706" lon="111.81917">
        <ele>1431.7651</ele>
        <time>2014-08-03T10:24:31.306000Z</time>
      </trkpt>
      <trkpt lat="38.896698" lon="111.819046">
        <ele>1431.443</ele>
        <time>2014-08-03T10:24:34.412000Z</time>
      </trkpt>
      <trkpt lat="38.896683" lon="111.818924">
        <ele>1430.8984</ele>
        <time>2014-08-03T10:24:37.518000Z</time>
      </trkpt>
      <trkpt lat="38.89668" lon="111.818794">
        <ele>1430.7877</ele>
        <time>2014-08-03T10:24:40.624000Z</time>
      </trkpt>
      <trkpt lat="38.896664" lon="111.81862">
        <ele>1431.4948</ele>
        <time>2014-08-03T10:24:43.730000Z</time>
      </trkpt>
      <trkpt lat="38.896664" lon="111.81848">
        <ele>1432.4008</ele>
        <time>2014-08-03T10:24:46.836000Z</time>
      </trkpt>
      <trkpt lat="38.896656" lon="111.81836">
        <ele>1432.7291</ele>
        <time>2014-08-03T10:24:49.942000Z</time>
      </trkpt>
      <trkpt lat="38.89665" lon="111.81823">
        <ele>1432.4382</ele>
        <time>2014-08-03T10:24:53.048000Z</time>
      </trkpt>
      <trkpt lat="38.89664" lon="111.8181">
        <ele>1431.9751</ele>
        <time>2014-08-03T10:24:56.154000Z</time>
      </trkpt>
      <trkpt lat="38.89663" lon="111.81794">
        <ele>1431.5731</ele>
        <time>2014-08-03T10:24:59.260000Z</time>
      </trkpt>
      <trkpt lat="38.896614" lon="111.81781">
        <ele>1431.1501</ele>
        <time>2014-08-03T10:25:02.366000Z</time>
      </trkpt>
      <trkpt lat="38.89661" lon="111.81769">
        <ele>1430.8105</ele>
        <time>2014-08-03T10:25:05.472000Z</time>
      </trkpt>
      <trkpt lat="38.896595" lon="111.81754">
        <ele>1430.6735</ele>
        <time>2014-08-03T10:25:08.578000Z</time>
      </trkpt>
      <trkpt lat="38.896595" lon="111.81739">
        <ele>1430.6562</ele>
        <time>2014-08-03T10:25:11.684000Z</time>
      </trkpt>
      <trkpt lat="38.896587" lon="111.81727">
        <ele>1430.5024</ele>
        <time>2014-08-03T10:25:14.790000Z</time>
      </trkpt>
      <trkpt lat="38.89658" lon="111.81715">
        <ele>1430.0457</ele>
        <time>2014-08-03T10:25:17.896000Z</time>
      </trkpt>
      <trkpt lat="38.896576" lon="111.81699">
        <ele>1429.531</ele>
        <time>2014-08-03T10:25:21.002000Z</time>
      </trkpt>
      <trkpt lat="38.896564" lon="111.81684">
        <ele>1429.2621</ele>
        <time>2014-08-03T10:25:24.108000Z</time>
      </trkpt>
      <trkpt lat="38.896564" lon="111.81671">
        <ele>1429.239</ele>
        <time>2014-08-03T10:25:27.214000Z</time>
      </trkpt>
      <trkpt lat="38.896557" lon="111.81659">
        <ele>1429.3663</ele>
        <time>2014-08-03T10:25:30.320000Z</time>
      </trkpt>
      <trkpt lat="38.896545" lon="111.816444">
        <ele>1429.5421</ele>
        <time>2014-08-03T10:25:33.426000Z</time>
      </trkpt>
      <trkpt lat="38.896534" lon="111.81629">
        <ele>1430.2214</ele>
        <time>2014-08-03T10:25:36.532000Z</time>
      </trkpt>
      <trkpt lat="38.896515" lon="111.81617">
        <ele>1431.8262</ele>
        <time>2014-08-03T10:25:39.638000Z</time>
      </trkpt>
      <trkpt lat="38.896507" lon="111.81604">
        <ele>1433.6798</ele>
        <time>2014-08-03T10:25:42.744000Z</time>
      </trkpt>
      <trkpt lat="38.896492" lon="111.8159">
        <ele>1435.0305</ele>
        <time>2014-08-03T10:25:45.850000Z</time>
      </trkpt>
      <trkpt lat="38.896492" lon="111.81578">
        <ele>1435.8975</ele>
        <time>2014-08-03T10:25:48.956000Z</time>
      </trkpt>
      <trkpt lat="38.89648" lon="111.81567">
        <ele>1436.1145</ele>
        <time>2014-08-03T10:25:52.062000Z</time>
      </trkpt>
      <trkpt lat="38.89647" lon="111.815544">
        <ele>1435.538</ele>
        <time>2014-08-03T10:25:55.168000Z</time>
      </trkpt>
      <trkpt lat="38.89646" lon="111.8154">
        <ele>1434.7477</ele>
        <time>2014-08-03T10:25:58.274000Z</time>
      </trkpt>
      <trkpt lat="38.896458" lon="111.815254">
        <ele>1434.3041</ele>
        <time>2014-08-03T10:26:01.380000Z</time>
      </trkpt>
      <trkpt lat="38.89645" lon="111.815125">
        <ele>1434.3022</ele>
        <time>2014-08-03T10:26:04.486000Z</time>
      </trkpt>
      <trkpt lat="38.89645" lon="111.815">
        <ele>1434.4626</ele>
        <time>2014-08-03T10:26:07.592000Z</time>
      </trkpt>
      <trkpt lat="38.896442" lon="111.81488">
        <ele>1434.3696</ele>
        <time>2014-08-03T10:26:10.698000Z</time>
      </trkpt>
      <trkpt lat="38.896435" lon="111.81475">
        <ele>1434.0385</ele>
        <time>2014-08-03T10:26:13.804000Z</time>
      </trkpt>
      <trkpt lat="38.89642" lon="111.81463">
        <ele>1434.0806</ele>
        <time>2014-08-03T10:26:16.910000Z</time>
      </trkpt>
      <trkpt lat="38.896408" lon="111.8145">
        <ele>1434.7274</ele>
        <time>2014-08-03T10:26:20.016000Z</time>
      </trkpt>
      <trkpt lat="38.896404" lon="111.81438">
        <ele>1435.5238</ele>
        <time>2014-08-03T10:26:23.122000Z</time>
      </trkpt>
      <trkpt lat="38.896404" lon="111.81425">
        <ele>1435.9924</ele>
        <time>2014-08-03T10:26:26.228000Z</time>
      </trkpt>
      <trkpt lat="38.8964" lon="111.814125">
        <ele>1436.1921</ele>
        <time>2014-08-03T10:26:29.334000Z</time>
      </trkpt>
      <trkpt lat="38.896393" lon="111.81399">
        <ele>1436.2898</ele>
        <time>2014-08-03T10:26:32.440000Z</time>
      </trkpt>
      <trkpt lat="38.896385" lon="111.81386">
        <ele>1436.2351</ele>
        <time>2014-08-03T10:26:35.546000Z</time>
      </trkpt>
      <trkpt lat="38.896374" lon="111.81372">
        <ele>1435.9763</ele>
        <time>2014-08-03T10:26:38.652000Z</time>
      </trkpt>
      <trkpt lat="38.896366" lon="111.8136">
        <ele>1435.6794</ele>
        <time>2014-08-03T10:26:41.758000Z</time>
      </trkpt>
      <trkpt lat="38.896362" lon="111.81348">
        <ele>1435.5498</ele>
        <time>2014-08-03T10:26:44.864000Z</time>
      </trkpt>
      <trkpt lat="38.89635" lon="111.81334">
        <ele>1435.8191</ele>
        <time>2014-08-03T10:26:47.970000Z</time>
      </trkpt>
      <trkpt lat="38.896336" lon="111.81321">
        <ele>1436.7358</ele>
        <time>2014-08-03T10:26:51.076000Z</time>
      </trkpt>
      <trkpt lat="38.896336" lon="111.81309">
        <ele>1438.008</ele>
        <time>2014-08-03T10:26:54.182000Z</time>
      </trkpt>
      <trkpt lat="38.89633" lon="111.81297">
        <ele>1438.8495</ele>
        <time>2014-08-03T10:26:57.288000Z</time>
      </trkpt>
      <trkpt lat="38.896317" lon="111.81284">
        <ele>1438.9166</ele>
        <time>2014-08-03T10:27:00.394000Z</time>
      </trkpt>
      <trkpt lat="38.8963" lon="111.812706">
        <ele>1438.5892</ele>
        <time>2014-08-03T10:27:03.500000Z</time>
      </trkpt>
      <trkpt lat="38.896294" lon="111.81258">
        <ele>1438.324</ele>
        <time>2014-08-03T10:27:06.606000Z</time>
      </trkpt>
      <trkpt lat="38.89629" lon="111.81245">
        <ele>1438.4048</ele>
        <time>2014-08-03T10:27:09.712000Z</time>
      </trkpt>
      <trkpt lat="38.896294" lon="111.812325">
        <ele>1438.8633</ele>
        <time>2014-08-03T10:27:12.818000Z</time>
      </trkpt>
      <trkpt lat="38.89628" lon="111.81218">
        <ele>1439.58</ele>
        <time>2014-08-03T10:27:15.924000Z</time>
      </trkpt>
      <trkpt lat="38.89627" lon="111.81206">
        <ele>1440.4363</ele>
        <time>2014-08-03T10:27:19.030000Z</time>
      </trkpt>
      <trkpt lat="38.89626" lon="111.81191">
        <ele>1441.3193</ele>
        <time>2014-08-03T10:27:22.136000Z</time>
      </trkpt>
      <trkpt lat="38.896255" lon="111.81176">
        <ele>1442.0593</ele>
        <time>2014-08-03T10:27:25.242000Z</time>
      </trkpt>
      <trkpt lat="38.896248" lon="111.81164">
        <ele>1442.3905</ele>
        <time>2014-08-03T10:27:28.348000Z</time>
      </trkpt>
      <trkpt lat="38.896248" lon="111.81149">
        <ele>1442.2141</ele>
        <time>2014-08-03T10:27:31.454000Z</time>
      </trkpt>
      <trkpt lat="38.896244" lon="111.811356">
        <ele>1441.6145</ele>
        <time>2014-08-03T10:27:34.560000Z</time>
      </trkpt>
      <trkpt lat="38.89624" lon="111.81123">
        <ele>1440.786</ele>
        <time>2014-08-03T10:27:37.666000Z</time>
      </trkpt>
      <trkpt lat="38.89622" lon="111.81108">
        <ele>1440.166</ele>
        <time>2014-08-03T10:27:40.772000Z</time>
      </trkpt>
      <trkpt lat="38.896206" lon="111.81092">
        <ele>1440.0803</ele>
        <time>2014-08-03T10:27:43.878000Z</time>
      </trkpt>
      <trkpt lat="38.8962" lon="111.8108">
        <ele>1440.3711</ele>
        <time>2014-08-03T10:27:46.984000Z</time>
      </trkpt>
      <trkpt lat="38.896202" lon="111.81064">
        <ele>1440.5084</ele>
        <time>2014-08-03T10:27:50.090000Z</time>
      </trkpt>
      <trkpt lat="38.896194" lon="111.81052">
        <ele>1440.1547</ele>
        <time>2014-08-03T10:27:53.196000Z</time>
      </trkpt>
      <trkpt lat="38.896183" lon="111.81037">
        <ele>1439.9833</ele>
        <time>2014-08-03T10:27:56.302000Z</time>
      </trkpt>
      <trkpt lat="38.89617" lon="111.81025">
        <ele>1440.9176</ele>
        <time>2014-08-03T10:27:59.408000Z</time>
      </trkpt>
      <trkpt lat="38.896168" lon="111.81012">
        <ele>1442.7222</ele>
        <time>2014-08-03T10:28:02.514000Z</time>
      </trkpt>
      <trkpt lat="38.896164" lon="111.80999">
        <ele>1444.3142</ele>
        <time>2014-08-03T10:28:05.620000Z</time>
      </trkpt>
      <trkpt lat="38.89616" lon="111.80985">
        <ele>1444.9623</ele>
        <time>2014-08-03T10:28:08.726000Z</time>
      </trkpt>
      <trkpt lat="38.896156" lon="111.809715">
        <ele>1444.6437</ele>
        <time>2014-08-03T10:28:11.832000Z</time>
      </trkpt>
      <trkpt lat="38.896156" lon="111.80958">
        <ele>1443.8616</ele>
        <time>2014-08-03T10:28:14.938000Z</time>
      </trkpt>
      <trkpt lat="38.89615" lon="111.80945">
        <ele>1443.2365</ele>
        <time>2014-08-03T10:28:18.044000Z</time>
      </trkpt>
      <trkpt lat="38.89614" lon="111.809326">
        <ele>1442.989</ele>
        <time>2014-08-03T10:28:21.150000Z</time>
      </trkpt>
      <trkpt lat="38.896133" lon="111.80917">
        <ele>1442.9265</ele>
        <time>2014-08-03T10:28:24.256000Z</time>
      </trkpt>
      <trkpt lat="38.896122" lon="111.80905">
        <ele>1442.8488</ele>
        <time>2014-08-03T10:28:27.362000Z</time>
      </trkpt>
      <trkpt lat="38.896114" lon="111.80892">
        <ele>1442.7245</ele>
        <time>2014-08-03T10:28:30.468000Z</time>
      </trkpt>
      <trkpt lat="38.8961" lon="111.808784">
        <ele>1442.7595</ele>
        <time>2014-08-03T10:28:33.574000Z</time>
      </trkpt>
      <trkpt lat="38.896088" lon="111.80867">
        <ele>1443.0889</ele>
        <time>2014-08-03T10:28:36.680000Z</time>
      </trkpt>
      <trkpt lat="38.89608" lon="111.80854">
        <ele>1443.4868</ele>
        <time>2014-08-03T10:28:39.786000Z</time>
      </trkpt>
      <trkpt lat="38.89608" lon="111.80841">
        <ele>1443.2578</ele>
        <time>2014-08-03T10:28:42.892000Z</time>
      </trkpt>
      <trkpt lat="38.896076" lon="111.80828">
        <ele>1441.8898</ele>
        <time>2014-08-03T10:28:45.998000Z</time>
      </trkpt>
      <trkpt lat="38.89606" lon="111.80813">
        <ele>1439.9777</ele>
        <time>2014-08-03T10:28:49.104000Z</time>
      </trkpt>
      <trkpt lat="38.896057" lon="111.80799">
        <ele>1438.3401</ele>
        <time>2014-08-03T10:28:52.210000Z</time>
      </trkpt>
      <trkpt lat="38.89605" lon="111.807846">
        <ele>1437.4177</ele>
        <time>2014-08-03T10:28:55.316000Z</time>
      </trkpt>
      <trkpt lat="38.896038" lon="111.8077">
        <ele>1437.2125</ele>
        <time>2014-08-03T10:28:58.422000Z</time>
      </trkpt>
      <trkpt lat="38.89603" lon="111.807556">
        <ele>1437.5259</ele>
        <time>2014-08-03T10:29:01.528000Z</time>
      </trkpt>
      <trkpt lat="38.896027" lon="111.80743">
        <ele>1437.9961</ele>
        <time>2014-08-03T10:29:04.634000Z</time>
      </trkpt>
      <trkpt lat="38.89602" lon="111.8073">
        <ele>1438.2252</ele>
        <time>2014-08-03T10:29:07.740000Z</time>
      </trkpt>
      <trkpt lat="38.896015" lon="111.80714">
        <ele>1438.1504</ele>
        <time>2014-08-03T10:29:10.846000Z</time>
      </trkpt>
      <trkpt lat="38.89601" lon="111.80702">
        <ele>1438.1294</ele>
        <time>2014-08-03T10:29:13.952000Z</time>
      </trkpt>
      <trkpt lat="38.896008" lon="111.80689">
        <ele>1438.255</ele>
        <time>2014-08-03T10:29:17.058000Z</time>
      </trkpt>
      <trkpt lat="38.895996" lon="111.80676">
        <ele>1438.452</ele>
        <time>2014-08-03T10:29:20.164000Z</time>
      </trkpt>
      <trkpt lat="38.895992" lon="111.80662">
        <ele>1438.4225</ele>
        <time>2014-08-03T10:29:23.270000Z</time>
      </trkpt>
      <trkpt lat="38.895985" lon="111.806496">
        <ele>1438.1119</ele>
        <time>2014-08-03T10:29:26.376000Z</time>
      </trkpt>
      <trkpt lat="38.895977" lon="111.80635">
        <ele>1437.7498</ele>
        <time>2014-08-03T10:29:29.482000Z</time>
      </trkpt>
      <trkpt lat="38.89597" lon="111.8062">
        <ele>1437.4946</ele>
        <time>2014-08-03T10:29:32.588000Z</time>
      </trkpt>
      <trkpt lat="38.89596" lon="111.80605">
        <ele>1437.1859</ele>
        <time>2014-08-03T10:29:35.694000Z</time>
      </trkpt>
      <trkpt lat="38.895954" lon="111.80594">
        <ele>1436.6095</ele>
        <time>2014-08-03T10:29:38.800000Z</time>
      </trkpt>
      <trkpt lat="38.895943" lon="111.8058">
        <ele>1436.0303</ele>
        <time>2014-08-03T10:29:41.906000Z</time>
      </trkpt>
      <trkpt lat="38.89594" lon="111.80568">
        <ele>1436.7064</ele>
        <time>2014-08-03T10:29:45.012000Z</time>
      </trkpt>
      <trkpt lat="38.89594" lon="111.805534">
        <ele>1439.119</ele>
        <time>2014-08-03T10:29:48.118000Z</time>
      </trkpt>
      <trkpt lat="38.895927" lon="111.80541">
        <ele>1441.0703</ele>
        <time>2014-08-03T10:29:51.224000Z</time>
      </trkpt>
      <trkpt lat="38.895912" lon="111.80527">
        <ele>1440.749</ele>
        <time>2014-08-03T10:29:54.330000Z</time>
      </trkpt>
      <trkpt lat="38.8959" lon="111.805115">
        <ele>1439.6075</ele>
        <time>2014-08-03T10:29:57.436000Z</time>
      </trkpt>
      <trkpt lat="38.895893" lon="111.80499">
        <ele>1439.3046</ele>
        <time>2014-08-03T10:30:00.542000Z</time>
      </trkpt>
      <trkpt lat="38.89588" lon="111.80485">
        <ele>1439.6522</ele>
        <time>2014-08-03T10:30:03.648000Z</time>
      </trkpt>
      <trkpt lat="38.895878" lon="111.80471">
        <ele>1440.0756</ele>
        <time>2014-08-03T10:30:06.754000Z</time>
      </trkpt>
      <trkpt lat="38.895866" lon="111.80457">
        <ele>1440.7646</ele>
        <time>2014-08-03T10:30:09.860000Z</time>
      </trkpt>
      <trkpt lat="38.89586" lon="111.80443">
        <ele>1441.9283</ele>
        <time>2014-08-03T10:30:12.966000Z</time>
      </trkpt>
      <trkpt lat="38.895836" lon="111.80427">
        <ele>1443.1251</ele>
        <time>2014-08-03T10:30:16.072000Z</time>
      </trkpt>
      <trkpt lat="38.895824" lon="111.80414">
        <ele>1444.1808</ele>
        <time>2014-08-03T10:30:19.178000Z</time>
      </trkpt>
      <trkpt lat="38.895824" lon="111.80402">
        <ele>1445.2954</ele>
        <time>2014-08-03T10:30:22.284000Z</time>
      </trkpt>
      <trkpt lat="38.89582" lon="111.803894">
        <ele>1446.4586</ele>
        <time>2014-08-03T10:30:25.390000Z</time>
      </trkpt>
      <trkpt lat="38.89581" lon="111.80377">
        <ele>1447.6382</ele>
        <time>2014-08-03T10:30:28.496000Z</time>
      </trkpt>
      <trkpt lat="38.8958" lon="111.803635">
        <ele>1448.6488</ele>
        <time>2014-08-03T10:30:31.602000Z</time>
      </trkpt>
      <trkpt lat="38.895798" lon="111.80351">
        <ele>1449.1665</ele>
        <time>2014-08-03T10:30:34.708000Z</time>
      </trkpt>
      <trkpt lat="38.89579" lon="111.803375">
        <ele>1449.2476</ele>
        <time>2014-08-03T10:30:37.814000Z</time>
      </trkpt>
      <trkpt lat="38.89578" lon="111.803246">
        <ele>1449.0619</ele>
        <time>2014-08-03T10:30:40.920000Z</time>
      </trkpt>
      <trkpt lat="38.895767" lon="111.80308">
        <ele>1448.7648</ele>
        <time>2014-08-03T10:30:44.026000Z</time>
      </trkpt>
      <trkpt lat="38.89576" lon="111.80295">
        <ele>1448.7998</ele>
        <time>2014-08-03T10:30:47.132000Z</time>
      </trkpt>
      <trkpt lat="38.89575" lon="111.802795">
        <ele>1449.4337</ele>
        <time>2014-08-03T10:30:50.238000Z</time>
      </trkpt>
      <trkpt lat="38.895733" lon="111.80267">
        <ele>1450.6078</ele>
        <time>2014-08-03T10:30:53.344000Z</time>
      </trkpt>
      <trkpt lat="38.89573" lon="111.80254">
        <ele>1452.4987</ele>
        <time>2014-08-03T10:30:56.450000Z</time>
      </trkpt>
      <trkpt lat="38.895718" lon="111.80243">
        <ele>1454.7905</ele>
        <time>2014-08-03T10:30:59.556000Z</time>
      </trkpt>
      <trkpt lat="38.895714" lon="111.80231">
        <ele>1456.2708</ele>
        <time>2014-08-03T10:31:02.662000Z</time>
      </trkpt>
      <trkpt lat="38.895702" lon="111.802155">
        <ele>1456.3835</ele>
        <time>2014-08-03T10:31:05.768000Z</time>
      </trkpt>
      <trkpt lat="38.8957" lon="111.802">
        <ele>1455.7556</ele>
        <time>2014-08-03T10:31:08.874000Z</time>
      </trkpt>
      <trkpt lat="38.895695" lon="111.80186">
        <ele>1455.1956</ele>
        <time>2014-08-03T10:31:11.980000Z</time>
      </trkpt>
      <trkpt lat="38.895687" lon="111.801735">
        <ele>1454.9961</ele>
        <time>2014-08-03T10:31:15.086000Z</time>
      </trkpt>
      <trkpt lat="38.89568" lon="111.80161">
        <ele>1455.2267</ele>
        <time>2014-08-03T10:31:18.192000Z</time>
      </trkpt>
      <trkpt lat="38.895676" lon="111.801476">
        <ele>1455.8857</ele>
        <time>2014-08-03T10:31:21.298000Z</time>
      </trkpt>
      <trkpt lat="38.89567" lon="111.80132">
        <ele>1456.6287</ele>
        <time>2014-08-03T10:31:24.404000Z</time>
      </trkpt>
      <trkpt lat="38.895657" lon="111.801186">
        <ele>1457.0276</ele>
        <time>2014-08-03T10:31:27.510000Z</time>
      </trkpt>
      <trkpt lat="38.895653" lon="111.80104">
        <ele>1457.0094</ele>
        <time>2014-08-03T10:31:30.616000Z</time>
      </trkpt>
      <trkpt lat="38.89564" lon="111.80089">
        <ele>1456.8109</ele>
        <time>2014-08-03T10:31:33.722000Z</time>
      </trkpt>
      <trkpt lat="38.89563" lon="111.80074">
        <ele>1456.9852</ele>
        <time>2014-08-03T10:31:36.828000Z</time>
      </trkpt>
      <trkpt lat="38.89563" lon="111.800606">
        <ele>1457.7375</ele>
        <time>2014-08-03T10:31:39.934000Z</time>
      </trkpt>
      <trkpt lat="38.89562" lon="111.80045">
        <ele>1459.0293</ele>
        <time>2014-08-03T10:31:43.040000Z</time>
      </trkpt>
      <trkpt lat="38.89561" lon="111.800316">
        <ele>1460.4764</ele>
        <time>2014-08-03T10:31:46.146000Z</time>
      </trkpt>
      <trkpt lat="38.895603" lon="111.80016">
        <ele>1461.4484</ele>
        <time>2014-08-03T10:31:49.252000Z</time>
      </trkpt>
      <trkpt lat="38.895603" lon="111.80003">
        <ele>1461.8374</ele>
        <time>2014-08-03T10:31:52.358000Z</time>
      </trkpt>
      <trkpt lat="38.895576" lon="111.79988">
        <ele>1461.9985</ele>
        <time>2014-08-03T10:31:55.464000Z</time>
      </trkpt>
      <trkpt lat="38.89557" lon="111.79975">
        <ele>1461.9999</ele>
        <time>2014-08-03T10:31:58.570000Z</time>
      </trkpt>
      <trkpt lat="38.895565" lon="111.79962">
        <ele>1461.7743</ele>
        <time>2014-08-03T10:32:01.676000Z</time>
      </trkpt>
      <trkpt lat="38.89556" lon="111.79951">
        <ele>1461.2833</ele>
        <time>2014-08-03T10:32:04.782000Z</time>
      </trkpt>
      <trkpt lat="38.895664" lon="111.79852">
        <ele>1461.9689</ele>
        <time>2014-08-03T10:32:07.888000Z</time>
      </trkpt>
      <trkpt lat="38.895664" lon="111.79852">
        <ele>1462.1466</ele>
        <time>2014-08-03T10:32:10.994000Z</time>
      </trkpt>
      <trkpt lat="38.89553" lon="111.798355">
        <ele>1462.0112</ele>
        <time>2014-08-03T10:32:14.100000Z</time>
      </trkpt>
      <trkpt lat="38.895508" lon="111.798325">
        <ele>1462.208</ele>
        <time>2014-08-03T10:32:17.206000Z</time>
      </trkpt>
      <trkpt lat="38.89544" lon="111.79823">
        <ele>1462.9745</ele>
        <time>2014-08-03T10:32:20.312000Z</time>
      </trkpt>
      <trkpt lat="38.895386" lon="111.798134">
        <ele>1464.1294</ele>
        <time>2014-08-03T10:32:23.418000Z</time>
      </trkpt>
      <trkpt lat="38.895332" lon="111.798035">
        <ele>1465.5999</ele>
        <time>2014-08-03T10:32:26.524000Z</time>
      </trkpt>
      <trkpt lat="38.895252" lon="111.79792">
        <ele>1466.8079</ele>
        <time>2014-08-03T10:32:29.630000Z</time>
      </trkpt>
      <trkpt lat="38.895184" lon="111.79783">
        <ele>1467.3569</ele>
        <time>2014-08-03T10:32:32.736000Z</time>
      </trkpt>
      <trkpt lat="38.895115" lon="111.79773">
        <ele>1467.3567</ele>
        <time>2014-08-03T10:32:35.842000Z</time>
      </trkpt>
      <trkpt lat="38.89505" lon="111.79762">
        <ele>1467.0726</ele>
        <time>2014-08-03T10:32:38.948000Z</time>
      </trkpt>
      <trkpt lat="38.894966" lon="111.79751">
        <ele>1466.7903</ele>
        <time>2014-08-03T10:32:42.054000Z</time>
      </trkpt>
      <trkpt lat="38.8949" lon="111.79741">
        <ele>1466.7039</ele>
        <time>2014-08-03T10:32:45.160000Z</time>
      </trkpt>
      <trkpt lat="38.894844" lon="111.79731">
        <ele>1467.0912</ele>
        <time>2014-08-03T10:32:48.266000Z</time>
      </trkpt>
      <trkpt lat="38.89478" lon="111.79721">
        <ele>1468.1787</ele>
        <time>2014-08-03T10:32:51.372000Z</time>
      </trkpt>
      <trkpt lat="38.894714" lon="111.79712">
        <ele>1469.5305</ele>
        <time>2014-08-03T10:32:54.478000Z</time>
      </trkpt>
      <trkpt lat="38.894646" lon="111.79702">
        <ele>1470.3585</ele>
        <time>2014-08-03T10:32:57.584000Z</time>
      </trkpt>
      <trkpt lat="38.894573" lon="111.796906">
        <ele>1470.4645</ele>
        <time>2014-08-03T10:33:00.690000Z</time>
      </trkpt>
      <trkpt lat="38.894505" lon="111.79679">
        <ele>1470.2374</ele>
        <time>2014-08-03T10:33:03.796000Z</time>
      </trkpt>
      <trkpt lat="38.894447" lon="111.79671">
        <ele>1469.6504</ele>
        <time>2014-08-03T10:33:06.902000Z</time>
      </trkpt>
      <trkpt lat="38.89436" lon="111.79659">
        <ele>1468.5581</ele>
        <time>2014-08-03T10:33:10.008000Z</time>
      </trkpt>
      <trkpt lat="38.894287" lon="111.7965">
        <ele>1467.6287</ele>
        <time>2014-08-03T10:33:13.114000Z</time>
      </trkpt>
      <trkpt lat="38.89423" lon="111.79639">
        <ele>1467.9827</ele>
        <time>2014-08-03T10:33:16.220000Z</time>
      </trkpt>
      <trkpt lat="38.894157" lon="111.79626">
        <ele>1469.6184</ele>
        <time>2014-08-03T10:33:19.326000Z</time>
      </trkpt>
      <trkpt lat="38.894093" lon="111.79617">
        <ele>1471.1906</ele>
        <time>2014-08-03T10:33:22.432000Z</time>
      </trkpt>
      <trkpt lat="38.894035" lon="111.79608">
        <ele>1471.6813</ele>
        <time>2014-08-03T10:33:25.538000Z</time>
      </trkpt>
      <trkpt lat="38.893974" lon="111.796">
        <ele>1471.2305</ele>
        <time>2014-08-03T10:33:28.644000Z</time>
      </trkpt>
      <trkpt lat="38.89391" lon="111.79589">
        <ele>1470.3615</ele>
        <time>2014-08-03T10:33:31.750000Z</time>
      </trkpt>
      <trkpt lat="38.893826" lon="111.795784">
        <ele>1470.104</ele>
        <time>2014-08-03T10:33:34.856000Z</time>
      </trkpt>
      <trkpt lat="38.89376" lon="111.79569">
        <ele>1471.4974</ele>
        <time>2014-08-03T10:33:37.962000Z</time>
      </trkpt>
      <trkpt lat="38.8937" lon="111.79559">
        <ele>1474.0054</ele>
        <time>2014-08-03T10:33:41.068000Z</time>
      </trkpt>
      <trkpt lat="38.89364" lon="111.7955">
        <ele>1475.9995</ele>
        <time>2014-08-03T10:33:44.174000Z</time>
      </trkpt>
      <trkpt lat="38.893574" lon="111.795395">
        <ele>1476.8816</ele>
        <time>2014-08-03T10:33:47.280000Z</time>
      </trkpt>
      <trkpt lat="38.893497" lon="111.79528">
        <ele>1477.1565</ele>
        <time>2014-08-03T10:33:50.386000Z</time>
      </trkpt>
      <trkpt lat="38.893436" lon="111.79518">
        <ele>1477.2902</ele>
        <time>2014-08-03T10:33:53.492000Z</time>
      </trkpt>
      <trkpt lat="38.893356" lon="111.79506">
        <ele>1477.2845</ele>
        <time>2014-08-03T10:33:56.598000Z</time>
      </trkpt>
      <trkpt lat="38.893295" lon="111.79496">
        <ele>1476.9929</ele>
        <time>2014-08-03T10:33:59.704000Z</time>
      </trkpt>
      <trkpt lat="38.89323" lon="111.79486">
        <ele>1476.5967</ele>
        <time>2014-08-03T10:34:02.810000Z</time>
      </trkpt>
      <trkpt lat="38.89316" lon="111.79477">
        <ele>1476.3656</ele>
        <time>2014-08-03T10:34:05.916000Z</time>
      </trkpt>
      <trkpt lat="38.893085" lon="111.79466">
        <ele>1476.5287</ele>
        <time>2014-08-03T10:34:09.022000Z</time>
      </trkpt>
      <trkpt lat="38.893013" lon="111.79456">
        <ele>1476.9177</ele>
        <time>2014-08-03T10:34:12.128000Z</time>
      </trkpt>
      <trkpt lat="38.892937" lon="111.79444">
        <ele>1476.9288</ele>
        <time>2014-08-03T10:34:15.234000Z</time>
      </trkpt>
      <trkpt lat="38.89287" lon="111.79434">
        <ele>1476.5099</ele>
        <time>2014-08-03T10:34:18.340000Z</time>
      </trkpt>
      <trkpt lat="38.892803" lon="111.79424">
        <ele>1476.1493</ele>
        <time>2014-08-03T10:34:21.446000Z</time>
      </trkpt>
      <trkpt lat="38.892742" lon="111.79414">
        <ele>1475.9093</ele>
        <time>2014-08-03T10:34:24.552000Z</time>
      </trkpt>
      <trkpt lat="38.892677" lon="111.79402">
        <ele>1475.4094</ele>
        <time>2014-08-03T10:34:27.658000Z</time>
      </trkpt>
      <trkpt lat="38.89261" lon="111.79392">
        <ele>1474.4908</ele>
        <time>2014-08-03T10:34:30.764000Z</time>
      </trkpt>
      <trkpt lat="38.89254" lon="111.79384">
        <ele>1473.6578</ele>
        <time>2014-08-03T10:34:33.870000Z</time>
      </trkpt>
      <trkpt lat="38.892475" lon="111.793755">
        <ele>1473.3866</ele>
        <time>2014-08-03T10:34:36.976000Z</time>
      </trkpt>
      <trkpt lat="38.892414" lon="111.79364">
        <ele>1473.7988</ele>
        <time>2014-08-03T10:34:40.082000Z</time>
      </trkpt>
      <trkpt lat="38.89236" lon="111.79354">
        <ele>1473.8298</ele>
        <time>2014-08-03T10:34:43.188000Z</time>
      </trkpt>
      <trkpt lat="38.892284" lon="111.79344">
        <ele>1473.678</ele>
        <time>2014-08-03T10:34:46.294000Z</time>
      </trkpt>
      <trkpt lat="38.892284" lon="111.79344">
        <ele>1473.309</ele>
        <time>2014-08-03T10:34:49.400000Z</time>
      </trkpt>
      <trkpt lat="38.892223" lon="111.79334">
        <ele>1472.5941</ele>
        <time>2014-08-03T10:34:52.506000Z</time>
      </trkpt>
      <trkpt lat="38.892155" lon="111.79323">
        <ele>1471.3551</ele>
        <time>2014-08-03T10:34:55.612000Z</time>
      </trkpt>
      <trkpt lat="38.89209" lon="111.79313">
        <ele>1469.7644</ele>
        <time>2014-08-03T10:34:58.718000Z</time>
      </trkpt>
      <trkpt lat="38.89202" lon="111.79303">
        <ele>1468.5472</ele>
        <time>2014-08-03T10:35:01.824000Z</time>
      </trkpt>
      <trkpt lat="38.891953" lon="111.79294">
        <ele>1468.149</ele>
        <time>2014-08-03T10:35:04.930000Z</time>
      </trkpt>
      <trkpt lat="38.89188" lon="111.79283">
        <ele>1468.1274</ele>
        <time>2014-08-03T10:35:08.036000Z</time>
      </trkpt>
      <trkpt lat="38.89181" lon="111.792725">
        <ele>1467.6936</ele>
        <time>2014-08-03T10:35:11.142000Z</time>
      </trkpt>
      <trkpt lat="38.891754" lon="111.79262">
        <ele>1466.0354</ele>
        <time>2014-08-03T10:35:14.248000Z</time>
      </trkpt>
      <trkpt lat="38.891685" lon="111.79251">
        <ele>1463.375</ele>
        <time>2014-08-03T10:35:17.354000Z</time>
      </trkpt>
      <trkpt lat="38.89162" lon="111.79241">
        <ele>1461.1769</ele>
        <time>2014-08-03T10:35:20.460000Z</time>
      </trkpt>
      <trkpt lat="38.89155" lon="111.79232">
        <ele>1460.8986</ele>
        <time>2014-08-03T10:35:23.566000Z</time>
      </trkpt>
      <trkpt lat="38.89147" lon="111.79222">
        <ele>1462.4426</ele>
        <time>2014-08-03T10:35:26.672000Z</time>
      </trkpt>
      <trkpt lat="38.891415" lon="111.792114">
        <ele>1464.4562</ele>
        <time>2014-08-03T10:35:29.778000Z</time>
      </trkpt>
      <trkpt lat="38.891357" lon="111.792">
        <ele>1465.9445</ele>
        <time>2014-08-03T10:35:32.884000Z</time>
      </trkpt>
      <trkpt lat="38.891304" lon="111.79191">
        <ele>1466.7942</ele>
        <time>2014-08-03T10:35:35.990000Z</time>
      </trkpt>
      <trkpt lat="38.891262" lon="111.7918">
        <ele>1466.3594</ele>
        <time>2014-08-03T10:35:39.096000Z</time>
      </trkpt>
      <trkpt lat="38.891262" lon="111.7918">
        <ele>1464.4507</ele>
        <time>2014-08-03T10:35:42.202000Z</time>
      </trkpt>
      <trkpt lat="38.891212" lon="111.791664">
        <ele>1462.5908</ele>
        <time>2014-08-03T10:35:45.308000Z</time>
      </trkpt>
      <trkpt lat="38.891136" lon="111.79155">
        <ele>1462.0598</ele>
        <time>2014-08-03T10:35:48.414000Z</time>
      </trkpt>
      <trkpt lat="38.891136" lon="111.79155">
        <ele>1462.0138</ele>
        <time>2014-08-03T10:35:51.520000Z</time>
      </trkpt>
      <trkpt lat="38.89108" lon="111.79144">
        <ele>1460.804</ele>
        <time>2014-08-03T10:35:54.626000Z</time>
      </trkpt>
      <trkpt lat="38.891006" lon="111.79131">
        <ele>1458.3037</ele>
        <time>2014-08-03T10:35:57.732000Z</time>
      </trkpt>
      <trkpt lat="38.89095" lon="111.79121">
        <ele>1455.6195</ele>
        <time>2014-08-03T10:36:00.838000Z</time>
      </trkpt>
      <trkpt lat="38.8909" lon="111.79111">
        <ele>1453.4373</ele>
        <time>2014-08-03T10:36:03.944000Z</time>
      </trkpt>
      <trkpt lat="38.89085" lon="111.79099">
        <ele>1452.3422</ele>
        <time>2014-08-03T10:36:07.050000Z</time>
      </trkpt>
      <trkpt lat="38.890793" lon="111.79088">
        <ele>1452.6847</ele>
        <time>2014-08-03T10:36:10.156000Z</time>
      </trkpt>
      <trkpt lat="38.890724" lon="111.79079">
        <ele>1453.7858</ele>
        <time>2014-08-03T10:36:13.262000Z</time>
      </trkpt>
      <trkpt lat="38.89064" lon="111.7907">
        <ele>1454.9484</ele>
        <time>2014-08-03T10:36:16.368000Z</time>
      </trkpt>
      <trkpt lat="38.890556" lon="111.79063">
        <ele>1455.8303</ele>
        <time>2014-08-03T10:36:19.474000Z</time>
      </trkpt>
      <trkpt lat="38.8905" lon="111.79053">
        <ele>1456.207</ele>
        <time>2014-08-03T10:36:22.580000Z</time>
      </trkpt>
      <trkpt lat="38.8905" lon="111.79041">
        <ele>1456.1412</ele>
        <time>2014-08-03T10:36:25.686000Z</time>
      </trkpt>
      <trkpt lat="38.890533" lon="111.79029">
        <ele>1456.6232</ele>
        <time>2014-08-03T10:36:28.792000Z</time>
      </trkpt>
      <trkpt lat="38.890575" lon="111.790184">
        <ele>1458.8141</ele>
        <time>2014-08-03T10:36:31.898000Z</time>
      </trkpt>
      <trkpt lat="38.890644" lon="111.79009">
        <ele>1462.1158</ele>
        <time>2014-08-03T10:36:35.004000Z</time>
      </trkpt>
      <trkpt lat="38.89072" lon="111.79002">
        <ele>1464.6061</ele>
        <time>2014-08-03T10:36:38.110000Z</time>
      </trkpt>
      <trkpt lat="38.890804" lon="111.78996">
        <ele>1465.4783</ele>
        <time>2014-08-03T10:36:41.216000Z</time>
      </trkpt>
      <trkpt lat="38.890907" lon="111.789894">
        <ele>1465.126</ele>
        <time>2014-08-03T10:36:44.322000Z</time>
      </trkpt>
      <trkpt lat="38.89099" lon="111.789825">
        <ele>1464.1777</ele>
        <time>2014-08-03T10:36:47.428000Z</time>
      </trkpt>
      <trkpt lat="38.89108" lon="111.789764">
        <ele>1463.25</ele>
        <time>2014-08-03T10:36:50.534000Z</time>
      </trkpt>
      <trkpt lat="38.891167" lon="111.789696">
        <ele>1462.7173</ele>
        <time>2014-08-03T10:36:53.640000Z</time>
      </trkpt>
      <trkpt lat="38.891254" lon="111.789635">
        <ele>1462.5862</ele>
        <time>2014-08-03T10:36:56.746000Z</time>
      </trkpt>
      <trkpt lat="38.89134" lon="111.78957">
        <ele>1462.7545</ele>
        <time>2014-08-03T10:36:59.852000Z</time>
      </trkpt>
      <trkpt lat="38.891422" lon="111.78951">
        <ele>1462.786</ele>
        <time>2014-08-03T10:37:02.958000Z</time>
      </trkpt>
      <trkpt lat="38.891518" lon="111.789444">
        <ele>1462.1069</ele>
        <time>2014-08-03T10:37:06.064000Z</time>
      </trkpt>
      <trkpt lat="38.891613" lon="111.789375">
        <ele>1460.8479</ele>
        <time>2014-08-03T10:37:09.170000Z</time>
      </trkpt>
      <trkpt lat="38.8917" lon="111.78931">
        <ele>1459.8005</ele>
        <time>2014-08-03T10:37:12.276000Z</time>
      </trkpt>
      <trkpt lat="38.89179" lon="111.78923">
        <ele>1459.246</ele>
        <time>2014-08-03T10:37:15.382000Z</time>
      </trkpt>
      <trkpt lat="38.891876" lon="111.78917">
        <ele>1458.7703</ele>
        <time>2014-08-03T10:37:18.488000Z</time>
      </trkpt>
      <trkpt lat="38.891968" lon="111.78911">
        <ele>1458.3391</ele>
        <time>2014-08-03T10:37:21.594000Z</time>
      </trkpt>
      <trkpt lat="38.892056" lon="111.78905">
        <ele>1458.6421</ele>
        <time>2014-08-03T10:37:24.700000Z</time>
      </trkpt>
      <trkpt lat="38.892143" lon="111.78898">
        <ele>1459.8319</ele>
        <time>2014-08-03T10:37:27.806000Z</time>
      </trkpt>
      <trkpt lat="38.89223" lon="111.7889">
        <ele>1461.0262</ele>
        <time>2014-08-03T10:37:30.912000Z</time>
      </trkpt>
      <trkpt lat="38.892326" lon="111.78884">
        <ele>1461.4304</ele>
        <time>2014-08-03T10:37:34.018000Z</time>
      </trkpt>
      <trkpt lat="38.892418" lon="111.78878">
        <ele>1461.2704</ele>
        <time>2014-08-03T10:37:37.124000Z</time>
      </trkpt>
      <trkpt lat="38.892513" lon="111.78871">
        <ele>1460.7775</ele>
        <time>2014-08-03T10:37:40.230000Z</time>
      </trkpt>
      <trkpt lat="38.892593" lon="111.78865">
        <ele>1459.8658</ele>
        <time>2014-08-03T10:37:43.336000Z</time>
      </trkpt>
      <trkpt lat="38.892673" lon="111.78858">
        <ele>1458.9161</ele>
        <time>2014-08-03T10:37:46.442000Z</time>
      </trkpt>
      <trkpt lat="38.892757" lon="111.78852">
        <ele>1458.6014</ele>
        <time>2014-08-03T10:37:49.548000Z</time>
      </trkpt>
      <trkpt lat="38.89286" lon="111.78846">
        <ele>1458.894</ele>
        <time>2014-08-03T10:37:52.654000Z</time>
      </trkpt>
      <trkpt lat="38.89294" lon="111.78841">
        <ele>1459.3435</ele>
        <time>2014-08-03T10:37:55.760000Z</time>
      </trkpt>
      <trkpt lat="38.893032" lon="111.788345">
        <ele>1459.7064</ele>
        <time>2014-08-03T10:37:58.866000Z</time>
      </trkpt>
      <trkpt lat="38.893127" lon="111.788284">
        <ele>1460.0521</ele>
        <time>2014-08-03T10:38:01.972000Z</time>
      </trkpt>
      <trkpt lat="38.893223" lon="111.78822">
        <ele>1459.811</ele>
        <time>2014-08-03T10:38:05.078000Z</time>
      </trkpt>
      <trkpt lat="38.893333" lon="111.78816">
        <ele>1458.5935</ele>
        <time>2014-08-03T10:38:08.184000Z</time>
      </trkpt>
      <trkpt lat="38.89342" lon="111.78811">
        <ele>1457.8052</ele>
        <time>2014-08-03T10:38:11.290000Z</time>
      </trkpt>
      <trkpt lat="38.89353" lon="111.78804">
        <ele>1458.683</ele>
        <time>2014-08-03T10:38:14.396000Z</time>
      </trkpt>
      <trkpt lat="38.893627" lon="111.78801">
        <ele>1460.3187</ele>
        <time>2014-08-03T10:38:17.502000Z</time>
      </trkpt>
      <trkpt lat="38.893723" lon="111.787964">
        <ele>1461.4547</ele>
        <time>2014-08-03T10:38:20.608000Z</time>
      </trkpt>
      <trkpt lat="38.89383" lon="111.7879">
        <ele>1461.5414</ele>
        <time>2014-08-03T10:38:23.714000Z</time>
      </trkpt>
      <trkpt lat="38.893925" lon="111.787865">
        <ele>1460.5757</ele>
        <time>2014-08-03T10:38:26.820000Z</time>
      </trkpt>
      <trkpt lat="38.894016" lon="111.78782">
        <ele>1459.4211</ele>
        <time>2014-08-03T10:38:29.926000Z</time>
      </trkpt>
      <trkpt lat="38.894127" lon="111.787766">
        <ele>1458.9036</ele>
        <time>2014-08-03T10:38:33.032000Z</time>
      </trkpt>
      <trkpt lat="38.89421" lon="111.78772">
        <ele>1458.9421</ele>
        <time>2014-08-03T10:38:36.138000Z</time>
      </trkpt>
      <trkpt lat="38.894302" lon="111.78767">
        <ele>1458.845</ele>
        <time>2014-08-03T10:38:39.244000Z</time>
      </trkpt>
      <trkpt lat="38.894398" lon="111.78762">
        <ele>1458.2117</ele>
        <time>2014-08-03T10:38:42.350000Z</time>
      </trkpt>
      <trkpt lat="38.894505" lon="111.78758">
        <ele>1457.2723</ele>
        <time>2014-08-03T10:38:45.456000Z</time>
      </trkpt>
      <trkpt lat="38.894604" lon="111.78753">
        <ele>1455.9308</ele>
        <time>2014-08-03T10:38:48.562000Z</time>
      </trkpt>
      <trkpt lat="38.894714" lon="111.787476">
        <ele>1454.1324</ele>
        <time>2014-08-03T10:38:51.668000Z</time>
      </trkpt>
      <trkpt lat="38.894833" lon="111.787415">
        <ele>1452.8895</ele>
        <time>2014-08-03T10:38:54.774000Z</time>
      </trkpt>
      <trkpt lat="38.894947" lon="111.78735">
        <ele>1452.843</ele>
        <time>2014-08-03T10:38:57.880000Z</time>
      </trkpt>
      <trkpt lat="38.89504" lon="111.78731">
        <ele>1453.0421</ele>
        <time>2014-08-03T10:39:00.986000Z</time>
      </trkpt>
      <trkpt lat="38.89513" lon="111.78727">
        <ele>1452.331</ele>
        <time>2014-08-03T10:39:04.092000Z</time>
      </trkpt>
      <trkpt lat="38.89522" lon="111.78722">
        <ele>1450.7882</ele>
        <time>2014-08-03T10:39:07.198000Z</time>
      </trkpt>
      <trkpt lat="38.89531" lon="111.78716">
        <ele>1449.2559</ele>
        <time>2014-08-03T10:39:10.304000Z</time>
      </trkpt>
      <trkpt lat="38.895412" lon="111.787094">
        <ele>1448.3407</ele>
        <time>2014-08-03T10:39:13.410000Z</time>
      </trkpt>
      <trkpt lat="38.895508" lon="111.787025">
        <ele>1448.064</ele>
        <time>2014-08-03T10:39:16.516000Z</time>
      </trkpt>
      <trkpt lat="38.895622" lon="111.78695">
        <ele>1447.8372</ele>
        <time>2014-08-03T10:39:19.622000Z</time>
      </trkpt>
      <trkpt lat="38.89571" lon="111.78687">
        <ele>1447.2659</ele>
        <time>2014-08-03T10:39:22.728000Z</time>
      </trkpt>
      <trkpt lat="38.8958" lon="111.7868">
        <ele>1446.7344</ele>
        <time>2014-08-03T10:39:25.834000Z</time>
      </trkpt>
      <trkpt lat="38.895885" lon="111.78671">
        <ele>1446.6028</ele>
        <time>2014-08-03T10:39:28.940000Z</time>
      </trkpt>
      <trkpt lat="38.89596" lon="111.78663">
        <ele>1446.2582</ele>
        <time>2014-08-03T10:39:32.046000Z</time>
      </trkpt>
      <trkpt lat="38.896038" lon="111.78653">
        <ele>1445.0405</ele>
        <time>2014-08-03T10:39:35.152000Z</time>
      </trkpt>
      <trkpt lat="38.896114" lon="111.78643">
        <ele>1443.4817</ele>
        <time>2014-08-03T10:39:38.258000Z</time>
      </trkpt>
      <trkpt lat="38.896202" lon="111.786316">
        <ele>1442.5012</ele>
        <time>2014-08-03T10:39:41.364000Z</time>
      </trkpt>
      <trkpt lat="38.896282" lon="111.78622">
        <ele>1442.2178</ele>
        <time>2014-08-03T10:39:44.470000Z</time>
      </trkpt>
      <trkpt lat="38.896355" lon="111.786125">
        <ele>1442.3019</ele>
        <time>2014-08-03T10:39:47.576000Z</time>
      </trkpt>
      <trkpt lat="38.896427" lon="111.78604">
        <ele>1442.1715</ele>
        <time>2014-08-03T10:39:50.682000Z</time>
      </trkpt>
      <trkpt lat="38.896496" lon="111.78594">
        <ele>1441.3911</ele>
        <time>2014-08-03T10:39:53.788000Z</time>
      </trkpt>
      <trkpt lat="38.896564" lon="111.78585">
        <ele>1440.2858</ele>
        <time>2014-08-03T10:39:56.894000Z</time>
      </trkpt>
      <trkpt lat="38.89664" lon="111.78577">
        <ele>1439.3761</ele>
        <time>2014-08-03T10:40:00Z</time>
      </trkpt>
      <trkpt lat="38.896725" lon="111.78565">
        <ele>1438.1823</ele>
        <time>2014-08-03T10:40:03.106000Z</time>
      </trkpt>
      <trkpt lat="38.896805" lon="111.78555">
        <ele>1436.3552</ele>
        <time>2014-08-03T10:40:06.212000Z</time>
      </trkpt>
      <trkpt lat="38.896877" lon="111.78545">
        <ele>1434.6986</ele>
        <time>2014-08-03T10:40:09.318000Z</time>
      </trkpt>
      <trkpt lat="38.896946" lon="111.78537">
        <ele>1433.889</ele>
        <time>2014-08-03T10:40:12.424000Z</time>
      </trkpt>
      <trkpt lat="38.89701" lon="111.78527">
        <ele>1433.6844</ele>
        <time>2014-08-03T10:40:15.530000Z</time>
      </trkpt>
      <trkpt lat="38.897083" lon="111.78517">
        <ele>1433.7001</ele>
        <time>2014-08-03T10:40:18.636000Z</time>
      </trkpt>
      <trkpt lat="38.897144" lon="111.78507">
        <ele>1433.4845</ele>
        <time>2014-08-03T10:40:21.742000Z</time>
      </trkpt>
      <trkpt lat="38.89721" lon="111.78498">
        <ele>1432.7572</ele>
        <time>2014-08-03T10:40:24.848000Z</time>
      </trkpt>
      <trkpt lat="38.89729" lon="111.78488">
        <ele>1431.8212</ele>
        <time>2014-08-03T10:40:27.954000Z</time>
      </trkpt>
      <trkpt lat="38.89737" lon="111.78479">
        <ele>1431.105</ele>
        <time>2014-08-03T10:40:31.060000Z</time>
      </trkpt>
      <trkpt lat="38.89744" lon="111.7847">
        <ele>1430.6093</ele>
        <time>2014-08-03T10:40:34.166000Z</time>
      </trkpt>
      <trkpt lat="38.89751" lon="111.78461">
        <ele>1430.0436</ele>
        <time>2014-08-03T10:40:37.272000Z</time>
      </trkpt>
      <trkpt lat="38.89759" lon="111.7845">
        <ele>1429.3474</ele>
        <time>2014-08-03T10:40:40.378000Z</time>
      </trkpt>
      <trkpt lat="38.897675" lon="111.784386">
        <ele>1428.8376</ele>
        <time>2014-08-03T10:40:43.484000Z</time>
      </trkpt>
      <trkpt lat="38.897747" lon="111.7843">
        <ele>1428.7815</ele>
        <time>2014-08-03T10:40:46.590000Z</time>
      </trkpt>
      <trkpt lat="38.89782" lon="111.78421">
        <ele>1429.1122</ele>
        <time>2014-08-03T10:40:49.696000Z</time>
      </trkpt>
      <trkpt lat="38.89788" lon="111.7841">
        <ele>1429.5825</ele>
        <time>2014-08-03T10:40:52.802000Z</time>
      </trkpt>
      <trkpt lat="38.89795" lon="111.784004">
        <ele>1429.8607</ele>
        <time>2014-08-03T10:40:55.908000Z</time>
      </trkpt>
      <trkpt lat="38.898014" lon="111.7839">
        <ele>1429.6914</ele>
        <time>2014-08-03T10:40:59.014000Z</time>
      </trkpt>
      <trkpt lat="38.898087" lon="111.78378">
        <ele>1429.1404</ele>
        <time>2014-08-03T10:41:02.120000Z</time>
      </trkpt>
      <trkpt lat="38.898136" lon="111.78368">
        <ele>1428.5082</ele>
        <time>2014-08-03T10:41:05.226000Z</time>
      </trkpt>
      <trkpt lat="38.89818" lon="111.78356">
        <ele>1427.9973</ele>
        <time>2014-08-03T10:41:08.332000Z</time>
      </trkpt>
      <trkpt lat="38.898216" lon="111.78343">
        <ele>1427.922</ele>
        <time>2014-08-03T10:41:11.438000Z</time>
      </trkpt>
      <trkpt lat="38.89825" lon="111.78329">
        <ele>1428.477</ele>
        <time>2014-08-03T10:41:14.544000Z</time>
      </trkpt>
      <trkpt lat="38.898285" lon="111.783165">
        <ele>1429.5624</ele>
        <time>2014-08-03T10:41:17.650000Z</time>
      </trkpt>
      <trkpt lat="38.898315" lon="111.78306">
        <ele>1430.9902</ele>
        <time>2014-08-03T10:41:20.756000Z</time>
      </trkpt>
      <trkpt lat="38.898354" lon="111.78294">
        <ele>1432.2678</ele>
        <time>2014-08-03T10:41:23.862000Z</time>
      </trkpt>
      <trkpt lat="38.89838" lon="111.78279">
        <ele>1432.4266</ele>
        <time>2014-08-03T10:41:26.968000Z</time>
      </trkpt>
      <trkpt lat="38.898384" lon="111.78266">
        <ele>1431.2861</ele>
        <time>2014-08-03T10:41:30.074000Z</time>
      </trkpt>
      <trkpt lat="38.898357" lon="111.78253">
        <ele>1430.1986</ele>
        <time>2014-08-03T10:41:33.180000Z</time>
      </trkpt>
      <trkpt lat="38.898327" lon="111.782425">
        <ele>1430.2601</ele>
        <time>2014-08-03T10:41:36.286000Z</time>
      </trkpt>
      <trkpt lat="38.898327" lon="111.78241">
        <ele>1430.4182</ele>
        <time>2014-08-03T10:41:39.392000Z</time>
      </trkpt>
      <trkpt lat="38.898277" lon="111.78229">
        <ele>1429.5986</ele>
        <time>2014-08-03T10:41:42.498000Z</time>
      </trkpt>
      <trkpt lat="38.898197" lon="111.782166">
        <ele>1428.4402</ele>
        <time>2014-08-03T10:41:45.604000Z</time>
      </trkpt>
      <trkpt lat="38.898136" lon="111.782074">
        <ele>1428.1162</ele>
        <time>2014-08-03T10:41:48.710000Z</time>
      </trkpt>
      <trkpt lat="38.898064" lon="111.782">
        <ele>1428.7837</ele>
        <time>2014-08-03T10:41:51.816000Z</time>
      </trkpt>
      <trkpt lat="38.89798" lon="111.78192">
        <ele>1429.8278</ele>
        <time>2014-08-03T10:41:54.922000Z</time>
      </trkpt>
      <trkpt lat="38.89788" lon="111.78184">
        <ele>1430.9215</ele>
        <time>2014-08-03T10:41:58.028000Z</time>
      </trkpt>
      <trkpt lat="38.8978" lon="111.78178">
        <ele>1432.1208</ele>
        <time>2014-08-03T10:42:01.134000Z</time>
      </trkpt>
      <trkpt lat="38.89771" lon="111.78172">
        <ele>1433.109</ele>
        <time>2014-08-03T10:42:04.240000Z</time>
      </trkpt>
      <trkpt lat="38.897594" lon="111.781654">
        <ele>1433.4475</ele>
        <time>2014-08-03T10:42:07.346000Z</time>
      </trkpt>
      <trkpt lat="38.89731" lon="111.78162">
        <ele>1433.3224</ele>
        <time>2014-08-03T10:42:10.452000Z</time>
      </trkpt>
      <trkpt lat="38.897324" lon="111.781624">
        <ele>1434.4886</ele>
        <time>2014-08-03T10:42:13.558000Z</time>
      </trkpt>
      <trkpt lat="38.897415" lon="111.78168">
        <ele>1435.869</ele>
        <time>2014-08-03T10:42:16.664000Z</time>
      </trkpt>
      <trkpt lat="38.897514" lon="111.78172">
        <ele>1436.4417</ele>
        <time>2014-08-03T10:42:19.770000Z</time>
      </trkpt>
      <trkpt lat="38.89762" lon="111.78178">
        <ele>1435.4818</ele>
        <time>2014-08-03T10:42:22.876000Z</time>
      </trkpt>
      <trkpt lat="38.897717" lon="111.78184">
        <ele>1434.9465</ele>
        <time>2014-08-03T10:42:25.982000Z</time>
      </trkpt>
      <trkpt lat="38.897797" lon="111.78189">
        <ele>1434.6101</ele>
        <time>2014-08-03T10:42:29.088000Z</time>
      </trkpt>
      <trkpt lat="38.897892" lon="111.78196">
        <ele>1434.2137</ele>
        <time>2014-08-03T10:42:32.194000Z</time>
      </trkpt>
      <trkpt lat="38.897976" lon="111.78204">
        <ele>1433.6982</ele>
        <time>2014-08-03T10:42:35.300000Z</time>
      </trkpt>
      <trkpt lat="38.898064" lon="111.78211">
        <ele>1432.9886</ele>
        <time>2014-08-03T10:42:38.406000Z</time>
      </trkpt>
      <trkpt lat="38.898148" lon="111.78222">
        <ele>1431.9474</ele>
        <time>2014-08-03T10:42:41.512000Z</time>
      </trkpt>
      <trkpt lat="38.89822" lon="111.78231">
        <ele>1430.8964</ele>
        <time>2014-08-03T10:42:44.618000Z</time>
      </trkpt>
      <trkpt lat="38.89828" lon="111.782425">
        <ele>1430.2476</ele>
        <time>2014-08-03T10:42:47.724000Z</time>
      </trkpt>
      <trkpt lat="38.89833" lon="111.78253">
        <ele>1429.9286</ele>
        <time>2014-08-03T10:42:50.830000Z</time>
      </trkpt>
      <trkpt lat="38.89836" lon="111.782646">
        <ele>1429.5425</ele>
        <time>2014-08-03T10:42:53.936000Z</time>
      </trkpt>
      <trkpt lat="38.89836" lon="111.78279">
        <ele>1428.8633</ele>
        <time>2014-08-03T10:42:57.042000Z</time>
      </trkpt>
      <trkpt lat="38.89834" lon="111.78291">
        <ele>1428.1873</ele>
        <time>2014-08-03T10:43:00.148000Z</time>
      </trkpt>
      <trkpt lat="38.898296" lon="111.78304">
        <ele>1428.1246</ele>
        <time>2014-08-03T10:43:03.254000Z</time>
      </trkpt>
      <trkpt lat="38.89825" lon="111.78315">
        <ele>1429.3013</ele>
        <time>2014-08-03T10:43:06.360000Z</time>
      </trkpt>
      <trkpt lat="38.89822" lon="111.78329">
        <ele>1431.4318</ele>
        <time>2014-08-03T10:43:09.466000Z</time>
      </trkpt>
      <trkpt lat="38.898174" lon="111.783424">
        <ele>1432.7141</ele>
        <time>2014-08-03T10:43:12.572000Z</time>
      </trkpt>
      <trkpt lat="38.89812" lon="111.78356">
        <ele>1432.0155</ele>
        <time>2014-08-03T10:43:15.678000Z</time>
      </trkpt>
      <trkpt lat="38.89807" lon="111.78368">
        <ele>1430.1803</ele>
        <time>2014-08-03T10:43:18.784000Z</time>
      </trkpt>
      <trkpt lat="38.898014" lon="111.783806">
        <ele>1428.5021</ele>
        <time>2014-08-03T10:43:21.890000Z</time>
      </trkpt>
      <trkpt lat="38.897957" lon="111.78394">
        <ele>1427.8073</ele>
        <time>2014-08-03T10:43:24.996000Z</time>
      </trkpt>
      <trkpt lat="38.89789" lon="111.78406">
        <ele>1428.8743</ele>
        <time>2014-08-03T10:43:28.102000Z</time>
      </trkpt>
      <trkpt lat="38.89781" lon="111.78415">
        <ele>1431.3541</ele>
        <time>2014-08-03T10:43:31.208000Z</time>
      </trkpt>
      <trkpt lat="38.89774" lon="111.78423">
        <ele>1433.5304</ele>
        <time>2014-08-03T10:43:34.314000Z</time>
      </trkpt>
      <trkpt lat="38.89767" lon="111.78433">
        <ele>1434.291</ele>
        <time>2014-08-03T10:43:37.420000Z</time>
      </trkpt>
      <trkpt lat="38.89759" lon="111.78445">
        <ele>1433.9801</ele>
        <time>2014-08-03T10:43:40.526000Z</time>
      </trkpt>
      <trkpt lat="38.897507" lon="111.78452">
        <ele>1433.2548</ele>
        <time>2014-08-03T10:43:43.632000Z</time>
      </trkpt>
      <trkpt lat="38.897434" lon="111.78462">
        <ele>1432.4655</ele>
        <time>2014-08-03T10:43:46.738000Z</time>
      </trkpt>
      <trkpt lat="38.897346" lon="111.78474">
        <ele>1431.7489</ele>
        <time>2014-08-03T10:43:49.844000Z</time>
      </trkpt>
      <trkpt lat="38.897278" lon="111.78483">
        <ele>1431.5607</ele>
        <time>2014-08-03T10:43:52.950000Z</time>
      </trkpt>
      <trkpt lat="38.897194" lon="111.78493">
        <ele>1432.13</ele>
        <time>2014-08-03T10:43:56.056000Z</time>
      </trkpt>
      <trkpt lat="38.897133" lon="111.78502">
        <ele>1432.7906</ele>
        <time>2014-08-03T10:43:59.162000Z</time>
      </trkpt>
      <trkpt lat="38.89706" lon="111.78511">
        <ele>1432.9502</ele>
        <time>2014-08-03T10:44:02.268000Z</time>
      </trkpt>
      <trkpt lat="38.896976" lon="111.785225">
        <ele>1432.8553</ele>
        <time>2014-08-03T10:44:05.374000Z</time>
      </trkpt>
      <trkpt lat="38.8969" lon="111.785324">
        <ele>1432.9968</ele>
        <time>2014-08-03T10:44:08.480000Z</time>
      </trkpt>
      <trkpt lat="38.896816" lon="111.78543">
        <ele>1433.4558</ele>
        <time>2014-08-03T10:44:11.586000Z</time>
      </trkpt>
      <trkpt lat="38.896744" lon="111.78553">
        <ele>1434.0524</ele>
        <time>2014-08-03T10:44:14.692000Z</time>
      </trkpt>
      <trkpt lat="38.896664" lon="111.78564">
        <ele>1434.9808</ele>
        <time>2014-08-03T10:44:17.798000Z</time>
      </trkpt>
      <trkpt lat="38.89658" lon="111.78574">
        <ele>1436.6276</ele>
        <time>2014-08-03T10:44:20.904000Z</time>
      </trkpt>
      <trkpt lat="38.896507" lon="111.785835">
        <ele>1438.7552</ele>
        <time>2014-08-03T10:44:24.010000Z</time>
      </trkpt>
      <trkpt lat="38.896423" lon="111.78594">
        <ele>1440.601</ele>
        <time>2014-08-03T10:44:27.116000Z</time>
      </trkpt>
      <trkpt lat="38.896362" lon="111.786026">
        <ele>1441.8746</ele>
        <time>2014-08-03T10:44:30.222000Z</time>
      </trkpt>
      <trkpt lat="38.896282" lon="111.78613">
        <ele>1442.7755</ele>
        <time>2014-08-03T10:44:33.328000Z</time>
      </trkpt>
      <trkpt lat="38.896206" lon="111.78624">
        <ele>1443.1018</ele>
        <time>2014-08-03T10:44:36.434000Z</time>
      </trkpt>
      <trkpt lat="38.896126" lon="111.78634">
        <ele>1442.6921</ele>
        <time>2014-08-03T10:44:39.540000Z</time>
      </trkpt>
      <trkpt lat="38.896057" lon="111.78643">
        <ele>1442.5431</ele>
        <time>2014-08-03T10:44:42.646000Z</time>
      </trkpt>
      <trkpt lat="38.895992" lon="111.786514">
        <ele>1443.4133</ele>
        <time>2014-08-03T10:44:45.752000Z</time>
      </trkpt>
      <trkpt lat="38.895924" lon="111.7866">
        <ele>1444.5773</ele>
        <time>2014-08-03T10:44:48.858000Z</time>
      </trkpt>
      <trkpt lat="38.895836" lon="111.78668">
        <ele>1445.2516</ele>
        <time>2014-08-03T10:44:51.964000Z</time>
      </trkpt>
      <trkpt lat="38.89576" lon="111.78675">
        <ele>1445.6288</ele>
        <time>2014-08-03T10:44:55.070000Z</time>
      </trkpt>
      <trkpt lat="38.89567" lon="111.78683">
        <ele>1446.4298</ele>
        <time>2014-08-03T10:44:58.176000Z</time>
      </trkpt>
      <trkpt lat="38.89558" lon="111.78689">
        <ele>1448.0863</ele>
        <time>2014-08-03T10:45:01.282000Z</time>
      </trkpt>
      <trkpt lat="38.89549" lon="111.78695">
        <ele>1449.7357</ele>
        <time>2014-08-03T10:45:04.388000Z</time>
      </trkpt>
      <trkpt lat="38.895393" lon="111.787">
        <ele>1450.4476</ele>
        <time>2014-08-03T10:45:07.494000Z</time>
      </trkpt>
      <trkpt lat="38.895306" lon="111.78705">
        <ele>1450.5323</ele>
        <time>2014-08-03T10:45:10.600000Z</time>
      </trkpt>
      <trkpt lat="38.895203" lon="111.7871">
        <ele>1450.7721</ele>
        <time>2014-08-03T10:45:13.706000Z</time>
      </trkpt>
      <trkpt lat="38.89511" lon="111.78716">
        <ele>1451.4445</ele>
        <time>2014-08-03T10:45:16.812000Z</time>
      </trkpt>
      <trkpt lat="38.895023" lon="111.7872">
        <ele>1452.2844</ele>
        <time>2014-08-03T10:45:19.918000Z</time>
      </trkpt>
      <trkpt lat="38.894917" lon="111.787254">
        <ele>1452.8978</ele>
        <time>2014-08-03T10:45:23.024000Z</time>
      </trkpt>
      <trkpt lat="38.89481" lon="111.78732">
        <ele>1453.517</ele>
        <time>2014-08-03T10:45:26.130000Z</time>
      </trkpt>
      <trkpt lat="38.894722" lon="111.78738">
        <ele>1454.4025</ele>
        <time>2014-08-03T10:45:29.236000Z</time>
      </trkpt>
      <trkpt lat="38.894634" lon="111.78743">
        <ele>1455.218</ele>
        <time>2014-08-03T10:45:32.342000Z</time>
      </trkpt>
      <trkpt lat="38.894527" lon="111.78748">
        <ele>1455.8192</ele>
        <time>2014-08-03T10:45:35.448000Z</time>
      </trkpt>
      <trkpt lat="38.894436" lon="111.78752">
        <ele>1456.4573</ele>
        <time>2014-08-03T10:45:38.554000Z</time>
      </trkpt>
      <trkpt lat="38.894333" lon="111.78759">
        <ele>1456.9857</ele>
        <time>2014-08-03T10:45:41.660000Z</time>
      </trkpt>
      <trkpt lat="38.894245" lon="111.787636">
        <ele>1457.3949</ele>
        <time>2014-08-03T10:45:44.766000Z</time>
      </trkpt>
      <trkpt lat="38.894154" lon="111.78768">
        <ele>1457.9171</ele>
        <time>2014-08-03T10:45:47.872000Z</time>
      </trkpt>
      <trkpt lat="38.894062" lon="111.78772">
        <ele>1458.3992</ele>
        <time>2014-08-03T10:45:50.978000Z</time>
      </trkpt>
      <trkpt lat="38.89397" lon="111.78777">
        <ele>1458.612</ele>
        <time>2014-08-03T10:45:54.084000Z</time>
      </trkpt>
      <trkpt lat="38.89386" lon="111.787834">
        <ele>1458.6216</ele>
        <time>2014-08-03T10:45:57.190000Z</time>
      </trkpt>
      <trkpt lat="38.89377" lon="111.78788">
        <ele>1459.2545</ele>
        <time>2014-08-03T10:46:00.296000Z</time>
      </trkpt>
      <trkpt lat="38.893684" lon="111.787926">
        <ele>1461.0131</ele>
        <time>2014-08-03T10:46:03.402000Z</time>
      </trkpt>
      <trkpt lat="38.8936" lon="111.787994">
        <ele>1462.9899</ele>
        <time>2014-08-03T10:46:06.508000Z</time>
      </trkpt>
      <trkpt lat="38.893513" lon="111.78805">
        <ele>1464.0549</ele>
        <time>2014-08-03T10:46:09.614000Z</time>
      </trkpt>
      <trkpt lat="38.89342" lon="111.78809">
        <ele>1464.2341</ele>
        <time>2014-08-03T10:46:12.720000Z</time>
      </trkpt>
      <trkpt lat="38.89332" lon="111.788155">
        <ele>1464.1378</ele>
        <time>2014-08-03T10:46:15.826000Z</time>
      </trkpt>
      <trkpt lat="38.89322" lon="111.788185">
        <ele>1464.1512</ele>
        <time>2014-08-03T10:46:18.932000Z</time>
      </trkpt>
      <trkpt lat="38.893127" lon="111.78822">
        <ele>1464.5109</ele>
        <time>2014-08-03T10:46:22.038000Z</time>
      </trkpt>
      <trkpt lat="38.89302" lon="111.78828">
        <ele>1465.016</ele>
        <time>2014-08-03T10:46:25.144000Z</time>
      </trkpt>
      <trkpt lat="38.89294" lon="111.78833">
        <ele>1464.8813</ele>
        <time>2014-08-03T10:46:28.250000Z</time>
      </trkpt>
      <trkpt lat="38.892857" lon="111.78839">
        <ele>1464.0519</ele>
        <time>2014-08-03T10:46:31.356000Z</time>
      </trkpt>
      <trkpt lat="38.89276" lon="111.78846">
        <ele>1463.173</ele>
        <time>2014-08-03T10:46:34.462000Z</time>
      </trkpt>
      <trkpt lat="38.89267" lon="111.788536">
        <ele>1462.5668</ele>
        <time>2014-08-03T10:46:37.568000Z</time>
      </trkpt>
      <trkpt lat="38.89258" lon="111.788605">
        <ele>1462.7529</ele>
        <time>2014-08-03T10:46:40.674000Z</time>
      </trkpt>
      <trkpt lat="38.89249" lon="111.788666">
        <ele>1463.8777</ele>
        <time>2014-08-03T10:46:43.780000Z</time>
      </trkpt>
      <trkpt lat="38.892387" lon="111.788734">
        <ele>1465.0122</ele>
        <time>2014-08-03T10:46:46.886000Z</time>
      </trkpt>
      <trkpt lat="38.892307" lon="111.78879">
        <ele>1465.3662</ele>
        <time>2014-08-03T10:46:49.992000Z</time>
      </trkpt>
      <trkpt lat="38.892216" lon="111.78886">
        <ele>1465.2275</ele>
        <time>2014-08-03T10:46:53.098000Z</time>
      </trkpt>
      <trkpt lat="38.892128" lon="111.78891">
        <ele>1465.1069</ele>
        <time>2014-08-03T10:46:56.204000Z</time>
      </trkpt>
      <trkpt lat="38.892044" lon="111.78897">
        <ele>1465.1754</ele>
        <time>2014-08-03T10:46:59.310000Z</time>
      </trkpt>
      <trkpt lat="38.891945" lon="111.78905">
        <ele>1465.6244</ele>
        <time>2014-08-03T10:47:02.416000Z</time>
      </trkpt>
      <trkpt lat="38.891846" lon="111.78911">
        <ele>1466.5103</ele>
        <time>2014-08-03T10:47:05.522000Z</time>
      </trkpt>
      <trkpt lat="38.89175" lon="111.78918">
        <ele>1467.5692</ele>
        <time>2014-08-03T10:47:08.628000Z</time>
      </trkpt>
      <trkpt lat="38.891674" lon="111.789246">
        <ele>1468.6222</ele>
        <time>2014-08-03T10:47:11.734000Z</time>
      </trkpt>
      <trkpt lat="38.891586" lon="111.78931">
        <ele>1469.5347</ele>
        <time>2014-08-03T10:47:14.840000Z</time>
      </trkpt>
      <trkpt lat="38.8915" lon="111.789375">
        <ele>1469.9451</ele>
        <time>2014-08-03T10:47:17.946000Z</time>
      </trkpt>
      <trkpt lat="38.891415" lon="111.789444">
        <ele>1469.7935</ele>
        <time>2014-08-03T10:47:21.052000Z</time>
      </trkpt>
      <trkpt lat="38.891315" lon="111.78953">
        <ele>1469.2485</ele>
        <time>2014-08-03T10:47:24.158000Z</time>
      </trkpt>
      <trkpt lat="38.89121" lon="111.789604">
        <ele>1468.2712</ele>
        <time>2014-08-03T10:47:27.264000Z</time>
      </trkpt>
      <trkpt lat="38.891117" lon="111.78965">
        <ele>1467.2913</ele>
        <time>2014-08-03T10:47:30.370000Z</time>
      </trkpt>
      <trkpt lat="38.891033" lon="111.78971">
        <ele>1466.7113</ele>
        <time>2014-08-03T10:47:33.476000Z</time>
      </trkpt>
      <trkpt lat="38.890953" lon="111.78978">
        <ele>1465.9648</ele>
        <time>2014-08-03T10:47:36.582000Z</time>
      </trkpt>
      <trkpt lat="38.890858" lon="111.78984">
        <ele>1464.7261</ele>
        <time>2014-08-03T10:47:39.688000Z</time>
      </trkpt>
      <trkpt lat="38.89077" lon="111.78991">
        <ele>1463.6497</ele>
        <time>2014-08-03T10:47:42.794000Z</time>
      </trkpt>
      <trkpt lat="38.890686" lon="111.789986">
        <ele>1463.011</ele>
        <time>2014-08-03T10:47:45.900000Z</time>
      </trkpt>
      <trkpt lat="38.890617" lon="111.79008">
        <ele>1462.7461</ele>
        <time>2014-08-03T10:47:49.006000Z</time>
      </trkpt>
      <trkpt lat="38.890556" lon="111.790184">
        <ele>1462.5422</ele>
        <time>2014-08-03T10:47:52.112000Z</time>
      </trkpt>
      <trkpt lat="38.890514" lon="111.7903">
        <ele>1462.001</ele>
        <time>2014-08-03T10:47:55.218000Z</time>
      </trkpt>
      <trkpt lat="38.890507" lon="111.79045">
        <ele>1461.1598</ele>
        <time>2014-08-03T10:47:58.324000Z</time>
      </trkpt>
      <trkpt lat="38.89053" lon="111.79057">
        <ele>1460.4274</ele>
        <time>2014-08-03T10:48:01.430000Z</time>
      </trkpt>
      <trkpt lat="38.89058" lon="111.79068">
        <ele>1459.9956</ele>
        <time>2014-08-03T10:48:04.536000Z</time>
      </trkpt>
      <trkpt lat="38.890667" lon="111.790764">
        <ele>1459.6271</ele>
        <time>2014-08-03T10:48:07.642000Z</time>
      </trkpt>
      <trkpt lat="38.89074" lon="111.79083">
        <ele>1458.887</ele>
        <time>2014-08-03T10:48:10.748000Z</time>
      </trkpt>
      <trkpt lat="38.89081" lon="111.79092">
        <ele>1458.0552</ele>
        <time>2014-08-03T10:48:13.854000Z</time>
      </trkpt>
      <trkpt lat="38.890873" lon="111.79103">
        <ele>1457.6108</ele>
        <time>2014-08-03T10:48:16.960000Z</time>
      </trkpt>
      <trkpt lat="38.890923" lon="111.791145">
        <ele>1457.4568</ele>
        <time>2014-08-03T10:48:20.066000Z</time>
      </trkpt>
      <trkpt lat="38.89096" lon="111.79125">
        <ele>1457.3878</ele>
        <time>2014-08-03T10:48:23.172000Z</time>
      </trkpt>
      <trkpt lat="38.89102" lon="111.79135">
        <ele>1457.6873</ele>
        <time>2014-08-03T10:48:26.278000Z</time>
      </trkpt>
      <trkpt lat="38.891087" lon="111.791435">
        <ele>1458.5017</ele>
        <time>2014-08-03T10:48:29.384000Z</time>
      </trkpt>
      <trkpt lat="38.89113" lon="111.79156">
        <ele>1459.204</ele>
        <time>2014-08-03T10:48:32.490000Z</time>
      </trkpt>
      <trkpt lat="38.8912" lon="111.79168">
        <ele>1459.2367</ele>
        <time>2014-08-03T10:48:35.596000Z</time>
      </trkpt>
      <trkpt lat="38.89128" lon="111.7918">
        <ele>1458.8948</ele>
        <time>2014-08-03T10:48:38.702000Z</time>
      </trkpt>
      <trkpt lat="38.891304" lon="111.79192">
        <ele>1458.6099</ele>
        <time>2014-08-03T10:48:41.808000Z</time>
      </trkpt>
      <trkpt lat="38.891357" lon="111.79205">
        <ele>1458.6598</ele>
        <time>2014-08-03T10:48:44.914000Z</time>
      </trkpt>
      <trkpt lat="38.891407" lon="111.792145">
        <ele>1459.2357</ele>
        <time>2014-08-03T10:48:48.020000Z</time>
      </trkpt>
      <trkpt lat="38.891476" lon="111.792274">
        <ele>1460.1083</ele>
        <time>2014-08-03T10:48:51.126000Z</time>
      </trkpt>
      <trkpt lat="38.891537" lon="111.79239">
        <ele>1460.9244</ele>
        <time>2014-08-03T10:48:54.232000Z</time>
      </trkpt>
      <trkpt lat="38.891598" lon="111.79248">
        <ele>1461.8922</ele>
        <time>2014-08-03T10:48:57.338000Z</time>
      </trkpt>
      <trkpt lat="38.891663" lon="111.79259">
        <ele>1463.2809</ele>
        <time>2014-08-03T10:49:00.444000Z</time>
      </trkpt>
      <trkpt lat="38.891724" lon="111.79268">
        <ele>1464.6887</ele>
        <time>2014-08-03T10:49:03.550000Z</time>
      </trkpt>
      <trkpt lat="38.891796" lon="111.792786">
        <ele>1465.5569</ele>
        <time>2014-08-03T10:49:06.656000Z</time>
      </trkpt>
      <trkpt lat="38.891857" lon="111.79288">
        <ele>1465.8352</ele>
        <time>2014-08-03T10:49:09.762000Z</time>
      </trkpt>
      <trkpt lat="38.891914" lon="111.79297">
        <ele>1465.8685</ele>
        <time>2014-08-03T10:49:12.868000Z</time>
      </trkpt>
      <trkpt lat="38.89198" lon="111.79306">
        <ele>1466.0931</ele>
        <time>2014-08-03T10:49:15.974000Z</time>
      </trkpt>
      <trkpt lat="38.892044" lon="111.79315">
        <ele>1466.6378</ele>
        <time>2014-08-03T10:49:19.080000Z</time>
      </trkpt>
      <trkpt lat="38.89212" lon="111.79327">
        <ele>1467.4225</ele>
        <time>2014-08-03T10:49:22.186000Z</time>
      </trkpt>
      <trkpt lat="38.892185" lon="111.79336">
        <ele>1468.3505</ele>
        <time>2014-08-03T10:49:25.292000Z</time>
      </trkpt>
      <trkpt lat="38.892265" lon="111.79347">
        <ele>1469.585</ele>
        <time>2014-08-03T10:49:28.398000Z</time>
      </trkpt>
      <trkpt lat="38.89232" lon="111.793594">
        <ele>1471.1367</ele>
        <time>2014-08-03T10:49:31.504000Z</time>
      </trkpt>
      <trkpt lat="38.89238" lon="111.79368">
        <ele>1472.2234</ele>
        <time>2014-08-03T10:49:34.610000Z</time>
      </trkpt>
      <trkpt lat="38.892456" lon="111.793785">
        <ele>1471.7471</ele>
        <time>2014-08-03T10:49:37.716000Z</time>
      </trkpt>
      <trkpt lat="38.89254" lon="111.79391">
        <ele>1471.6705</ele>
        <time>2014-08-03T10:49:40.822000Z</time>
      </trkpt>
      <trkpt lat="38.8926" lon="111.794">
        <ele>1472.9893</ele>
        <time>2014-08-03T10:49:43.928000Z</time>
      </trkpt>
      <trkpt lat="38.892666" lon="111.79409">
        <ele>1473.5454</ele>
        <time>2014-08-03T10:49:47.034000Z</time>
      </trkpt>
      <trkpt lat="38.892735" lon="111.79418">
        <ele>1473.8444</ele>
        <time>2014-08-03T10:49:50.140000Z</time>
      </trkpt>
      <trkpt lat="38.8928" lon="111.79429">
        <ele>1474.3004</ele>
        <time>2014-08-03T10:49:53.246000Z</time>
      </trkpt>
      <trkpt lat="38.89286" lon="111.79437">
        <ele>1475.2753</ele>
        <time>2014-08-03T10:49:56.352000Z</time>
      </trkpt>
      <trkpt lat="38.892933" lon="111.79447">
        <ele>1476.3228</ele>
        <time>2014-08-03T10:49:59.458000Z</time>
      </trkpt>
      <trkpt lat="38.89299" lon="111.79457">
        <ele>1476.9543</ele>
        <time>2014-08-03T10:50:02.564000Z</time>
      </trkpt>
      <trkpt lat="38.893055" lon="111.794685">
        <ele>1477.2529</ele>
        <time>2014-08-03T10:50:05.670000Z</time>
      </trkpt>
      <trkpt lat="38.89312" lon="111.794785">
        <ele>1477.1903</ele>
        <time>2014-08-03T10:50:08.776000Z</time>
      </trkpt>
      <trkpt lat="38.89318" lon="111.79488">
        <ele>1476.5499</ele>
        <time>2014-08-03T10:50:11.882000Z</time>
      </trkpt>
      <trkpt lat="38.893253" lon="111.795">
        <ele>1475.5586</ele>
        <time>2014-08-03T10:50:14.988000Z</time>
      </trkpt>
      <trkpt lat="38.893326" lon="111.79511">
        <ele>1475.1749</ele>
        <time>2014-08-03T10:50:18.094000Z</time>
      </trkpt>
      <trkpt lat="38.893402" lon="111.79522">
        <ele>1476.0197</ele>
        <time>2014-08-03T10:50:21.200000Z</time>
      </trkpt>
      <trkpt lat="38.893475" lon="111.79531">
        <ele>1477.4745</ele>
        <time>2014-08-03T10:50:24.306000Z</time>
      </trkpt>
      <trkpt lat="38.893547" lon="111.79542">
        <ele>1478.8956</ele>
        <time>2014-08-03T10:50:27.412000Z</time>
      </trkpt>
      <trkpt lat="38.893616" lon="111.79551">
        <ele>1480.2062</ele>
        <time>2014-08-03T10:50:30.518000Z</time>
      </trkpt>
      <trkpt lat="38.893673" lon="111.79561">
        <ele>1480.3082</ele>
        <time>2014-08-03T10:50:33.624000Z</time>
      </trkpt>
      <trkpt lat="38.893734" lon="111.79571">
        <ele>1478.5084</ele>
        <time>2014-08-03T10:50:36.730000Z</time>
      </trkpt>
      <trkpt lat="38.893806" lon="111.795815">
        <ele>1476.1191</ele>
        <time>2014-08-03T10:50:39.836000Z</time>
      </trkpt>
      <trkpt lat="38.893883" lon="111.79593">
        <ele>1474.5443</ele>
        <time>2014-08-03T10:50:42.942000Z</time>
      </trkpt>
      <trkpt lat="38.893936" lon="111.79603">
        <ele>1473.8966</ele>
        <time>2014-08-03T10:50:46.048000Z</time>
      </trkpt>
      <trkpt lat="38.894005" lon="111.79613">
        <ele>1473.7794</ele>
        <time>2014-08-03T10:50:49.154000Z</time>
      </trkpt>
      <trkpt lat="38.89408" lon="111.796234">
        <ele>1473.7948</ele>
        <time>2014-08-03T10:50:52.260000Z</time>
      </trkpt>
      <trkpt lat="38.89414" lon="111.79634">
        <ele>1473.7745</ele>
        <time>2014-08-03T10:50:55.366000Z</time>
      </trkpt>
      <trkpt lat="38.894207" lon="111.796425">
        <ele>1473.7859</ele>
        <time>2014-08-03T10:50:58.472000Z</time>
      </trkpt>
      <trkpt lat="38.89428" lon="111.79654">
        <ele>1473.9897</ele>
        <time>2014-08-03T10:51:01.578000Z</time>
      </trkpt>
      <trkpt lat="38.89434" lon="111.79666">
        <ele>1474.2421</ele>
        <time>2014-08-03T10:51:04.684000Z</time>
      </trkpt>
      <trkpt lat="38.894413" lon="111.79675">
        <ele>1474.291</ele>
        <time>2014-08-03T10:51:07.790000Z</time>
      </trkpt>
      <trkpt lat="38.894485" lon="111.79686">
        <ele>1473.8468</ele>
        <time>2014-08-03T10:51:10.896000Z</time>
      </trkpt>
      <trkpt lat="38.894558" lon="111.79698">
        <ele>1473.1824</ele>
        <time>2014-08-03T10:51:14.002000Z</time>
      </trkpt>
      <trkpt lat="38.894634" lon="111.79708">
        <ele>1472.7642</ele>
        <time>2014-08-03T10:51:17.108000Z</time>
      </trkpt>
      <trkpt lat="38.89471" lon="111.79718">
        <ele>1472.3192</ele>
        <time>2014-08-03T10:51:20.214000Z</time>
      </trkpt>
      <trkpt lat="38.89478" lon="111.79728">
        <ele>1471.6882</ele>
        <time>2014-08-03T10:51:23.320000Z</time>
      </trkpt>
      <trkpt lat="38.894855" lon="111.79739">
        <ele>1471.0923</ele>
        <time>2014-08-03T10:51:26.426000Z</time>
      </trkpt>
      <trkpt lat="38.89492" lon="111.7975">
        <ele>1470.733</ele>
        <time>2014-08-03T10:51:29.532000Z</time>
      </trkpt>
      <trkpt lat="38.89498" lon="111.79759">
        <ele>1470.6644</ele>
        <time>2014-08-03T10:51:32.638000Z</time>
      </trkpt>
      <trkpt lat="38.895065" lon="111.797714">
        <ele>1470.667</ele>
        <time>2014-08-03T10:51:35.744000Z</time>
      </trkpt>
      <trkpt lat="38.89513" lon="111.79782">
        <ele>1470.402</ele>
        <time>2014-08-03T10:51:38.850000Z</time>
      </trkpt>
      <trkpt lat="38.89519" lon="111.79793">
        <ele>1469.7316</ele>
        <time>2014-08-03T10:51:41.956000Z</time>
      </trkpt>
      <trkpt lat="38.89527" lon="111.79805">
        <ele>1468.956</ele>
        <time>2014-08-03T10:51:45.062000Z</time>
      </trkpt>
      <trkpt lat="38.89533" lon="111.79814">
        <ele>1468.5194</ele>
        <time>2014-08-03T10:51:48.168000Z</time>
      </trkpt>
      <trkpt lat="38.89567" lon="111.79871">
        <ele>1466.2571</ele>
        <time>2014-08-03T10:51:51.274000Z</time>
      </trkpt>
      <trkpt lat="38.89568" lon="111.79872">
        <ele>1466.206</ele>
        <time>2014-08-03T10:51:54.380000Z</time>
      </trkpt>
      <trkpt lat="38.89568" lon="111.79872">
        <ele>1466.155</ele>
        <time>2014-08-03T10:51:57.486000Z</time>
      </trkpt>
      <trkpt lat="38.895763" lon="111.79883">
        <ele>1466.1436</ele>
        <time>2014-08-03T10:52:00.592000Z</time>
      </trkpt>
      <trkpt lat="38.895832" lon="111.798935">
        <ele>1466.1721</ele>
        <time>2014-08-03T10:52:03.698000Z</time>
      </trkpt>
      <trkpt lat="38.895897" lon="111.79902">
        <ele>1466.2092</ele>
        <time>2014-08-03T10:52:06.804000Z</time>
      </trkpt>
      <trkpt lat="38.89597" lon="111.7991">
        <ele>1466.1813</ele>
        <time>2014-08-03T10:52:09.910000Z</time>
      </trkpt>
      <trkpt lat="38.896038" lon="111.7992">
        <ele>1465.8857</ele>
        <time>2014-08-03T10:52:13.016000Z</time>
      </trkpt>
      <trkpt lat="38.896103" lon="111.79929">
        <ele>1465.2979</ele>
        <time>2014-08-03T10:52:16.122000Z</time>
      </trkpt>
      <trkpt lat="38.89616" lon="111.79939">
        <ele>1464.7097</ele>
        <time>2014-08-03T10:52:19.228000Z</time>
      </trkpt>
      <trkpt lat="38.89623" lon="111.79949">
        <ele>1464.2767</ele>
        <time>2014-08-03T10:52:22.334000Z</time>
      </trkpt>
      <trkpt lat="38.8963" lon="111.7996">
        <ele>1463.829</ele>
        <time>2014-08-03T10:52:25.440000Z</time>
      </trkpt>
      <trkpt lat="38.896378" lon="111.799706">
        <ele>1463.4485</ele>
        <time>2014-08-03T10:52:28.546000Z</time>
      </trkpt>
      <trkpt lat="38.896458" lon="111.79983">
        <ele>1463.256</ele>
        <time>2014-08-03T10:52:31.652000Z</time>
      </trkpt>
      <trkpt lat="38.896515" lon="111.79992">
        <ele>1463.0823</ele>
        <time>2014-08-03T10:52:34.758000Z</time>
      </trkpt>
      <trkpt lat="38.896584" lon="111.800026">
        <ele>1462.7896</ele>
        <time>2014-08-03T10:52:37.864000Z</time>
      </trkpt>
      <trkpt lat="38.89665" lon="111.80013">
        <ele>1462.4832</ele>
        <time>2014-08-03T10:52:40.970000Z</time>
      </trkpt>
      <trkpt lat="38.896725" lon="111.80023">
        <ele>1462.263</ele>
        <time>2014-08-03T10:52:44.076000Z</time>
      </trkpt>
      <trkpt lat="38.896793" lon="111.80034">
        <ele>1462.3379</ele>
        <time>2014-08-03T10:52:47.182000Z</time>
      </trkpt>
      <trkpt lat="38.89687" lon="111.80046">
        <ele>1462.3695</ele>
        <time>2014-08-03T10:52:50.288000Z</time>
      </trkpt>
      <trkpt lat="38.89694" lon="111.80056">
        <ele>1461.8392</ele>
        <time>2014-08-03T10:52:53.394000Z</time>
      </trkpt>
      <trkpt lat="38.89701" lon="111.80067">
        <ele>1461.0638</ele>
        <time>2014-08-03T10:52:56.500000Z</time>
      </trkpt>
      <trkpt lat="38.897083" lon="111.800766">
        <ele>1460.6342</ele>
        <time>2014-08-03T10:52:59.606000Z</time>
      </trkpt>
      <trkpt lat="38.89715" lon="111.800865">
        <ele>1460.4465</ele>
        <time>2014-08-03T10:53:02.712000Z</time>
      </trkpt>
      <trkpt lat="38.897217" lon="111.80096">
        <ele>1459.9863</ele>
        <time>2014-08-03T10:53:05.818000Z</time>
      </trkpt>
      <trkpt lat="38.897285" lon="111.80106">
        <ele>1458.9716</ele>
        <time>2014-08-03T10:53:08.924000Z</time>
      </trkpt>
      <trkpt lat="38.89736" lon="111.80119">
        <ele>1457.961</ele>
        <time>2014-08-03T10:53:12.030000Z</time>
      </trkpt>
      <trkpt lat="38.89743" lon="111.801315">
        <ele>1457.4896</ele>
        <time>2014-08-03T10:53:15.136000Z</time>
      </trkpt>
      <trkpt lat="38.897503" lon="111.80142">
        <ele>1457.5879</ele>
        <time>2014-08-03T10:53:18.242000Z</time>
      </trkpt>
      <trkpt lat="38.89757" lon="111.80151">
        <ele>1458.1282</ele>
        <time>2014-08-03T10:53:21.348000Z</time>
      </trkpt>
      <trkpt lat="38.897636" lon="111.80162">
        <ele>1458.7372</ele>
        <time>2014-08-03T10:53:24.454000Z</time>
      </trkpt>
      <trkpt lat="38.89771" lon="111.801735">
        <ele>1458.901</ele>
        <time>2014-08-03T10:53:27.560000Z</time>
      </trkpt>
      <trkpt lat="38.897766" lon="111.80182">
        <ele>1458.5908</ele>
        <time>2014-08-03T10:53:30.666000Z</time>
      </trkpt>
      <trkpt lat="38.897835" lon="111.801926">
        <ele>1457.8833</ele>
        <time>2014-08-03T10:53:33.772000Z</time>
      </trkpt>
      <trkpt lat="38.897915" lon="111.80203">
        <ele>1457.0702</ele>
        <time>2014-08-03T10:53:36.878000Z</time>
      </trkpt>
      <trkpt lat="38.897984" lon="111.80213">
        <ele>1456.656</ele>
        <time>2014-08-03T10:53:39.984000Z</time>
      </trkpt>
      <trkpt lat="38.89805" lon="111.80222">
        <ele>1456.7052</ele>
        <time>2014-08-03T10:53:43.090000Z</time>
      </trkpt>
      <trkpt lat="38.898117" lon="111.802315">
        <ele>1456.7946</ele>
        <time>2014-08-03T10:53:46.196000Z</time>
      </trkpt>
      <trkpt lat="38.898186" lon="111.802414">
        <ele>1456.4093</ele>
        <time>2014-08-03T10:53:49.302000Z</time>
      </trkpt>
      <trkpt lat="38.898247" lon="111.80253">
        <ele>1455.397</ele>
        <time>2014-08-03T10:53:52.408000Z</time>
      </trkpt>
      <trkpt lat="38.898308" lon="111.80264">
        <ele>1454.3877</ele>
        <time>2014-08-03T10:53:55.514000Z</time>
      </trkpt>
      <trkpt lat="38.89838" lon="111.80274">
        <ele>1453.779</ele>
        <time>2014-08-03T10:53:58.620000Z</time>
      </trkpt>
      <trkpt lat="38.898445" lon="111.80283">
        <ele>1453.2488</ele>
        <time>2014-08-03T10:54:01.726000Z</time>
      </trkpt>
      <trkpt lat="38.898514" lon="111.80293">
        <ele>1452.4961</ele>
        <time>2014-08-03T10:54:04.832000Z</time>
      </trkpt>
      <trkpt lat="38.898575" lon="111.80304">
        <ele>1451.4924</ele>
        <time>2014-08-03T10:54:07.938000Z</time>
      </trkpt>
      <trkpt lat="38.898647" lon="111.80314">
        <ele>1450.5942</ele>
        <time>2014-08-03T10:54:11.044000Z</time>
      </trkpt>
      <trkpt lat="38.898712" lon="111.80324">
        <ele>1450.142</ele>
        <time>2014-08-03T10:54:14.150000Z</time>
      </trkpt>
      <trkpt lat="38.898785" lon="111.80336">
        <ele>1450.0522</ele>
        <time>2014-08-03T10:54:17.256000Z</time>
      </trkpt>
      <trkpt lat="38.89885" lon="111.80345">
        <ele>1450.0813</ele>
        <time>2014-08-03T10:54:20.362000Z</time>
      </trkpt>
      <trkpt lat="38.898922" lon="111.80356">
        <ele>1449.8816</ele>
        <time>2014-08-03T10:54:23.468000Z</time>
      </trkpt>
      <trkpt lat="38.899006" lon="111.80368">
        <ele>1449.2885</ele>
        <time>2014-08-03T10:54:26.574000Z</time>
      </trkpt>
      <trkpt lat="38.899063" lon="111.80377">
        <ele>1448.6279</ele>
        <time>2014-08-03T10:54:29.680000Z</time>
      </trkpt>
      <trkpt lat="38.899143" lon="111.80388">
        <ele>1448.053</ele>
        <time>2014-08-03T10:54:32.786000Z</time>
      </trkpt>
      <trkpt lat="38.899208" lon="111.803986">
        <ele>1447.4673</ele>
        <time>2014-08-03T10:54:35.892000Z</time>
      </trkpt>
      <trkpt lat="38.89926" lon="111.804085">
        <ele>1446.9607</ele>
        <time>2014-08-03T10:54:38.998000Z</time>
      </trkpt>
      <trkpt lat="38.899326" lon="111.80419">
        <ele>1446.0789</ele>
        <time>2014-08-03T10:54:42.104000Z</time>
      </trkpt>
      <trkpt lat="38.8994" lon="111.804306">
        <ele>1444.3351</ele>
        <time>2014-08-03T10:54:45.210000Z</time>
      </trkpt>
      <trkpt lat="38.899456" lon="111.804405">
        <ele>1442.4467</ele>
        <time>2014-08-03T10:54:48.316000Z</time>
      </trkpt>
      <trkpt lat="38.899532" lon="111.80453">
        <ele>1441.3778</ele>
        <time>2014-08-03T10:54:51.422000Z</time>
      </trkpt>
      <trkpt lat="38.89962" lon="111.80465">
        <ele>1441.233</ele>
        <time>2014-08-03T10:54:54.528000Z</time>
      </trkpt>
      <trkpt lat="38.899696" lon="111.80475">
        <ele>1441.7146</ele>
        <time>2014-08-03T10:54:57.634000Z</time>
      </trkpt>
      <trkpt lat="38.899765" lon="111.80485">
        <ele>1442.392</ele>
        <time>2014-08-03T10:55:00.740000Z</time>
      </trkpt>
      <trkpt lat="38.899837" lon="111.804955">
        <ele>1442.8982</ele>
        <time>2014-08-03T10:55:03.846000Z</time>
      </trkpt>
      <trkpt lat="38.89991" lon="111.80507">
        <ele>1443.0342</ele>
        <time>2014-08-03T10:55:06.952000Z</time>
      </trkpt>
      <trkpt lat="38.89997" lon="111.80517">
        <ele>1442.8246</ele>
        <time>2014-08-03T10:55:10.058000Z</time>
      </trkpt>
      <trkpt lat="38.900032" lon="111.80527">
        <ele>1442.2925</ele>
        <time>2014-08-03T10:55:13.164000Z</time>
      </trkpt>
      <trkpt lat="38.900093" lon="111.805374">
        <ele>1441.4291</ele>
        <time>2014-08-03T10:55:16.270000Z</time>
      </trkpt>
      <trkpt lat="38.900173" lon="111.8055">
        <ele>1440.5558</ele>
        <time>2014-08-03T10:55:19.376000Z</time>
      </trkpt>
      <trkpt lat="38.90023" lon="111.805595">
        <ele>1439.9917</ele>
        <time>2014-08-03T10:55:22.482000Z</time>
      </trkpt>
      <trkpt lat="38.900295" lon="111.805695">
        <ele>1439.5183</ele>
        <time>2014-08-03T10:55:25.588000Z</time>
      </trkpt>
      <trkpt lat="38.900368" lon="111.8058">
        <ele>1438.9705</ele>
        <time>2014-08-03T10:55:28.694000Z</time>
      </trkpt>
      <trkpt lat="38.900433" lon="111.8059">
        <ele>1438.5472</ele>
        <time>2014-08-03T10:55:31.800000Z</time>
      </trkpt>
      <trkpt lat="38.900513" lon="111.80602">
        <ele>1438.3414</ele>
        <time>2014-08-03T10:55:34.906000Z</time>
      </trkpt>
      <trkpt lat="38.90059" lon="111.80613">
        <ele>1438.1765</ele>
        <time>2014-08-03T10:55:38.012000Z</time>
      </trkpt>
      <trkpt lat="38.90065" lon="111.80622">
        <ele>1437.4716</ele>
        <time>2014-08-03T10:55:41.118000Z</time>
      </trkpt>
      <trkpt lat="38.900723" lon="111.80632">
        <ele>1436.0061</ele>
        <time>2014-08-03T10:55:44.224000Z</time>
      </trkpt>
      <trkpt lat="38.90079" lon="111.80643">
        <ele>1434.846</ele>
        <time>2014-08-03T10:55:47.330000Z</time>
      </trkpt>
      <trkpt lat="38.900864" lon="111.80653">
        <ele>1435.0352</ele>
        <time>2014-08-03T10:55:50.436000Z</time>
      </trkpt>
      <trkpt lat="38.900932" lon="111.80664">
        <ele>1436.1072</ele>
        <time>2014-08-03T10:55:53.542000Z</time>
      </trkpt>
      <trkpt lat="38.900986" lon="111.80674">
        <ele>1436.9373</ele>
        <time>2014-08-03T10:55:56.648000Z</time>
      </trkpt>
      <trkpt lat="38.901054" lon="111.80682">
        <ele>1436.9506</ele>
        <time>2014-08-03T10:55:59.754000Z</time>
      </trkpt>
      <trkpt lat="38.901115" lon="111.80692">
        <ele>1436.4376</ele>
        <time>2014-08-03T10:56:02.860000Z</time>
      </trkpt>
      <trkpt lat="38.90118" lon="111.80702">
        <ele>1435.959</ele>
        <time>2014-08-03T10:56:05.966000Z</time>
      </trkpt>
      <trkpt lat="38.901154" lon="111.80714">
        <ele>1435.8032</ele>
        <time>2014-08-03T10:56:09.072000Z</time>
      </trkpt>
      <trkpt lat="38.901215" lon="111.80719">
        <ele>1434.0602</ele>
        <time>2014-08-03T10:56:12.178000Z</time>
      </trkpt>
      <trkpt lat="38.901215" lon="111.80719">
        <ele>1433.9248</ele>
        <time>2014-08-03T10:56:15.284000Z</time>
      </trkpt>
      <trkpt lat="38.901306" lon="111.80728">
        <ele>1433.6385</ele>
        <time>2014-08-03T10:56:18.390000Z</time>
      </trkpt>
      <trkpt lat="38.901337" lon="111.80731">
        <ele>1433.4453</ele>
        <time>2014-08-03T10:56:21.496000Z</time>
      </trkpt>
      <trkpt lat="38.90142" lon="111.8074">
        <ele>1433.4476</ele>
        <time>2014-08-03T10:56:24.602000Z</time>
      </trkpt>
      <trkpt lat="38.90149" lon="111.80751">
        <ele>1433.8025</ele>
        <time>2014-08-03T10:56:27.708000Z</time>
      </trkpt>
      <trkpt lat="38.901558" lon="111.80762">
        <ele>1434.5769</ele>
        <time>2014-08-03T10:56:30.814000Z</time>
      </trkpt>
      <trkpt lat="38.90162" lon="111.80773">
        <ele>1434.3228</ele>
        <time>2014-08-03T10:56:33.920000Z</time>
      </trkpt>
      <trkpt lat="38.901672" lon="111.80784">
        <ele>1433.4042</ele>
        <time>2014-08-03T10:56:37.026000Z</time>
      </trkpt>
      <trkpt lat="38.901733" lon="111.80794">
        <ele>1432.91</ele>
        <time>2014-08-03T10:56:40.132000Z</time>
      </trkpt>
      <trkpt lat="38.901814" lon="111.80805">
        <ele>1432.8414</ele>
        <time>2014-08-03T10:56:43.238000Z</time>
      </trkpt>
      <trkpt lat="38.901882" lon="111.80815">
        <ele>1432.953</ele>
        <time>2014-08-03T10:56:46.344000Z</time>
      </trkpt>
      <trkpt lat="38.90196" lon="111.80827">
        <ele>1433.0267</ele>
        <time>2014-08-03T10:56:49.450000Z</time>
      </trkpt>
      <trkpt lat="38.902027" lon="111.80838">
        <ele>1432.8569</ele>
        <time>2014-08-03T10:56:52.556000Z</time>
      </trkpt>
      <trkpt lat="38.902092" lon="111.80848">
        <ele>1432.4077</ele>
        <time>2014-08-03T10:56:55.662000Z</time>
      </trkpt>
      <trkpt lat="38.902153" lon="111.80857">
        <ele>1431.9193</ele>
        <time>2014-08-03T10:56:58.768000Z</time>
      </trkpt>
      <trkpt lat="38.902225" lon="111.808685">
        <ele>1431.3009</ele>
        <time>2014-08-03T10:57:01.874000Z</time>
      </trkpt>
      <trkpt lat="38.902298" lon="111.80881">
        <ele>1430.3823</ele>
        <time>2014-08-03T10:57:04.980000Z</time>
      </trkpt>
      <trkpt lat="38.902363" lon="111.8089">
        <ele>1429.7554</ele>
        <time>2014-08-03T10:57:08.086000Z</time>
      </trkpt>
      <trkpt lat="38.902424" lon="111.809006">
        <ele>1429.8967</ele>
        <time>2014-08-03T10:57:11.192000Z</time>
      </trkpt>
      <trkpt lat="38.902485" lon="111.809105">
        <ele>1430.371</ele>
        <time>2014-08-03T10:57:14.298000Z</time>
      </trkpt>
      <trkpt lat="38.902557" lon="111.80921">
        <ele>1430.6957</ele>
        <time>2014-08-03T10:57:17.404000Z</time>
      </trkpt>
      <trkpt lat="38.90263" lon="111.80932">
        <ele>1430.8201</ele>
        <time>2014-08-03T10:57:20.510000Z</time>
      </trkpt>
      <trkpt lat="38.902706" lon="111.809425">
        <ele>1430.5962</ele>
        <time>2014-08-03T10:57:23.616000Z</time>
      </trkpt>
      <trkpt lat="38.902767" lon="111.80952">
        <ele>1429.7849</ele>
        <time>2014-08-03T10:57:26.722000Z</time>
      </trkpt>
      <trkpt lat="38.902832" lon="111.80963">
        <ele>1428.8557</ele>
        <time>2014-08-03T10:57:29.828000Z</time>
      </trkpt>
      <trkpt lat="38.902912" lon="111.80975">
        <ele>1428.5117</ele>
        <time>2014-08-03T10:57:32.934000Z</time>
      </trkpt>
      <trkpt lat="38.90298" lon="111.809875">
        <ele>1428.7131</ele>
        <time>2014-08-03T10:57:36.040000Z</time>
      </trkpt>
      <trkpt lat="38.903046" lon="111.80998">
        <ele>1429.0625</ele>
        <time>2014-08-03T10:57:39.146000Z</time>
      </trkpt>
      <trkpt lat="38.903114" lon="111.81009">
        <ele>1429.4294</ele>
        <time>2014-08-03T10:57:42.252000Z</time>
      </trkpt>
      <trkpt lat="38.90318" lon="111.81018">
        <ele>1429.7789</ele>
        <time>2014-08-03T10:57:45.358000Z</time>
      </trkpt>
      <trkpt lat="38.903248" lon="111.810295">
        <ele>1429.7343</ele>
        <time>2014-08-03T10:57:48.464000Z</time>
      </trkpt>
      <trkpt lat="38.903336" lon="111.81042">
        <ele>1428.934</ele>
        <time>2014-08-03T10:57:51.570000Z</time>
      </trkpt>
      <trkpt lat="38.903416" lon="111.81053">
        <ele>1427.8041</ele>
        <time>2014-08-03T10:57:54.676000Z</time>
      </trkpt>
      <trkpt lat="38.90348" lon="111.81062">
        <ele>1427.0166</ele>
        <time>2014-08-03T10:57:57.782000Z</time>
      </trkpt>
      <trkpt lat="38.903538" lon="111.810715">
        <ele>1427.0485</ele>
        <time>2014-08-03T10:58:00.888000Z</time>
      </trkpt>
      <trkpt lat="38.90361" lon="111.81084">
        <ele>1427.9048</ele>
        <time>2014-08-03T10:58:03.994000Z</time>
      </trkpt>
      <trkpt lat="38.903667" lon="111.81094">
        <ele>1428.988</ele>
        <time>2014-08-03T10:58:07.100000Z</time>
      </trkpt>
      <trkpt lat="38.90373" lon="111.81105">
        <ele>1429.9071</ele>
        <time>2014-08-03T10:58:10.206000Z</time>
      </trkpt>
      <trkpt lat="38.903797" lon="111.81114">
        <ele>1430.6422</ele>
        <time>2014-08-03T10:58:13.312000Z</time>
      </trkpt>
      <trkpt lat="38.903866" lon="111.81127">
        <ele>1430.6302</ele>
        <time>2014-08-03T10:58:16.418000Z</time>
      </trkpt>
      <trkpt lat="38.90393" lon="111.81138">
        <ele>1429.6185</ele>
        <time>2014-08-03T10:58:19.524000Z</time>
      </trkpt>
      <trkpt lat="38.90399" lon="111.81149">
        <ele>1428.4329</ele>
        <time>2014-08-03T10:58:22.630000Z</time>
      </trkpt>
      <trkpt lat="38.90405" lon="111.8116">
        <ele>1427.7516</ele>
        <time>2014-08-03T10:58:25.736000Z</time>
      </trkpt>
      <trkpt lat="38.904106" lon="111.81172">
        <ele>1427.4324</ele>
        <time>2014-08-03T10:58:28.842000Z</time>
      </trkpt>
      <trkpt lat="38.90417" lon="111.81183">
        <ele>1428.1638</ele>
        <time>2014-08-03T10:58:31.948000Z</time>
      </trkpt>
      <trkpt lat="38.90422" lon="111.81194">
        <ele>1430.8517</ele>
        <time>2014-08-03T10:58:35.054000Z</time>
      </trkpt>
      <trkpt lat="38.90427" lon="111.81204">
        <ele>1434.3761</ele>
        <time>2014-08-03T10:58:38.160000Z</time>
      </trkpt>
      <trkpt lat="38.90433" lon="111.81214">
        <ele>1435.9583</ele>
        <time>2014-08-03T10:58:41.266000Z</time>
      </trkpt>
      <trkpt lat="38.904427" lon="111.81224">
        <ele>1434.3553</ele>
        <time>2014-08-03T10:58:44.372000Z</time>
      </trkpt>
      <trkpt lat="38.90452" lon="111.81233">
        <ele>1431.1903</ele>
        <time>2014-08-03T10:58:47.478000Z</time>
      </trkpt>
      <trkpt lat="38.904606" lon="111.81243">
        <ele>1428.6086</ele>
        <time>2014-08-03T10:58:50.584000Z</time>
      </trkpt>
      <trkpt lat="38.90468" lon="111.81253">
        <ele>1427.1726</ele>
        <time>2014-08-03T10:58:53.690000Z</time>
      </trkpt>
      <trkpt lat="38.904755" lon="111.81264">
        <ele>1426.6442</ele>
        <time>2014-08-03T10:58:56.796000Z</time>
      </trkpt>
      <trkpt lat="38.904823" lon="111.81273">
        <ele>1426.6742</ele>
        <time>2014-08-03T10:58:59.902000Z</time>
      </trkpt>
      <trkpt lat="38.904896" lon="111.81284">
        <ele>1426.7384</ele>
        <time>2014-08-03T10:59:03.008000Z</time>
      </trkpt>
      <trkpt lat="38.90495" lon="111.81294">
        <ele>1426.5322</ele>
        <time>2014-08-03T10:59:06.114000Z</time>
      </trkpt>
      <trkpt lat="38.905018" lon="111.813034">
        <ele>1426.071</ele>
        <time>2014-08-03T10:59:09.220000Z</time>
      </trkpt>
      <trkpt lat="38.905087" lon="111.81314">
        <ele>1425.5143</ele>
        <time>2014-08-03T10:59:12.326000Z</time>
      </trkpt>
      <trkpt lat="38.905167" lon="111.813255">
        <ele>1425.1031</ele>
        <time>2014-08-03T10:59:15.432000Z</time>
      </trkpt>
      <trkpt lat="38.905243" lon="111.813354">
        <ele>1425.0154</ele>
        <time>2014-08-03T10:59:18.538000Z</time>
      </trkpt>
      <trkpt lat="38.905308" lon="111.813446">
        <ele>1425.1642</ele>
        <time>2014-08-03T10:59:21.644000Z</time>
      </trkpt>
      <trkpt lat="38.905365" lon="111.81355">
        <ele>1425.3527</ele>
        <time>2014-08-03T10:59:24.750000Z</time>
      </trkpt>
      <trkpt lat="38.90543" lon="111.81366">
        <ele>1425.2203</ele>
        <time>2014-08-03T10:59:27.856000Z</time>
      </trkpt>
      <trkpt lat="38.905495" lon="111.81375">
        <ele>1424.551</ele>
        <time>2014-08-03T10:59:30.962000Z</time>
      </trkpt>
      <trkpt lat="38.905575" lon="111.81386">
        <ele>1423.6226</ele>
        <time>2014-08-03T10:59:34.068000Z</time>
      </trkpt>
      <trkpt lat="38.905655" lon="111.81398">
        <ele>1422.7324</ele>
        <time>2014-08-03T10:59:37.174000Z</time>
      </trkpt>
      <trkpt lat="38.90573" lon="111.81409">
        <ele>1421.9681</ele>
        <time>2014-08-03T10:59:40.280000Z</time>
      </trkpt>
      <trkpt lat="38.905804" lon="111.814186">
        <ele>1421.676</ele>
        <time>2014-08-03T10:59:43.386000Z</time>
      </trkpt>
      <trkpt lat="38.905872" lon="111.81429">
        <ele>1422.0247</ele>
        <time>2014-08-03T10:59:46.492000Z</time>
      </trkpt>
      <trkpt lat="38.905933" lon="111.8144">
        <ele>1422.6471</ele>
        <time>2014-08-03T10:59:49.598000Z</time>
      </trkpt>
      <trkpt lat="38.905994" lon="111.8145">
        <ele>1423.179</ele>
        <time>2014-08-03T10:59:52.704000Z</time>
      </trkpt>
      <trkpt lat="38.906055" lon="111.81459">
        <ele>1423.4895</ele>
        <time>2014-08-03T10:59:55.810000Z</time>
      </trkpt>
      <trkpt lat="38.90612" lon="111.81471">
        <ele>1423.6638</ele>
        <time>2014-08-03T10:59:58.916000Z</time>
      </trkpt>
      <trkpt lat="38.90619" lon="111.8148">
        <ele>1423.2909</ele>
        <time>2014-08-03T11:00:02.022000Z</time>
      </trkpt>
      <trkpt lat="38.90627" lon="111.81492">
        <ele>1422.3065</ele>
        <time>2014-08-03T11:00:05.128000Z</time>
      </trkpt>
      <trkpt lat="38.906334" lon="111.815">
        <ele>1421.3528</ele>
        <time>2014-08-03T11:00:08.234000Z</time>
      </trkpt>
      <trkpt lat="38.90641" lon="111.81509">
        <ele>1420.9288</ele>
        <time>2014-08-03T11:00:11.340000Z</time>
      </trkpt>
      <trkpt lat="38.90649" lon="111.81519">
        <ele>1420.968</ele>
        <time>2014-08-03T11:00:14.446000Z</time>
      </trkpt>
      <trkpt lat="38.90655" lon="111.815285">
        <ele>1421.3011</ele>
        <time>2014-08-03T11:00:17.552000Z</time>
      </trkpt>
      <trkpt lat="38.906612" lon="111.8154">
        <ele>1421.8535</ele>
        <time>2014-08-03T11:00:20.658000Z</time>
      </trkpt>
      <trkpt lat="38.906673" lon="111.81549">
        <ele>1422.7526</ele>
        <time>2014-08-03T11:00:23.764000Z</time>
      </trkpt>
      <trkpt lat="38.906754" lon="111.81563">
        <ele>1423.6249</ele>
        <time>2014-08-03T11:00:26.870000Z</time>
      </trkpt>
      <trkpt lat="38.906788" lon="111.815765">
        <ele>1424.1348</ele>
        <time>2014-08-03T11:00:29.976000Z</time>
      </trkpt>
      <trkpt lat="38.906857" lon="111.81588">
        <ele>1424.3411</ele>
        <time>2014-08-03T11:00:33.082000Z</time>
      </trkpt>
      <trkpt lat="38.90692" lon="111.81597">
        <ele>1424.4829</ele>
        <time>2014-08-03T11:00:36.188000Z</time>
      </trkpt>
      <trkpt lat="38.906986" lon="111.81609">
        <ele>1424.5734</ele>
        <time>2014-08-03T11:00:39.294000Z</time>
      </trkpt>
      <trkpt lat="38.907066" lon="111.81622">
        <ele>1424.5476</ele>
        <time>2014-08-03T11:00:42.400000Z</time>
      </trkpt>
      <trkpt lat="38.907124" lon="111.81632">
        <ele>1424.637</ele>
        <time>2014-08-03T11:00:45.506000Z</time>
      </trkpt>
      <trkpt lat="38.907185" lon="111.81643">
        <ele>1425.0139</ele>
        <time>2014-08-03T11:00:48.612000Z</time>
      </trkpt>
      <trkpt lat="38.90725" lon="111.81652">
        <ele>1425.2313</ele>
        <time>2014-08-03T11:00:51.718000Z</time>
      </trkpt>
      <trkpt lat="38.90732" lon="111.816605">
        <ele>1424.7472</ele>
        <time>2014-08-03T11:00:54.824000Z</time>
      </trkpt>
      <trkpt lat="38.907417" lon="111.8167">
        <ele>1423.5157</ele>
        <time>2014-08-03T11:00:57.930000Z</time>
      </trkpt>
      <trkpt lat="38.907486" lon="111.81678">
        <ele>1422.2472</ele>
        <time>2014-08-03T11:01:01.036000Z</time>
      </trkpt>
      <trkpt lat="38.90755" lon="111.816864">
        <ele>1421.4236</ele>
        <time>2014-08-03T11:01:04.142000Z</time>
      </trkpt>
      <trkpt lat="38.907623" lon="111.81698">
        <ele>1420.5234</ele>
        <time>2014-08-03T11:01:07.248000Z</time>
      </trkpt>
      <trkpt lat="38.907696" lon="111.817085">
        <ele>1418.9556</ele>
        <time>2014-08-03T11:01:10.354000Z</time>
      </trkpt>
      <trkpt lat="38.90775" lon="111.8172">
        <ele>1417.1294</ele>
        <time>2014-08-03T11:01:13.460000Z</time>
      </trkpt>
      <trkpt lat="38.907818" lon="111.817314">
        <ele>1416.2698</ele>
        <time>2014-08-03T11:01:16.566000Z</time>
      </trkpt>
      <trkpt lat="38.90789" lon="111.81744">
        <ele>1417.4064</ele>
        <time>2014-08-03T11:01:19.672000Z</time>
      </trkpt>
      <trkpt lat="38.90797" lon="111.81754">
        <ele>1419.7726</ele>
        <time>2014-08-03T11:01:22.778000Z</time>
      </trkpt>
      <trkpt lat="38.908043" lon="111.81762">
        <ele>1421.1185</ele>
        <time>2014-08-03T11:01:25.884000Z</time>
      </trkpt>
      <trkpt lat="38.90812" lon="111.81773">
        <ele>1420.4283</ele>
        <time>2014-08-03T11:01:28.990000Z</time>
      </trkpt>
      <trkpt lat="38.908203" lon="111.81785">
        <ele>1418.9984</ele>
        <time>2014-08-03T11:01:32.096000Z</time>
      </trkpt>
      <trkpt lat="38.90827" lon="111.81794">
        <ele>1418.2737</ele>
        <time>2014-08-03T11:01:35.202000Z</time>
      </trkpt>
      <trkpt lat="38.908344" lon="111.81805">
        <ele>1418.2512</ele>
        <time>2014-08-03T11:01:38.308000Z</time>
      </trkpt>
      <trkpt lat="38.90842" lon="111.81815">
        <ele>1418.1986</ele>
        <time>2014-08-03T11:01:41.414000Z</time>
      </trkpt>
      <trkpt lat="38.908497" lon="111.818275">
        <ele>1417.6298</ele>
        <time>2014-08-03T11:01:44.520000Z</time>
      </trkpt>
      <trkpt lat="38.90856" lon="111.81838">
        <ele>1416.5872</ele>
        <time>2014-08-03T11:01:47.626000Z</time>
      </trkpt>
      <trkpt lat="38.908623" lon="111.81849">
        <ele>1415.441</ele>
        <time>2014-08-03T11:01:50.732000Z</time>
      </trkpt>
      <trkpt lat="38.908688" lon="111.81859">
        <ele>1414.7367</ele>
        <time>2014-08-03T11:01:53.838000Z</time>
      </trkpt>
      <trkpt lat="38.908688" lon="111.81859">
        <ele>1414.653</ele>
        <time>2014-08-03T11:01:56.944000Z</time>
      </trkpt>
      <trkpt lat="38.908764" lon="111.818695">
        <ele>1414.9817</ele>
        <time>2014-08-03T11:02:00.050000Z</time>
      </trkpt>
      <trkpt lat="38.90883" lon="111.818794">
        <ele>1415.5123</ele>
        <time>2014-08-03T11:02:03.156000Z</time>
      </trkpt>
      <trkpt lat="38.908894" lon="111.8189">
        <ele>1416.0898</ele>
        <time>2014-08-03T11:02:06.262000Z</time>
      </trkpt>
      <trkpt lat="38.908962" lon="111.81899">
        <ele>1416.6843</ele>
        <time>2014-08-03T11:02:09.368000Z</time>
      </trkpt>
      <trkpt lat="38.908962" lon="111.81899">
        <ele>1417.2567</ele>
        <time>2014-08-03T11:02:12.474000Z</time>
      </trkpt>
      <trkpt lat="38.909054" lon="111.81909">
        <ele>1417.6077</ele>
        <time>2014-08-03T11:02:15.580000Z</time>
      </trkpt>
      <trkpt lat="38.909126" lon="111.81918">
        <ele>1417.3405</ele>
        <time>2014-08-03T11:02:18.686000Z</time>
      </trkpt>
      <trkpt lat="38.909206" lon="111.8193">
        <ele>1416.7106</ele>
        <time>2014-08-03T11:02:21.792000Z</time>
      </trkpt>
      <trkpt lat="38.90928" lon="111.8194">
        <ele>1416.2687</ele>
        <time>2014-08-03T11:02:24.898000Z</time>
      </trkpt>
      <trkpt lat="38.909344" lon="111.819496">
        <ele>1415.8896</ele>
        <time>2014-08-03T11:02:28.004000Z</time>
      </trkpt>
      <trkpt lat="38.90941" lon="111.8196">
        <ele>1415.435</ele>
        <time>2014-08-03T11:02:31.110000Z</time>
      </trkpt>
      <trkpt lat="38.909492" lon="111.81973">
        <ele>1415.1641</ele>
        <time>2014-08-03T11:02:34.216000Z</time>
      </trkpt>
      <trkpt lat="38.909557" lon="111.81983">
        <ele>1414.9598</ele>
        <time>2014-08-03T11:02:37.322000Z</time>
      </trkpt>
      <trkpt lat="38.909626" lon="111.819916">
        <ele>1414.7339</ele>
        <time>2014-08-03T11:02:40.428000Z</time>
      </trkpt>
      <trkpt lat="38.909702" lon="111.82002">
        <ele>1414.6019</ele>
        <time>2014-08-03T11:02:43.534000Z</time>
      </trkpt>
      <trkpt lat="38.909767" lon="111.82011">
        <ele>1414.6423</ele>
        <time>2014-08-03T11:02:46.640000Z</time>
      </trkpt>
      <trkpt lat="38.90983" lon="111.820206">
        <ele>1414.7456</ele>
        <time>2014-08-03T11:02:49.746000Z</time>
      </trkpt>
      <trkpt lat="38.9099" lon="111.82031">
        <ele>1414.8004</ele>
        <time>2014-08-03T11:02:52.852000Z</time>
      </trkpt>
      <trkpt lat="38.90996" lon="111.8204">
        <ele>1414.8054</ele>
        <time>2014-08-03T11:02:55.958000Z</time>
      </trkpt>
      <trkpt lat="38.90996" lon="111.8204">
        <ele>1414.7826</ele>
        <time>2014-08-03T11:02:59.064000Z</time>
      </trkpt>
      <trkpt lat="38.910057" lon="111.82049">
        <ele>1415.3898</ele>
        <time>2014-08-03T11:03:02.170000Z</time>
      </trkpt>
      <trkpt lat="38.910107" lon="111.82059">
        <ele>1416.6548</ele>
        <time>2014-08-03T11:03:05.276000Z</time>
      </trkpt>
      <trkpt lat="38.91016" lon="111.820694">
        <ele>1417.3677</ele>
        <time>2014-08-03T11:03:08.382000Z</time>
      </trkpt>
      <trkpt lat="38.91016" lon="111.820694">
        <ele>1417.0402</ele>
        <time>2014-08-03T11:03:11.488000Z</time>
      </trkpt>
      <trkpt lat="38.910206" lon="111.82081">
        <ele>1416.1399</ele>
        <time>2014-08-03T11:03:14.594000Z</time>
      </trkpt>
      <trkpt lat="38.910255" lon="111.820915">
        <ele>1414.9427</ele>
        <time>2014-08-03T11:03:17.700000Z</time>
      </trkpt>
      <trkpt lat="38.91032" lon="111.821014">
        <ele>1413.7533</ele>
        <time>2014-08-03T11:03:20.806000Z</time>
      </trkpt>
      <trkpt lat="38.910397" lon="111.82112">
        <ele>1412.9706</ele>
        <time>2014-08-03T11:03:23.912000Z</time>
      </trkpt>
      <trkpt lat="38.910477" lon="111.82121">
        <ele>1413.0299</ele>
        <time>2014-08-03T11:03:27.018000Z</time>
      </trkpt>
      <trkpt lat="38.910557" lon="111.821304">
        <ele>1413.7926</ele>
        <time>2014-08-03T11:03:30.124000Z</time>
      </trkpt>
      <trkpt lat="38.910637" lon="111.8214">
        <ele>1414.6376</ele>
        <time>2014-08-03T11:03:33.230000Z</time>
      </trkpt>
      <trkpt lat="38.9107" lon="111.82151">
        <ele>1415.1573</ele>
        <time>2014-08-03T11:03:36.336000Z</time>
      </trkpt>
      <trkpt lat="38.910763" lon="111.8216">
        <ele>1415.2112</ele>
        <time>2014-08-03T11:03:39.442000Z</time>
      </trkpt>
      <trkpt lat="38.910828" lon="111.8217">
        <ele>1414.9401</ele>
        <time>2014-08-03T11:03:42.548000Z</time>
      </trkpt>
      <trkpt lat="38.9109" lon="111.82181">
        <ele>1414.3197</ele>
        <time>2014-08-03T11:03:45.654000Z</time>
      </trkpt>
      <trkpt lat="38.910984" lon="111.82192">
        <ele>1413.3154</ele>
        <time>2014-08-03T11:03:48.760000Z</time>
      </trkpt>
      <trkpt lat="38.911034" lon="111.82202">
        <ele>1413.4193</ele>
        <time>2014-08-03T11:03:51.866000Z</time>
      </trkpt>
      <trkpt lat="38.911034" lon="111.82202">
        <ele>1412.4594</ele>
        <time>2014-08-03T11:03:54.972000Z</time>
      </trkpt>
      <trkpt lat="38.911034" lon="111.82202">
        <ele>1412.0172</ele>
        <time>2014-08-03T11:03:58.078000Z</time>
      </trkpt>
      <trkpt lat="38.91114" lon="111.8222">
        <ele>1412.022</ele>
        <time>2014-08-03T11:04:01.184000Z</time>
      </trkpt>
      <trkpt lat="38.91117" lon="111.82223">
        <ele>1412.4899</ele>
        <time>2014-08-03T11:04:04.290000Z</time>
      </trkpt>
      <trkpt lat="38.911278" lon="111.8223">
        <ele>1413.7064</ele>
        <time>2014-08-03T11:04:07.396000Z</time>
      </trkpt>
      <trkpt lat="38.911346" lon="111.8224">
        <ele>1415.2697</ele>
        <time>2014-08-03T11:04:10.502000Z</time>
      </trkpt>
      <trkpt lat="38.91143" lon="111.822525">
        <ele>1416.1835</ele>
        <time>2014-08-03T11:04:13.608000Z</time>
      </trkpt>
      <trkpt lat="38.91149" lon="111.82262">
        <ele>1416.1393</ele>
        <time>2014-08-03T11:04:16.714000Z</time>
      </trkpt>
      <trkpt lat="38.911537" lon="111.82272">
        <ele>1415.7999</ele>
        <time>2014-08-03T11:04:19.820000Z</time>
      </trkpt>
      <trkpt lat="38.911617" lon="111.822845">
        <ele>1415.9799</ele>
        <time>2014-08-03T11:04:22.926000Z</time>
      </trkpt>
      <trkpt lat="38.911667" lon="111.82295">
        <ele>1416.5092</ele>
        <time>2014-08-03T11:04:26.032000Z</time>
      </trkpt>
      <trkpt lat="38.91172" lon="111.82307">
        <ele>1416.646</ele>
        <time>2014-08-03T11:04:29.138000Z</time>
      </trkpt>
      <trkpt lat="38.91178" lon="111.823166">
        <ele>1416.2389</ele>
        <time>2014-08-03T11:04:32.244000Z</time>
      </trkpt>
      <trkpt lat="38.91183" lon="111.82327">
        <ele>1415.6898</ele>
        <time>2014-08-03T11:04:35.350000Z</time>
      </trkpt>
      <trkpt lat="38.911877" lon="111.82338">
        <ele>1414.7802</ele>
        <time>2014-08-03T11:04:38.456000Z</time>
      </trkpt>
      <trkpt lat="38.911953" lon="111.82351">
        <ele>1413.3002</ele>
        <time>2014-08-03T11:04:41.562000Z</time>
      </trkpt>
      <trkpt lat="38.91204" lon="111.82359">
        <ele>1412.5476</ele>
        <time>2014-08-03T11:04:44.668000Z</time>
      </trkpt>
      <trkpt lat="38.912125" lon="111.82368">
        <ele>1413.5432</ele>
        <time>2014-08-03T11:04:47.774000Z</time>
      </trkpt>
      <trkpt lat="38.912205" lon="111.82376">
        <ele>1415.0679</ele>
        <time>2014-08-03T11:04:50.880000Z</time>
      </trkpt>
      <trkpt lat="38.912277" lon="111.823875">
        <ele>1415.8312</ele>
        <time>2014-08-03T11:04:53.986000Z</time>
      </trkpt>
      <trkpt lat="38.912357" lon="111.82397">
        <ele>1415.9171</ele>
        <time>2014-08-03T11:04:57.092000Z</time>
      </trkpt>
      <trkpt lat="38.91244" lon="111.82408">
        <ele>1415.7908</ele>
        <time>2014-08-03T11:05:00.198000Z</time>
      </trkpt>
      <trkpt lat="38.912495" lon="111.82417">
        <ele>1415.4517</ele>
        <time>2014-08-03T11:05:03.304000Z</time>
      </trkpt>
      <trkpt lat="38.91256" lon="111.824265">
        <ele>1414.2264</ele>
        <time>2014-08-03T11:05:06.410000Z</time>
      </trkpt>
      <trkpt lat="38.912636" lon="111.82439">
        <ele>1412.1415</ele>
        <time>2014-08-03T11:05:09.516000Z</time>
      </trkpt>
      <trkpt lat="38.912704" lon="111.82448">
        <ele>1410.9479</ele>
        <time>2014-08-03T11:05:12.622000Z</time>
      </trkpt>
      <trkpt lat="38.912773" lon="111.824585">
        <ele>1411.8226</ele>
        <time>2014-08-03T11:05:15.728000Z</time>
      </trkpt>
      <trkpt lat="38.912834" lon="111.82469">
        <ele>1413.9006</ele>
        <time>2014-08-03T11:05:18.834000Z</time>
      </trkpt>
      <trkpt lat="38.912895" lon="111.8248">
        <ele>1415.8362</ele>
        <time>2014-08-03T11:05:21.940000Z</time>
      </trkpt>
      <trkpt lat="38.912983" lon="111.824905">
        <ele>1417.0474</ele>
        <time>2014-08-03T11:05:25.046000Z</time>
      </trkpt>
      <trkpt lat="38.91308" lon="111.82503">
        <ele>1417.5688</ele>
        <time>2014-08-03T11:05:28.152000Z</time>
      </trkpt>
      <trkpt lat="38.913174" lon="111.82513">
        <ele>1418.1449</ele>
        <time>2014-08-03T11:05:31.258000Z</time>
      </trkpt>
      <trkpt lat="38.913254" lon="111.82523">
        <ele>1419.3994</ele>
        <time>2014-08-03T11:05:34.364000Z</time>
      </trkpt>
      <trkpt lat="38.913258" lon="111.82526">
        <ele>1420.8676</ele>
        <time>2014-08-03T11:05:37.470000Z</time>
      </trkpt>
      <trkpt lat="38.913258" lon="111.82526">
        <ele>1419.6587</ele>
        <time>2014-08-03T11:05:40.576000Z</time>
      </trkpt>
      <trkpt lat="38.913258" lon="111.82526">
        <ele>1418.5085</ele>
        <time>2014-08-03T11:05:43.682000Z</time>
      </trkpt>
      <trkpt lat="38.913307" lon="111.82537">
        <ele>1418.3639</ele>
        <time>2014-08-03T11:05:46.788000Z</time>
      </trkpt>
      <trkpt lat="38.91339" lon="111.825485">
        <ele>1417.7341</ele>
        <time>2014-08-03T11:05:49.894000Z</time>
      </trkpt>
      <trkpt lat="38.913475" lon="111.8256">
        <ele>1416.697</ele>
        <time>2014-08-03T11:05:53Z</time>
      </trkpt>
      <trkpt lat="38.913612" lon="111.82571">
        <ele>1416.8018</ele>
        <time>2014-08-03T11:05:56.106000Z</time>
      </trkpt>
      <trkpt lat="38.91373" lon="111.82581">
        <ele>1419.0499</ele>
        <time>2014-08-03T11:05:59.212000Z</time>
      </trkpt>
      <trkpt lat="38.913815" lon="111.8259">
        <ele>1422.6549</ele>
        <time>2014-08-03T11:06:02.318000Z</time>
      </trkpt>
      <trkpt lat="38.913883" lon="111.82601">
        <ele>1425.6116</ele>
        <time>2014-08-03T11:06:05.424000Z</time>
      </trkpt>
      <trkpt lat="38.91391" lon="111.82616">
        <ele>1426.8118</ele>
        <time>2014-08-03T11:06:08.530000Z</time>
      </trkpt>
      <trkpt lat="38.913944" lon="111.82628">
        <ele>1425.5586</ele>
        <time>2014-08-03T11:06:11.636000Z</time>
      </trkpt>
      <trkpt lat="38.91399" lon="111.826385">
        <ele>1421.7885</ele>
        <time>2014-08-03T11:06:14.742000Z</time>
      </trkpt>
      <trkpt lat="38.914024" lon="111.82652">
        <ele>1417.6454</ele>
        <time>2014-08-03T11:06:17.848000Z</time>
      </trkpt>
      <trkpt lat="38.914055" lon="111.82664">
        <ele>1415.03</ele>
        <time>2014-08-03T11:06:20.954000Z</time>
      </trkpt>
      <trkpt lat="38.91408" lon="111.826744">
        <ele>1413.5564</ele>
        <time>2014-08-03T11:06:24.060000Z</time>
      </trkpt>
      <trkpt lat="38.914143" lon="111.826866">
        <ele>1412.3759</ele>
        <time>2014-08-03T11:06:27.166000Z</time>
      </trkpt>
      <trkpt lat="38.914204" lon="111.82698">
        <ele>1411.5455</ele>
        <time>2014-08-03T11:06:30.272000Z</time>
      </trkpt>
      <trkpt lat="38.914257" lon="111.8271">
        <ele>1411.491</ele>
        <time>2014-08-03T11:06:33.378000Z</time>
      </trkpt>
      <trkpt lat="38.914215" lon="111.827225">
        <ele>1412.2131</ele>
        <time>2014-08-03T11:06:36.484000Z</time>
      </trkpt>
      <trkpt lat="38.914314" lon="111.82716">
        <ele>1414.106</ele>
        <time>2014-08-03T11:06:39.590000Z</time>
      </trkpt>
      <trkpt lat="38.914406" lon="111.82715">
        <ele>1417.1757</ele>
        <time>2014-08-03T11:06:42.696000Z</time>
      </trkpt>
      <trkpt lat="38.914494" lon="111.82732">
        <ele>1419.8116</ele>
        <time>2014-08-03T11:06:45.802000Z</time>
      </trkpt>
      <trkpt lat="38.91456" lon="111.82741">
        <ele>1420.5773</ele>
        <time>2014-08-03T11:06:48.908000Z</time>
      </trkpt>
      <trkpt lat="38.91462" lon="111.82753">
        <ele>1419.5116</ele>
        <time>2014-08-03T11:06:52.014000Z</time>
      </trkpt>
      <trkpt lat="38.914677" lon="111.827644">
        <ele>1417.5615</ele>
        <time>2014-08-03T11:06:55.120000Z</time>
      </trkpt>
      <trkpt lat="38.914677" lon="111.827644">
        <ele>1416.0214</ele>
        <time>2014-08-03T11:06:58.226000Z</time>
      </trkpt>
      <trkpt lat="38.914772" lon="111.8278">
        <ele>1415.4591</ele>
        <time>2014-08-03T11:07:01.332000Z</time>
      </trkpt>
      <trkpt lat="38.914837" lon="111.82792">
        <ele>1415.5502</ele>
        <time>2014-08-03T11:07:04.438000Z</time>
      </trkpt>
      <trkpt lat="38.914898" lon="111.82801">
        <ele>1415.4761</ele>
        <time>2014-08-03T11:07:07.544000Z</time>
      </trkpt>
      <trkpt lat="38.91497" lon="111.8281">
        <ele>1414.6948</ele>
        <time>2014-08-03T11:07:10.650000Z</time>
      </trkpt>
      <trkpt lat="38.915073" lon="111.82816">
        <ele>1412.778</ele>
        <time>2014-08-03T11:07:13.756000Z</time>
      </trkpt>
      <trkpt lat="38.915165" lon="111.82825">
        <ele>1412.2183</ele>
        <time>2014-08-03T11:07:16.862000Z</time>
      </trkpt>
      <trkpt lat="38.91523" lon="111.828354">
        <ele>1411.8146</ele>
        <time>2014-08-03T11:07:19.968000Z</time>
      </trkpt>
      <trkpt lat="38.9153" lon="111.828476">
        <ele>1411.2445</ele>
        <time>2014-08-03T11:07:23.074000Z</time>
      </trkpt>
      <trkpt lat="38.915356" lon="111.8286">
        <ele>1410.4004</ele>
        <time>2014-08-03T11:07:26.180000Z</time>
      </trkpt>
      <trkpt lat="38.91541" lon="111.82871">
        <ele>1409.9844</ele>
        <time>2014-08-03T11:07:29.286000Z</time>
      </trkpt>
      <trkpt lat="38.915466" lon="111.82881">
        <ele>1410.433</ele>
        <time>2014-08-03T11:07:32.392000Z</time>
      </trkpt>
      <trkpt lat="38.915504" lon="111.82894">
        <ele>1411.1843</ele>
        <time>2014-08-03T11:07:35.498000Z</time>
      </trkpt>
      <trkpt lat="38.91554" lon="111.82907">
        <ele>1411.1788</ele>
        <time>2014-08-03T11:07:38.604000Z</time>
      </trkpt>
      <trkpt lat="38.915585" lon="111.82919">
        <ele>1410.1669</ele>
        <time>2014-08-03T11:07:41.710000Z</time>
      </trkpt>
      <trkpt lat="38.91567" lon="111.82929">
        <ele>1409.0037</ele>
        <time>2014-08-03T11:07:44.816000Z</time>
      </trkpt>
      <trkpt lat="38.91576" lon="111.82941">
        <ele>1408.4414</ele>
        <time>2014-08-03T11:07:47.922000Z</time>
      </trkpt>
      <trkpt lat="38.915802" lon="111.82952">
        <ele>1408.3947</ele>
        <time>2014-08-03T11:07:51.028000Z</time>
      </trkpt>
      <trkpt lat="38.915848" lon="111.82966">
        <ele>1408.6779</ele>
        <time>2014-08-03T11:07:54.134000Z</time>
      </trkpt>
      <trkpt lat="38.915905" lon="111.82979">
        <ele>1409.7169</ele>
        <time>2014-08-03T11:07:57.240000Z</time>
      </trkpt>
      <trkpt lat="38.915962" lon="111.82992">
        <ele>1411.5977</ele>
        <time>2014-08-03T11:08:00.346000Z</time>
      </trkpt>
      <trkpt lat="38.916" lon="111.83003">
        <ele>1413.161</ele>
        <time>2014-08-03T11:08:03.452000Z</time>
      </trkpt>
      <trkpt lat="38.91604" lon="111.830154">
        <ele>1413.179</ele>
        <time>2014-08-03T11:08:06.558000Z</time>
      </trkpt>
      <trkpt lat="38.91609" lon="111.83026">
        <ele>1411.8862</ele>
        <time>2014-08-03T11:08:09.664000Z</time>
      </trkpt>
      <trkpt lat="38.91615" lon="111.83039">
        <ele>1411.1283</ele>
        <time>2014-08-03T11:08:12.770000Z</time>
      </trkpt>
      <trkpt lat="38.91621" lon="111.83054">
        <ele>1412.0737</ele>
        <time>2014-08-03T11:08:15.876000Z</time>
      </trkpt>
      <trkpt lat="38.916252" lon="111.83066">
        <ele>1413.7233</ele>
        <time>2014-08-03T11:08:18.982000Z</time>
      </trkpt>
      <trkpt lat="38.91627" lon="111.83081">
        <ele>1414.8855</ele>
        <time>2014-08-03T11:08:22.088000Z</time>
      </trkpt>
      <trkpt lat="38.916298" lon="111.83095">
        <ele>1415.3927</ele>
        <time>2014-08-03T11:08:25.194000Z</time>
      </trkpt>
      <trkpt lat="38.916317" lon="111.83107">
        <ele>1415.4122</ele>
        <time>2014-08-03T11:08:28.300000Z</time>
      </trkpt>
      <trkpt lat="38.91635" lon="111.83121">
        <ele>1415.0897</ele>
        <time>2014-08-03T11:08:31.406000Z</time>
      </trkpt>
      <trkpt lat="38.916424" lon="111.83134">
        <ele>1414.6954</ele>
        <time>2014-08-03T11:08:34.512000Z</time>
      </trkpt>
      <trkpt lat="38.91648" lon="111.83144">
        <ele>1414.698</ele>
        <time>2014-08-03T11:08:37.618000Z</time>
      </trkpt>
      <trkpt lat="38.916546" lon="111.83156">
        <ele>1415.1177</ele>
        <time>2014-08-03T11:08:40.724000Z</time>
      </trkpt>
      <trkpt lat="38.91662" lon="111.831665">
        <ele>1415.671</ele>
        <time>2014-08-03T11:08:43.830000Z</time>
      </trkpt>
      <trkpt lat="38.916687" lon="111.831764">
        <ele>1416.9694</ele>
        <time>2014-08-03T11:08:46.936000Z</time>
      </trkpt>
      <trkpt lat="38.916687" lon="111.831764">
        <ele>1419.2872</ele>
        <time>2014-08-03T11:08:50.042000Z</time>
      </trkpt>
      <trkpt lat="38.916748" lon="111.831894">
        <ele>1421.4498</ele>
        <time>2014-08-03T11:08:53.148000Z</time>
      </trkpt>
      <trkpt lat="38.91678" lon="111.832016">
        <ele>1421.7582</ele>
        <time>2014-08-03T11:08:56.254000Z</time>
      </trkpt>
      <trkpt lat="38.916786" lon="111.83219">
        <ele>1420.0106</ele>
        <time>2014-08-03T11:08:59.360000Z</time>
      </trkpt>
      <trkpt lat="38.916794" lon="111.83231">
        <ele>1417.6312</ele>
        <time>2014-08-03T11:09:02.466000Z</time>
      </trkpt>
      <trkpt lat="38.916847" lon="111.83264">
        <ele>1412.8667</ele>
        <time>2014-08-03T11:09:05.572000Z</time>
      </trkpt>
      <trkpt lat="38.916847" lon="111.83264">
        <ele>1414.3054</ele>
        <time>2014-08-03T11:09:08.678000Z</time>
      </trkpt>
      <trkpt lat="38.916847" lon="111.83264">
        <ele>1418.6797</ele>
        <time>2014-08-03T11:09:11.784000Z</time>
      </trkpt>
      <trkpt lat="38.916847" lon="111.83264">
        <ele>1421.5292</ele>
        <time>2014-08-03T11:09:14.890000Z</time>
      </trkpt>
      <trkpt lat="38.916775" lon="111.83269">
        <ele>1419.307</ele>
        <time>2014-08-03T11:09:17.996000Z</time>
      </trkpt>
      <trkpt lat="38.91668" lon="111.832756">
        <ele>1415.637</ele>
        <time>2014-08-03T11:09:21.102000Z</time>
      </trkpt>
      <trkpt lat="38.916588" lon="111.83284">
        <ele>1415.6787</ele>
        <time>2014-08-03T11:09:24.208000Z</time>
      </trkpt>
      <trkpt lat="38.916462" lon="111.8329">
        <ele>1417.7365</ele>
        <time>2014-08-03T11:09:27.314000Z</time>
      </trkpt>
      <trkpt lat="38.916348" lon="111.83298">
        <ele>1418.8619</ele>
        <time>2014-08-03T11:09:30.420000Z</time>
      </trkpt>
      <trkpt lat="38.916233" lon="111.83304">
        <ele>1418.6295</ele>
        <time>2014-08-03T11:09:33.526000Z</time>
      </trkpt>
      <trkpt lat="38.916138" lon="111.83314">
        <ele>1417.9044</ele>
        <time>2014-08-03T11:09:36.632000Z</time>
      </trkpt>
      <trkpt lat="38.91603" lon="111.83322">
        <ele>1417.3013</ele>
        <time>2014-08-03T11:09:39.738000Z</time>
      </trkpt>
      <trkpt lat="38.915913" lon="111.83329">
        <ele>1417.2592</ele>
        <time>2014-08-03T11:09:42.844000Z</time>
      </trkpt>
      <trkpt lat="38.91583" lon="111.833336">
        <ele>1417.7788</ele>
        <time>2014-08-03T11:09:45.950000Z</time>
      </trkpt>
      <trkpt lat="38.91574" lon="111.83338">
        <ele>1419.0399</ele>
        <time>2014-08-03T11:09:49.056000Z</time>
      </trkpt>
      <trkpt lat="38.91563" lon="111.83346">
        <ele>1421.5248</ele>
        <time>2014-08-03T11:09:52.162000Z</time>
      </trkpt>
      <trkpt lat="38.915516" lon="111.83354">
        <ele>1424.8331</ele>
        <time>2014-08-03T11:09:55.268000Z</time>
      </trkpt>
      <trkpt lat="38.9154" lon="111.83365">
        <ele>1427.9377</ele>
        <time>2014-08-03T11:09:58.374000Z</time>
      </trkpt>
      <trkpt lat="38.9153" lon="111.83373">
        <ele>1430.9329</ele>
        <time>2014-08-03T11:10:01.480000Z</time>
      </trkpt>
      <trkpt lat="38.91519" lon="111.83379">
        <ele>1433.9117</ele>
        <time>2014-08-03T11:10:04.586000Z</time>
      </trkpt>
      <trkpt lat="38.915096" lon="111.83383">
        <ele>1436.1344</ele>
        <time>2014-08-03T11:10:07.692000Z</time>
      </trkpt>
      <trkpt lat="38.914967" lon="111.833885">
        <ele>1437.5907</ele>
        <time>2014-08-03T11:10:10.798000Z</time>
      </trkpt>
      <trkpt lat="38.91487" lon="111.83392">
        <ele>1439.6832</ele>
        <time>2014-08-03T11:10:13.904000Z</time>
      </trkpt>
      <trkpt lat="38.91475" lon="111.83399">
        <ele>1443.6265</ele>
        <time>2014-08-03T11:10:17.010000Z</time>
      </trkpt>
      <trkpt lat="38.91466" lon="111.83405">
        <ele>1448.4755</ele>
        <time>2014-08-03T11:10:20.116000Z</time>
      </trkpt>
      <trkpt lat="38.914562" lon="111.83411">
        <ele>1450.0243</ele>
        <time>2014-08-03T11:10:23.222000Z</time>
      </trkpt>
      <trkpt lat="38.914448" lon="111.83417">
        <ele>1445.9219</ele>
        <time>2014-08-03T11:10:26.328000Z</time>
      </trkpt>
      <trkpt lat="38.91436" lon="111.83423">
        <ele>1439.7177</ele>
        <time>2014-08-03T11:10:29.434000Z</time>
      </trkpt>
      <trkpt lat="38.914257" lon="111.83428">
        <ele>1436.7957</ele>
        <time>2014-08-03T11:10:32.540000Z</time>
      </trkpt>
      <trkpt lat="38.914165" lon="111.834335">
        <ele>1438.2499</ele>
        <time>2014-08-03T11:10:35.646000Z</time>
      </trkpt>
      <trkpt lat="38.914055" lon="111.83439">
        <ele>1441.1871</ele>
        <time>2014-08-03T11:10:38.752000Z</time>
      </trkpt>
      <trkpt lat="38.913937" lon="111.834435">
        <ele>1442.9371</ele>
        <time>2014-08-03T11:10:41.858000Z</time>
      </trkpt>
      <trkpt lat="38.913845" lon="111.83447">
        <ele>1443.0977</ele>
        <time>2014-08-03T11:10:44.964000Z</time>
      </trkpt>
      <trkpt lat="38.913727" lon="111.83453">
        <ele>1441.0281</ele>
        <time>2014-08-03T11:10:48.070000Z</time>
      </trkpt>
      <trkpt lat="38.913635" lon="111.83459">
        <ele>1436.4678</ele>
        <time>2014-08-03T11:10:51.176000Z</time>
      </trkpt>
      <trkpt lat="38.913544" lon="111.83463">
        <ele>1431.5151</ele>
        <time>2014-08-03T11:10:54.282000Z</time>
      </trkpt>
      <trkpt lat="38.913418" lon="111.8347">
        <ele>1429.5658</ele>
        <time>2014-08-03T11:10:57.388000Z</time>
      </trkpt>
      <trkpt lat="38.91333" lon="111.834755">
        <ele>1431.8461</ele>
        <time>2014-08-03T11:11:00.494000Z</time>
      </trkpt>
      <trkpt lat="38.91324" lon="111.834816">
        <ele>1436.8466</ele>
        <time>2014-08-03T11:11:03.600000Z</time>
      </trkpt>
      <trkpt lat="38.913105" lon="111.834915">
        <ele>1442.286</ele>
        <time>2014-08-03T11:11:06.706000Z</time>
      </trkpt>
      <trkpt lat="38.912994" lon="111.83498">
        <ele>1447.5769</ele>
        <time>2014-08-03T11:11:09.812000Z</time>
      </trkpt>
      <trkpt lat="38.91288" lon="111.835">
        <ele>1452.5427</ele>
        <time>2014-08-03T11:11:12.918000Z</time>
      </trkpt>
      <trkpt lat="38.91279" lon="111.835045">
        <ele>1454.5259</ele>
        <time>2014-08-03T11:11:16.024000Z</time>
      </trkpt>
      <trkpt lat="38.912704" lon="111.835106">
        <ele>1450.2539</ele>
        <time>2014-08-03T11:11:19.130000Z</time>
      </trkpt>
      <trkpt lat="38.912594" lon="111.83515">
        <ele>1440.9343</ele>
        <time>2014-08-03T11:11:22.236000Z</time>
      </trkpt>
      <trkpt lat="38.91249" lon="111.835205">
        <ele>1431.1887</ele>
        <time>2014-08-03T11:11:25.342000Z</time>
      </trkpt>
      <trkpt lat="38.91238" lon="111.83527">
        <ele>1424.4319</ele>
        <time>2014-08-03T11:11:28.448000Z</time>
      </trkpt>
      <trkpt lat="38.912254" lon="111.83535">
        <ele>1421.4357</ele>
        <time>2014-08-03T11:11:31.554000Z</time>
      </trkpt>
      <trkpt lat="38.912144" lon="111.8354">
        <ele>1422.1174</ele>
        <time>2014-08-03T11:11:34.660000Z</time>
      </trkpt>
      <trkpt lat="38.912037" lon="111.83546">
        <ele>1425.431</ele>
        <time>2014-08-03T11:11:37.766000Z</time>
      </trkpt>
      <trkpt lat="38.91193" lon="111.83552">
        <ele>1429.4823</ele>
        <time>2014-08-03T11:11:40.872000Z</time>
      </trkpt>
      <trkpt lat="38.911808" lon="111.83557">
        <ele>1432.8984</ele>
        <time>2014-08-03T11:11:43.978000Z</time>
      </trkpt>
      <trkpt lat="38.911724" lon="111.83562">
        <ele>1435.0302</ele>
        <time>2014-08-03T11:11:47.084000Z</time>
      </trkpt>
      <trkpt lat="38.911625" lon="111.83567">
        <ele>1435.2584</ele>
        <time>2014-08-03T11:11:50.190000Z</time>
      </trkpt>
      <trkpt lat="38.911522" lon="111.83572">
        <ele>1432.8937</ele>
        <time>2014-08-03T11:11:53.296000Z</time>
      </trkpt>
      <trkpt lat="38.91142" lon="111.835785">
        <ele>1428.6644</ele>
        <time>2014-08-03T11:11:56.402000Z</time>
      </trkpt>
      <trkpt lat="38.91132" lon="111.83583">
        <ele>1425.3667</ele>
        <time>2014-08-03T11:11:59.508000Z</time>
      </trkpt>
      <trkpt lat="38.911213" lon="111.83588">
        <ele>1425.172</ele>
        <time>2014-08-03T11:12:02.614000Z</time>
      </trkpt>
      <trkpt lat="38.911087" lon="111.835945">
        <ele>1427.8564</ele>
        <time>2014-08-03T11:12:05.720000Z</time>
      </trkpt>
      <trkpt lat="38.91099" lon="111.83602">
        <ele>1431.4547</ele>
        <time>2014-08-03T11:12:08.826000Z</time>
      </trkpt>
      <trkpt lat="38.91091" lon="111.836075">
        <ele>1433.907</ele>
        <time>2014-08-03T11:12:11.932000Z</time>
      </trkpt>
      <trkpt lat="38.910816" lon="111.836136">
        <ele>1434.4988</ele>
        <time>2014-08-03T11:12:15.038000Z</time>
      </trkpt>
      <trkpt lat="38.91072" lon="111.83618">
        <ele>1433.644</ele>
        <time>2014-08-03T11:12:18.144000Z</time>
      </trkpt>
      <trkpt lat="38.91062" lon="111.83621">
        <ele>1432.3434</ele>
        <time>2014-08-03T11:12:21.250000Z</time>
      </trkpt>
      <trkpt lat="38.91051" lon="111.83627">
        <ele>1431.618</ele>
        <time>2014-08-03T11:12:24.356000Z</time>
      </trkpt>
      <trkpt lat="38.910423" lon="111.83634">
        <ele>1431.6926</ele>
        <time>2014-08-03T11:12:27.462000Z</time>
      </trkpt>
      <trkpt lat="38.910343" lon="111.836395">
        <ele>1431.3795</ele>
        <time>2014-08-03T11:12:30.568000Z</time>
      </trkpt>
      <trkpt lat="38.91023" lon="111.836464">
        <ele>1429.8066</ele>
        <time>2014-08-03T11:12:33.674000Z</time>
      </trkpt>
      <trkpt lat="38.91013" lon="111.83652">
        <ele>1428.3319</ele>
        <time>2014-08-03T11:12:36.780000Z</time>
      </trkpt>
      <trkpt lat="38.910023" lon="111.83657">
        <ele>1428.2816</ele>
        <time>2014-08-03T11:12:39.886000Z</time>
      </trkpt>
      <trkpt lat="38.909897" lon="111.83663">
        <ele>1428.6877</ele>
        <time>2014-08-03T11:12:42.992000Z</time>
      </trkpt>
      <trkpt lat="38.90978" lon="111.83671">
        <ele>1428.4413</ele>
        <time>2014-08-03T11:12:46.098000Z</time>
      </trkpt>
      <trkpt lat="38.90965" lon="111.836815">
        <ele>1429.2126</ele>
        <time>2014-08-03T11:12:49.204000Z</time>
      </trkpt>
      <trkpt lat="38.909523" lon="111.8369">
        <ele>1432.7274</ele>
        <time>2014-08-03T11:12:52.310000Z</time>
      </trkpt>
      <trkpt lat="38.909416" lon="111.836975">
        <ele>1438.3752</ele>
        <time>2014-08-03T11:12:55.416000Z</time>
      </trkpt>
      <trkpt lat="38.9093" lon="111.83705">
        <ele>1444.4109</ele>
        <time>2014-08-03T11:12:58.522000Z</time>
      </trkpt>
      <trkpt lat="38.90923" lon="111.83714">
        <ele>1448.8448</ele>
        <time>2014-08-03T11:13:01.628000Z</time>
      </trkpt>
      <trkpt lat="38.909145" lon="111.837234">
        <ele>1450.5504</ele>
        <time>2014-08-03T11:13:04.734000Z</time>
      </trkpt>
      <trkpt lat="38.90904" lon="111.83729">
        <ele>1450.2231</ele>
        <time>2014-08-03T11:13:07.840000Z</time>
      </trkpt>
      <trkpt lat="38.908916" lon="111.837296">
        <ele>1448.7322</ele>
        <time>2014-08-03T11:13:10.946000Z</time>
      </trkpt>
      <trkpt lat="38.90883" lon="111.83733">
        <ele>1446.3932</ele>
        <time>2014-08-03T11:13:14.052000Z</time>
      </trkpt>
      <trkpt lat="38.908737" lon="111.83735">
        <ele>1443.5366</ele>
        <time>2014-08-03T11:13:17.158000Z</time>
      </trkpt>
      <trkpt lat="38.908634" lon="111.83739">
        <ele>1440.6932</ele>
        <time>2014-08-03T11:13:20.264000Z</time>
      </trkpt>
      <trkpt lat="38.908527" lon="111.83744">
        <ele>1437.5037</ele>
        <time>2014-08-03T11:13:23.370000Z</time>
      </trkpt>
      <trkpt lat="38.908424" lon="111.83749">
        <ele>1433.895</ele>
        <time>2014-08-03T11:13:26.476000Z</time>
      </trkpt>
      <trkpt lat="38.908337" lon="111.83755">
        <ele>1431.039</ele>
        <time>2014-08-03T11:13:29.582000Z</time>
      </trkpt>
      <trkpt lat="38.908237" lon="111.837616">
        <ele>1429.5913</ele>
        <time>2014-08-03T11:13:32.688000Z</time>
      </trkpt>
      <trkpt lat="38.90815" lon="111.83766">
        <ele>1429.1886</ele>
        <time>2014-08-03T11:13:35.794000Z</time>
      </trkpt>
      <trkpt lat="38.908047" lon="111.83771">
        <ele>1429.2386</ele>
        <time>2014-08-03T11:13:38.900000Z</time>
      </trkpt>
      <trkpt lat="38.907925" lon="111.83776">
        <ele>1429.302</ele>
        <time>2014-08-03T11:13:42.006000Z</time>
      </trkpt>
      <trkpt lat="38.907825" lon="111.8378">
        <ele>1429.3551</ele>
        <time>2014-08-03T11:13:45.112000Z</time>
      </trkpt>
      <trkpt lat="38.907734" lon="111.837845">
        <ele>1429.4133</ele>
        <time>2014-08-03T11:13:48.218000Z</time>
      </trkpt>
      <trkpt lat="38.90763" lon="111.837906">
        <ele>1429.0233</ele>
        <time>2014-08-03T11:13:51.324000Z</time>
      </trkpt>
      <trkpt lat="38.907528" lon="111.837975">
        <ele>1427.855</ele>
        <time>2014-08-03T11:13:54.430000Z</time>
      </trkpt>
      <trkpt lat="38.90741" lon="111.838036">
        <ele>1426.6097</ele>
        <time>2014-08-03T11:13:57.536000Z</time>
      </trkpt>
      <trkpt lat="38.9073" lon="111.8381">
        <ele>1426.2181</ele>
        <time>2014-08-03T11:14:00.642000Z</time>
      </trkpt>
      <trkpt lat="38.907196" lon="111.83815">
        <ele>1426.6445</ele>
        <time>2014-08-03T11:14:03.748000Z</time>
      </trkpt>
      <trkpt lat="38.90709" lon="111.83821">
        <ele>1427.464</ele>
        <time>2014-08-03T11:14:06.854000Z</time>
      </trkpt>
      <trkpt lat="38.90699" lon="111.83827">
        <ele>1428.3569</ele>
        <time>2014-08-03T11:14:09.960000Z</time>
      </trkpt>
      <trkpt lat="38.906887" lon="111.83833">
        <ele>1429.0098</ele>
        <time>2014-08-03T11:14:13.066000Z</time>
      </trkpt>
      <trkpt lat="38.906776" lon="111.83839">
        <ele>1429.2313</ele>
        <time>2014-08-03T11:14:16.172000Z</time>
      </trkpt>
      <trkpt lat="38.906685" lon="111.83843">
        <ele>1429.1428</ele>
        <time>2014-08-03T11:14:19.278000Z</time>
      </trkpt>
      <trkpt lat="38.90659" lon="111.838486">
        <ele>1428.5132</ele>
        <time>2014-08-03T11:14:22.384000Z</time>
      </trkpt>
      <trkpt lat="38.906483" lon="111.838554">
        <ele>1426.7815</ele>
        <time>2014-08-03T11:14:25.490000Z</time>
      </trkpt>
      <trkpt lat="38.906403" lon="111.83861">
        <ele>1424.3513</ele>
        <time>2014-08-03T11:14:28.596000Z</time>
      </trkpt>
      <trkpt lat="38.906292" lon="111.83867">
        <ele>1423.3167</ele>
        <time>2014-08-03T11:14:31.702000Z</time>
      </trkpt>
      <trkpt lat="38.90619" lon="111.83874">
        <ele>1425.3376</ele>
        <time>2014-08-03T11:14:34.808000Z</time>
      </trkpt>
      <trkpt lat="38.906075" lon="111.838806">
        <ele>1429.2805</ele>
        <time>2014-08-03T11:14:37.914000Z</time>
      </trkpt>
      <trkpt lat="38.905987" lon="111.83886">
        <ele>1432.5707</ele>
        <time>2014-08-03T11:14:41.020000Z</time>
      </trkpt>
      <trkpt lat="38.905895" lon="111.83891">
        <ele>1434.4022</ele>
        <time>2014-08-03T11:14:44.126000Z</time>
      </trkpt>
      <trkpt lat="38.905777" lon="111.83896">
        <ele>1435.4844</ele>
        <time>2014-08-03T11:14:47.232000Z</time>
      </trkpt>
      <trkpt lat="38.905663" lon="111.83899">
        <ele>1436.123</ele>
        <time>2014-08-03T11:14:50.338000Z</time>
      </trkpt>
      <trkpt lat="38.905563" lon="111.839035">
        <ele>1436.0591</ele>
        <time>2014-08-03T11:14:53.444000Z</time>
      </trkpt>
      <trkpt lat="38.905464" lon="111.83909">
        <ele>1435.0343</ele>
        <time>2014-08-03T11:14:56.550000Z</time>
      </trkpt>
      <trkpt lat="38.905365" lon="111.83915">
        <ele>1433.1538</ele>
        <time>2014-08-03T11:14:59.656000Z</time>
      </trkpt>
      <trkpt lat="38.905262" lon="111.8392">
        <ele>1431.1791</ele>
        <time>2014-08-03T11:15:02.762000Z</time>
      </trkpt>
      <trkpt lat="38.905132" lon="111.839264">
        <ele>1429.8711</ele>
        <time>2014-08-03T11:15:05.868000Z</time>
      </trkpt>
      <trkpt lat="38.905025" lon="111.83932">
        <ele>1430.0966</ele>
        <time>2014-08-03T11:15:08.974000Z</time>
      </trkpt>
      <trkpt lat="38.904938" lon="111.83936">
        <ele>1432.6129</ele>
        <time>2014-08-03T11:15:12.080000Z</time>
      </trkpt>
      <trkpt lat="38.904846" lon="111.839424">
        <ele>1436.4532</ele>
        <time>2014-08-03T11:15:15.186000Z</time>
      </trkpt>
      <trkpt lat="38.904736" lon="111.8395">
        <ele>1439.371</ele>
        <time>2014-08-03T11:15:18.292000Z</time>
      </trkpt>
      <trkpt lat="38.904636" lon="111.83957">
        <ele>1440.4188</ele>
        <time>2014-08-03T11:15:21.398000Z</time>
      </trkpt>
      <trkpt lat="38.904545" lon="111.83962">
        <ele>1439.3055</ele>
        <time>2014-08-03T11:15:24.504000Z</time>
      </trkpt>
      <trkpt lat="38.90445" lon="111.83967">
        <ele>1436.3364</ele>
        <time>2014-08-03T11:15:27.610000Z</time>
      </trkpt>
      <trkpt lat="38.904354" lon="111.83971">
        <ele>1433.3247</ele>
        <time>2014-08-03T11:15:30.716000Z</time>
      </trkpt>
      <trkpt lat="38.90423" lon="111.83977">
        <ele>1432.0012</ele>
        <time>2014-08-03T11:15:33.822000Z</time>
      </trkpt>
      <trkpt lat="38.90412" lon="111.83981">
        <ele>1432.694</ele>
        <time>2014-08-03T11:15:36.928000Z</time>
      </trkpt>
      <trkpt lat="38.904022" lon="111.83987">
        <ele>1434.6753</ele>
        <time>2014-08-03T11:15:40.034000Z</time>
      </trkpt>
      <trkpt lat="38.90392" lon="111.83975">
        <ele>1436.4133</ele>
        <time>2014-08-03T11:15:43.140000Z</time>
      </trkpt>
      <trkpt lat="38.903873" lon="111.83965">
        <ele>1436.6654</ele>
        <time>2014-08-03T11:15:46.246000Z</time>
      </trkpt>
      <trkpt lat="38.90382" lon="111.8395">
        <ele>1435.079</ele>
        <time>2014-08-03T11:15:49.352000Z</time>
      </trkpt>
      <trkpt lat="38.903767" lon="111.83935">
        <ele>1432.6208</ele>
        <time>2014-08-03T11:15:52.458000Z</time>
      </trkpt>
      <trkpt lat="38.90373" lon="111.83923">
        <ele>1430.7866</ele>
        <time>2014-08-03T11:15:55.564000Z</time>
      </trkpt>
      <trkpt lat="38.903694" lon="111.8391">
        <ele>1430.0513</ele>
        <time>2014-08-03T11:15:58.670000Z</time>
      </trkpt>
      <trkpt lat="38.903652" lon="111.838974">
        <ele>1429.744</ele>
        <time>2014-08-03T11:16:01.776000Z</time>
      </trkpt>
      <trkpt lat="38.903618" lon="111.83884">
        <ele>1429.2618</ele>
        <time>2014-08-03T11:16:04.882000Z</time>
      </trkpt>
      <trkpt lat="38.903576" lon="111.838715">
        <ele>1428.7054</ele>
        <time>2014-08-03T11:16:07.988000Z</time>
      </trkpt>
      <trkpt lat="38.903538" lon="111.83858">
        <ele>1428.3007</ele>
        <time>2014-08-03T11:16:11.094000Z</time>
      </trkpt>
      <trkpt lat="38.903507" lon="111.83845">
        <ele>1427.4552</ele>
        <time>2014-08-03T11:16:14.200000Z</time>
      </trkpt>
      <trkpt lat="38.90347" lon="111.8383">
        <ele>1425.4414</ele>
        <time>2014-08-03T11:16:17.306000Z</time>
      </trkpt>
      <trkpt lat="38.90342" lon="111.83816">
        <ele>1422.3265</ele>
        <time>2014-08-03T11:16:20.412000Z</time>
      </trkpt>
      <trkpt lat="38.903362" lon="111.83804">
        <ele>1419.1658</ele>
        <time>2014-08-03T11:16:23.518000Z</time>
      </trkpt>
      <trkpt lat="38.903316" lon="111.837906">
        <ele>1417.1777</ele>
        <time>2014-08-03T11:16:26.624000Z</time>
      </trkpt>
      <trkpt lat="38.903263" lon="111.837776">
        <ele>1416.6418</ele>
        <time>2014-08-03T11:16:29.730000Z</time>
      </trkpt>
      <trkpt lat="38.903214" lon="111.83765">
        <ele>1417.0763</ele>
        <time>2014-08-03T11:16:32.836000Z</time>
      </trkpt>
      <trkpt lat="38.903168" lon="111.83752">
        <ele>1418.2662</ele>
        <time>2014-08-03T11:16:35.942000Z</time>
      </trkpt>
      <trkpt lat="38.903133" lon="111.83738">
        <ele>1419.8599</ele>
        <time>2014-08-03T11:16:39.048000Z</time>
      </trkpt>
      <trkpt lat="38.903088" lon="111.83723">
        <ele>1421.6324</ele>
        <time>2014-08-03T11:16:42.154000Z</time>
      </trkpt>
      <trkpt lat="38.90301" lon="111.83711">
        <ele>1423.497</ele>
        <time>2014-08-03T11:16:45.260000Z</time>
      </trkpt>
      <trkpt lat="38.902973" lon="111.837">
        <ele>1424.8839</ele>
        <time>2014-08-03T11:16:48.366000Z</time>
      </trkpt>
      <trkpt lat="38.902946" lon="111.836845">
        <ele>1425.1699</ele>
        <time>2014-08-03T11:16:51.472000Z</time>
      </trkpt>
      <trkpt lat="38.902927" lon="111.83672">
        <ele>1424.395</ele>
        <time>2014-08-03T11:16:54.578000Z</time>
      </trkpt>
      <trkpt lat="38.902897" lon="111.836586">
        <ele>1423.1824</ele>
        <time>2014-08-03T11:16:57.684000Z</time>
      </trkpt>
      <trkpt lat="38.90285" lon="111.83643">
        <ele>1422.3623</ele>
        <time>2014-08-03T11:17:00.790000Z</time>
      </trkpt>
      <trkpt lat="38.902805" lon="111.83631">
        <ele>1422.1718</ele>
        <time>2014-08-03T11:17:03.896000Z</time>
      </trkpt>
      <trkpt lat="38.902756" lon="111.83618">
        <ele>1421.8088</ele>
        <time>2014-08-03T11:17:07.002000Z</time>
      </trkpt>
      <trkpt lat="38.90272" lon="111.83605">
        <ele>1420.67</ele>
        <time>2014-08-03T11:17:10.108000Z</time>
      </trkpt>
      <trkpt lat="38.902683" lon="111.83589">
        <time>2014-08-03T11:17:13.214000Z</time>
      </trkpt>
    </trkseg>
  </trk>
</gpx>