<?xml version="1.0" encoding="UTF-8"?>
<gpx xmlns="http://www.topografix.com/GPX/1/1" xmlns:gpxtpx="http://www.garmin.com/xmlschemas/TrackPointExtension/v1" xmlns:xsi="http://www.w3.org/2001/XMLSchema-instance" xsi:schemaLocation="http://www.topografix.com/GPX/1/1 http://www.topografix.com/GPX/1/1/gpx.xsd" version="1.1" creator="gpx.py -- https://github.com/tkrajina/gpxpy">
  <trk>
    <trkseg>
      <trkpt lat="38.901928" lon="111.83586">
        <ele>1431.0734</ele>
        <time>2014-08-19T09:44:36.566000Z</time>
      </trkpt>
      <trkpt lat="38.901928" lon="111.83586">
        <ele>1430.739</ele>
        <time>2014-08-19T09:44:39.751000Z</time>
      </trkpt>
      <trkpt lat="38.901928" lon="111.83586">
        <ele>1430.5127</ele>
        <time>2014-08-19T09:44:42.936000Z</time>
      </trkpt>
      <trkpt lat="38.901928" lon="111.83586">
        <ele>1430.179</ele>
        <time>2014-08-19T09:44:46.121000Z</time>
      </trkpt>
      <trkpt lat="38.90206" lon="111.8358">
        <ele>1429.6759</ele>
        <time>2014-08-19T09:44:49.306000Z</time>
      </trkpt>
      <trkpt lat="38.902157" lon="111.83577">
        <ele>1429.2217</ele>
        <time>2014-08-19T09:44:52.491000Z</time>
      </trkpt>
      <trkpt lat="38.902267" lon="111.83572">
        <ele>1429.0785</ele>
        <time>2014-08-19T09:44:55.676000Z</time>
      </trkpt>
      <trkpt lat="38.902267" lon="111.83572">
        <ele>1428.9175</ele>
        <time>2014-08-19T09:44:58.861000Z</time>
      </trkpt>
      <trkpt lat="38.90239" lon="111.83567">
        <ele>1428.5781</ele>
        <time>2014-08-19T09:45:02.046000Z</time>
      </trkpt>
      <trkpt lat="38.902496" lon="111.83562">
        <ele>1428.2659</ele>
        <time>2014-08-19T09:45:05.231000Z</time>
      </trkpt>
      <trkpt lat="38.90259" lon="111.83559">
        <ele>1427.8252</ele>
        <time>2014-08-19T09:45:08.416000Z</time>
      </trkpt>
      <trkpt lat="38.90267" lon="111.83571">
        <ele>1426.9858</ele>
        <time>2014-08-19T09:45:11.601000Z</time>
      </trkpt>
      <trkpt lat="38.902718" lon="111.83582">
        <ele>1425.872</ele>
        <time>2014-08-19T09:45:14.786000Z</time>
      </trkpt>
      <trkpt lat="38.902756" lon="111.835945">
        <ele>1424.9507</ele>
        <time>2014-08-19T09:45:17.971000Z</time>
      </trkpt>
      <trkpt lat="38.90279" lon="111.83607">
        <ele>1424.734</ele>
        <time>2014-08-19T09:45:21.156000Z</time>
      </trkpt>
      <trkpt lat="38.902824" lon="111.836174">
        <ele>1425.0171</ele>
        <time>2014-08-19T09:45:24.341000Z</time>
      </trkpt>
      <trkpt lat="38.902866" lon="111.83629">
        <ele>1425.0638</ele>
        <time>2014-08-19T09:45:27.526000Z</time>
      </trkpt>
      <trkpt lat="38.902897" lon="111.83642">
        <ele>1424.319</ele>
        <time>2014-08-19T09:45:30.711000Z</time>
      </trkpt>
      <trkpt lat="38.902943" lon="111.836555">
        <ele>1422.9412</ele>
        <time>2014-08-19T09:45:33.896000Z</time>
      </trkpt>
      <trkpt lat="38.902985" lon="111.83668">
        <ele>1421.7872</ele>
        <time>2014-08-19T09:45:37.081000Z</time>
      </trkpt>
      <trkpt lat="38.90302" lon="111.8368">
        <ele>1421.7828</ele>
        <time>2014-08-19T09:45:40.266000Z</time>
      </trkpt>
      <trkpt lat="38.903053" lon="111.836914">
        <ele>1422.9496</ele>
        <time>2014-08-19T09:45:43.451000Z</time>
      </trkpt>
      <trkpt lat="38.903084" lon="111.837036">
        <ele>1424.3148</ele>
        <time>2014-08-19T09:45:46.636000Z</time>
      </trkpt>
      <trkpt lat="38.90313" lon="111.837166">
        <ele>1424.7725</ele>
        <time>2014-08-19T09:45:49.821000Z</time>
      </trkpt>
      <trkpt lat="38.90318" lon="111.83728">
        <ele>1424.2185</ele>
        <time>2014-08-19T09:45:53.006000Z</time>
      </trkpt>
      <trkpt lat="38.903217" lon="111.83739">
        <ele>1423.3798</ele>
        <time>2014-08-19T09:45:56.191000Z</time>
      </trkpt>
      <trkpt lat="38.903255" lon="111.83751">
        <ele>1422.9114</ele>
        <time>2014-08-19T09:45:59.376000Z</time>
      </trkpt>
      <trkpt lat="38.90329" lon="111.83763">
        <ele>1423.1644</ele>
        <time>2014-08-19T09:46:02.561000Z</time>
      </trkpt>
      <trkpt lat="38.903336" lon="111.83775">
        <ele>1424.116</ele>
        <time>2014-08-19T09:46:05.746000Z</time>
      </trkpt>
      <trkpt lat="38.903378" lon="111.83786">
        <ele>1425.0024</ele>
        <time>2014-08-19T09:46:08.931000Z</time>
      </trkpt>
      <trkpt lat="38.903416" lon="111.83798">
        <ele>1425.0706</ele>
        <time>2014-08-19T09:46:12.116000Z</time>
      </trkpt>
      <trkpt lat="38.90346" lon="111.8381">
        <ele>1424.3821</ele>
        <time>2014-08-19T09:46:15.301000Z</time>
      </trkpt>
      <trkpt lat="38.903492" lon="111.83822">
        <ele>1423.6996</ele>
        <time>2014-08-19T09:46:18.486000Z</time>
      </trkpt>
      <trkpt lat="38.903534" lon="111.83834">
        <ele>1423.6796</ele>
        <time>2014-08-19T09:46:21.671000Z</time>
      </trkpt>
      <trkpt lat="38.903587" lon="111.83846">
        <ele>1424.418</ele>
        <time>2014-08-19T09:46:24.856000Z</time>
      </trkpt>
      <trkpt lat="38.903637" lon="111.83858">
        <ele>1425.5327</ele>
        <time>2014-08-19T09:46:28.041000Z</time>
      </trkpt>
      <trkpt lat="38.90369" lon="111.838715">
        <ele>1426.3517</ele>
        <time>2014-08-19T09:46:31.226000Z</time>
      </trkpt>
      <trkpt lat="38.90373" lon="111.838844">
        <ele>1426.5789</ele>
        <time>2014-08-19T09:46:34.411000Z</time>
      </trkpt>
      <trkpt lat="38.90376" lon="111.83897">
        <ele>1426.3969</ele>
        <time>2014-08-19T09:46:37.596000Z</time>
      </trkpt>
      <trkpt lat="38.90379" lon="111.83909">
        <ele>1426.0452</ele>
        <time>2014-08-19T09:46:40.781000Z</time>
      </trkpt>
      <trkpt lat="38.903835" lon="111.83921">
        <ele>1425.641</ele>
        <time>2014-08-19T09:46:43.966000Z</time>
      </trkpt>
      <trkpt lat="38.90387" lon="111.839325">
        <ele>1425.1078</ele>
        <time>2014-08-19T09:46:47.151000Z</time>
      </trkpt>
      <trkpt lat="38.903908" lon="111.83944">
        <ele>1424.3641</ele>
        <time>2014-08-19T09:46:50.336000Z</time>
      </trkpt>
      <trkpt lat="38.903946" lon="111.83955">
        <ele>1423.5239</ele>
        <time>2014-08-19T09:46:53.521000Z</time>
      </trkpt>
      <trkpt lat="38.903988" lon="111.83967">
        <ele>1422.816</ele>
        <time>2014-08-19T09:46:56.706000Z</time>
      </trkpt>
      <trkpt lat="38.904034" lon="111.8398">
        <ele>1422.7227</ele>
        <time>2014-08-19T09:46:59.891000Z</time>
      </trkpt>
      <trkpt lat="38.90415" lon="111.83984">
        <ele>1423.7588</ele>
        <time>2014-08-19T09:47:03.076000Z</time>
      </trkpt>
      <trkpt lat="38.90426" lon="111.839806">
        <ele>1425.5308</ele>
        <time>2014-08-19T09:47:06.261000Z</time>
      </trkpt>
      <trkpt lat="38.90438" lon="111.83975">
        <ele>1426.69</ele>
        <time>2014-08-19T09:47:09.446000Z</time>
      </trkpt>
      <trkpt lat="38.90448" lon="111.83969">
        <ele>1426.48</ele>
        <time>2014-08-19T09:47:12.631000Z</time>
      </trkpt>
      <trkpt lat="38.90458" lon="111.83964">
        <ele>1425.4547</ele>
        <time>2014-08-19T09:47:15.816000Z</time>
      </trkpt>
      <trkpt lat="38.904675" lon="111.839584">
        <ele>1424.5094</ele>
        <time>2014-08-19T09:47:19.001000Z</time>
      </trkpt>
      <trkpt lat="38.904793" lon="111.839516">
        <ele>1424.198</ele>
        <time>2014-08-19T09:47:22.186000Z</time>
      </trkpt>
      <trkpt lat="38.9049" lon="111.839455">
        <ele>1424.9436</ele>
        <time>2014-08-19T09:47:25.371000Z</time>
      </trkpt>
      <trkpt lat="38.905014" lon="111.83939">
        <ele>1426.5098</ele>
        <time>2014-08-19T09:47:28.556000Z</time>
      </trkpt>
      <trkpt lat="38.9051" lon="111.83934">
        <ele>1427.7805</ele>
        <time>2014-08-19T09:47:31.741000Z</time>
      </trkpt>
      <trkpt lat="38.90519" lon="111.83929">
        <ele>1428.103</ele>
        <time>2014-08-19T09:47:34.926000Z</time>
      </trkpt>
      <trkpt lat="38.90528" lon="111.83922">
        <ele>1428.1473</ele>
        <time>2014-08-19T09:47:38.111000Z</time>
      </trkpt>
      <trkpt lat="38.905403" lon="111.83916">
        <ele>1428.5791</ele>
        <time>2014-08-19T09:47:41.296000Z</time>
      </trkpt>
      <trkpt lat="38.90551" lon="111.8391">
        <ele>1428.5757</ele>
        <time>2014-08-19T09:47:44.481000Z</time>
      </trkpt>
      <trkpt lat="38.905624" lon="111.83906">
        <ele>1427.1605</ele>
        <time>2014-08-19T09:47:47.666000Z</time>
      </trkpt>
      <trkpt lat="38.905716" lon="111.839005">
        <ele>1425.0553</ele>
        <time>2014-08-19T09:47:50.851000Z</time>
      </trkpt>
      <trkpt lat="38.905823" lon="111.83895">
        <ele>1423.3234</ele>
        <time>2014-08-19T09:47:54.036000Z</time>
      </trkpt>
      <trkpt lat="38.905922" lon="111.8389">
        <ele>1422.1304</ele>
        <time>2014-08-19T09:47:57.221000Z</time>
      </trkpt>
      <trkpt lat="38.906025" lon="111.83884">
        <ele>1421.3623</ele>
        <time>2014-08-19T09:48:00.406000Z</time>
      </trkpt>
      <trkpt lat="38.90612" lon="111.83879">
        <ele>1420.9058</ele>
        <time>2014-08-19T09:48:03.591000Z</time>
      </trkpt>
      <trkpt lat="38.906223" lon="111.83872">
        <ele>1420.6744</ele>
        <time>2014-08-19T09:48:06.776000Z</time>
      </trkpt>
      <trkpt lat="38.906338" lon="111.83867">
        <ele>1420.6118</ele>
        <time>2014-08-19T09:48:09.961000Z</time>
      </trkpt>
      <trkpt lat="38.906425" lon="111.83863">
        <ele>1420.693</ele>
        <time>2014-08-19T09:48:13.146000Z</time>
      </trkpt>
      <trkpt lat="38.90654" lon="111.83856">
        <ele>1420.9331</ele>
        <time>2014-08-19T09:48:16.331000Z</time>
      </trkpt>
      <trkpt lat="38.90663" lon="111.83851">
        <ele>1421.5143</ele>
        <time>2014-08-19T09:48:19.516000Z</time>
      </trkpt>
      <trkpt lat="38.90673" lon="111.838455">
        <ele>1422.4882</ele>
        <time>2014-08-19T09:48:22.701000Z</time>
      </trkpt>
      <trkpt lat="38.906837" lon="111.838394">
        <ele>1423.2563</ele>
        <time>2014-08-19T09:48:25.886000Z</time>
      </trkpt>
      <trkpt lat="38.90692" lon="111.83834">
        <ele>1422.8539</ele>
        <time>2014-08-19T09:48:29.071000Z</time>
      </trkpt>
      <trkpt lat="38.90703" lon="111.838295">
        <ele>1421.643</ele>
        <time>2014-08-19T09:48:32.256000Z</time>
      </trkpt>
      <trkpt lat="38.907124" lon="111.83825">
        <ele>1420.5248</ele>
        <time>2014-08-19T09:48:35.441000Z</time>
      </trkpt>
      <trkpt lat="38.90722" lon="111.83819">
        <ele>1419.5555</ele>
        <time>2014-08-19T09:48:38.626000Z</time>
      </trkpt>
      <trkpt lat="38.90733" lon="111.83811">
        <ele>1418.7235</ele>
        <time>2014-08-19T09:48:41.811000Z</time>
      </trkpt>
      <trkpt lat="38.90743" lon="111.83804">
        <ele>1418.3492</ele>
        <time>2014-08-19T09:48:44.996000Z</time>
      </trkpt>
      <trkpt lat="38.90753" lon="111.838">
        <ele>1418.3549</ele>
        <time>2014-08-19T09:48:48.181000Z</time>
      </trkpt>
      <trkpt lat="38.90763" lon="111.837944">
        <ele>1419.0984</ele>
        <time>2014-08-19T09:48:51.366000Z</time>
      </trkpt>
      <trkpt lat="38.907738" lon="111.83788">
        <ele>1420.6398</ele>
        <time>2014-08-19T09:48:54.551000Z</time>
      </trkpt>
      <trkpt lat="38.90784" lon="111.83784">
        <ele>1422.0637</ele>
        <time>2014-08-19T09:48:57.736000Z</time>
      </trkpt>
      <trkpt lat="38.907925" lon="111.83776">
        <ele>1422.6908</ele>
        <time>2014-08-19T09:49:00.921000Z</time>
      </trkpt>
      <trkpt lat="38.908028" lon="111.837685">
        <ele>1423.0685</ele>
        <time>2014-08-19T09:49:04.106000Z</time>
      </trkpt>
      <trkpt lat="38.908146" lon="111.83764">
        <ele>1423.8434</ele>
        <time>2014-08-19T09:49:07.291000Z</time>
      </trkpt>
      <trkpt lat="38.908264" lon="111.8376">
        <ele>1424.9883</ele>
        <time>2014-08-19T09:49:10.476000Z</time>
      </trkpt>
      <trkpt lat="38.908348" lon="111.837555">
        <ele>1426.075</ele>
        <time>2014-08-19T09:49:13.661000Z</time>
      </trkpt>
      <trkpt lat="38.90845" lon="111.837524">
        <ele>1426.3418</ele>
        <time>2014-08-19T09:49:16.846000Z</time>
      </trkpt>
      <trkpt lat="38.90854" lon="111.83748">
        <ele>1424.9408</ele>
        <time>2014-08-19T09:49:20.031000Z</time>
      </trkpt>
      <trkpt lat="38.90865" lon="111.83742">
        <ele>1419.1647</ele>
        <time>2014-08-19T09:49:23.216000Z</time>
      </trkpt>
      <trkpt lat="38.908672" lon="111.8374">
        <ele>1417.9061</ele>
        <time>2014-08-19T09:49:26.401000Z</time>
      </trkpt>
      <trkpt lat="38.908783" lon="111.83733">
        <ele>1417.2413</ele>
        <time>2014-08-19T09:49:29.586000Z</time>
      </trkpt>
      <trkpt lat="38.908783" lon="111.83733">
        <ele>1417.8309</ele>
        <time>2014-08-19T09:49:32.771000Z</time>
      </trkpt>
      <trkpt lat="38.908875" lon="111.837296">
        <ele>1418.9359</ele>
        <time>2014-08-19T09:49:35.956000Z</time>
      </trkpt>
      <trkpt lat="38.908955" lon="111.83725">
        <ele>1420.1144</ele>
        <time>2014-08-19T09:49:39.141000Z</time>
      </trkpt>
      <trkpt lat="38.909046" lon="111.83722">
        <ele>1422.0765</ele>
        <time>2014-08-19T09:49:42.326000Z</time>
      </trkpt>
      <trkpt lat="38.909138" lon="111.83716">
        <ele>1424.7465</ele>
        <time>2014-08-19T09:49:45.511000Z</time>
      </trkpt>
      <trkpt lat="38.909237" lon="111.83708">
        <ele>1426.8204</ele>
        <time>2014-08-19T09:49:48.696000Z</time>
      </trkpt>
      <trkpt lat="38.909344" lon="111.837006">
        <ele>1427.7697</ele>
        <time>2014-08-19T09:49:51.881000Z</time>
      </trkpt>
      <trkpt lat="38.90945" lon="111.836945">
        <ele>1428.3304</ele>
        <time>2014-08-19T09:49:55.066000Z</time>
      </trkpt>
      <trkpt lat="38.90956" lon="111.836876">
        <ele>1428.7682</ele>
        <time>2014-08-19T09:49:58.251000Z</time>
      </trkpt>
      <trkpt lat="38.909657" lon="111.83683">
        <ele>1428.5538</ele>
        <time>2014-08-19T09:50:01.436000Z</time>
      </trkpt>
      <trkpt lat="38.909775" lon="111.83678">
        <ele>1427.2178</ele>
        <time>2014-08-19T09:50:04.621000Z</time>
      </trkpt>
      <trkpt lat="38.90989" lon="111.83672">
        <ele>1425.2266</ele>
        <time>2014-08-19T09:50:07.806000Z</time>
      </trkpt>
      <trkpt lat="38.909996" lon="111.836655">
        <ele>1423.6904</ele>
        <time>2014-08-19T09:50:10.991000Z</time>
      </trkpt>
      <trkpt lat="38.910095" lon="111.83662">
        <ele>1423.3325</ele>
        <time>2014-08-19T09:50:14.176000Z</time>
      </trkpt>
      <trkpt lat="38.910206" lon="111.83656">
        <ele>1423.8965</ele>
        <time>2014-08-19T09:50:17.361000Z</time>
      </trkpt>
      <trkpt lat="38.910316" lon="111.8365">
        <ele>1424.4812</ele>
        <time>2014-08-19T09:50:20.546000Z</time>
      </trkpt>
      <trkpt lat="38.910416" lon="111.83645">
        <ele>1424.3408</ele>
        <time>2014-08-19T09:50:23.731000Z</time>
      </trkpt>
      <trkpt lat="38.910526" lon="111.83639">
        <ele>1423.4788</ele>
        <time>2014-08-19T09:50:26.916000Z</time>
      </trkpt>
      <trkpt lat="38.91061" lon="111.83632">
        <ele>1422.4045</ele>
        <time>2014-08-19T09:50:30.101000Z</time>
      </trkpt>
      <trkpt lat="38.910694" lon="111.836205">
        <ele>1422.6573</ele>
        <time>2014-08-19T09:50:33.286000Z</time>
      </trkpt>
      <trkpt lat="38.910774" lon="111.83608">
        <ele>1425.0812</ele>
        <time>2014-08-19T09:50:36.471000Z</time>
      </trkpt>
      <trkpt lat="38.910854" lon="111.83597">
        <ele>1428.3237</ele>
        <time>2014-08-19T09:50:39.656000Z</time>
      </trkpt>
      <trkpt lat="38.91097" lon="111.835884">
        <ele>1431.5609</ele>
        <time>2014-08-19T09:50:42.841000Z</time>
      </trkpt>
      <trkpt lat="38.911057" lon="111.83585">
        <ele>1434.8638</ele>
        <time>2014-08-19T09:50:46.026000Z</time>
      </trkpt>
      <trkpt lat="38.91117" lon="111.83582">
        <ele>1436.6688</ele>
        <time>2014-08-19T09:50:49.211000Z</time>
      </trkpt>
      <trkpt lat="38.911274" lon="111.83581">
        <ele>1435.0247</ele>
        <time>2014-08-19T09:50:52.396000Z</time>
      </trkpt>
      <trkpt lat="38.911385" lon="111.83571">
        <ele>1430.7921</ele>
        <time>2014-08-19T09:50:55.581000Z</time>
      </trkpt>
      <trkpt lat="38.91147" lon="111.83561">
        <ele>1428.1969</ele>
        <time>2014-08-19T09:50:58.766000Z</time>
      </trkpt>
      <trkpt lat="38.911556" lon="111.835526">
        <ele>1430.1185</ele>
        <time>2014-08-19T09:51:01.951000Z</time>
      </trkpt>
      <trkpt lat="38.911644" lon="111.83548">
        <ele>1434.4176</ele>
        <time>2014-08-19T09:51:05.136000Z</time>
      </trkpt>
      <trkpt lat="38.911774" lon="111.83546">
        <ele>1437.3379</ele>
        <time>2014-08-19T09:51:08.321000Z</time>
      </trkpt>
      <trkpt lat="38.9119" lon="111.83544">
        <ele>1436.0938</ele>
        <time>2014-08-19T09:51:11.506000Z</time>
      </trkpt>
      <trkpt lat="38.911987" lon="111.83543">
        <ele>1430.6143</ele>
        <time>2014-08-19T09:51:14.691000Z</time>
      </trkpt>
      <trkpt lat="38.912094" lon="111.8354">
        <ele>1424.5426</ele>
        <time>2014-08-19T09:51:17.876000Z</time>
      </trkpt>
      <trkpt lat="38.912212" lon="111.83537">
        <ele>1421.0648</ele>
        <time>2014-08-19T09:51:21.061000Z</time>
      </trkpt>
      <trkpt lat="38.91232" lon="111.835335">
        <ele>1419.3706</ele>
        <time>2014-08-19T09:51:24.246000Z</time>
      </trkpt>
      <trkpt lat="38.91242" lon="111.83527">
        <ele>1417.2766</ele>
        <time>2014-08-19T09:51:27.431000Z</time>
      </trkpt>
      <trkpt lat="38.912537" lon="111.83521">
        <ele>1414.4921</ele>
        <time>2014-08-19T09:51:30.616000Z</time>
      </trkpt>
      <trkpt lat="38.912655" lon="111.83516">
        <ele>1412.4314</ele>
        <time>2014-08-19T09:51:33.801000Z</time>
      </trkpt>
      <trkpt lat="38.912766" lon="111.835106">
        <ele>1411.5398</ele>
        <time>2014-08-19T09:51:36.986000Z</time>
      </trkpt>
      <trkpt lat="38.912865" lon="111.83504">
        <ele>1411.199</ele>
        <time>2014-08-19T09:51:40.171000Z</time>
      </trkpt>
      <trkpt lat="38.912968" lon="111.834984">
        <ele>1411.0492</ele>
        <time>2014-08-19T09:51:43.356000Z</time>
      </trkpt>
      <trkpt lat="38.91307" lon="111.83493">
        <ele>1411.5245</ele>
        <time>2014-08-19T09:51:46.541000Z</time>
      </trkpt>
      <trkpt lat="38.913166" lon="111.83488">
        <ele>1412.938</ele>
        <time>2014-08-19T09:51:49.726000Z</time>
      </trkpt>
      <trkpt lat="38.913277" lon="111.8348">
        <ele>1415.0203</ele>
        <time>2014-08-19T09:51:52.911000Z</time>
      </trkpt>
      <trkpt lat="38.91338" lon="111.83471">
        <ele>1418.022</ele>
        <time>2014-08-19T09:51:56.096000Z</time>
      </trkpt>
      <trkpt lat="38.913467" lon="111.83463">
        <ele>1422.4841</ele>
        <time>2014-08-19T09:51:59.281000Z</time>
      </trkpt>
      <trkpt lat="38.913567" lon="111.83458">
        <ele>1427.2141</ele>
        <time>2014-08-19T09:52:02.466000Z</time>
      </trkpt>
      <trkpt lat="38.913677" lon="111.83453">
        <ele>1429.3496</ele>
        <time>2014-08-19T09:52:05.651000Z</time>
      </trkpt>
      <trkpt lat="38.913776" lon="111.83444">
        <ele>1427.9435</ele>
        <time>2014-08-19T09:52:08.836000Z</time>
      </trkpt>
      <trkpt lat="38.913876" lon="111.83435">
        <ele>1425.3965</ele>
        <time>2014-08-19T09:52:12.021000Z</time>
      </trkpt>
      <trkpt lat="38.913948" lon="111.83428">
        <ele>1424.3174</ele>
        <time>2014-08-19T09:52:15.206000Z</time>
      </trkpt>
      <trkpt lat="38.914055" lon="111.834206">
        <ele>1425.2859</ele>
        <time>2014-08-19T09:52:18.391000Z</time>
      </trkpt>
      <trkpt lat="38.914143" lon="111.83416">
        <ele>1427.5381</ele>
        <time>2014-08-19T09:52:21.576000Z</time>
      </trkpt>
      <trkpt lat="38.91424" lon="111.83411">
        <ele>1429.8628</ele>
        <time>2014-08-19T09:52:24.761000Z</time>
      </trkpt>
      <trkpt lat="38.914337" lon="111.83407">
        <ele>1431.7148</ele>
        <time>2014-08-19T09:52:27.946000Z</time>
      </trkpt>
      <trkpt lat="38.91443" lon="111.834">
        <ele>1433.0585</ele>
        <time>2014-08-19T09:52:31.131000Z</time>
      </trkpt>
      <trkpt lat="38.914524" lon="111.83395">
        <ele>1434.0967</ele>
        <time>2014-08-19T09:52:34.316000Z</time>
      </trkpt>
      <trkpt lat="38.914635" lon="111.833916">
        <ele>1435.016</ele>
        <time>2014-08-19T09:52:37.501000Z</time>
      </trkpt>
      <trkpt lat="38.914734" lon="111.8339">
        <ele>1434.1842</ele>
        <time>2014-08-19T09:52:40.686000Z</time>
      </trkpt>
      <trkpt lat="38.91485" lon="111.83389">
        <ele>1429.4677</ele>
        <time>2014-08-19T09:52:43.871000Z</time>
      </trkpt>
      <trkpt lat="38.914963" lon="111.83386">
        <ele>1422.3529</ele>
        <time>2014-08-19T09:52:47.056000Z</time>
      </trkpt>
      <trkpt lat="38.915066" lon="111.83382">
        <ele>1416.102</ele>
        <time>2014-08-19T09:52:50.241000Z</time>
      </trkpt>
      <trkpt lat="38.915154" lon="111.83376">
        <ele>1412.1118</ele>
        <time>2014-08-19T09:52:53.426000Z</time>
      </trkpt>
      <trkpt lat="38.915257" lon="111.83369">
        <ele>1410.6161</ele>
        <time>2014-08-19T09:52:56.611000Z</time>
      </trkpt>
      <trkpt lat="38.91536" lon="111.833565">
        <ele>1412.0186</ele>
        <time>2014-08-19T09:52:59.796000Z</time>
      </trkpt>
      <trkpt lat="38.915436" lon="111.83349">
        <ele>1417.3236</ele>
        <time>2014-08-19T09:53:02.981000Z</time>
      </trkpt>
      <trkpt lat="38.915535" lon="111.83343">
        <ele>1425.2241</ele>
        <time>2014-08-19T09:53:06.166000Z</time>
      </trkpt>
      <trkpt lat="38.915627" lon="111.83337">
        <ele>1431.291</ele>
        <time>2014-08-19T09:53:09.351000Z</time>
      </trkpt>
      <trkpt lat="38.915703" lon="111.8333">
        <ele>1433.2913</ele>
        <time>2014-08-19T09:53:12.536000Z</time>
      </trkpt>
      <trkpt lat="38.915802" lon="111.83325">
        <ele>1432.917</ele>
        <time>2014-08-19T09:53:15.721000Z</time>
      </trkpt>
      <trkpt lat="38.915913" lon="111.83325">
        <ele>1433.08</ele>
        <time>2014-08-19T09:53:18.906000Z</time>
      </trkpt>
      <trkpt lat="38.916008" lon="111.833176">
        <ele>1435.1444</ele>
        <time>2014-08-19T09:53:22.091000Z</time>
      </trkpt>
      <trkpt lat="38.91612" lon="111.83315">
        <ele>1436.7125</ele>
        <time>2014-08-19T09:53:25.276000Z</time>
      </trkpt>
      <trkpt lat="38.91621" lon="111.83317">
        <ele>1435.3169</ele>
        <time>2014-08-19T09:53:28.461000Z</time>
      </trkpt>
      <trkpt lat="38.91632" lon="111.83318">
        <ele>1431.5507</ele>
        <time>2014-08-19T09:53:31.646000Z</time>
      </trkpt>
      <trkpt lat="38.916416" lon="111.83315">
        <ele>1426.6935</ele>
        <time>2014-08-19T09:53:34.831000Z</time>
      </trkpt>
      <trkpt lat="38.916515" lon="111.8331">
        <ele>1422.0376</ele>
        <time>2014-08-19T09:53:38.016000Z</time>
      </trkpt>
      <trkpt lat="38.916615" lon="111.833046">
        <ele>1419.0302</ele>
        <time>2014-08-19T09:53:41.201000Z</time>
      </trkpt>
      <trkpt lat="38.9167" lon="111.83301">
        <ele>1417.4614</ele>
        <time>2014-08-19T09:53:44.386000Z</time>
      </trkpt>
      <trkpt lat="38.916805" lon="111.832954">
        <ele>1416.326</ele>
        <time>2014-08-19T09:53:47.571000Z</time>
      </trkpt>
      <trkpt lat="38.916912" lon="111.833">
        <ele>1415.3602</ele>
        <time>2014-08-19T09:53:50.756000Z</time>
      </trkpt>
      <trkpt lat="38.917007" lon="111.833046">
        <ele>1414.0592</ele>
        <time>2014-08-19T09:53:53.941000Z</time>
      </trkpt>
      <trkpt lat="38.91709" lon="111.833176">
        <ele>1412.0604</ele>
        <time>2014-08-19T09:53:57.126000Z</time>
      </trkpt>
      <trkpt lat="38.91714" lon="111.8333">
        <ele>1410.4941</ele>
        <time>2014-08-19T09:54:00.311000Z</time>
      </trkpt>
      <trkpt lat="38.917187" lon="111.83341">
        <ele>1410.2386</ele>
        <time>2014-08-19T09:54:03.496000Z</time>
      </trkpt>
      <trkpt lat="38.917236" lon="111.833534">
        <ele>1410.7701</ele>
        <time>2014-08-19T09:54:06.681000Z</time>
      </trkpt>
      <trkpt lat="38.917297" lon="111.83363">
        <ele>1411.4706</ele>
        <time>2014-08-19T09:54:09.866000Z</time>
      </trkpt>
      <trkpt lat="38.917362" lon="111.83373">
        <ele>1412.075</ele>
        <time>2014-08-19T09:54:13.051000Z</time>
      </trkpt>
      <trkpt lat="38.917423" lon="111.83386">
        <ele>1412.4131</ele>
        <time>2014-08-19T09:54:16.236000Z</time>
      </trkpt>
      <trkpt lat="38.91747" lon="111.83402">
        <ele>1412.49</ele>
        <time>2014-08-19T09:54:19.421000Z</time>
      </trkpt>
      <trkpt lat="38.917503" lon="111.834145">
        <ele>1412.7416</ele>
        <time>2014-08-19T09:54:22.606000Z</time>
      </trkpt>
      <trkpt lat="38.917545" lon="111.83425">
        <ele>1413.4519</ele>
        <time>2014-08-19T09:54:25.791000Z</time>
      </trkpt>
      <trkpt lat="38.91761" lon="111.8344">
        <ele>1414.0919</ele>
        <time>2014-08-19T09:54:28.976000Z</time>
      </trkpt>
      <trkpt lat="38.917667" lon="111.834496">
        <ele>1413.926</ele>
        <time>2014-08-19T09:54:32.161000Z</time>
      </trkpt>
      <trkpt lat="38.91773" lon="111.834625">
        <ele>1413.1619</ele>
        <time>2014-08-19T09:54:35.346000Z</time>
      </trkpt>
      <trkpt lat="38.91777" lon="111.83474">
        <ele>1412.5625</ele>
        <time>2014-08-19T09:54:38.531000Z</time>
      </trkpt>
      <trkpt lat="38.91781" lon="111.83486">
        <ele>1412.4153</ele>
        <time>2014-08-19T09:54:41.716000Z</time>
      </trkpt>
      <trkpt lat="38.917847" lon="111.83499">
        <ele>1412.5271</ele>
        <time>2014-08-19T09:54:44.901000Z</time>
      </trkpt>
      <trkpt lat="38.917885" lon="111.83513">
        <ele>1412.789</ele>
        <time>2014-08-19T09:54:48.086000Z</time>
      </trkpt>
      <trkpt lat="38.91793" lon="111.835266">
        <ele>1413.1039</ele>
        <time>2014-08-19T09:54:51.271000Z</time>
      </trkpt>
      <trkpt lat="38.917984" lon="111.83539">
        <ele>1413.351</ele>
        <time>2014-08-19T09:54:54.456000Z</time>
      </trkpt>
      <trkpt lat="38.918026" lon="111.83551">
        <ele>1413.5977</ele>
        <time>2014-08-19T09:54:57.641000Z</time>
      </trkpt>
      <trkpt lat="38.918064" lon="111.83564">
        <ele>1413.6149</ele>
        <time>2014-08-19T09:55:00.826000Z</time>
      </trkpt>
      <trkpt lat="38.918102" lon="111.83579">
        <ele>1413.4008</ele>
        <time>2014-08-19T09:55:04.011000Z</time>
      </trkpt>
      <trkpt lat="38.918144" lon="111.83591">
        <ele>1413.3737</ele>
        <time>2014-08-19T09:55:07.196000Z</time>
      </trkpt>
      <trkpt lat="38.918182" lon="111.83605">
        <ele>1413.8231</ele>
        <time>2014-08-19T09:55:10.381000Z</time>
      </trkpt>
      <trkpt lat="38.918213" lon="111.8362">
        <ele>1414.5934</ele>
        <time>2014-08-19T09:55:13.566000Z</time>
      </trkpt>
      <trkpt lat="38.918232" lon="111.836334">
        <ele>1415.3303</ele>
        <time>2014-08-19T09:55:16.751000Z</time>
      </trkpt>
      <trkpt lat="38.918262" lon="111.83646">
        <ele>1415.6549</ele>
        <time>2014-08-19T09:55:19.936000Z</time>
      </trkpt>
      <trkpt lat="38.91827" lon="111.83657">
        <ele>1415.1704</ele>
        <time>2014-08-19T09:55:23.121000Z</time>
      </trkpt>
      <trkpt lat="38.918278" lon="111.83674">
        <ele>1413.7926</ele>
        <time>2014-08-19T09:55:26.306000Z</time>
      </trkpt>
      <trkpt lat="38.91827" lon="111.836876">
        <ele>1412.6401</ele>
        <time>2014-08-19T09:55:29.491000Z</time>
      </trkpt>
      <trkpt lat="38.91826" lon="111.83703">
        <ele>1412.7086</ele>
        <time>2014-08-19T09:55:32.676000Z</time>
      </trkpt>
      <trkpt lat="38.918255" lon="111.83718">
        <ele>1413.5923</ele>
        <time>2014-08-19T09:55:35.861000Z</time>
      </trkpt>
      <trkpt lat="38.918274" lon="111.837296">
        <ele>1414.4792</ele>
        <time>2014-08-19T09:55:39.046000Z</time>
      </trkpt>
      <trkpt lat="38.918297" lon="111.837425">
        <ele>1415.0645</ele>
        <time>2014-08-19T09:55:42.231000Z</time>
      </trkpt>
      <trkpt lat="38.918316" lon="111.83758">
        <ele>1415.3695</ele>
        <time>2014-08-19T09:55:45.416000Z</time>
      </trkpt>
      <trkpt lat="38.918324" lon="111.83772">
        <ele>1415.4519</ele>
        <time>2014-08-19T09:55:48.601000Z</time>
      </trkpt>
      <trkpt lat="38.918327" lon="111.83784">
        <ele>1415.2963</ele>
        <time>2014-08-19T09:55:51.786000Z</time>
      </trkpt>
      <trkpt lat="38.918324" lon="111.83796">
        <ele>1414.9132</ele>
        <time>2014-08-19T09:55:54.971000Z</time>
      </trkpt>
      <trkpt lat="38.918327" lon="111.83814">
        <ele>1414.5387</ele>
        <time>2014-08-19T09:55:58.156000Z</time>
      </trkpt>
      <trkpt lat="38.918346" lon="111.83828">
        <ele>1414.4319</ele>
        <time>2014-08-19T09:56:01.341000Z</time>
      </trkpt>
      <trkpt lat="38.91835" lon="111.8384">
        <ele>1414.6633</ele>
        <time>2014-08-19T09:56:04.526000Z</time>
      </trkpt>
      <trkpt lat="38.918343" lon="111.83853">
        <ele>1415.0883</ele>
        <time>2014-08-19T09:56:07.711000Z</time>
      </trkpt>
      <trkpt lat="38.91834" lon="111.83865">
        <ele>1415.0809</ele>
        <time>2014-08-19T09:56:10.896000Z</time>
      </trkpt>
      <trkpt lat="38.91834" lon="111.83878">
        <ele>1414.3156</ele>
        <time>2014-08-19T09:56:14.081000Z</time>
      </trkpt>
      <trkpt lat="38.918335" lon="111.8389">
        <ele>1413.6237</ele>
        <time>2014-08-19T09:56:17.266000Z</time>
      </trkpt>
      <trkpt lat="38.91834" lon="111.83902">
        <ele>1413.7405</ele>
        <time>2014-08-19T09:56:20.451000Z</time>
      </trkpt>
      <trkpt lat="38.918335" lon="111.839165">
        <ele>1414.541</ele>
        <time>2014-08-19T09:56:23.636000Z</time>
      </trkpt>
      <trkpt lat="38.9183" lon="111.839294">
        <ele>1415.9757</ele>
        <time>2014-08-19T09:56:26.821000Z</time>
      </trkpt>
      <trkpt lat="38.918304" lon="111.83944">
        <ele>1417.8184</ele>
        <time>2014-08-19T09:56:30.006000Z</time>
      </trkpt>
      <trkpt lat="38.918304" lon="111.83958">
        <ele>1419.203</ele>
        <time>2014-08-19T09:56:33.191000Z</time>
      </trkpt>
      <trkpt lat="38.918304" lon="111.8397">
        <ele>1419.4955</ele>
        <time>2014-08-19T09:56:36.376000Z</time>
      </trkpt>
      <trkpt lat="38.918316" lon="111.83984">
        <ele>1418.9594</ele>
        <time>2014-08-19T09:56:39.561000Z</time>
      </trkpt>
      <trkpt lat="38.918316" lon="111.83996">
        <ele>1418.1265</ele>
        <time>2014-08-19T09:56:42.746000Z</time>
      </trkpt>
      <trkpt lat="38.91832" lon="111.8401">
        <ele>1417.5146</ele>
        <time>2014-08-19T09:56:45.931000Z</time>
      </trkpt>
      <trkpt lat="38.918316" lon="111.84024">
        <ele>1417.3958</ele>
        <time>2014-08-19T09:56:49.116000Z</time>
      </trkpt>
      <trkpt lat="38.918324" lon="111.84036">
        <ele>1417.6052</ele>
        <time>2014-08-19T09:56:52.301000Z</time>
      </trkpt>
      <trkpt lat="38.918324" lon="111.84051">
        <ele>1417.778</ele>
        <time>2014-08-19T09:56:55.486000Z</time>
      </trkpt>
      <trkpt lat="38.918316" lon="111.84065">
        <ele>1417.5493</ele>
        <time>2014-08-19T09:56:58.671000Z</time>
      </trkpt>
      <trkpt lat="38.91832" lon="111.84079">
        <ele>1416.8434</ele>
        <time>2014-08-19T09:57:01.856000Z</time>
      </trkpt>
      <trkpt lat="38.91832" lon="111.84093">
        <ele>1416.1831</ele>
        <time>2014-08-19T09:57:05.041000Z</time>
      </trkpt>
      <trkpt lat="38.91832" lon="111.84105">
        <ele>1416.0146</ele>
        <time>2014-08-19T09:57:08.226000Z</time>
      </trkpt>
      <trkpt lat="38.918316" lon="111.84119">
        <ele>1416.3328</ele>
        <time>2014-08-19T09:57:11.411000Z</time>
      </trkpt>
      <trkpt lat="38.91831" lon="111.84133">
        <ele>1417.1119</ele>
        <time>2014-08-19T09:57:14.596000Z</time>
      </trkpt>
      <trkpt lat="38.9183" lon="111.84147">
        <ele>1418.2318</ele>
        <time>2014-08-19T09:57:17.781000Z</time>
      </trkpt>
      <trkpt lat="38.91829" lon="111.84161">
        <ele>1419.0442</ele>
        <time>2014-08-19T09:57:20.966000Z</time>
      </trkpt>
      <trkpt lat="38.91829" lon="111.841736">
        <ele>1418.6665</ele>
        <time>2014-08-19T09:57:24.151000Z</time>
      </trkpt>
      <trkpt lat="38.91828" lon="111.84185">
        <ele>1417.2311</ele>
        <time>2014-08-19T09:57:27.336000Z</time>
      </trkpt>
      <trkpt lat="38.91828" lon="111.84199">
        <ele>1416.12</ele>
        <time>2014-08-19T09:57:30.521000Z</time>
      </trkpt>
      <trkpt lat="38.91828" lon="111.84212">
        <ele>1416.3492</ele>
        <time>2014-08-19T09:57:33.706000Z</time>
      </trkpt>
      <trkpt lat="38.918278" lon="111.842255">
        <ele>1417.4448</ele>
        <time>2014-08-19T09:57:36.891000Z</time>
      </trkpt>
      <trkpt lat="38.91829" lon="111.8424">
        <ele>1418.4902</ele>
        <time>2014-08-19T09:57:40.076000Z</time>
      </trkpt>
      <trkpt lat="38.9183" lon="111.84257">
        <ele>1419.0195</ele>
        <time>2014-08-19T09:57:43.261000Z</time>
      </trkpt>
      <trkpt lat="38.918285" lon="111.8427">
        <ele>1419.0618</ele>
        <time>2014-08-19T09:57:46.446000Z</time>
      </trkpt>
      <trkpt lat="38.918278" lon="111.84285">
        <ele>1419.1903</ele>
        <time>2014-08-19T09:57:49.631000Z</time>
      </trkpt>
      <trkpt lat="38.91827" lon="111.843">
        <ele>1419.7914</ele>
        <time>2014-08-19T09:57:52.816000Z</time>
      </trkpt>
      <trkpt lat="38.91827" lon="111.84312">
        <ele>1420.4775</ele>
        <time>2014-08-19T09:57:56.001000Z</time>
      </trkpt>
      <trkpt lat="38.91827" lon="111.84324">
        <ele>1420.8076</ele>
        <time>2014-08-19T09:57:59.186000Z</time>
      </trkpt>
      <trkpt lat="38.918247" lon="111.84337">
        <ele>1420.8524</ele>
        <time>2014-08-19T09:58:02.371000Z</time>
      </trkpt>
      <trkpt lat="38.918167" lon="111.84348">
        <ele>1420.8013</ele>
        <time>2014-08-19T09:58:05.556000Z</time>
      </trkpt>
      <trkpt lat="38.918102" lon="111.84359">
        <ele>1420.562</ele>
        <time>2014-08-19T09:58:08.741000Z</time>
      </trkpt>
      <trkpt lat="38.918053" lon="111.84372">
        <ele>1420.231</ele>
        <time>2014-08-19T09:58:11.926000Z</time>
      </trkpt>
      <trkpt lat="38.918022" lon="111.843834">
        <ele>1420.2687</ele>
        <time>2014-08-19T09:58:15.111000Z</time>
      </trkpt>
      <trkpt lat="38.917984" lon="111.84395">
        <ele>1420.6774</ele>
        <time>2014-08-19T09:58:18.296000Z</time>
      </trkpt>
      <trkpt lat="38.91792" lon="111.84407">
        <ele>1421.2169</ele>
        <time>2014-08-19T09:58:21.481000Z</time>
      </trkpt>
      <trkpt lat="38.917854" lon="111.84418">
        <ele>1421.8755</ele>
        <time>2014-08-19T09:58:24.666000Z</time>
      </trkpt>
      <trkpt lat="38.917797" lon="111.84428">
        <ele>1422.8002</ele>
        <time>2014-08-19T09:58:27.851000Z</time>
      </trkpt>
      <trkpt lat="38.917747" lon="111.84439">
        <ele>1424.0187</ele>
        <time>2014-08-19T09:58:31.036000Z</time>
      </trkpt>
      <trkpt lat="38.91769" lon="111.84451">
        <ele>1425.0276</ele>
        <time>2014-08-19T09:58:34.221000Z</time>
      </trkpt>
      <trkpt lat="38.917637" lon="111.84463">
        <ele>1425.3876</ele>
        <time>2014-08-19T09:58:37.406000Z</time>
      </trkpt>
      <trkpt lat="38.917583" lon="111.84474">
        <ele>1425.49</ele>
        <time>2014-08-19T09:58:40.591000Z</time>
      </trkpt>
      <trkpt lat="38.917553" lon="111.84486">
        <ele>1425.7367</ele>
        <time>2014-08-19T09:58:43.776000Z</time>
      </trkpt>
      <trkpt lat="38.917507" lon="111.84497">
        <ele>1425.764</ele>
        <time>2014-08-19T09:58:46.961000Z</time>
      </trkpt>
      <trkpt lat="38.917446" lon="111.8451">
        <ele>1425.0894</ele>
        <time>2014-08-19T09:58:50.146000Z</time>
      </trkpt>
      <trkpt lat="38.917397" lon="111.845215">
        <ele>1424.1294</ele>
        <time>2014-08-19T09:58:53.331000Z</time>
      </trkpt>
      <trkpt lat="38.917343" lon="111.84536">
        <ele>1423.4717</ele>
        <time>2014-08-19T09:58:56.516000Z</time>
      </trkpt>
      <trkpt lat="38.917286" lon="111.84548">
        <ele>1423.2103</ele>
        <time>2014-08-19T09:58:59.701000Z</time>
      </trkpt>
      <trkpt lat="38.917233" lon="111.84559">
        <ele>1422.9238</ele>
        <time>2014-08-19T09:59:02.886000Z</time>
      </trkpt>
      <trkpt lat="38.91718" lon="111.84571">
        <ele>1422.5735</ele>
        <time>2014-08-19T09:59:06.071000Z</time>
      </trkpt>
      <trkpt lat="38.917114" lon="111.84583">
        <ele>1422.7148</ele>
        <time>2014-08-19T09:59:09.256000Z</time>
      </trkpt>
      <trkpt lat="38.917072" lon="111.845955">
        <ele>1423.3175</ele>
        <time>2014-08-19T09:59:12.441000Z</time>
      </trkpt>
      <trkpt lat="38.91703" lon="111.84607">
        <ele>1423.6364</ele>
        <time>2014-08-19T09:59:15.626000Z</time>
      </trkpt>
      <trkpt lat="38.916973" lon="111.8462">
        <ele>1423.483</ele>
        <time>2014-08-19T09:59:18.811000Z</time>
      </trkpt>
      <trkpt lat="38.91692" lon="111.84631">
        <ele>1423.2103</ele>
        <time>2014-08-19T09:59:21.996000Z</time>
      </trkpt>
      <trkpt lat="38.916878" lon="111.84642">
        <ele>1423.231</ele>
        <time>2014-08-19T09:59:25.181000Z</time>
      </trkpt>
      <trkpt lat="38.91681" lon="111.84655">
        <ele>1423.5326</ele>
        <time>2014-08-19T09:59:28.366000Z</time>
      </trkpt>
      <trkpt lat="38.91675" lon="111.84667">
        <ele>1423.7345</ele>
        <time>2014-08-19T09:59:31.551000Z</time>
      </trkpt>
      <trkpt lat="38.91671" lon="111.84679">
        <ele>1423.6097</ele>
        <time>2014-08-19T09:59:34.736000Z</time>
      </trkpt>
      <trkpt lat="38.916645" lon="111.8469">
        <ele>1423.3478</ele>
        <time>2014-08-19T09:59:37.921000Z</time>
      </trkpt>
      <trkpt lat="38.91657" lon="111.84698">
        <ele>1423.1718</ele>
        <time>2014-08-19T09:59:41.106000Z</time>
      </trkpt>
      <trkpt lat="38.916508" lon="111.847084">
        <ele>1423.0443</ele>
        <time>2014-08-19T09:59:44.291000Z</time>
      </trkpt>
      <trkpt lat="38.91646" lon="111.84722">
        <ele>1422.8838</ele>
        <time>2014-08-19T09:59:47.476000Z</time>
      </trkpt>
      <trkpt lat="38.91641" lon="111.847336">
        <ele>1422.7736</ele>
        <time>2014-08-19T09:59:50.661000Z</time>
      </trkpt>
      <trkpt lat="38.916355" lon="111.84745">
        <ele>1422.8031</ele>
        <time>2014-08-19T09:59:53.846000Z</time>
      </trkpt>
      <trkpt lat="38.916313" lon="111.847565">
        <ele>1422.8927</ele>
        <time>2014-08-19T09:59:57.031000Z</time>
      </trkpt>
      <trkpt lat="38.916264" lon="111.84767">
        <ele>1423.0017</ele>
        <time>2014-08-19T10:00:00.216000Z</time>
      </trkpt>
      <trkpt lat="38.916214" lon="111.84779">
        <ele>1423.1509</ele>
        <time>2014-08-19T10:00:03.401000Z</time>
      </trkpt>
      <trkpt lat="38.91616" lon="111.84792">
        <ele>1423.4757</ele>
        <time>2014-08-19T10:00:06.586000Z</time>
      </trkpt>
      <trkpt lat="38.91611" lon="111.848045">
        <ele>1423.7902</ele>
        <time>2014-08-19T10:00:09.771000Z</time>
      </trkpt>
      <trkpt lat="38.91606" lon="111.84817">
        <ele>1423.4497</ele>
        <time>2014-08-19T10:00:12.956000Z</time>
      </trkpt>
      <trkpt lat="38.91601" lon="111.84827">
        <ele>1422.4463</ele>
        <time>2014-08-19T10:00:16.141000Z</time>
      </trkpt>
      <trkpt lat="38.915962" lon="111.84838">
        <ele>1421.5782</ele>
        <time>2014-08-19T10:00:19.326000Z</time>
      </trkpt>
      <trkpt lat="38.915913" lon="111.848495">
        <ele>1421.582</ele>
        <time>2014-08-19T10:00:22.511000Z</time>
      </trkpt>
      <trkpt lat="38.915863" lon="111.84862">
        <ele>1422.6461</ele>
        <time>2014-08-19T10:00:25.696000Z</time>
      </trkpt>
      <trkpt lat="38.91581" lon="111.84874">
        <ele>1424.0829</ele>
        <time>2014-08-19T10:00:28.881000Z</time>
      </trkpt>
      <trkpt lat="38.915752" lon="111.848854">
        <ele>1424.92</ele>
        <time>2014-08-19T10:00:32.066000Z</time>
      </trkpt>
      <trkpt lat="38.915707" lon="111.84897">
        <ele>1424.9626</ele>
        <time>2014-08-19T10:00:35.251000Z</time>
      </trkpt>
      <trkpt lat="38.915665" lon="111.84908">
        <ele>1424.6603</ele>
        <time>2014-08-19T10:00:38.436000Z</time>
      </trkpt>
      <trkpt lat="38.91562" lon="111.8492">
        <ele>1424.5845</ele>
        <time>2014-08-19T10:00:41.621000Z</time>
      </trkpt>
      <trkpt lat="38.915573" lon="111.84931">
        <ele>1424.6484</ele>
        <time>2014-08-19T10:00:44.806000Z</time>
      </trkpt>
      <trkpt lat="38.915512" lon="111.84943">
        <ele>1424.6238</ele>
        <time>2014-08-19T10:00:47.991000Z</time>
      </trkpt>
      <trkpt lat="38.915455" lon="111.849556">
        <ele>1424.7614</ele>
        <time>2014-08-19T10:00:51.176000Z</time>
      </trkpt>
      <trkpt lat="38.91541" lon="111.84967">
        <ele>1425.3411</ele>
        <time>2014-08-19T10:00:54.361000Z</time>
      </trkpt>
      <trkpt lat="38.915363" lon="111.849785">
        <ele>1426.1998</ele>
        <time>2014-08-19T10:00:57.546000Z</time>
      </trkpt>
      <trkpt lat="38.91531" lon="111.84991">
        <ele>1426.9829</ele>
        <time>2014-08-19T10:01:00.731000Z</time>
      </trkpt>
      <trkpt lat="38.915264" lon="111.85002">
        <ele>1427.377</ele>
        <time>2014-08-19T10:01:03.916000Z</time>
      </trkpt>
      <trkpt lat="38.91521" lon="111.85013">
        <ele>1427.4586</ele>
        <time>2014-08-19T10:01:07.101000Z</time>
      </trkpt>
      <trkpt lat="38.915157" lon="111.85024">
        <ele>1427.3594</ele>
        <time>2014-08-19T10:01:10.286000Z</time>
      </trkpt>
      <trkpt lat="38.9151" lon="111.85038">
        <ele>1427.1735</ele>
        <time>2014-08-19T10:01:13.471000Z</time>
      </trkpt>
      <trkpt lat="38.915054" lon="111.850494">
        <ele>1427.0157</ele>
        <time>2014-08-19T10:01:16.656000Z</time>
      </trkpt>
      <trkpt lat="38.915" lon="111.85062">
        <ele>1426.382</ele>
        <time>2014-08-19T10:01:19.841000Z</time>
      </trkpt>
      <trkpt lat="38.914944" lon="111.85073">
        <ele>1424.8973</ele>
        <time>2014-08-19T10:01:23.026000Z</time>
      </trkpt>
      <trkpt lat="38.914894" lon="111.850845">
        <ele>1423.7527</ele>
        <time>2014-08-19T10:01:26.211000Z</time>
      </trkpt>
      <trkpt lat="38.914837" lon="111.850975">
        <ele>1423.9966</ele>
        <time>2014-08-19T10:01:29.396000Z</time>
      </trkpt>
      <trkpt lat="38.91479" lon="111.85108">
        <ele>1425.0449</ele>
        <time>2014-08-19T10:01:32.581000Z</time>
      </trkpt>
      <trkpt lat="38.91474" lon="111.85119">
        <ele>1426.0728</ele>
        <time>2014-08-19T10:01:35.766000Z</time>
      </trkpt>
      <trkpt lat="38.914677" lon="111.851326">
        <ele>1426.7905</ele>
        <time>2014-08-19T10:01:38.951000Z</time>
      </trkpt>
      <trkpt lat="38.914627" lon="111.85144">
        <ele>1427.173</ele>
        <time>2014-08-19T10:01:42.136000Z</time>
      </trkpt>
      <trkpt lat="38.914585" lon="111.851555">
        <ele>1427.2444</ele>
        <time>2014-08-19T10:01:45.321000Z</time>
      </trkpt>
      <trkpt lat="38.91453" lon="111.85168">
        <ele>1427.0474</ele>
        <time>2014-08-19T10:01:48.506000Z</time>
      </trkpt>
      <trkpt lat="38.91448" lon="111.8518">
        <ele>1427.0172</ele>
        <time>2014-08-19T10:01:51.691000Z</time>
      </trkpt>
      <trkpt lat="38.91443" lon="111.85193">
        <ele>1427.4487</ele>
        <time>2014-08-19T10:01:54.876000Z</time>
      </trkpt>
      <trkpt lat="38.914383" lon="111.852036">
        <ele>1427.9341</ele>
        <time>2014-08-19T10:01:58.061000Z</time>
      </trkpt>
      <trkpt lat="38.914337" lon="111.85215">
        <ele>1427.7212</ele>
        <time>2014-08-19T10:02:01.246000Z</time>
      </trkpt>
      <trkpt lat="38.914276" lon="111.85227">
        <ele>1426.902</ele>
        <time>2014-08-19T10:02:04.431000Z</time>
      </trkpt>
      <trkpt lat="38.91422" lon="111.85239">
        <ele>1426.2725</ele>
        <time>2014-08-19T10:02:07.616000Z</time>
      </trkpt>
      <trkpt lat="38.91417" lon="111.85252">
        <ele>1426.1599</ele>
        <time>2014-08-19T10:02:10.801000Z</time>
      </trkpt>
      <trkpt lat="38.914116" lon="111.85265">
        <ele>1426.3593</ele>
        <time>2014-08-19T10:02:13.986000Z</time>
      </trkpt>
      <trkpt lat="38.914062" lon="111.852776">
        <ele>1426.7057</ele>
        <time>2014-08-19T10:02:17.171000Z</time>
      </trkpt>
      <trkpt lat="38.914013" lon="111.85289">
        <ele>1426.9713</ele>
        <time>2014-08-19T10:02:20.356000Z</time>
      </trkpt>
      <trkpt lat="38.913967" lon="111.853">
        <ele>1427.0381</ele>
        <time>2014-08-19T10:02:23.541000Z</time>
      </trkpt>
      <trkpt lat="38.91392" lon="111.853096">
        <ele>1426.8334</ele>
        <time>2014-08-19T10:02:26.726000Z</time>
      </trkpt>
      <trkpt lat="38.91387" lon="111.85322">
        <ele>1426.412</ele>
        <time>2014-08-19T10:02:29.911000Z</time>
      </trkpt>
      <trkpt lat="38.913822" lon="111.853325">
        <ele>1426.2651</ele>
        <time>2014-08-19T10:02:33.096000Z</time>
      </trkpt>
      <trkpt lat="38.913773" lon="111.85343">
        <ele>1426.8464</ele>
        <time>2014-08-19T10:02:36.281000Z</time>
      </trkpt>
      <trkpt lat="38.913723" lon="111.85357">
        <ele>1428.3115</ele>
        <time>2014-08-19T10:02:39.466000Z</time>
      </trkpt>
      <trkpt lat="38.913666" lon="111.85369">
        <ele>1430.2869</ele>
        <time>2014-08-19T10:02:42.651000Z</time>
      </trkpt>
      <trkpt lat="38.913353" lon="111.85472">
        <ele>1430.913</ele>
        <time>2014-08-19T10:02:45.836000Z</time>
      </trkpt>
      <trkpt lat="38.913353" lon="111.85472">
        <ele>1430.7211</ele>
        <time>2014-08-19T10:02:49.021000Z</time>
      </trkpt>
      <trkpt lat="38.913136" lon="111.85482">
        <ele>1430.6495</ele>
        <time>2014-08-19T10:02:52.206000Z</time>
      </trkpt>
      <trkpt lat="38.91311" lon="111.85484">
        <ele>1430.6835</ele>
        <time>2014-08-19T10:02:55.391000Z</time>
      </trkpt>
      <trkpt lat="38.913036" lon="111.85495">
        <ele>1430.8539</ele>
        <time>2014-08-19T10:02:58.576000Z</time>
      </trkpt>
      <trkpt lat="38.912987" lon="111.85506">
        <ele>1430.9631</ele>
        <time>2014-08-19T10:03:01.761000Z</time>
      </trkpt>
      <trkpt lat="38.912945" lon="111.85518">
        <ele>1430.7251</ele>
        <time>2014-08-19T10:03:04.946000Z</time>
      </trkpt>
      <trkpt lat="38.912903" lon="111.855286">
        <ele>1429.9294</ele>
        <time>2014-08-19T10:03:08.131000Z</time>
      </trkpt>
      <trkpt lat="38.91285" lon="111.855415">
        <ele>1428.9607</ele>
        <time>2014-08-19T10:03:11.316000Z</time>
      </trkpt>
      <trkpt lat="38.9128" lon="111.85552">
        <ele>1428.651</ele>
        <time>2014-08-19T10:03:14.501000Z</time>
      </trkpt>
      <trkpt lat="38.912758" lon="111.85562">
        <ele>1429.2739</ele>
        <time>2014-08-19T10:03:17.686000Z</time>
      </trkpt>
      <trkpt lat="38.912716" lon="111.85573">
        <ele>1430.145</ele>
        <time>2014-08-19T10:03:20.871000Z</time>
      </trkpt>
      <trkpt lat="38.91266" lon="111.855865">
        <ele>1430.593</ele>
        <time>2014-08-19T10:03:24.056000Z</time>
      </trkpt>
      <trkpt lat="38.912605" lon="111.855995">
        <ele>1430.6296</ele>
        <time>2014-08-19T10:03:27.241000Z</time>
      </trkpt>
      <trkpt lat="38.91256" lon="111.856094">
        <ele>1430.6455</ele>
        <time>2014-08-19T10:03:30.426000Z</time>
      </trkpt>
      <trkpt lat="38.91251" lon="111.8562">
        <ele>1431.0049</ele>
        <time>2014-08-19T10:03:33.611000Z</time>
      </trkpt>
      <trkpt lat="38.91244" lon="111.85632">
        <ele>1431.5897</ele>
        <time>2014-08-19T10:03:36.796000Z</time>
      </trkpt>
      <trkpt lat="38.91239" lon="111.85644">
        <ele>1432.0071</ele>
        <time>2014-08-19T10:03:39.981000Z</time>
      </trkpt>
      <trkpt lat="38.91234" lon="111.85657">
        <ele>1432.1248</ele>
        <time>2014-08-19T10:03:43.166000Z</time>
      </trkpt>
      <trkpt lat="38.91229" lon="111.856674">
        <ele>1432.0723</ele>
        <time>2014-08-19T10:03:46.351000Z</time>
      </trkpt>
      <trkpt lat="38.91225" lon="111.85678">
        <ele>1431.9884</ele>
        <time>2014-08-19T10:03:49.536000Z</time>
      </trkpt>
      <trkpt lat="38.912197" lon="111.85692">
        <ele>1431.8834</ele>
        <time>2014-08-19T10:03:52.721000Z</time>
      </trkpt>
      <trkpt lat="38.91215" lon="111.857025">
        <ele>1431.7343</ele>
        <time>2014-08-19T10:03:55.906000Z</time>
      </trkpt>
      <trkpt lat="38.91209" lon="111.85714">
        <ele>1431.6436</ele>
        <time>2014-08-19T10:03:59.091000Z</time>
      </trkpt>
      <trkpt lat="38.912025" lon="111.85727">
        <ele>1431.9413</ele>
        <time>2014-08-19T10:04:02.276000Z</time>
      </trkpt>
      <trkpt lat="38.911983" lon="111.857376">
        <ele>1432.6931</ele>
        <time>2014-08-19T10:04:05.461000Z</time>
      </trkpt>
      <trkpt lat="38.911934" lon="111.85751">
        <ele>1433.4236</ele>
        <time>2014-08-19T10:04:08.646000Z</time>
      </trkpt>
      <trkpt lat="38.911877" lon="111.857635">
        <ele>1433.7594</ele>
        <time>2014-08-19T10:04:11.831000Z</time>
      </trkpt>
      <trkpt lat="38.911816" lon="111.857765">
        <ele>1433.6274</ele>
        <time>2014-08-19T10:04:15.016000Z</time>
      </trkpt>
      <trkpt lat="38.911766" lon="111.85789">
        <ele>1433.4126</ele>
        <time>2014-08-19T10:04:18.201000Z</time>
      </trkpt>
      <trkpt lat="38.911716" lon="111.85799">
        <ele>1433.6821</ele>
        <time>2014-08-19T10:04:21.386000Z</time>
      </trkpt>
      <trkpt lat="38.911667" lon="111.858116">
        <ele>1434.2563</ele>
        <time>2014-08-19T10:04:24.571000Z</time>
      </trkpt>
      <trkpt lat="38.911613" lon="111.85825">
        <ele>1434.752</ele>
        <time>2014-08-19T10:04:27.756000Z</time>
      </trkpt>
      <trkpt lat="38.911556" lon="111.85837">
        <ele>1435.2002</ele>
        <time>2014-08-19T10:04:30.941000Z</time>
      </trkpt>
      <trkpt lat="38.911507" lon="111.8585">
        <ele>1435.4971</ele>
        <time>2014-08-19T10:04:34.126000Z</time>
      </trkpt>
      <trkpt lat="38.911457" lon="111.858604">
        <ele>1435.5713</ele>
        <time>2014-08-19T10:04:37.311000Z</time>
      </trkpt>
      <trkpt lat="38.91141" lon="111.85871">
        <ele>1435.36</ele>
        <time>2014-08-19T10:04:40.496000Z</time>
      </trkpt>
      <trkpt lat="38.91136" lon="111.85884">
        <ele>1435.0736</ele>
        <time>2014-08-19T10:04:43.681000Z</time>
      </trkpt>
      <trkpt lat="38.911316" lon="111.858955">
        <ele>1435.165</ele>
        <time>2014-08-19T10:04:46.866000Z</time>
      </trkpt>
      <trkpt lat="38.91125" lon="111.85908">
        <ele>1435.6625</ele>
        <time>2014-08-19T10:04:50.051000Z</time>
      </trkpt>
      <trkpt lat="38.91119" lon="111.85921">
        <ele>1436.2701</ele>
        <time>2014-08-19T10:04:53.236000Z</time>
      </trkpt>
      <trkpt lat="38.911148" lon="111.85932">
        <ele>1436.7401</ele>
        <time>2014-08-19T10:04:56.421000Z</time>
      </trkpt>
      <trkpt lat="38.91109" lon="111.85945">
        <ele>1436.7651</ele>
        <time>2014-08-19T10:04:59.606000Z</time>
      </trkpt>
      <trkpt lat="38.911034" lon="111.85956">
        <ele>1436.3895</ele>
        <time>2014-08-19T10:05:02.791000Z</time>
      </trkpt>
      <trkpt lat="38.910984" lon="111.859695">
        <ele>1436.234</ele>
        <time>2014-08-19T10:05:05.976000Z</time>
      </trkpt>
      <trkpt lat="38.91093" lon="111.85983">
        <ele>1436.7737</ele>
        <time>2014-08-19T10:05:09.161000Z</time>
      </trkpt>
      <trkpt lat="38.910877" lon="111.85995">
        <ele>1437.5472</ele>
        <time>2014-08-19T10:05:12.346000Z</time>
      </trkpt>
      <trkpt lat="38.91084" lon="111.860054">
        <ele>1437.7491</ele>
        <time>2014-08-19T10:05:15.531000Z</time>
      </trkpt>
      <trkpt lat="38.9108" lon="111.86017">
        <ele>1437.3038</ele>
        <time>2014-08-19T10:05:18.716000Z</time>
      </trkpt>
      <trkpt lat="38.91076" lon="111.860275">
        <ele>1436.6968</ele>
        <time>2014-08-19T10:05:21.901000Z</time>
      </trkpt>
      <trkpt lat="38.910706" lon="111.86038">
        <ele>1436.188</ele>
        <time>2014-08-19T10:05:25.086000Z</time>
      </trkpt>
      <trkpt lat="38.910656" lon="111.86048">
        <ele>1435.86</ele>
        <time>2014-08-19T10:05:28.271000Z</time>
      </trkpt>
      <trkpt lat="38.910606" lon="111.8606">
        <ele>1436.0647</ele>
        <time>2014-08-19T10:05:31.456000Z</time>
      </trkpt>
      <trkpt lat="38.910553" lon="111.860725">
        <ele>1436.9039</ele>
        <time>2014-08-19T10:05:34.641000Z</time>
      </trkpt>
      <trkpt lat="38.910503" lon="111.86085">
        <ele>1437.8461</ele>
        <time>2014-08-19T10:05:37.826000Z</time>
      </trkpt>
      <trkpt lat="38.910454" lon="111.86096">
        <ele>1438.3878</ele>
        <time>2014-08-19T10:05:41.011000Z</time>
      </trkpt>
      <trkpt lat="38.910408" lon="111.86106">
        <ele>1438.5553</ele>
        <time>2014-08-19T10:05:44.196000Z</time>
      </trkpt>
      <trkpt lat="38.910343" lon="111.86117">
        <ele>1438.6603</ele>
        <time>2014-08-19T10:05:47.381000Z</time>
      </trkpt>
      <trkpt lat="38.910275" lon="111.8613">
        <ele>1439.1405</ele>
        <time>2014-08-19T10:05:50.566000Z</time>
      </trkpt>
      <trkpt lat="38.910213" lon="111.86142">
        <ele>1440.0549</ele>
        <time>2014-08-19T10:05:53.751000Z</time>
      </trkpt>
      <trkpt lat="38.910168" lon="111.86153">
        <ele>1440.4188</ele>
        <time>2014-08-19T10:05:56.936000Z</time>
      </trkpt>
      <trkpt lat="38.910107" lon="111.86166">
        <ele>1439.5626</ele>
        <time>2014-08-19T10:06:00.121000Z</time>
      </trkpt>
      <trkpt lat="38.91005" lon="111.86177">
        <ele>1438.3188</ele>
        <time>2014-08-19T10:06:03.306000Z</time>
      </trkpt>
      <trkpt lat="38.909996" lon="111.861885">
        <ele>1437.6483</ele>
        <time>2014-08-19T10:06:06.491000Z</time>
      </trkpt>
      <trkpt lat="38.909935" lon="111.86201">
        <ele>1437.6776</ele>
        <time>2014-08-19T10:06:09.676000Z</time>
      </trkpt>
      <trkpt lat="38.909885" lon="111.86211">
        <ele>1438.1218</ele>
        <time>2014-08-19T10:06:12.861000Z</time>
      </trkpt>
      <trkpt lat="38.909832" lon="111.8622">
        <ele>1438.5499</ele>
        <time>2014-08-19T10:06:16.046000Z</time>
      </trkpt>
      <trkpt lat="38.90977" lon="111.86233">
        <ele>1438.9445</ele>
        <time>2014-08-19T10:06:19.231000Z</time>
      </trkpt>
      <trkpt lat="38.909718" lon="111.86245">
        <ele>1439.5159</ele>
        <time>2014-08-19T10:06:22.416000Z</time>
      </trkpt>
      <trkpt lat="38.90966" lon="111.862564">
        <ele>1440.2518</ele>
        <time>2014-08-19T10:06:25.601000Z</time>
      </trkpt>
      <trkpt lat="38.9096" lon="111.862686">
        <ele>1441.2709</ele>
        <time>2014-08-19T10:06:28.786000Z</time>
      </trkpt>
      <trkpt lat="38.909534" lon="111.86281">
        <ele>1442.5327</ele>
        <time>2014-08-19T10:06:31.971000Z</time>
      </trkpt>
      <trkpt lat="38.909466" lon="111.86292">
        <ele>1443.1687</ele>
        <time>2014-08-19T10:06:35.156000Z</time>
      </trkpt>
      <trkpt lat="38.909416" lon="111.86303">
        <ele>1442.4005</ele>
        <time>2014-08-19T10:06:38.341000Z</time>
      </trkpt>
      <trkpt lat="38.909367" lon="111.86313">
        <ele>1440.9469</ele>
        <time>2014-08-19T10:06:41.526000Z</time>
      </trkpt>
      <trkpt lat="38.909317" lon="111.86323">
        <ele>1440.1134</ele>
        <time>2014-08-19T10:06:44.711000Z</time>
      </trkpt>
      <trkpt lat="38.909256" lon="111.86335">
        <ele>1440.5826</ele>
        <time>2014-08-19T10:06:47.896000Z</time>
      </trkpt>
      <trkpt lat="38.90921" lon="111.86346">
        <ele>1442.1055</ele>
        <time>2014-08-19T10:06:51.081000Z</time>
      </trkpt>
      <trkpt lat="38.909157" lon="111.863556">
        <ele>1443.6437</ele>
        <time>2014-08-19T10:06:54.266000Z</time>
      </trkpt>
      <trkpt lat="38.909096" lon="111.86367">
        <ele>1444.3845</ele>
        <time>2014-08-19T10:06:57.451000Z</time>
      </trkpt>
      <trkpt lat="38.909027" lon="111.863785">
        <ele>1444.484</ele>
        <time>2014-08-19T10:07:00.636000Z</time>
      </trkpt>
      <trkpt lat="38.908974" lon="111.86391">
        <ele>1444.341</ele>
        <time>2014-08-19T10:07:03.821000Z</time>
      </trkpt>
      <trkpt lat="38.908924" lon="111.864006">
        <ele>1444.1373</ele>
        <time>2014-08-19T10:07:07.006000Z</time>
      </trkpt>
      <trkpt lat="38.908863" lon="111.86413">
        <ele>1444.085</ele>
        <time>2014-08-19T10:07:10.190000Z</time>
      </trkpt>
      <trkpt lat="38.908802" lon="111.86425">
        <ele>1444.2123</ele>
        <time>2014-08-19T10:07:13.374000Z</time>
      </trkpt>
      <trkpt lat="38.908745" lon="111.86437">
        <ele>1444.178</ele>
        <time>2014-08-19T10:07:16.558000Z</time>
      </trkpt>
      <trkpt lat="38.90868" lon="111.864494">
        <ele>1443.9188</ele>
        <time>2014-08-19T10:07:19.742000Z</time>
      </trkpt>
      <trkpt lat="38.908615" lon="111.86462">
        <ele>1444.0918</ele>
        <time>2014-08-19T10:07:22.926000Z</time>
      </trkpt>
      <trkpt lat="38.908596" lon="111.864746">
        <ele>1444.9612</ele>
        <time>2014-08-19T10:07:26.110000Z</time>
      </trkpt>
      <trkpt lat="38.908623" lon="111.864876">
        <ele>1445.9274</ele>
        <time>2014-08-19T10:07:29.294000Z</time>
      </trkpt>
      <trkpt lat="38.908653" lon="111.86499">
        <ele>1446.4312</ele>
        <time>2014-08-19T10:07:32.478000Z</time>
      </trkpt>
      <trkpt lat="38.90868" lon="111.86513">
        <ele>1446.577</ele>
        <time>2014-08-19T10:07:35.662000Z</time>
      </trkpt>
      <trkpt lat="38.908695" lon="111.86526">
        <ele>1446.3638</ele>
        <time>2014-08-19T10:07:38.846000Z</time>
      </trkpt>
      <trkpt lat="38.90873" lon="111.865395">
        <ele>1445.7866</ele>
        <time>2014-08-19T10:07:42.030000Z</time>
      </trkpt>
      <trkpt lat="38.90881" lon="111.865326">
        <ele>1445.7028</ele>
        <time>2014-08-19T10:07:45.214000Z</time>
      </trkpt>
      <trkpt lat="38.90887" lon="111.86523">
        <ele>1446.715</ele>
        <time>2014-08-19T10:07:48.398000Z</time>
      </trkpt>
      <trkpt lat="38.908924" lon="111.865135">
        <ele>1447.9917</ele>
        <time>2014-08-19T10:07:51.582000Z</time>
      </trkpt>
      <trkpt lat="38.90898" lon="111.86503">
        <ele>1448.7025</ele>
        <time>2014-08-19T10:07:54.766000Z</time>
      </trkpt>
      <trkpt lat="38.90904" lon="111.86493">
        <ele>1448.9456</ele>
        <time>2014-08-19T10:07:57.950000Z</time>
      </trkpt>
      <trkpt lat="38.909092" lon="111.86483">
        <ele>1448.71</ele>
        <time>2014-08-19T10:08:01.134000Z</time>
      </trkpt>
      <trkpt lat="38.90916" lon="111.864716">
        <ele>1447.8878</ele>
        <time>2014-08-19T10:08:04.318000Z</time>
      </trkpt>
      <trkpt lat="38.909225" lon="111.86462">
        <ele>1446.8904</ele>
        <time>2014-08-19T10:08:07.502000Z</time>
      </trkpt>
      <trkpt lat="38.909294" lon="111.86452">
        <ele>1446.2711</ele>
        <time>2014-08-19T10:08:10.686000Z</time>
      </trkpt>
      <trkpt lat="38.90936" lon="111.86441">
        <ele>1445.5801</ele>
        <time>2014-08-19T10:08:13.870000Z</time>
      </trkpt>
      <trkpt lat="38.90943" lon="111.864296">
        <ele>1444.1744</ele>
        <time>2014-08-19T10:08:17.054000Z</time>
      </trkpt>
      <trkpt lat="38.909485" lon="111.86419">
        <ele>1442.7042</ele>
        <time>2014-08-19T10:08:20.238000Z</time>
      </trkpt>
      <trkpt lat="38.90954" lon="111.86409">
        <ele>1442.6685</ele>
        <time>2014-08-19T10:08:23.422000Z</time>
      </trkpt>
      <trkpt lat="38.909603" lon="111.86399">
        <ele>1444.2323</ele>
        <time>2014-08-19T10:08:26.606000Z</time>
      </trkpt>
      <trkpt lat="38.909664" lon="111.86389">
        <ele>1445.9963</ele>
        <time>2014-08-19T10:08:29.790000Z</time>
      </trkpt>
      <trkpt lat="38.909725" lon="111.8638">
        <ele>1446.894</ele>
        <time>2014-08-19T10:08:32.974000Z</time>
      </trkpt>
      <trkpt lat="38.909798" lon="111.86369">
        <ele>1447.0754</ele>
        <time>2014-08-19T10:08:36.158000Z</time>
      </trkpt>
      <trkpt lat="38.90985" lon="111.863594">
        <ele>1446.6776</ele>
        <time>2014-08-19T10:08:39.342000Z</time>
      </trkpt>
      <trkpt lat="38.909904" lon="111.86349">
        <ele>1445.7606</ele>
        <time>2014-08-19T10:08:42.526000Z</time>
      </trkpt>
      <trkpt lat="38.909958" lon="111.86336">
        <ele>1444.8131</ele>
        <time>2014-08-19T10:08:45.710000Z</time>
      </trkpt>
      <trkpt lat="38.91001" lon="111.86325">
        <ele>1444.3993</ele>
        <time>2014-08-19T10:08:48.894000Z</time>
      </trkpt>
      <trkpt lat="38.91007" lon="111.863144">
        <ele>1444.5203</ele>
        <time>2014-08-19T10:08:52.078000Z</time>
      </trkpt>
      <trkpt lat="38.910122" lon="111.863045">
        <ele>1444.6233</ele>
        <time>2014-08-19T10:08:55.262000Z</time>
      </trkpt>
      <trkpt lat="38.91017" lon="111.86294">
        <ele>1444.308</ele>
        <time>2014-08-19T10:08:58.446000Z</time>
      </trkpt>
      <trkpt lat="38.910233" lon="111.862816">
        <ele>1443.848</ele>
        <time>2014-08-19T10:09:01.630000Z</time>
      </trkpt>
      <trkpt lat="38.910286" lon="111.86269">
        <ele>1443.422</ele>
        <time>2014-08-19T10:09:04.814000Z</time>
      </trkpt>
      <trkpt lat="38.910343" lon="111.86255">
        <ele>1442.8597</ele>
        <time>2014-08-19T10:09:07.998000Z</time>
      </trkpt>
      <trkpt lat="38.91039" lon="111.86243">
        <ele>1442.3387</ele>
        <time>2014-08-19T10:09:11.182000Z</time>
      </trkpt>
      <trkpt lat="38.91043" lon="111.86232">
        <ele>1442.3018</ele>
        <time>2014-08-19T10:09:14.366000Z</time>
      </trkpt>
      <trkpt lat="38.91048" lon="111.86222">
        <ele>1442.7494</ele>
        <time>2014-08-19T10:09:17.550000Z</time>
      </trkpt>
      <trkpt lat="38.910522" lon="111.862114">
        <ele>1443.0149</ele>
        <time>2014-08-19T10:09:20.734000Z</time>
      </trkpt>
      <trkpt lat="38.910583" lon="111.861984">
        <ele>1442.6628</ele>
        <time>2014-08-19T10:09:23.918000Z</time>
      </trkpt>
      <trkpt lat="38.91064" lon="111.86188">
        <ele>1442.092</ele>
        <time>2014-08-19T10:09:27.102000Z</time>
      </trkpt>
      <trkpt lat="38.910686" lon="111.861755">
        <ele>1441.9111</ele>
        <time>2014-08-19T10:09:30.286000Z</time>
      </trkpt>
      <trkpt lat="38.91074" lon="111.861626">
        <ele>1442.2094</ele>
        <time>2014-08-19T10:09:33.470000Z</time>
      </trkpt>
      <trkpt lat="38.910797" lon="111.86148">
        <ele>1442.4922</ele>
        <time>2014-08-19T10:09:36.654000Z</time>
      </trkpt>
      <trkpt lat="38.910843" lon="111.861374">
        <ele>1442.3652</ele>
        <time>2014-08-19T10:09:39.838000Z</time>
      </trkpt>
      <trkpt lat="38.91089" lon="111.86127">
        <ele>1442.004</ele>
        <time>2014-08-19T10:09:43.022000Z</time>
      </trkpt>
      <trkpt lat="38.910942" lon="111.861145">
        <ele>1441.4302</ele>
        <time>2014-08-19T10:09:46.206000Z</time>
      </trkpt>
      <trkpt lat="38.911" lon="111.86104">
        <ele>1440.3369</ele>
        <time>2014-08-19T10:09:49.390000Z</time>
      </trkpt>
      <trkpt lat="38.91105" lon="111.86094">
        <ele>1438.9576</ele>
        <time>2014-08-19T10:09:52.574000Z</time>
      </trkpt>
      <trkpt lat="38.911102" lon="111.86083">
        <ele>1438.3683</ele>
        <time>2014-08-19T10:09:55.758000Z</time>
      </trkpt>
      <trkpt lat="38.91115" lon="111.86071">
        <ele>1439.3053</ele>
        <time>2014-08-19T10:09:58.942000Z</time>
      </trkpt>
      <trkpt lat="38.911205" lon="111.86058">
        <ele>1441.057</ele>
        <time>2014-08-19T10:10:02.126000Z</time>
      </trkpt>
      <trkpt lat="38.911255" lon="111.86046">
        <ele>1441.8932</ele>
        <time>2014-08-19T10:10:05.310000Z</time>
      </trkpt>
      <trkpt lat="38.911316" lon="111.86033">
        <ele>1441.1375</ele>
        <time>2014-08-19T10:10:08.494000Z</time>
      </trkpt>
      <trkpt lat="38.911366" lon="111.86021">
        <ele>1439.9894</ele>
        <time>2014-08-19T10:10:11.678000Z</time>
      </trkpt>
      <trkpt lat="38.911427" lon="111.86009">
        <ele>1439.5939</ele>
        <time>2014-08-19T10:10:14.862000Z</time>
      </trkpt>
      <trkpt lat="38.91147" lon="111.85998">
        <ele>1439.5895</ele>
        <time>2014-08-19T10:10:18.046000Z</time>
      </trkpt>
      <trkpt lat="38.91152" lon="111.85985">
        <ele>1439.3173</ele>
        <time>2014-08-19T10:10:21.230000Z</time>
      </trkpt>
      <trkpt lat="38.911564" lon="111.859726">
        <ele>1438.8872</ele>
        <time>2014-08-19T10:10:24.414000Z</time>
      </trkpt>
      <trkpt lat="38.911613" lon="111.85962">
        <ele>1438.6317</ele>
        <time>2014-08-19T10:10:27.598000Z</time>
      </trkpt>
      <trkpt lat="38.911667" lon="111.859474">
        <ele>1438.2947</ele>
        <time>2014-08-19T10:10:30.782000Z</time>
      </trkpt>
      <trkpt lat="38.91172" lon="111.85935">
        <ele>1437.5537</ele>
        <time>2014-08-19T10:10:33.966000Z</time>
      </trkpt>
      <trkpt lat="38.91177" lon="111.85926">
        <ele>1436.69</ele>
        <time>2014-08-19T10:10:37.150000Z</time>
      </trkpt>
      <trkpt lat="38.91183" lon="111.85912">
        <ele>1436.2754</ele>
        <time>2014-08-19T10:10:40.334000Z</time>
      </trkpt>
      <trkpt lat="38.911892" lon="111.859">
        <ele>1436.5571</ele>
        <time>2014-08-19T10:10:43.518000Z</time>
      </trkpt>
      <trkpt lat="38.91194" lon="111.85889">
        <ele>1437.4329</ele>
        <time>2014-08-19T10:10:46.702000Z</time>
      </trkpt>
      <trkpt lat="38.91199" lon="111.85878">
        <ele>1438.5155</ele>
        <time>2014-08-19T10:10:49.886000Z</time>
      </trkpt>
      <trkpt lat="38.912033" lon="111.85868">
        <ele>1439.1372</ele>
        <time>2014-08-19T10:10:53.070000Z</time>
      </trkpt>
      <trkpt lat="38.912083" lon="111.85858">
        <ele>1438.8749</ele>
        <time>2014-08-19T10:10:56.254000Z</time>
      </trkpt>
      <trkpt lat="38.912132" lon="111.85846">
        <ele>1437.8119</ele>
        <time>2014-08-19T10:10:59.438000Z</time>
      </trkpt>
      <trkpt lat="38.91218" lon="111.85836">
        <ele>1436.4259</ele>
        <time>2014-08-19T10:11:02.622000Z</time>
      </trkpt>
      <trkpt lat="38.912243" lon="111.85822">
        <ele>1435.4946</ele>
        <time>2014-08-19T10:11:05.806000Z</time>
      </trkpt>
      <trkpt lat="38.912304" lon="111.85809">
        <ele>1435.3606</ele>
        <time>2014-08-19T10:11:08.990000Z</time>
      </trkpt>
      <trkpt lat="38.912365" lon="111.857994">
        <ele>1435.5653</ele>
        <time>2014-08-19T10:11:12.174000Z</time>
      </trkpt>
      <trkpt lat="38.91241" lon="111.857895">
        <ele>1435.6006</ele>
        <time>2014-08-19T10:11:15.358000Z</time>
      </trkpt>
      <trkpt lat="38.91247" lon="111.85777">
        <ele>1435.4657</ele>
        <time>2014-08-19T10:11:18.542000Z</time>
      </trkpt>
      <trkpt lat="38.912525" lon="111.857666">
        <ele>1435.4321</ele>
        <time>2014-08-19T10:11:21.726000Z</time>
      </trkpt>
      <trkpt lat="38.91259" lon="111.85754">
        <ele>1435.5691</ele>
        <time>2014-08-19T10:11:24.910000Z</time>
      </trkpt>
      <trkpt lat="38.912643" lon="111.85743">
        <ele>1435.9592</ele>
        <time>2014-08-19T10:11:28.094000Z</time>
      </trkpt>
      <trkpt lat="38.9127" lon="111.857315">
        <ele>1436.6436</ele>
        <time>2014-08-19T10:11:31.278000Z</time>
      </trkpt>
      <trkpt lat="38.912758" lon="111.857185">
        <ele>1437.2717</ele>
        <time>2014-08-19T10:11:34.462000Z</time>
      </trkpt>
      <trkpt lat="38.9128" lon="111.857086">
        <ele>1437.204</ele>
        <time>2014-08-19T10:11:37.646000Z</time>
      </trkpt>
      <trkpt lat="38.912865" lon="111.85697">
        <ele>1436.3346</ele>
        <time>2014-08-19T10:11:40.830000Z</time>
      </trkpt>
      <trkpt lat="38.912926" lon="111.85688">
        <ele>1435.403</ele>
        <time>2014-08-19T10:11:44.014000Z</time>
      </trkpt>
      <trkpt lat="38.913" lon="111.85676">
        <ele>1435.039</ele>
        <time>2014-08-19T10:11:47.198000Z</time>
      </trkpt>
      <trkpt lat="38.913055" lon="111.85666">
        <ele>1434.9728</ele>
        <time>2014-08-19T10:11:50.382000Z</time>
      </trkpt>
      <trkpt lat="38.913128" lon="111.85657">
        <ele>1434.6664</ele>
        <time>2014-08-19T10:11:53.566000Z</time>
      </trkpt>
      <trkpt lat="38.913204" lon="111.856445">
        <ele>1433.6399</ele>
        <time>2014-08-19T10:11:56.750000Z</time>
      </trkpt>
      <trkpt lat="38.913265" lon="111.856346">
        <ele>1432.0381</ele>
        <time>2014-08-19T10:11:59.934000Z</time>
      </trkpt>
      <trkpt lat="38.913322" lon="111.85625">
        <ele>1430.7145</ele>
        <time>2014-08-19T10:12:03.118000Z</time>
      </trkpt>
      <trkpt lat="38.913383" lon="111.85612">
        <ele>1430.556</ele>
        <time>2014-08-19T10:12:06.302000Z</time>
      </trkpt>
      <trkpt lat="38.91343" lon="111.85601">
        <ele>1431.6746</ele>
        <time>2014-08-19T10:12:09.486000Z</time>
      </trkpt>
      <trkpt lat="38.913483" lon="111.8559">
        <ele>1433.0718</ele>
        <time>2014-08-19T10:12:12.670000Z</time>
      </trkpt>
      <trkpt lat="38.913517" lon="111.85578">
        <ele>1433.4163</ele>
        <time>2014-08-19T10:12:15.854000Z</time>
      </trkpt>
      <trkpt lat="38.913498" lon="111.85564">
        <ele>1432.6455</ele>
        <time>2014-08-19T10:12:19.038000Z</time>
      </trkpt>
      <trkpt lat="38.913467" lon="111.855515">
        <ele>1432.1725</ele>
        <time>2014-08-19T10:12:22.222000Z</time>
      </trkpt>
      <trkpt lat="38.91343" lon="111.85538">
        <ele>1432.8984</ele>
        <time>2014-08-19T10:12:25.406000Z</time>
      </trkpt>
      <trkpt lat="38.913395" lon="111.85526">
        <ele>1433.941</ele>
        <time>2014-08-19T10:12:28.590000Z</time>
      </trkpt>
      <trkpt lat="38.91337" lon="111.85511">
        <ele>1433.9438</ele>
        <time>2014-08-19T10:12:31.774000Z</time>
      </trkpt>
      <trkpt lat="38.91335" lon="111.854996">
        <ele>1432.8369</ele>
        <time>2014-08-19T10:12:34.958000Z</time>
      </trkpt>
      <trkpt lat="38.91333" lon="111.85485">
        <ele>1431.7285</ele>
        <time>2014-08-19T10:12:38.142000Z</time>
      </trkpt>
      <trkpt lat="38.91331" lon="111.85474">
        <ele>1431.6016</ele>
        <time>2014-08-19T10:12:41.326000Z</time>
      </trkpt>
      <trkpt lat="38.913315" lon="111.85462">
        <ele>1432.0931</ele>
        <time>2014-08-19T10:12:44.510000Z</time>
      </trkpt>
      <trkpt lat="38.913357" lon="111.854515">
        <ele>1432.238</ele>
        <time>2014-08-19T10:12:47.694000Z</time>
      </trkpt>
      <trkpt lat="38.91344" lon="111.85441">
        <ele>1431.8352</ele>
        <time>2014-08-19T10:12:50.878000Z</time>
      </trkpt>
      <trkpt lat="38.913506" lon="111.854294">
        <ele>1431.2233</ele>
        <time>2014-08-19T10:12:54.062000Z</time>
      </trkpt>
      <trkpt lat="38.91356" lon="111.8542">
        <ele>1430.8146</ele>
        <time>2014-08-19T10:12:57.246000Z</time>
      </trkpt>
      <trkpt lat="38.91361" lon="111.8541">
        <ele>1430.9271</ele>
        <time>2014-08-19T10:13:00.430000Z</time>
      </trkpt>
      <trkpt lat="38.91366" lon="111.85399">
        <ele>1431.3367</ele>
        <time>2014-08-19T10:13:03.614000Z</time>
      </trkpt>
      <trkpt lat="38.91372" lon="111.85387">
        <ele>1431.7399</ele>
        <time>2014-08-19T10:13:06.798000Z</time>
      </trkpt>
      <trkpt lat="38.913773" lon="111.85376">
        <ele>1432.1654</ele>
        <time>2014-08-19T10:13:09.982000Z</time>
      </trkpt>
      <trkpt lat="38.913837" lon="111.85364">
        <ele>1432.515</ele>
        <time>2014-08-19T10:13:13.166000Z</time>
      </trkpt>
      <trkpt lat="38.913887" lon="111.85353">
        <ele>1432.5552</ele>
        <time>2014-08-19T10:13:16.350000Z</time>
      </trkpt>
      <trkpt lat="38.913948" lon="111.85342">
        <ele>1432.1836</ele>
        <time>2014-08-19T10:13:19.534000Z</time>
      </trkpt>
      <trkpt lat="38.913994" lon="111.85331">
        <ele>1431.6603</ele>
        <time>2014-08-19T10:13:22.718000Z</time>
      </trkpt>
      <trkpt lat="38.914032" lon="111.8532">
        <ele>1431.3201</ele>
        <time>2014-08-19T10:13:25.902000Z</time>
      </trkpt>
      <trkpt lat="38.914074" lon="111.853096">
        <ele>1431.2701</ele>
        <time>2014-08-19T10:13:29.086000Z</time>
      </trkpt>
      <trkpt lat="38.914124" lon="111.852974">
        <ele>1431.602</ele>
        <time>2014-08-19T10:13:32.270000Z</time>
      </trkpt>
      <trkpt lat="38.91417" lon="111.85287">
        <ele>1432.2325</ele>
        <time>2014-08-19T10:13:35.454000Z</time>
      </trkpt>
      <trkpt lat="38.914215" lon="111.85276">
        <ele>1432.612</ele>
        <time>2014-08-19T10:13:38.638000Z</time>
      </trkpt>
      <trkpt lat="38.91428" lon="111.85263">
        <ele>1432.1234</ele>
        <time>2014-08-19T10:13:41.822000Z</time>
      </trkpt>
      <trkpt lat="38.91433" lon="111.852516">
        <ele>1430.8873</ele>
        <time>2014-08-19T10:13:45.006000Z</time>
      </trkpt>
      <trkpt lat="38.91438" lon="111.852394">
        <ele>1429.4653</ele>
        <time>2014-08-19T10:13:48.190000Z</time>
      </trkpt>
      <trkpt lat="38.91443" lon="111.85229">
        <ele>1428.2086</ele>
        <time>2014-08-19T10:13:51.374000Z</time>
      </trkpt>
      <trkpt lat="38.914482" lon="111.852165">
        <ele>1427.3389</ele>
        <time>2014-08-19T10:13:54.558000Z</time>
      </trkpt>
      <trkpt lat="38.914524" lon="111.85205">
        <ele>1427.1931</ele>
        <time>2014-08-19T10:13:57.742000Z</time>
      </trkpt>
      <trkpt lat="38.914585" lon="111.85192">
        <ele>1427.7142</ele>
        <time>2014-08-19T10:14:00.926000Z</time>
      </trkpt>
      <trkpt lat="38.91462" lon="111.85181">
        <ele>1428.5482</ele>
        <time>2014-08-19T10:14:04.110000Z</time>
      </trkpt>
      <trkpt lat="38.91469" lon="111.85166">
        <ele>1429.386</ele>
        <time>2014-08-19T10:14:07.294000Z</time>
      </trkpt>
      <trkpt lat="38.914738" lon="111.85155">
        <ele>1429.9722</ele>
        <time>2014-08-19T10:14:10.478000Z</time>
      </trkpt>
      <trkpt lat="38.91478" lon="111.85144">
        <ele>1430.1398</ele>
        <time>2014-08-19T10:14:13.662000Z</time>
      </trkpt>
      <trkpt lat="38.914833" lon="111.851326">
        <ele>1429.7706</ele>
        <time>2014-08-19T10:14:16.846000Z</time>
      </trkpt>
      <trkpt lat="38.91488" lon="111.85121">
        <ele>1428.9214</ele>
        <time>2014-08-19T10:14:20.030000Z</time>
      </trkpt>
      <trkpt lat="38.914925" lon="111.851105">
        <ele>1428.1642</ele>
        <time>2014-08-19T10:14:23.214000Z</time>
      </trkpt>
      <trkpt lat="38.914974" lon="111.85099">
        <ele>1428.0557</ele>
        <time>2014-08-19T10:14:26.398000Z</time>
      </trkpt>
      <trkpt lat="38.91502" lon="111.850876">
        <ele>1428.497</ele>
        <time>2014-08-19T10:14:29.582000Z</time>
      </trkpt>
      <trkpt lat="38.915066" lon="111.85077">
        <ele>1429.004</ele>
        <time>2014-08-19T10:14:32.766000Z</time>
      </trkpt>
      <trkpt lat="38.91511" lon="111.850655">
        <ele>1429.1223</ele>
        <time>2014-08-19T10:14:35.950000Z</time>
      </trkpt>
      <trkpt lat="38.915165" lon="111.85055">
        <ele>1428.812</ele>
        <time>2014-08-19T10:14:39.134000Z</time>
      </trkpt>
      <trkpt lat="38.91522" lon="111.85043">
        <ele>1428.4109</ele>
        <time>2014-08-19T10:14:42.318000Z</time>
      </trkpt>
      <trkpt lat="38.915276" lon="111.85031">
        <ele>1428.2037</ele>
        <time>2014-08-19T10:14:45.502000Z</time>
      </trkpt>
      <trkpt lat="38.91533" lon="111.850174">
        <ele>1428.387</ele>
        <time>2014-08-19T10:14:48.686000Z</time>
      </trkpt>
      <trkpt lat="38.91537" lon="111.85005">
        <ele>1428.8496</ele>
        <time>2014-08-19T10:14:51.870000Z</time>
      </trkpt>
      <trkpt lat="38.915413" lon="111.84993">
        <ele>1429.099</ele>
        <time>2014-08-19T10:14:55.054000Z</time>
      </trkpt>
      <trkpt lat="38.915462" lon="111.84979">
        <ele>1428.8617</ele>
        <time>2014-08-19T10:14:58.238000Z</time>
      </trkpt>
      <trkpt lat="38.915516" lon="111.84969">
        <ele>1428.0599</ele>
        <time>2014-08-19T10:15:01.422000Z</time>
      </trkpt>
      <trkpt lat="38.915573" lon="111.84959">
        <ele>1426.8635</ele>
        <time>2014-08-19T10:15:04.606000Z</time>
      </trkpt>
      <trkpt lat="38.91563" lon="111.849464">
        <ele>1425.6982</ele>
        <time>2014-08-19T10:15:07.790000Z</time>
      </trkpt>
      <trkpt lat="38.915684" lon="111.84936">
        <ele>1424.7997</ele>
        <time>2014-08-19T10:15:10.974000Z</time>
      </trkpt>
      <trkpt lat="38.915737" lon="111.84926">
        <ele>1424.3114</ele>
        <time>2014-08-19T10:15:14.158000Z</time>
      </trkpt>
      <trkpt lat="38.91579" lon="111.849144">
        <ele>1424.2395</ele>
        <time>2014-08-19T10:15:17.342000Z</time>
      </trkpt>
      <trkpt lat="38.915833" lon="111.849045">
        <ele>1424.2906</ele>
        <time>2014-08-19T10:15:20.526000Z</time>
      </trkpt>
      <trkpt lat="38.915882" lon="111.848915">
        <ele>1424.1835</ele>
        <time>2014-08-19T10:15:23.710000Z</time>
      </trkpt>
      <trkpt lat="38.915924" lon="111.84881">
        <ele>1423.8633</ele>
        <time>2014-08-19T10:15:26.894000Z</time>
      </trkpt>
      <trkpt lat="38.91598" lon="111.84869">
        <ele>1423.9484</ele>
        <time>2014-08-19T10:15:30.078000Z</time>
      </trkpt>
      <trkpt lat="38.91604" lon="111.84857">
        <ele>1424.9386</ele>
        <time>2014-08-19T10:15:33.262000Z</time>
      </trkpt>
      <trkpt lat="38.91609" lon="111.848434">
        <ele>1426.2836</ele>
        <time>2014-08-19T10:15:36.446000Z</time>
      </trkpt>
      <trkpt lat="38.91613" lon="111.84833">
        <ele>1427.1964</ele>
        <time>2014-08-19T10:15:39.630000Z</time>
      </trkpt>
      <trkpt lat="38.916176" lon="111.84821">
        <ele>1427.4156</ele>
        <time>2014-08-19T10:15:42.814000Z</time>
      </trkpt>
      <trkpt lat="38.916225" lon="111.84809">
        <ele>1427.0785</ele>
        <time>2014-08-19T10:15:45.998000Z</time>
      </trkpt>
      <trkpt lat="38.916283" lon="111.847984">
        <ele>1426.677</ele>
        <time>2014-08-19T10:15:49.182000Z</time>
      </trkpt>
      <trkpt lat="38.916332" lon="111.84787">
        <ele>1426.5549</ele>
        <time>2014-08-19T10:15:52.366000Z</time>
      </trkpt>
      <trkpt lat="38.916378" lon="111.84776">
        <ele>1426.3044</ele>
        <time>2014-08-19T10:15:55.550000Z</time>
      </trkpt>
      <trkpt lat="38.916428" lon="111.84764">
        <ele>1425.5612</ele>
        <time>2014-08-19T10:15:58.734000Z</time>
      </trkpt>
      <trkpt lat="38.91648" lon="111.8475">
        <ele>1424.7554</ele>
        <time>2014-08-19T10:16:01.918000Z</time>
      </trkpt>
      <trkpt lat="38.91653" lon="111.84739">
        <ele>1424.247</ele>
        <time>2014-08-19T10:16:05.102000Z</time>
      </trkpt>
      <trkpt lat="38.916588" lon="111.847275">
        <ele>1423.7874</ele>
        <time>2014-08-19T10:16:08.286000Z</time>
      </trkpt>
      <trkpt lat="38.916645" lon="111.84717">
        <ele>1423.2955</ele>
        <time>2014-08-19T10:16:11.470000Z</time>
      </trkpt>
      <trkpt lat="38.916695" lon="111.84704">
        <ele>1423.228</ele>
        <time>2014-08-19T10:16:14.654000Z</time>
      </trkpt>
      <trkpt lat="38.91674" lon="111.84693">
        <ele>1423.812</ele>
        <time>2014-08-19T10:16:17.838000Z</time>
      </trkpt>
      <trkpt lat="38.916786" lon="111.84682">
        <ele>1424.3954</ele>
        <time>2014-08-19T10:16:21.022000Z</time>
      </trkpt>
      <trkpt lat="38.91683" lon="111.84669">
        <ele>1424.4048</ele>
        <time>2014-08-19T10:16:24.206000Z</time>
      </trkpt>
      <trkpt lat="38.91687" lon="111.84657">
        <ele>1424.1564</ele>
        <time>2014-08-19T10:16:27.390000Z</time>
      </trkpt>
      <trkpt lat="38.916924" lon="111.846466">
        <ele>1424.065</ele>
        <time>2014-08-19T10:16:30.574000Z</time>
      </trkpt>
      <trkpt lat="38.916977" lon="111.846344">
        <ele>1424.0885</ele>
        <time>2014-08-19T10:16:33.758000Z</time>
      </trkpt>
      <trkpt lat="38.917023" lon="111.846245">
        <ele>1423.6615</ele>
        <time>2014-08-19T10:16:36.942000Z</time>
      </trkpt>
      <trkpt lat="38.917084" lon="111.846115">
        <ele>1422.5375</ele>
        <time>2014-08-19T10:16:40.126000Z</time>
      </trkpt>
      <trkpt lat="38.917137" lon="111.846">
        <ele>1421.5516</ele>
        <time>2014-08-19T10:16:43.310000Z</time>
      </trkpt>
      <trkpt lat="38.917183" lon="111.84588">
        <ele>1421.4098</ele>
        <time>2014-08-19T10:16:46.494000Z</time>
      </trkpt>
      <trkpt lat="38.91722" lon="111.845764">
        <ele>1421.9465</ele>
        <time>2014-08-19T10:16:49.678000Z</time>
      </trkpt>
      <trkpt lat="38.91728" lon="111.845634">
        <ele>1422.4318</ele>
        <time>2014-08-19T10:16:52.862000Z</time>
      </trkpt>
      <trkpt lat="38.917324" lon="111.84552">
        <ele>1422.2043</ele>
        <time>2014-08-19T10:16:56.046000Z</time>
      </trkpt>
      <trkpt lat="38.917366" lon="111.84541">
        <ele>1421.5437</ele>
        <time>2014-08-19T10:16:59.230000Z</time>
      </trkpt>
      <trkpt lat="38.91741" lon="111.84531">
        <ele>1421.4481</ele>
        <time>2014-08-19T10:17:02.414000Z</time>
      </trkpt>
      <trkpt lat="38.917454" lon="111.84518">
        <ele>1422.188</ele>
        <time>2014-08-19T10:17:05.598000Z</time>
      </trkpt>
      <trkpt lat="38.917507" lon="111.84507">
        <ele>1422.5747</ele>
        <time>2014-08-19T10:17:08.782000Z</time>
      </trkpt>
      <trkpt lat="38.917553" lon="111.84494">
        <ele>1421.6666</ele>
        <time>2014-08-19T10:17:11.966000Z</time>
      </trkpt>
      <trkpt lat="38.917603" lon="111.8448">
        <ele>1420.8716</ele>
        <time>2014-08-19T10:17:15.150000Z</time>
      </trkpt>
      <trkpt lat="38.91766" lon="111.84469">
        <ele>1421.6284</ele>
        <time>2014-08-19T10:17:18.334000Z</time>
      </trkpt>
      <trkpt lat="38.91773" lon="111.84455">
        <ele>1423.3027</ele>
        <time>2014-08-19T10:17:21.518000Z</time>
      </trkpt>
      <trkpt lat="38.91777" lon="111.84444">
        <ele>1424.7185</ele>
        <time>2014-08-19T10:17:24.702000Z</time>
      </trkpt>
      <trkpt lat="38.917824" lon="111.84431">
        <ele>1425.4679</ele>
        <time>2014-08-19T10:17:27.886000Z</time>
      </trkpt>
      <trkpt lat="38.917877" lon="111.84417">
        <ele>1425.9414</ele>
        <time>2014-08-19T10:17:31.070000Z</time>
      </trkpt>
      <trkpt lat="38.917927" lon="111.84405">
        <ele>1426.7252</ele>
        <time>2014-08-19T10:17:34.254000Z</time>
      </trkpt>
      <trkpt lat="38.917976" lon="111.84395">
        <ele>1427.9674</ele>
        <time>2014-08-19T10:17:37.438000Z</time>
      </trkpt>
      <trkpt lat="38.918037" lon="111.843834">
        <ele>1429.3575</ele>
        <time>2014-08-19T10:17:40.622000Z</time>
      </trkpt>
      <trkpt lat="38.918102" lon="111.843704">
        <ele>1430.3553</ele>
        <time>2014-08-19T10:17:43.806000Z</time>
      </trkpt>
      <trkpt lat="38.918175" lon="111.84358">
        <ele>1430.6852</ele>
        <time>2014-08-19T10:17:46.990000Z</time>
      </trkpt>
      <trkpt lat="38.918247" lon="111.84349">
        <ele>1430.518</ele>
        <time>2014-08-19T10:17:50.174000Z</time>
      </trkpt>
      <trkpt lat="38.91832" lon="111.84339">
        <ele>1430.0378</ele>
        <time>2014-08-19T10:17:53.358000Z</time>
      </trkpt>
      <trkpt lat="38.918358" lon="111.84327">
        <ele>1427.8307</ele>
        <time>2014-08-19T10:17:56.542000Z</time>
      </trkpt>
      <trkpt lat="38.91839" lon="111.84315">
        <ele>1423.1445</ele>
        <time>2014-08-19T10:17:59.726000Z</time>
      </trkpt>
      <trkpt lat="38.91839" lon="111.843025">
        <ele>1418.6527</ele>
        <time>2014-08-19T10:18:02.910000Z</time>
      </trkpt>
      <trkpt lat="38.91834" lon="111.84289">
        <ele>1416.8811</ele>
        <time>2014-08-19T10:18:06.094000Z</time>
      </trkpt>
      <trkpt lat="38.918327" lon="111.84273">
        <ele>1417.1617</ele>
        <time>2014-08-19T10:18:09.278000Z</time>
      </trkpt>
      <trkpt lat="38.91831" lon="111.842606">
        <ele>1418.0198</ele>
        <time>2014-08-19T10:18:12.462000Z</time>
      </trkpt>
      <trkpt lat="38.918304" lon="111.842476">
        <ele>1418.4362</ele>
        <time>2014-08-19T10:18:15.646000Z</time>
      </trkpt>
      <trkpt lat="38.91831" lon="111.84234">
        <ele>1418.2311</ele>
        <time>2014-08-19T10:18:18.830000Z</time>
      </trkpt>
      <trkpt lat="38.918312" lon="111.8422">
        <ele>1417.7461</ele>
        <time>2014-08-19T10:18:22.014000Z</time>
      </trkpt>
      <trkpt lat="38.91832" lon="111.84208">
        <ele>1417.3845</ele>
        <time>2014-08-19T10:18:25.198000Z</time>
      </trkpt>
      <trkpt lat="38.91832" lon="111.841934">
        <ele>1417.4774</ele>
        <time>2014-08-19T10:18:28.382000Z</time>
      </trkpt>
      <trkpt lat="38.91831" lon="111.84181">
        <ele>1418.0308</ele>
        <time>2014-08-19T10:18:31.566000Z</time>
      </trkpt>
      <trkpt lat="38.91831" lon="111.84168">
        <ele>1418.2812</ele>
        <time>2014-08-19T10:18:34.750000Z</time>
      </trkpt>
      <trkpt lat="38.91831" lon="111.84155">
        <ele>1417.7418</ele>
        <time>2014-08-19T10:18:37.934000Z</time>
      </trkpt>
      <trkpt lat="38.918297" lon="111.841415">
        <ele>1417.7828</ele>
        <time>2014-08-19T10:18:41.118000Z</time>
      </trkpt>
      <trkpt lat="38.918274" lon="111.841286">
        <ele>1421.0011</ele>
        <time>2014-08-19T10:18:44.302000Z</time>
      </trkpt>
      <trkpt lat="38.918247" lon="111.84114">
        <ele>1427.1631</ele>
        <time>2014-08-19T10:18:47.486000Z</time>
      </trkpt>
      <trkpt lat="38.918262" lon="111.84098">
        <ele>1432.6543</ele>
        <time>2014-08-19T10:18:50.670000Z</time>
      </trkpt>
      <trkpt lat="38.918278" lon="111.84084">
        <ele>1435.1836</ele>
        <time>2014-08-19T10:18:53.854000Z</time>
      </trkpt>
      <trkpt lat="38.918304" lon="111.8407">
        <ele>1435.5283</ele>
        <time>2014-08-19T10:18:57.038000Z</time>
      </trkpt>
      <trkpt lat="38.918316" lon="111.840576">
        <ele>1435.015</ele>
        <time>2014-08-19T10:19:00.222000Z</time>
      </trkpt>
      <trkpt lat="38.91833" lon="111.84044">
        <ele>1434.219</ele>
        <time>2014-08-19T10:19:03.406000Z</time>
      </trkpt>
      <trkpt lat="38.91834" lon="111.840324">
        <ele>1432.6218</ele>
        <time>2014-08-19T10:19:06.590000Z</time>
      </trkpt>
      <trkpt lat="38.918327" lon="111.840195">
        <ele>1430.1482</ele>
        <time>2014-08-19T10:19:09.774000Z</time>
      </trkpt>
      <trkpt lat="38.918312" lon="111.84005">
        <ele>1429.2184</ele>
        <time>2014-08-19T10:19:12.958000Z</time>
      </trkpt>
      <trkpt lat="38.918297" lon="111.839935">
        <ele>1431.7423</ele>
        <time>2014-08-19T10:19:16.142000Z</time>
      </trkpt>
      <trkpt lat="38.91831" lon="111.8398">
        <ele>1435.7301</ele>
        <time>2014-08-19T10:19:19.326000Z</time>
      </trkpt>
      <trkpt lat="38.918324" lon="111.83965">
        <ele>1437.4047</ele>
        <time>2014-08-19T10:19:22.510000Z</time>
      </trkpt>
      <trkpt lat="38.918335" lon="111.83951">
        <ele>1435.702</ele>
        <time>2014-08-19T10:19:25.694000Z</time>
      </trkpt>
      <trkpt lat="38.918335" lon="111.83937">
        <ele>1432.61</ele>
        <time>2014-08-19T10:19:28.878000Z</time>
      </trkpt>
      <trkpt lat="38.91834" lon="111.839226">
        <ele>1429.5674</ele>
        <time>2014-08-19T10:19:32.062000Z</time>
      </trkpt>
      <trkpt lat="38.918343" lon="111.839096">
        <ele>1426.4033</ele>
        <time>2014-08-19T10:19:35.246000Z</time>
      </trkpt>
      <trkpt lat="38.918354" lon="111.83896">
        <ele>1423.6843</ele>
        <time>2014-08-19T10:19:38.430000Z</time>
      </trkpt>
      <trkpt lat="38.918373" lon="111.83881">
        <ele>1422.358</ele>
        <time>2014-08-19T10:19:41.614000Z</time>
      </trkpt>
      <trkpt lat="38.918385" lon="111.838684">
        <ele>1422.5806</ele>
        <time>2014-08-19T10:19:44.798000Z</time>
      </trkpt>
      <trkpt lat="38.918365" lon="111.83855">
        <ele>1423.9514</ele>
        <time>2014-08-19T10:19:47.982000Z</time>
      </trkpt>
      <trkpt lat="38.91834" lon="111.83843">
        <ele>1426.3613</ele>
        <time>2014-08-19T10:19:51.166000Z</time>
      </trkpt>
      <trkpt lat="38.918346" lon="111.83829">
        <ele>1429.303</ele>
        <time>2014-08-19T10:19:54.350000Z</time>
      </trkpt>
      <trkpt lat="38.91837" lon="111.83814">
        <ele>1431.1287</ele>
        <time>2014-08-19T10:19:57.534000Z</time>
      </trkpt>
      <trkpt lat="38.918377" lon="111.83802">
        <ele>1430.6661</ele>
        <time>2014-08-19T10:20:00.718000Z</time>
      </trkpt>
      <trkpt lat="38.918354" lon="111.83788">
        <ele>1428.3749</ele>
        <time>2014-08-19T10:20:03.902000Z</time>
      </trkpt>
      <trkpt lat="38.918335" lon="111.83774">
        <ele>1425.6506</ele>
        <time>2014-08-19T10:20:07.086000Z</time>
      </trkpt>
      <trkpt lat="38.918324" lon="111.837616">
        <ele>1423.8342</ele>
        <time>2014-08-19T10:20:10.270000Z</time>
      </trkpt>
      <trkpt lat="38.918297" lon="111.83747">
        <ele>1424.1212</ele>
        <time>2014-08-19T10:20:13.454000Z</time>
      </trkpt>
      <trkpt lat="38.91828" lon="111.83735">
        <ele>1426.6273</ele>
        <time>2014-08-19T10:20:16.638000Z</time>
      </trkpt>
      <trkpt lat="38.91828" lon="111.83723">
        <ele>1429.583</ele>
        <time>2014-08-19T10:20:19.822000Z</time>
      </trkpt>
      <trkpt lat="38.918278" lon="111.83709">
        <ele>1431.1444</ele>
        <time>2014-08-19T10:20:23.006000Z</time>
      </trkpt>
      <trkpt lat="38.91828" lon="111.83694">
        <ele>1431.2417</ele>
        <time>2014-08-19T10:20:26.190000Z</time>
      </trkpt>
      <trkpt lat="38.918293" lon="111.8368">
        <ele>1430.0974</ele>
        <time>2014-08-19T10:20:29.374000Z</time>
      </trkpt>
      <trkpt lat="38.91831" lon="111.836655">
        <ele>1427.6947</ele>
        <time>2014-08-19T10:20:32.558000Z</time>
      </trkpt>
      <trkpt lat="38.91828" lon="111.83652">
        <ele>1424.8593</ele>
        <time>2014-08-19T10:20:35.742000Z</time>
      </trkpt>
      <trkpt lat="38.91826" lon="111.836395">
        <ele>1422.7755</ele>
        <time>2014-08-19T10:20:38.926000Z</time>
      </trkpt>
      <trkpt lat="38.918243" lon="111.83626">
        <ele>1421.4996</ele>
        <time>2014-08-19T10:20:42.110000Z</time>
      </trkpt>
      <trkpt lat="38.918167" lon="111.836174">
        <ele>1420.6368</ele>
        <time>2014-08-19T10:20:45.294000Z</time>
      </trkpt>
      <trkpt lat="38.918045" lon="111.83609">
        <ele>1420.3882</ele>
        <time>2014-08-19T10:20:48.478000Z</time>
      </trkpt>
      <trkpt lat="38.917942" lon="111.83601">
        <ele>1420.8562</ele>
        <time>2014-08-19T10:20:51.662000Z</time>
      </trkpt>
      <trkpt lat="38.917805" lon="111.83593">
        <ele>1421.4999</ele>
        <time>2014-08-19T10:20:54.846000Z</time>
      </trkpt>
      <trkpt lat="38.917725" lon="111.83583">
        <ele>1422.0165</ele>
        <time>2014-08-19T10:20:58.030000Z</time>
      </trkpt>
      <trkpt lat="38.91767" lon="111.83571">
        <ele>1422.5289</ele>
        <time>2014-08-19T10:21:01.214000Z</time>
      </trkpt>
      <trkpt lat="38.917652" lon="111.835594">
        <ele>1422.6005</ele>
        <time>2014-08-19T10:21:04.398000Z</time>
      </trkpt>
      <trkpt lat="38.917614" lon="111.83545">
        <ele>1421.0305</ele>
        <time>2014-08-19T10:21:07.582000Z</time>
      </trkpt>
      <trkpt lat="38.917572" lon="111.83533">
        <ele>1417.0841</ele>
        <time>2014-08-19T10:21:10.766000Z</time>
      </trkpt>
      <trkpt lat="38.91753" lon="111.835175">
        <ele>1412.1902</ele>
        <time>2014-08-19T10:21:13.950000Z</time>
      </trkpt>
      <trkpt lat="38.917507" lon="111.83503">
        <ele>1409.1154</ele>
        <time>2014-08-19T10:21:17.134000Z</time>
      </trkpt>
      <trkpt lat="38.917477" lon="111.83488">
        <ele>1409.0292</ele>
        <time>2014-08-19T10:21:20.318000Z</time>
      </trkpt>
      <trkpt lat="38.917435" lon="111.83476">
        <ele>1410.9294</ele>
        <time>2014-08-19T10:21:23.502000Z</time>
      </trkpt>
      <trkpt lat="38.91742" lon="111.834625">
        <ele>1413.1643</ele>
        <time>2014-08-19T10:21:26.686000Z</time>
      </trkpt>
      <trkpt lat="38.9174" lon="111.8345">
        <ele>1414.4851</ele>
        <time>2014-08-19T10:21:29.870000Z</time>
      </trkpt>
      <trkpt lat="38.917377" lon="111.83437">
        <ele>1414.4805</ele>
        <time>2014-08-19T10:21:33.054000Z</time>
      </trkpt>
      <trkpt lat="38.917347" lon="111.834236">
        <ele>1413.478</ele>
        <time>2014-08-19T10:21:36.238000Z</time>
      </trkpt>
      <trkpt lat="38.9173" lon="111.83414">
        <ele>1412.2836</ele>
        <time>2014-08-19T10:21:39.422000Z</time>
      </trkpt>
      <trkpt lat="38.917255" lon="111.83403">
        <ele>1411.6276</ele>
        <time>2014-08-19T10:21:42.606000Z</time>
      </trkpt>
      <trkpt lat="38.91722" lon="111.833916">
        <ele>1411.9517</ele>
        <time>2014-08-19T10:21:45.790000Z</time>
      </trkpt>
      <trkpt lat="38.917206" lon="111.83379">
        <ele>1413.1425</ele>
        <time>2014-08-19T10:21:48.974000Z</time>
      </trkpt>
      <trkpt lat="38.917183" lon="111.83367">
        <ele>1413.9312</ele>
        <time>2014-08-19T10:21:52.158000Z</time>
      </trkpt>
      <trkpt lat="38.917156" lon="111.833534">
        <ele>1413.3983</ele>
        <time>2014-08-19T10:21:55.342000Z</time>
      </trkpt>
      <trkpt lat="38.917118" lon="111.83339">
        <ele>1412.3546</ele>
        <time>2014-08-19T10:21:58.526000Z</time>
      </trkpt>
      <trkpt lat="38.917072" lon="111.83327">
        <ele>1412.2831</ele>
        <time>2014-08-19T10:22:01.710000Z</time>
      </trkpt>
      <trkpt lat="38.91703" lon="111.83315">
        <ele>1413.5508</ele>
        <time>2014-08-19T10:22:04.894000Z</time>
      </trkpt>
      <trkpt lat="38.91699" lon="111.83301">
        <ele>1414.9341</ele>
        <time>2014-08-19T10:22:08.078000Z</time>
      </trkpt>
      <trkpt lat="38.916954" lon="111.832886">
        <ele>1415.3539</ele>
        <time>2014-08-19T10:22:11.262000Z</time>
      </trkpt>
      <trkpt lat="38.916897" lon="111.832794">
        <ele>1415.4279</ele>
        <time>2014-08-19T10:22:14.446000Z</time>
      </trkpt>
      <trkpt lat="38.916794" lon="111.83279">
        <ele>1415.9053</ele>
        <time>2014-08-19T10:22:17.630000Z</time>
      </trkpt>
      <trkpt lat="38.916695" lon="111.83284">
        <ele>1416.3672</ele>
        <time>2014-08-19T10:22:20.814000Z</time>
      </trkpt>
      <trkpt lat="38.9166" lon="111.83291">
        <ele>1416.2667</ele>
        <time>2014-08-19T10:22:23.998000Z</time>
      </trkpt>
      <trkpt lat="38.9165" lon="111.832985">
        <ele>1416.0537</ele>
        <time>2014-08-19T10:22:27.182000Z</time>
      </trkpt>
      <trkpt lat="38.916412" lon="111.83304">
        <ele>1416.9783</ele>
        <time>2014-08-19T10:22:30.366000Z</time>
      </trkpt>
      <trkpt lat="38.916306" lon="111.8331">
        <ele>1419.2953</ele>
        <time>2014-08-19T10:22:33.550000Z</time>
      </trkpt>
      <trkpt lat="38.916206" lon="111.833176">
        <ele>1421.529</ele>
        <time>2014-08-19T10:22:36.734000Z</time>
      </trkpt>
      <trkpt lat="38.91611" lon="111.83327">
        <ele>1423.2239</ele>
        <time>2014-08-19T10:22:39.918000Z</time>
      </trkpt>
      <trkpt lat="38.91603" lon="111.83334">
        <ele>1426.0365</ele>
        <time>2014-08-19T10:22:43.102000Z</time>
      </trkpt>
      <trkpt lat="38.915928" lon="111.833405">
        <ele>1430.0732</ele>
        <time>2014-08-19T10:22:46.286000Z</time>
      </trkpt>
      <trkpt lat="38.915825" lon="111.83345">
        <ele>1434.0211</ele>
        <time>2014-08-19T10:22:49.470000Z</time>
      </trkpt>
      <trkpt lat="38.915726" lon="111.833496">
        <ele>1437.558</ele>
        <time>2014-08-19T10:22:52.654000Z</time>
      </trkpt>
      <trkpt lat="38.91561" lon="111.83354">
        <ele>1441.5074</ele>
        <time>2014-08-19T10:22:55.838000Z</time>
      </trkpt>
      <trkpt lat="38.915516" lon="111.833595">
        <ele>1445.8132</ele>
        <time>2014-08-19T10:22:59.022000Z</time>
      </trkpt>
      <trkpt lat="38.915432" lon="111.833664">
        <ele>1448.6184</ele>
        <time>2014-08-19T10:23:02.206000Z</time>
      </trkpt>
      <trkpt lat="38.915333" lon="111.833725">
        <ele>1447.9236</ele>
        <time>2014-08-19T10:23:05.390000Z</time>
      </trkpt>
      <trkpt lat="38.91523" lon="111.833786">
        <ele>1444.6787</ele>
        <time>2014-08-19T10:23:08.574000Z</time>
      </trkpt>
      <trkpt lat="38.915134" lon="111.833824">
        <ele>1441.8905</ele>
        <time>2014-08-19T10:23:11.758000Z</time>
      </trkpt>
      <trkpt lat="38.914978" lon="111.833916">
        <ele>1441.3925</ele>
        <time>2014-08-19T10:23:14.942000Z</time>
      </trkpt>
      <trkpt lat="38.914864" lon="111.83398">
        <ele>1444.6643</ele>
        <time>2014-08-19T10:23:18.126000Z</time>
      </trkpt>
      <trkpt lat="38.91474" lon="111.834045">
        <ele>1452.3917</ele>
        <time>2014-08-19T10:23:21.310000Z</time>
      </trkpt>
      <trkpt lat="38.914642" lon="111.83408">
        <ele>1460.9465</ele>
        <time>2014-08-19T10:23:24.494000Z</time>
      </trkpt>
      <trkpt lat="38.914566" lon="111.83415">
        <ele>1465.302</ele>
        <time>2014-08-19T10:23:27.678000Z</time>
      </trkpt>
      <trkpt lat="38.914455" lon="111.83419">
        <ele>1463.2338</ele>
        <time>2014-08-19T10:23:30.862000Z</time>
      </trkpt>
      <trkpt lat="38.914352" lon="111.834236">
        <ele>1456.6113</ele>
        <time>2014-08-19T10:23:34.046000Z</time>
      </trkpt>
      <trkpt lat="38.91425" lon="111.83429">
        <ele>1450.5011</ele>
        <time>2014-08-19T10:23:37.230000Z</time>
      </trkpt>
      <trkpt lat="38.914135" lon="111.834366">
        <ele>1447.2815</ele>
        <time>2014-08-19T10:23:40.414000Z</time>
      </trkpt>
      <trkpt lat="38.91404" lon="111.83441">
        <ele>1444.6285</ele>
        <time>2014-08-19T10:23:43.598000Z</time>
      </trkpt>
      <trkpt lat="38.913925" lon="111.834465">
        <ele>1441.1401</ele>
        <time>2014-08-19T10:23:46.782000Z</time>
      </trkpt>
      <trkpt lat="38.913803" lon="111.83452">
        <ele>1438.2478</ele>
        <time>2014-08-19T10:23:49.966000Z</time>
      </trkpt>
      <trkpt lat="38.913696" lon="111.83458">
        <ele>1436.9169</ele>
        <time>2014-08-19T10:23:53.150000Z</time>
      </trkpt>
      <trkpt lat="38.9136" lon="111.83462">
        <ele>1435.8213</ele>
        <time>2014-08-19T10:23:56.334000Z</time>
      </trkpt>
      <trkpt lat="38.913506" lon="111.83465">
        <ele>1433.8582</ele>
        <time>2014-08-19T10:23:59.518000Z</time>
      </trkpt>
      <trkpt lat="38.91341" lon="111.83467">
        <ele>1431.7175</ele>
        <time>2014-08-19T10:24:02.702000Z</time>
      </trkpt>
      <trkpt lat="38.913326" lon="111.83472">
        <ele>1430.1913</ele>
        <time>2014-08-19T10:24:05.886000Z</time>
      </trkpt>
      <trkpt lat="38.913223" lon="111.834785">
        <ele>1429.1077</ele>
        <time>2014-08-19T10:24:09.070000Z</time>
      </trkpt>
      <trkpt lat="38.91312" lon="111.834854">
        <ele>1428.1741</ele>
        <time>2014-08-19T10:24:12.254000Z</time>
      </trkpt>
      <trkpt lat="38.91301" lon="111.83493">
        <ele>1427.3005</ele>
        <time>2014-08-19T10:24:15.438000Z</time>
      </trkpt>
      <trkpt lat="38.91291" lon="111.834984">
        <ele>1426.3826</ele>
        <time>2014-08-19T10:24:18.622000Z</time>
      </trkpt>
      <trkpt lat="38.91282" lon="111.835045">
        <ele>1425.8589</ele>
        <time>2014-08-19T10:24:21.806000Z</time>
      </trkpt>
      <trkpt lat="38.912697" lon="111.83508">
        <ele>1426.3169</ele>
        <time>2014-08-19T10:24:24.990000Z</time>
      </trkpt>
      <trkpt lat="38.9126" lon="111.83512">
        <ele>1427.6354</ele>
        <time>2014-08-19T10:24:28.174000Z</time>
      </trkpt>
      <trkpt lat="38.912502" lon="111.83519">
        <ele>1429.0364</ele>
        <time>2014-08-19T10:24:31.358000Z</time>
      </trkpt>
      <trkpt lat="38.912403" lon="111.83528">
        <ele>1430.57</ele>
        <time>2014-08-19T10:24:34.542000Z</time>
      </trkpt>
      <trkpt lat="38.912285" lon="111.835365">
        <ele>1432.4717</ele>
        <time>2014-08-19T10:24:37.726000Z</time>
      </trkpt>
      <trkpt lat="38.912193" lon="111.83542">
        <ele>1434.088</ele>
        <time>2014-08-19T10:24:40.910000Z</time>
      </trkpt>
      <trkpt lat="38.912098" lon="111.83546">
        <ele>1434.5021</ele>
        <time>2014-08-19T10:24:44.094000Z</time>
      </trkpt>
      <trkpt lat="38.911995" lon="111.83551">
        <ele>1433.8789</ele>
        <time>2014-08-19T10:24:47.278000Z</time>
      </trkpt>
      <trkpt lat="38.911903" lon="111.83554">
        <ele>1433.3928</ele>
        <time>2014-08-19T10:24:50.462000Z</time>
      </trkpt>
      <trkpt lat="38.9118" lon="111.835594">
        <ele>1434.8123</ele>
        <time>2014-08-19T10:24:53.646000Z</time>
      </trkpt>
      <trkpt lat="38.91169" lon="111.83564">
        <ele>1438.1459</ele>
        <time>2014-08-19T10:24:56.830000Z</time>
      </trkpt>
      <trkpt lat="38.911602" lon="111.83571">
        <ele>1440.7976</ele>
        <time>2014-08-19T10:25:00.014000Z</time>
      </trkpt>
      <trkpt lat="38.911495" lon="111.83575">
        <ele>1439.2805</ele>
        <time>2014-08-19T10:25:03.198000Z</time>
      </trkpt>
      <trkpt lat="38.911396" lon="111.83581">
        <ele>1433.6366</ele>
        <time>2014-08-19T10:25:06.382000Z</time>
      </trkpt>
      <trkpt lat="38.911285" lon="111.83587">
        <ele>1428.4655</ele>
        <time>2014-08-19T10:25:09.566000Z</time>
      </trkpt>
      <trkpt lat="38.911198" lon="111.835915">
        <ele>1427.0209</ele>
        <time>2014-08-19T10:25:12.750000Z</time>
      </trkpt>
      <trkpt lat="38.911095" lon="111.835976">
        <ele>1428.2714</ele>
        <time>2014-08-19T10:25:15.934000Z</time>
      </trkpt>
      <trkpt lat="38.911007" lon="111.83602">
        <ele>1430.7391</ele>
        <time>2014-08-19T10:25:19.118000Z</time>
      </trkpt>
      <trkpt lat="38.910908" lon="111.83606">
        <ele>1433.3257</ele>
        <time>2014-08-19T10:25:22.302000Z</time>
      </trkpt>
      <trkpt lat="38.91079" lon="111.83612">
        <ele>1434.3835</ele>
        <time>2014-08-19T10:25:25.486000Z</time>
      </trkpt>
      <trkpt lat="38.91069" lon="111.836205">
        <ele>1433.4053</ele>
        <time>2014-08-19T10:25:28.670000Z</time>
      </trkpt>
      <trkpt lat="38.910625" lon="111.83628">
        <ele>1432.5825</ele>
        <time>2014-08-19T10:25:31.854000Z</time>
      </trkpt>
      <trkpt lat="38.91053" lon="111.83635">
        <ele>1433.6764</ele>
        <time>2014-08-19T10:25:35.038000Z</time>
      </trkpt>
      <trkpt lat="38.910435" lon="111.83639">
        <ele>1434.5564</ele>
        <time>2014-08-19T10:25:38.222000Z</time>
      </trkpt>
      <trkpt lat="38.910324" lon="111.836464">
        <ele>1432.6602</ele>
        <time>2014-08-19T10:25:41.406000Z</time>
      </trkpt>
      <trkpt lat="38.910233" lon="111.836494">
        <ele>1429.1349</ele>
        <time>2014-08-19T10:25:44.590000Z</time>
      </trkpt>
      <trkpt lat="38.91013" lon="111.83655">
        <ele>1427.7644</ele>
        <time>2014-08-19T10:25:47.774000Z</time>
      </trkpt>
      <trkpt lat="38.91004" lon="111.83663">
        <ele>1430.2</ele>
        <time>2014-08-19T10:25:50.958000Z</time>
      </trkpt>
      <trkpt lat="38.90993" lon="111.836716">
        <ele>1436.0205</ele>
        <time>2014-08-19T10:25:54.142000Z</time>
      </trkpt>
      <trkpt lat="38.909847" lon="111.83679">
        <ele>1443.8926</ele>
        <time>2014-08-19T10:25:57.326000Z</time>
      </trkpt>
      <trkpt lat="38.90975" lon="111.83685">
        <ele>1451.116</ele>
        <time>2014-08-19T10:26:00.510000Z</time>
      </trkpt>
      <trkpt lat="38.909664" lon="111.8369">
        <ele>1455.686</ele>
        <time>2014-08-19T10:26:03.694000Z</time>
      </trkpt>
      <trkpt lat="38.909565" lon="111.83695">
        <ele>1458.0143</ele>
        <time>2014-08-19T10:26:06.878000Z</time>
      </trkpt>
      <trkpt lat="38.909462" lon="111.83702">
        <ele>1457.787</ele>
        <time>2014-08-19T10:26:10.062000Z</time>
      </trkpt>
      <trkpt lat="38.90931" lon="111.837105">
        <ele>1455.1201</ele>
        <time>2014-08-19T10:26:13.246000Z</time>
      </trkpt>
      <trkpt lat="38.9092" lon="111.837135">
        <ele>1451.1024</ele>
        <time>2014-08-19T10:26:16.430000Z</time>
      </trkpt>
      <trkpt lat="38.909092" lon="111.83718">
        <ele>1445.4653</ele>
        <time>2014-08-19T10:26:19.614000Z</time>
      </trkpt>
      <trkpt lat="38.908993" lon="111.83724">
        <ele>1438.289</ele>
        <time>2014-08-19T10:26:22.798000Z</time>
      </trkpt>
      <trkpt lat="38.90888" lon="111.83729">
        <ele>1431.7433</ele>
        <time>2014-08-19T10:26:25.982000Z</time>
      </trkpt>
      <trkpt lat="38.908764" lon="111.83733">
        <ele>1427.3777</ele>
        <time>2014-08-19T10:26:29.166000Z</time>
      </trkpt>
      <trkpt lat="38.908676" lon="111.83737">
        <ele>1425.3441</ele>
        <time>2014-08-19T10:26:32.350000Z</time>
      </trkpt>
      <trkpt lat="38.908585" lon="111.83742">
        <ele>1425.122</ele>
        <time>2014-08-19T10:26:35.534000Z</time>
      </trkpt>
      <trkpt lat="38.908478" lon="111.83747">
        <ele>1425.6365</ele>
        <time>2014-08-19T10:26:38.718000Z</time>
      </trkpt>
      <trkpt lat="38.908382" lon="111.83752">
        <ele>1426.1449</ele>
        <time>2014-08-19T10:26:41.902000Z</time>
      </trkpt>
      <trkpt lat="38.9083" lon="111.83756">
        <ele>1426.3871</ele>
        <time>2014-08-19T10:26:45.086000Z</time>
      </trkpt>
      <trkpt lat="38.908188" lon="111.83761">
        <ele>1426.4082</ele>
        <time>2014-08-19T10:26:48.270000Z</time>
      </trkpt>
      <trkpt lat="38.908073" lon="111.83766">
        <ele>1426.2164</ele>
        <time>2014-08-19T10:26:51.454000Z</time>
      </trkpt>
      <trkpt lat="38.907978" lon="111.83771">
        <ele>1425.3724</ele>
        <time>2014-08-19T10:26:54.638000Z</time>
      </trkpt>
      <trkpt lat="38.90789" lon="111.83775">
        <ele>1423.7933</ele>
        <time>2014-08-19T10:26:57.822000Z</time>
      </trkpt>
      <trkpt lat="38.907776" lon="111.837814">
        <ele>1422.7949</ele>
        <time>2014-08-19T10:27:01.006000Z</time>
      </trkpt>
      <trkpt lat="38.90767" lon="111.83788">
        <ele>1423.3427</ele>
        <time>2014-08-19T10:27:04.190000Z</time>
      </trkpt>
      <trkpt lat="38.907585" lon="111.83792">
        <ele>1424.5789</ele>
        <time>2014-08-19T10:27:07.374000Z</time>
      </trkpt>
      <trkpt lat="38.907486" lon="111.83796">
        <ele>1425.4615</ele>
        <time>2014-08-19T10:27:10.558000Z</time>
      </trkpt>
      <trkpt lat="38.907387" lon="111.83801">
        <ele>1425.8596</ele>
        <time>2014-08-19T10:27:13.742000Z</time>
      </trkpt>
      <trkpt lat="38.9073" lon="111.838066">
        <ele>1425.9542</ele>
        <time>2014-08-19T10:27:16.926000Z</time>
      </trkpt>
      <trkpt lat="38.90721" lon="111.83814">
        <ele>1426.0144</ele>
        <time>2014-08-19T10:27:20.110000Z</time>
      </trkpt>
      <trkpt lat="38.907104" lon="111.83822">
        <ele>1426.2224</ele>
        <time>2014-08-19T10:27:23.294000Z</time>
      </trkpt>
      <trkpt lat="38.907005" lon="111.83827">
        <ele>1426.7351</ele>
        <time>2014-08-19T10:27:26.478000Z</time>
      </trkpt>
      <trkpt lat="38.906918" lon="111.83832">
        <ele>1427.7122</ele>
        <time>2014-08-19T10:27:29.662000Z</time>
      </trkpt>
      <trkpt lat="38.906826" lon="111.83836">
        <ele>1428.8579</ele>
        <time>2014-08-19T10:27:32.846000Z</time>
      </trkpt>
      <trkpt lat="38.906723" lon="111.838425">
        <ele>1429.5991</ele>
        <time>2014-08-19T10:27:36.030000Z</time>
      </trkpt>
      <trkpt lat="38.90662" lon="111.838486">
        <ele>1429.1697</ele>
        <time>2014-08-19T10:27:39.214000Z</time>
      </trkpt>
      <trkpt lat="38.90654" lon="111.83855">
        <ele>1427.4188</ele>
        <time>2014-08-19T10:27:42.398000Z</time>
      </trkpt>
      <trkpt lat="38.906445" lon="111.83861">
        <ele>1426.757</ele>
        <time>2014-08-19T10:27:45.582000Z</time>
      </trkpt>
      <trkpt lat="38.90637" lon="111.83867">
        <ele>1429.2302</ele>
        <time>2014-08-19T10:27:48.766000Z</time>
      </trkpt>
      <trkpt lat="38.90625" lon="111.83872">
        <ele>1433.3553</ele>
        <time>2014-08-19T10:27:51.950000Z</time>
      </trkpt>
      <trkpt lat="38.90614" lon="111.83877">
        <ele>1437.5837</ele>
        <time>2014-08-19T10:27:55.134000Z</time>
      </trkpt>
      <trkpt lat="38.90604" lon="111.83882">
        <ele>1441.5505</ele>
        <time>2014-08-19T10:27:58.318000Z</time>
      </trkpt>
      <trkpt lat="38.90594" lon="111.838875">
        <ele>1442.7892</ele>
        <time>2014-08-19T10:28:01.502000Z</time>
      </trkpt>
      <trkpt lat="38.90582" lon="111.83891">
        <ele>1440.003</ele>
        <time>2014-08-19T10:28:04.686000Z</time>
      </trkpt>
      <trkpt lat="38.905735" lon="111.83894">
        <ele>1436.5989</ele>
        <time>2014-08-19T10:28:07.870000Z</time>
      </trkpt>
      <trkpt lat="38.905643" lon="111.83899">
        <ele>1435.6488</ele>
        <time>2014-08-19T10:28:11.054000Z</time>
      </trkpt>
      <trkpt lat="38.905537" lon="111.83906">
        <ele>1435.8488</ele>
        <time>2014-08-19T10:28:14.238000Z</time>
      </trkpt>
      <trkpt lat="38.905445" lon="111.83912">
        <ele>1435.1069</ele>
        <time>2014-08-19T10:28:17.422000Z</time>
      </trkpt>
      <trkpt lat="38.905346" lon="111.83918">
        <ele>1433.4011</ele>
        <time>2014-08-19T10:28:20.606000Z</time>
      </trkpt>
      <trkpt lat="38.90522" lon="111.839226">
        <ele>1431.8208</ele>
        <time>2014-08-19T10:28:23.790000Z</time>
      </trkpt>
      <trkpt lat="38.90513" lon="111.83928">
        <ele>1431.2445</ele>
        <time>2014-08-19T10:28:26.974000Z</time>
      </trkpt>
      <trkpt lat="38.905033" lon="111.83933">
        <ele>1431.7762</ele>
        <time>2014-08-19T10:28:30.158000Z</time>
      </trkpt>
      <trkpt lat="38.904922" lon="111.83939">
        <ele>1432.8777</ele>
        <time>2014-08-19T10:28:33.342000Z</time>
      </trkpt>
      <trkpt lat="38.90482" lon="111.83946">
        <ele>1434.1517</ele>
        <time>2014-08-19T10:28:36.526000Z</time>
      </trkpt>
      <trkpt lat="38.90472" lon="111.83952">
        <ele>1436.1611</ele>
        <time>2014-08-19T10:28:39.710000Z</time>
      </trkpt>
      <trkpt lat="38.904633" lon="111.83958">
        <ele>1439.0575</ele>
        <time>2014-08-19T10:28:42.894000Z</time>
      </trkpt>
      <trkpt lat="38.904537" lon="111.83962">
        <ele>1440.2877</ele>
        <time>2014-08-19T10:28:46.078000Z</time>
      </trkpt>
      <trkpt lat="38.904423" lon="111.839676">
        <ele>1438.0834</ele>
        <time>2014-08-19T10:28:49.262000Z</time>
      </trkpt>
      <trkpt lat="38.904312" lon="111.83973">
        <ele>1434.6418</ele>
        <time>2014-08-19T10:28:52.446000Z</time>
      </trkpt>
      <trkpt lat="38.90422" lon="111.839775">
        <ele>1432.4983</ele>
        <time>2014-08-19T10:28:55.630000Z</time>
      </trkpt>
      <trkpt lat="38.904114" lon="111.83981">
        <ele>1431.9884</ele>
        <time>2014-08-19T10:28:58.814000Z</time>
      </trkpt>
      <trkpt lat="38.904015" lon="111.8398">
        <ele>1432.6055</ele>
        <time>2014-08-19T10:29:01.998000Z</time>
      </trkpt>
      <trkpt lat="38.903942" lon="111.83965">
        <ele>1433.6252</ele>
        <time>2014-08-19T10:29:05.182000Z</time>
      </trkpt>
      <trkpt lat="38.903885" lon="111.83953">
        <ele>1433.8182</ele>
        <time>2014-08-19T10:29:08.366000Z</time>
      </trkpt>
      <trkpt lat="38.90384" lon="111.839424">
        <ele>1432.2003</ele>
        <time>2014-08-19T10:29:11.550000Z</time>
      </trkpt>
      <trkpt lat="38.903805" lon="111.839294">
        <ele>1429.1985</ele>
        <time>2014-08-19T10:29:14.734000Z</time>
      </trkpt>
      <trkpt lat="38.903767" lon="111.83917">
        <ele>1426.1342</ele>
        <time>2014-08-19T10:29:17.918000Z</time>
      </trkpt>
      <trkpt lat="38.903725" lon="111.83904">
        <ele>1424.3512</ele>
        <time>2014-08-19T10:29:21.102000Z</time>
      </trkpt>
      <trkpt lat="38.90368" lon="111.83892">
        <ele>1424.6005</ele>
        <time>2014-08-19T10:29:24.286000Z</time>
      </trkpt>
      <trkpt lat="38.903637" lon="111.8388">
        <ele>1426.3253</ele>
        <time>2014-08-19T10:29:27.470000Z</time>
      </trkpt>
      <trkpt lat="38.903595" lon="111.838684">
        <ele>1428.1794</ele>
        <time>2014-08-19T10:29:30.654000Z</time>
      </trkpt>
      <trkpt lat="38.903553" lon="111.83856">
        <ele>1428.8542</ele>
        <time>2014-08-19T10:29:33.838000Z</time>
      </trkpt>
      <trkpt lat="38.903507" lon="111.83845">
        <ele>1428.1669</ele>
        <time>2014-08-19T10:29:37.022000Z</time>
      </trkpt>
      <trkpt lat="38.90346" lon="111.838326">
        <ele>1427.0955</ele>
        <time>2014-08-19T10:29:40.206000Z</time>
      </trkpt>
      <trkpt lat="38.90343" lon="111.838196">
        <ele>1426.7937</ele>
        <time>2014-08-19T10:29:43.390000Z</time>
      </trkpt>
      <trkpt lat="38.90339" lon="111.83809">
        <ele>1427.4382</ele>
        <time>2014-08-19T10:29:46.574000Z</time>
      </trkpt>
      <trkpt lat="38.90337" lon="111.837975">
        <ele>1428.0073</ele>
        <time>2014-08-19T10:29:49.758000Z</time>
      </trkpt>
      <trkpt lat="38.903336" lon="111.83787">
        <ele>1427.3995</ele>
        <time>2014-08-19T10:29:52.942000Z</time>
      </trkpt>
      <trkpt lat="38.9033" lon="111.837746">
        <ele>1425.9382</ele>
        <time>2014-08-19T10:29:56.126000Z</time>
      </trkpt>
      <trkpt lat="38.90324" lon="111.837616">
        <ele>1424.7216</ele>
        <time>2014-08-19T10:29:59.310000Z</time>
      </trkpt>
      <trkpt lat="38.90319" lon="111.837494">
        <ele>1424.1923</ele>
        <time>2014-08-19T10:30:02.494000Z</time>
      </trkpt>
      <trkpt lat="38.903145" lon="111.83738">
        <ele>1424.0837</ele>
        <time>2014-08-19T10:30:05.678000Z</time>
      </trkpt>
      <trkpt lat="38.903114" lon="111.83726">
        <ele>1424.376</ele>
        <time>2014-08-19T10:30:08.862000Z</time>
      </trkpt>
      <trkpt lat="38.90308" lon="111.837135">
        <ele>1425.1833</ele>
        <time>2014-08-19T10:30:12.046000Z</time>
      </trkpt>
      <trkpt lat="38.90304" lon="111.837">
        <ele>1426.1213</ele>
        <time>2014-08-19T10:30:15.230000Z</time>
      </trkpt>
      <trkpt lat="38.903008" lon="111.836876">
        <ele>1426.38</ele>
        <time>2014-08-19T10:30:18.414000Z</time>
      </trkpt>
      <trkpt lat="38.902977" lon="111.836754">
        <ele>1425.5107</ele>
        <time>2014-08-19T10:30:21.598000Z</time>
      </trkpt>
      <trkpt lat="38.902927" lon="111.83663">
        <ele>1423.9016</ele>
        <time>2014-08-19T10:30:24.782000Z</time>
      </trkpt>
      <trkpt lat="38.90289" lon="111.836525">
        <ele>1422.4391</ele>
        <time>2014-08-19T10:30:27.966000Z</time>
      </trkpt>
      <trkpt lat="38.902847" lon="111.83641">
        <ele>1421.6614</ele>
        <time>2014-08-19T10:30:31.150000Z</time>
      </trkpt>
      <trkpt lat="38.902798" lon="111.83629">
        <ele>1421.8188</ele>
        <time>2014-08-19T10:30:34.334000Z</time>
      </trkpt>
      <trkpt lat="38.90276" lon="111.83618">
        <ele>1422.9811</ele>
        <time>2014-08-19T10:30:37.518000Z</time>
      </trkpt>
      <trkpt lat="38.90272" lon="111.83606">
        <ele>1424.5597</ele>
        <time>2014-08-19T10:30:40.702000Z</time>
      </trkpt>
      <trkpt lat="38.902702" lon="111.83592">
        <ele>1425.6511</ele>
        <time>2014-08-19T10:30:43.886000Z</time>
      </trkpt>
      <trkpt lat="38.902664" lon="111.8358">
        <ele>1426.1982</ele>
        <time>2014-08-19T10:30:47.070000Z</time>
      </trkpt>
      <trkpt lat="38.902664" lon="111.8358">
        <ele>1426.625</ele>
        <time>2014-08-19T10:30:50.254000Z</time>
      </trkpt>
      <trkpt lat="38.902626" lon="111.835686">
        <time>2014-08-19T10:30:53.438000Z</time>
      </trkpt>
    </trkseg>
  </trk>
</gpx>