<?xml version="1.0" encoding="UTF-8"?>
<gpx xmlns="http://www.topografix.com/GPX/1/1" xmlns:gpxtpx="http://www.garmin.com/xmlschemas/TrackPointExtension/v1" xmlns:xsi="http://www.w3.org/2001/XMLSchema-instance" xsi:schemaLocation="http://www.topografix.com/GPX/1/1 http://www.topografix.com/GPX/1/1/gpx.xsd" version="1.1" creator="gpx.py -- https://github.com/tkrajina/gpxpy">
  <trk>
    <trkseg>
      <trkpt lat="38.81717" lon="121.147606">
        <ele>45.255928</ele>
        <time>2014-09-27T09:28:18.502000Z</time>
      </trkpt>
      <trkpt lat="38.81717" lon="121.147606">
        <ele>42.520306</ele>
        <time>2014-09-27T09:28:21.543000Z</time>
      </trkpt>
      <trkpt lat="38.81714" lon="121.14774">
        <ele>43.071545</ele>
        <time>2014-09-27T09:28:24.584000Z</time>
      </trkpt>
      <trkpt lat="38.81713" lon="121.14788">
        <ele>42.688408</ele>
        <time>2014-09-27T09:28:27.625000Z</time>
      </trkpt>
      <trkpt lat="38.817165" lon="121.147995">
        <ele>40.957115</ele>
        <time>2014-09-27T09:28:30.666000Z</time>
      </trkpt>
      <trkpt lat="38.81721" lon="121.1481">
        <ele>39.433727</ele>
        <time>2014-09-27T09:28:33.707000Z</time>
      </trkpt>
      <trkpt lat="38.817276" lon="121.148224">
        <ele>39.22089</ele>
        <time>2014-09-27T09:28:36.748000Z</time>
      </trkpt>
      <trkpt lat="38.817352" lon="121.1483">
        <ele>39.755116</ele>
        <time>2014-09-27T09:28:39.789000Z</time>
      </trkpt>
      <trkpt lat="38.817463" lon="121.14835">
        <ele>40.228336</ele>
        <time>2014-09-27T09:28:42.830000Z</time>
      </trkpt>
      <trkpt lat="38.817585" lon="121.14837">
        <ele>40.381527</ele>
        <time>2014-09-27T09:28:45.871000Z</time>
      </trkpt>
      <trkpt lat="38.817688" lon="121.14837">
        <ele>40.432766</ele>
        <time>2014-09-27T09:28:48.912000Z</time>
      </trkpt>
      <trkpt lat="38.81779" lon="121.14837">
        <ele>40.89704</ele>
        <time>2014-09-27T09:28:51.953000Z</time>
      </trkpt>
      <trkpt lat="38.817886" lon="121.14836">
        <ele>41.807495</ele>
        <time>2014-09-27T09:28:54.994000Z</time>
      </trkpt>
      <trkpt lat="38.817997" lon="121.14835">
        <ele>42.57503</ele>
        <time>2014-09-27T09:28:58.035000Z</time>
      </trkpt>
      <trkpt lat="38.818115" lon="121.14836">
        <ele>43.339474</ele>
        <time>2014-09-27T09:29:01.076000Z</time>
      </trkpt>
      <trkpt lat="38.818222" lon="121.14838">
        <ele>44.48411</ele>
        <time>2014-09-27T09:29:04.117000Z</time>
      </trkpt>
      <trkpt lat="38.818344" lon="121.14837">
        <ele>45.278618</ele>
        <time>2014-09-27T09:29:07.158000Z</time>
      </trkpt>
      <trkpt lat="38.818443" lon="121.14835">
        <ele>44.9437</ele>
        <time>2014-09-27T09:29:10.199000Z</time>
      </trkpt>
      <trkpt lat="38.81854" lon="121.148285">
        <ele>43.738956</ele>
        <time>2014-09-27T09:29:13.240000Z</time>
      </trkpt>
      <trkpt lat="38.818615" lon="121.14821">
        <ele>42.262856</ele>
        <time>2014-09-27T09:29:16.281000Z</time>
      </trkpt>
      <trkpt lat="38.818695" lon="121.1481">
        <ele>41.170563</ele>
        <time>2014-09-27T09:29:19.322000Z</time>
      </trkpt>
      <trkpt lat="38.818703" lon="121.147964">
        <ele>41.22947</ele>
        <time>2014-09-27T09:29:22.363000Z</time>
      </trkpt>
      <trkpt lat="38.818714" lon="121.14785">
        <ele>42.384468</ele>
        <time>2014-09-27T09:29:25.404000Z</time>
      </trkpt>
      <trkpt lat="38.81869" lon="121.147705">
        <ele>43.55365</ele>
        <time>2014-09-27T09:29:28.445000Z</time>
      </trkpt>
      <trkpt lat="38.81864" lon="121.147575">
        <ele>43.799324</ele>
        <time>2014-09-27T09:29:31.486000Z</time>
      </trkpt>
      <trkpt lat="38.81858" lon="121.14748">
        <ele>43.246307</ele>
        <time>2014-09-27T09:29:34.527000Z</time>
      </trkpt>
      <trkpt lat="38.8185" lon="121.1474">
        <ele>42.897297</ele>
        <time>2014-09-27T09:29:37.568000Z</time>
      </trkpt>
      <trkpt lat="38.818413" lon="121.147354">
        <ele>43.42332</ele>
        <time>2014-09-27T09:29:40.609000Z</time>
      </trkpt>
      <trkpt lat="38.81832" lon="121.14734">
        <ele>44.30915</ele>
        <time>2014-09-27T09:29:43.650000Z</time>
      </trkpt>
      <trkpt lat="38.818207" lon="121.147316">
        <ele>44.590023</ele>
        <time>2014-09-27T09:29:46.691000Z</time>
      </trkpt>
      <trkpt lat="38.818115" lon="121.1473">
        <ele>44.04185</ele>
        <time>2014-09-27T09:29:49.732000Z</time>
      </trkpt>
      <trkpt lat="38.81802" lon="121.147285">
        <ele>43.15484</ele>
        <time>2014-09-27T09:29:52.773000Z</time>
      </trkpt>
      <trkpt lat="38.81792" lon="121.14727">
        <ele>42.049465</ele>
        <time>2014-09-27T09:29:55.814000Z</time>
      </trkpt>
      <trkpt lat="38.817814" lon="121.14728">
        <ele>40.664074</ele>
        <time>2014-09-27T09:29:58.855000Z</time>
      </trkpt>
      <trkpt lat="38.817696" lon="121.147285">
        <ele>40.092476</ele>
        <time>2014-09-27T09:30:01.896000Z</time>
      </trkpt>
      <trkpt lat="38.817596" lon="121.14728">
        <ele>41.365738</ele>
        <time>2014-09-27T09:30:04.937000Z</time>
      </trkpt>
      <trkpt lat="38.8175" lon="121.14729">
        <ele>43.632042</ele>
        <time>2014-09-27T09:30:07.978000Z</time>
      </trkpt>
      <trkpt lat="38.817383" lon="121.14734">
        <ele>45.27792</ele>
        <time>2014-09-27T09:30:11.019000Z</time>
      </trkpt>
      <trkpt lat="38.8173" lon="121.14741">
        <ele>45.698807</ele>
        <time>2014-09-27T09:30:14.060000Z</time>
      </trkpt>
      <trkpt lat="38.81723" lon="121.1475">
        <ele>45.303688</ele>
        <time>2014-09-27T09:30:17.101000Z</time>
      </trkpt>
      <trkpt lat="38.81719" lon="121.147606">
        <ele>44.75257</ele>
        <time>2014-09-27T09:30:20.142000Z</time>
      </trkpt>
      <trkpt lat="38.817165" lon="121.14773">
        <ele>44.19654</ele>
        <time>2014-09-27T09:30:23.183000Z</time>
      </trkpt>
      <trkpt lat="38.81716" lon="121.147865">
        <ele>43.140034</ele>
        <time>2014-09-27T09:30:26.224000Z</time>
      </trkpt>
      <trkpt lat="38.817192" lon="121.148">
        <ele>41.596733</ele>
        <time>2014-09-27T09:30:29.265000Z</time>
      </trkpt>
      <trkpt lat="38.81724" lon="121.14812">
        <ele>40.584103</ele>
        <time>2014-09-27T09:30:32.306000Z</time>
      </trkpt>
      <trkpt lat="38.817314" lon="121.14822">
        <ele>40.66798</ele>
        <time>2014-09-27T09:30:35.347000Z</time>
      </trkpt>
      <trkpt lat="38.817398" lon="121.14829">
        <ele>41.23853</ele>
        <time>2014-09-27T09:30:38.388000Z</time>
      </trkpt>
      <trkpt lat="38.817513" lon="121.14833">
        <ele>41.688663</ele>
        <time>2014-09-27T09:30:41.429000Z</time>
      </trkpt>
      <trkpt lat="38.817635" lon="121.148346">
        <ele>41.94796</ele>
        <time>2014-09-27T09:30:44.470000Z</time>
      </trkpt>
      <trkpt lat="38.817734" lon="121.148346">
        <ele>41.923653</ele>
        <time>2014-09-27T09:30:47.511000Z</time>
      </trkpt>
      <trkpt lat="38.817837" lon="121.148346">
        <ele>41.57947</ele>
        <time>2014-09-27T09:30:50.552000Z</time>
      </trkpt>
      <trkpt lat="38.817947" lon="121.148346">
        <ele>41.413376</ele>
        <time>2014-09-27T09:30:53.593000Z</time>
      </trkpt>
      <trkpt lat="38.818054" lon="121.14835">
        <ele>41.797512</ele>
        <time>2014-09-27T09:30:56.634000Z</time>
      </trkpt>
      <trkpt lat="38.818153" lon="121.14836">
        <ele>42.14253</ele>
        <time>2014-09-27T09:30:59.675000Z</time>
      </trkpt>
      <trkpt lat="38.818264" lon="121.14837">
        <ele>41.88318</ele>
        <time>2014-09-27T09:31:02.716000Z</time>
      </trkpt>
      <trkpt lat="38.818367" lon="121.14836">
        <ele>41.14743</ele>
        <time>2014-09-27T09:31:05.757000Z</time>
      </trkpt>
      <trkpt lat="38.81848" lon="121.14833">
        <ele>40.27891</ele>
        <time>2014-09-27T09:31:08.798000Z</time>
      </trkpt>
      <trkpt lat="38.818573" lon="121.14826">
        <ele>39.575703</ele>
        <time>2014-09-27T09:31:11.839000Z</time>
      </trkpt>
      <trkpt lat="38.818657" lon="121.14818">
        <ele>39.270847</ele>
        <time>2014-09-27T09:31:14.880000Z</time>
      </trkpt>
      <trkpt lat="38.818718" lon="121.14808">
        <ele>39.338593</ele>
        <time>2014-09-27T09:31:17.921000Z</time>
      </trkpt>
      <trkpt lat="38.81874" lon="121.147964">
        <ele>39.55967</ele>
        <time>2014-09-27T09:31:20.962000Z</time>
      </trkpt>
      <trkpt lat="38.81876" lon="121.14785">
        <ele>40.122723</ele>
        <time>2014-09-27T09:31:24.003000Z</time>
      </trkpt>
      <trkpt lat="38.818737" lon="121.1477">
        <ele>41.437927</ele>
        <time>2014-09-27T09:31:27.044000Z</time>
      </trkpt>
      <trkpt lat="38.818684" lon="121.147575">
        <ele>43.023315</ele>
        <time>2014-09-27T09:31:30.085000Z</time>
      </trkpt>
      <trkpt lat="38.818607" lon="121.14746">
        <ele>44.00084</ele>
        <time>2014-09-27T09:31:33.126000Z</time>
      </trkpt>
      <trkpt lat="38.818527" lon="121.147385">
        <ele>44.240093</ele>
        <time>2014-09-27T09:31:36.167000Z</time>
      </trkpt>
      <trkpt lat="38.818436" lon="121.14734">
        <ele>44.1591</ele>
        <time>2014-09-27T09:31:39.208000Z</time>
      </trkpt>
      <trkpt lat="38.818344" lon="121.14732">
        <ele>44.106773</ele>
        <time>2014-09-27T09:31:42.249000Z</time>
      </trkpt>
      <trkpt lat="38.818233" lon="121.147316">
        <ele>44.129284</ele>
        <time>2014-09-27T09:31:45.290000Z</time>
      </trkpt>
      <trkpt lat="38.818142" lon="121.14731">
        <ele>44.03911</ele>
        <time>2014-09-27T09:31:48.331000Z</time>
      </trkpt>
      <trkpt lat="38.818043" lon="121.147285">
        <ele>43.584164</ele>
        <time>2014-09-27T09:31:51.372000Z</time>
      </trkpt>
      <trkpt lat="38.817947" lon="121.14728">
        <ele>42.85217</ele>
        <time>2014-09-27T09:31:54.413000Z</time>
      </trkpt>
      <trkpt lat="38.817844" lon="121.14728">
        <ele>42.31441</ele>
        <time>2014-09-27T09:31:57.454000Z</time>
      </trkpt>
      <trkpt lat="38.817722" lon="121.14726">
        <ele>42.200394</ele>
        <time>2014-09-27T09:32:00.495000Z</time>
      </trkpt>
      <trkpt lat="38.817627" lon="121.14726">
        <ele>42.15911</ele>
        <time>2014-09-27T09:32:03.536000Z</time>
      </trkpt>
      <trkpt lat="38.817528" lon="121.14727">
        <ele>41.877254</ele>
        <time>2014-09-27T09:32:06.577000Z</time>
      </trkpt>
      <trkpt lat="38.81741" lon="121.14731">
        <ele>41.524147</ele>
        <time>2014-09-27T09:32:09.618000Z</time>
      </trkpt>
      <trkpt lat="38.817314" lon="121.147385">
        <ele>41.552242</ele>
        <time>2014-09-27T09:32:12.659000Z</time>
      </trkpt>
      <trkpt lat="38.81724" lon="121.14747">
        <ele>42.330345</ele>
        <time>2014-09-27T09:32:15.700000Z</time>
      </trkpt>
      <trkpt lat="38.817192" lon="121.14758">
        <ele>43.60462</ele>
        <time>2014-09-27T09:32:18.741000Z</time>
      </trkpt>
      <trkpt lat="38.817154" lon="121.147705">
        <ele>44.34158</ele>
        <time>2014-09-27T09:32:21.782000Z</time>
      </trkpt>
      <trkpt lat="38.817146" lon="121.14783">
        <ele>44.006115</ele>
        <time>2014-09-27T09:32:24.823000Z</time>
      </trkpt>
      <trkpt lat="38.817165" lon="121.14795">
        <ele>43.104385</ele>
        <time>2014-09-27T09:32:27.864000Z</time>
      </trkpt>
      <trkpt lat="38.8172" lon="121.14807">
        <ele>42.182228</ele>
        <time>2014-09-27T09:32:30.905000Z</time>
      </trkpt>
      <trkpt lat="38.81727" lon="121.148186">
        <ele>41.353252</ele>
        <time>2014-09-27T09:32:33.946000Z</time>
      </trkpt>
      <trkpt lat="38.81735" lon="121.14827">
        <ele>40.80794</ele>
        <time>2014-09-27T09:32:36.987000Z</time>
      </trkpt>
      <trkpt lat="38.817444" lon="121.148315">
        <ele>40.801975</ele>
        <time>2014-09-27T09:32:40.028000Z</time>
      </trkpt>
      <trkpt lat="38.817547" lon="121.14833">
        <ele>41.23327</ele>
        <time>2014-09-27T09:32:43.069000Z</time>
      </trkpt>
      <trkpt lat="38.81764" lon="121.14833">
        <ele>42.115112</ele>
        <time>2014-09-27T09:32:46.110000Z</time>
      </trkpt>
      <trkpt lat="38.81774" lon="121.14833">
        <ele>43.462547</ele>
        <time>2014-09-27T09:32:49.151000Z</time>
      </trkpt>
      <trkpt lat="38.81785" lon="121.14833">
        <ele>44.580334</ele>
        <time>2014-09-27T09:32:52.192000Z</time>
      </trkpt>
      <trkpt lat="38.817947" lon="121.14833">
        <ele>44.84284</ele>
        <time>2014-09-27T09:32:55.233000Z</time>
      </trkpt>
      <trkpt lat="38.818043" lon="121.148346">
        <ele>44.582607</ele>
        <time>2014-09-27T09:32:58.274000Z</time>
      </trkpt>
      <trkpt lat="38.818142" lon="121.148346">
        <ele>44.339092</ele>
        <time>2014-09-27T09:33:01.315000Z</time>
      </trkpt>
      <trkpt lat="38.81824" lon="121.148346">
        <ele>44.39927</ele>
        <time>2014-09-27T09:33:04.356000Z</time>
      </trkpt>
      <trkpt lat="38.81835" lon="121.14836">
        <ele>44.73701</ele>
        <time>2014-09-27T09:33:07.397000Z</time>
      </trkpt>
      <trkpt lat="38.818455" lon="121.14832">
        <ele>44.916092</ele>
        <time>2014-09-27T09:33:10.438000Z</time>
      </trkpt>
      <trkpt lat="38.81855" lon="121.14826">
        <ele>44.62444</ele>
        <time>2014-09-27T09:33:13.479000Z</time>
      </trkpt>
      <trkpt lat="38.818634" lon="121.14817">
        <ele>44.16449</ele>
        <time>2014-09-27T09:33:16.520000Z</time>
      </trkpt>
      <trkpt lat="38.818703" lon="121.148056">
        <ele>43.947834</ele>
        <time>2014-09-27T09:33:19.561000Z</time>
      </trkpt>
      <trkpt lat="38.818726" lon="121.14792">
        <ele>43.961906</ele>
        <time>2014-09-27T09:33:22.602000Z</time>
      </trkpt>
      <trkpt lat="38.81873" lon="121.147766">
        <ele>44.044144</ele>
        <time>2014-09-27T09:33:25.643000Z</time>
      </trkpt>
      <trkpt lat="38.818707" lon="121.147644">
        <ele>43.80288</ele>
        <time>2014-09-27T09:33:28.684000Z</time>
      </trkpt>
      <trkpt lat="38.81866" lon="121.14754">
        <ele>43.047222</ele>
        <time>2014-09-27T09:33:31.725000Z</time>
      </trkpt>
      <trkpt lat="38.81858" lon="121.14742">
        <ele>42.26961</ele>
        <time>2014-09-27T09:33:34.766000Z</time>
      </trkpt>
      <trkpt lat="38.818497" lon="121.14736">
        <ele>42.095436</ele>
        <time>2014-09-27T09:33:37.807000Z</time>
      </trkpt>
      <trkpt lat="38.8184" lon="121.14732">
        <ele>42.49224</ele>
        <time>2014-09-27T09:33:40.848000Z</time>
      </trkpt>
      <trkpt lat="38.818302" lon="121.147316">
        <ele>43.012676</ele>
        <time>2014-09-27T09:33:43.889000Z</time>
      </trkpt>
      <trkpt lat="38.818184" lon="121.14731">
        <ele>43.098446</ele>
        <time>2014-09-27T09:33:46.930000Z</time>
      </trkpt>
      <trkpt lat="38.81807" lon="121.14731">
        <ele>42.51635</ele>
        <time>2014-09-27T09:33:49.971000Z</time>
      </trkpt>
      <trkpt lat="38.81796" lon="121.14731">
        <ele>41.594223</ele>
        <time>2014-09-27T09:33:53.012000Z</time>
      </trkpt>
      <trkpt lat="38.817844" lon="121.1473">
        <ele>40.94419</ele>
        <time>2014-09-27T09:33:56.053000Z</time>
      </trkpt>
      <trkpt lat="38.81774" lon="121.1473">
        <ele>40.778122</ele>
        <time>2014-09-27T09:33:59.094000Z</time>
      </trkpt>
      <trkpt lat="38.817635" lon="121.1473">
        <ele>41.000805</ele>
        <time>2014-09-27T09:34:02.135000Z</time>
      </trkpt>
      <trkpt lat="38.817528" lon="121.14731">
        <ele>41.240063</ele>
        <time>2014-09-27T09:34:05.176000Z</time>
      </trkpt>
      <trkpt lat="38.817425" lon="121.14734">
        <ele>41.37091</ele>
        <time>2014-09-27T09:34:08.217000Z</time>
      </trkpt>
      <trkpt lat="38.817337" lon="121.147385">
        <ele>41.657047</ele>
        <time>2014-09-27T09:34:11.258000Z</time>
      </trkpt>
      <trkpt lat="38.817245" lon="121.14746">
        <ele>42.107693</ele>
        <time>2014-09-27T09:34:14.299000Z</time>
      </trkpt>
      <trkpt lat="38.81719" lon="121.14756">
        <ele>42.38696</ele>
        <time>2014-09-27T09:34:17.340000Z</time>
      </trkpt>
      <trkpt lat="38.817146" lon="121.147675">
        <ele>42.01617</ele>
        <time>2014-09-27T09:34:20.381000Z</time>
      </trkpt>
      <trkpt lat="38.817127" lon="121.147804">
        <ele>40.83194</ele>
        <time>2014-09-27T09:34:23.422000Z</time>
      </trkpt>
      <trkpt lat="38.817135" lon="121.14793">
        <ele>39.597202</ele>
        <time>2014-09-27T09:34:26.463000Z</time>
      </trkpt>
      <trkpt lat="38.817192" lon="121.14806">
        <ele>38.965454</ele>
        <time>2014-09-27T09:34:29.504000Z</time>
      </trkpt>
      <trkpt lat="38.817265" lon="121.14817">
        <ele>38.74881</ele>
        <time>2014-09-27T09:34:32.545000Z</time>
      </trkpt>
      <trkpt lat="38.817356" lon="121.148254">
        <ele>38.59288</ele>
        <time>2014-09-27T09:34:35.586000Z</time>
      </trkpt>
      <trkpt lat="38.817455" lon="121.1483">
        <ele>39.002155</ele>
        <time>2014-09-27T09:34:38.627000Z</time>
      </trkpt>
      <trkpt lat="38.81758" lon="121.14832">
        <ele>40.62994</ele>
        <time>2014-09-27T09:34:41.668000Z</time>
      </trkpt>
      <trkpt lat="38.817684" lon="121.14832">
        <ele>42.835464</ele>
        <time>2014-09-27T09:34:44.709000Z</time>
      </trkpt>
      <trkpt lat="38.817795" lon="121.14833">
        <ele>44.579926</ele>
        <time>2014-09-27T09:34:47.750000Z</time>
      </trkpt>
      <trkpt lat="38.817898" lon="121.14833">
        <ele>45.631886</ele>
        <time>2014-09-27T09:34:50.791000Z</time>
      </trkpt>
      <trkpt lat="38.818005" lon="121.14834">
        <ele>46.1044</ele>
        <time>2014-09-27T09:34:53.832000Z</time>
      </trkpt>
      <trkpt lat="38.81812" lon="121.14834">
        <ele>46.182453</ele>
        <time>2014-09-27T09:34:56.873000Z</time>
      </trkpt>
      <trkpt lat="38.81823" lon="121.14835">
        <ele>45.92896</ele>
        <time>2014-09-27T09:34:59.914000Z</time>
      </trkpt>
      <trkpt lat="38.818336" lon="121.14836">
        <ele>45.38716</ele>
        <time>2014-09-27T09:35:02.955000Z</time>
      </trkpt>
      <trkpt lat="38.818455" lon="121.14832">
        <ele>44.906963</ele>
        <time>2014-09-27T09:35:05.996000Z</time>
      </trkpt>
      <trkpt lat="38.818542" lon="121.14826">
        <ele>44.760548</ele>
        <time>2014-09-27T09:35:09.037000Z</time>
      </trkpt>
      <trkpt lat="38.818626" lon="121.14818">
        <ele>45.05052</ele>
        <time>2014-09-27T09:35:12.078000Z</time>
      </trkpt>
      <trkpt lat="38.8187" lon="121.14808">
        <ele>45.3771</ele>
        <time>2014-09-27T09:35:15.119000Z</time>
      </trkpt>
      <trkpt lat="38.818726" lon="121.14792">
        <ele>45.102745</ele>
        <time>2014-09-27T09:35:18.160000Z</time>
      </trkpt>
      <trkpt lat="38.818733" lon="121.14777">
        <ele>44.442802</ele>
        <time>2014-09-27T09:35:21.201000Z</time>
      </trkpt>
      <trkpt lat="38.8187" lon="121.14764">
        <ele>43.75638</ele>
        <time>2014-09-27T09:35:24.242000Z</time>
      </trkpt>
      <trkpt lat="38.818657" lon="121.14752">
        <ele>42.84751</ele>
        <time>2014-09-27T09:35:27.283000Z</time>
      </trkpt>
      <trkpt lat="38.81858" lon="121.14743">
        <ele>41.93642</ele>
        <time>2014-09-27T09:35:30.324000Z</time>
      </trkpt>
      <trkpt lat="38.818497" lon="121.14736">
        <ele>41.499054</ele>
        <time>2014-09-27T09:35:33.365000Z</time>
      </trkpt>
      <trkpt lat="38.81838" lon="121.14733">
        <ele>41.563885</ele>
        <time>2014-09-27T09:35:36.406000Z</time>
      </trkpt>
      <trkpt lat="38.81828" lon="121.14733">
        <ele>41.779842</ele>
        <time>2014-09-27T09:35:39.447000Z</time>
      </trkpt>
      <trkpt lat="38.818176" lon="121.14734">
        <ele>41.86855</ele>
        <time>2014-09-27T09:35:42.488000Z</time>
      </trkpt>
      <trkpt lat="38.818077" lon="121.14733">
        <ele>42.223606</ele>
        <time>2014-09-27T09:35:45.529000Z</time>
      </trkpt>
      <trkpt lat="38.81796" lon="121.14732">
        <ele>43.168724</ele>
        <time>2014-09-27T09:35:48.570000Z</time>
      </trkpt>
      <trkpt lat="38.81787" lon="121.14735">
        <ele>44.006596</ele>
        <time>2014-09-27T09:35:51.611000Z</time>
      </trkpt>
      <trkpt lat="38.81774" lon="121.14734">
        <ele>44.086983</ele>
        <time>2014-09-27T09:35:54.652000Z</time>
      </trkpt>
      <trkpt lat="38.817623" lon="121.14733">
        <ele>44.060337</ele>
        <time>2014-09-27T09:35:57.693000Z</time>
      </trkpt>
      <trkpt lat="38.817528" lon="121.14732">
        <ele>44.578705</ele>
        <time>2014-09-27T09:36:00.734000Z</time>
      </trkpt>
      <trkpt lat="38.817432" lon="121.14734">
        <ele>45.046806</ele>
        <time>2014-09-27T09:36:03.775000Z</time>
      </trkpt>
      <trkpt lat="38.81732" lon="121.14739">
        <ele>44.567917</ele>
        <time>2014-09-27T09:36:06.816000Z</time>
      </trkpt>
      <trkpt lat="38.81723" lon="121.147484">
        <ele>43.2158</ele>
        <time>2014-09-27T09:36:09.857000Z</time>
      </trkpt>
      <trkpt lat="38.81718" lon="121.14759">
        <ele>41.681637</ele>
        <time>2014-09-27T09:36:12.898000Z</time>
      </trkpt>
      <trkpt lat="38.817158" lon="121.1477">
        <ele>40.662865</ele>
        <time>2014-09-27T09:36:15.939000Z</time>
      </trkpt>
      <trkpt lat="38.817146" lon="121.147835">
        <ele>40.19167</ele>
        <time>2014-09-27T09:36:18.980000Z</time>
      </trkpt>
      <trkpt lat="38.817165" lon="121.14799">
        <ele>40.041847</ele>
        <time>2014-09-27T09:36:22.021000Z</time>
      </trkpt>
      <trkpt lat="38.81721" lon="121.1481">
        <ele>40.033833</ele>
        <time>2014-09-27T09:36:25.062000Z</time>
      </trkpt>
      <trkpt lat="38.817272" lon="121.14819">
        <ele>40.0939</ele>
        <time>2014-09-27T09:36:28.103000Z</time>
      </trkpt>
      <trkpt lat="38.817356" lon="121.14827">
        <ele>40.32415</ele>
        <time>2014-09-27T09:36:31.144000Z</time>
      </trkpt>
      <trkpt lat="38.817444" lon="121.14831">
        <ele>40.836433</ele>
        <time>2014-09-27T09:36:34.185000Z</time>
      </trkpt>
      <trkpt lat="38.817554" lon="121.14832">
        <ele>41.493267</ele>
        <time>2014-09-27T09:36:37.226000Z</time>
      </trkpt>
      <trkpt lat="38.817654" lon="121.14833">
        <ele>42.352257</ele>
        <time>2014-09-27T09:36:40.267000Z</time>
      </trkpt>
      <trkpt lat="38.817764" lon="121.14833">
        <ele>43.79263</ele>
        <time>2014-09-27T09:36:43.308000Z</time>
      </trkpt>
      <trkpt lat="38.81787" lon="121.14834">
        <ele>45.784172</ele>
        <time>2014-09-27T09:36:46.349000Z</time>
      </trkpt>
      <trkpt lat="38.817978" lon="121.148346">
        <ele>47.193447</ele>
        <time>2014-09-27T09:36:49.390000Z</time>
      </trkpt>
      <trkpt lat="38.8181" lon="121.148346">
        <ele>46.887905</ele>
        <time>2014-09-27T09:36:52.431000Z</time>
      </trkpt>
      <trkpt lat="38.818188" lon="121.148346">
        <ele>45.250587</ele>
        <time>2014-09-27T09:36:55.472000Z</time>
      </trkpt>
      <trkpt lat="38.81831" lon="121.148346">
        <ele>43.82891</ele>
        <time>2014-09-27T09:36:58.513000Z</time>
      </trkpt>
      <trkpt lat="38.81841" lon="121.14834">
        <ele>43.585358</ele>
        <time>2014-09-27T09:37:01.554000Z</time>
      </trkpt>
      <trkpt lat="38.818497" lon="121.1483">
        <ele>44.108498</ele>
        <time>2014-09-27T09:37:04.595000Z</time>
      </trkpt>
      <trkpt lat="38.818577" lon="121.148224">
        <ele>44.65558</ele>
        <time>2014-09-27T09:37:07.636000Z</time>
      </trkpt>
      <trkpt lat="38.81867" lon="121.148125">
        <ele>44.942333</ele>
        <time>2014-09-27T09:37:10.677000Z</time>
      </trkpt>
      <trkpt lat="38.81873" lon="121.148026">
        <ele>45.441605</ele>
        <time>2014-09-27T09:37:13.718000Z</time>
      </trkpt>
      <trkpt lat="38.81873" lon="121.14791">
        <ele>46.484196</ele>
        <time>2014-09-27T09:37:16.759000Z</time>
      </trkpt>
      <trkpt lat="38.81873" lon="121.14791">
        <ele>47.30937</ele>
        <time>2014-09-27T09:37:19.800000Z</time>
      </trkpt>
      <trkpt lat="38.818386" lon="121.14729">
        <ele>37.379536</ele>
        <time>2014-09-27T09:37:22.841000Z</time>
      </trkpt>
      <trkpt lat="38.818386" lon="121.14729">
        <ele>37.745422</ele>
        <time>2014-09-27T09:37:25.882000Z</time>
      </trkpt>
      <trkpt lat="38.818386" lon="121.14729">
        <ele>37.776207</ele>
        <time>2014-09-27T09:37:28.923000Z</time>
      </trkpt>
      <trkpt lat="38.818302" lon="121.14729">
        <ele>37.550648</ele>
        <time>2014-09-27T09:37:31.964000Z</time>
      </trkpt>
      <trkpt lat="38.818176" lon="121.14729">
        <ele>38.746307</ele>
        <time>2014-09-27T09:37:35.005000Z</time>
      </trkpt>
      <trkpt lat="38.818176" lon="121.14729">
        <ele>42.25521</ele>
        <time>2014-09-27T09:37:38.046000Z</time>
      </trkpt>
      <trkpt lat="38.81808" lon="121.14729">
        <ele>45.523968</ele>
        <time>2014-09-27T09:37:41.087000Z</time>
      </trkpt>
      <trkpt lat="38.81796" lon="121.14729">
        <ele>45.707127</ele>
        <time>2014-09-27T09:37:44.128000Z</time>
      </trkpt>
      <trkpt lat="38.817863" lon="121.14728">
        <ele>43.531925</ele>
        <time>2014-09-27T09:37:47.169000Z</time>
      </trkpt>
      <trkpt lat="38.817753" lon="121.14728">
        <ele>41.31595</ele>
        <time>2014-09-27T09:37:50.210000Z</time>
      </trkpt>
      <trkpt lat="38.81766" lon="121.14727">
        <ele>40.565937</ele>
        <time>2014-09-27T09:37:53.251000Z</time>
      </trkpt>
      <trkpt lat="38.81755" lon="121.14727">
        <ele>41.571465</ele>
        <time>2014-09-27T09:37:56.292000Z</time>
      </trkpt>
      <trkpt lat="38.81746" lon="121.14728">
        <ele>43.557953</ele>
        <time>2014-09-27T09:37:59.333000Z</time>
      </trkpt>
      <trkpt lat="38.817333" lon="121.14735">
        <ele>44.844425</ele>
        <time>2014-09-27T09:38:02.374000Z</time>
      </trkpt>
      <trkpt lat="38.817226" lon="121.14747">
        <ele>44.578674</ele>
        <time>2014-09-27T09:38:05.415000Z</time>
      </trkpt>
      <trkpt lat="38.817177" lon="121.14759">
        <ele>43.42037</ele>
        <time>2014-09-27T09:38:08.456000Z</time>
      </trkpt>
      <trkpt lat="38.81714" lon="121.147736">
        <ele>42.329903</ele>
        <time>2014-09-27T09:38:11.497000Z</time>
      </trkpt>
      <trkpt lat="38.81714" lon="121.14787">
        <ele>41.757675</ele>
        <time>2014-09-27T09:38:14.538000Z</time>
      </trkpt>
      <trkpt lat="38.817173" lon="121.14799">
        <ele>41.726</ele>
        <time>2014-09-27T09:38:17.579000Z</time>
      </trkpt>
      <trkpt lat="38.81723" lon="121.1481">
        <ele>41.924854</ele>
        <time>2014-09-27T09:38:20.620000Z</time>
      </trkpt>
      <trkpt lat="38.817307" lon="121.1482">
        <ele>41.696938</ele>
        <time>2014-09-27T09:38:23.661000Z</time>
      </trkpt>
      <trkpt lat="38.817398" lon="121.14827">
        <ele>40.775463</ele>
        <time>2014-09-27T09:38:26.702000Z</time>
      </trkpt>
      <trkpt lat="38.81751" lon="121.14831">
        <ele>39.804424</ele>
        <time>2014-09-27T09:38:29.743000Z</time>
      </trkpt>
      <trkpt lat="38.817616" lon="121.148315">
        <ele>39.35576</ele>
        <time>2014-09-27T09:38:32.784000Z</time>
      </trkpt>
      <trkpt lat="38.817715" lon="121.14834">
        <ele>39.18273</ele>
        <time>2014-09-27T09:38:35.825000Z</time>
      </trkpt>
      <trkpt lat="38.817825" lon="121.148346">
        <ele>38.953415</ele>
        <time>2014-09-27T09:38:38.866000Z</time>
      </trkpt>
      <trkpt lat="38.817944" lon="121.14835">
        <ele>38.816895</ele>
        <time>2014-09-27T09:38:41.907000Z</time>
      </trkpt>
      <trkpt lat="38.81805" lon="121.148346">
        <ele>39.16586</ele>
        <time>2014-09-27T09:38:44.948000Z</time>
      </trkpt>
      <trkpt lat="38.81815" lon="121.14835">
        <ele>40.05538</ele>
        <time>2014-09-27T09:38:47.989000Z</time>
      </trkpt>
      <trkpt lat="38.818253" lon="121.14837">
        <ele>41.674656</ele>
        <time>2014-09-27T09:38:51.030000Z</time>
      </trkpt>
      <trkpt lat="38.81837" lon="121.14837">
        <ele>43.906868</ele>
        <time>2014-09-27T09:38:54.071000Z</time>
      </trkpt>
      <trkpt lat="38.81847" lon="121.14832">
        <ele>45.45595</ele>
        <time>2014-09-27T09:38:57.112000Z</time>
      </trkpt>
      <trkpt lat="38.81858" lon="121.14824">
        <ele>45.00151</ele>
        <time>2014-09-27T09:39:00.153000Z</time>
      </trkpt>
      <trkpt lat="38.818653" lon="121.148155">
        <ele>43.072876</ele>
        <time>2014-09-27T09:39:03.194000Z</time>
      </trkpt>
      <trkpt lat="38.81871" lon="121.14803">
        <ele>41.342583</ele>
        <time>2014-09-27T09:39:06.235000Z</time>
      </trkpt>
      <trkpt lat="38.818733" lon="121.147896">
        <ele>40.878872</ele>
        <time>2014-09-27T09:39:09.276000Z</time>
      </trkpt>
      <trkpt lat="38.818737" lon="121.147766">
        <ele>41.41358</ele>
        <time>2014-09-27T09:39:12.317000Z</time>
      </trkpt>
      <trkpt lat="38.818703" lon="121.14763">
        <ele>42.385292</ele>
        <time>2014-09-27T09:39:15.358000Z</time>
      </trkpt>
      <trkpt lat="38.818653" lon="121.147514">
        <ele>43.17772</ele>
        <time>2014-09-27T09:39:18.399000Z</time>
      </trkpt>
      <trkpt lat="38.818546" lon="121.1474">
        <ele>43.466667</ele>
        <time>2014-09-27T09:39:21.440000Z</time>
      </trkpt>
      <trkpt lat="38.818455" lon="121.14734">
        <ele>42.98643</ele>
        <time>2014-09-27T09:39:24.481000Z</time>
      </trkpt>
      <trkpt lat="38.818356" lon="121.14731">
        <ele>42.24949</ele>
        <time>2014-09-27T09:39:27.522000Z</time>
      </trkpt>
      <trkpt lat="38.818253" lon="121.14729">
        <ele>41.969486</ele>
        <time>2014-09-27T09:39:30.563000Z</time>
      </trkpt>
      <trkpt lat="38.81814" lon="121.14728">
        <ele>41.944378</ele>
        <time>2014-09-27T09:39:33.604000Z</time>
      </trkpt>
      <trkpt lat="38.81804" lon="121.14728">
        <ele>41.754307</ele>
        <time>2014-09-27T09:39:36.645000Z</time>
      </trkpt>
      <trkpt lat="38.817936" lon="121.147285">
        <ele>41.67641</ele>
        <time>2014-09-27T09:39:39.686000Z</time>
      </trkpt>
      <trkpt lat="38.817844" lon="121.14728">
        <ele>41.81566</ele>
        <time>2014-09-27T09:39:42.727000Z</time>
      </trkpt>
      <trkpt lat="38.81773" lon="121.147285">
        <ele>42.419315</ele>
        <time>2014-09-27T09:39:45.768000Z</time>
      </trkpt>
      <trkpt lat="38.817627" lon="121.14727">
        <ele>43.469536</ele>
        <time>2014-09-27T09:39:48.809000Z</time>
      </trkpt>
      <trkpt lat="38.817513" lon="121.14727">
        <ele>44.48713</ele>
        <time>2014-09-27T09:39:51.850000Z</time>
      </trkpt>
      <trkpt lat="38.81741" lon="121.1473">
        <ele>45.12745</ele>
        <time>2014-09-27T09:39:54.891000Z</time>
      </trkpt>
      <trkpt lat="38.817295" lon="121.14739">
        <ele>45.26363</ele>
        <time>2014-09-27T09:39:57.932000Z</time>
      </trkpt>
      <trkpt lat="38.8172" lon="121.14752">
        <ele>44.718678</ele>
        <time>2014-09-27T09:40:00.973000Z</time>
      </trkpt>
      <trkpt lat="38.81717" lon="121.14764">
        <ele>43.57499</ele>
        <time>2014-09-27T09:40:04.014000Z</time>
      </trkpt>
      <trkpt lat="38.817142" lon="121.1478">
        <ele>42.261642</ele>
        <time>2014-09-27T09:40:07.055000Z</time>
      </trkpt>
      <trkpt lat="38.817154" lon="121.14793">
        <ele>41.177547</ele>
        <time>2014-09-27T09:40:10.096000Z</time>
      </trkpt>
      <trkpt lat="38.8172" lon="121.148056">
        <ele>40.555485</ele>
        <time>2014-09-27T09:40:13.137000Z</time>
      </trkpt>
      <trkpt lat="38.817284" lon="121.14818">
        <ele>40.44848</ele>
        <time>2014-09-27T09:40:16.178000Z</time>
      </trkpt>
      <trkpt lat="38.817375" lon="121.14826">
        <ele>40.846226</ele>
        <time>2014-09-27T09:40:19.219000Z</time>
      </trkpt>
      <trkpt lat="38.817467" lon="121.14831">
        <ele>41.534073</ele>
        <time>2014-09-27T09:40:22.260000Z</time>
      </trkpt>
      <trkpt lat="38.817577" lon="121.14832">
        <ele>41.983643</ele>
        <time>2014-09-27T09:40:25.301000Z</time>
      </trkpt>
      <trkpt lat="38.817677" lon="121.14833">
        <ele>41.727432</ele>
        <time>2014-09-27T09:40:28.342000Z</time>
      </trkpt>
      <trkpt lat="38.81779" lon="121.14834">
        <ele>40.888603</ele>
        <time>2014-09-27T09:40:31.383000Z</time>
      </trkpt>
      <trkpt lat="38.81792" lon="121.14835">
        <ele>40.065178</ele>
        <time>2014-09-27T09:40:34.424000Z</time>
      </trkpt>
      <trkpt lat="38.81803" lon="121.14835">
        <ele>39.6531</ele>
        <time>2014-09-27T09:40:37.465000Z</time>
      </trkpt>
      <trkpt lat="38.81813" lon="121.14835">
        <ele>39.781776</ele>
        <time>2014-09-27T09:40:40.506000Z</time>
      </trkpt>
      <trkpt lat="38.818237" lon="121.14836">
        <ele>40.442066</ele>
        <time>2014-09-27T09:40:43.547000Z</time>
      </trkpt>
      <trkpt lat="38.818363" lon="121.14836">
        <ele>41.164093</ele>
        <time>2014-09-27T09:40:46.588000Z</time>
      </trkpt>
      <trkpt lat="38.81846" lon="121.14834">
        <ele>41.124897</ele>
        <time>2014-09-27T09:40:49.629000Z</time>
      </trkpt>
      <trkpt lat="38.818558" lon="121.14828">
        <ele>40.19185</ele>
        <time>2014-09-27T09:40:52.670000Z</time>
      </trkpt>
      <trkpt lat="38.818638" lon="121.148186">
        <ele>39.15172</ele>
        <time>2014-09-27T09:40:55.711000Z</time>
      </trkpt>
      <trkpt lat="38.818714" lon="121.14808">
        <ele>38.749844</ele>
        <time>2014-09-27T09:40:58.752000Z</time>
      </trkpt>
      <trkpt lat="38.818733" lon="121.14794">
        <ele>39.134033</ele>
        <time>2014-09-27T09:41:01.793000Z</time>
      </trkpt>
      <trkpt lat="38.818737" lon="121.1478">
        <ele>39.963463</ele>
        <time>2014-09-27T09:41:04.834000Z</time>
      </trkpt>
      <trkpt lat="38.81871" lon="121.14767">
        <ele>40.687347</ele>
        <time>2014-09-27T09:41:07.875000Z</time>
      </trkpt>
      <trkpt lat="38.81865" lon="121.14753">
        <ele>41.024075</ele>
        <time>2014-09-27T09:41:10.916000Z</time>
      </trkpt>
      <trkpt lat="38.818577" lon="121.14743">
        <ele>41.01355</ele>
        <time>2014-09-27T09:41:13.957000Z</time>
      </trkpt>
      <trkpt lat="38.81849" lon="121.14736">
        <ele>40.854103</ele>
        <time>2014-09-27T09:41:16.998000Z</time>
      </trkpt>
      <trkpt lat="38.81839" lon="121.14732">
        <ele>41.017353</ele>
        <time>2014-09-27T09:41:20.039000Z</time>
      </trkpt>
      <trkpt lat="38.81828" lon="121.14732">
        <ele>41.70453</ele>
        <time>2014-09-27T09:41:23.080000Z</time>
      </trkpt>
      <trkpt lat="38.81818" lon="121.14731">
        <ele>42.19338</ele>
        <time>2014-09-27T09:41:26.121000Z</time>
      </trkpt>
      <trkpt lat="38.81806" lon="121.1473">
        <ele>41.880695</ele>
        <time>2014-09-27T09:41:29.162000Z</time>
      </trkpt>
      <trkpt lat="38.817944" lon="121.14729">
        <ele>41.25143</ele>
        <time>2014-09-27T09:41:32.203000Z</time>
      </trkpt>
      <trkpt lat="38.817852" lon="121.1473">
        <ele>40.879684</ele>
        <time>2014-09-27T09:41:35.244000Z</time>
      </trkpt>
      <trkpt lat="38.817726" lon="121.147285">
        <ele>40.786102</ele>
        <time>2014-09-27T09:41:38.285000Z</time>
      </trkpt>
      <trkpt lat="38.817604" lon="121.14729">
        <ele>41.056355</ele>
        <time>2014-09-27T09:41:41.326000Z</time>
      </trkpt>
      <trkpt lat="38.81748" lon="121.1473">
        <ele>41.721058</ele>
        <time>2014-09-27T09:41:44.367000Z</time>
      </trkpt>
      <trkpt lat="38.817375" lon="121.14734">
        <ele>42.37649</ele>
        <time>2014-09-27T09:41:47.408000Z</time>
      </trkpt>
      <trkpt lat="38.81727" lon="121.147415">
        <ele>42.395638</ele>
        <time>2014-09-27T09:41:50.449000Z</time>
      </trkpt>
      <trkpt lat="38.817207" lon="121.147514">
        <ele>41.701668</ele>
        <time>2014-09-27T09:41:53.490000Z</time>
      </trkpt>
      <trkpt lat="38.817173" lon="121.14766">
        <ele>40.95178</ele>
        <time>2014-09-27T09:41:56.531000Z</time>
      </trkpt>
      <trkpt lat="38.817154" lon="121.147804">
        <ele>40.69274</ele>
        <time>2014-09-27T09:41:59.572000Z</time>
      </trkpt>
      <trkpt lat="38.81717" lon="121.14794">
        <ele>40.70342</ele>
        <time>2014-09-27T09:42:02.613000Z</time>
      </trkpt>
      <trkpt lat="38.81722" lon="121.14807">
        <ele>40.66294</ele>
        <time>2014-09-27T09:42:05.654000Z</time>
      </trkpt>
      <trkpt lat="38.817287" lon="121.148186">
        <ele>40.62682</ele>
        <time>2014-09-27T09:42:08.695000Z</time>
      </trkpt>
      <trkpt lat="38.81739" lon="121.14827">
        <ele>40.804115</ele>
        <time>2014-09-27T09:42:11.736000Z</time>
      </trkpt>
      <trkpt lat="38.817493" lon="121.1483">
        <ele>41.15098</ele>
        <time>2014-09-27T09:42:14.777000Z</time>
      </trkpt>
      <trkpt lat="38.817608" lon="121.14832">
        <ele>41.41306</ele>
        <time>2014-09-27T09:42:17.818000Z</time>
      </trkpt>
      <trkpt lat="38.817707" lon="121.14834">
        <ele>41.256004</ele>
        <time>2014-09-27T09:42:20.859000Z</time>
      </trkpt>
      <trkpt lat="38.81781" lon="121.14834">
        <ele>40.64798</ele>
        <time>2014-09-27T09:42:23.900000Z</time>
      </trkpt>
      <trkpt lat="38.81791" lon="121.148346">
        <ele>40.251408</ele>
        <time>2014-09-27T09:42:26.941000Z</time>
      </trkpt>
      <trkpt lat="38.818024" lon="121.14834">
        <ele>40.552742</ele>
        <time>2014-09-27T09:42:29.982000Z</time>
      </trkpt>
      <trkpt lat="38.81813" lon="121.148346">
        <ele>41.12948</ele>
        <time>2014-09-27T09:42:33.023000Z</time>
      </trkpt>
      <trkpt lat="38.818253" lon="121.14835">
        <ele>41.80078</ele>
        <time>2014-09-27T09:42:36.064000Z</time>
      </trkpt>
      <trkpt lat="38.818356" lon="121.14835">
        <ele>42.730587</ele>
        <time>2014-09-27T09:42:39.105000Z</time>
      </trkpt>
      <trkpt lat="38.818466" lon="121.148315">
        <ele>43.509937</ele>
        <time>2014-09-27T09:42:42.146000Z</time>
      </trkpt>
      <trkpt lat="38.81855" lon="121.14825">
        <ele>43.549015</ele>
        <time>2014-09-27T09:42:45.187000Z</time>
      </trkpt>
      <trkpt lat="38.81864" lon="121.14816">
        <ele>42.702587</ele>
        <time>2014-09-27T09:42:48.228000Z</time>
      </trkpt>
      <trkpt lat="38.818707" lon="121.14806">
        <ele>41.40596</ele>
        <time>2014-09-27T09:42:51.269000Z</time>
      </trkpt>
      <trkpt lat="38.818733" lon="121.14792">
        <ele>40.42735</ele>
        <time>2014-09-27T09:42:54.310000Z</time>
      </trkpt>
      <trkpt lat="38.81874" lon="121.14779">
        <ele>39.982483</ele>
        <time>2014-09-27T09:42:57.351000Z</time>
      </trkpt>
      <trkpt lat="38.818707" lon="121.14765">
        <ele>39.781498</ele>
        <time>2014-09-27T09:43:00.392000Z</time>
      </trkpt>
      <trkpt lat="38.818665" lon="121.14754">
        <ele>39.698723</ele>
        <time>2014-09-27T09:43:03.433000Z</time>
      </trkpt>
      <trkpt lat="38.818577" lon="121.14742">
        <ele>39.73085</ele>
        <time>2014-09-27T09:43:06.474000Z</time>
      </trkpt>
      <trkpt lat="38.818474" lon="121.14733">
        <ele>39.798626</ele>
        <time>2014-09-27T09:43:09.515000Z</time>
      </trkpt>
      <trkpt lat="38.818375" lon="121.14731">
        <ele>39.867893</ele>
        <time>2014-09-27T09:43:12.556000Z</time>
      </trkpt>
      <trkpt lat="38.818275" lon="121.14731">
        <ele>40.433147</ele>
        <time>2014-09-27T09:43:15.597000Z</time>
      </trkpt>
      <trkpt lat="38.81816" lon="121.1473">
        <ele>41.758156</ele>
        <time>2014-09-27T09:43:18.638000Z</time>
      </trkpt>
      <trkpt lat="38.81804" lon="121.1473">
        <ele>43.17573</ele>
        <time>2014-09-27T09:43:21.679000Z</time>
      </trkpt>
      <trkpt lat="38.817924" lon="121.1473">
        <ele>43.904995</ele>
        <time>2014-09-27T09:43:24.720000Z</time>
      </trkpt>
      <trkpt lat="38.817818" lon="121.14731">
        <ele>44.026203</ele>
        <time>2014-09-27T09:43:27.761000Z</time>
      </trkpt>
      <trkpt lat="38.817722" lon="121.1473">
        <ele>44.245693</ele>
        <time>2014-09-27T09:43:30.802000Z</time>
      </trkpt>
      <trkpt lat="38.81761" lon="121.147285">
        <ele>45.05843</ele>
        <time>2014-09-27T09:43:33.843000Z</time>
      </trkpt>
      <trkpt lat="38.81751" lon="121.14729">
        <ele>46.20823</ele>
        <time>2014-09-27T09:43:36.884000Z</time>
      </trkpt>
      <trkpt lat="38.817398" lon="121.14733">
        <ele>47.08977</ele>
        <time>2014-09-27T09:43:39.925000Z</time>
      </trkpt>
      <trkpt lat="38.8173" lon="121.147415">
        <ele>46.77754</ele>
        <time>2014-09-27T09:43:42.966000Z</time>
      </trkpt>
      <trkpt lat="38.81723" lon="121.147514">
        <ele>44.865276</ele>
        <time>2014-09-27T09:43:46.007000Z</time>
      </trkpt>
      <trkpt lat="38.817177" lon="121.14766">
        <ele>42.401</ele>
        <time>2014-09-27T09:43:49.048000Z</time>
      </trkpt>
      <trkpt lat="38.817158" lon="121.1478">
        <ele>40.756844</ele>
        <time>2014-09-27T09:43:52.089000Z</time>
      </trkpt>
      <trkpt lat="38.81717" lon="121.147934">
        <ele>40.30299</ele>
        <time>2014-09-27T09:43:55.130000Z</time>
      </trkpt>
      <trkpt lat="38.817204" lon="121.14805">
        <ele>40.61759</ele>
        <time>2014-09-27T09:43:58.171000Z</time>
      </trkpt>
      <trkpt lat="38.81727" lon="121.14817">
        <ele>41.01146</ele>
        <time>2014-09-27T09:44:01.212000Z</time>
      </trkpt>
      <trkpt lat="38.817352" lon="121.14825">
        <ele>41.017414</ele>
        <time>2014-09-27T09:44:04.253000Z</time>
      </trkpt>
      <trkpt lat="38.817467" lon="121.14831">
        <ele>40.781063</ele>
        <time>2014-09-27T09:44:07.294000Z</time>
      </trkpt>
      <trkpt lat="38.817574" lon="121.14832">
        <ele>40.76293</ele>
        <time>2014-09-27T09:44:10.335000Z</time>
      </trkpt>
      <trkpt lat="38.817673" lon="121.14834">
        <ele>41.077774</ele>
        <time>2014-09-27T09:44:13.376000Z</time>
      </trkpt>
      <trkpt lat="38.817783" lon="121.14836">
        <ele>41.40526</ele>
        <time>2014-09-27T09:44:16.417000Z</time>
      </trkpt>
      <trkpt lat="38.817898" lon="121.14837">
        <ele>41.4846</ele>
        <time>2014-09-27T09:44:19.458000Z</time>
      </trkpt>
      <trkpt lat="38.81801" lon="121.14838">
        <ele>41.149742</ele>
        <time>2014-09-27T09:44:22.499000Z</time>
      </trkpt>
      <trkpt lat="38.818123" lon="121.14838">
        <ele>40.451206</ele>
        <time>2014-09-27T09:44:25.540000Z</time>
      </trkpt>
      <trkpt lat="38.81822" lon="121.14838">
        <ele>40.114017</ele>
        <time>2014-09-27T09:44:28.581000Z</time>
      </trkpt>
      <trkpt lat="38.81834" lon="121.14837">
        <ele>40.87073</ele>
        <time>2014-09-27T09:44:31.622000Z</time>
      </trkpt>
      <trkpt lat="38.818447" lon="121.14833">
        <ele>42.455463</ele>
        <time>2014-09-27T09:44:34.663000Z</time>
      </trkpt>
      <trkpt lat="38.818546" lon="121.14826">
        <ele>43.811832</ele>
        <time>2014-09-27T09:44:37.704000Z</time>
      </trkpt>
      <trkpt lat="38.818638" lon="121.14817">
        <ele>44.084267</ele>
        <time>2014-09-27T09:44:40.745000Z</time>
      </trkpt>
      <trkpt lat="38.818718" lon="121.14805">
        <ele>43.4395</ele>
        <time>2014-09-27T09:44:43.786000Z</time>
      </trkpt>
      <trkpt lat="38.818737" lon="121.14792">
        <ele>42.706352</ele>
        <time>2014-09-27T09:44:46.827000Z</time>
      </trkpt>
      <trkpt lat="38.818733" lon="121.14779">
        <ele>41.906788</ele>
        <time>2014-09-27T09:44:49.868000Z</time>
      </trkpt>
      <trkpt lat="38.818707" lon="121.14766">
        <ele>40.71417</ele>
        <time>2014-09-27T09:44:52.909000Z</time>
      </trkpt>
      <trkpt lat="38.818638" lon="121.14753">
        <ele>39.880825</ele>
        <time>2014-09-27T09:44:55.950000Z</time>
      </trkpt>
      <trkpt lat="38.81856" lon="121.14744">
        <ele>40.08978</ele>
        <time>2014-09-27T09:44:58.991000Z</time>
      </trkpt>
      <trkpt lat="38.818466" lon="121.147354">
        <ele>40.564503</ele>
        <time>2014-09-27T09:45:02.032000Z</time>
      </trkpt>
      <trkpt lat="38.818382" lon="121.147316">
        <ele>40.514645</ele>
        <time>2014-09-27T09:45:05.073000Z</time>
      </trkpt>
      <trkpt lat="38.818264" lon="121.147316">
        <ele>40.257446</ele>
        <time>2014-09-27T09:45:08.114000Z</time>
      </trkpt>
      <trkpt lat="38.818153" lon="121.1473">
        <ele>40.46277</ele>
        <time>2014-09-27T09:45:11.155000Z</time>
      </trkpt>
      <trkpt lat="38.81803" lon="121.1473">
        <ele>41.096813</ele>
        <time>2014-09-27T09:45:14.196000Z</time>
      </trkpt>
      <trkpt lat="38.81793" lon="121.1473">
        <ele>41.606064</ele>
        <time>2014-09-27T09:45:17.237000Z</time>
      </trkpt>
      <trkpt lat="38.81783" lon="121.14729">
        <ele>41.752914</ele>
        <time>2014-09-27T09:45:20.278000Z</time>
      </trkpt>
      <trkpt lat="38.8177" lon="121.147285">
        <ele>41.821255</ele>
        <time>2014-09-27T09:45:23.319000Z</time>
      </trkpt>
      <trkpt lat="38.81758" lon="121.147285">
        <ele>42.126347</ele>
        <time>2014-09-27T09:45:26.360000Z</time>
      </trkpt>
      <trkpt lat="38.817474" lon="121.14729">
        <ele>42.63329</ele>
        <time>2014-09-27T09:45:29.401000Z</time>
      </trkpt>
      <trkpt lat="38.817356" lon="121.14734">
        <ele>43.03228</ele>
        <time>2014-09-27T09:45:32.442000Z</time>
      </trkpt>
      <trkpt lat="38.817265" lon="121.14744">
        <ele>42.7457</ele>
        <time>2014-09-27T09:45:35.483000Z</time>
      </trkpt>
      <trkpt lat="38.81719" lon="121.14757">
        <ele>41.520325</ele>
        <time>2014-09-27T09:45:38.524000Z</time>
      </trkpt>
      <trkpt lat="38.817146" lon="121.147705">
        <ele>39.95007</ele>
        <time>2014-09-27T09:45:41.565000Z</time>
      </trkpt>
      <trkpt lat="38.817142" lon="121.14786">
        <ele>38.771694</ele>
        <time>2014-09-27T09:45:44.606000Z</time>
      </trkpt>
      <trkpt lat="38.817165" lon="121.14798">
        <ele>38.187428</ele>
        <time>2014-09-27T09:45:47.647000Z</time>
      </trkpt>
      <trkpt lat="38.81722" lon="121.148094">
        <ele>37.46816</ele>
        <time>2014-09-27T09:45:50.688000Z</time>
      </trkpt>
      <trkpt lat="38.817303" lon="121.1482">
        <ele>35.953197</ele>
        <time>2014-09-27T09:45:53.729000Z</time>
      </trkpt>
      <trkpt lat="38.81741" lon="121.14827">
        <ele>34.417778</ele>
        <time>2014-09-27T09:45:56.770000Z</time>
      </trkpt>
      <trkpt lat="38.817528" lon="121.148315">
        <ele>34.497158</ele>
        <time>2014-09-27T09:45:59.811000Z</time>
      </trkpt>
      <trkpt lat="38.81762" lon="121.14833">
        <ele>36.558872</ele>
        <time>2014-09-27T09:46:02.852000Z</time>
      </trkpt>
      <trkpt lat="38.81773" lon="121.14834">
        <ele>39.07226</ele>
        <time>2014-09-27T09:46:05.893000Z</time>
      </trkpt>
      <trkpt lat="38.81785" lon="121.14834">
        <ele>40.29764</ele>
        <time>2014-09-27T09:46:08.934000Z</time>
      </trkpt>
      <trkpt lat="38.817974" lon="121.14834">
        <ele>39.88723</ele>
        <time>2014-09-27T09:46:11.975000Z</time>
      </trkpt>
      <trkpt lat="38.818077" lon="121.14836">
        <ele>38.81498</ele>
        <time>2014-09-27T09:46:15.016000Z</time>
      </trkpt>
      <trkpt lat="38.818188" lon="121.14838">
        <ele>38.390965</ele>
        <time>2014-09-27T09:46:18.057000Z</time>
      </trkpt>
      <trkpt lat="38.818302" lon="121.14838">
        <ele>38.71706</ele>
        <time>2014-09-27T09:46:21.098000Z</time>
      </trkpt>
      <trkpt lat="38.818394" lon="121.14836">
        <ele>39.124588</ele>
        <time>2014-09-27T09:46:24.139000Z</time>
      </trkpt>
      <trkpt lat="38.81851" lon="121.14831">
        <ele>39.717304</ele>
        <time>2014-09-27T09:46:27.180000Z</time>
      </trkpt>
      <trkpt lat="38.818607" lon="121.148224">
        <ele>40.819183</ele>
        <time>2014-09-27T09:46:30.221000Z</time>
      </trkpt>
      <trkpt lat="38.818687" lon="121.148125">
        <ele>42.114056</ele>
        <time>2014-09-27T09:46:33.262000Z</time>
      </trkpt>
      <trkpt lat="38.81872" lon="121.147995">
        <ele>43.078266</ele>
        <time>2014-09-27T09:46:36.303000Z</time>
      </trkpt>
      <trkpt lat="38.818745" lon="121.147865">
        <ele>43.561035</ele>
        <time>2014-09-27T09:46:39.344000Z</time>
      </trkpt>
      <trkpt lat="38.818737" lon="121.147736">
        <ele>43.65774</ele>
        <time>2014-09-27T09:46:42.385000Z</time>
      </trkpt>
      <trkpt lat="38.818687" lon="121.1476">
        <ele>43.63604</ele>
        <time>2014-09-27T09:46:45.426000Z</time>
      </trkpt>
      <trkpt lat="38.818607" lon="121.14746">
        <ele>43.825233</ele>
        <time>2014-09-27T09:46:48.467000Z</time>
      </trkpt>
      <trkpt lat="38.818523" lon="121.14737">
        <ele>44.470272</ele>
        <time>2014-09-27T09:46:51.508000Z</time>
      </trkpt>
      <trkpt lat="38.81842" lon="121.147316">
        <ele>45.356194</ele>
        <time>2014-09-27T09:46:54.549000Z</time>
      </trkpt>
      <trkpt lat="38.81831" lon="121.14731">
        <ele>46.143623</ele>
        <time>2014-09-27T09:46:57.590000Z</time>
      </trkpt>
      <trkpt lat="38.818207" lon="121.14729">
        <ele>46.755688</ele>
        <time>2014-09-27T09:47:00.631000Z</time>
      </trkpt>
      <trkpt lat="38.818092" lon="121.14729">
        <ele>46.856434</ele>
        <time>2014-09-27T09:47:03.672000Z</time>
      </trkpt>
      <trkpt lat="38.817966" lon="121.14729">
        <ele>46.020668</ele>
        <time>2014-09-27T09:47:06.713000Z</time>
      </trkpt>
      <trkpt lat="38.81787" lon="121.14729">
        <ele>44.673534</ele>
        <time>2014-09-27T09:47:09.754000Z</time>
      </trkpt>
      <trkpt lat="38.817738" lon="121.14728">
        <ele>44.08379</ele>
        <time>2014-09-27T09:47:12.795000Z</time>
      </trkpt>
      <trkpt lat="38.817646" lon="121.14727">
        <ele>44.779247</ele>
        <time>2014-09-27T09:47:15.835000Z</time>
      </trkpt>
      <trkpt lat="38.817547" lon="121.14726">
        <ele>45.926765</ele>
        <time>2014-09-27T09:47:18.875000Z</time>
      </trkpt>
      <trkpt lat="38.81742" lon="121.14731">
        <ele>46.51999</ele>
        <time>2014-09-27T09:47:21.915000Z</time>
      </trkpt>
      <trkpt lat="38.817284" lon="121.14741">
        <ele>46.37498</ele>
        <time>2014-09-27T09:47:24.955000Z</time>
      </trkpt>
      <trkpt lat="38.81721" lon="121.147514">
        <ele>45.825478</ele>
        <time>2014-09-27T09:47:27.995000Z</time>
      </trkpt>
      <trkpt lat="38.81717" lon="121.14764">
        <ele>45.23108</ele>
        <time>2014-09-27T09:47:31.035000Z</time>
      </trkpt>
      <trkpt lat="38.81715" lon="121.14776">
        <ele>44.221542</ele>
        <time>2014-09-27T09:47:34.075000Z</time>
      </trkpt>
      <trkpt lat="38.817158" lon="121.14792">
        <ele>42.582146</ele>
        <time>2014-09-27T09:47:37.115000Z</time>
      </trkpt>
      <trkpt lat="38.817196" lon="121.14804">
        <ele>41.380695</ele>
        <time>2014-09-27T09:47:40.155000Z</time>
      </trkpt>
      <trkpt lat="38.817272" lon="121.14816">
        <ele>41.60314</ele>
        <time>2014-09-27T09:47:43.195000Z</time>
      </trkpt>
      <trkpt lat="38.817356" lon="121.14824">
        <ele>42.645386</ele>
        <time>2014-09-27T09:47:46.235000Z</time>
      </trkpt>
      <trkpt lat="38.817463" lon="121.14829">
        <ele>42.962044</ele>
        <time>2014-09-27T09:47:49.275000Z</time>
      </trkpt>
      <trkpt lat="38.817574" lon="121.148315">
        <ele>41.905487</ele>
        <time>2014-09-27T09:47:52.315000Z</time>
      </trkpt>
      <trkpt lat="38.817684" lon="121.14834">
        <ele>40.933342</ele>
        <time>2014-09-27T09:47:55.355000Z</time>
      </trkpt>
      <trkpt lat="38.817776" lon="121.14835">
        <ele>41.4213</ele>
        <time>2014-09-27T09:47:58.395000Z</time>
      </trkpt>
      <trkpt lat="38.817894" lon="121.14836">
        <ele>42.82453</ele>
        <time>2014-09-27T09:48:01.435000Z</time>
      </trkpt>
      <trkpt lat="38.817993" lon="121.14836">
        <ele>44.09004</ele>
        <time>2014-09-27T09:48:04.475000Z</time>
      </trkpt>
      <trkpt lat="38.818092" lon="121.14836">
        <ele>44.75759</ele>
        <time>2014-09-27T09:48:07.515000Z</time>
      </trkpt>
      <trkpt lat="38.8182" lon="121.14837">
        <ele>44.830334</ele>
        <time>2014-09-27T09:48:10.555000Z</time>
      </trkpt>
      <trkpt lat="38.81831" lon="121.14837">
        <ele>44.6078</ele>
        <time>2014-09-27T09:48:13.595000Z</time>
      </trkpt>
      <trkpt lat="38.818413" lon="121.14835">
        <ele>44.372757</ele>
        <time>2014-09-27T09:48:16.635000Z</time>
      </trkpt>
      <trkpt lat="38.81852" lon="121.1483">
        <ele>44.167927</ele>
        <time>2014-09-27T09:48:19.675000Z</time>
      </trkpt>
      <trkpt lat="38.818615" lon="121.148224">
        <ele>43.672535</ele>
        <time>2014-09-27T09:48:22.715000Z</time>
      </trkpt>
      <trkpt lat="38.818707" lon="121.14811">
        <ele>42.8244</ele>
        <time>2014-09-27T09:48:25.755000Z</time>
      </trkpt>
      <trkpt lat="38.818737" lon="121.14798">
        <ele>42.088936</ele>
        <time>2014-09-27T09:48:28.795000Z</time>
      </trkpt>
      <trkpt lat="38.818745" lon="121.14784">
        <ele>41.504307</ele>
        <time>2014-09-27T09:48:31.835000Z</time>
      </trkpt>
      <trkpt lat="38.81872" lon="121.14771">
        <ele>40.768047</ele>
        <time>2014-09-27T09:48:34.875000Z</time>
      </trkpt>
      <trkpt lat="38.818676" lon="121.147606">
        <ele>40.618343</ele>
        <time>2014-09-27T09:48:37.915000Z</time>
      </trkpt>
      <trkpt lat="38.81862" lon="121.147484">
        <ele>41.69261</ele>
        <time>2014-09-27T09:48:40.955000Z</time>
      </trkpt>
      <trkpt lat="38.818546" lon="121.14741">
        <ele>43.111366</ele>
        <time>2014-09-27T09:48:43.995000Z</time>
      </trkpt>
      <trkpt lat="38.81845" lon="121.14734">
        <ele>43.788563</ele>
        <time>2014-09-27T09:48:47.035000Z</time>
      </trkpt>
      <trkpt lat="38.818348" lon="121.147316">
        <ele>43.63489</ele>
        <time>2014-09-27T09:48:50.075000Z</time>
      </trkpt>
      <trkpt lat="38.81823" lon="121.147316">
        <ele>43.126217</ele>
        <time>2014-09-27T09:48:53.115000Z</time>
      </trkpt>
      <trkpt lat="38.818104" lon="121.14731">
        <ele>42.545887</ele>
        <time>2014-09-27T09:48:56.155000Z</time>
      </trkpt>
      <trkpt lat="38.818012" lon="121.14731">
        <ele>41.667126</ele>
        <time>2014-09-27T09:48:59.195000Z</time>
      </trkpt>
      <trkpt lat="38.817913" lon="121.14731">
        <ele>40.559082</ele>
        <time>2014-09-27T09:49:02.235000Z</time>
      </trkpt>
      <trkpt lat="38.8178" lon="121.147285">
        <ele>40.206173</ele>
        <time>2014-09-27T09:49:05.275000Z</time>
      </trkpt>
      <trkpt lat="38.817703" lon="121.147285">
        <ele>41.550613</ele>
        <time>2014-09-27T09:49:08.315000Z</time>
      </trkpt>
      <trkpt lat="38.81758" lon="121.14729">
        <ele>44.002365</ele>
        <time>2014-09-27T09:49:11.355000Z</time>
      </trkpt>
      <trkpt lat="38.817455" lon="121.14731">
        <ele>46.138126</ele>
        <time>2014-09-27T09:49:14.395000Z</time>
      </trkpt>
      <trkpt lat="38.817345" lon="121.14736">
        <ele>47.340343</ele>
        <time>2014-09-27T09:49:17.435000Z</time>
      </trkpt>
      <trkpt lat="38.817238" lon="121.14748">
        <ele>46.921684</ele>
        <time>2014-09-27T09:49:20.475000Z</time>
      </trkpt>
      <trkpt lat="38.817173" lon="121.1476">
        <ele>44.64551</ele>
        <time>2014-09-27T09:49:23.515000Z</time>
      </trkpt>
      <trkpt lat="38.817146" lon="121.14773">
        <ele>42.16356</ele>
        <time>2014-09-27T09:49:26.555000Z</time>
      </trkpt>
      <trkpt lat="38.81714" lon="121.147865">
        <ele>41.059418</ele>
        <time>2014-09-27T09:49:29.595000Z</time>
      </trkpt>
      <trkpt lat="38.81716" lon="121.148">
        <ele>41.200493</ele>
        <time>2014-09-27T09:49:32.635000Z</time>
      </trkpt>
      <trkpt lat="38.81722" lon="121.14812">
        <ele>41.966133</ele>
        <time>2014-09-27T09:49:35.675000Z</time>
      </trkpt>
      <trkpt lat="38.81729" lon="121.14822">
        <ele>42.862904</ele>
        <time>2014-09-27T09:49:38.715000Z</time>
      </trkpt>
      <trkpt lat="38.817383" lon="121.14829">
        <ele>43.48639</ele>
        <time>2014-09-27T09:49:41.755000Z</time>
      </trkpt>
      <trkpt lat="38.817486" lon="121.14833">
        <ele>43.67459</ele>
        <time>2014-09-27T09:49:44.795000Z</time>
      </trkpt>
      <trkpt lat="38.81758" lon="121.148346">
        <ele>43.623512</ele>
        <time>2014-09-27T09:49:47.835000Z</time>
      </trkpt>
      <trkpt lat="38.817673" lon="121.14835">
        <ele>43.824738</ele>
        <time>2014-09-27T09:49:50.875000Z</time>
      </trkpt>
      <trkpt lat="38.81778" lon="121.14835">
        <ele>44.4983</ele>
        <time>2014-09-27T09:49:53.915000Z</time>
      </trkpt>
      <trkpt lat="38.817898" lon="121.148346">
        <ele>45.226692</ele>
        <time>2014-09-27T09:49:56.955000Z</time>
      </trkpt>
      <trkpt lat="38.818016" lon="121.14834">
        <ele>45.611713</ele>
        <time>2014-09-27T09:49:59.995000Z</time>
      </trkpt>
      <trkpt lat="38.81811" lon="121.14834">
        <ele>45.7405</ele>
        <time>2014-09-27T09:50:03.035000Z</time>
      </trkpt>
      <trkpt lat="38.818222" lon="121.148346">
        <ele>45.962875</ele>
        <time>2014-09-27T09:50:06.075000Z</time>
      </trkpt>
      <trkpt lat="38.81833" lon="121.14835">
        <ele>46.71018</ele>
        <time>2014-09-27T09:50:09.115000Z</time>
      </trkpt>
      <trkpt lat="38.818424" lon="121.14834">
        <ele>47.840755</ele>
        <time>2014-09-27T09:50:12.155000Z</time>
      </trkpt>
      <trkpt lat="38.818523" lon="121.14829">
        <ele>48.369644</ele>
        <time>2014-09-27T09:50:15.195000Z</time>
      </trkpt>
      <trkpt lat="38.818615" lon="121.14821">
        <ele>47.405518</ele>
        <time>2014-09-27T09:50:18.235000Z</time>
      </trkpt>
      <trkpt lat="38.818687" lon="121.14812">
        <ele>44.73806</ele>
        <time>2014-09-27T09:50:21.275000Z</time>
      </trkpt>
      <trkpt lat="38.818718" lon="121.147995">
        <ele>41.324337</ele>
        <time>2014-09-27T09:50:24.315000Z</time>
      </trkpt>
      <trkpt lat="38.81873" lon="121.14785">
        <ele>38.813335</ele>
        <time>2014-09-27T09:50:27.355000Z</time>
      </trkpt>
      <trkpt lat="38.818726" lon="121.14773">
        <ele>38.308746</ele>
        <time>2014-09-27T09:50:30.395000Z</time>
      </trkpt>
      <trkpt lat="38.818684" lon="121.14759">
        <ele>39.525864</ele>
        <time>2014-09-27T09:50:33.435000Z</time>
      </trkpt>
      <trkpt lat="38.81861" lon="121.14748">
        <ele>41.279396</ele>
        <time>2014-09-27T09:50:36.475000Z</time>
      </trkpt>
      <trkpt lat="38.81853" lon="121.14739">
        <ele>42.71273</ele>
        <time>2014-09-27T09:50:39.515000Z</time>
      </trkpt>
      <trkpt lat="38.81843" lon="121.14734">
        <ele>43.74582</ele>
        <time>2014-09-27T09:50:42.555000Z</time>
      </trkpt>
      <trkpt lat="38.818317" lon="121.14732">
        <ele>44.300545</ele>
        <time>2014-09-27T09:50:45.595000Z</time>
      </trkpt>
      <trkpt lat="38.818222" lon="121.14732">
        <ele>44.28542</ele>
        <time>2014-09-27T09:50:48.635000Z</time>
      </trkpt>
      <trkpt lat="38.818108" lon="121.147316">
        <ele>43.86766</ele>
        <time>2014-09-27T09:50:51.675000Z</time>
      </trkpt>
      <trkpt lat="38.817993" lon="121.147316">
        <ele>43.619053</ele>
        <time>2014-09-27T09:50:54.715000Z</time>
      </trkpt>
      <trkpt lat="38.81789" lon="121.147316">
        <ele>43.90053</ele>
        <time>2014-09-27T09:50:57.755000Z</time>
      </trkpt>
      <trkpt lat="38.817795" lon="121.1473">
        <ele>44.12658</ele>
        <time>2014-09-27T09:51:00.795000Z</time>
      </trkpt>
      <trkpt lat="38.817677" lon="121.14729">
        <ele>43.762383</ele>
        <time>2014-09-27T09:51:03.835000Z</time>
      </trkpt>
      <trkpt lat="38.81756" lon="121.14729">
        <ele>43.26649</ele>
        <time>2014-09-27T09:51:06.875000Z</time>
      </trkpt>
      <trkpt lat="38.817448" lon="121.14729">
        <ele>43.170387</ele>
        <time>2014-09-27T09:51:09.915000Z</time>
      </trkpt>
      <trkpt lat="38.817337" lon="121.14735">
        <ele>43.336266</ele>
        <time>2014-09-27T09:51:12.955000Z</time>
      </trkpt>
      <trkpt lat="38.817265" lon="121.147415">
        <ele>43.093594</ele>
        <time>2014-09-27T09:51:15.995000Z</time>
      </trkpt>
      <trkpt lat="38.817192" lon="121.14755">
        <ele>42.13887</ele>
        <time>2014-09-27T09:51:19.035000Z</time>
      </trkpt>
      <trkpt lat="38.817158" lon="121.147705">
        <ele>40.90876</ele>
        <time>2014-09-27T09:51:22.075000Z</time>
      </trkpt>
      <trkpt lat="38.817158" lon="121.14784">
        <ele>40.413334</ele>
        <time>2014-09-27T09:51:25.115000Z</time>
      </trkpt>
      <trkpt lat="38.81719" lon="121.14798">
        <ele>40.707104</ele>
        <time>2014-09-27T09:51:28.155000Z</time>
      </trkpt>
      <trkpt lat="38.817245" lon="121.14812">
        <ele>40.887474</ele>
        <time>2014-09-27T09:51:31.195000Z</time>
      </trkpt>
      <trkpt lat="38.817326" lon="121.14823">
        <ele>40.73929</ele>
        <time>2014-09-27T09:51:34.235000Z</time>
      </trkpt>
      <trkpt lat="38.817406" lon="121.14829">
        <ele>40.980904</ele>
        <time>2014-09-27T09:51:37.275000Z</time>
      </trkpt>
      <trkpt lat="38.817505" lon="121.14832">
        <ele>42.04393</ele>
        <time>2014-09-27T09:51:40.315000Z</time>
      </trkpt>
      <trkpt lat="38.817608" lon="121.14833">
        <ele>43.837536</ele>
        <time>2014-09-27T09:51:43.355000Z</time>
      </trkpt>
      <trkpt lat="38.817726" lon="121.148346">
        <ele>45.523304</ele>
        <time>2014-09-27T09:51:46.395000Z</time>
      </trkpt>
      <trkpt lat="38.817844" lon="121.14835">
        <ele>46.22706</ele>
        <time>2014-09-27T09:51:49.435000Z</time>
      </trkpt>
      <trkpt lat="38.817944" lon="121.14835">
        <ele>45.619953</ele>
        <time>2014-09-27T09:51:52.475000Z</time>
      </trkpt>
      <trkpt lat="38.81806" lon="121.14836">
        <ele>44.224907</ele>
        <time>2014-09-27T09:51:55.515000Z</time>
      </trkpt>
      <trkpt lat="38.818184" lon="121.14836">
        <ele>43.05262</ele>
        <time>2014-09-27T09:51:58.555000Z</time>
      </trkpt>
      <trkpt lat="38.8183" lon="121.14837">
        <ele>42.684925</ele>
        <time>2014-09-27T09:52:01.595000Z</time>
      </trkpt>
      <trkpt lat="38.818413" lon="121.14835">
        <ele>42.93376</ele>
        <time>2014-09-27T09:52:04.635000Z</time>
      </trkpt>
      <trkpt lat="38.81852" lon="121.1483">
        <ele>43.176525</ele>
        <time>2014-09-27T09:52:07.675000Z</time>
      </trkpt>
      <trkpt lat="38.818607" lon="121.14823">
        <ele>42.870834</ele>
        <time>2014-09-27T09:52:10.715000Z</time>
      </trkpt>
      <trkpt lat="38.818684" lon="121.14812">
        <ele>42.11439</ele>
        <time>2014-09-27T09:52:13.755000Z</time>
      </trkpt>
      <trkpt lat="38.818726" lon="121.147964">
        <ele>41.603096</ele>
        <time>2014-09-27T09:52:16.795000Z</time>
      </trkpt>
      <trkpt lat="38.818745" lon="121.147835">
        <ele>41.706932</ele>
        <time>2014-09-27T09:52:19.835000Z</time>
      </trkpt>
      <trkpt lat="38.818726" lon="121.1477">
        <ele>42.23586</ele>
        <time>2014-09-27T09:52:22.875000Z</time>
      </trkpt>
      <trkpt lat="38.818672" lon="121.14756">
        <ele>42.776268</ele>
        <time>2014-09-27T09:52:25.915000Z</time>
      </trkpt>
      <trkpt lat="38.818596" lon="121.147446">
        <ele>43.052628</ele>
        <time>2014-09-27T09:52:28.955000Z</time>
      </trkpt>
      <trkpt lat="38.818504" lon="121.14736">
        <ele>43.121555</ele>
        <time>2014-09-27T09:52:31.995000Z</time>
      </trkpt>
      <trkpt lat="38.818398" lon="121.14732">
        <ele>43.16045</ele>
        <time>2014-09-27T09:52:35.035000Z</time>
      </trkpt>
      <trkpt lat="38.818302" lon="121.147316">
        <ele>43.166626</ele>
        <time>2014-09-27T09:52:38.075000Z</time>
      </trkpt>
      <trkpt lat="38.818188" lon="121.1473">
        <ele>43.115135</ele>
        <time>2014-09-27T09:52:41.115000Z</time>
      </trkpt>
      <trkpt lat="38.81807" lon="121.14729">
        <ele>42.91106</ele>
        <time>2014-09-27T09:52:44.155000Z</time>
      </trkpt>
      <trkpt lat="38.817963" lon="121.147285">
        <ele>42.140377</ele>
        <time>2014-09-27T09:52:47.195000Z</time>
      </trkpt>
      <trkpt lat="38.817852" lon="121.147285">
        <ele>40.722733</ele>
        <time>2014-09-27T09:52:50.235000Z</time>
      </trkpt>
      <trkpt lat="38.81775" lon="121.14728">
        <ele>39.547203</ele>
        <time>2014-09-27T09:52:53.275000Z</time>
      </trkpt>
      <trkpt lat="38.81763" lon="121.14727">
        <ele>39.31376</ele>
        <time>2014-09-27T09:52:56.315000Z</time>
      </trkpt>
      <trkpt lat="38.817528" lon="121.14728">
        <ele>39.676662</ele>
        <time>2014-09-27T09:52:59.355000Z</time>
      </trkpt>
      <trkpt lat="38.817425" lon="121.147285">
        <ele>40.107807</ele>
        <time>2014-09-27T09:53:02.395000Z</time>
      </trkpt>
      <trkpt lat="38.81732" lon="121.147354">
        <ele>40.39922</ele>
        <time>2014-09-27T09:53:05.435000Z</time>
      </trkpt>
      <trkpt lat="38.81724" lon="121.14746">
        <ele>40.339508</ele>
        <time>2014-09-27T09:53:08.475000Z</time>
      </trkpt>
      <trkpt lat="38.817184" lon="121.1476">
        <ele>39.851974</ele>
        <time>2014-09-27T09:53:11.515000Z</time>
      </trkpt>
      <trkpt lat="38.817154" lon="121.14775">
        <ele>39.80026</ele>
        <time>2014-09-27T09:53:14.555000Z</time>
      </trkpt>
      <trkpt lat="38.817154" lon="121.14791">
        <ele>40.849945</ele>
        <time>2014-09-27T09:53:17.595000Z</time>
      </trkpt>
      <trkpt lat="38.81719" lon="121.14803">
        <ele>42.40675</ele>
        <time>2014-09-27T09:53:20.635000Z</time>
      </trkpt>
      <trkpt lat="38.81725" lon="121.14815">
        <ele>43.550007</ele>
        <time>2014-09-27T09:53:23.675000Z</time>
      </trkpt>
      <trkpt lat="38.81732" lon="121.14823">
        <ele>43.992836</ele>
        <time>2014-09-27T09:53:26.715000Z</time>
      </trkpt>
      <trkpt lat="38.81743" lon="121.1483">
        <ele>43.98574</ele>
        <time>2014-09-27T09:53:29.755000Z</time>
      </trkpt>
      <trkpt lat="38.817528" lon="121.14834">
        <ele>44.31711</ele>
        <time>2014-09-27T09:53:32.795000Z</time>
      </trkpt>
      <trkpt lat="38.817627" lon="121.148346">
        <ele>45.32172</ele>
        <time>2014-09-27T09:53:35.835000Z</time>
      </trkpt>
      <trkpt lat="38.81773" lon="121.14835">
        <ele>46.188114</ele>
        <time>2014-09-27T09:53:38.875000Z</time>
      </trkpt>
      <trkpt lat="38.81785" lon="121.14835">
        <ele>46.11981</ele>
        <time>2014-09-27T09:53:41.915000Z</time>
      </trkpt>
      <trkpt lat="38.817955" lon="121.14835">
        <ele>45.414566</ele>
        <time>2014-09-27T09:53:44.955000Z</time>
      </trkpt>
      <trkpt lat="38.81807" lon="121.14835">
        <ele>44.336227</ele>
        <time>2014-09-27T09:53:47.995000Z</time>
      </trkpt>
      <trkpt lat="38.818184" lon="121.14836">
        <ele>43.014423</ele>
        <time>2014-09-27T09:53:51.035000Z</time>
      </trkpt>
      <trkpt lat="38.81829" lon="121.14837">
        <ele>41.993866</ele>
        <time>2014-09-27T09:53:54.075000Z</time>
      </trkpt>
      <trkpt lat="38.818382" lon="121.14837">
        <ele>42.03182</ele>
        <time>2014-09-27T09:53:57.115000Z</time>
      </trkpt>
      <trkpt lat="38.818478" lon="121.14831">
        <ele>42.833557</ele>
        <time>2014-09-27T09:54:00.155000Z</time>
      </trkpt>
      <trkpt lat="38.818577" lon="121.14824">
        <ele>43.60413</ele>
        <time>2014-09-27T09:54:03.195000Z</time>
      </trkpt>
      <trkpt lat="38.818672" lon="121.14813">
        <ele>44.197872</ele>
        <time>2014-09-27T09:54:06.235000Z</time>
      </trkpt>
      <trkpt lat="38.818714" lon="121.148">
        <ele>44.6556</ele>
        <time>2014-09-27T09:54:09.275000Z</time>
      </trkpt>
      <trkpt lat="38.818737" lon="121.14786">
        <ele>44.214157</ele>
        <time>2014-09-27T09:54:12.315000Z</time>
      </trkpt>
      <trkpt lat="38.81873" lon="121.14772">
        <ele>42.355892</ele>
        <time>2014-09-27T09:54:15.355000Z</time>
      </trkpt>
      <trkpt lat="38.818676" lon="121.147575">
        <ele>39.870564</ele>
        <time>2014-09-27T09:54:18.395000Z</time>
      </trkpt>
      <trkpt lat="38.8186" lon="121.147484">
        <ele>38.42884</ele>
        <time>2014-09-27T09:54:21.435000Z</time>
      </trkpt>
      <trkpt lat="38.81852" lon="121.1474">
        <ele>38.71468</ele>
        <time>2014-09-27T09:54:24.475000Z</time>
      </trkpt>
      <trkpt lat="38.818413" lon="121.14734">
        <ele>40.01194</ele>
        <time>2014-09-27T09:54:27.515000Z</time>
      </trkpt>
      <trkpt lat="38.818306" lon="121.14733">
        <ele>41.199203</ele>
        <time>2014-09-27T09:54:30.555000Z</time>
      </trkpt>
      <trkpt lat="38.818195" lon="121.14732">
        <ele>41.661278</ele>
        <time>2014-09-27T09:54:33.595000Z</time>
      </trkpt>
      <trkpt lat="38.818085" lon="121.14732">
        <ele>41.37183</ele>
        <time>2014-09-27T09:54:36.635000Z</time>
      </trkpt>
      <trkpt lat="38.817963" lon="121.1473">
        <ele>40.723846</ele>
        <time>2014-09-27T09:54:39.675000Z</time>
      </trkpt>
      <trkpt lat="38.817863" lon="121.1473">
        <ele>40.19911</ele>
        <time>2014-09-27T09:54:42.715000Z</time>
      </trkpt>
      <trkpt lat="38.81775" lon="121.1473">
        <ele>40.157337</ele>
        <time>2014-09-27T09:54:45.755000Z</time>
      </trkpt>
      <trkpt lat="38.817623" lon="121.14729">
        <ele>40.901363</ele>
        <time>2014-09-27T09:54:48.795000Z</time>
      </trkpt>
      <trkpt lat="38.817513" lon="121.1473">
        <ele>42.208214</ele>
        <time>2014-09-27T09:54:51.835000Z</time>
      </trkpt>
      <trkpt lat="38.817387" lon="121.14733">
        <ele>43.284252</ele>
        <time>2014-09-27T09:54:54.875000Z</time>
      </trkpt>
      <trkpt lat="38.817287" lon="121.14741">
        <ele>43.70635</ele>
        <time>2014-09-27T09:54:57.915000Z</time>
      </trkpt>
      <trkpt lat="38.81721" lon="121.147514">
        <ele>43.699047</ele>
        <time>2014-09-27T09:55:00.955000Z</time>
      </trkpt>
      <trkpt lat="38.817165" lon="121.14765">
        <ele>43.15866</ele>
        <time>2014-09-27T09:55:03.995000Z</time>
      </trkpt>
      <trkpt lat="38.817154" lon="121.14779">
        <ele>41.986244</ele>
        <time>2014-09-27T09:55:07.035000Z</time>
      </trkpt>
      <trkpt lat="38.81717" lon="121.147934">
        <ele>40.84396</ele>
        <time>2014-09-27T09:55:10.075000Z</time>
      </trkpt>
      <trkpt lat="38.817207" lon="121.14807">
        <ele>40.307198</ele>
        <time>2014-09-27T09:55:13.115000Z</time>
      </trkpt>
      <trkpt lat="38.81728" lon="121.14819">
        <ele>40.519253</ele>
        <time>2014-09-27T09:55:16.155000Z</time>
      </trkpt>
      <trkpt lat="38.817375" lon="121.14826">
        <ele>41.39812</ele>
        <time>2014-09-27T09:55:19.195000Z</time>
      </trkpt>
      <trkpt lat="38.81748" lon="121.148315">
        <ele>42.638523</ele>
        <time>2014-09-27T09:55:22.235000Z</time>
      </trkpt>
      <trkpt lat="38.81759" lon="121.148346">
        <ele>43.92808</ele>
        <time>2014-09-27T09:55:25.275000Z</time>
      </trkpt>
      <trkpt lat="38.817684" lon="121.148346">
        <ele>44.679714</ele>
        <time>2014-09-27T09:55:28.315000Z</time>
      </trkpt>
      <trkpt lat="38.8178" lon="121.148346">
        <ele>44.17308</ele>
        <time>2014-09-27T09:55:31.355000Z</time>
      </trkpt>
      <trkpt lat="38.8179" lon="121.148346">
        <ele>42.740944</ele>
        <time>2014-09-27T09:55:34.395000Z</time>
      </trkpt>
      <trkpt lat="38.81801" lon="121.14836">
        <ele>41.556183</ele>
        <time>2014-09-27T09:55:37.435000Z</time>
      </trkpt>
      <trkpt lat="38.818123" lon="121.14837">
        <ele>41.92695</ele>
        <time>2014-09-27T09:55:40.475000Z</time>
      </trkpt>
      <trkpt lat="38.818222" lon="121.14838">
        <ele>43.89186</ele>
        <time>2014-09-27T09:55:43.515000Z</time>
      </trkpt>
      <trkpt lat="38.818333" lon="121.14838">
        <ele>46.209602</ele>
        <time>2014-09-27T09:55:46.555000Z</time>
      </trkpt>
      <trkpt lat="38.818447" lon="121.14834">
        <ele>47.89205</ele>
        <time>2014-09-27T09:55:49.595000Z</time>
      </trkpt>
      <trkpt lat="38.81854" lon="121.14827">
        <ele>48.766407</ele>
        <time>2014-09-27T09:55:52.635000Z</time>
      </trkpt>
      <trkpt lat="38.818626" lon="121.14819">
        <ele>48.226097</ele>
        <time>2014-09-27T09:55:55.675000Z</time>
      </trkpt>
      <trkpt lat="38.8187" lon="121.14807">
        <ele>45.868153</ele>
        <time>2014-09-27T09:55:58.715000Z</time>
      </trkpt>
      <trkpt lat="38.818726" lon="121.14792">
        <ele>42.84219</ele>
        <time>2014-09-27T09:56:01.755000Z</time>
      </trkpt>
      <trkpt lat="38.81873" lon="121.14778">
        <ele>40.883904</ele>
        <time>2014-09-27T09:56:04.795000Z</time>
      </trkpt>
      <trkpt lat="38.8187" lon="121.14763">
        <ele>40.338207</ele>
        <time>2014-09-27T09:56:07.835000Z</time>
      </trkpt>
      <trkpt lat="38.818634" lon="121.1475">
        <ele>40.627922</ele>
        <time>2014-09-27T09:56:10.875000Z</time>
      </trkpt>
      <trkpt lat="38.81855" lon="121.147415">
        <ele>41.224556</ele>
        <time>2014-09-27T09:56:13.915000Z</time>
      </trkpt>
      <trkpt lat="38.818462" lon="121.147354">
        <ele>41.842884</ele>
        <time>2014-09-27T09:56:16.955000Z</time>
      </trkpt>
      <trkpt lat="38.81835" lon="121.14733">
        <ele>42.31123</ele>
        <time>2014-09-27T09:56:19.995000Z</time>
      </trkpt>
      <trkpt lat="38.818237" lon="121.14732">
        <ele>42.533047</ele>
        <time>2014-09-27T09:56:23.035000Z</time>
      </trkpt>
      <trkpt lat="38.81814" lon="121.147316">
        <ele>42.531303</ele>
        <time>2014-09-27T09:56:26.075000Z</time>
      </trkpt>
      <trkpt lat="38.818016" lon="121.1473">
        <ele>42.14762</ele>
        <time>2014-09-27T09:56:29.115000Z</time>
      </trkpt>
      <trkpt lat="38.817913" lon="121.14729">
        <ele>41.179935</ele>
        <time>2014-09-27T09:56:32.155000Z</time>
      </trkpt>
      <trkpt lat="38.81781" lon="121.14729">
        <ele>39.888016</ele>
        <time>2014-09-27T09:56:35.195000Z</time>
      </trkpt>
      <trkpt lat="38.817703" lon="121.14729">
        <ele>38.939926</ele>
        <time>2014-09-27T09:56:38.235000Z</time>
      </trkpt>
      <trkpt lat="38.81758" lon="121.147285">
        <ele>38.782944</ele>
        <time>2014-09-27T09:56:41.275000Z</time>
      </trkpt>
      <trkpt lat="38.817467" lon="121.147285">
        <ele>39.214157</ele>
        <time>2014-09-27T09:56:44.315000Z</time>
      </trkpt>
      <trkpt lat="38.817352" lon="121.14733">
        <ele>39.673813</ele>
        <time>2014-09-27T09:56:47.355000Z</time>
      </trkpt>
      <trkpt lat="38.817272" lon="121.1474">
        <ele>40.011795</ele>
        <time>2014-09-27T09:56:50.395000Z</time>
      </trkpt>
      <trkpt lat="38.817204" lon="121.14753">
        <ele>40.421356</ele>
        <time>2014-09-27T09:56:53.435000Z</time>
      </trkpt>
      <trkpt lat="38.817165" lon="121.14766">
        <ele>40.89522</ele>
        <time>2014-09-27T09:56:56.475000Z</time>
      </trkpt>
      <trkpt lat="38.817158" lon="121.147804">
        <ele>41.219357</ele>
        <time>2014-09-27T09:56:59.515000Z</time>
      </trkpt>
      <trkpt lat="38.81717" lon="121.147964">
        <ele>41.32881</ele>
        <time>2014-09-27T09:57:02.555000Z</time>
      </trkpt>
      <trkpt lat="38.817204" lon="121.14809">
        <ele>41.466972</ele>
        <time>2014-09-27T09:57:05.595000Z</time>
      </trkpt>
      <trkpt lat="38.817287" lon="121.1482">
        <ele>41.79547</ele>
        <time>2014-09-27T09:57:08.635000Z</time>
      </trkpt>
      <trkpt lat="38.817398" lon="121.148285">
        <ele>42.135338</ele>
        <time>2014-09-27T09:57:11.675000Z</time>
      </trkpt>
      <trkpt lat="38.81751" lon="121.148315">
        <ele>42.30769</ele>
        <time>2014-09-27T09:57:14.715000Z</time>
      </trkpt>
      <trkpt lat="38.81762" lon="121.14834">
        <ele>42.370255</ele>
        <time>2014-09-27T09:57:17.755000Z</time>
      </trkpt>
      <trkpt lat="38.817726" lon="121.14834">
        <ele>42.50778</ele>
        <time>2014-09-27T09:57:20.795000Z</time>
      </trkpt>
      <trkpt lat="38.81784" lon="121.14834">
        <ele>42.818913</ele>
        <time>2014-09-27T09:57:23.835000Z</time>
      </trkpt>
      <trkpt lat="38.817936" lon="121.14834">
        <ele>43.22216</ele>
        <time>2014-09-27T09:57:26.875000Z</time>
      </trkpt>
      <trkpt lat="38.818027" lon="121.148346">
        <ele>43.947414</ele>
        <time>2014-09-27T09:57:29.915000Z</time>
      </trkpt>
      <trkpt lat="38.81815" lon="121.14835">
        <ele>45.09653</ele>
        <time>2014-09-27T09:57:32.955000Z</time>
      </trkpt>
      <trkpt lat="38.818253" lon="121.14837">
        <ele>46.094994</ele>
        <time>2014-09-27T09:57:35.995000Z</time>
      </trkpt>
      <trkpt lat="38.818363" lon="121.14838">
        <ele>46.575066</ele>
        <time>2014-09-27T09:57:39.035000Z</time>
      </trkpt>
      <trkpt lat="38.81847" lon="121.14834">
        <ele>46.841316</ele>
        <time>2014-09-27T09:57:42.075000Z</time>
      </trkpt>
      <trkpt lat="38.818577" lon="121.14825">
        <ele>47.118412</ele>
        <time>2014-09-27T09:57:45.115000Z</time>
      </trkpt>
      <trkpt lat="38.818665" lon="121.14815">
        <ele>46.59822</ele>
        <time>2014-09-27T09:57:48.155000Z</time>
      </trkpt>
      <trkpt lat="38.818714" lon="121.14803">
        <ele>44.714653</ele>
        <time>2014-09-27T09:57:51.195000Z</time>
      </trkpt>
      <trkpt lat="38.81873" lon="121.14791">
        <ele>42.62146</ele>
        <time>2014-09-27T09:57:54.235000Z</time>
      </trkpt>
      <trkpt lat="38.81873" lon="121.147766">
        <ele>41.589443</ele>
        <time>2014-09-27T09:57:57.275000Z</time>
      </trkpt>
      <trkpt lat="38.8187" lon="121.14765">
        <ele>41.509106</ele>
        <time>2014-09-27T09:58:00.315000Z</time>
      </trkpt>
      <trkpt lat="38.818645" lon="121.14754">
        <ele>41.798794</ele>
        <time>2014-09-27T09:58:03.355000Z</time>
      </trkpt>
      <trkpt lat="38.818577" lon="121.14743">
        <ele>42.79546</ele>
        <time>2014-09-27T09:58:06.395000Z</time>
      </trkpt>
      <trkpt lat="38.818493" lon="121.14736">
        <ele>44.97075</ele>
        <time>2014-09-27T09:58:09.435000Z</time>
      </trkpt>
      <trkpt lat="38.818375" lon="121.147316">
        <ele>47.282925</ele>
        <time>2014-09-27T09:58:12.475000Z</time>
      </trkpt>
      <trkpt lat="38.818253" lon="121.1473">
        <ele>47.48706</ele>
        <time>2014-09-27T09:58:15.515000Z</time>
      </trkpt>
      <trkpt lat="38.81814" lon="121.14729">
        <ele>45.08077</ele>
        <time>2014-09-27T09:58:18.555000Z</time>
      </trkpt>
      <trkpt lat="38.81802" lon="121.147285">
        <ele>41.9062</ele>
        <time>2014-09-27T09:58:21.595000Z</time>
      </trkpt>
      <trkpt lat="38.817905" lon="121.14728">
        <ele>39.79675</ele>
        <time>2014-09-27T09:58:24.635000Z</time>
      </trkpt>
      <trkpt lat="38.81779" lon="121.14728">
        <ele>39.004494</ele>
        <time>2014-09-27T09:58:27.675000Z</time>
      </trkpt>
      <trkpt lat="38.817684" lon="121.14727">
        <ele>39.089855</ele>
        <time>2014-09-27T09:58:30.715000Z</time>
      </trkpt>
      <trkpt lat="38.81758" lon="121.14726">
        <ele>39.43677</ele>
        <time>2014-09-27T09:58:33.755000Z</time>
      </trkpt>
      <trkpt lat="38.817467" lon="121.14728">
        <ele>39.756985</ele>
        <time>2014-09-27T09:58:36.795000Z</time>
      </trkpt>
      <trkpt lat="38.81736" lon="121.14733">
        <ele>39.923653</ele>
        <time>2014-09-27T09:58:39.835000Z</time>
      </trkpt>
      <trkpt lat="38.817272" lon="121.147415">
        <ele>39.825188</ele>
        <time>2014-09-27T09:58:42.875000Z</time>
      </trkpt>
      <trkpt lat="38.8172" lon="121.14753">
        <ele>39.45808</ele>
        <time>2014-09-27T09:58:45.915000Z</time>
      </trkpt>
      <trkpt lat="38.81717" lon="121.14766">
        <ele>38.93121</ele>
        <time>2014-09-27T09:58:48.955000Z</time>
      </trkpt>
      <trkpt lat="38.81716" lon="121.14782">
        <ele>38.368546</ele>
        <time>2014-09-27T09:58:51.995000Z</time>
      </trkpt>
      <trkpt lat="38.817177" lon="121.14798">
        <ele>38.526485</ele>
        <time>2014-09-27T09:58:55.035000Z</time>
      </trkpt>
      <trkpt lat="38.817234" lon="121.1481">
        <ele>39.94964</ele>
        <time>2014-09-27T09:58:58.075000Z</time>
      </trkpt>
      <trkpt lat="38.817314" lon="121.14822">
        <ele>41.69037</ele>
        <time>2014-09-27T09:59:01.115000Z</time>
      </trkpt>
      <trkpt lat="38.81742" lon="121.14829">
        <ele>42.583668</ele>
        <time>2014-09-27T09:59:04.155000Z</time>
      </trkpt>
      <trkpt lat="38.817516" lon="121.14832">
        <ele>42.60224</ele>
        <time>2014-09-27T09:59:07.195000Z</time>
      </trkpt>
      <trkpt lat="38.81762" lon="121.14833">
        <ele>42.511276</ele>
        <time>2014-09-27T09:59:10.235000Z</time>
      </trkpt>
      <trkpt lat="38.817722" lon="121.148346">
        <ele>42.979168</ele>
        <time>2014-09-27T09:59:13.275000Z</time>
      </trkpt>
      <trkpt lat="38.817818" lon="121.14836">
        <ele>43.941677</ele>
        <time>2014-09-27T09:59:16.315000Z</time>
      </trkpt>
      <trkpt lat="38.817936" lon="121.14837">
        <ele>45.111935</ele>
        <time>2014-09-27T09:59:19.355000Z</time>
      </trkpt>
      <trkpt lat="38.818035" lon="121.14836">
        <ele>46.431656</ele>
        <time>2014-09-27T09:59:22.395000Z</time>
      </trkpt>
      <trkpt lat="38.818134" lon="121.14837">
        <ele>47.555458</ele>
        <time>2014-09-27T09:59:25.435000Z</time>
      </trkpt>
      <trkpt lat="38.81824" lon="121.14837">
        <ele>48.02649</ele>
        <time>2014-09-27T09:59:28.475000Z</time>
      </trkpt>
      <trkpt lat="38.818348" lon="121.14836">
        <ele>47.74251</ele>
        <time>2014-09-27T09:59:31.515000Z</time>
      </trkpt>
      <trkpt lat="38.81844" lon="121.14834">
        <ele>47.01096</ele>
        <time>2014-09-27T09:59:34.555000Z</time>
      </trkpt>
      <trkpt lat="38.818558" lon="121.14827">
        <ele>46.3346</ele>
        <time>2014-09-27T09:59:37.595000Z</time>
      </trkpt>
      <trkpt lat="38.818653" lon="121.14816">
        <ele>45.521152</ele>
        <time>2014-09-27T09:59:40.635000Z</time>
      </trkpt>
      <trkpt lat="38.818707" lon="121.148056">
        <ele>44.105907</ele>
        <time>2014-09-27T09:59:43.675000Z</time>
      </trkpt>
      <trkpt lat="38.818726" lon="121.14792">
        <ele>42.676117</ele>
        <time>2014-09-27T09:59:46.715000Z</time>
      </trkpt>
      <trkpt lat="38.818726" lon="121.1478">
        <ele>42.21136</ele>
        <time>2014-09-27T09:59:49.755000Z</time>
      </trkpt>
      <trkpt lat="38.8187" lon="121.147644">
        <ele>42.737114</ele>
        <time>2014-09-27T09:59:52.795000Z</time>
      </trkpt>
      <trkpt lat="38.818626" lon="121.147514">
        <ele>43.517426</ele>
        <time>2014-09-27T09:59:55.835000Z</time>
      </trkpt>
      <trkpt lat="38.818558" lon="121.147415">
        <ele>43.906914</ele>
        <time>2014-09-27T09:59:58.875000Z</time>
      </trkpt>
      <trkpt lat="38.818447" lon="121.14735">
        <ele>43.889507</ele>
        <time>2014-09-27T10:00:01.915000Z</time>
      </trkpt>
      <trkpt lat="38.818356" lon="121.14732">
        <ele>43.717968</ele>
        <time>2014-09-27T10:00:04.955000Z</time>
      </trkpt>
      <trkpt lat="38.818237" lon="121.147316">
        <ele>43.47263</ele>
        <time>2014-09-27T10:00:07.995000Z</time>
      </trkpt>
      <trkpt lat="38.818134" lon="121.14731">
        <ele>43.112297</ele>
        <time>2014-09-27T10:00:11.035000Z</time>
      </trkpt>
      <trkpt lat="38.818005" lon="121.14731">
        <ele>42.71156</ele>
        <time>2014-09-27T10:00:14.075000Z</time>
      </trkpt>
      <trkpt lat="38.8179" lon="121.14729">
        <ele>42.26818</ele>
        <time>2014-09-27T10:00:17.115000Z</time>
      </trkpt>
      <trkpt lat="38.817806" lon="121.147285">
        <ele>41.55216</ele>
        <time>2014-09-27T10:00:20.155000Z</time>
      </trkpt>
      <trkpt lat="38.817715" lon="121.14728">
        <ele>40.60688</ele>
        <time>2014-09-27T10:00:23.195000Z</time>
      </trkpt>
      <trkpt lat="38.817585" lon="121.14728">
        <ele>40.011536</ele>
        <time>2014-09-27T10:00:26.235000Z</time>
      </trkpt>
      <trkpt lat="38.81748" lon="121.14729">
        <ele>40.31096</ele>
        <time>2014-09-27T10:00:29.275000Z</time>
      </trkpt>
      <trkpt lat="38.817375" lon="121.14734">
        <ele>41.236847</ele>
        <time>2014-09-27T10:00:32.315000Z</time>
      </trkpt>
      <trkpt lat="38.81727" lon="121.14742">
        <ele>41.995926</ele>
        <time>2014-09-27T10:00:35.355000Z</time>
      </trkpt>
      <trkpt lat="38.81721" lon="121.14753">
        <ele>42.19183</ele>
        <time>2014-09-27T10:00:38.395000Z</time>
      </trkpt>
      <trkpt lat="38.817173" lon="121.147675">
        <ele>42.16375</ele>
        <time>2014-09-27T10:00:41.435000Z</time>
      </trkpt>
      <trkpt lat="38.81716" lon="121.14783">
        <ele>42.46797</ele>
        <time>2014-09-27T10:00:44.475000Z</time>
      </trkpt>
      <trkpt lat="38.817177" lon="121.147964">
        <ele>42.971256</ele>
        <time>2014-09-27T10:00:47.515000Z</time>
      </trkpt>
      <trkpt lat="38.81723" lon="121.1481">
        <ele>43.17544</ele>
        <time>2014-09-27T10:00:50.555000Z</time>
      </trkpt>
      <trkpt lat="38.817318" lon="121.148224">
        <ele>43.053535</ele>
        <time>2014-09-27T10:00:53.595000Z</time>
      </trkpt>
      <trkpt lat="38.817398" lon="121.14829">
        <ele>42.749233</ele>
        <time>2014-09-27T10:00:56.635000Z</time>
      </trkpt>
      <trkpt lat="38.817528" lon="121.14832">
        <ele>42.234848</ele>
        <time>2014-09-27T10:00:59.675000Z</time>
      </trkpt>
      <trkpt lat="38.817635" lon="121.14833">
        <ele>41.438187</ele>
        <time>2014-09-27T10:01:02.715000Z</time>
      </trkpt>
      <trkpt lat="38.81775" lon="121.148346">
        <ele>40.432346</ele>
        <time>2014-09-27T10:01:05.755000Z</time>
      </trkpt>
      <trkpt lat="38.817856" lon="121.14835">
        <ele>39.7834</ele>
        <time>2014-09-27T10:01:08.795000Z</time>
      </trkpt>
      <trkpt lat="38.817978" lon="121.14835">
        <ele>40.028244</ele>
        <time>2014-09-27T10:01:11.835000Z</time>
      </trkpt>
      <trkpt lat="38.81808" lon="121.14836">
        <ele>40.94017</ele>
        <time>2014-09-27T10:01:14.875000Z</time>
      </trkpt>
      <trkpt lat="38.818184" lon="121.14838">
        <ele>41.939964</ele>
        <time>2014-09-27T10:01:17.915000Z</time>
      </trkpt>
      <trkpt lat="38.818295" lon="121.148384">
        <ele>42.77335</ele>
        <time>2014-09-27T10:01:20.955000Z</time>
      </trkpt>
      <trkpt lat="38.818417" lon="121.14837">
        <ele>43.40082</ele>
        <time>2014-09-27T10:01:23.995000Z</time>
      </trkpt>
      <trkpt lat="38.818516" lon="121.14831">
        <ele>43.726345</ele>
        <time>2014-09-27T10:01:27.035000Z</time>
      </trkpt>
      <trkpt lat="38.818607" lon="121.148224">
        <ele>43.872936</ele>
        <time>2014-09-27T10:01:30.075000Z</time>
      </trkpt>
      <trkpt lat="38.8187" lon="121.1481">
        <ele>44.039722</ele>
        <time>2014-09-27T10:01:33.115000Z</time>
      </trkpt>
      <trkpt lat="38.818726" lon="121.14796">
        <ele>44.046078</ele>
        <time>2014-09-27T10:01:36.155000Z</time>
      </trkpt>
      <trkpt lat="38.818726" lon="121.1478">
        <ele>43.710835</ele>
        <time>2014-09-27T10:01:39.195000Z</time>
      </trkpt>
      <trkpt lat="38.818703" lon="121.14766">
        <ele>43.35352</ele>
        <time>2014-09-27T10:01:42.235000Z</time>
      </trkpt>
      <trkpt lat="38.81866" lon="121.14755">
        <ele>43.464832</ele>
        <time>2014-09-27T10:01:45.275000Z</time>
      </trkpt>
      <trkpt lat="38.8186" lon="121.14746">
        <ele>44.457645</ele>
        <time>2014-09-27T10:01:48.315000Z</time>
      </trkpt>
      <trkpt lat="38.818516" lon="121.147385">
        <ele>46.12073</ele>
        <time>2014-09-27T10:01:51.355000Z</time>
      </trkpt>
      <trkpt lat="38.81842" lon="121.14733">
        <ele>46.66688</ele>
        <time>2014-09-27T10:01:54.395000Z</time>
      </trkpt>
      <trkpt lat="38.818306" lon="121.14732">
        <ele>44.976418</ele>
        <time>2014-09-27T10:01:57.435000Z</time>
      </trkpt>
      <trkpt lat="38.818203" lon="121.147316">
        <ele>42.564022</ele>
        <time>2014-09-27T10:02:00.475000Z</time>
      </trkpt>
      <trkpt lat="38.818085" lon="121.1473">
        <ele>41.336143</ele>
        <time>2014-09-27T10:02:03.515000Z</time>
      </trkpt>
      <trkpt lat="38.817974" lon="121.147285">
        <ele>41.445072</ele>
        <time>2014-09-27T10:02:06.555000Z</time>
      </trkpt>
      <trkpt lat="38.81788" lon="121.147285">
        <ele>41.91646</ele>
        <time>2014-09-27T10:02:09.595000Z</time>
      </trkpt>
      <trkpt lat="38.817772" lon="121.147285">
        <ele>41.96839</ele>
        <time>2014-09-27T10:02:12.635000Z</time>
      </trkpt>
      <trkpt lat="38.817642" lon="121.14728">
        <ele>41.797775</ele>
        <time>2014-09-27T10:02:15.675000Z</time>
      </trkpt>
      <trkpt lat="38.817543" lon="121.14727">
        <ele>41.92491</ele>
        <time>2014-09-27T10:02:18.715000Z</time>
      </trkpt>
      <trkpt lat="38.817444" lon="121.14731">
        <ele>42.396618</ele>
        <time>2014-09-27T10:02:21.755000Z</time>
      </trkpt>
      <trkpt lat="38.817326" lon="121.14737">
        <ele>42.853447</ele>
        <time>2014-09-27T10:02:24.795000Z</time>
      </trkpt>
      <trkpt lat="38.81724" lon="121.14747">
        <ele>42.915855</ele>
        <time>2014-09-27T10:02:27.835000Z</time>
      </trkpt>
      <trkpt lat="38.817196" lon="121.14759">
        <ele>42.45661</ele>
        <time>2014-09-27T10:02:30.875000Z</time>
      </trkpt>
      <trkpt lat="38.817165" lon="121.14776">
        <ele>41.753723</ele>
        <time>2014-09-27T10:02:33.915000Z</time>
      </trkpt>
      <trkpt lat="38.817165" lon="121.14791">
        <ele>41.25181</ele>
        <time>2014-09-27T10:02:36.955000Z</time>
      </trkpt>
      <trkpt lat="38.8172" lon="121.14805">
        <ele>41.1416</ele>
        <time>2014-09-27T10:02:39.995000Z</time>
      </trkpt>
      <trkpt lat="38.817257" lon="121.14816">
        <ele>41.460106</ele>
        <time>2014-09-27T10:02:43.035000Z</time>
      </trkpt>
      <trkpt lat="38.81734" lon="121.14825">
        <ele>41.97472</ele>
        <time>2014-09-27T10:02:46.075000Z</time>
      </trkpt>
      <trkpt lat="38.817444" lon="121.1483">
        <ele>42.569603</ele>
        <time>2014-09-27T10:02:49.115000Z</time>
      </trkpt>
      <trkpt lat="38.81757" lon="121.14834">
        <ele>43.144802</ele>
        <time>2014-09-27T10:02:52.155000Z</time>
      </trkpt>
      <trkpt lat="38.817665" lon="121.14835">
        <ele>43.32534</ele>
        <time>2014-09-27T10:02:55.195000Z</time>
      </trkpt>
      <trkpt lat="38.817757" lon="121.14835">
        <ele>43.091843</ele>
        <time>2014-09-27T10:02:58.235000Z</time>
      </trkpt>
      <trkpt lat="38.81785" lon="121.14837">
        <ele>42.84215</ele>
        <time>2014-09-27T10:03:01.275000Z</time>
      </trkpt>
      <trkpt lat="38.817944" lon="121.14838">
        <ele>42.796833</ele>
        <time>2014-09-27T10:03:04.315000Z</time>
      </trkpt>
      <trkpt lat="38.818043" lon="121.14838">
        <ele>42.890385</ele>
        <time>2014-09-27T10:03:07.355000Z</time>
      </trkpt>
      <trkpt lat="38.81817" lon="121.14838">
        <ele>42.972794</ele>
        <time>2014-09-27T10:03:10.395000Z</time>
      </trkpt>
      <trkpt lat="38.818264" lon="121.14838">
        <ele>43.625866</ele>
        <time>2014-09-27T10:03:13.435000Z</time>
      </trkpt>
      <trkpt lat="38.818356" lon="121.14838">
        <ele>45.22928</ele>
        <time>2014-09-27T10:03:16.475000Z</time>
      </trkpt>
      <trkpt lat="38.818466" lon="121.14833">
        <ele>46.881443</ele>
        <time>2014-09-27T10:03:19.515000Z</time>
      </trkpt>
      <trkpt lat="38.81856" lon="121.14827">
        <ele>47.566235</ele>
        <time>2014-09-27T10:03:22.555000Z</time>
      </trkpt>
      <trkpt lat="38.818645" lon="121.14816">
        <ele>46.73049</ele>
        <time>2014-09-27T10:03:25.595000Z</time>
      </trkpt>
      <trkpt lat="38.818714" lon="121.14803">
        <ele>44.678005</ele>
        <time>2014-09-27T10:03:28.635000Z</time>
      </trkpt>
      <trkpt lat="38.818733" lon="121.14789">
        <ele>42.712414</ele>
        <time>2014-09-27T10:03:31.675000Z</time>
      </trkpt>
      <trkpt lat="38.81872" lon="121.14774">
        <ele>41.744484</ele>
        <time>2014-09-27T10:03:34.715000Z</time>
      </trkpt>
      <trkpt lat="38.818687" lon="121.14761">
        <ele>41.68176</ele>
        <time>2014-09-27T10:03:37.755000Z</time>
      </trkpt>
      <trkpt lat="38.81863" lon="121.14749">
        <ele>42.69973</ele>
        <time>2014-09-27T10:03:40.795000Z</time>
      </trkpt>
      <trkpt lat="38.818542" lon="121.14743">
        <ele>44.704277</ele>
        <time>2014-09-27T10:03:43.835000Z</time>
      </trkpt>
      <trkpt lat="38.81844" lon="121.14736">
        <ele>46.292454</ele>
        <time>2014-09-27T10:03:46.875000Z</time>
      </trkpt>
      <trkpt lat="38.818344" lon="121.14733">
        <ele>46.231407</ele>
        <time>2014-09-27T10:03:49.915000Z</time>
      </trkpt>
      <trkpt lat="38.81825" lon="121.14731">
        <ele>45.10182</ele>
        <time>2014-09-27T10:03:52.955000Z</time>
      </trkpt>
      <trkpt lat="38.81815" lon="121.1473">
        <ele>43.99714</ele>
        <time>2014-09-27T10:03:55.995000Z</time>
      </trkpt>
      <trkpt lat="38.818024" lon="121.14731">
        <ele>43.46657</ele>
        <time>2014-09-27T10:03:59.035000Z</time>
      </trkpt>
      <trkpt lat="38.81791" lon="121.1473">
        <ele>43.344368</ele>
        <time>2014-09-27T10:04:02.075000Z</time>
      </trkpt>
      <trkpt lat="38.817787" lon="121.14729">
        <ele>43.19194</ele>
        <time>2014-09-27T10:04:05.115000Z</time>
      </trkpt>
      <trkpt lat="38.817677" lon="121.147285">
        <ele>42.653984</ele>
        <time>2014-09-27T10:04:08.155000Z</time>
      </trkpt>
      <trkpt lat="38.817577" lon="121.14729">
        <ele>41.769695</ele>
        <time>2014-09-27T10:04:11.195000Z</time>
      </trkpt>
      <trkpt lat="38.817474" lon="121.14731">
        <ele>41.05354</ele>
        <time>2014-09-27T10:04:14.235000Z</time>
      </trkpt>
      <trkpt lat="38.81737" lon="121.14736">
        <ele>41.020447</ele>
        <time>2014-09-27T10:04:17.275000Z</time>
      </trkpt>
      <trkpt lat="38.817272" lon="121.14745">
        <ele>41.577446</ele>
        <time>2014-09-27T10:04:20.315000Z</time>
      </trkpt>
      <trkpt lat="38.817204" lon="121.14758">
        <ele>42.406597</ele>
        <time>2014-09-27T10:04:23.355000Z</time>
      </trkpt>
      <trkpt lat="38.81717" lon="121.14771">
        <ele>43.174118</ele>
        <time>2014-09-27T10:04:26.395000Z</time>
      </trkpt>
      <trkpt lat="38.817154" lon="121.14785">
        <ele>43.435863</ele>
        <time>2014-09-27T10:04:29.435000Z</time>
      </trkpt>
      <trkpt lat="38.817177" lon="121.147995">
        <ele>42.94451</ele>
        <time>2014-09-27T10:04:32.475000Z</time>
      </trkpt>
      <trkpt lat="38.817238" lon="121.14813">
        <ele>41.86991</ele>
        <time>2014-09-27T10:04:35.515000Z</time>
      </trkpt>
      <trkpt lat="38.817307" lon="121.14822">
        <ele>40.664368</ele>
        <time>2014-09-27T10:04:38.555000Z</time>
      </trkpt>
      <trkpt lat="38.8174" lon="121.148285">
        <ele>39.827457</ele>
        <time>2014-09-27T10:04:41.595000Z</time>
      </trkpt>
      <trkpt lat="38.817524" lon="121.14832">
        <ele>40.108368</ele>
        <time>2014-09-27T10:04:44.635000Z</time>
      </trkpt>
      <trkpt lat="38.817623" lon="121.14832">
        <ele>41.622208</ele>
        <time>2014-09-27T10:04:47.675000Z</time>
      </trkpt>
      <trkpt lat="38.817715" lon="121.14834">
        <ele>43.12022</ele>
        <time>2014-09-27T10:04:50.715000Z</time>
      </trkpt>
      <trkpt lat="38.817814" lon="121.148346">
        <ele>43.56576</ele>
        <time>2014-09-27T10:04:53.755000Z</time>
      </trkpt>
      <trkpt lat="38.817924" lon="121.148346">
        <ele>43.86216</ele>
        <time>2014-09-27T10:04:56.795000Z</time>
      </trkpt>
      <trkpt lat="38.81804" lon="121.14835">
        <ele>45.01141</ele>
        <time>2014-09-27T10:04:59.835000Z</time>
      </trkpt>
      <trkpt lat="38.818153" lon="121.14838">
        <ele>46.386173</ele>
        <time>2014-09-27T10:05:02.875000Z</time>
      </trkpt>
      <trkpt lat="38.81825" lon="121.148384">
        <ele>47.379288</ele>
        <time>2014-09-27T10:05:05.915000Z</time>
      </trkpt>
      <trkpt lat="38.81837" lon="121.14837">
        <ele>48.31468</ele>
        <time>2014-09-27T10:05:08.955000Z</time>
      </trkpt>
      <trkpt lat="38.81848" lon="121.14832">
        <ele>49.093994</ele>
        <time>2014-09-27T10:05:11.995000Z</time>
      </trkpt>
      <trkpt lat="38.818592" lon="121.14824">
        <ele>48.876854</ele>
        <time>2014-09-27T10:05:15.035000Z</time>
      </trkpt>
      <trkpt lat="38.818676" lon="121.14814">
        <ele>47.439823</ele>
        <time>2014-09-27T10:05:18.075000Z</time>
      </trkpt>
      <trkpt lat="38.818714" lon="121.147995">
        <ele>45.77788</ele>
        <time>2014-09-27T10:05:21.115000Z</time>
      </trkpt>
      <trkpt lat="38.818726" lon="121.14785">
        <ele>44.998863</ele>
        <time>2014-09-27T10:05:24.155000Z</time>
      </trkpt>
      <trkpt lat="38.818718" lon="121.147705">
        <ele>45.10666</ele>
        <time>2014-09-27T10:05:27.195000Z</time>
      </trkpt>
      <trkpt lat="38.818676" lon="121.147575">
        <ele>45.445644</ele>
        <time>2014-09-27T10:05:30.235000Z</time>
      </trkpt>
      <trkpt lat="38.81862" lon="121.147484">
        <ele>45.5164</ele>
        <time>2014-09-27T10:05:33.275000Z</time>
      </trkpt>
      <trkpt lat="38.818504" lon="121.14741">
        <ele>45.389656</ele>
        <time>2014-09-27T10:05:36.315000Z</time>
      </trkpt>
      <trkpt lat="38.818405" lon="121.14735">
        <ele>44.878662</ele>
        <time>2014-09-27T10:05:39.355000Z</time>
      </trkpt>
      <trkpt lat="38.818295" lon="121.14732">
        <ele>43.79909</ele>
        <time>2014-09-27T10:05:42.395000Z</time>
      </trkpt>
      <trkpt lat="38.818184" lon="121.147316">
        <ele>42.938946</ele>
        <time>2014-09-27T10:05:45.435000Z</time>
      </trkpt>
      <trkpt lat="38.81808" lon="121.14731">
        <ele>43.1369</ele>
        <time>2014-09-27T10:05:48.475000Z</time>
      </trkpt>
      <trkpt lat="38.817966" lon="121.1473">
        <ele>44.038124</ele>
        <time>2014-09-27T10:05:51.515000Z</time>
      </trkpt>
      <trkpt lat="38.81784" lon="121.14729">
        <ele>44.788635</ele>
        <time>2014-09-27T10:05:54.555000Z</time>
      </trkpt>
      <trkpt lat="38.81773" lon="121.14728">
        <ele>44.949966</ele>
        <time>2014-09-27T10:05:57.595000Z</time>
      </trkpt>
      <trkpt lat="38.81762" lon="121.14727">
        <ele>44.47637</ele>
        <time>2014-09-27T10:06:00.635000Z</time>
      </trkpt>
      <trkpt lat="38.81752" lon="121.147285">
        <ele>43.578594</ele>
        <time>2014-09-27T10:06:03.675000Z</time>
      </trkpt>
      <trkpt lat="38.817406" lon="121.14732">
        <ele>42.674248</ele>
        <time>2014-09-27T10:06:06.715000Z</time>
      </trkpt>
      <trkpt lat="38.817307" lon="121.14739">
        <ele>41.686954</ele>
        <time>2014-09-27T10:06:09.755000Z</time>
      </trkpt>
      <trkpt lat="38.817234" lon="121.14749">
        <ele>40.43203</ele>
        <time>2014-09-27T10:06:12.795000Z</time>
      </trkpt>
      <trkpt lat="38.817192" lon="121.14763">
        <ele>40.0186</ele>
        <time>2014-09-27T10:06:15.835000Z</time>
      </trkpt>
      <trkpt lat="38.817173" lon="121.14777">
        <ele>41.438885</ele>
        <time>2014-09-27T10:06:18.875000Z</time>
      </trkpt>
      <trkpt lat="38.81718" lon="121.147934">
        <ele>43.651222</ele>
        <time>2014-09-27T10:06:21.915000Z</time>
      </trkpt>
      <trkpt lat="38.81721" lon="121.14807">
        <ele>45.056824</ele>
        <time>2014-09-27T10:06:24.955000Z</time>
      </trkpt>
      <trkpt lat="38.817272" lon="121.14817">
        <ele>45.172325</ele>
        <time>2014-09-27T10:06:27.995000Z</time>
      </trkpt>
      <trkpt lat="38.817364" lon="121.148254">
        <ele>44.31579</ele>
        <time>2014-09-27T10:06:31.035000Z</time>
      </trkpt>
      <trkpt lat="38.817467" lon="121.1483">
        <ele>43.202713</ele>
        <time>2014-09-27T10:06:34.075000Z</time>
      </trkpt>
      <trkpt lat="38.817577" lon="121.14832">
        <ele>42.53144</ele>
        <time>2014-09-27T10:06:37.115000Z</time>
      </trkpt>
      <trkpt lat="38.8177" lon="121.14834">
        <ele>42.514294</ele>
        <time>2014-09-27T10:06:40.155000Z</time>
      </trkpt>
      <trkpt lat="38.817814" lon="121.14834">
        <ele>43.205406</ele>
        <time>2014-09-27T10:06:43.195000Z</time>
      </trkpt>
      <trkpt lat="38.81792" lon="121.148346">
        <ele>44.42341</ele>
        <time>2014-09-27T10:06:46.235000Z</time>
      </trkpt>
      <trkpt lat="38.818035" lon="121.14835">
        <ele>45.408276</ele>
        <time>2014-09-27T10:06:49.275000Z</time>
      </trkpt>
      <trkpt lat="38.81815" lon="121.14835">
        <ele>45.53844</ele>
        <time>2014-09-27T10:06:52.315000Z</time>
      </trkpt>
      <trkpt lat="38.818264" lon="121.148346">
        <ele>45.175182</ele>
        <time>2014-09-27T10:06:55.355000Z</time>
      </trkpt>
      <trkpt lat="38.81836" lon="121.148346">
        <ele>45.197845</ele>
        <time>2014-09-27T10:06:58.395000Z</time>
      </trkpt>
      <trkpt lat="38.818474" lon="121.148315">
        <ele>45.86408</ele>
        <time>2014-09-27T10:07:01.435000Z</time>
      </trkpt>
      <trkpt lat="38.81857" lon="121.14825">
        <ele>46.549797</ele>
        <time>2014-09-27T10:07:04.475000Z</time>
      </trkpt>
      <trkpt lat="38.818665" lon="121.14815">
        <ele>46.098354</ele>
        <time>2014-09-27T10:07:07.515000Z</time>
      </trkpt>
      <trkpt lat="38.818714" lon="121.147995">
        <ele>44.21402</ele>
        <time>2014-09-27T10:07:10.555000Z</time>
      </trkpt>
      <trkpt lat="38.818726" lon="121.147835">
        <ele>42.29728</ele>
        <time>2014-09-27T10:07:13.595000Z</time>
      </trkpt>
      <trkpt lat="38.818707" lon="121.1477">
        <ele>41.675922</ele>
        <time>2014-09-27T10:07:16.635000Z</time>
      </trkpt>
      <trkpt lat="38.818638" lon="121.14754">
        <ele>42.404903</ele>
        <time>2014-09-27T10:07:19.675000Z</time>
      </trkpt>
      <trkpt lat="38.81855" lon="121.14743">
        <ele>43.538002</ele>
        <time>2014-09-27T10:07:22.715000Z</time>
      </trkpt>
      <trkpt lat="38.81845" lon="121.14737">
        <ele>43.779568</ele>
        <time>2014-09-27T10:07:25.755000Z</time>
      </trkpt>
      <trkpt lat="38.818348" lon="121.14734">
        <ele>42.87002</ele>
        <time>2014-09-27T10:07:28.795000Z</time>
      </trkpt>
      <trkpt lat="38.81823" lon="121.14732">
        <ele>41.602654</ele>
        <time>2014-09-27T10:07:31.835000Z</time>
      </trkpt>
      <trkpt lat="38.81812" lon="121.14732">
        <ele>40.7385</ele>
        <time>2014-09-27T10:07:34.875000Z</time>
      </trkpt>
      <trkpt lat="38.817997" lon="121.147316">
        <ele>40.519062</ele>
        <time>2014-09-27T10:07:37.915000Z</time>
      </trkpt>
      <trkpt lat="38.817883" lon="121.14731">
        <ele>40.70866</ele>
        <time>2014-09-27T10:07:40.955000Z</time>
      </trkpt>
      <trkpt lat="38.81776" lon="121.14731">
        <ele>41.045296</ele>
        <time>2014-09-27T10:07:43.995000Z</time>
      </trkpt>
      <trkpt lat="38.817646" lon="121.1473">
        <ele>41.31541</ele>
        <time>2014-09-27T10:07:47.035000Z</time>
      </trkpt>
      <trkpt lat="38.81754" lon="121.1473">
        <ele>41.818317</ele>
        <time>2014-09-27T10:07:50.075000Z</time>
      </trkpt>
      <trkpt lat="38.81742" lon="121.147316">
        <ele>42.852596</ele>
        <time>2014-09-27T10:07:53.115000Z</time>
      </trkpt>
      <trkpt lat="38.81733" lon="121.14738">
        <ele>43.882748</ele>
        <time>2014-09-27T10:07:56.155000Z</time>
      </trkpt>
      <trkpt lat="38.81724" lon="121.14748">
        <ele>43.738964</ele>
        <time>2014-09-27T10:07:59.195000Z</time>
      </trkpt>
      <trkpt lat="38.81719" lon="121.147606">
        <ele>42.1818</ele>
        <time>2014-09-27T10:08:02.235000Z</time>
      </trkpt>
      <trkpt lat="38.81716" lon="121.14775">
        <ele>40.747753</ele>
        <time>2014-09-27T10:08:05.275000Z</time>
      </trkpt>
      <trkpt lat="38.81716" lon="121.1479">
        <ele>40.82384</ele>
        <time>2014-09-27T10:08:08.315000Z</time>
      </trkpt>
      <trkpt lat="38.817192" lon="121.14805">
        <ele>41.83851</ele>
        <time>2014-09-27T10:08:11.355000Z</time>
      </trkpt>
      <trkpt lat="38.817265" lon="121.148155">
        <ele>42.89858</ele>
        <time>2014-09-27T10:08:14.395000Z</time>
      </trkpt>
      <trkpt lat="38.817364" lon="121.148254">
        <ele>43.75429</ele>
        <time>2014-09-27T10:08:17.435000Z</time>
      </trkpt>
      <trkpt lat="38.817486" lon="121.1483">
        <ele>44.148567</ele>
        <time>2014-09-27T10:08:20.475000Z</time>
      </trkpt>
      <trkpt lat="38.817604" lon="121.148315">
        <ele>43.960983</ele>
        <time>2014-09-27T10:08:23.515000Z</time>
      </trkpt>
      <trkpt lat="38.8177" lon="121.14832">
        <ele>43.457905</ele>
        <time>2014-09-27T10:08:26.555000Z</time>
      </trkpt>
      <trkpt lat="38.81781" lon="121.14833">
        <ele>43.03137</ele>
        <time>2014-09-27T10:08:29.595000Z</time>
      </trkpt>
      <trkpt lat="38.81791" lon="121.14834">
        <ele>42.95741</ele>
        <time>2014-09-27T10:08:32.635000Z</time>
      </trkpt>
      <trkpt lat="38.818016" lon="121.14835">
        <ele>43.444572</ele>
        <time>2014-09-27T10:08:35.675000Z</time>
      </trkpt>
      <trkpt lat="38.81813" lon="121.14836">
        <ele>44.388924</ele>
        <time>2014-09-27T10:08:38.715000Z</time>
      </trkpt>
      <trkpt lat="38.81824" lon="121.14835">
        <ele>45.206623</ele>
        <time>2014-09-27T10:08:41.755000Z</time>
      </trkpt>
      <trkpt lat="38.818348" lon="121.14836">
        <ele>45.232742</ele>
        <time>2014-09-27T10:08:44.795000Z</time>
      </trkpt>
      <trkpt lat="38.81844" lon="121.14833">
        <ele>44.422226</ele>
        <time>2014-09-27T10:08:47.835000Z</time>
      </trkpt>
      <trkpt lat="38.81854" lon="121.14827">
        <ele>43.332554</ele>
        <time>2014-09-27T10:08:50.875000Z</time>
      </trkpt>
      <trkpt lat="38.818638" lon="121.14818">
        <ele>42.702766</ele>
        <time>2014-09-27T10:08:53.915000Z</time>
      </trkpt>
      <trkpt lat="38.81869" lon="121.14808">
        <ele>42.858646</ele>
        <time>2014-09-27T10:08:56.955000Z</time>
      </trkpt>
      <trkpt lat="38.818726" lon="121.14791">
        <ele>43.571365</ele>
        <time>2014-09-27T10:08:59.995000Z</time>
      </trkpt>
      <trkpt lat="38.818733" lon="121.14775">
        <ele>44.31138</ele>
        <time>2014-09-27T10:09:03.035000Z</time>
      </trkpt>
      <trkpt lat="38.818703" lon="121.14761">
        <ele>44.72228</ele>
        <time>2014-09-27T10:09:06.075000Z</time>
      </trkpt>
      <trkpt lat="38.81864" lon="121.1475">
        <ele>45.138298</ele>
        <time>2014-09-27T10:09:09.115000Z</time>
      </trkpt>
      <trkpt lat="38.818542" lon="121.147415">
        <ele>45.922974</ele>
        <time>2014-09-27T10:09:12.155000Z</time>
      </trkpt>
      <trkpt lat="38.818443" lon="121.147354">
        <ele>46.311714</ele>
        <time>2014-09-27T10:09:15.195000Z</time>
      </trkpt>
      <trkpt lat="38.818336" lon="121.147316">
        <ele>45.01475</ele>
        <time>2014-09-27T10:09:18.235000Z</time>
      </trkpt>
      <trkpt lat="38.818233" lon="121.1473">
        <ele>42.310104</ele>
        <time>2014-09-27T10:09:21.275000Z</time>
      </trkpt>
      <trkpt lat="38.818123" lon="121.1473">
        <ele>39.968716</ele>
        <time>2014-09-27T10:09:24.315000Z</time>
      </trkpt>
      <trkpt lat="38.81801" lon="121.14731">
        <ele>39.41148</ele>
        <time>2014-09-27T10:09:27.355000Z</time>
      </trkpt>
      <trkpt lat="38.817894" lon="121.1473">
        <ele>40.42489</ele>
        <time>2014-09-27T10:09:30.395000Z</time>
      </trkpt>
      <trkpt lat="38.817772" lon="121.14729">
        <ele>41.343525</ele>
        <time>2014-09-27T10:09:33.435000Z</time>
      </trkpt>
      <trkpt lat="38.817684" lon="121.147285">
        <ele>41.03915</ele>
        <time>2014-09-27T10:09:36.475000Z</time>
      </trkpt>
      <trkpt lat="38.817574" lon="121.14728">
        <ele>40.23662</ele>
        <time>2014-09-27T10:09:39.515000Z</time>
      </trkpt>
      <trkpt lat="38.817463" lon="121.14729">
        <ele>39.936115</ele>
        <time>2014-09-27T10:09:42.555000Z</time>
      </trkpt>
      <trkpt lat="38.81734" lon="121.147354">
        <ele>40.55763</ele>
        <time>2014-09-27T10:09:45.595000Z</time>
      </trkpt>
      <trkpt lat="38.81725" lon="121.14746">
        <ele>41.939373</ele>
        <time>2014-09-27T10:09:48.635000Z</time>
      </trkpt>
      <trkpt lat="38.817184" lon="121.1476">
        <ele>43.664654</ele>
        <time>2014-09-27T10:09:51.675000Z</time>
      </trkpt>
      <trkpt lat="38.817154" lon="121.14776">
        <ele>45.480843</ele>
        <time>2014-09-27T10:09:54.715000Z</time>
      </trkpt>
      <trkpt lat="38.817165" lon="121.14791">
        <ele>46.862305</ele>
        <time>2014-09-27T10:09:57.755000Z</time>
      </trkpt>
      <trkpt lat="38.8172" lon="121.14808">
        <ele>46.882458</ele>
        <time>2014-09-27T10:10:00.795000Z</time>
      </trkpt>
      <trkpt lat="38.817272" lon="121.1482">
        <ele>45.518475</ele>
        <time>2014-09-27T10:10:03.835000Z</time>
      </trkpt>
      <trkpt lat="38.81739" lon="121.148285">
        <ele>43.649925</ele>
        <time>2014-09-27T10:10:06.875000Z</time>
      </trkpt>
      <trkpt lat="38.817505" lon="121.14832">
        <ele>42.34537</ele>
        <time>2014-09-27T10:10:09.915000Z</time>
      </trkpt>
      <trkpt lat="38.81762" lon="121.14834">
        <ele>42.18925</ele>
        <time>2014-09-27T10:10:12.955000Z</time>
      </trkpt>
      <trkpt lat="38.81773" lon="121.14835">
        <ele>42.863277</ele>
        <time>2014-09-27T10:10:15.995000Z</time>
      </trkpt>
      <trkpt lat="38.817844" lon="121.14835">
        <ele>43.13105</ele>
        <time>2014-09-27T10:10:19.035000Z</time>
      </trkpt>
      <trkpt lat="38.81797" lon="121.14836">
        <ele>42.40597</ele>
        <time>2014-09-27T10:10:22.075000Z</time>
      </trkpt>
      <trkpt lat="38.818085" lon="121.14836">
        <ele>41.40073</ele>
        <time>2014-09-27T10:10:25.115000Z</time>
      </trkpt>
      <trkpt lat="38.81822" lon="121.14837">
        <ele>41.18676</ele>
        <time>2014-09-27T10:10:28.155000Z</time>
      </trkpt>
      <trkpt lat="38.81831" lon="121.14836">
        <time>2014-09-27T10:10:31.195000Z</time>
      </trkpt>
    </trkseg>
  </trk>
</gpx>