<?xml version="1.0" encoding="UTF-8"?>
<gpx xmlns="http://www.topografix.com/GPX/1/1" xmlns:gpxtpx="http://www.garmin.com/xmlschemas/TrackPointExtension/v1" xmlns:xsi="http://www.w3.org/2001/XMLSchema-instance" xsi:schemaLocation="http://www.topografix.com/GPX/1/1 http://www.topografix.com/GPX/1/1/gpx.xsd" version="1.1" creator="gpx.py -- https://github.com/tkrajina/gpxpy">
  <trk>
    <trkseg>
      <trkpt lat="38.901806" lon="111.83576">
        <ele>1436.1188</ele>
        <time>2015-02-28T23:21:15.096000Z</time>
      </trkpt>
      <trkpt lat="38.901806" lon="111.83576">
        <ele>1435.4562</ele>
        <time>2015-02-28T23:21:18.585000Z</time>
      </trkpt>
      <trkpt lat="38.901806" lon="111.83576">
        <ele>1435.0872</ele>
        <time>2015-02-28T23:21:22.074000Z</time>
      </trkpt>
      <trkpt lat="38.90192" lon="111.83575">
        <ele>1434.773</ele>
        <time>2015-02-28T23:21:25.563000Z</time>
      </trkpt>
      <trkpt lat="38.902016" lon="111.83574">
        <ele>1434.6417</ele>
        <time>2015-02-28T23:21:29.052000Z</time>
      </trkpt>
      <trkpt lat="38.902107" lon="111.835754">
        <ele>1434.8583</ele>
        <time>2015-02-28T23:21:32.541000Z</time>
      </trkpt>
      <trkpt lat="38.902107" lon="111.835754">
        <ele>1434.8843</ele>
        <time>2015-02-28T23:21:36.030000Z</time>
      </trkpt>
      <trkpt lat="38.902203" lon="111.83577">
        <ele>1432.9316</ele>
        <time>2015-02-28T23:21:39.519000Z</time>
      </trkpt>
      <trkpt lat="38.902306" lon="111.83575">
        <ele>1428.4983</ele>
        <time>2015-02-28T23:21:43.008000Z</time>
      </trkpt>
      <trkpt lat="38.902397" lon="111.83577">
        <ele>1424.1027</ele>
        <time>2015-02-28T23:21:46.497000Z</time>
      </trkpt>
      <trkpt lat="38.902496" lon="111.83577">
        <ele>1422.6132</ele>
        <time>2015-02-28T23:21:49.986000Z</time>
      </trkpt>
      <trkpt lat="38.902588" lon="111.83571">
        <ele>1424.0255</ele>
        <time>2015-02-28T23:21:53.475000Z</time>
      </trkpt>
      <trkpt lat="38.90268" lon="111.8357">
        <ele>1426.0646</ele>
        <time>2015-02-28T23:21:56.964000Z</time>
      </trkpt>
      <trkpt lat="38.902744" lon="111.83579">
        <ele>1426.9396</ele>
        <time>2015-02-28T23:22:00.453000Z</time>
      </trkpt>
      <trkpt lat="38.902798" lon="111.83593">
        <ele>1427.5692</ele>
        <time>2015-02-28T23:22:03.942000Z</time>
      </trkpt>
      <trkpt lat="38.9028" lon="111.83608">
        <ele>1429.2115</ele>
        <time>2015-02-28T23:22:07.431000Z</time>
      </trkpt>
      <trkpt lat="38.902794" lon="111.836205">
        <ele>1431.6284</ele>
        <time>2015-02-28T23:22:10.920000Z</time>
      </trkpt>
      <trkpt lat="38.902817" lon="111.83635">
        <ele>1433.8842</ele>
        <time>2015-02-28T23:22:14.409000Z</time>
      </trkpt>
      <trkpt lat="38.9029" lon="111.83645">
        <ele>1435.4445</ele>
        <time>2015-02-28T23:22:17.898000Z</time>
      </trkpt>
      <trkpt lat="38.902992" lon="111.8365">
        <ele>1436.231</ele>
        <time>2015-02-28T23:22:21.387000Z</time>
      </trkpt>
      <trkpt lat="38.90302" lon="111.83664">
        <ele>1436.3779</ele>
        <time>2015-02-28T23:22:24.876000Z</time>
      </trkpt>
      <trkpt lat="38.903023" lon="111.83677">
        <ele>1436.0083</ele>
        <time>2015-02-28T23:22:28.365000Z</time>
      </trkpt>
      <trkpt lat="38.90303" lon="111.83693">
        <ele>1435.5503</ele>
        <time>2015-02-28T23:22:31.854000Z</time>
      </trkpt>
      <trkpt lat="38.903038" lon="111.83704">
        <ele>1435.3112</ele>
        <time>2015-02-28T23:22:35.343000Z</time>
      </trkpt>
      <trkpt lat="38.903065" lon="111.83719">
        <ele>1435.262</ele>
        <time>2015-02-28T23:22:38.832000Z</time>
      </trkpt>
      <trkpt lat="38.9031" lon="111.83733">
        <ele>1435.0166</ele>
        <time>2015-02-28T23:22:42.321000Z</time>
      </trkpt>
      <trkpt lat="38.903122" lon="111.837456">
        <ele>1434.3342</ele>
        <time>2015-02-28T23:22:45.810000Z</time>
      </trkpt>
      <trkpt lat="38.903164" lon="111.83757">
        <ele>1433.2001</ele>
        <time>2015-02-28T23:22:49.299000Z</time>
      </trkpt>
      <trkpt lat="38.9032" lon="111.83768">
        <ele>1431.7737</ele>
        <time>2015-02-28T23:22:52.788000Z</time>
      </trkpt>
      <trkpt lat="38.90323" lon="111.83781">
        <ele>1430.6097</ele>
        <time>2015-02-28T23:22:56.277000Z</time>
      </trkpt>
      <trkpt lat="38.90325" lon="111.837944">
        <ele>1430.279</ele>
        <time>2015-02-28T23:22:59.766000Z</time>
      </trkpt>
      <trkpt lat="38.903282" lon="111.83808">
        <ele>1430.618</ele>
        <time>2015-02-28T23:23:03.255000Z</time>
      </trkpt>
      <trkpt lat="38.90335" lon="111.8382">
        <ele>1431.1053</ele>
        <time>2015-02-28T23:23:06.744000Z</time>
      </trkpt>
      <trkpt lat="38.903416" lon="111.83832">
        <ele>1431.0989</ele>
        <time>2015-02-28T23:23:10.233000Z</time>
      </trkpt>
      <trkpt lat="38.903446" lon="111.83845">
        <ele>1430.4431</ele>
        <time>2015-02-28T23:23:13.722000Z</time>
      </trkpt>
      <trkpt lat="38.903477" lon="111.83856">
        <ele>1429.5374</ele>
        <time>2015-02-28T23:23:17.211000Z</time>
      </trkpt>
      <trkpt lat="38.90351" lon="111.83869">
        <ele>1428.7871</ele>
        <time>2015-02-28T23:23:20.700000Z</time>
      </trkpt>
      <trkpt lat="38.903553" lon="111.83882">
        <ele>1428.2047</ele>
        <time>2015-02-28T23:23:24.189000Z</time>
      </trkpt>
      <trkpt lat="38.903618" lon="111.83892">
        <ele>1427.7245</ele>
        <time>2015-02-28T23:23:27.678000Z</time>
      </trkpt>
      <trkpt lat="38.90368" lon="111.83905">
        <ele>1427.1147</ele>
        <time>2015-02-28T23:23:31.167000Z</time>
      </trkpt>
      <trkpt lat="38.903717" lon="111.83917">
        <ele>1426.2811</ele>
        <time>2015-02-28T23:23:34.656000Z</time>
      </trkpt>
      <trkpt lat="38.90375" lon="111.839294">
        <ele>1425.5516</ele>
        <time>2015-02-28T23:23:38.145000Z</time>
      </trkpt>
      <trkpt lat="38.90381" lon="111.8394">
        <ele>1425.2406</ele>
        <time>2015-02-28T23:23:41.634000Z</time>
      </trkpt>
      <trkpt lat="38.90385" lon="111.839516">
        <ele>1425.2146</ele>
        <time>2015-02-28T23:23:45.123000Z</time>
      </trkpt>
      <trkpt lat="38.903908" lon="111.83961">
        <ele>1425.5599</ele>
        <time>2015-02-28T23:23:48.612000Z</time>
      </trkpt>
      <trkpt lat="38.903965" lon="111.83971">
        <ele>1426.7537</ele>
        <time>2015-02-28T23:23:52.101000Z</time>
      </trkpt>
      <trkpt lat="38.904007" lon="111.83983">
        <ele>1428.5972</ele>
        <time>2015-02-28T23:23:55.590000Z</time>
      </trkpt>
      <trkpt lat="38.904087" lon="111.839905">
        <ele>1430.0579</ele>
        <time>2015-02-28T23:23:59.079000Z</time>
      </trkpt>
      <trkpt lat="38.90418" lon="111.83988">
        <ele>1430.4928</ele>
        <time>2015-02-28T23:24:02.568000Z</time>
      </trkpt>
      <trkpt lat="38.904266" lon="111.83985">
        <ele>1430.2859</ele>
        <time>2015-02-28T23:24:06.057000Z</time>
      </trkpt>
      <trkpt lat="38.904366" lon="111.839775">
        <ele>1430.1241</ele>
        <time>2015-02-28T23:24:09.546000Z</time>
      </trkpt>
      <trkpt lat="38.904465" lon="111.83972">
        <ele>1430.3379</ele>
        <time>2015-02-28T23:24:13.035000Z</time>
      </trkpt>
      <trkpt lat="38.904556" lon="111.83966">
        <ele>1430.9387</ele>
        <time>2015-02-28T23:24:16.524000Z</time>
      </trkpt>
      <trkpt lat="38.90464" lon="111.8396">
        <ele>1431.862</ele>
        <time>2015-02-28T23:24:20.013000Z</time>
      </trkpt>
      <trkpt lat="38.904724" lon="111.83954">
        <ele>1432.7794</ele>
        <time>2015-02-28T23:24:23.502000Z</time>
      </trkpt>
      <trkpt lat="38.904823" lon="111.83946">
        <ele>1433.4824</ele>
        <time>2015-02-28T23:24:26.991000Z</time>
      </trkpt>
      <trkpt lat="38.904915" lon="111.8394">
        <ele>1434.4203</ele>
        <time>2015-02-28T23:24:30.480000Z</time>
      </trkpt>
      <trkpt lat="38.905003" lon="111.83933">
        <ele>1436.5222</ele>
        <time>2015-02-28T23:24:33.969000Z</time>
      </trkpt>
      <trkpt lat="38.905094" lon="111.83928">
        <ele>1439.6682</ele>
        <time>2015-02-28T23:24:37.458000Z</time>
      </trkpt>
      <trkpt lat="38.90519" lon="111.839226">
        <ele>1442.6582</ele>
        <time>2015-02-28T23:24:40.947000Z</time>
      </trkpt>
      <trkpt lat="38.905273" lon="111.83918">
        <ele>1444.9368</ele>
        <time>2015-02-28T23:24:44.436000Z</time>
      </trkpt>
      <trkpt lat="38.905376" lon="111.83912">
        <ele>1446.7247</ele>
        <time>2015-02-28T23:24:47.925000Z</time>
      </trkpt>
      <trkpt lat="38.90546" lon="111.839066">
        <ele>1448.0906</ele>
        <time>2015-02-28T23:24:51.414000Z</time>
      </trkpt>
      <trkpt lat="38.905552" lon="111.83901">
        <ele>1449.1405</ele>
        <time>2015-02-28T23:24:54.903000Z</time>
      </trkpt>
      <trkpt lat="38.90565" lon="111.83894">
        <ele>1449.935</ele>
        <time>2015-02-28T23:24:58.392000Z</time>
      </trkpt>
      <trkpt lat="38.905754" lon="111.838905">
        <ele>1450.2334</ele>
        <time>2015-02-28T23:25:01.881000Z</time>
      </trkpt>
      <trkpt lat="38.905853" lon="111.838844">
        <ele>1449.5608</ele>
        <time>2015-02-28T23:25:05.370000Z</time>
      </trkpt>
      <trkpt lat="38.90596" lon="111.83878">
        <ele>1447.9257</ele>
        <time>2015-02-28T23:25:08.859000Z</time>
      </trkpt>
      <trkpt lat="38.906055" lon="111.83875">
        <ele>1446.0791</ele>
        <time>2015-02-28T23:25:12.348000Z</time>
      </trkpt>
      <trkpt lat="38.906147" lon="111.838715">
        <ele>1444.0714</ele>
        <time>2015-02-28T23:25:15.837000Z</time>
      </trkpt>
      <trkpt lat="38.90624" lon="111.83868">
        <ele>1441.6697</ele>
        <time>2015-02-28T23:25:19.326000Z</time>
      </trkpt>
      <trkpt lat="38.906338" lon="111.8386">
        <ele>1440.0211</ele>
        <time>2015-02-28T23:25:22.815000Z</time>
      </trkpt>
      <trkpt lat="38.906452" lon="111.838524">
        <ele>1439.9778</ele>
        <time>2015-02-28T23:25:26.304000Z</time>
      </trkpt>
      <trkpt lat="38.906548" lon="111.838455">
        <ele>1440.9677</ele>
        <time>2015-02-28T23:25:29.793000Z</time>
      </trkpt>
      <trkpt lat="38.90663" lon="111.83839">
        <ele>1442.2362</ele>
        <time>2015-02-28T23:25:33.282000Z</time>
      </trkpt>
      <trkpt lat="38.90672" lon="111.83835">
        <ele>1443.1846</ele>
        <time>2015-02-28T23:25:36.771000Z</time>
      </trkpt>
      <trkpt lat="38.906807" lon="111.83833">
        <ele>1443.2598</ele>
        <time>2015-02-28T23:25:40.260000Z</time>
      </trkpt>
      <trkpt lat="38.906906" lon="111.83833">
        <ele>1442.3961</ele>
        <time>2015-02-28T23:25:43.749000Z</time>
      </trkpt>
      <trkpt lat="38.907005" lon="111.838295">
        <ele>1441.0546</ele>
        <time>2015-02-28T23:25:47.238000Z</time>
      </trkpt>
      <trkpt lat="38.907112" lon="111.83825">
        <ele>1439.8978</ele>
        <time>2015-02-28T23:25:50.727000Z</time>
      </trkpt>
      <trkpt lat="38.90722" lon="111.8382">
        <ele>1439.4102</ele>
        <time>2015-02-28T23:25:54.216000Z</time>
      </trkpt>
      <trkpt lat="38.907303" lon="111.83815">
        <ele>1439.629</ele>
        <time>2015-02-28T23:25:57.705000Z</time>
      </trkpt>
      <trkpt lat="38.907383" lon="111.8381">
        <ele>1439.9325</ele>
        <time>2015-02-28T23:26:01.194000Z</time>
      </trkpt>
      <trkpt lat="38.90747" lon="111.83805">
        <ele>1439.8424</ele>
        <time>2015-02-28T23:26:04.683000Z</time>
      </trkpt>
      <trkpt lat="38.90756" lon="111.838005">
        <ele>1439.55</ele>
        <time>2015-02-28T23:26:08.172000Z</time>
      </trkpt>
      <trkpt lat="38.907646" lon="111.837944">
        <ele>1439.494</ele>
        <time>2015-02-28T23:26:11.661000Z</time>
      </trkpt>
      <trkpt lat="38.907734" lon="111.8379">
        <ele>1439.7911</ele>
        <time>2015-02-28T23:26:15.150000Z</time>
      </trkpt>
      <trkpt lat="38.907825" lon="111.83785">
        <ele>1440.1687</ele>
        <time>2015-02-28T23:26:18.639000Z</time>
      </trkpt>
      <trkpt lat="38.90791" lon="111.83779">
        <ele>1440.2299</ele>
        <time>2015-02-28T23:26:22.128000Z</time>
      </trkpt>
      <trkpt lat="38.908" lon="111.83775">
        <ele>1439.9122</ele>
        <time>2015-02-28T23:26:25.617000Z</time>
      </trkpt>
      <trkpt lat="38.90809" lon="111.83769">
        <ele>1439.7942</ele>
        <time>2015-02-28T23:26:29.106000Z</time>
      </trkpt>
      <trkpt lat="38.90818" lon="111.837616">
        <ele>1440.5842</ele>
        <time>2015-02-28T23:26:32.595000Z</time>
      </trkpt>
      <trkpt lat="38.908264" lon="111.83758">
        <ele>1442.0002</ele>
        <time>2015-02-28T23:26:36.084000Z</time>
      </trkpt>
      <trkpt lat="38.90836" lon="111.837524">
        <ele>1443.1163</ele>
        <time>2015-02-28T23:26:39.573000Z</time>
      </trkpt>
      <trkpt lat="38.908463" lon="111.83747">
        <ele>1443.414</ele>
        <time>2015-02-28T23:26:43.062000Z</time>
      </trkpt>
      <trkpt lat="38.908546" lon="111.83742">
        <ele>1442.9255</ele>
        <time>2015-02-28T23:26:46.551000Z</time>
      </trkpt>
      <trkpt lat="38.90864" lon="111.837364">
        <ele>1442.0793</ele>
        <time>2015-02-28T23:26:50.040000Z</time>
      </trkpt>
      <trkpt lat="38.908756" lon="111.83732">
        <ele>1441.3058</ele>
        <time>2015-02-28T23:26:53.529000Z</time>
      </trkpt>
      <trkpt lat="38.908848" lon="111.83728">
        <ele>1440.7094</ele>
        <time>2015-02-28T23:26:57.018000Z</time>
      </trkpt>
      <trkpt lat="38.908962" lon="111.83723">
        <ele>1440.3429</ele>
        <time>2015-02-28T23:27:00.507000Z</time>
      </trkpt>
      <trkpt lat="38.909054" lon="111.8373">
        <ele>1440.2374</ele>
        <time>2015-02-28T23:27:03.996000Z</time>
      </trkpt>
      <trkpt lat="38.9091" lon="111.83743">
        <ele>1439.8479</ele>
        <time>2015-02-28T23:27:07.485000Z</time>
      </trkpt>
      <trkpt lat="38.90913" lon="111.83757">
        <ele>1438.5408</ele>
        <time>2015-02-28T23:27:10.974000Z</time>
      </trkpt>
      <trkpt lat="38.909122" lon="111.83779">
        <ele>1436.466</ele>
        <time>2015-02-28T23:27:14.463000Z</time>
      </trkpt>
      <trkpt lat="38.90915" lon="111.83795">
        <ele>1434.4899</ele>
        <time>2015-02-28T23:27:17.952000Z</time>
      </trkpt>
      <trkpt lat="38.909176" lon="111.83807">
        <ele>1433.3187</ele>
        <time>2015-02-28T23:27:21.441000Z</time>
      </trkpt>
      <trkpt lat="38.909203" lon="111.83819">
        <ele>1433.0011</ele>
        <time>2015-02-28T23:27:24.930000Z</time>
      </trkpt>
      <trkpt lat="38.90924" lon="111.83831">
        <ele>1433.096</ele>
        <time>2015-02-28T23:27:28.419000Z</time>
      </trkpt>
      <trkpt lat="38.909298" lon="111.83843">
        <ele>1433.2577</ele>
        <time>2015-02-28T23:27:31.908000Z</time>
      </trkpt>
      <trkpt lat="38.90934" lon="111.83857">
        <ele>1433.3524</ele>
        <time>2015-02-28T23:27:35.397000Z</time>
      </trkpt>
      <trkpt lat="38.90936" lon="111.8387">
        <ele>1433.1011</ele>
        <time>2015-02-28T23:27:38.886000Z</time>
      </trkpt>
      <trkpt lat="38.909367" lon="111.83885">
        <ele>1432.0969</ele>
        <time>2015-02-28T23:27:42.375000Z</time>
      </trkpt>
      <trkpt lat="38.909393" lon="111.83899">
        <ele>1430.4868</ele>
        <time>2015-02-28T23:27:45.864000Z</time>
      </trkpt>
      <trkpt lat="38.909443" lon="111.839096">
        <ele>1427.9244</ele>
        <time>2015-02-28T23:27:49.353000Z</time>
      </trkpt>
      <trkpt lat="38.90949" lon="111.83921">
        <ele>1424.2703</ele>
        <time>2015-02-28T23:27:52.842000Z</time>
      </trkpt>
      <trkpt lat="38.909523" lon="111.839325">
        <ele>1420.1799</ele>
        <time>2015-02-28T23:27:56.331000Z</time>
      </trkpt>
      <trkpt lat="38.90958" lon="111.83945">
        <ele>1416.2151</ele>
        <time>2015-02-28T23:27:59.820000Z</time>
      </trkpt>
      <trkpt lat="38.909645" lon="111.83955">
        <ele>1413.0378</ele>
        <time>2015-02-28T23:28:03.309000Z</time>
      </trkpt>
      <trkpt lat="38.909687" lon="111.83966">
        <ele>1411.384</ele>
        <time>2015-02-28T23:28:06.798000Z</time>
      </trkpt>
      <trkpt lat="38.909718" lon="111.83978">
        <ele>1411.0458</ele>
        <time>2015-02-28T23:28:10.287000Z</time>
      </trkpt>
      <trkpt lat="38.909763" lon="111.83992">
        <ele>1411.5186</ele>
        <time>2015-02-28T23:28:13.776000Z</time>
      </trkpt>
      <trkpt lat="38.909794" lon="111.84004">
        <ele>1412.1086</ele>
        <time>2015-02-28T23:28:17.265000Z</time>
      </trkpt>
      <trkpt lat="38.90981" lon="111.840164">
        <ele>1412.4177</ele>
        <time>2015-02-28T23:28:20.754000Z</time>
      </trkpt>
      <trkpt lat="38.909824" lon="111.8403">
        <ele>1412.4819</ele>
        <time>2015-02-28T23:28:24.243000Z</time>
      </trkpt>
      <trkpt lat="38.909843" lon="111.84044">
        <ele>1412.4421</ele>
        <time>2015-02-28T23:28:27.732000Z</time>
      </trkpt>
      <trkpt lat="38.90989" lon="111.84055">
        <ele>1412.5322</ele>
        <time>2015-02-28T23:28:31.221000Z</time>
      </trkpt>
      <trkpt lat="38.909943" lon="111.84065">
        <ele>1413.1436</ele>
        <time>2015-02-28T23:28:34.710000Z</time>
      </trkpt>
      <trkpt lat="38.91001" lon="111.84074">
        <ele>1414.2277</ele>
        <time>2015-02-28T23:28:38.199000Z</time>
      </trkpt>
      <trkpt lat="38.910053" lon="111.84087">
        <ele>1415.007</ele>
        <time>2015-02-28T23:28:41.688000Z</time>
      </trkpt>
      <trkpt lat="38.91008" lon="111.841">
        <ele>1415.0281</ele>
        <time>2015-02-28T23:28:45.177000Z</time>
      </trkpt>
      <trkpt lat="38.910103" lon="111.84113">
        <ele>1414.6837</ele>
        <time>2015-02-28T23:28:48.666000Z</time>
      </trkpt>
      <trkpt lat="38.910088" lon="111.84128">
        <ele>1414.4188</ele>
        <time>2015-02-28T23:28:52.155000Z</time>
      </trkpt>
      <trkpt lat="38.9101" lon="111.84141">
        <ele>1414.3176</ele>
        <time>2015-02-28T23:28:55.644000Z</time>
      </trkpt>
      <trkpt lat="38.910107" lon="111.841545">
        <ele>1414.3171</ele>
        <time>2015-02-28T23:28:59.133000Z</time>
      </trkpt>
      <trkpt lat="38.910088" lon="111.84169">
        <ele>1414.3456</ele>
        <time>2015-02-28T23:29:02.622000Z</time>
      </trkpt>
      <trkpt lat="38.910145" lon="111.84185">
        <ele>1414.6434</ele>
        <time>2015-02-28T23:29:06.111000Z</time>
      </trkpt>
      <trkpt lat="38.910202" lon="111.84195">
        <ele>1416.2003</ele>
        <time>2015-02-28T23:29:09.600000Z</time>
      </trkpt>
      <trkpt lat="38.91024" lon="111.842094">
        <ele>1419.5131</ele>
        <time>2015-02-28T23:29:13.089000Z</time>
      </trkpt>
      <trkpt lat="38.91024" lon="111.84223">
        <ele>1423.1575</ele>
        <time>2015-02-28T23:29:16.578000Z</time>
      </trkpt>
      <trkpt lat="38.910282" lon="111.842384">
        <ele>1425.645</ele>
        <time>2015-02-28T23:29:20.067000Z</time>
      </trkpt>
      <trkpt lat="38.91032" lon="111.842514">
        <ele>1427.1273</ele>
        <time>2015-02-28T23:29:23.556000Z</time>
      </trkpt>
      <trkpt lat="38.91034" lon="111.842636">
        <ele>1428.0656</ele>
        <time>2015-02-28T23:29:27.045000Z</time>
      </trkpt>
      <trkpt lat="38.910374" lon="111.842766">
        <ele>1427.796</ele>
        <time>2015-02-28T23:29:30.534000Z</time>
      </trkpt>
      <trkpt lat="38.910408" lon="111.842896">
        <ele>1426.0461</ele>
        <time>2015-02-28T23:29:34.023000Z</time>
      </trkpt>
      <trkpt lat="38.910442" lon="111.84302">
        <ele>1424.1161</ele>
        <time>2015-02-28T23:29:37.512000Z</time>
      </trkpt>
      <trkpt lat="38.91046" lon="111.84314">
        <ele>1423.0253</ele>
        <time>2015-02-28T23:29:41.001000Z</time>
      </trkpt>
      <trkpt lat="38.91048" lon="111.843285">
        <ele>1422.3607</ele>
        <time>2015-02-28T23:29:44.490000Z</time>
      </trkpt>
      <trkpt lat="38.910503" lon="111.84343">
        <ele>1421.7776</ele>
        <time>2015-02-28T23:29:47.979000Z</time>
      </trkpt>
      <trkpt lat="38.91052" lon="111.84357">
        <ele>1421.3904</ele>
        <time>2015-02-28T23:29:51.468000Z</time>
      </trkpt>
      <trkpt lat="38.91054" lon="111.84369">
        <ele>1420.5743</ele>
        <time>2015-02-28T23:29:54.957000Z</time>
      </trkpt>
      <trkpt lat="38.91058" lon="111.84382">
        <ele>1418.7911</ele>
        <time>2015-02-28T23:29:58.446000Z</time>
      </trkpt>
      <trkpt lat="38.910618" lon="111.84395">
        <ele>1417.13</ele>
        <time>2015-02-28T23:30:01.935000Z</time>
      </trkpt>
      <trkpt lat="38.91065" lon="111.84407">
        <ele>1416.7832</ele>
        <time>2015-02-28T23:30:05.424000Z</time>
      </trkpt>
      <trkpt lat="38.910637" lon="111.844215">
        <ele>1417.3898</ele>
        <time>2015-02-28T23:30:08.913000Z</time>
      </trkpt>
      <trkpt lat="38.910683" lon="111.84435">
        <ele>1416.563</ele>
        <time>2015-02-28T23:30:12.402000Z</time>
      </trkpt>
      <trkpt lat="38.91071" lon="111.844475">
        <ele>1412.6763</ele>
        <time>2015-02-28T23:30:15.891000Z</time>
      </trkpt>
      <trkpt lat="38.91074" lon="111.8446">
        <ele>1407.9572</ele>
        <time>2015-02-28T23:30:19.380000Z</time>
      </trkpt>
      <trkpt lat="38.91079" lon="111.84474">
        <ele>1405.2396</ele>
        <time>2015-02-28T23:30:22.869000Z</time>
      </trkpt>
      <trkpt lat="38.910812" lon="111.84487">
        <ele>1404.8171</ele>
        <time>2015-02-28T23:30:26.358000Z</time>
      </trkpt>
      <trkpt lat="38.910805" lon="111.84501">
        <ele>1405.9238</ele>
        <time>2015-02-28T23:30:29.847000Z</time>
      </trkpt>
      <trkpt lat="38.91082" lon="111.84513">
        <ele>1407.4087</ele>
        <time>2015-02-28T23:30:33.336000Z</time>
      </trkpt>
      <trkpt lat="38.910847" lon="111.84527">
        <ele>1408.3481</ele>
        <time>2015-02-28T23:30:36.825000Z</time>
      </trkpt>
      <trkpt lat="38.91088" lon="111.84538">
        <ele>1408.908</ele>
        <time>2015-02-28T23:30:40.314000Z</time>
      </trkpt>
      <trkpt lat="38.91092" lon="111.84549">
        <ele>1409.5731</ele>
        <time>2015-02-28T23:30:43.803000Z</time>
      </trkpt>
      <trkpt lat="38.91096" lon="111.84561">
        <ele>1410.1902</ele>
        <time>2015-02-28T23:30:47.292000Z</time>
      </trkpt>
      <trkpt lat="38.91099" lon="111.845726">
        <ele>1410.4646</ele>
        <time>2015-02-28T23:30:50.781000Z</time>
      </trkpt>
      <trkpt lat="38.911026" lon="111.845856">
        <ele>1410.7716</ele>
        <time>2015-02-28T23:30:54.270000Z</time>
      </trkpt>
      <trkpt lat="38.911057" lon="111.84599">
        <ele>1411.7125</ele>
        <time>2015-02-28T23:30:57.759000Z</time>
      </trkpt>
      <trkpt lat="38.9111" lon="111.84612">
        <ele>1413.2592</ele>
        <time>2015-02-28T23:31:01.248000Z</time>
      </trkpt>
      <trkpt lat="38.911148" lon="111.84625">
        <ele>1414.6864</ele>
        <time>2015-02-28T23:31:04.737000Z</time>
      </trkpt>
      <trkpt lat="38.911182" lon="111.84637">
        <ele>1415.319</ele>
        <time>2015-02-28T23:31:08.226000Z</time>
      </trkpt>
      <trkpt lat="38.911213" lon="111.8465">
        <ele>1415.132</ele>
        <time>2015-02-28T23:31:11.715000Z</time>
      </trkpt>
      <trkpt lat="38.91124" lon="111.84662">
        <ele>1414.673</ele>
        <time>2015-02-28T23:31:15.204000Z</time>
      </trkpt>
      <trkpt lat="38.91128" lon="111.84675">
        <ele>1414.3811</ele>
        <time>2015-02-28T23:31:18.693000Z</time>
      </trkpt>
      <trkpt lat="38.911327" lon="111.846855">
        <ele>1414.2924</ele>
        <time>2015-02-28T23:31:22.182000Z</time>
      </trkpt>
      <trkpt lat="38.911366" lon="111.84698">
        <ele>1414.447</ele>
        <time>2015-02-28T23:31:25.671000Z</time>
      </trkpt>
      <trkpt lat="38.9114" lon="111.8471">
        <ele>1415.2592</ele>
        <time>2015-02-28T23:31:29.160000Z</time>
      </trkpt>
      <trkpt lat="38.911438" lon="111.847206">
        <ele>1416.7318</ele>
        <time>2015-02-28T23:31:32.649000Z</time>
      </trkpt>
      <trkpt lat="38.91148" lon="111.847336">
        <ele>1418.0225</ele>
        <time>2015-02-28T23:31:36.138000Z</time>
      </trkpt>
      <trkpt lat="38.91151" lon="111.84745">
        <ele>1418.5734</ele>
        <time>2015-02-28T23:31:39.627000Z</time>
      </trkpt>
      <trkpt lat="38.911545" lon="111.8476">
        <ele>1418.6199</ele>
        <time>2015-02-28T23:31:43.116000Z</time>
      </trkpt>
      <trkpt lat="38.911575" lon="111.847725">
        <ele>1418.4979</ele>
        <time>2015-02-28T23:31:46.605000Z</time>
      </trkpt>
      <trkpt lat="38.911606" lon="111.84785">
        <ele>1418.393</ele>
        <time>2015-02-28T23:31:50.094000Z</time>
      </trkpt>
      <trkpt lat="38.91164" lon="111.84796">
        <ele>1418.625</ele>
        <time>2015-02-28T23:31:53.583000Z</time>
      </trkpt>
      <trkpt lat="38.911697" lon="111.84806">
        <ele>1419.3416</ele>
        <time>2015-02-28T23:31:57.072000Z</time>
      </trkpt>
      <trkpt lat="38.911747" lon="111.84817">
        <ele>1420.2286</ele>
        <time>2015-02-28T23:32:00.561000Z</time>
      </trkpt>
      <trkpt lat="38.91177" lon="111.84831">
        <ele>1420.9476</ele>
        <time>2015-02-28T23:32:04.050000Z</time>
      </trkpt>
      <trkpt lat="38.911785" lon="111.84843">
        <ele>1420.9591</ele>
        <time>2015-02-28T23:32:07.539000Z</time>
      </trkpt>
      <trkpt lat="38.911797" lon="111.84857">
        <ele>1419.995</ele>
        <time>2015-02-28T23:32:11.028000Z</time>
      </trkpt>
      <trkpt lat="38.911808" lon="111.84872">
        <ele>1419.1285</ele>
        <time>2015-02-28T23:32:14.517000Z</time>
      </trkpt>
      <trkpt lat="38.911842" lon="111.84883">
        <ele>1419.2637</ele>
        <time>2015-02-28T23:32:18.006000Z</time>
      </trkpt>
      <trkpt lat="38.91187" lon="111.84896">
        <ele>1419.474</ele>
        <time>2015-02-28T23:32:21.495000Z</time>
      </trkpt>
      <trkpt lat="38.911907" lon="111.849075">
        <ele>1418.8257</ele>
        <time>2015-02-28T23:32:24.984000Z</time>
      </trkpt>
      <trkpt lat="38.911938" lon="111.84918">
        <ele>1418.4164</ele>
        <time>2015-02-28T23:32:28.473000Z</time>
      </trkpt>
      <trkpt lat="38.911972" lon="111.84931">
        <ele>1419.3173</ele>
        <time>2015-02-28T23:32:31.962000Z</time>
      </trkpt>
      <trkpt lat="38.912003" lon="111.84944">
        <ele>1420.5259</ele>
        <time>2015-02-28T23:32:35.451000Z</time>
      </trkpt>
      <trkpt lat="38.912018" lon="111.84957">
        <ele>1420.7838</ele>
        <time>2015-02-28T23:32:38.940000Z</time>
      </trkpt>
      <trkpt lat="38.912052" lon="111.84971">
        <ele>1420.2394</ele>
        <time>2015-02-28T23:32:42.429000Z</time>
      </trkpt>
      <trkpt lat="38.912086" lon="111.84985">
        <ele>1419.6182</ele>
        <time>2015-02-28T23:32:45.918000Z</time>
      </trkpt>
      <trkpt lat="38.912106" lon="111.84997">
        <ele>1419.3063</ele>
        <time>2015-02-28T23:32:49.407000Z</time>
      </trkpt>
      <trkpt lat="38.912125" lon="111.8501">
        <ele>1419.2487</ele>
        <time>2015-02-28T23:32:52.896000Z</time>
      </trkpt>
      <trkpt lat="38.912144" lon="111.85023">
        <ele>1419.156</ele>
        <time>2015-02-28T23:32:56.385000Z</time>
      </trkpt>
      <trkpt lat="38.912193" lon="111.850365">
        <ele>1418.8468</ele>
        <time>2015-02-28T23:32:59.874000Z</time>
      </trkpt>
      <trkpt lat="38.912224" lon="111.85048">
        <ele>1418.6407</ele>
        <time>2015-02-28T23:33:03.363000Z</time>
      </trkpt>
      <trkpt lat="38.91226" lon="111.850624">
        <ele>1418.968</ele>
        <time>2015-02-28T23:33:06.852000Z</time>
      </trkpt>
      <trkpt lat="38.912266" lon="111.85076">
        <ele>1419.667</ele>
        <time>2015-02-28T23:33:10.341000Z</time>
      </trkpt>
      <trkpt lat="38.912273" lon="111.850876">
        <ele>1420.2375</ele>
        <time>2015-02-28T23:33:13.830000Z</time>
      </trkpt>
      <trkpt lat="38.9123" lon="111.85102">
        <ele>1420.6056</ele>
        <time>2015-02-28T23:33:17.319000Z</time>
      </trkpt>
      <trkpt lat="38.91231" lon="111.85114">
        <ele>1420.6993</ele>
        <time>2015-02-28T23:33:20.808000Z</time>
      </trkpt>
      <trkpt lat="38.912376" lon="111.85125">
        <ele>1420.2913</ele>
        <time>2015-02-28T23:33:24.297000Z</time>
      </trkpt>
      <trkpt lat="38.912457" lon="111.85136">
        <ele>1419.4049</ele>
        <time>2015-02-28T23:33:27.786000Z</time>
      </trkpt>
      <trkpt lat="38.91251" lon="111.85147">
        <ele>1418.6191</ele>
        <time>2015-02-28T23:33:31.275000Z</time>
      </trkpt>
      <trkpt lat="38.912548" lon="111.8516">
        <ele>1418.5164</ele>
        <time>2015-02-28T23:33:34.764000Z</time>
      </trkpt>
      <trkpt lat="38.912586" lon="111.851715">
        <ele>1419.0775</ele>
        <time>2015-02-28T23:33:38.253000Z</time>
      </trkpt>
      <trkpt lat="38.91262" lon="111.85183">
        <ele>1419.923</ele>
        <time>2015-02-28T23:33:41.742000Z</time>
      </trkpt>
      <trkpt lat="38.912655" lon="111.85194">
        <ele>1420.793</ele>
        <time>2015-02-28T23:33:45.231000Z</time>
      </trkpt>
      <trkpt lat="38.912678" lon="111.852066">
        <ele>1421.4827</ele>
        <time>2015-02-28T23:33:48.720000Z</time>
      </trkpt>
      <trkpt lat="38.9127" lon="111.85219">
        <ele>1422.1476</ele>
        <time>2015-02-28T23:33:52.209000Z</time>
      </trkpt>
      <trkpt lat="38.91273" lon="111.8523">
        <ele>1422.8452</ele>
        <time>2015-02-28T23:33:55.698000Z</time>
      </trkpt>
      <trkpt lat="38.91277" lon="111.85245">
        <ele>1423.3185</ele>
        <time>2015-02-28T23:33:59.187000Z</time>
      </trkpt>
      <trkpt lat="38.912773" lon="111.85259">
        <ele>1423.3375</ele>
        <time>2015-02-28T23:34:02.676000Z</time>
      </trkpt>
      <trkpt lat="38.91279" lon="111.852715">
        <ele>1422.9609</ele>
        <time>2015-02-28T23:34:06.165000Z</time>
      </trkpt>
      <trkpt lat="38.91281" lon="111.85284">
        <ele>1422.5342</ele>
        <time>2015-02-28T23:34:09.654000Z</time>
      </trkpt>
      <trkpt lat="38.912834" lon="111.85297">
        <ele>1422.0442</ele>
        <time>2015-02-28T23:34:13.143000Z</time>
      </trkpt>
      <trkpt lat="38.91287" lon="111.8531">
        <ele>1421.2854</ele>
        <time>2015-02-28T23:34:16.632000Z</time>
      </trkpt>
      <trkpt lat="38.9129" lon="111.85323">
        <ele>1420.8544</ele>
        <time>2015-02-28T23:34:20.121000Z</time>
      </trkpt>
      <trkpt lat="38.912918" lon="111.85335">
        <ele>1421.2584</ele>
        <time>2015-02-28T23:34:23.610000Z</time>
      </trkpt>
      <trkpt lat="38.912968" lon="111.853485">
        <ele>1422.0996</ele>
        <time>2015-02-28T23:34:27.099000Z</time>
      </trkpt>
      <trkpt lat="38.913006" lon="111.85361">
        <ele>1423.1494</ele>
        <time>2015-02-28T23:34:30.588000Z</time>
      </trkpt>
      <trkpt lat="38.913025" lon="111.85372">
        <ele>1424.4874</ele>
        <time>2015-02-28T23:34:34.077000Z</time>
      </trkpt>
      <trkpt lat="38.913048" lon="111.85387">
        <ele>1425.7268</ele>
        <time>2015-02-28T23:34:37.566000Z</time>
      </trkpt>
      <trkpt lat="38.913113" lon="111.853966">
        <ele>1426.4158</ele>
        <time>2015-02-28T23:34:41.055000Z</time>
      </trkpt>
      <trkpt lat="38.913166" lon="111.85409">
        <ele>1426.857</ele>
        <time>2015-02-28T23:34:44.544000Z</time>
      </trkpt>
      <trkpt lat="38.913223" lon="111.85419">
        <ele>1427.6427</ele>
        <time>2015-02-28T23:34:48.033000Z</time>
      </trkpt>
      <trkpt lat="38.91329" lon="111.85427">
        <ele>1428.6401</ele>
        <time>2015-02-28T23:34:51.522000Z</time>
      </trkpt>
      <trkpt lat="38.913357" lon="111.8544">
        <ele>1429.5808</ele>
        <time>2015-02-28T23:34:55.011000Z</time>
      </trkpt>
      <trkpt lat="38.913406" lon="111.854515">
        <ele>1430.516</ele>
        <time>2015-02-28T23:34:58.500000Z</time>
      </trkpt>
      <trkpt lat="38.913406" lon="111.854515">
        <ele>1431.2275</ele>
        <time>2015-02-28T23:35:01.989000Z</time>
      </trkpt>
      <trkpt lat="38.91347" lon="111.85468">
        <ele>1429.0015</ele>
        <time>2015-02-28T23:35:05.478000Z</time>
      </trkpt>
      <trkpt lat="38.91347" lon="111.85468">
        <ele>1428.4557</ele>
        <time>2015-02-28T23:35:08.967000Z</time>
      </trkpt>
      <trkpt lat="38.913372" lon="111.85473">
        <ele>1427.9926</ele>
        <time>2015-02-28T23:35:12.456000Z</time>
      </trkpt>
      <trkpt lat="38.913345" lon="111.85473">
        <ele>1427.7981</ele>
        <time>2015-02-28T23:35:15.945000Z</time>
      </trkpt>
      <trkpt lat="38.913235" lon="111.85474">
        <ele>1428.2955</ele>
        <time>2015-02-28T23:35:19.434000Z</time>
      </trkpt>
      <trkpt lat="38.913143" lon="111.85475">
        <ele>1429.0011</ele>
        <time>2015-02-28T23:35:22.923000Z</time>
      </trkpt>
      <trkpt lat="38.91307" lon="111.85484">
        <ele>1429.6663</ele>
        <time>2015-02-28T23:35:26.412000Z</time>
      </trkpt>
      <trkpt lat="38.91303" lon="111.854965">
        <ele>1430.4774</ele>
        <time>2015-02-28T23:35:29.901000Z</time>
      </trkpt>
      <trkpt lat="38.912994" lon="111.85509">
        <ele>1431.3124</ele>
        <time>2015-02-28T23:35:33.390000Z</time>
      </trkpt>
      <trkpt lat="38.912952" lon="111.85521">
        <ele>1432.2415</ele>
        <time>2015-02-28T23:35:36.879000Z</time>
      </trkpt>
      <trkpt lat="38.912888" lon="111.85533">
        <ele>1433.3523</ele>
        <time>2015-02-28T23:35:40.368000Z</time>
      </trkpt>
      <trkpt lat="38.912838" lon="111.85546">
        <ele>1434.1993</ele>
        <time>2015-02-28T23:35:43.857000Z</time>
      </trkpt>
      <trkpt lat="38.91279" lon="111.85559">
        <ele>1434.5198</ele>
        <time>2015-02-28T23:35:47.346000Z</time>
      </trkpt>
      <trkpt lat="38.912743" lon="111.85571">
        <ele>1434.5193</ele>
        <time>2015-02-28T23:35:50.835000Z</time>
      </trkpt>
      <trkpt lat="38.912693" lon="111.85584">
        <ele>1434.5659</ele>
        <time>2015-02-28T23:35:54.324000Z</time>
      </trkpt>
      <trkpt lat="38.912647" lon="111.85595">
        <ele>1434.857</ele>
        <time>2015-02-28T23:35:57.813000Z</time>
      </trkpt>
      <trkpt lat="38.912594" lon="111.85608">
        <ele>1435.2009</ele>
        <time>2015-02-28T23:36:01.302000Z</time>
      </trkpt>
      <trkpt lat="38.912548" lon="111.85619">
        <ele>1435.3765</ele>
        <time>2015-02-28T23:36:04.791000Z</time>
      </trkpt>
      <trkpt lat="38.9125" lon="111.85632">
        <ele>1435.4105</ele>
        <time>2015-02-28T23:36:08.280000Z</time>
      </trkpt>
      <trkpt lat="38.91244" lon="111.856445">
        <ele>1435.5243</ele>
        <time>2015-02-28T23:36:11.769000Z</time>
      </trkpt>
      <trkpt lat="38.912388" lon="111.856575">
        <ele>1436.4088</ele>
        <time>2015-02-28T23:36:15.258000Z</time>
      </trkpt>
      <trkpt lat="38.912342" lon="111.8567">
        <ele>1438.3419</ele>
        <time>2015-02-28T23:36:18.747000Z</time>
      </trkpt>
      <trkpt lat="38.912285" lon="111.85681">
        <ele>1440.3522</ele>
        <time>2015-02-28T23:36:22.236000Z</time>
      </trkpt>
      <trkpt lat="38.912224" lon="111.856926">
        <ele>1441.313</ele>
        <time>2015-02-28T23:36:25.725000Z</time>
      </trkpt>
      <trkpt lat="38.912174" lon="111.85704">
        <ele>1441.2068</ele>
        <time>2015-02-28T23:36:29.214000Z</time>
      </trkpt>
      <trkpt lat="38.91213" lon="111.85714">
        <ele>1440.5768</ele>
        <time>2015-02-28T23:36:32.703000Z</time>
      </trkpt>
      <trkpt lat="38.912075" lon="111.857285">
        <ele>1439.8773</ele>
        <time>2015-02-28T23:36:36.192000Z</time>
      </trkpt>
      <trkpt lat="38.912014" lon="111.85738">
        <ele>1439.5309</ele>
        <time>2015-02-28T23:36:39.681000Z</time>
      </trkpt>
      <trkpt lat="38.911957" lon="111.85749">
        <ele>1439.7256</ele>
        <time>2015-02-28T23:36:43.170000Z</time>
      </trkpt>
      <trkpt lat="38.911903" lon="111.85759">
        <ele>1439.9708</ele>
        <time>2015-02-28T23:36:46.659000Z</time>
      </trkpt>
      <trkpt lat="38.91184" lon="111.85767">
        <ele>1439.5673</ele>
        <time>2015-02-28T23:36:50.148000Z</time>
      </trkpt>
      <trkpt lat="38.911777" lon="111.857796">
        <ele>1438.544</ele>
        <time>2015-02-28T23:36:53.637000Z</time>
      </trkpt>
      <trkpt lat="38.911728" lon="111.857925">
        <ele>1437.6129</ele>
        <time>2015-02-28T23:36:57.126000Z</time>
      </trkpt>
      <trkpt lat="38.911674" lon="111.85805">
        <ele>1437.3427</ele>
        <time>2015-02-28T23:37:00.615000Z</time>
      </trkpt>
      <trkpt lat="38.911613" lon="111.85817">
        <ele>1437.5225</ele>
        <time>2015-02-28T23:37:04.104000Z</time>
      </trkpt>
      <trkpt lat="38.91156" lon="111.858284">
        <ele>1437.7551</ele>
        <time>2015-02-28T23:37:07.593000Z</time>
      </trkpt>
      <trkpt lat="38.911514" lon="111.858406">
        <ele>1438.273</ele>
        <time>2015-02-28T23:37:11.082000Z</time>
      </trkpt>
      <trkpt lat="38.911457" lon="111.85853">
        <ele>1439.3844</ele>
        <time>2015-02-28T23:37:14.571000Z</time>
      </trkpt>
      <trkpt lat="38.91141" lon="111.85863">
        <ele>1440.605</ele>
        <time>2015-02-28T23:37:18.060000Z</time>
      </trkpt>
      <trkpt lat="38.911343" lon="111.85876">
        <ele>1441.3442</ele>
        <time>2015-02-28T23:37:21.549000Z</time>
      </trkpt>
      <trkpt lat="38.911285" lon="111.85888">
        <ele>1441.2761</ele>
        <time>2015-02-28T23:37:25.038000Z</time>
      </trkpt>
      <trkpt lat="38.91124" lon="111.858986">
        <ele>1440.5022</ele>
        <time>2015-02-28T23:37:28.527000Z</time>
      </trkpt>
      <trkpt lat="38.911194" lon="111.859085">
        <ele>1439.9397</ele>
        <time>2015-02-28T23:37:32.016000Z</time>
      </trkpt>
      <trkpt lat="38.91115" lon="111.8592">
        <ele>1440.2491</ele>
        <time>2015-02-28T23:37:35.505000Z</time>
      </trkpt>
      <trkpt lat="38.911125" lon="111.85934">
        <ele>1441.0566</ele>
        <time>2015-02-28T23:37:38.994000Z</time>
      </trkpt>
      <trkpt lat="38.911068" lon="111.85947">
        <ele>1441.8318</ele>
        <time>2015-02-28T23:37:42.483000Z</time>
      </trkpt>
      <trkpt lat="38.911015" lon="111.859604">
        <ele>1442.3226</ele>
        <time>2015-02-28T23:37:45.972000Z</time>
      </trkpt>
      <trkpt lat="38.91096" lon="111.859726">
        <ele>1442.3328</ele>
        <time>2015-02-28T23:37:49.461000Z</time>
      </trkpt>
      <trkpt lat="38.9109" lon="111.85985">
        <ele>1442.0828</ele>
        <time>2015-02-28T23:37:52.950000Z</time>
      </trkpt>
      <trkpt lat="38.91086" lon="111.85995">
        <ele>1442.1478</ele>
        <time>2015-02-28T23:37:56.439000Z</time>
      </trkpt>
      <trkpt lat="38.91081" lon="111.86005">
        <ele>1442.6621</ele>
        <time>2015-02-28T23:37:59.928000Z</time>
      </trkpt>
      <trkpt lat="38.910748" lon="111.86015">
        <ele>1443.3068</ele>
        <time>2015-02-28T23:38:03.417000Z</time>
      </trkpt>
      <trkpt lat="38.910694" lon="111.86025">
        <ele>1443.9009</ele>
        <time>2015-02-28T23:38:06.906000Z</time>
      </trkpt>
      <trkpt lat="38.91066" lon="111.86036">
        <ele>1444.4403</ele>
        <time>2015-02-28T23:38:10.395000Z</time>
      </trkpt>
      <trkpt lat="38.910633" lon="111.86049">
        <ele>1445.2091</ele>
        <time>2015-02-28T23:38:13.884000Z</time>
      </trkpt>
      <trkpt lat="38.910587" lon="111.860596">
        <ele>1446.5599</ele>
        <time>2015-02-28T23:38:17.373000Z</time>
      </trkpt>
      <trkpt lat="38.910538" lon="111.86069">
        <ele>1448.145</ele>
        <time>2015-02-28T23:38:20.862000Z</time>
      </trkpt>
      <trkpt lat="38.910484" lon="111.86079">
        <ele>1448.952</ele>
        <time>2015-02-28T23:38:24.351000Z</time>
      </trkpt>
      <trkpt lat="38.910423" lon="111.86088">
        <ele>1448.4572</ele>
        <time>2015-02-28T23:38:27.840000Z</time>
      </trkpt>
      <trkpt lat="38.910378" lon="111.86098">
        <ele>1447.3228</ele>
        <time>2015-02-28T23:38:31.329000Z</time>
      </trkpt>
      <trkpt lat="38.910316" lon="111.86108">
        <ele>1446.6107</ele>
        <time>2015-02-28T23:38:34.818000Z</time>
      </trkpt>
      <trkpt lat="38.91028" lon="111.86122">
        <ele>1446.6544</ele>
        <time>2015-02-28T23:38:38.307000Z</time>
      </trkpt>
      <trkpt lat="38.91022" lon="111.86132">
        <ele>1446.8903</ele>
        <time>2015-02-28T23:38:41.796000Z</time>
      </trkpt>
      <trkpt lat="38.910164" lon="111.86143">
        <ele>1446.7991</ele>
        <time>2015-02-28T23:38:45.285000Z</time>
      </trkpt>
      <trkpt lat="38.91011" lon="111.86154">
        <ele>1446.5251</ele>
        <time>2015-02-28T23:38:48.774000Z</time>
      </trkpt>
      <trkpt lat="38.910072" lon="111.86166">
        <ele>1446.3452</ele>
        <time>2015-02-28T23:38:52.263000Z</time>
      </trkpt>
      <trkpt lat="38.910034" lon="111.861786">
        <ele>1446.2878</ele>
        <time>2015-02-28T23:38:55.752000Z</time>
      </trkpt>
      <trkpt lat="38.90998" lon="111.86189">
        <ele>1446.296</ele>
        <time>2015-02-28T23:38:59.241000Z</time>
      </trkpt>
      <trkpt lat="38.909916" lon="111.862015">
        <ele>1446.1804</ele>
        <time>2015-02-28T23:39:02.730000Z</time>
      </trkpt>
      <trkpt lat="38.909866" lon="111.862114">
        <ele>1445.5587</ele>
        <time>2015-02-28T23:39:06.219000Z</time>
      </trkpt>
      <trkpt lat="38.90981" lon="111.86221">
        <ele>1444.474</ele>
        <time>2015-02-28T23:39:09.708000Z</time>
      </trkpt>
      <trkpt lat="38.90975" lon="111.86232">
        <ele>1443.5592</ele>
        <time>2015-02-28T23:39:13.197000Z</time>
      </trkpt>
      <trkpt lat="38.909687" lon="111.86243">
        <ele>1443.1803</ele>
        <time>2015-02-28T23:39:16.686000Z</time>
      </trkpt>
      <trkpt lat="38.90963" lon="111.86255">
        <ele>1443.2942</ele>
        <time>2015-02-28T23:39:20.175000Z</time>
      </trkpt>
      <trkpt lat="38.909565" lon="111.86267">
        <ele>1443.7438</ele>
        <time>2015-02-28T23:39:23.664000Z</time>
      </trkpt>
      <trkpt lat="38.909515" lon="111.86278">
        <ele>1444.464</ele>
        <time>2015-02-28T23:39:27.153000Z</time>
      </trkpt>
      <trkpt lat="38.909462" lon="111.86287">
        <ele>1445.3894</ele>
        <time>2015-02-28T23:39:30.642000Z</time>
      </trkpt>
      <trkpt lat="38.909393" lon="111.86299">
        <ele>1446.1565</ele>
        <time>2015-02-28T23:39:34.131000Z</time>
      </trkpt>
      <trkpt lat="38.90933" lon="111.8631">
        <ele>1446.1932</ele>
        <time>2015-02-28T23:39:37.620000Z</time>
      </trkpt>
      <trkpt lat="38.909267" lon="111.86322">
        <ele>1445.4904</ele>
        <time>2015-02-28T23:39:41.109000Z</time>
      </trkpt>
      <trkpt lat="38.909206" lon="111.86334">
        <ele>1444.6749</ele>
        <time>2015-02-28T23:39:44.598000Z</time>
      </trkpt>
      <trkpt lat="38.90915" lon="111.86346">
        <ele>1444.4003</ele>
        <time>2015-02-28T23:39:48.087000Z</time>
      </trkpt>
      <trkpt lat="38.90909" lon="111.86357">
        <ele>1444.5438</ele>
        <time>2015-02-28T23:39:51.576000Z</time>
      </trkpt>
      <trkpt lat="38.90903" lon="111.86367">
        <ele>1444.4741</ele>
        <time>2015-02-28T23:39:55.065000Z</time>
      </trkpt>
      <trkpt lat="38.908974" lon="111.863785">
        <ele>1443.9866</ele>
        <time>2015-02-28T23:39:58.554000Z</time>
      </trkpt>
      <trkpt lat="38.908924" lon="111.86389">
        <ele>1443.5016</ele>
        <time>2015-02-28T23:40:02.043000Z</time>
      </trkpt>
      <trkpt lat="38.90888" lon="111.864">
        <ele>1443.2759</ele>
        <time>2015-02-28T23:40:05.532000Z</time>
      </trkpt>
      <trkpt lat="38.908806" lon="111.86412">
        <ele>1443.2444</ele>
        <time>2015-02-28T23:40:09.021000Z</time>
      </trkpt>
      <trkpt lat="38.908752" lon="111.86421">
        <ele>1443.2849</ele>
        <time>2015-02-28T23:40:12.510000Z</time>
      </trkpt>
      <trkpt lat="38.90871" lon="111.86433">
        <ele>1443.3245</ele>
        <time>2015-02-28T23:40:15.999000Z</time>
      </trkpt>
      <trkpt lat="38.908665" lon="111.864456">
        <ele>1443.6189</ele>
        <time>2015-02-28T23:40:19.488000Z</time>
      </trkpt>
      <trkpt lat="38.90859" lon="111.86456">
        <ele>1444.8938</ele>
        <time>2015-02-28T23:40:22.977000Z</time>
      </trkpt>
      <trkpt lat="38.90851" lon="111.86467">
        <ele>1447.4834</ele>
        <time>2015-02-28T23:40:26.466000Z</time>
      </trkpt>
      <trkpt lat="38.90842" lon="111.86473">
        <ele>1450.3881</ele>
        <time>2015-02-28T23:40:29.955000Z</time>
      </trkpt>
      <trkpt lat="38.908348" lon="111.864624">
        <ele>1452.1108</ele>
        <time>2015-02-28T23:40:33.444000Z</time>
      </trkpt>
      <trkpt lat="38.908306" lon="111.86452">
        <ele>1452.0464</ele>
        <time>2015-02-28T23:40:36.933000Z</time>
      </trkpt>
      <trkpt lat="38.908257" lon="111.8644">
        <ele>1450.7188</ele>
        <time>2015-02-28T23:40:40.422000Z</time>
      </trkpt>
      <trkpt lat="38.90822" lon="111.86429">
        <ele>1449.0682</ele>
        <time>2015-02-28T23:40:43.911000Z</time>
      </trkpt>
      <trkpt lat="38.908176" lon="111.864174">
        <ele>1447.673</ele>
        <time>2015-02-28T23:40:47.400000Z</time>
      </trkpt>
      <trkpt lat="38.90813" lon="111.86407">
        <ele>1446.5618</ele>
        <time>2015-02-28T23:40:50.889000Z</time>
      </trkpt>
      <trkpt lat="38.908073" lon="111.86393">
        <ele>1445.7296</ele>
        <time>2015-02-28T23:40:54.378000Z</time>
      </trkpt>
      <trkpt lat="38.908024" lon="111.863815">
        <ele>1445.144</ele>
        <time>2015-02-28T23:40:57.867000Z</time>
      </trkpt>
      <trkpt lat="38.90799" lon="111.86371">
        <ele>1444.4084</ele>
        <time>2015-02-28T23:41:01.356000Z</time>
      </trkpt>
      <trkpt lat="38.907955" lon="111.863594">
        <ele>1443.3721</ele>
        <time>2015-02-28T23:41:04.844000Z</time>
      </trkpt>
      <trkpt lat="38.907917" lon="111.86349">
        <ele>1442.3877</ele>
        <time>2015-02-28T23:41:08.332000Z</time>
      </trkpt>
      <trkpt lat="38.907867" lon="111.86339">
        <ele>1441.6869</ele>
        <time>2015-02-28T23:41:11.820000Z</time>
      </trkpt>
      <trkpt lat="38.9078" lon="111.86328">
        <ele>1441.3021</ele>
        <time>2015-02-28T23:41:15.308000Z</time>
      </trkpt>
      <trkpt lat="38.907745" lon="111.863174">
        <ele>1441.4889</ele>
        <time>2015-02-28T23:41:18.796000Z</time>
      </trkpt>
      <trkpt lat="38.907707" lon="111.86306">
        <ele>1442.2509</ele>
        <time>2015-02-28T23:41:22.284000Z</time>
      </trkpt>
      <trkpt lat="38.907673" lon="111.862946">
        <ele>1443.1852</ele>
        <time>2015-02-28T23:41:25.772000Z</time>
      </trkpt>
      <trkpt lat="38.907635" lon="111.86285">
        <ele>1444.0648</ele>
        <time>2015-02-28T23:41:29.260000Z</time>
      </trkpt>
      <trkpt lat="38.907593" lon="111.86272">
        <ele>1444.8542</ele>
        <time>2015-02-28T23:41:32.748000Z</time>
      </trkpt>
      <trkpt lat="38.907543" lon="111.862595">
        <ele>1445.1973</ele>
        <time>2015-02-28T23:41:36.236000Z</time>
      </trkpt>
      <trkpt lat="38.907497" lon="111.86248">
        <ele>1444.6979</ele>
        <time>2015-02-28T23:41:39.724000Z</time>
      </trkpt>
      <trkpt lat="38.907455" lon="111.86236">
        <ele>1443.5745</ele>
        <time>2015-02-28T23:41:43.212000Z</time>
      </trkpt>
      <trkpt lat="38.907406" lon="111.862236">
        <ele>1442.7339</ele>
        <time>2015-02-28T23:41:46.700000Z</time>
      </trkpt>
      <trkpt lat="38.90736" lon="111.86211">
        <ele>1442.6779</ele>
        <time>2015-02-28T23:41:50.188000Z</time>
      </trkpt>
      <trkpt lat="38.9073" lon="111.862">
        <ele>1443.0133</ele>
        <time>2015-02-28T23:41:53.676000Z</time>
      </trkpt>
      <trkpt lat="38.90724" lon="111.86188">
        <ele>1443.2816</ele>
        <time>2015-02-28T23:41:57.164000Z</time>
      </trkpt>
      <trkpt lat="38.907177" lon="111.861755">
        <ele>1443.3877</ele>
        <time>2015-02-28T23:42:00.652000Z</time>
      </trkpt>
      <trkpt lat="38.907104" lon="111.86163">
        <ele>1443.3911</ele>
        <time>2015-02-28T23:42:04.140000Z</time>
      </trkpt>
      <trkpt lat="38.907047" lon="111.861534">
        <ele>1443.5016</ele>
        <time>2015-02-28T23:42:07.628000Z</time>
      </trkpt>
      <trkpt lat="38.90696" lon="111.861435">
        <ele>1443.8397</ele>
        <time>2015-02-28T23:42:11.116000Z</time>
      </trkpt>
      <trkpt lat="38.906883" lon="111.86134">
        <ele>1444.2007</ele>
        <time>2015-02-28T23:42:14.604000Z</time>
      </trkpt>
      <trkpt lat="38.90681" lon="111.86125">
        <ele>1444.2375</ele>
        <time>2015-02-28T23:42:18.092000Z</time>
      </trkpt>
      <trkpt lat="38.906734" lon="111.86115">
        <ele>1443.7683</ele>
        <time>2015-02-28T23:42:21.580000Z</time>
      </trkpt>
      <trkpt lat="38.906643" lon="111.86106">
        <ele>1442.8726</ele>
        <time>2015-02-28T23:42:25.068000Z</time>
      </trkpt>
      <trkpt lat="38.90656" lon="111.861">
        <ele>1441.9386</ele>
        <time>2015-02-28T23:42:28.556000Z</time>
      </trkpt>
      <trkpt lat="38.906483" lon="111.86093">
        <ele>1441.3533</ele>
        <time>2015-02-28T23:42:32.044000Z</time>
      </trkpt>
      <trkpt lat="38.906387" lon="111.86085">
        <ele>1441.1792</ele>
        <time>2015-02-28T23:42:35.532000Z</time>
      </trkpt>
      <trkpt lat="38.9063" lon="111.8608">
        <ele>1441.0769</ele>
        <time>2015-02-28T23:42:39.020000Z</time>
      </trkpt>
      <trkpt lat="38.906197" lon="111.860756">
        <ele>1440.5173</ele>
        <time>2015-02-28T23:42:42.508000Z</time>
      </trkpt>
      <trkpt lat="38.9061" lon="111.860695">
        <ele>1439.4755</ele>
        <time>2015-02-28T23:42:45.996000Z</time>
      </trkpt>
      <trkpt lat="38.90599" lon="111.860664">
        <ele>1438.7133</ele>
        <time>2015-02-28T23:42:49.484000Z</time>
      </trkpt>
      <trkpt lat="38.9059" lon="111.86062">
        <ele>1438.693</ele>
        <time>2015-02-28T23:42:52.972000Z</time>
      </trkpt>
      <trkpt lat="38.905815" lon="111.86056">
        <ele>1439.5858</ele>
        <time>2015-02-28T23:42:56.460000Z</time>
      </trkpt>
      <trkpt lat="38.9057" lon="111.86053">
        <ele>1441.5632</ele>
        <time>2015-02-28T23:42:59.948000Z</time>
      </trkpt>
      <trkpt lat="38.905582" lon="111.8605">
        <ele>1443.8605</ele>
        <time>2015-02-28T23:43:03.436000Z</time>
      </trkpt>
      <trkpt lat="38.905468" lon="111.86046">
        <ele>1445.3009</ele>
        <time>2015-02-28T23:43:06.924000Z</time>
      </trkpt>
      <trkpt lat="38.905376" lon="111.86044">
        <ele>1445.5913</ele>
        <time>2015-02-28T23:43:10.412000Z</time>
      </trkpt>
      <trkpt lat="38.90529" lon="111.860405">
        <ele>1445.1433</ele>
        <time>2015-02-28T23:43:13.900000Z</time>
      </trkpt>
      <trkpt lat="38.905178" lon="111.86037">
        <ele>1444.5854</ele>
        <time>2015-02-28T23:43:17.388000Z</time>
      </trkpt>
      <trkpt lat="38.905067" lon="111.860306">
        <ele>1444.4319</ele>
        <time>2015-02-28T23:43:20.876000Z</time>
      </trkpt>
      <trkpt lat="38.904972" lon="111.86025">
        <ele>1444.7313</ele>
        <time>2015-02-28T23:43:24.364000Z</time>
      </trkpt>
      <trkpt lat="38.904884" lon="111.86018">
        <ele>1445.1383</ele>
        <time>2015-02-28T23:43:27.852000Z</time>
      </trkpt>
      <trkpt lat="38.904804" lon="111.8601">
        <ele>1445.3591</ele>
        <time>2015-02-28T23:43:31.340000Z</time>
      </trkpt>
      <trkpt lat="38.904724" lon="111.86">
        <ele>1445.4092</ele>
        <time>2015-02-28T23:43:34.828000Z</time>
      </trkpt>
      <trkpt lat="38.90464" lon="111.8599">
        <ele>1445.5221</ele>
        <time>2015-02-28T23:43:38.316000Z</time>
      </trkpt>
      <trkpt lat="38.904556" lon="111.85979">
        <ele>1445.9869</ele>
        <time>2015-02-28T23:43:41.804000Z</time>
      </trkpt>
      <trkpt lat="38.90448" lon="111.85969">
        <ele>1446.6985</ele>
        <time>2015-02-28T23:43:45.292000Z</time>
      </trkpt>
      <trkpt lat="38.904434" lon="111.85957">
        <ele>1447.3774</ele>
        <time>2015-02-28T23:43:48.780000Z</time>
      </trkpt>
      <trkpt lat="38.90441" lon="111.85946">
        <ele>1447.9412</ele>
        <time>2015-02-28T23:43:52.268000Z</time>
      </trkpt>
      <trkpt lat="38.904392" lon="111.859314">
        <ele>1448.3099</ele>
        <time>2015-02-28T23:43:55.756000Z</time>
      </trkpt>
      <trkpt lat="38.904392" lon="111.859184">
        <ele>1448.012</ele>
        <time>2015-02-28T23:43:59.244000Z</time>
      </trkpt>
      <trkpt lat="38.904404" lon="111.85907">
        <ele>1446.5004</ele>
        <time>2015-02-28T23:44:02.732000Z</time>
      </trkpt>
      <trkpt lat="38.904423" lon="111.85894">
        <ele>1443.8516</ele>
        <time>2015-02-28T23:44:06.220000Z</time>
      </trkpt>
      <trkpt lat="38.904434" lon="111.85879">
        <ele>1440.8317</ele>
        <time>2015-02-28T23:44:09.708000Z</time>
      </trkpt>
      <trkpt lat="38.904438" lon="111.85866">
        <ele>1437.9744</ele>
        <time>2015-02-28T23:44:13.196000Z</time>
      </trkpt>
      <trkpt lat="38.904453" lon="111.85853">
        <ele>1435.642</ele>
        <time>2015-02-28T23:44:16.684000Z</time>
      </trkpt>
      <trkpt lat="38.904476" lon="111.8584">
        <ele>1434.7021</ele>
        <time>2015-02-28T23:44:20.172000Z</time>
      </trkpt>
      <trkpt lat="38.90449" lon="111.85827">
        <ele>1435.428</ele>
        <time>2015-02-28T23:44:23.660000Z</time>
      </trkpt>
      <trkpt lat="38.904503" lon="111.85814">
        <ele>1436.7942</ele>
        <time>2015-02-28T23:44:27.148000Z</time>
      </trkpt>
      <trkpt lat="38.90452" lon="111.85801">
        <ele>1437.8708</ele>
        <time>2015-02-28T23:44:30.636000Z</time>
      </trkpt>
      <trkpt lat="38.90451" lon="111.85788">
        <ele>1438.4292</ele>
        <time>2015-02-28T23:44:34.124000Z</time>
      </trkpt>
      <trkpt lat="38.904507" lon="111.85776">
        <ele>1438.1279</ele>
        <time>2015-02-28T23:44:37.612000Z</time>
      </trkpt>
      <trkpt lat="38.904514" lon="111.857635">
        <ele>1436.836</ele>
        <time>2015-02-28T23:44:41.100000Z</time>
      </trkpt>
      <trkpt lat="38.904526" lon="111.85752">
        <ele>1435.28</ele>
        <time>2015-02-28T23:44:44.588000Z</time>
      </trkpt>
      <trkpt lat="38.904533" lon="111.85739">
        <ele>1433.9252</ele>
        <time>2015-02-28T23:44:48.076000Z</time>
      </trkpt>
      <trkpt lat="38.90454" lon="111.85727">
        <ele>1432.5819</ele>
        <time>2015-02-28T23:44:51.564000Z</time>
      </trkpt>
      <trkpt lat="38.904537" lon="111.85715">
        <ele>1431.5432</ele>
        <time>2015-02-28T23:44:55.052000Z</time>
      </trkpt>
      <trkpt lat="38.90454" lon="111.857025">
        <ele>1430.8685</ele>
        <time>2015-02-28T23:44:58.540000Z</time>
      </trkpt>
      <trkpt lat="38.904545" lon="111.856895">
        <ele>1429.8689</ele>
        <time>2015-02-28T23:45:02.028000Z</time>
      </trkpt>
      <trkpt lat="38.904564" lon="111.85678">
        <ele>1428.521</ele>
        <time>2015-02-28T23:45:05.516000Z</time>
      </trkpt>
      <trkpt lat="38.904594" lon="111.85664">
        <ele>1427.654</ele>
        <time>2015-02-28T23:45:09.004000Z</time>
      </trkpt>
      <trkpt lat="38.904625" lon="111.856514">
        <ele>1427.7804</ele>
        <time>2015-02-28T23:45:12.492000Z</time>
      </trkpt>
      <trkpt lat="38.904648" lon="111.85637">
        <ele>1428.5166</ele>
        <time>2015-02-28T23:45:15.980000Z</time>
      </trkpt>
      <trkpt lat="38.90466" lon="111.85624">
        <ele>1429.7251</ele>
        <time>2015-02-28T23:45:19.468000Z</time>
      </trkpt>
      <trkpt lat="38.904667" lon="111.85611">
        <ele>1431.448</ele>
        <time>2015-02-28T23:45:22.956000Z</time>
      </trkpt>
      <trkpt lat="38.90469" lon="111.85597">
        <ele>1432.9519</ele>
        <time>2015-02-28T23:45:26.444000Z</time>
      </trkpt>
      <trkpt lat="38.904713" lon="111.85583">
        <ele>1433.592</ele>
        <time>2015-02-28T23:45:29.932000Z</time>
      </trkpt>
      <trkpt lat="38.904713" lon="111.85583">
        <ele>1432.8008</ele>
        <time>2015-02-28T23:45:33.420000Z</time>
      </trkpt>
      <trkpt lat="38.904713" lon="111.85583">
        <ele>1432.1387</ele>
        <time>2015-02-28T23:45:36.908000Z</time>
      </trkpt>
      <trkpt lat="38.904736" lon="111.85567">
        <ele>1431.7896</ele>
        <time>2015-02-28T23:45:40.396000Z</time>
      </trkpt>
      <trkpt lat="38.904755" lon="111.85553">
        <ele>1432.463</ele>
        <time>2015-02-28T23:45:43.884000Z</time>
      </trkpt>
      <trkpt lat="38.90476" lon="111.85541">
        <ele>1434.4895</ele>
        <time>2015-02-28T23:45:47.372000Z</time>
      </trkpt>
      <trkpt lat="38.904766" lon="111.85529">
        <ele>1436.4502</ele>
        <time>2015-02-28T23:45:50.860000Z</time>
      </trkpt>
      <trkpt lat="38.904778" lon="111.85516">
        <ele>1437.0912</ele>
        <time>2015-02-28T23:45:54.348000Z</time>
      </trkpt>
      <trkpt lat="38.90479" lon="111.85505">
        <ele>1436.7382</ele>
        <time>2015-02-28T23:45:57.836000Z</time>
      </trkpt>
      <trkpt lat="38.904797" lon="111.85493">
        <ele>1436.034</ele>
        <time>2015-02-28T23:46:01.324000Z</time>
      </trkpt>
      <trkpt lat="38.90482" lon="111.85477">
        <ele>1435.3289</ele>
        <time>2015-02-28T23:46:04.812000Z</time>
      </trkpt>
      <trkpt lat="38.904827" lon="111.85465">
        <ele>1434.7432</ele>
        <time>2015-02-28T23:46:08.300000Z</time>
      </trkpt>
      <trkpt lat="38.904827" lon="111.85452">
        <ele>1434.2274</ele>
        <time>2015-02-28T23:46:11.788000Z</time>
      </trkpt>
      <trkpt lat="38.90483" lon="111.8544">
        <ele>1433.7504</ele>
        <time>2015-02-28T23:46:15.276000Z</time>
      </trkpt>
      <trkpt lat="38.904854" lon="111.85425">
        <ele>1433.2623</ele>
        <time>2015-02-28T23:46:18.764000Z</time>
      </trkpt>
      <trkpt lat="38.90485" lon="111.854095">
        <ele>1432.7751</ele>
        <time>2015-02-28T23:46:22.252000Z</time>
      </trkpt>
      <trkpt lat="38.90484" lon="111.853966">
        <ele>1432.2716</ele>
        <time>2015-02-28T23:46:25.740000Z</time>
      </trkpt>
      <trkpt lat="38.904846" lon="111.853836">
        <ele>1431.7758</ele>
        <time>2015-02-28T23:46:29.228000Z</time>
      </trkpt>
      <trkpt lat="38.90487" lon="111.853714">
        <ele>1431.4082</ele>
        <time>2015-02-28T23:46:32.716000Z</time>
      </trkpt>
      <trkpt lat="38.9049" lon="111.85357">
        <ele>1430.9967</ele>
        <time>2015-02-28T23:46:36.204000Z</time>
      </trkpt>
      <trkpt lat="38.90491" lon="111.85344">
        <ele>1430.28</ele>
        <time>2015-02-28T23:46:39.692000Z</time>
      </trkpt>
      <trkpt lat="38.9049" lon="111.85331">
        <ele>1429.1675</ele>
        <time>2015-02-28T23:46:43.180000Z</time>
      </trkpt>
      <trkpt lat="38.904884" lon="111.85318">
        <ele>1427.7671</ele>
        <time>2015-02-28T23:46:46.668000Z</time>
      </trkpt>
      <trkpt lat="38.904884" lon="111.853035">
        <ele>1426.7548</ele>
        <time>2015-02-28T23:46:50.156000Z</time>
      </trkpt>
      <trkpt lat="38.904896" lon="111.852875">
        <ele>1426.7866</ele>
        <time>2015-02-28T23:46:53.644000Z</time>
      </trkpt>
      <trkpt lat="38.904903" lon="111.852745">
        <ele>1427.6313</ele>
        <time>2015-02-28T23:46:57.132000Z</time>
      </trkpt>
      <trkpt lat="38.90491" lon="111.852585">
        <ele>1429.0662</ele>
        <time>2015-02-28T23:47:00.620000Z</time>
      </trkpt>
      <trkpt lat="38.904907" lon="111.85245">
        <ele>1431.3633</ele>
        <time>2015-02-28T23:47:04.108000Z</time>
      </trkpt>
      <trkpt lat="38.904877" lon="111.85231">
        <ele>1434.2585</ele>
        <time>2015-02-28T23:47:07.596000Z</time>
      </trkpt>
      <trkpt lat="38.90485" lon="111.85219">
        <ele>1436.5898</ele>
        <time>2015-02-28T23:47:11.084000Z</time>
      </trkpt>
      <trkpt lat="38.90482" lon="111.852066">
        <ele>1437.6561</ele>
        <time>2015-02-28T23:47:14.572000Z</time>
      </trkpt>
      <trkpt lat="38.904785" lon="111.85195">
        <ele>1437.5173</ele>
        <time>2015-02-28T23:47:18.060000Z</time>
      </trkpt>
      <trkpt lat="38.904743" lon="111.85182">
        <ele>1436.5973</ele>
        <time>2015-02-28T23:47:21.548000Z</time>
      </trkpt>
      <trkpt lat="38.9047" lon="111.85169">
        <ele>1436.083</ele>
        <time>2015-02-28T23:47:25.036000Z</time>
      </trkpt>
      <trkpt lat="38.904675" lon="111.85158">
        <ele>1436.7266</ele>
        <time>2015-02-28T23:47:28.524000Z</time>
      </trkpt>
      <trkpt lat="38.90463" lon="111.85145">
        <ele>1437.6332</ele>
        <time>2015-02-28T23:47:32.012000Z</time>
      </trkpt>
      <trkpt lat="38.90458" lon="111.851326">
        <ele>1437.8757</ele>
        <time>2015-02-28T23:47:35.500000Z</time>
      </trkpt>
      <trkpt lat="38.904533" lon="111.8512">
        <ele>1437.6616</ele>
        <time>2015-02-28T23:47:38.988000Z</time>
      </trkpt>
      <trkpt lat="38.90448" lon="111.851074">
        <ele>1437.4314</ele>
        <time>2015-02-28T23:47:42.476000Z</time>
      </trkpt>
      <trkpt lat="38.904434" lon="111.85095">
        <ele>1437.3193</ele>
        <time>2015-02-28T23:47:45.964000Z</time>
      </trkpt>
      <trkpt lat="38.904396" lon="111.85082">
        <ele>1437.0244</ele>
        <time>2015-02-28T23:47:49.452000Z</time>
      </trkpt>
      <trkpt lat="38.904358" lon="111.850716">
        <ele>1436.3225</ele>
        <time>2015-02-28T23:47:52.940000Z</time>
      </trkpt>
      <trkpt lat="38.90432" lon="111.85061">
        <ele>1435.7405</ele>
        <time>2015-02-28T23:47:56.428000Z</time>
      </trkpt>
      <trkpt lat="38.904266" lon="111.85049">
        <ele>1435.7589</ele>
        <time>2015-02-28T23:47:59.916000Z</time>
      </trkpt>
      <trkpt lat="38.904217" lon="111.85038">
        <ele>1436.0767</ele>
        <time>2015-02-28T23:48:03.404000Z</time>
      </trkpt>
      <trkpt lat="38.904175" lon="111.85028">
        <ele>1436.1722</ele>
        <time>2015-02-28T23:48:06.892000Z</time>
      </trkpt>
      <trkpt lat="38.904133" lon="111.850136">
        <ele>1435.7594</ele>
        <time>2015-02-28T23:48:10.380000Z</time>
      </trkpt>
      <trkpt lat="38.904102" lon="111.85002">
        <ele>1435.0276</ele>
        <time>2015-02-28T23:48:13.868000Z</time>
      </trkpt>
      <trkpt lat="38.904057" lon="111.8499">
        <ele>1434.3185</ele>
        <time>2015-02-28T23:48:17.356000Z</time>
      </trkpt>
      <trkpt lat="38.90401" lon="111.849785">
        <ele>1433.7379</ele>
        <time>2015-02-28T23:48:20.844000Z</time>
      </trkpt>
      <trkpt lat="38.903954" lon="111.849686">
        <ele>1433.0887</ele>
        <time>2015-02-28T23:48:24.332000Z</time>
      </trkpt>
      <trkpt lat="38.903904" lon="111.84958">
        <ele>1432.116</ele>
        <time>2015-02-28T23:48:27.820000Z</time>
      </trkpt>
      <trkpt lat="38.903847" lon="111.84945">
        <ele>1431.037</ele>
        <time>2015-02-28T23:48:31.308000Z</time>
      </trkpt>
      <trkpt lat="38.903805" lon="111.84933">
        <ele>1430.3646</ele>
        <time>2015-02-28T23:48:34.796000Z</time>
      </trkpt>
      <trkpt lat="38.903755" lon="111.84921">
        <ele>1430.3047</ele>
        <time>2015-02-28T23:48:38.284000Z</time>
      </trkpt>
      <trkpt lat="38.903706" lon="111.84909">
        <ele>1430.8453</ele>
        <time>2015-02-28T23:48:41.772000Z</time>
      </trkpt>
      <trkpt lat="38.903664" lon="111.84895">
        <ele>1431.6631</ele>
        <time>2015-02-28T23:48:45.260000Z</time>
      </trkpt>
      <trkpt lat="38.903606" lon="111.84885">
        <ele>1432.2622</ele>
        <time>2015-02-28T23:48:48.748000Z</time>
      </trkpt>
      <trkpt lat="38.90354" lon="111.84877">
        <ele>1432.2034</ele>
        <time>2015-02-28T23:48:52.236000Z</time>
      </trkpt>
      <trkpt lat="38.903477" lon="111.84865">
        <ele>1431.3383</ele>
        <time>2015-02-28T23:48:55.724000Z</time>
      </trkpt>
      <trkpt lat="38.90342" lon="111.848526">
        <ele>1430.1721</ele>
        <time>2015-02-28T23:48:59.212000Z</time>
      </trkpt>
      <trkpt lat="38.903343" lon="111.84842">
        <ele>1429.4036</ele>
        <time>2015-02-28T23:49:02.700000Z</time>
      </trkpt>
      <trkpt lat="38.90329" lon="111.84832">
        <ele>1429.1578</ele>
        <time>2015-02-28T23:49:06.188000Z</time>
      </trkpt>
      <trkpt lat="38.903236" lon="111.848206">
        <ele>1429.1921</ele>
        <time>2015-02-28T23:49:09.676000Z</time>
      </trkpt>
      <trkpt lat="38.903164" lon="111.84811">
        <ele>1429.2878</ele>
        <time>2015-02-28T23:49:13.164000Z</time>
      </trkpt>
      <trkpt lat="38.9031" lon="111.84801">
        <ele>1429.4883</ele>
        <time>2015-02-28T23:49:16.652000Z</time>
      </trkpt>
      <trkpt lat="38.90303" lon="111.8479">
        <ele>1429.8677</ele>
        <time>2015-02-28T23:49:20.140000Z</time>
      </trkpt>
      <trkpt lat="38.902973" lon="111.8478">
        <ele>1430.3722</ele>
        <time>2015-02-28T23:49:23.628000Z</time>
      </trkpt>
      <trkpt lat="38.9029" lon="111.84769">
        <ele>1430.8995</ele>
        <time>2015-02-28T23:49:27.116000Z</time>
      </trkpt>
      <trkpt lat="38.902843" lon="111.84758">
        <ele>1431.4286</ele>
        <time>2015-02-28T23:49:30.604000Z</time>
      </trkpt>
      <trkpt lat="38.90278" lon="111.84747">
        <ele>1431.9323</ele>
        <time>2015-02-28T23:49:34.092000Z</time>
      </trkpt>
      <trkpt lat="38.902706" lon="111.847374">
        <ele>1432.2983</ele>
        <time>2015-02-28T23:49:37.580000Z</time>
      </trkpt>
      <trkpt lat="38.902634" lon="111.847275">
        <ele>1432.4302</ele>
        <time>2015-02-28T23:49:41.068000Z</time>
      </trkpt>
      <trkpt lat="38.902565" lon="111.847176">
        <ele>1432.425</ele>
        <time>2015-02-28T23:49:44.556000Z</time>
      </trkpt>
      <trkpt lat="38.9025" lon="111.84707">
        <ele>1432.2454</ele>
        <time>2015-02-28T23:49:48.044000Z</time>
      </trkpt>
      <trkpt lat="38.90243" lon="111.84696">
        <ele>1431.8558</ele>
        <time>2015-02-28T23:49:51.532000Z</time>
      </trkpt>
      <trkpt lat="38.902374" lon="111.846855">
        <ele>1431.4758</ele>
        <time>2015-02-28T23:49:55.020000Z</time>
      </trkpt>
      <trkpt lat="38.902317" lon="111.84676">
        <ele>1431.3011</ele>
        <time>2015-02-28T23:49:58.508000Z</time>
      </trkpt>
      <trkpt lat="38.902245" lon="111.84664">
        <ele>1431.278</ele>
        <time>2015-02-28T23:50:01.996000Z</time>
      </trkpt>
      <trkpt lat="38.902187" lon="111.84654">
        <ele>1431.1722</ele>
        <time>2015-02-28T23:50:05.484000Z</time>
      </trkpt>
      <trkpt lat="38.90211" lon="111.84645">
        <ele>1430.8433</ele>
        <time>2015-02-28T23:50:08.972000Z</time>
      </trkpt>
      <trkpt lat="38.902042" lon="111.84636">
        <ele>1430.9025</ele>
        <time>2015-02-28T23:50:12.460000Z</time>
      </trkpt>
      <trkpt lat="38.90198" lon="111.84625">
        <ele>1431.8086</ele>
        <time>2015-02-28T23:50:15.948000Z</time>
      </trkpt>
      <trkpt lat="38.901924" lon="111.84613">
        <ele>1432.8877</ele>
        <time>2015-02-28T23:50:19.436000Z</time>
      </trkpt>
      <trkpt lat="38.90186" lon="111.84602">
        <ele>1433.3027</ele>
        <time>2015-02-28T23:50:22.924000Z</time>
      </trkpt>
      <trkpt lat="38.9018" lon="111.845924">
        <ele>1433.0514</ele>
        <time>2015-02-28T23:50:26.412000Z</time>
      </trkpt>
      <trkpt lat="38.90172" lon="111.845825">
        <ele>1432.606</ele>
        <time>2015-02-28T23:50:29.900000Z</time>
      </trkpt>
      <trkpt lat="38.90164" lon="111.84571">
        <ele>1432.3427</ele>
        <time>2015-02-28T23:50:33.388000Z</time>
      </trkpt>
      <trkpt lat="38.901577" lon="111.84563">
        <ele>1432.2715</ele>
        <time>2015-02-28T23:50:36.876000Z</time>
      </trkpt>
      <trkpt lat="38.901512" lon="111.84554">
        <ele>1432.1549</ele>
        <time>2015-02-28T23:50:40.364000Z</time>
      </trkpt>
      <trkpt lat="38.901447" lon="111.84545">
        <ele>1431.8315</ele>
        <time>2015-02-28T23:50:43.852000Z</time>
      </trkpt>
      <trkpt lat="38.90138" lon="111.84534">
        <ele>1431.4834</ele>
        <time>2015-02-28T23:50:47.340000Z</time>
      </trkpt>
      <trkpt lat="38.901318" lon="111.845245">
        <ele>1431.5901</ele>
        <time>2015-02-28T23:50:50.828000Z</time>
      </trkpt>
      <trkpt lat="38.901257" lon="111.84515">
        <ele>1432.4197</ele>
        <time>2015-02-28T23:50:54.316000Z</time>
      </trkpt>
      <trkpt lat="38.90119" lon="111.84507">
        <ele>1433.6836</ele>
        <time>2015-02-28T23:50:57.804000Z</time>
      </trkpt>
      <trkpt lat="38.901127" lon="111.84495">
        <ele>1434.7919</ele>
        <time>2015-02-28T23:51:01.292000Z</time>
      </trkpt>
      <trkpt lat="38.90107" lon="111.84483">
        <ele>1435.4032</ele>
        <time>2015-02-28T23:51:04.780000Z</time>
      </trkpt>
      <trkpt lat="38.900993" lon="111.844734">
        <ele>1435.409</ele>
        <time>2015-02-28T23:51:08.268000Z</time>
      </trkpt>
      <trkpt lat="38.900913" lon="111.84463">
        <ele>1435.1215</ele>
        <time>2015-02-28T23:51:11.756000Z</time>
      </trkpt>
      <trkpt lat="38.90085" lon="111.844536">
        <ele>1435.0212</ele>
        <time>2015-02-28T23:51:15.244000Z</time>
      </trkpt>
      <trkpt lat="38.900772" lon="111.84442">
        <ele>1435.3043</ele>
        <time>2015-02-28T23:51:18.732000Z</time>
      </trkpt>
      <trkpt lat="38.9007" lon="111.84431">
        <ele>1435.8016</ele>
        <time>2015-02-28T23:51:22.220000Z</time>
      </trkpt>
      <trkpt lat="38.900646" lon="111.844215">
        <ele>1436.095</ele>
        <time>2015-02-28T23:51:25.708000Z</time>
      </trkpt>
      <trkpt lat="38.90058" lon="111.844086">
        <ele>1435.9178</ele>
        <time>2015-02-28T23:51:29.196000Z</time>
      </trkpt>
      <trkpt lat="38.90052" lon="111.843956">
        <ele>1435.2865</ele>
        <time>2015-02-28T23:51:32.684000Z</time>
      </trkpt>
      <trkpt lat="38.900467" lon="111.84385">
        <ele>1434.3503</ele>
        <time>2015-02-28T23:51:36.172000Z</time>
      </trkpt>
      <trkpt lat="38.90041" lon="111.84374">
        <ele>1433.4116</ele>
        <time>2015-02-28T23:51:39.660000Z</time>
      </trkpt>
      <trkpt lat="38.900345" lon="111.84365">
        <ele>1432.7166</ele>
        <time>2015-02-28T23:51:43.148000Z</time>
      </trkpt>
      <trkpt lat="38.900276" lon="111.84356">
        <ele>1432.3231</ele>
        <time>2015-02-28T23:51:46.636000Z</time>
      </trkpt>
      <trkpt lat="38.900204" lon="111.843445">
        <ele>1432.2253</ele>
        <time>2015-02-28T23:51:50.124000Z</time>
      </trkpt>
      <trkpt lat="38.900143" lon="111.84333">
        <ele>1432.5403</ele>
        <time>2015-02-28T23:51:53.612000Z</time>
      </trkpt>
      <trkpt lat="38.900085" lon="111.84324">
        <ele>1433.3169</ele>
        <time>2015-02-28T23:51:57.100000Z</time>
      </trkpt>
      <trkpt lat="38.900032" lon="111.84314">
        <ele>1433.8112</ele>
        <time>2015-02-28T23:52:00.588000Z</time>
      </trkpt>
      <trkpt lat="38.89998" lon="111.843025">
        <ele>1433.4496</ele>
        <time>2015-02-28T23:52:04.076000Z</time>
      </trkpt>
      <trkpt lat="38.899933" lon="111.84292">
        <ele>1432.6224</ele>
        <time>2015-02-28T23:52:07.564000Z</time>
      </trkpt>
      <trkpt lat="38.899864" lon="111.84282">
        <ele>1431.7091</ele>
        <time>2015-02-28T23:52:11.052000Z</time>
      </trkpt>
      <trkpt lat="38.899803" lon="111.84273">
        <ele>1430.7258</ele>
        <time>2015-02-28T23:52:14.540000Z</time>
      </trkpt>
      <trkpt lat="38.899742" lon="111.842636">
        <ele>1429.8524</ele>
        <time>2015-02-28T23:52:18.028000Z</time>
      </trkpt>
      <trkpt lat="38.89967" lon="111.842545">
        <ele>1429.614</ele>
        <time>2015-02-28T23:52:21.516000Z</time>
      </trkpt>
      <trkpt lat="38.89961" lon="111.84243">
        <ele>1430.3337</ele>
        <time>2015-02-28T23:52:25.004000Z</time>
      </trkpt>
      <trkpt lat="38.89957" lon="111.84232">
        <ele>1431.4752</ele>
        <time>2015-02-28T23:52:28.492000Z</time>
      </trkpt>
      <trkpt lat="38.899532" lon="111.84222">
        <ele>1432.2666</ele>
        <time>2015-02-28T23:52:31.980000Z</time>
      </trkpt>
      <trkpt lat="38.89947" lon="111.8421">
        <ele>1432.5366</ele>
        <time>2015-02-28T23:52:35.468000Z</time>
      </trkpt>
      <trkpt lat="38.899403" lon="111.84201">
        <ele>1432.3759</ele>
        <time>2015-02-28T23:52:38.956000Z</time>
      </trkpt>
      <trkpt lat="38.89935" lon="111.84191">
        <ele>1431.9221</ele>
        <time>2015-02-28T23:52:42.444000Z</time>
      </trkpt>
      <trkpt lat="38.89929" lon="111.841805">
        <ele>1431.6267</ele>
        <time>2015-02-28T23:52:45.932000Z</time>
      </trkpt>
      <trkpt lat="38.899204" lon="111.841705">
        <ele>1432.0662</ele>
        <time>2015-02-28T23:52:49.420000Z</time>
      </trkpt>
      <trkpt lat="38.899124" lon="111.8416">
        <ele>1433.131</ele>
        <time>2015-02-28T23:52:52.908000Z</time>
      </trkpt>
      <trkpt lat="38.89906" lon="111.84148">
        <ele>1433.9447</ele>
        <time>2015-02-28T23:52:56.396000Z</time>
      </trkpt>
      <trkpt lat="38.899002" lon="111.84135">
        <ele>1433.9971</ele>
        <time>2015-02-28T23:52:59.884000Z</time>
      </trkpt>
      <trkpt lat="38.898952" lon="111.84125">
        <ele>1433.8047</ele>
        <time>2015-02-28T23:53:03.372000Z</time>
      </trkpt>
      <trkpt lat="38.898884" lon="111.84114">
        <ele>1433.9011</ele>
        <time>2015-02-28T23:53:06.860000Z</time>
      </trkpt>
      <trkpt lat="38.898823" lon="111.84104">
        <ele>1434.5812</ele>
        <time>2015-02-28T23:53:10.348000Z</time>
      </trkpt>
      <trkpt lat="38.898758" lon="111.84093">
        <ele>1435.9712</ele>
        <time>2015-02-28T23:53:13.836000Z</time>
      </trkpt>
      <trkpt lat="38.898693" lon="111.8408">
        <ele>1437.4932</ele>
        <time>2015-02-28T23:53:17.324000Z</time>
      </trkpt>
      <trkpt lat="38.898643" lon="111.84069">
        <ele>1438.9325</ele>
        <time>2015-02-28T23:53:20.812000Z</time>
      </trkpt>
      <trkpt lat="38.898582" lon="111.840576">
        <ele>1440.7433</ele>
        <time>2015-02-28T23:53:24.300000Z</time>
      </trkpt>
      <trkpt lat="38.898518" lon="111.84046">
        <ele>1442.5035</ele>
        <time>2015-02-28T23:53:27.788000Z</time>
      </trkpt>
      <trkpt lat="38.89847" lon="111.84036">
        <ele>1443.1731</ele>
        <time>2015-02-28T23:53:31.276000Z</time>
      </trkpt>
      <trkpt lat="38.898415" lon="111.84023">
        <ele>1442.6631</ele>
        <time>2015-02-28T23:53:34.764000Z</time>
      </trkpt>
      <trkpt lat="38.898354" lon="111.840126">
        <ele>1441.9506</ele>
        <time>2015-02-28T23:53:38.252000Z</time>
      </trkpt>
      <trkpt lat="38.898296" lon="111.840034">
        <ele>1441.8162</ele>
        <time>2015-02-28T23:53:41.740000Z</time>
      </trkpt>
      <trkpt lat="38.89824" lon="111.83991">
        <ele>1442.0563</ele>
        <time>2015-02-28T23:53:45.228000Z</time>
      </trkpt>
      <trkpt lat="38.898182" lon="111.83981">
        <ele>1442.275</ele>
        <time>2015-02-28T23:53:48.716000Z</time>
      </trkpt>
      <trkpt lat="38.89812" lon="111.83971">
        <ele>1442.3712</ele>
        <time>2015-02-28T23:53:52.204000Z</time>
      </trkpt>
      <trkpt lat="38.898064" lon="111.839615">
        <ele>1442.3812</ele>
        <time>2015-02-28T23:53:55.692000Z</time>
      </trkpt>
      <trkpt lat="38.897995" lon="111.83953">
        <ele>1442.3612</ele>
        <time>2015-02-28T23:53:59.180000Z</time>
      </trkpt>
      <trkpt lat="38.89793" lon="111.83941">
        <ele>1442.4817</ele>
        <time>2015-02-28T23:54:02.668000Z</time>
      </trkpt>
      <trkpt lat="38.897884" lon="111.8393">
        <ele>1442.8339</ele>
        <time>2015-02-28T23:54:06.156000Z</time>
      </trkpt>
      <trkpt lat="38.897816" lon="111.83922">
        <ele>1443.2025</ele>
        <time>2015-02-28T23:54:09.644000Z</time>
      </trkpt>
      <trkpt lat="38.89774" lon="111.8391">
        <ele>1443.3794</ele>
        <time>2015-02-28T23:54:13.132000Z</time>
      </trkpt>
      <trkpt lat="38.897686" lon="111.83899">
        <ele>1443.4073</ele>
        <time>2015-02-28T23:54:16.620000Z</time>
      </trkpt>
      <trkpt lat="38.897625" lon="111.83888">
        <ele>1443.378</ele>
        <time>2015-02-28T23:54:20.108000Z</time>
      </trkpt>
      <trkpt lat="38.89757" lon="111.83877">
        <ele>1443.4862</ele>
        <time>2015-02-28T23:54:23.596000Z</time>
      </trkpt>
      <trkpt lat="38.89753" lon="111.83864">
        <ele>1443.8318</ele>
        <time>2015-02-28T23:54:27.084000Z</time>
      </trkpt>
      <trkpt lat="38.897472" lon="111.838524">
        <ele>1444.6136</ele>
        <time>2015-02-28T23:54:30.572000Z</time>
      </trkpt>
      <trkpt lat="38.89742" lon="111.8384">
        <ele>1446.1473</ele>
        <time>2015-02-28T23:54:34.060000Z</time>
      </trkpt>
      <trkpt lat="38.897396" lon="111.83826">
        <ele>1448.1426</ele>
        <time>2015-02-28T23:54:37.548000Z</time>
      </trkpt>
      <trkpt lat="38.897377" lon="111.838104">
        <ele>1450.1528</ele>
        <time>2015-02-28T23:54:41.036000Z</time>
      </trkpt>
      <trkpt lat="38.897358" lon="111.837975">
        <ele>1452.0022</ele>
        <time>2015-02-28T23:54:44.524000Z</time>
      </trkpt>
      <trkpt lat="38.897346" lon="111.83783">
        <ele>1453.2345</ele>
        <time>2015-02-28T23:54:48.012000Z</time>
      </trkpt>
      <trkpt lat="38.89734" lon="111.83769">
        <ele>1453.6343</ele>
        <time>2015-02-28T23:54:51.500000Z</time>
      </trkpt>
      <trkpt lat="38.89734" lon="111.83755">
        <ele>1453.5839</ele>
        <time>2015-02-28T23:54:54.988000Z</time>
      </trkpt>
      <trkpt lat="38.897335" lon="111.837425">
        <ele>1453.4319</ele>
        <time>2015-02-28T23:54:58.476000Z</time>
      </trkpt>
      <trkpt lat="38.897335" lon="111.83731">
        <ele>1453.3322</ele>
        <time>2015-02-28T23:55:01.964000Z</time>
      </trkpt>
      <trkpt lat="38.897358" lon="111.8372">
        <ele>1453.4385</ele>
        <time>2015-02-28T23:55:05.452000Z</time>
      </trkpt>
      <trkpt lat="38.897385" lon="111.83708">
        <ele>1453.803</ele>
        <time>2015-02-28T23:55:08.940000Z</time>
      </trkpt>
      <trkpt lat="38.897392" lon="111.83694">
        <ele>1454.4612</ele>
        <time>2015-02-28T23:55:12.428000Z</time>
      </trkpt>
      <trkpt lat="38.897392" lon="111.836784">
        <ele>1455.3644</ele>
        <time>2015-02-28T23:55:15.916000Z</time>
      </trkpt>
      <trkpt lat="38.897392" lon="111.83667">
        <ele>1456.2704</ele>
        <time>2015-02-28T23:55:19.404000Z</time>
      </trkpt>
      <trkpt lat="38.897423" lon="111.83654">
        <ele>1457.0886</ele>
        <time>2015-02-28T23:55:22.892000Z</time>
      </trkpt>
      <trkpt lat="38.897438" lon="111.836395">
        <ele>1457.8398</ele>
        <time>2015-02-28T23:55:26.380000Z</time>
      </trkpt>
      <trkpt lat="38.89742" lon="111.83625">
        <ele>1458.3098</ele>
        <time>2015-02-28T23:55:29.868000Z</time>
      </trkpt>
      <trkpt lat="38.89742" lon="111.836105">
        <ele>1458.4492</ele>
        <time>2015-02-28T23:55:33.356000Z</time>
      </trkpt>
      <trkpt lat="38.89743" lon="111.83598">
        <ele>1458.1438</ele>
        <time>2015-02-28T23:55:36.844000Z</time>
      </trkpt>
      <trkpt lat="38.897453" lon="111.83586">
        <ele>1457.3623</ele>
        <time>2015-02-28T23:55:40.332000Z</time>
      </trkpt>
      <trkpt lat="38.89746" lon="111.83573">
        <ele>1456.7236</ele>
        <time>2015-02-28T23:55:43.820000Z</time>
      </trkpt>
      <trkpt lat="38.897472" lon="111.835594">
        <ele>1456.7219</ele>
        <time>2015-02-28T23:55:47.308000Z</time>
      </trkpt>
      <trkpt lat="38.897484" lon="111.83546">
        <ele>1457.0409</ele>
        <time>2015-02-28T23:55:50.796000Z</time>
      </trkpt>
      <trkpt lat="38.897484" lon="111.835304">
        <ele>1457.143</ele>
        <time>2015-02-28T23:55:54.284000Z</time>
      </trkpt>
      <trkpt lat="38.89749" lon="111.83517">
        <ele>1456.8729</ele>
        <time>2015-02-28T23:55:57.772000Z</time>
      </trkpt>
      <trkpt lat="38.89751" lon="111.83504">
        <ele>1456.5026</ele>
        <time>2015-02-28T23:56:01.260000Z</time>
      </trkpt>
      <trkpt lat="38.89753" lon="111.83491">
        <ele>1456.4392</ele>
        <time>2015-02-28T23:56:04.748000Z</time>
      </trkpt>
      <trkpt lat="38.897533" lon="111.83479">
        <ele>1456.753</ele>
        <time>2015-02-28T23:56:08.236000Z</time>
      </trkpt>
      <trkpt lat="38.897522" lon="111.83465">
        <ele>1457.0071</ele>
        <time>2015-02-28T23:56:11.724000Z</time>
      </trkpt>
      <trkpt lat="38.89751" lon="111.83451">
        <ele>1456.8528</ele>
        <time>2015-02-28T23:56:15.212000Z</time>
      </trkpt>
      <trkpt lat="38.897507" lon="111.83438">
        <ele>1456.5261</ele>
        <time>2015-02-28T23:56:18.700000Z</time>
      </trkpt>
      <trkpt lat="38.89752" lon="111.83424">
        <ele>1456.4626</ele>
        <time>2015-02-28T23:56:22.188000Z</time>
      </trkpt>
      <trkpt lat="38.897522" lon="111.83412">
        <ele>1456.7639</ele>
        <time>2015-02-28T23:56:25.676000Z</time>
      </trkpt>
      <trkpt lat="38.89749" lon="111.83398">
        <ele>1457.1469</ele>
        <time>2015-02-28T23:56:29.164000Z</time>
      </trkpt>
      <trkpt lat="38.897457" lon="111.83384">
        <ele>1457.0725</ele>
        <time>2015-02-28T23:56:32.652000Z</time>
      </trkpt>
      <trkpt lat="38.897465" lon="111.83371">
        <ele>1456.3955</ele>
        <time>2015-02-28T23:56:36.140000Z</time>
      </trkpt>
      <trkpt lat="38.897476" lon="111.83359">
        <ele>1455.6313</ele>
        <time>2015-02-28T23:56:39.628000Z</time>
      </trkpt>
      <trkpt lat="38.897472" lon="111.83344">
        <ele>1455.2495</ele>
        <time>2015-02-28T23:56:43.116000Z</time>
      </trkpt>
      <trkpt lat="38.89746" lon="111.833305">
        <ele>1455.3184</ele>
        <time>2015-02-28T23:56:46.604000Z</time>
      </trkpt>
      <trkpt lat="38.89746" lon="111.83318">
        <ele>1455.7349</ele>
        <time>2015-02-28T23:56:50.092000Z</time>
      </trkpt>
      <trkpt lat="38.897465" lon="111.833046">
        <ele>1456.1666</ele>
        <time>2015-02-28T23:56:53.580000Z</time>
      </trkpt>
      <trkpt lat="38.89746" lon="111.8329">
        <ele>1455.9581</ele>
        <time>2015-02-28T23:56:57.068000Z</time>
      </trkpt>
      <trkpt lat="38.897457" lon="111.83278">
        <ele>1454.9104</ele>
        <time>2015-02-28T23:57:00.556000Z</time>
      </trkpt>
      <trkpt lat="38.897446" lon="111.83266">
        <ele>1453.7673</ele>
        <time>2015-02-28T23:57:04.044000Z</time>
      </trkpt>
      <trkpt lat="38.897438" lon="111.832535">
        <ele>1453.2064</ele>
        <time>2015-02-28T23:57:07.532000Z</time>
      </trkpt>
      <trkpt lat="38.897438" lon="111.832405">
        <ele>1452.8339</ele>
        <time>2015-02-28T23:57:11.020000Z</time>
      </trkpt>
      <trkpt lat="38.897415" lon="111.83228">
        <ele>1452.2015</ele>
        <time>2015-02-28T23:57:14.508000Z</time>
      </trkpt>
      <trkpt lat="38.897396" lon="111.83214">
        <ele>1451.5559</ele>
        <time>2015-02-28T23:57:17.996000Z</time>
      </trkpt>
      <trkpt lat="38.89739" lon="111.832016">
        <ele>1451.1124</ele>
        <time>2015-02-28T23:57:21.484000Z</time>
      </trkpt>
      <trkpt lat="38.897373" lon="111.83189">
        <ele>1450.7068</ele>
        <time>2015-02-28T23:57:24.972000Z</time>
      </trkpt>
      <trkpt lat="38.897385" lon="111.83175">
        <ele>1450.39</ele>
        <time>2015-02-28T23:57:28.460000Z</time>
      </trkpt>
      <trkpt lat="38.897366" lon="111.831604">
        <ele>1450.2675</ele>
        <time>2015-02-28T23:57:31.948000Z</time>
      </trkpt>
      <trkpt lat="38.897324" lon="111.831474">
        <ele>1450.1273</ele>
        <time>2015-02-28T23:57:35.436000Z</time>
      </trkpt>
      <trkpt lat="38.89732" lon="111.831345">
        <ele>1449.8008</ele>
        <time>2015-02-28T23:57:38.924000Z</time>
      </trkpt>
      <trkpt lat="38.897324" lon="111.8312">
        <ele>1449.319</ele>
        <time>2015-02-28T23:57:42.412000Z</time>
      </trkpt>
      <trkpt lat="38.897324" lon="111.83108">
        <ele>1448.7936</ele>
        <time>2015-02-28T23:57:45.900000Z</time>
      </trkpt>
      <trkpt lat="38.89732" lon="111.83095">
        <ele>1448.3977</ele>
        <time>2015-02-28T23:57:49.388000Z</time>
      </trkpt>
      <trkpt lat="38.897316" lon="111.83083">
        <ele>1448.2496</ele>
        <time>2015-02-28T23:57:52.876000Z</time>
      </trkpt>
      <trkpt lat="38.897316" lon="111.83068">
        <ele>1448.1129</ele>
        <time>2015-02-28T23:57:56.364000Z</time>
      </trkpt>
      <trkpt lat="38.89732" lon="111.83057">
        <ele>1447.7964</ele>
        <time>2015-02-28T23:57:59.852000Z</time>
      </trkpt>
      <trkpt lat="38.89732" lon="111.83044">
        <ele>1447.3209</ele>
        <time>2015-02-28T23:58:03.340000Z</time>
      </trkpt>
      <trkpt lat="38.897312" lon="111.83029">
        <ele>1446.7976</ele>
        <time>2015-02-28T23:58:06.828000Z</time>
      </trkpt>
      <trkpt lat="38.89731" lon="111.83016">
        <ele>1446.125</ele>
        <time>2015-02-28T23:58:10.316000Z</time>
      </trkpt>
      <trkpt lat="38.897316" lon="111.83001">
        <ele>1445.1182</ele>
        <time>2015-02-28T23:58:13.804000Z</time>
      </trkpt>
      <trkpt lat="38.897327" lon="111.82989">
        <ele>1444.0204</ele>
        <time>2015-02-28T23:58:17.292000Z</time>
      </trkpt>
      <trkpt lat="38.897324" lon="111.82977">
        <ele>1443.3435</ele>
        <time>2015-02-28T23:58:20.780000Z</time>
      </trkpt>
      <trkpt lat="38.897305" lon="111.829636">
        <ele>1442.8711</ele>
        <time>2015-02-28T23:58:24.268000Z</time>
      </trkpt>
      <trkpt lat="38.89729" lon="111.8295">
        <ele>1441.6439</ele>
        <time>2015-02-28T23:58:27.756000Z</time>
      </trkpt>
      <trkpt lat="38.897266" lon="111.82938">
        <ele>1439.1409</ele>
        <time>2015-02-28T23:58:31.244000Z</time>
      </trkpt>
      <trkpt lat="38.897266" lon="111.82923">
        <ele>1436.2877</ele>
        <time>2015-02-28T23:58:34.732000Z</time>
      </trkpt>
      <trkpt lat="38.89727" lon="111.829094">
        <ele>1434.8553</ele>
        <time>2015-02-28T23:58:38.220000Z</time>
      </trkpt>
      <trkpt lat="38.897366" lon="111.82902">
        <ele>1436.4225</ele>
        <time>2015-02-28T23:58:41.708000Z</time>
      </trkpt>
      <trkpt lat="38.89745" lon="111.82898">
        <ele>1436.8225</ele>
        <time>2015-02-28T23:58:45.196000Z</time>
      </trkpt>
      <trkpt lat="38.89745" lon="111.82898">
        <ele>1436.6823</ele>
        <time>2015-02-28T23:58:48.684000Z</time>
      </trkpt>
      <trkpt lat="38.897556" lon="111.828964">
        <ele>1436.3</ele>
        <time>2015-02-28T23:58:52.172000Z</time>
      </trkpt>
      <trkpt lat="38.897663" lon="111.82897">
        <ele>1435.6376</ele>
        <time>2015-02-28T23:58:55.660000Z</time>
      </trkpt>
      <trkpt lat="38.897755" lon="111.82898">
        <ele>1434.7368</ele>
        <time>2015-02-28T23:58:59.148000Z</time>
      </trkpt>
      <trkpt lat="38.89786" lon="111.828995">
        <ele>1433.8787</ele>
        <time>2015-02-28T23:59:02.636000Z</time>
      </trkpt>
      <trkpt lat="38.89797" lon="111.829025">
        <ele>1433.3518</ele>
        <time>2015-02-28T23:59:06.124000Z</time>
      </trkpt>
      <trkpt lat="38.898067" lon="111.82907">
        <ele>1433.2001</ele>
        <time>2015-02-28T23:59:09.612000Z</time>
      </trkpt>
      <trkpt lat="38.898163" lon="111.8291">
        <ele>1433.3744</ele>
        <time>2015-02-28T23:59:13.100000Z</time>
      </trkpt>
      <trkpt lat="38.89825" lon="111.82912">
        <ele>1433.8046</ele>
        <time>2015-02-28T23:59:16.588000Z</time>
      </trkpt>
      <trkpt lat="38.89836" lon="111.829124">
        <ele>1434.2166</ele>
        <time>2015-02-28T23:59:20.076000Z</time>
      </trkpt>
      <trkpt lat="38.898468" lon="111.82911">
        <ele>1434.2657</ele>
        <time>2015-02-28T23:59:23.564000Z</time>
      </trkpt>
      <trkpt lat="38.89857" lon="111.82911">
        <ele>1433.9292</ele>
        <time>2015-02-28T23:59:27.052000Z</time>
      </trkpt>
      <trkpt lat="38.898666" lon="111.829124">
        <ele>1433.3859</ele>
        <time>2015-02-28T23:59:30.540000Z</time>
      </trkpt>
      <trkpt lat="38.89878" lon="111.829124">
        <ele>1432.9553</ele>
        <time>2015-02-28T23:59:34.028000Z</time>
      </trkpt>
      <trkpt lat="38.898876" lon="111.82912">
        <ele>1433.0424</ele>
        <time>2015-02-28T23:59:37.516000Z</time>
      </trkpt>
      <trkpt lat="38.898975" lon="111.8291">
        <ele>1433.6246</ele>
        <time>2015-02-28T23:59:41.004000Z</time>
      </trkpt>
      <trkpt lat="38.89907" lon="111.82908">
        <ele>1433.8995</ele>
        <time>2015-02-28T23:59:44.492000Z</time>
      </trkpt>
      <trkpt lat="38.899193" lon="111.82903">
        <ele>1433.4283</ele>
        <time>2015-02-28T23:59:47.980000Z</time>
      </trkpt>
      <trkpt lat="38.899292" lon="111.82905">
        <ele>1432.7194</ele>
        <time>2015-02-28T23:59:51.468000Z</time>
      </trkpt>
      <trkpt lat="38.89937" lon="111.82915">
        <ele>1432.3206</ele>
        <time>2015-02-28T23:59:54.956000Z</time>
      </trkpt>
      <trkpt lat="38.899433" lon="111.82929">
        <ele>1431.808</ele>
        <time>2015-02-28T23:59:58.444000Z</time>
      </trkpt>
      <trkpt lat="38.899498" lon="111.829414">
        <ele>1430.6302</ele>
        <time>2015-03-01T00:00:01.932000Z</time>
      </trkpt>
      <trkpt lat="38.899555" lon="111.82952">
        <ele>1429.22</ele>
        <time>2015-03-01T00:00:05.420000Z</time>
      </trkpt>
      <trkpt lat="38.89963" lon="111.82961">
        <ele>1428.4951</ele>
        <time>2015-03-01T00:00:08.908000Z</time>
      </trkpt>
      <trkpt lat="38.899685" lon="111.82971">
        <ele>1428.7461</ele>
        <time>2015-03-01T00:00:12.396000Z</time>
      </trkpt>
      <trkpt lat="38.89974" lon="111.82983">
        <ele>1429.5354</ele>
        <time>2015-03-01T00:00:15.884000Z</time>
      </trkpt>
      <trkpt lat="38.89979" lon="111.82994">
        <ele>1430.0575</ele>
        <time>2015-03-01T00:00:19.372000Z</time>
      </trkpt>
      <trkpt lat="38.899834" lon="111.83006">
        <ele>1429.9692</ele>
        <time>2015-03-01T00:00:22.860000Z</time>
      </trkpt>
      <trkpt lat="38.89988" lon="111.83017">
        <ele>1429.754</ele>
        <time>2015-03-01T00:00:26.348000Z</time>
      </trkpt>
      <trkpt lat="38.89992" lon="111.83028">
        <ele>1430.0116</ele>
        <time>2015-03-01T00:00:29.836000Z</time>
      </trkpt>
      <trkpt lat="38.89996" lon="111.830414">
        <ele>1430.6608</ele>
        <time>2015-03-01T00:00:33.324000Z</time>
      </trkpt>
      <trkpt lat="38.899998" lon="111.830536">
        <ele>1431.2136</ele>
        <time>2015-03-01T00:00:36.812000Z</time>
      </trkpt>
      <trkpt lat="38.90003" lon="111.83069">
        <ele>1431.5826</ele>
        <time>2015-03-01T00:00:40.300000Z</time>
      </trkpt>
      <trkpt lat="38.900063" lon="111.83081">
        <ele>1432.2349</ele>
        <time>2015-03-01T00:00:43.788000Z</time>
      </trkpt>
      <trkpt lat="38.900112" lon="111.83091">
        <ele>1433.2704</ele>
        <time>2015-03-01T00:00:47.276000Z</time>
      </trkpt>
      <trkpt lat="38.90015" lon="111.83102">
        <ele>1434.2778</ele>
        <time>2015-03-01T00:00:50.764000Z</time>
      </trkpt>
      <trkpt lat="38.900192" lon="111.83113">
        <ele>1434.9962</ele>
        <time>2015-03-01T00:00:54.252000Z</time>
      </trkpt>
      <trkpt lat="38.90024" lon="111.83123">
        <ele>1434.835</ele>
        <time>2015-03-01T00:00:57.740000Z</time>
      </trkpt>
      <trkpt lat="38.900284" lon="111.83133">
        <ele>1433.485</ele>
        <time>2015-03-01T00:01:01.228000Z</time>
      </trkpt>
      <trkpt lat="38.900337" lon="111.83146">
        <ele>1431.825</ele>
        <time>2015-03-01T00:01:04.716000Z</time>
      </trkpt>
      <trkpt lat="38.90037" lon="111.83157">
        <ele>1430.7053</ele>
        <time>2015-03-01T00:01:08.204000Z</time>
      </trkpt>
      <trkpt lat="38.900402" lon="111.83169">
        <ele>1430.1981</ele>
        <time>2015-03-01T00:01:11.692000Z</time>
      </trkpt>
      <trkpt lat="38.90043" lon="111.8318">
        <ele>1429.8595</ele>
        <time>2015-03-01T00:01:15.180000Z</time>
      </trkpt>
      <trkpt lat="38.900444" lon="111.831924">
        <ele>1429.2373</ele>
        <time>2015-03-01T00:01:18.668000Z</time>
      </trkpt>
      <trkpt lat="38.900482" lon="111.83206">
        <ele>1428.7278</ele>
        <time>2015-03-01T00:01:22.156000Z</time>
      </trkpt>
      <trkpt lat="38.90051" lon="111.83218">
        <ele>1428.7778</ele>
        <time>2015-03-01T00:01:25.644000Z</time>
      </trkpt>
      <trkpt lat="38.900528" lon="111.83232">
        <ele>1428.9607</ele>
        <time>2015-03-01T00:01:29.132000Z</time>
      </trkpt>
      <trkpt lat="38.90054" lon="111.83246">
        <ele>1428.5516</ele>
        <time>2015-03-01T00:01:32.620000Z</time>
      </trkpt>
      <trkpt lat="38.900574" lon="111.832596">
        <ele>1427.5417</ele>
        <time>2015-03-01T00:01:36.108000Z</time>
      </trkpt>
      <trkpt lat="38.900616" lon="111.83272">
        <ele>1426.7607</ele>
        <time>2015-03-01T00:01:39.596000Z</time>
      </trkpt>
      <trkpt lat="38.900658" lon="111.832855">
        <ele>1426.8553</ele>
        <time>2015-03-01T00:01:43.084000Z</time>
      </trkpt>
      <trkpt lat="38.900684" lon="111.833">
        <ele>1427.5431</ele>
        <time>2015-03-01T00:01:46.572000Z</time>
      </trkpt>
      <trkpt lat="38.900707" lon="111.83314">
        <ele>1428.1716</ele>
        <time>2015-03-01T00:01:50.060000Z</time>
      </trkpt>
      <trkpt lat="38.9007" lon="111.83327">
        <ele>1428.4482</ele>
        <time>2015-03-01T00:01:53.548000Z</time>
      </trkpt>
      <trkpt lat="38.900696" lon="111.83339">
        <ele>1428.4772</ele>
        <time>2015-03-01T00:01:57.036000Z</time>
      </trkpt>
      <trkpt lat="38.900726" lon="111.8335">
        <ele>1428.42</ele>
        <time>2015-03-01T00:02:00.524000Z</time>
      </trkpt>
      <trkpt lat="38.900784" lon="111.83363">
        <ele>1428.3689</ele>
        <time>2015-03-01T00:02:04.012000Z</time>
      </trkpt>
      <trkpt lat="38.90081" lon="111.83377">
        <ele>1428.3467</ele>
        <time>2015-03-01T00:02:07.500000Z</time>
      </trkpt>
      <trkpt lat="38.900806" lon="111.83389">
        <ele>1428.3446</ele>
        <time>2015-03-01T00:02:10.988000Z</time>
      </trkpt>
      <trkpt lat="38.90082" lon="111.83403">
        <ele>1428.6257</ele>
        <time>2015-03-01T00:02:14.476000Z</time>
      </trkpt>
      <trkpt lat="38.90085" lon="111.83418">
        <ele>1429.7642</ele>
        <time>2015-03-01T00:02:17.964000Z</time>
      </trkpt>
      <trkpt lat="38.900864" lon="111.834305">
        <ele>1431.5845</ele>
        <time>2015-03-01T00:02:21.452000Z</time>
      </trkpt>
      <trkpt lat="38.900864" lon="111.83445">
        <ele>1433.0435</ele>
        <time>2015-03-01T00:02:24.940000Z</time>
      </trkpt>
      <trkpt lat="38.900875" lon="111.834595">
        <ele>1433.7601</ele>
        <time>2015-03-01T00:02:28.428000Z</time>
      </trkpt>
      <trkpt lat="38.900906" lon="111.83473">
        <ele>1434.2775</ele>
        <time>2015-03-01T00:02:31.916000Z</time>
      </trkpt>
      <trkpt lat="38.900936" lon="111.83487">
        <ele>1434.8564</ele>
        <time>2015-03-01T00:02:35.404000Z</time>
      </trkpt>
      <trkpt lat="38.900974" lon="111.83501">
        <ele>1435.1444</ele>
        <time>2015-03-01T00:02:38.892000Z</time>
      </trkpt>
      <trkpt lat="38.901012" lon="111.83511">
        <ele>1434.9401</ele>
        <time>2015-03-01T00:02:42.380000Z</time>
      </trkpt>
      <trkpt lat="38.901066" lon="111.83523">
        <ele>1434.0134</ele>
        <time>2015-03-01T00:02:45.868000Z</time>
      </trkpt>
      <trkpt lat="38.901104" lon="111.835335">
        <ele>1432.3508</ele>
        <time>2015-03-01T00:02:49.356000Z</time>
      </trkpt>
      <trkpt lat="38.901142" lon="111.83545">
        <ele>1430.812</ele>
        <time>2015-03-01T00:02:52.844000Z</time>
      </trkpt>
      <trkpt lat="38.90117" lon="111.835594">
        <ele>1430.1285</ele>
        <time>2015-03-01T00:02:56.332000Z</time>
      </trkpt>
      <trkpt lat="38.901154" lon="111.835724">
        <ele>1429.6385</ele>
        <time>2015-03-01T00:02:59.820000Z</time>
      </trkpt>
      <trkpt lat="38.901173" lon="111.83585">
        <ele>1428.6968</ele>
        <time>2015-03-01T00:03:03.308000Z</time>
      </trkpt>
      <trkpt lat="38.901264" lon="111.835846">
        <ele>1427.4374</ele>
        <time>2015-03-01T00:03:06.796000Z</time>
      </trkpt>
      <trkpt lat="38.90137" lon="111.83582">
        <ele>1426.2467</ele>
        <time>2015-03-01T00:03:10.284000Z</time>
      </trkpt>
      <trkpt lat="38.90147" lon="111.835754">
        <ele>1425.572</ele>
        <time>2015-03-01T00:03:13.772000Z</time>
      </trkpt>
      <trkpt lat="38.90157" lon="111.8357">
        <ele>1425.7981</ele>
        <time>2015-03-01T00:03:17.260000Z</time>
      </trkpt>
      <trkpt lat="38.901676" lon="111.83573">
        <ele>1426.5544</ele>
        <time>2015-03-01T00:03:20.748000Z</time>
      </trkpt>
      <trkpt lat="38.90174" lon="111.83585">
        <ele>1427.197</ele>
        <time>2015-03-01T00:03:24.236000Z</time>
      </trkpt>
      <trkpt lat="38.9018" lon="111.835945">
        <ele>1427.4647</ele>
        <time>2015-03-01T00:03:27.724000Z</time>
      </trkpt>
      <trkpt lat="38.901897" lon="111.83591">
        <time>2015-03-01T00:03:31.212000Z</time>
      </trkpt>
    </trkseg>
  </trk>
</gpx>