<?xml version="1.0" encoding="UTF-8"?>
<gpx xmlns="http://www.topografix.com/GPX/1/1" xmlns:gpxtpx="http://www.garmin.com/xmlschemas/TrackPointExtension/v1" xmlns:xsi="http://www.w3.org/2001/XMLSchema-instance" xsi:schemaLocation="http://www.topografix.com/GPX/1/1 http://www.topografix.com/GPX/1/1/gpx.xsd" version="1.1" creator="gpx.py -- https://github.com/tkrajina/gpxpy">
  <trk>
    <trkseg>
      <trkpt lat="38.817986" lon="121.147285">
        <ele>43.97302</ele>
        <time>2015-03-23T10:58:22.692000Z</time>
      </trkpt>
      <trkpt lat="38.817886" lon="121.14729">
        <ele>43.95273</ele>
        <time>2015-03-23T10:58:25.690000Z</time>
      </trkpt>
      <trkpt lat="38.817787" lon="121.1473">
        <ele>43.94516</ele>
        <time>2015-03-23T10:58:28.688000Z</time>
      </trkpt>
      <trkpt lat="38.817673" lon="121.14729">
        <ele>43.945248</ele>
        <time>2015-03-23T10:58:31.686000Z</time>
      </trkpt>
      <trkpt lat="38.817566" lon="121.14729">
        <ele>43.80929</ele>
        <time>2015-03-23T10:58:34.684000Z</time>
      </trkpt>
      <trkpt lat="38.817474" lon="121.147316">
        <ele>43.451046</ele>
        <time>2015-03-23T10:58:37.682000Z</time>
      </trkpt>
      <trkpt lat="38.817364" lon="121.14736">
        <ele>42.94404</ele>
        <time>2015-03-23T10:58:40.680000Z</time>
      </trkpt>
      <trkpt lat="38.817276" lon="121.14743">
        <ele>42.40887</ele>
        <time>2015-03-23T10:58:43.678000Z</time>
      </trkpt>
      <trkpt lat="38.817204" lon="121.147514">
        <ele>42.012722</ele>
        <time>2015-03-23T10:58:46.676000Z</time>
      </trkpt>
      <trkpt lat="38.81716" lon="121.14762">
        <ele>41.867313</ele>
        <time>2015-03-23T10:58:49.674000Z</time>
      </trkpt>
      <trkpt lat="38.817146" lon="121.14775">
        <ele>41.870846</ele>
        <time>2015-03-23T10:58:52.671000Z</time>
      </trkpt>
      <trkpt lat="38.81713" lon="121.14788">
        <ele>42.191284</ele>
        <time>2015-03-23T10:58:55.668000Z</time>
      </trkpt>
      <trkpt lat="38.817135" lon="121.14802">
        <ele>42.943214</ele>
        <time>2015-03-23T10:58:58.665000Z</time>
      </trkpt>
      <trkpt lat="38.817177" lon="121.14812">
        <ele>43.83187</ele>
        <time>2015-03-23T10:59:01.662000Z</time>
      </trkpt>
      <trkpt lat="38.817245" lon="121.14823">
        <ele>44.54186</ele>
        <time>2015-03-23T10:59:04.659000Z</time>
      </trkpt>
      <trkpt lat="38.81732" lon="121.148315">
        <ele>44.770344</ele>
        <time>2015-03-23T10:59:07.656000Z</time>
      </trkpt>
      <trkpt lat="38.817432" lon="121.148346">
        <ele>44.37147</ele>
        <time>2015-03-23T10:59:10.653000Z</time>
      </trkpt>
      <trkpt lat="38.81753" lon="121.148346">
        <ele>44.03286</ele>
        <time>2015-03-23T10:59:13.650000Z</time>
      </trkpt>
      <trkpt lat="38.81764" lon="121.14835">
        <ele>43.88236</ele>
        <time>2015-03-23T10:59:16.647000Z</time>
      </trkpt>
      <trkpt lat="38.817726" lon="121.14836">
        <ele>43.639004</ele>
        <time>2015-03-23T10:59:19.644000Z</time>
      </trkpt>
      <trkpt lat="38.817833" lon="121.148346">
        <ele>42.946747</ele>
        <time>2015-03-23T10:59:22.641000Z</time>
      </trkpt>
      <trkpt lat="38.81793" lon="121.14836">
        <ele>42.495533</ele>
        <time>2015-03-23T10:59:25.638000Z</time>
      </trkpt>
      <trkpt lat="38.818027" lon="121.1484">
        <ele>42.865448</ele>
        <time>2015-03-23T10:59:28.635000Z</time>
      </trkpt>
      <trkpt lat="38.818127" lon="121.1484">
        <ele>43.54853</ele>
        <time>2015-03-23T10:59:31.632000Z</time>
      </trkpt>
      <trkpt lat="38.818222" lon="121.14841">
        <ele>43.818607</ele>
        <time>2015-03-23T10:59:34.629000Z</time>
      </trkpt>
      <trkpt lat="38.818314" lon="121.148415">
        <ele>43.571087</ele>
        <time>2015-03-23T10:59:37.626000Z</time>
      </trkpt>
      <trkpt lat="38.818405" lon="121.148415">
        <ele>43.16983</ele>
        <time>2015-03-23T10:59:40.623000Z</time>
      </trkpt>
      <trkpt lat="38.818512" lon="121.14838">
        <ele>43.076797</ele>
        <time>2015-03-23T10:59:43.620000Z</time>
      </trkpt>
      <trkpt lat="38.8186" lon="121.1483">
        <ele>43.515335</ele>
        <time>2015-03-23T10:59:46.617000Z</time>
      </trkpt>
      <trkpt lat="38.818665" lon="121.14822">
        <ele>44.265774</ele>
        <time>2015-03-23T10:59:49.614000Z</time>
      </trkpt>
      <trkpt lat="38.818718" lon="121.14812">
        <ele>45.534195</ele>
        <time>2015-03-23T10:59:52.611000Z</time>
      </trkpt>
      <trkpt lat="38.81876" lon="121.147995">
        <ele>47.554123</ele>
        <time>2015-03-23T10:59:55.608000Z</time>
      </trkpt>
      <trkpt lat="38.818752" lon="121.14787">
        <ele>49.40253</ele>
        <time>2015-03-23T10:59:58.605000Z</time>
      </trkpt>
      <trkpt lat="38.81872" lon="121.14776">
        <ele>51.046017</ele>
        <time>2015-03-23T11:00:01.602000Z</time>
      </trkpt>
      <trkpt lat="38.818684" lon="121.147644">
        <ele>53.29113</ele>
        <time>2015-03-23T11:00:04.599000Z</time>
      </trkpt>
      <trkpt lat="38.818638" lon="121.14753">
        <ele>55.063824</ele>
        <time>2015-03-23T11:00:07.596000Z</time>
      </trkpt>
      <trkpt lat="38.818577" lon="121.147446">
        <ele>55.245174</ele>
        <time>2015-03-23T11:00:10.593000Z</time>
      </trkpt>
      <trkpt lat="38.818493" lon="121.14739">
        <ele>54.46193</ele>
        <time>2015-03-23T11:00:13.590000Z</time>
      </trkpt>
      <trkpt lat="38.8184" lon="121.147354">
        <ele>53.42712</ele>
        <time>2015-03-23T11:00:16.587000Z</time>
      </trkpt>
      <trkpt lat="38.818295" lon="121.147354">
        <ele>52.477978</ele>
        <time>2015-03-23T11:00:19.584000Z</time>
      </trkpt>
      <trkpt lat="38.8182" lon="121.14737">
        <ele>51.782738</ele>
        <time>2015-03-23T11:00:22.581000Z</time>
      </trkpt>
      <trkpt lat="38.818096" lon="121.147354">
        <ele>51.412563</ele>
        <time>2015-03-23T11:00:25.578000Z</time>
      </trkpt>
      <trkpt lat="38.818" lon="121.14735">
        <ele>51.588284</ele>
        <time>2015-03-23T11:00:28.575000Z</time>
      </trkpt>
      <trkpt lat="38.817894" lon="121.147354">
        <ele>52.35823</ele>
        <time>2015-03-23T11:00:31.572000Z</time>
      </trkpt>
      <trkpt lat="38.81776" lon="121.147354">
        <ele>53.55766</ele>
        <time>2015-03-23T11:00:34.569000Z</time>
      </trkpt>
      <trkpt lat="38.81766" lon="121.147354">
        <ele>55.166725</ele>
        <time>2015-03-23T11:00:37.566000Z</time>
      </trkpt>
      <trkpt lat="38.81754" lon="121.14736">
        <ele>56.96145</ele>
        <time>2015-03-23T11:00:40.563000Z</time>
      </trkpt>
      <trkpt lat="38.81744" lon="121.14736">
        <ele>58.246727</ele>
        <time>2015-03-23T11:00:43.560000Z</time>
      </trkpt>
      <trkpt lat="38.81735" lon="121.14738">
        <ele>58.58405</ele>
        <time>2015-03-23T11:00:46.557000Z</time>
      </trkpt>
      <trkpt lat="38.81725" lon="121.14745">
        <ele>58.33332</ele>
        <time>2015-03-23T11:00:49.554000Z</time>
      </trkpt>
      <trkpt lat="38.81719" lon="121.147545">
        <ele>58.048668</ele>
        <time>2015-03-23T11:00:52.551000Z</time>
      </trkpt>
      <trkpt lat="38.817142" lon="121.14767">
        <ele>57.491524</ele>
        <time>2015-03-23T11:00:55.548000Z</time>
      </trkpt>
      <trkpt lat="38.817127" lon="121.14782">
        <ele>56.247536</ele>
        <time>2015-03-23T11:00:58.545000Z</time>
      </trkpt>
      <trkpt lat="38.817123" lon="121.147964">
        <ele>54.80032</ele>
        <time>2015-03-23T11:01:01.542000Z</time>
      </trkpt>
      <trkpt lat="38.817154" lon="121.14808">
        <ele>53.928326</ele>
        <time>2015-03-23T11:01:04.539000Z</time>
      </trkpt>
      <trkpt lat="38.81722" lon="121.14819">
        <ele>53.54678</ele>
        <time>2015-03-23T11:01:07.536000Z</time>
      </trkpt>
      <trkpt lat="38.817276" lon="121.148285">
        <ele>53.252335</ele>
        <time>2015-03-23T11:01:10.533000Z</time>
      </trkpt>
      <trkpt lat="38.817387" lon="121.148346">
        <ele>53.001457</ele>
        <time>2015-03-23T11:01:13.530000Z</time>
      </trkpt>
      <trkpt lat="38.8175" lon="121.148384">
        <ele>52.343987</ele>
        <time>2015-03-23T11:01:16.527000Z</time>
      </trkpt>
      <trkpt lat="38.817604" lon="121.14839">
        <ele>50.89712</ele>
        <time>2015-03-23T11:01:19.524000Z</time>
      </trkpt>
      <trkpt lat="38.81771" lon="121.148384">
        <ele>49.44375</ele>
        <time>2015-03-23T11:01:22.521000Z</time>
      </trkpt>
      <trkpt lat="38.81781" lon="121.148384">
        <ele>48.7631</ele>
        <time>2015-03-23T11:01:25.518000Z</time>
      </trkpt>
      <trkpt lat="38.81791" lon="121.14839">
        <ele>48.389023</ele>
        <time>2015-03-23T11:01:28.515000Z</time>
      </trkpt>
      <trkpt lat="38.818012" lon="121.1484">
        <ele>47.651505</ele>
        <time>2015-03-23T11:01:31.512000Z</time>
      </trkpt>
      <trkpt lat="38.81811" lon="121.14841">
        <ele>46.67116</ele>
        <time>2015-03-23T11:01:34.509000Z</time>
      </trkpt>
      <trkpt lat="38.81811" lon="121.14841">
        <ele>46.005928</ele>
        <time>2015-03-23T11:01:37.506000Z</time>
      </trkpt>
      <trkpt lat="38.818207" lon="121.148415">
        <ele>45.87776</ele>
        <time>2015-03-23T11:01:40.503000Z</time>
      </trkpt>
      <trkpt lat="38.818306" lon="121.148415">
        <ele>46.188168</ele>
        <time>2015-03-23T11:01:43.500000Z</time>
      </trkpt>
      <trkpt lat="38.8184" lon="121.14839">
        <ele>46.63502</ele>
        <time>2015-03-23T11:01:46.497000Z</time>
      </trkpt>
      <trkpt lat="38.8184" lon="121.14839">
        <ele>46.928036</ele>
        <time>2015-03-23T11:01:49.494000Z</time>
      </trkpt>
      <trkpt lat="38.8185" lon="121.14836">
        <ele>46.970623</ele>
        <time>2015-03-23T11:01:52.491000Z</time>
      </trkpt>
      <trkpt lat="38.81859" lon="121.148315">
        <ele>46.82573</ele>
        <time>2015-03-23T11:01:55.488000Z</time>
      </trkpt>
      <trkpt lat="38.818653" lon="121.148224">
        <ele>47.810062</ele>
        <time>2015-03-23T11:01:58.485000Z</time>
      </trkpt>
      <trkpt lat="38.8187" lon="121.14809">
        <ele>50.871037</ele>
        <time>2015-03-23T11:02:01.482000Z</time>
      </trkpt>
      <trkpt lat="38.81872" lon="121.14796">
        <ele>54.304173</ele>
        <time>2015-03-23T11:02:04.479000Z</time>
      </trkpt>
      <trkpt lat="38.818726" lon="121.14782">
        <ele>55.875454</ele>
        <time>2015-03-23T11:02:07.476000Z</time>
      </trkpt>
      <trkpt lat="38.81871" lon="121.14769">
        <ele>55.428677</ele>
        <time>2015-03-23T11:02:10.473000Z</time>
      </trkpt>
      <trkpt lat="38.818672" lon="121.14755">
        <ele>54.11268</ele>
        <time>2015-03-23T11:02:13.470000Z</time>
      </trkpt>
      <trkpt lat="38.8186" lon="121.14744">
        <ele>53.11221</ele>
        <time>2015-03-23T11:02:16.467000Z</time>
      </trkpt>
      <trkpt lat="38.818504" lon="121.14735">
        <ele>53.011204</ele>
        <time>2015-03-23T11:02:19.464000Z</time>
      </trkpt>
      <trkpt lat="38.818413" lon="121.1473">
        <ele>54.717823</ele>
        <time>2015-03-23T11:02:22.461000Z</time>
      </trkpt>
      <trkpt lat="38.81829" lon="121.147316">
        <ele>55.50945</ele>
        <time>2015-03-23T11:02:25.458000Z</time>
      </trkpt>
      <trkpt lat="38.81819" lon="121.147316">
        <ele>56.10028</ele>
        <time>2015-03-23T11:02:28.455000Z</time>
      </trkpt>
      <trkpt lat="38.818096" lon="121.14731">
        <ele>56.90181</ele>
        <time>2015-03-23T11:02:31.452000Z</time>
      </trkpt>
      <trkpt lat="38.817993" lon="121.147316">
        <ele>57.012302</ele>
        <time>2015-03-23T11:02:34.449000Z</time>
      </trkpt>
      <trkpt lat="38.8179" lon="121.147316">
        <ele>57.14045</ele>
        <time>2015-03-23T11:02:37.446000Z</time>
      </trkpt>
      <trkpt lat="38.817795" lon="121.14731">
        <ele>57.46132</ele>
        <time>2015-03-23T11:02:40.443000Z</time>
      </trkpt>
      <trkpt lat="38.8177" lon="121.14729">
        <ele>58.218803</ele>
        <time>2015-03-23T11:02:43.440000Z</time>
      </trkpt>
      <trkpt lat="38.817577" lon="121.147285">
        <ele>59.46494</ele>
        <time>2015-03-23T11:02:46.437000Z</time>
      </trkpt>
      <trkpt lat="38.81747" lon="121.14729">
        <ele>60.600708</ele>
        <time>2015-03-23T11:02:49.434000Z</time>
      </trkpt>
      <trkpt lat="38.81737" lon="121.147316">
        <ele>61.09971</ele>
        <time>2015-03-23T11:02:52.431000Z</time>
      </trkpt>
      <trkpt lat="38.817284" lon="121.14738">
        <ele>60.59863</ele>
        <time>2015-03-23T11:02:55.428000Z</time>
      </trkpt>
      <trkpt lat="38.817207" lon="121.147484">
        <ele>58.502995</ele>
        <time>2015-03-23T11:02:58.425000Z</time>
      </trkpt>
      <trkpt lat="38.817165" lon="121.1476">
        <ele>55.493256</ele>
        <time>2015-03-23T11:03:01.422000Z</time>
      </trkpt>
      <trkpt lat="38.817127" lon="121.14773">
        <ele>53.13624</ele>
        <time>2015-03-23T11:03:04.419000Z</time>
      </trkpt>
      <trkpt lat="38.81713" lon="121.147896">
        <ele>51.965393</ele>
        <time>2015-03-23T11:03:07.416000Z</time>
      </trkpt>
      <trkpt lat="38.81713" lon="121.147896">
        <ele>51.613567</ele>
        <time>2015-03-23T11:03:10.413000Z</time>
      </trkpt>
      <trkpt lat="38.817158" lon="121.14804">
        <ele>51.673748</ele>
        <time>2015-03-23T11:03:13.410000Z</time>
      </trkpt>
      <trkpt lat="38.817215" lon="121.14818">
        <ele>51.81446</ele>
        <time>2015-03-23T11:03:16.407000Z</time>
      </trkpt>
      <trkpt lat="38.817284" lon="121.148285">
        <ele>51.769733</ele>
        <time>2015-03-23T11:03:19.404000Z</time>
      </trkpt>
      <trkpt lat="38.817284" lon="121.148285">
        <ele>51.448875</ele>
        <time>2015-03-23T11:03:22.401000Z</time>
      </trkpt>
      <trkpt lat="38.81737" lon="121.14836">
        <ele>50.810593</ele>
        <time>2015-03-23T11:03:25.398000Z</time>
      </trkpt>
      <trkpt lat="38.817482" lon="121.14839">
        <ele>49.771896</ele>
        <time>2015-03-23T11:03:28.395000Z</time>
      </trkpt>
      <trkpt lat="38.81759" lon="121.14838">
        <ele>48.50217</ele>
        <time>2015-03-23T11:03:31.392000Z</time>
      </trkpt>
      <trkpt lat="38.8177" lon="121.14838">
        <ele>47.44916</ele>
        <time>2015-03-23T11:03:34.389000Z</time>
      </trkpt>
      <trkpt lat="38.817814" lon="121.14837">
        <ele>46.880928</ele>
        <time>2015-03-23T11:03:37.386000Z</time>
      </trkpt>
      <trkpt lat="38.817917" lon="121.14836">
        <ele>46.753666</ele>
        <time>2015-03-23T11:03:40.383000Z</time>
      </trkpt>
      <trkpt lat="38.818016" lon="121.14837">
        <ele>46.819866</ele>
        <time>2015-03-23T11:03:43.380000Z</time>
      </trkpt>
      <trkpt lat="38.818123" lon="121.14837">
        <ele>46.90591</ele>
        <time>2015-03-23T11:03:46.377000Z</time>
      </trkpt>
      <trkpt lat="38.818226" lon="121.14837">
        <ele>46.675396</ele>
        <time>2015-03-23T11:03:49.374000Z</time>
      </trkpt>
      <trkpt lat="38.818325" lon="121.14838">
        <ele>45.827385</ele>
        <time>2015-03-23T11:03:52.371000Z</time>
      </trkpt>
      <trkpt lat="38.818428" lon="121.14838">
        <ele>44.58487</ele>
        <time>2015-03-23T11:03:55.368000Z</time>
      </trkpt>
      <trkpt lat="38.818535" lon="121.14834">
        <ele>43.49799</ele>
        <time>2015-03-23T11:03:58.365000Z</time>
      </trkpt>
      <trkpt lat="38.818626" lon="121.148254">
        <ele>42.896538</ele>
        <time>2015-03-23T11:04:01.362000Z</time>
      </trkpt>
      <trkpt lat="38.818695" lon="121.14814">
        <ele>42.75394</ele>
        <time>2015-03-23T11:04:04.359000Z</time>
      </trkpt>
      <trkpt lat="38.818726" lon="121.147995">
        <ele>42.81808</ele>
        <time>2015-03-23T11:04:07.356000Z</time>
      </trkpt>
      <trkpt lat="38.81874" lon="121.147835">
        <ele>43.04512</ele>
        <time>2015-03-23T11:04:10.353000Z</time>
      </trkpt>
      <trkpt lat="38.81874" lon="121.147835">
        <ele>43.453556</ele>
        <time>2015-03-23T11:04:13.350000Z</time>
      </trkpt>
      <trkpt lat="38.818733" lon="121.14768">
        <ele>43.702236</ele>
        <time>2015-03-23T11:04:16.347000Z</time>
      </trkpt>
      <trkpt lat="38.81869" lon="121.147545">
        <ele>43.528423</ele>
        <time>2015-03-23T11:04:19.344000Z</time>
      </trkpt>
      <trkpt lat="38.81862" lon="121.14743">
        <ele>43.326866</ele>
        <time>2015-03-23T11:04:22.341000Z</time>
      </trkpt>
      <trkpt lat="38.81849" lon="121.14735">
        <ele>43.60744</ele>
        <time>2015-03-23T11:04:25.338000Z</time>
      </trkpt>
      <trkpt lat="38.81836" lon="121.14726">
        <ele>44.816494</ele>
        <time>2015-03-23T11:04:28.335000Z</time>
      </trkpt>
      <trkpt lat="38.81836" lon="121.14726">
        <ele>46.807846</ele>
        <time>2015-03-23T11:04:31.332000Z</time>
      </trkpt>
      <trkpt lat="38.81825" lon="121.14731">
        <ele>48.5135</ele>
        <time>2015-03-23T11:04:34.329000Z</time>
      </trkpt>
      <trkpt lat="38.818157" lon="121.147316">
        <ele>49.228714</ele>
        <time>2015-03-23T11:04:37.326000Z</time>
      </trkpt>
      <trkpt lat="38.81804" lon="121.147316">
        <ele>49.280552</ele>
        <time>2015-03-23T11:04:40.323000Z</time>
      </trkpt>
      <trkpt lat="38.81795" lon="121.147316">
        <ele>49.39211</ele>
        <time>2015-03-23T11:04:43.320000Z</time>
      </trkpt>
      <trkpt lat="38.81785" lon="121.147316">
        <ele>50.249554</ele>
        <time>2015-03-23T11:04:46.317000Z</time>
      </trkpt>
      <trkpt lat="38.81775" lon="121.14731">
        <ele>51.37451</ele>
        <time>2015-03-23T11:04:49.314000Z</time>
      </trkpt>
      <trkpt lat="38.81775" lon="121.14731">
        <ele>51.79227</ele>
        <time>2015-03-23T11:04:52.311000Z</time>
      </trkpt>
      <trkpt lat="38.817654" lon="121.1473">
        <ele>51.55365</ele>
        <time>2015-03-23T11:04:55.308000Z</time>
      </trkpt>
      <trkpt lat="38.817535" lon="121.1473">
        <ele>51.262814</ele>
        <time>2015-03-23T11:04:58.305000Z</time>
      </trkpt>
      <trkpt lat="38.81743" lon="121.147354">
        <ele>50.966297</ele>
        <time>2015-03-23T11:05:01.302000Z</time>
      </trkpt>
      <trkpt lat="38.81743" lon="121.147354">
        <ele>50.659607</ele>
        <time>2015-03-23T11:05:04.299000Z</time>
      </trkpt>
      <trkpt lat="38.817326" lon="121.14743">
        <ele>50.437378</ele>
        <time>2015-03-23T11:05:07.296000Z</time>
      </trkpt>
      <trkpt lat="38.817245" lon="121.14752">
        <ele>49.41475</ele>
        <time>2015-03-23T11:05:10.293000Z</time>
      </trkpt>
      <trkpt lat="38.817173" lon="121.14764">
        <ele>46.901463</ele>
        <time>2015-03-23T11:05:13.290000Z</time>
      </trkpt>
      <trkpt lat="38.81714" lon="121.14777">
        <ele>44.079693</ele>
        <time>2015-03-23T11:05:16.287000Z</time>
      </trkpt>
      <trkpt lat="38.81714" lon="121.14777">
        <ele>42.41792</ele>
        <time>2015-03-23T11:05:19.284000Z</time>
      </trkpt>
      <trkpt lat="38.817123" lon="121.14792">
        <ele>42.2283</ele>
        <time>2015-03-23T11:05:22.281000Z</time>
      </trkpt>
      <trkpt lat="38.817154" lon="121.14806">
        <ele>42.95335</ele>
        <time>2015-03-23T11:05:25.278000Z</time>
      </trkpt>
      <trkpt lat="38.81723" lon="121.14819">
        <ele>43.69077</ele>
        <time>2015-03-23T11:05:28.275000Z</time>
      </trkpt>
      <trkpt lat="38.8173" lon="121.14828">
        <ele>44.315056</ele>
        <time>2015-03-23T11:05:31.272000Z</time>
      </trkpt>
      <trkpt lat="38.8174" lon="121.14834">
        <ele>45.08637</ele>
        <time>2015-03-23T11:05:34.269000Z</time>
      </trkpt>
      <trkpt lat="38.817505" lon="121.14836">
        <ele>45.903027</ele>
        <time>2015-03-23T11:05:37.266000Z</time>
      </trkpt>
      <trkpt lat="38.817608" lon="121.14838">
        <ele>46.829704</ele>
        <time>2015-03-23T11:05:40.263000Z</time>
      </trkpt>
      <trkpt lat="38.817715" lon="121.14837">
        <ele>48.22036</ele>
        <time>2015-03-23T11:05:43.260000Z</time>
      </trkpt>
      <trkpt lat="38.81782" lon="121.14837">
        <ele>50.204918</ele>
        <time>2015-03-23T11:05:46.257000Z</time>
      </trkpt>
      <trkpt lat="38.81782" lon="121.14837">
        <ele>52.34533</ele>
        <time>2015-03-23T11:05:49.254000Z</time>
      </trkpt>
      <trkpt lat="38.817924" lon="121.14838">
        <ele>53.803932</ele>
        <time>2015-03-23T11:05:52.251000Z</time>
      </trkpt>
      <trkpt lat="38.818035" lon="121.14838">
        <ele>54.2909</ele>
        <time>2015-03-23T11:05:55.248000Z</time>
      </trkpt>
      <trkpt lat="38.818146" lon="121.14838">
        <ele>54.379677</ele>
        <time>2015-03-23T11:05:58.245000Z</time>
      </trkpt>
      <trkpt lat="38.818256" lon="121.14838">
        <ele>54.701847</ele>
        <time>2015-03-23T11:06:01.242000Z</time>
      </trkpt>
      <trkpt lat="38.818367" lon="121.148384">
        <ele>55.31298</ele>
        <time>2015-03-23T11:06:04.239000Z</time>
      </trkpt>
      <trkpt lat="38.818474" lon="121.14837">
        <ele>55.957096</ele>
        <time>2015-03-23T11:06:07.236000Z</time>
      </trkpt>
      <trkpt lat="38.818558" lon="121.1483">
        <ele>56.661484</ele>
        <time>2015-03-23T11:06:10.233000Z</time>
      </trkpt>
      <trkpt lat="38.818634" lon="121.14821">
        <ele>57.954517</ele>
        <time>2015-03-23T11:06:13.230000Z</time>
      </trkpt>
      <trkpt lat="38.81866" lon="121.14808">
        <ele>59.888264</ele>
        <time>2015-03-23T11:06:16.227000Z</time>
      </trkpt>
      <trkpt lat="38.8187" lon="121.14796">
        <ele>61.526676</ele>
        <time>2015-03-23T11:06:19.224000Z</time>
      </trkpt>
      <trkpt lat="38.818714" lon="121.14783">
        <ele>61.655025</ele>
        <time>2015-03-23T11:06:22.221000Z</time>
      </trkpt>
      <trkpt lat="38.818714" lon="121.14783">
        <ele>60.260773</ele>
        <time>2015-03-23T11:06:25.218000Z</time>
      </trkpt>
      <trkpt lat="38.818695" lon="121.14769">
        <ele>58.208523</ele>
        <time>2015-03-23T11:06:28.215000Z</time>
      </trkpt>
      <trkpt lat="38.818657" lon="121.14756">
        <ele>56.156418</ele>
        <time>2015-03-23T11:06:31.212000Z</time>
      </trkpt>
      <trkpt lat="38.8186" lon="121.14745">
        <ele>54.389336</ele>
        <time>2015-03-23T11:06:34.209000Z</time>
      </trkpt>
      <trkpt lat="38.818516" lon="121.14737">
        <ele>52.83654</ele>
        <time>2015-03-23T11:06:37.206000Z</time>
      </trkpt>
      <trkpt lat="38.81841" lon="121.14731">
        <ele>51.266235</ele>
        <time>2015-03-23T11:06:40.203000Z</time>
      </trkpt>
      <trkpt lat="38.8183" lon="121.14729">
        <ele>50.113308</ele>
        <time>2015-03-23T11:06:43.200000Z</time>
      </trkpt>
      <trkpt lat="38.8183" lon="121.14729">
        <ele>49.693764</ele>
        <time>2015-03-23T11:06:46.197000Z</time>
      </trkpt>
      <trkpt lat="38.818184" lon="121.147285">
        <ele>49.72243</ele>
        <time>2015-03-23T11:06:49.194000Z</time>
      </trkpt>
      <trkpt lat="38.818085" lon="121.14729">
        <ele>50.015053</ele>
        <time>2015-03-23T11:06:52.191000Z</time>
      </trkpt>
      <trkpt lat="38.817978" lon="121.1473">
        <ele>50.745922</ele>
        <time>2015-03-23T11:06:55.188000Z</time>
      </trkpt>
      <trkpt lat="38.81788" lon="121.1473">
        <ele>51.84663</ele>
        <time>2015-03-23T11:06:58.185000Z</time>
      </trkpt>
      <trkpt lat="38.817776" lon="121.14731">
        <ele>52.74244</ele>
        <time>2015-03-23T11:07:01.182000Z</time>
      </trkpt>
      <trkpt lat="38.817665" lon="121.147316">
        <ele>53.102444</ele>
        <time>2015-03-23T11:07:04.179000Z</time>
      </trkpt>
      <trkpt lat="38.81756" lon="121.14731">
        <ele>53.117916</ele>
        <time>2015-03-23T11:07:07.176000Z</time>
      </trkpt>
      <trkpt lat="38.817448" lon="121.14731">
        <ele>53.02698</ele>
        <time>2015-03-23T11:07:10.173000Z</time>
      </trkpt>
      <trkpt lat="38.817345" lon="121.14733">
        <ele>52.51083</ele>
        <time>2015-03-23T11:07:13.170000Z</time>
      </trkpt>
      <trkpt lat="38.81726" lon="121.14742">
        <ele>51.153862</ele>
        <time>2015-03-23T11:07:16.167000Z</time>
      </trkpt>
      <trkpt lat="38.81718" lon="121.14753">
        <ele>49.33328</ele>
        <time>2015-03-23T11:07:19.164000Z</time>
      </trkpt>
      <trkpt lat="38.81713" lon="121.14764">
        <ele>47.936363</ele>
        <time>2015-03-23T11:07:22.161000Z</time>
      </trkpt>
      <trkpt lat="38.81713" lon="121.14764">
        <ele>47.148663</ele>
        <time>2015-03-23T11:07:25.158000Z</time>
      </trkpt>
      <trkpt lat="38.81711" lon="121.14777">
        <ele>46.816177</ele>
        <time>2015-03-23T11:07:28.155000Z</time>
      </trkpt>
      <trkpt lat="38.81712" lon="121.14793">
        <ele>46.790592</ele>
        <time>2015-03-23T11:07:31.152000Z</time>
      </trkpt>
      <trkpt lat="38.817165" lon="121.14807">
        <ele>46.727905</ele>
        <time>2015-03-23T11:07:34.149000Z</time>
      </trkpt>
      <trkpt lat="38.81722" lon="121.14819">
        <ele>46.293896</ele>
        <time>2015-03-23T11:07:37.146000Z</time>
      </trkpt>
      <trkpt lat="38.81722" lon="121.14819">
        <ele>45.59123</ele>
        <time>2015-03-23T11:07:40.143000Z</time>
      </trkpt>
      <trkpt lat="38.817287" lon="121.14832">
        <ele>44.357437</ele>
        <time>2015-03-23T11:07:43.140000Z</time>
      </trkpt>
      <trkpt lat="38.817398" lon="121.148384">
        <ele>41.935406</ele>
        <time>2015-03-23T11:07:46.137000Z</time>
      </trkpt>
      <trkpt lat="38.817528" lon="121.14841">
        <ele>38.868626</ele>
        <time>2015-03-23T11:07:49.134000Z</time>
      </trkpt>
      <trkpt lat="38.81765" lon="121.14841">
        <ele>36.58208</ele>
        <time>2015-03-23T11:07:52.131000Z</time>
      </trkpt>
      <trkpt lat="38.81777" lon="121.1484">
        <ele>35.59829</ele>
        <time>2015-03-23T11:07:55.128000Z</time>
      </trkpt>
      <trkpt lat="38.81788" lon="121.14839">
        <ele>35.786358</ele>
        <time>2015-03-23T11:07:58.125000Z</time>
      </trkpt>
      <trkpt lat="38.81799" lon="121.14839">
        <ele>38.33583</ele>
        <time>2015-03-23T11:08:01.122000Z</time>
      </trkpt>
      <trkpt lat="38.8181" lon="121.1484">
        <ele>40.56474</ele>
        <time>2015-03-23T11:08:04.119000Z</time>
      </trkpt>
      <trkpt lat="38.81821" lon="121.14841">
        <ele>42.6095</ele>
        <time>2015-03-23T11:08:07.116000Z</time>
      </trkpt>
      <trkpt lat="38.818317" lon="121.148415">
        <ele>43.768017</ele>
        <time>2015-03-23T11:08:10.113000Z</time>
      </trkpt>
      <trkpt lat="38.818317" lon="121.148415">
        <ele>44.19476</ele>
        <time>2015-03-23T11:08:13.110000Z</time>
      </trkpt>
      <trkpt lat="38.818413" lon="121.14841">
        <ele>44.15351</ele>
        <time>2015-03-23T11:08:16.107000Z</time>
      </trkpt>
      <trkpt lat="38.818504" lon="121.14837">
        <ele>43.94152</ele>
        <time>2015-03-23T11:08:19.104000Z</time>
      </trkpt>
      <trkpt lat="38.81859" lon="121.14828">
        <ele>43.793865</ele>
        <time>2015-03-23T11:08:22.101000Z</time>
      </trkpt>
      <trkpt lat="38.81859" lon="121.14828">
        <ele>43.802616</ele>
        <time>2015-03-23T11:08:25.098000Z</time>
      </trkpt>
      <trkpt lat="38.81866" lon="121.14816">
        <ele>43.883324</ele>
        <time>2015-03-23T11:08:28.095000Z</time>
      </trkpt>
      <trkpt lat="38.818714" lon="121.14805">
        <ele>43.94152</ele>
        <time>2015-03-23T11:08:31.092000Z</time>
      </trkpt>
      <trkpt lat="38.81874" lon="121.14791">
        <ele>43.962288</ele>
        <time>2015-03-23T11:08:34.089000Z</time>
      </trkpt>
      <trkpt lat="38.81874" lon="121.147766">
        <ele>43.684963</ele>
        <time>2015-03-23T11:08:37.086000Z</time>
      </trkpt>
      <trkpt lat="38.818707" lon="121.14762">
        <ele>42.958538</ele>
        <time>2015-03-23T11:08:40.083000Z</time>
      </trkpt>
      <trkpt lat="38.81865" lon="121.1475">
        <ele>42.491302</ele>
        <time>2015-03-23T11:08:43.080000Z</time>
      </trkpt>
      <trkpt lat="38.818565" lon="121.14739">
        <ele>43.135265</ele>
        <time>2015-03-23T11:08:46.077000Z</time>
      </trkpt>
      <trkpt lat="38.81847" lon="121.147316">
        <ele>45.829044</ele>
        <time>2015-03-23T11:08:49.074000Z</time>
      </trkpt>
      <trkpt lat="38.818363" lon="121.14728">
        <ele>46.65312</ele>
        <time>2015-03-23T11:08:52.071000Z</time>
      </trkpt>
      <trkpt lat="38.818253" lon="121.14728">
        <ele>47.04397</ele>
        <time>2015-03-23T11:08:55.068000Z</time>
      </trkpt>
      <trkpt lat="38.818142" lon="121.14729">
        <ele>46.826717</ele>
        <time>2015-03-23T11:08:58.065000Z</time>
      </trkpt>
      <trkpt lat="38.818142" lon="121.14729">
        <ele>46.04002</ele>
        <time>2015-03-23T11:09:01.062000Z</time>
      </trkpt>
      <trkpt lat="38.818035" lon="121.14729">
        <ele>45.23399</ele>
        <time>2015-03-23T11:09:04.059000Z</time>
      </trkpt>
      <trkpt lat="38.817932" lon="121.14729">
        <ele>45.104443</ele>
        <time>2015-03-23T11:09:07.056000Z</time>
      </trkpt>
      <trkpt lat="38.817837" lon="121.147285">
        <ele>45.59007</ele>
        <time>2015-03-23T11:09:10.053000Z</time>
      </trkpt>
      <trkpt lat="38.817745" lon="121.147285">
        <ele>46.032936</ele>
        <time>2015-03-23T11:09:13.050000Z</time>
      </trkpt>
      <trkpt lat="38.817642" lon="121.14729">
        <ele>45.975178</ele>
        <time>2015-03-23T11:09:16.047000Z</time>
      </trkpt>
      <trkpt lat="38.817535" lon="121.14731">
        <ele>45.4114</ele>
        <time>2015-03-23T11:09:19.044000Z</time>
      </trkpt>
      <trkpt lat="38.81743" lon="121.14734">
        <ele>44.60975</ele>
        <time>2015-03-23T11:09:22.041000Z</time>
      </trkpt>
      <trkpt lat="38.81735" lon="121.14739">
        <ele>44.305744</ele>
        <time>2015-03-23T11:09:25.038000Z</time>
      </trkpt>
      <trkpt lat="38.817287" lon="121.14749">
        <ele>44.817524</ele>
        <time>2015-03-23T11:09:28.035000Z</time>
      </trkpt>
      <trkpt lat="38.81723" lon="121.147606">
        <ele>45.565342</ele>
        <time>2015-03-23T11:09:31.032000Z</time>
      </trkpt>
      <trkpt lat="38.817192" lon="121.147736">
        <ele>45.843678</ele>
        <time>2015-03-23T11:09:34.029000Z</time>
      </trkpt>
      <trkpt lat="38.81718" lon="121.14789">
        <ele>45.445744</ele>
        <time>2015-03-23T11:09:37.026000Z</time>
      </trkpt>
      <trkpt lat="38.81719" lon="121.14804">
        <ele>44.673042</ele>
        <time>2015-03-23T11:09:40.023000Z</time>
      </trkpt>
      <trkpt lat="38.81724" lon="121.14816">
        <ele>44.067196</ele>
        <time>2015-03-23T11:09:43.020000Z</time>
      </trkpt>
      <trkpt lat="38.817307" lon="121.148254">
        <ele>43.693604</ele>
        <time>2015-03-23T11:09:46.017000Z</time>
      </trkpt>
      <trkpt lat="38.8174" lon="121.14831">
        <ele>43.19113</ele>
        <time>2015-03-23T11:09:49.014000Z</time>
      </trkpt>
      <trkpt lat="38.817493" lon="121.14834">
        <ele>42.525566</ele>
        <time>2015-03-23T11:09:52.011000Z</time>
      </trkpt>
      <trkpt lat="38.81759" lon="121.148346">
        <ele>41.61554</ele>
        <time>2015-03-23T11:09:55.008000Z</time>
      </trkpt>
      <trkpt lat="38.81769" lon="121.148346">
        <ele>40.3529</ele>
        <time>2015-03-23T11:09:58.005000Z</time>
      </trkpt>
      <trkpt lat="38.8178" lon="121.14833">
        <ele>39.662727</ele>
        <time>2015-03-23T11:10:01.002000Z</time>
      </trkpt>
      <trkpt lat="38.817917" lon="121.14836">
        <ele>41.10052</ele>
        <time>2015-03-23T11:10:03.999000Z</time>
      </trkpt>
      <trkpt lat="38.818016" lon="121.14838">
        <ele>44.605156</ele>
        <time>2015-03-23T11:10:06.996000Z</time>
      </trkpt>
      <trkpt lat="38.81812" lon="121.1484">
        <ele>48.1719</ele>
        <time>2015-03-23T11:10:09.993000Z</time>
      </trkpt>
      <trkpt lat="38.8182" lon="121.14846">
        <ele>49.855427</ele>
        <time>2015-03-23T11:10:12.990000Z</time>
      </trkpt>
      <trkpt lat="38.818314" lon="121.14847">
        <ele>48.90227</ele>
        <time>2015-03-23T11:10:15.987000Z</time>
      </trkpt>
      <trkpt lat="38.818417" lon="121.14847">
        <ele>45.87321</ele>
        <time>2015-03-23T11:10:18.984000Z</time>
      </trkpt>
      <trkpt lat="38.818504" lon="121.1484">
        <ele>42.52599</ele>
        <time>2015-03-23T11:10:21.981000Z</time>
      </trkpt>
      <trkpt lat="38.81859" lon="121.1483">
        <ele>40.339695</ele>
        <time>2015-03-23T11:10:24.978000Z</time>
      </trkpt>
      <trkpt lat="38.81869" lon="121.1482">
        <ele>39.649376</ele>
        <time>2015-03-23T11:10:27.975000Z</time>
      </trkpt>
      <trkpt lat="38.81872" lon="121.14806">
        <ele>40.00919</ele>
        <time>2015-03-23T11:10:30.972000Z</time>
      </trkpt>
      <trkpt lat="38.818718" lon="121.14794">
        <ele>40.89098</ele>
        <time>2015-03-23T11:10:33.969000Z</time>
      </trkpt>
      <trkpt lat="38.81871" lon="121.14779">
        <ele>42.23987</ele>
        <time>2015-03-23T11:10:36.966000Z</time>
      </trkpt>
      <trkpt lat="38.81866" lon="121.14767">
        <ele>43.791275</ele>
        <time>2015-03-23T11:10:39.963000Z</time>
      </trkpt>
      <trkpt lat="38.818607" lon="121.14755">
        <ele>44.849907</ele>
        <time>2015-03-23T11:10:42.960000Z</time>
      </trkpt>
      <trkpt lat="38.818542" lon="121.14746">
        <ele>45.203934</ele>
        <time>2015-03-23T11:10:45.957000Z</time>
      </trkpt>
      <trkpt lat="38.81845" lon="121.147415">
        <ele>45.16852</ele>
        <time>2015-03-23T11:10:48.954000Z</time>
      </trkpt>
      <trkpt lat="38.81835" lon="121.14741">
        <ele>45.1792</ele>
        <time>2015-03-23T11:10:51.951000Z</time>
      </trkpt>
      <trkpt lat="38.818253" lon="121.147446">
        <ele>45.453304</ele>
        <time>2015-03-23T11:10:54.948000Z</time>
      </trkpt>
      <trkpt lat="38.81814" lon="121.14746">
        <ele>45.79456</ele>
        <time>2015-03-23T11:10:57.945000Z</time>
      </trkpt>
      <trkpt lat="38.818024" lon="121.14746">
        <ele>46.249428</ele>
        <time>2015-03-23T11:11:00.942000Z</time>
      </trkpt>
      <trkpt lat="38.81792" lon="121.14747">
        <ele>47.006218</ele>
        <time>2015-03-23T11:11:03.939000Z</time>
      </trkpt>
      <trkpt lat="38.817814" lon="121.14745">
        <ele>47.86023</ele>
        <time>2015-03-23T11:11:06.936000Z</time>
      </trkpt>
      <trkpt lat="38.81771" lon="121.14744">
        <ele>48.542778</ele>
        <time>2015-03-23T11:11:09.933000Z</time>
      </trkpt>
      <trkpt lat="38.8176" lon="121.14741">
        <ele>48.950882</ele>
        <time>2015-03-23T11:11:12.930000Z</time>
      </trkpt>
      <trkpt lat="38.817493" lon="121.14738">
        <ele>48.51058</ele>
        <time>2015-03-23T11:11:15.927000Z</time>
      </trkpt>
      <trkpt lat="38.817413" lon="121.14728">
        <ele>46.90108</ele>
        <time>2015-03-23T11:11:18.924000Z</time>
      </trkpt>
      <trkpt lat="38.817318" lon="121.1473">
        <ele>44.0403</ele>
        <time>2015-03-23T11:11:21.921000Z</time>
      </trkpt>
      <trkpt lat="38.81723" lon="121.14741">
        <ele>40.417583</ele>
        <time>2015-03-23T11:11:24.918000Z</time>
      </trkpt>
      <trkpt lat="38.817158" lon="121.14752">
        <ele>37.679455</ele>
        <time>2015-03-23T11:11:27.915000Z</time>
      </trkpt>
      <trkpt lat="38.817123" lon="121.147644">
        <ele>37.046833</ele>
        <time>2015-03-23T11:11:30.912000Z</time>
      </trkpt>
      <trkpt lat="38.817116" lon="121.14781">
        <ele>37.88362</ele>
        <time>2015-03-23T11:11:33.909000Z</time>
      </trkpt>
      <trkpt lat="38.817142" lon="121.14798">
        <ele>39.08727</ele>
        <time>2015-03-23T11:11:36.906000Z</time>
      </trkpt>
      <trkpt lat="38.817184" lon="121.148094">
        <ele>39.89213</ele>
        <time>2015-03-23T11:11:39.903000Z</time>
      </trkpt>
      <trkpt lat="38.81728" lon="121.14822">
        <ele>40.292595</ele>
        <time>2015-03-23T11:11:42.900000Z</time>
      </trkpt>
      <trkpt lat="38.8174" lon="121.14829">
        <ele>40.62039</ele>
        <time>2015-03-23T11:11:45.897000Z</time>
      </trkpt>
      <trkpt lat="38.8175" lon="121.14832">
        <ele>40.614605</ele>
        <time>2015-03-23T11:11:48.894000Z</time>
      </trkpt>
      <trkpt lat="38.817608" lon="121.14834">
        <ele>40.004883</ele>
        <time>2015-03-23T11:11:51.891000Z</time>
      </trkpt>
      <trkpt lat="38.81772" lon="121.148346">
        <ele>39.824394</ele>
        <time>2015-03-23T11:11:54.888000Z</time>
      </trkpt>
      <trkpt lat="38.81784" lon="121.14834">
        <ele>40.88635</ele>
        <time>2015-03-23T11:11:57.885000Z</time>
      </trkpt>
      <trkpt lat="38.817947" lon="121.14838">
        <ele>42.427216</ele>
        <time>2015-03-23T11:12:00.882000Z</time>
      </trkpt>
      <trkpt lat="38.81806" lon="121.1484">
        <ele>43.539307</ele>
        <time>2015-03-23T11:12:03.879000Z</time>
      </trkpt>
      <trkpt lat="38.818157" lon="121.14841">
        <ele>43.79836</ele>
        <time>2015-03-23T11:12:06.876000Z</time>
      </trkpt>
      <trkpt lat="38.818256" lon="121.1484">
        <ele>43.026146</ele>
        <time>2015-03-23T11:12:09.873000Z</time>
      </trkpt>
      <trkpt lat="38.818348" lon="121.1484">
        <ele>41.839314</ele>
        <time>2015-03-23T11:12:12.870000Z</time>
      </trkpt>
      <trkpt lat="38.818436" lon="121.148346">
        <ele>41.166874</ele>
        <time>2015-03-23T11:12:15.867000Z</time>
      </trkpt>
      <trkpt lat="38.818535" lon="121.148285">
        <ele>41.393547</ele>
        <time>2015-03-23T11:12:18.864000Z</time>
      </trkpt>
      <trkpt lat="38.818626" lon="121.14822">
        <ele>42.149754</ele>
        <time>2015-03-23T11:12:21.861000Z</time>
      </trkpt>
      <trkpt lat="38.8187" lon="121.14811">
        <ele>42.79199</ele>
        <time>2015-03-23T11:12:24.858000Z</time>
      </trkpt>
      <trkpt lat="38.81874" lon="121.14798">
        <ele>43.059467</ele>
        <time>2015-03-23T11:12:27.855000Z</time>
      </trkpt>
      <trkpt lat="38.81876" lon="121.14784">
        <ele>43.353973</ele>
        <time>2015-03-23T11:12:30.852000Z</time>
      </trkpt>
      <trkpt lat="38.81873" lon="121.14769">
        <ele>44.14937</ele>
        <time>2015-03-23T11:12:33.849000Z</time>
      </trkpt>
      <trkpt lat="38.81866" lon="121.14754">
        <ele>45.195915</ele>
        <time>2015-03-23T11:12:36.846000Z</time>
      </trkpt>
      <trkpt lat="38.818584" lon="121.14743">
        <ele>45.894432</ele>
        <time>2015-03-23T11:12:39.843000Z</time>
      </trkpt>
      <trkpt lat="38.818493" lon="121.14735">
        <ele>45.706978</ele>
        <time>2015-03-23T11:12:42.840000Z</time>
      </trkpt>
      <trkpt lat="38.81838" lon="121.147316">
        <ele>44.59903</ele>
        <time>2015-03-23T11:12:45.837000Z</time>
      </trkpt>
      <trkpt lat="38.818264" lon="121.14729">
        <ele>43.8193</ele>
        <time>2015-03-23T11:12:48.834000Z</time>
      </trkpt>
      <trkpt lat="38.818142" lon="121.147316">
        <ele>44.316612</ele>
        <time>2015-03-23T11:12:51.831000Z</time>
      </trkpt>
      <trkpt lat="38.818027" lon="121.14735">
        <ele>45.32727</ele>
        <time>2015-03-23T11:12:54.828000Z</time>
      </trkpt>
      <trkpt lat="38.817932" lon="121.14736">
        <ele>45.945557</ele>
        <time>2015-03-23T11:12:57.825000Z</time>
      </trkpt>
      <trkpt lat="38.817825" lon="121.14736">
        <ele>46.122528</ele>
        <time>2015-03-23T11:13:00.822000Z</time>
      </trkpt>
      <trkpt lat="38.817722" lon="121.14736">
        <ele>46.07944</ele>
        <time>2015-03-23T11:13:03.819000Z</time>
      </trkpt>
      <trkpt lat="38.817608" lon="121.14737">
        <ele>45.85844</ele>
        <time>2015-03-23T11:13:06.816000Z</time>
      </trkpt>
      <trkpt lat="38.817505" lon="121.147385">
        <ele>45.448544</ele>
        <time>2015-03-23T11:13:09.813000Z</time>
      </trkpt>
      <trkpt lat="38.81741" lon="121.14737">
        <ele>45.065105</ele>
        <time>2015-03-23T11:13:12.810000Z</time>
      </trkpt>
      <trkpt lat="38.817307" lon="121.14739">
        <ele>44.617207</ele>
        <time>2015-03-23T11:13:15.807000Z</time>
      </trkpt>
      <trkpt lat="38.817207" lon="121.14747">
        <ele>43.7395</ele>
        <time>2015-03-23T11:13:18.804000Z</time>
      </trkpt>
      <trkpt lat="38.81713" lon="121.147606">
        <ele>42.536587</ele>
        <time>2015-03-23T11:13:21.801000Z</time>
      </trkpt>
      <trkpt lat="38.817104" lon="121.14776">
        <ele>41.487953</ele>
        <time>2015-03-23T11:13:24.798000Z</time>
      </trkpt>
      <trkpt lat="38.81708" lon="121.147896">
        <ele>40.903973</ele>
        <time>2015-03-23T11:13:27.795000Z</time>
      </trkpt>
      <trkpt lat="38.8171" lon="121.148026">
        <ele>40.487263</ele>
        <time>2015-03-23T11:13:30.792000Z</time>
      </trkpt>
      <trkpt lat="38.81716" lon="121.14816">
        <ele>39.41379</ele>
        <time>2015-03-23T11:13:33.789000Z</time>
      </trkpt>
      <trkpt lat="38.817226" lon="121.14825">
        <ele>37.680992</ele>
        <time>2015-03-23T11:13:36.786000Z</time>
      </trkpt>
      <trkpt lat="38.81732" lon="121.148315">
        <ele>36.269306</ele>
        <time>2015-03-23T11:13:39.783000Z</time>
      </trkpt>
      <trkpt lat="38.81742" lon="121.14833">
        <ele>35.70148</ele>
        <time>2015-03-23T11:13:42.780000Z</time>
      </trkpt>
      <trkpt lat="38.81755" lon="121.14833">
        <ele>35.81489</ele>
        <time>2015-03-23T11:13:45.777000Z</time>
      </trkpt>
      <trkpt lat="38.817684" lon="121.14833">
        <ele>36.17977</ele>
        <time>2015-03-23T11:13:48.774000Z</time>
      </trkpt>
      <trkpt lat="38.817772" lon="121.14831">
        <ele>36.58038</ele>
        <time>2015-03-23T11:13:51.771000Z</time>
      </trkpt>
      <trkpt lat="38.81788" lon="121.14831">
        <ele>37.15146</ele>
        <time>2015-03-23T11:13:54.768000Z</time>
      </trkpt>
      <trkpt lat="38.818" lon="121.14832">
        <ele>38.29582</ele>
        <time>2015-03-23T11:13:57.765000Z</time>
      </trkpt>
      <trkpt lat="38.818146" lon="121.148346">
        <ele>40.155746</ele>
        <time>2015-03-23T11:14:00.762000Z</time>
      </trkpt>
      <trkpt lat="38.818237" lon="121.14837">
        <ele>42.17518</ele>
        <time>2015-03-23T11:14:03.759000Z</time>
      </trkpt>
      <trkpt lat="38.818356" lon="121.148346">
        <ele>43.55795</ele>
        <time>2015-03-23T11:14:06.756000Z</time>
      </trkpt>
      <trkpt lat="38.818462" lon="121.148315">
        <ele>44.160545</ele>
        <time>2015-03-23T11:14:09.753000Z</time>
      </trkpt>
      <trkpt lat="38.818565" lon="121.148254">
        <ele>44.219692</ele>
        <time>2015-03-23T11:14:12.750000Z</time>
      </trkpt>
      <trkpt lat="38.818657" lon="121.14814">
        <ele>44.092476</ele>
        <time>2015-03-23T11:14:15.747000Z</time>
      </trkpt>
      <trkpt lat="38.81872" lon="121.14803">
        <ele>43.703606</ele>
        <time>2015-03-23T11:14:18.744000Z</time>
      </trkpt>
      <trkpt lat="38.81876" lon="121.14789">
        <ele>42.93546</ele>
        <time>2015-03-23T11:14:21.741000Z</time>
      </trkpt>
      <trkpt lat="38.81876" lon="121.147766">
        <ele>42.33046</ele>
        <time>2015-03-23T11:14:24.738000Z</time>
      </trkpt>
      <trkpt lat="38.81874" lon="121.14764">
        <ele>42.48855</ele>
        <time>2015-03-23T11:14:27.735000Z</time>
      </trkpt>
      <trkpt lat="38.818665" lon="121.14752">
        <ele>43.450325</ele>
        <time>2015-03-23T11:14:30.732000Z</time>
      </trkpt>
      <trkpt lat="38.818584" lon="121.14744">
        <ele>44.778656</ele>
        <time>2015-03-23T11:14:33.729000Z</time>
      </trkpt>
      <trkpt lat="38.818485" lon="121.14736">
        <ele>45.918022</ele>
        <time>2015-03-23T11:14:36.726000Z</time>
      </trkpt>
      <trkpt lat="38.81839" lon="121.14732">
        <ele>46.790478</ele>
        <time>2015-03-23T11:14:39.723000Z</time>
      </trkpt>
      <trkpt lat="38.81827" lon="121.14734">
        <ele>47.654247</ele>
        <time>2015-03-23T11:14:42.720000Z</time>
      </trkpt>
      <trkpt lat="38.818157" lon="121.14735">
        <ele>48.587532</ele>
        <time>2015-03-23T11:14:45.717000Z</time>
      </trkpt>
      <trkpt lat="38.81805" lon="121.147354">
        <ele>49.299213</ele>
        <time>2015-03-23T11:14:48.714000Z</time>
      </trkpt>
      <trkpt lat="38.81795" lon="121.147354">
        <ele>49.31247</ele>
        <time>2015-03-23T11:14:51.711000Z</time>
      </trkpt>
      <trkpt lat="38.81784" lon="121.14735">
        <ele>48.310966</ele>
        <time>2015-03-23T11:14:54.708000Z</time>
      </trkpt>
      <trkpt lat="38.817726" lon="121.14735">
        <ele>46.647953</ele>
        <time>2015-03-23T11:14:57.705000Z</time>
      </trkpt>
      <trkpt lat="38.81763" lon="121.147354">
        <ele>45.26824</ele>
        <time>2015-03-23T11:15:00.702000Z</time>
      </trkpt>
      <trkpt lat="38.817513" lon="121.14733">
        <ele>44.98093</ele>
        <time>2015-03-23T11:15:03.699000Z</time>
      </trkpt>
      <trkpt lat="38.817406" lon="121.14734">
        <ele>45.669964</ele>
        <time>2015-03-23T11:15:06.696000Z</time>
      </trkpt>
      <trkpt lat="38.81729" lon="121.14738">
        <ele>46.546314</ele>
        <time>2015-03-23T11:15:09.693000Z</time>
      </trkpt>
      <trkpt lat="38.817215" lon="121.147484">
        <ele>47.00898</ele>
        <time>2015-03-23T11:15:12.690000Z</time>
      </trkpt>
      <trkpt lat="38.817146" lon="121.147606">
        <ele>47.107197</ele>
        <time>2015-03-23T11:15:15.687000Z</time>
      </trkpt>
      <trkpt lat="38.81711" lon="121.147736">
        <ele>46.91105</ele>
        <time>2015-03-23T11:15:18.684000Z</time>
      </trkpt>
      <trkpt lat="38.817085" lon="121.14787">
        <ele>46.479584</ele>
        <time>2015-03-23T11:15:21.681000Z</time>
      </trkpt>
      <trkpt lat="38.81708" lon="121.14801">
        <ele>45.934666</ele>
        <time>2015-03-23T11:15:24.678000Z</time>
      </trkpt>
      <trkpt lat="38.817093" lon="121.14815">
        <ele>45.253674</ele>
        <time>2015-03-23T11:15:27.675000Z</time>
      </trkpt>
      <trkpt lat="38.81716" lon="121.14827">
        <ele>44.502686</ele>
        <time>2015-03-23T11:15:30.672000Z</time>
      </trkpt>
      <trkpt lat="38.81727" lon="121.14832">
        <ele>44.408356</ele>
        <time>2015-03-23T11:15:33.669000Z</time>
      </trkpt>
      <trkpt lat="38.817417" lon="121.14837">
        <ele>45.319355</ele>
        <time>2015-03-23T11:15:36.666000Z</time>
      </trkpt>
      <trkpt lat="38.817535" lon="121.14841">
        <ele>45.893097</ele>
        <time>2015-03-23T11:15:39.663000Z</time>
      </trkpt>
      <trkpt lat="38.81765" lon="121.14841">
        <ele>45.041016</ele>
        <time>2015-03-23T11:15:42.660000Z</time>
      </trkpt>
      <trkpt lat="38.81778" lon="121.14841">
        <ele>43.684097</ele>
        <time>2015-03-23T11:15:45.657000Z</time>
      </trkpt>
      <trkpt lat="38.81788" lon="121.14841">
        <ele>42.76834</ele>
        <time>2015-03-23T11:15:48.654000Z</time>
      </trkpt>
      <trkpt lat="38.817997" lon="121.14837">
        <ele>42.07217</ele>
        <time>2015-03-23T11:15:51.651000Z</time>
      </trkpt>
      <trkpt lat="38.818108" lon="121.148384">
        <ele>41.415432</ele>
        <time>2015-03-23T11:15:54.648000Z</time>
      </trkpt>
      <trkpt lat="38.818214" lon="121.1484">
        <ele>40.981762</ele>
        <time>2015-03-23T11:15:57.645000Z</time>
      </trkpt>
      <trkpt lat="38.818314" lon="121.14839">
        <ele>40.980953</ele>
        <time>2015-03-23T11:16:00.642000Z</time>
      </trkpt>
      <trkpt lat="38.81843" lon="121.14839">
        <ele>41.498074</ele>
        <time>2015-03-23T11:16:03.639000Z</time>
      </trkpt>
      <trkpt lat="38.818535" lon="121.14834">
        <ele>42.281326</ele>
        <time>2015-03-23T11:16:06.636000Z</time>
      </trkpt>
      <trkpt lat="38.818604" lon="121.14825">
        <ele>43.1375</ele>
        <time>2015-03-23T11:16:09.633000Z</time>
      </trkpt>
      <trkpt lat="38.81866" lon="121.14805">
        <ele>44.07012</ele>
        <time>2015-03-23T11:16:12.630000Z</time>
      </trkpt>
      <trkpt lat="38.81869" lon="121.147896">
        <ele>45.080193</ele>
        <time>2015-03-23T11:16:15.627000Z</time>
      </trkpt>
      <trkpt lat="38.8187" lon="121.14775">
        <ele>46.224155</ele>
        <time>2015-03-23T11:16:18.624000Z</time>
      </trkpt>
      <trkpt lat="38.81867" lon="121.14761">
        <ele>47.46711</ele>
        <time>2015-03-23T11:16:21.621000Z</time>
      </trkpt>
      <trkpt lat="38.818634" lon="121.1475">
        <ele>48.884525</ele>
        <time>2015-03-23T11:16:24.618000Z</time>
      </trkpt>
      <trkpt lat="38.818512" lon="121.14748">
        <ele>49.19705</ele>
        <time>2015-03-23T11:16:27.615000Z</time>
      </trkpt>
      <trkpt lat="38.818398" lon="121.14746">
        <ele>43.097534</ele>
        <time>2015-03-23T11:16:30.612000Z</time>
      </trkpt>
      <trkpt lat="38.818275" lon="121.14743">
        <ele>36.352028</ele>
        <time>2015-03-23T11:16:33.609000Z</time>
      </trkpt>
      <trkpt lat="38.818157" lon="121.14742">
        <ele>32.367374</ele>
        <time>2015-03-23T11:16:36.606000Z</time>
      </trkpt>
      <trkpt lat="38.818043" lon="121.1474">
        <ele>31.016636</ele>
        <time>2015-03-23T11:16:39.603000Z</time>
      </trkpt>
      <trkpt lat="38.817932" lon="121.14738">
        <ele>31.136246</ele>
        <time>2015-03-23T11:16:42.600000Z</time>
      </trkpt>
      <trkpt lat="38.81782" lon="121.14736">
        <ele>31.611046</ele>
        <time>2015-03-23T11:16:45.597000Z</time>
      </trkpt>
      <trkpt lat="38.817726" lon="121.14735">
        <ele>32.072178</ele>
        <time>2015-03-23T11:16:48.594000Z</time>
      </trkpt>
      <trkpt lat="38.817623" lon="121.14732">
        <ele>32.53964</ele>
        <time>2015-03-23T11:16:51.591000Z</time>
      </trkpt>
      <trkpt lat="38.81751" lon="121.14733">
        <ele>32.897945</ele>
        <time>2015-03-23T11:16:54.588000Z</time>
      </trkpt>
      <trkpt lat="38.8174" lon="121.14736">
        <ele>32.75783</ele>
        <time>2015-03-23T11:16:57.585000Z</time>
      </trkpt>
      <trkpt lat="38.817303" lon="121.147446">
        <ele>31.900232</ele>
        <time>2015-03-23T11:17:00.582000Z</time>
      </trkpt>
      <trkpt lat="38.81722" lon="121.147575">
        <ele>30.762922</ele>
        <time>2015-03-23T11:17:03.579000Z</time>
      </trkpt>
      <trkpt lat="38.817158" lon="121.1477">
        <ele>30.013876</ele>
        <time>2015-03-23T11:17:06.576000Z</time>
      </trkpt>
      <trkpt lat="38.81712" lon="121.14782">
        <ele>29.774664</ele>
        <time>2015-03-23T11:17:09.573000Z</time>
      </trkpt>
      <trkpt lat="38.81713" lon="121.14795">
        <ele>29.670025</ele>
        <time>2015-03-23T11:17:12.570000Z</time>
      </trkpt>
      <trkpt lat="38.817204" lon="121.1481">
        <ele>29.403511</ele>
        <time>2015-03-23T11:17:15.567000Z</time>
      </trkpt>
      <trkpt lat="38.817284" lon="121.148224">
        <ele>29.509272</ele>
        <time>2015-03-23T11:17:18.564000Z</time>
      </trkpt>
      <trkpt lat="38.81739" lon="121.148315">
        <ele>30.432697</ele>
        <time>2015-03-23T11:17:21.561000Z</time>
      </trkpt>
      <trkpt lat="38.8175" lon="121.148346">
        <ele>32.064194</ele>
        <time>2015-03-23T11:17:24.558000Z</time>
      </trkpt>
      <trkpt lat="38.817596" lon="121.1483">
        <ele>34.190044</ele>
        <time>2015-03-23T11:17:27.555000Z</time>
      </trkpt>
      <trkpt lat="38.817696" lon="121.148285">
        <ele>36.40882</ele>
        <time>2015-03-23T11:17:30.552000Z</time>
      </trkpt>
      <trkpt lat="38.817818" lon="121.14829">
        <ele>38.12171</ele>
        <time>2015-03-23T11:17:33.549000Z</time>
      </trkpt>
      <trkpt lat="38.817932" lon="121.148254">
        <ele>39.192104</ele>
        <time>2015-03-23T11:17:36.546000Z</time>
      </trkpt>
      <trkpt lat="38.818035" lon="121.14825">
        <ele>40.179485</ele>
        <time>2015-03-23T11:17:39.543000Z</time>
      </trkpt>
      <trkpt lat="38.818146" lon="121.148285">
        <ele>41.523117</ele>
        <time>2015-03-23T11:17:42.540000Z</time>
      </trkpt>
      <trkpt lat="38.81826" lon="121.14826">
        <ele>42.666695</ele>
        <time>2015-03-23T11:17:45.537000Z</time>
      </trkpt>
      <trkpt lat="38.818375" lon="121.14826">
        <ele>43.005615</ele>
        <time>2015-03-23T11:17:48.534000Z</time>
      </trkpt>
      <trkpt lat="38.818504" lon="121.14827">
        <ele>42.678654</ele>
        <time>2015-03-23T11:17:51.531000Z</time>
      </trkpt>
      <trkpt lat="38.818615" lon="121.14823">
        <ele>42.198048</ele>
        <time>2015-03-23T11:17:54.528000Z</time>
      </trkpt>
      <trkpt lat="38.818703" lon="121.14813">
        <ele>41.791626</ele>
        <time>2015-03-23T11:17:57.525000Z</time>
      </trkpt>
      <trkpt lat="38.81874" lon="121.14801">
        <ele>41.228783</ele>
        <time>2015-03-23T11:18:00.522000Z</time>
      </trkpt>
      <trkpt lat="38.818733" lon="121.14787">
        <ele>40.389</ele>
        <time>2015-03-23T11:18:03.519000Z</time>
      </trkpt>
      <trkpt lat="38.818714" lon="121.147736">
        <ele>39.523712</ele>
        <time>2015-03-23T11:18:06.516000Z</time>
      </trkpt>
      <trkpt lat="38.8187" lon="121.14761">
        <ele>38.28325</ele>
        <time>2015-03-23T11:18:09.513000Z</time>
      </trkpt>
      <trkpt lat="38.818665" lon="121.147484">
        <ele>36.040714</ele>
        <time>2015-03-23T11:18:12.510000Z</time>
      </trkpt>
      <trkpt lat="38.818645" lon="121.147354">
        <ele>33.504974</ele>
        <time>2015-03-23T11:18:15.507000Z</time>
      </trkpt>
      <trkpt lat="38.818573" lon="121.14727">
        <ele>31.822598</ele>
        <time>2015-03-23T11:18:18.504000Z</time>
      </trkpt>
      <trkpt lat="38.818573" lon="121.14727">
        <ele>31.02401</ele>
        <time>2015-03-23T11:18:21.501000Z</time>
      </trkpt>
      <trkpt lat="38.81849" lon="121.14735">
        <ele>30.211956</ele>
        <time>2015-03-23T11:18:24.498000Z</time>
      </trkpt>
      <trkpt lat="38.8184" lon="121.147385">
        <ele>28.52855</ele>
        <time>2015-03-23T11:18:27.495000Z</time>
      </trkpt>
      <trkpt lat="38.81831" lon="121.147385">
        <ele>26.429373</ele>
        <time>2015-03-23T11:18:30.492000Z</time>
      </trkpt>
      <trkpt lat="38.81822" lon="121.14737">
        <ele>25.192324</ele>
        <time>2015-03-23T11:18:33.489000Z</time>
      </trkpt>
      <trkpt lat="38.818104" lon="121.14734">
        <ele>25.825945</ele>
        <time>2015-03-23T11:18:36.486000Z</time>
      </trkpt>
      <trkpt lat="38.81801" lon="121.14729">
        <ele>26.75514</ele>
        <time>2015-03-23T11:18:39.483000Z</time>
      </trkpt>
      <trkpt lat="38.817894" lon="121.14731">
        <ele>27.410187</ele>
        <time>2015-03-23T11:18:42.480000Z</time>
      </trkpt>
      <trkpt lat="38.817787" lon="121.14732">
        <ele>27.755821</ele>
        <time>2015-03-23T11:18:45.477000Z</time>
      </trkpt>
      <trkpt lat="38.817673" lon="121.14732">
        <ele>28.105444</ele>
        <time>2015-03-23T11:18:48.474000Z</time>
      </trkpt>
      <trkpt lat="38.817562" lon="121.14731">
        <ele>28.525856</ele>
        <time>2015-03-23T11:18:51.471000Z</time>
      </trkpt>
      <trkpt lat="38.81745" lon="121.147316">
        <ele>28.742378</ele>
        <time>2015-03-23T11:18:54.468000Z</time>
      </trkpt>
      <trkpt lat="38.817345" lon="121.147354">
        <ele>28.529423</ele>
        <time>2015-03-23T11:18:57.465000Z</time>
      </trkpt>
      <trkpt lat="38.81727" lon="121.14746">
        <ele>28.169416</ele>
        <time>2015-03-23T11:19:00.462000Z</time>
      </trkpt>
      <trkpt lat="38.81721" lon="121.1476">
        <ele>27.821203</ele>
        <time>2015-03-23T11:19:03.459000Z</time>
      </trkpt>
      <trkpt lat="38.81716" lon="121.14775">
        <ele>27.405945</ele>
        <time>2015-03-23T11:19:06.456000Z</time>
      </trkpt>
      <trkpt lat="38.817142" lon="121.1479">
        <ele>27.331076</ele>
        <time>2015-03-23T11:19:09.453000Z</time>
      </trkpt>
      <trkpt lat="38.817158" lon="121.14804">
        <ele>28.043245</ele>
        <time>2015-03-23T11:19:12.450000Z</time>
      </trkpt>
      <trkpt lat="38.8172" lon="121.148155">
        <ele>29.270626</ele>
        <time>2015-03-23T11:19:15.447000Z</time>
      </trkpt>
      <trkpt lat="38.817265" lon="121.14824">
        <ele>31.075716</ele>
        <time>2015-03-23T11:19:18.444000Z</time>
      </trkpt>
      <trkpt lat="38.817352" lon="121.14831">
        <ele>33.777843</ele>
        <time>2015-03-23T11:19:21.441000Z</time>
      </trkpt>
      <trkpt lat="38.81745" lon="121.14836">
        <ele>36.774662</ele>
        <time>2015-03-23T11:19:24.438000Z</time>
      </trkpt>
      <trkpt lat="38.817604" lon="121.14839">
        <ele>39.046604</ele>
        <time>2015-03-23T11:19:27.435000Z</time>
      </trkpt>
      <trkpt lat="38.817722" lon="121.14836">
        <ele>39.62481</ele>
        <time>2015-03-23T11:19:30.432000Z</time>
      </trkpt>
      <trkpt lat="38.81783" lon="121.148384">
        <ele>38.388325</ele>
        <time>2015-03-23T11:19:33.429000Z</time>
      </trkpt>
      <trkpt lat="38.81795" lon="121.14838">
        <ele>36.741074</ele>
        <time>2015-03-23T11:19:36.426000Z</time>
      </trkpt>
      <trkpt lat="38.818058" lon="121.148384">
        <ele>35.992874</ele>
        <time>2015-03-23T11:19:39.423000Z</time>
      </trkpt>
      <trkpt lat="38.818172" lon="121.1484">
        <ele>36.293762</ele>
        <time>2015-03-23T11:19:42.420000Z</time>
      </trkpt>
      <trkpt lat="38.818287" lon="121.14837">
        <ele>37.127357</ele>
        <time>2015-03-23T11:19:45.417000Z</time>
      </trkpt>
      <trkpt lat="38.81838" lon="121.14835">
        <ele>38.35936</ele>
        <time>2015-03-23T11:19:48.414000Z</time>
      </trkpt>
      <trkpt lat="38.818478" lon="121.148315">
        <ele>40.210396</ele>
        <time>2015-03-23T11:19:51.411000Z</time>
      </trkpt>
      <trkpt lat="38.81857" lon="121.14825">
        <ele>42.198166</ele>
        <time>2015-03-23T11:19:54.408000Z</time>
      </trkpt>
      <trkpt lat="38.81865" lon="121.14817">
        <ele>43.69784</ele>
        <time>2015-03-23T11:19:57.405000Z</time>
      </trkpt>
      <trkpt lat="38.818718" lon="121.14807">
        <ele>44.653355</ele>
        <time>2015-03-23T11:20:00.402000Z</time>
      </trkpt>
      <trkpt lat="38.818756" lon="121.14794">
        <ele>44.944576</ele>
        <time>2015-03-23T11:20:03.399000Z</time>
      </trkpt>
      <trkpt lat="38.81878" lon="121.14778">
        <ele>44.63533</ele>
        <time>2015-03-23T11:20:06.396000Z</time>
      </trkpt>
      <trkpt lat="38.81877" lon="121.147644">
        <ele>44.181633</ele>
        <time>2015-03-23T11:20:09.393000Z</time>
      </trkpt>
      <trkpt lat="38.818718" lon="121.14755">
        <ele>43.37587</ele>
        <time>2015-03-23T11:20:12.390000Z</time>
      </trkpt>
      <trkpt lat="38.818645" lon="121.147446">
        <ele>41.87528</ele>
        <time>2015-03-23T11:20:15.387000Z</time>
      </trkpt>
      <trkpt lat="38.818565" lon="121.14734">
        <ele>40.28558</ele>
        <time>2015-03-23T11:20:18.384000Z</time>
      </trkpt>
      <trkpt lat="38.818466" lon="121.147255">
        <ele>39.12356</ele>
        <time>2015-03-23T11:20:21.381000Z</time>
      </trkpt>
      <trkpt lat="38.81834" lon="121.14723">
        <ele>38.308544</ele>
        <time>2015-03-23T11:20:24.378000Z</time>
      </trkpt>
      <trkpt lat="38.818214" lon="121.14724">
        <ele>37.888584</ele>
        <time>2015-03-23T11:20:27.375000Z</time>
      </trkpt>
      <trkpt lat="38.8181" lon="121.14724">
        <ele>37.805004</ele>
        <time>2015-03-23T11:20:30.372000Z</time>
      </trkpt>
      <trkpt lat="38.818" lon="121.14724">
        <ele>37.861813</ele>
        <time>2015-03-23T11:20:33.369000Z</time>
      </trkpt>
      <trkpt lat="38.817894" lon="121.14728">
        <ele>37.928345</ele>
        <time>2015-03-23T11:20:36.366000Z</time>
      </trkpt>
      <trkpt lat="38.8178" lon="121.14727">
        <ele>37.962185</ele>
        <time>2015-03-23T11:20:39.363000Z</time>
      </trkpt>
      <trkpt lat="38.817703" lon="121.147255">
        <ele>37.554146</ele>
        <time>2015-03-23T11:20:42.360000Z</time>
      </trkpt>
      <trkpt lat="38.817585" lon="121.14726">
        <ele>36.33153</ele>
        <time>2015-03-23T11:20:45.357000Z</time>
      </trkpt>
      <trkpt lat="38.81746" lon="121.147316">
        <ele>34.857903</ele>
        <time>2015-03-23T11:20:48.354000Z</time>
      </trkpt>
      <trkpt lat="38.81734" lon="121.1474">
        <ele>33.6836</ele>
        <time>2015-03-23T11:20:51.351000Z</time>
      </trkpt>
      <trkpt lat="38.817253" lon="121.1475">
        <ele>32.570286</ele>
        <time>2015-03-23T11:20:54.348000Z</time>
      </trkpt>
      <trkpt lat="38.81719" lon="121.14763">
        <ele>31.53535</ele>
        <time>2015-03-23T11:20:57.345000Z</time>
      </trkpt>
      <trkpt lat="38.817127" lon="121.14776">
        <ele>31.074324</ele>
        <time>2015-03-23T11:21:00.342000Z</time>
      </trkpt>
      <trkpt lat="38.817112" lon="121.14788">
        <ele>31.27851</ele>
        <time>2015-03-23T11:21:03.339000Z</time>
      </trkpt>
      <trkpt lat="38.817127" lon="121.14804">
        <ele>31.563408</ele>
        <time>2015-03-23T11:21:06.336000Z</time>
      </trkpt>
      <trkpt lat="38.81717" lon="121.148155">
        <ele>31.3253</ele>
        <time>2015-03-23T11:21:09.333000Z</time>
      </trkpt>
      <trkpt lat="38.817234" lon="121.14825">
        <ele>30.670912</ele>
        <time>2015-03-23T11:21:12.330000Z</time>
      </trkpt>
      <trkpt lat="38.81732" lon="121.14833">
        <ele>30.384853</ele>
        <time>2015-03-23T11:21:15.327000Z</time>
      </trkpt>
      <trkpt lat="38.81742" lon="121.14836">
        <ele>31.144527</ele>
        <time>2015-03-23T11:21:18.324000Z</time>
      </trkpt>
      <trkpt lat="38.817547" lon="121.14834">
        <ele>32.72379</ele>
        <time>2015-03-23T11:21:21.321000Z</time>
      </trkpt>
      <trkpt lat="38.817665" lon="121.148315">
        <ele>34.64177</ele>
        <time>2015-03-23T11:21:24.318000Z</time>
      </trkpt>
      <trkpt lat="38.81776" lon="121.14829">
        <ele>36.5402</ele>
        <time>2015-03-23T11:21:27.315000Z</time>
      </trkpt>
      <trkpt lat="38.817867" lon="121.14828">
        <ele>38.112167</ele>
        <time>2015-03-23T11:21:30.312000Z</time>
      </trkpt>
      <trkpt lat="38.81798" lon="121.1483">
        <ele>39.265305</ele>
        <time>2015-03-23T11:21:33.309000Z</time>
      </trkpt>
      <trkpt lat="38.818092" lon="121.14833">
        <ele>39.96089</ele>
        <time>2015-03-23T11:21:36.306000Z</time>
      </trkpt>
      <trkpt lat="38.818203" lon="121.14836">
        <ele>40.017216</ele>
        <time>2015-03-23T11:21:39.303000Z</time>
      </trkpt>
      <trkpt lat="38.818306" lon="121.148384">
        <ele>39.467216</ele>
        <time>2015-03-23T11:21:42.300000Z</time>
      </trkpt>
      <trkpt lat="38.818405" lon="121.1484">
        <ele>38.64342</ele>
        <time>2015-03-23T11:21:45.297000Z</time>
      </trkpt>
      <trkpt lat="38.818504" lon="121.14836">
        <ele>38.180664</ele>
        <time>2015-03-23T11:21:48.294000Z</time>
      </trkpt>
      <trkpt lat="38.818596" lon="121.14826">
        <ele>39.290634</ele>
        <time>2015-03-23T11:21:51.291000Z</time>
      </trkpt>
      <trkpt lat="38.81867" lon="121.14814">
        <ele>42.60177</ele>
        <time>2015-03-23T11:21:54.288000Z</time>
      </trkpt>
      <trkpt lat="38.81873" lon="121.14805">
        <ele>46.786934</ele>
        <time>2015-03-23T11:21:57.285000Z</time>
      </trkpt>
      <trkpt lat="38.81875" lon="121.1479">
        <ele>50.19349</ele>
        <time>2015-03-23T11:22:00.282000Z</time>
      </trkpt>
      <trkpt lat="38.81875" lon="121.14774">
        <ele>52.489162</ele>
        <time>2015-03-23T11:22:03.279000Z</time>
      </trkpt>
      <trkpt lat="38.818718" lon="121.1476">
        <ele>54.191704</ele>
        <time>2015-03-23T11:22:06.276000Z</time>
      </trkpt>
      <trkpt lat="38.81867" lon="121.14747">
        <ele>55.724007</ele>
        <time>2015-03-23T11:22:09.273000Z</time>
      </trkpt>
      <trkpt lat="38.818607" lon="121.14737">
        <ele>56.943867</ele>
        <time>2015-03-23T11:22:12.270000Z</time>
      </trkpt>
      <trkpt lat="38.818527" lon="121.1473">
        <ele>57.68056</ele>
        <time>2015-03-23T11:22:15.267000Z</time>
      </trkpt>
      <trkpt lat="38.81842" lon="121.14725">
        <ele>58.301495</ele>
        <time>2015-03-23T11:22:18.264000Z</time>
      </trkpt>
      <trkpt lat="38.81829" lon="121.14728">
        <ele>59.07049</ele>
        <time>2015-03-23T11:22:21.261000Z</time>
      </trkpt>
      <trkpt lat="38.818172" lon="121.14729">
        <ele>59.333656</ele>
        <time>2015-03-23T11:22:24.258000Z</time>
      </trkpt>
      <trkpt lat="38.818054" lon="121.14729">
        <ele>58.54448</ele>
        <time>2015-03-23T11:22:27.255000Z</time>
      </trkpt>
      <trkpt lat="38.817944" lon="121.14729">
        <ele>57.73789</ele>
        <time>2015-03-23T11:22:30.252000Z</time>
      </trkpt>
      <trkpt lat="38.817837" lon="121.147285">
        <ele>57.868183</ele>
        <time>2015-03-23T11:22:33.249000Z</time>
      </trkpt>
      <trkpt lat="38.81773" lon="121.1473">
        <ele>58.472336</ele>
        <time>2015-03-23T11:22:36.246000Z</time>
      </trkpt>
      <trkpt lat="38.817616" lon="121.1473">
        <ele>58.751335</ele>
        <time>2015-03-23T11:22:39.243000Z</time>
      </trkpt>
      <trkpt lat="38.817513" lon="121.1473">
        <ele>57.980297</ele>
        <time>2015-03-23T11:22:42.240000Z</time>
      </trkpt>
      <trkpt lat="38.817398" lon="121.14734">
        <ele>56.158886</ele>
        <time>2015-03-23T11:22:45.237000Z</time>
      </trkpt>
      <trkpt lat="38.817295" lon="121.14741">
        <ele>54.594395</ele>
        <time>2015-03-23T11:22:48.234000Z</time>
      </trkpt>
      <trkpt lat="38.81722" lon="121.147514">
        <ele>54.331078</ele>
        <time>2015-03-23T11:22:51.231000Z</time>
      </trkpt>
      <trkpt lat="38.817177" lon="121.14765">
        <ele>54.972996</ele>
        <time>2015-03-23T11:22:54.228000Z</time>
      </trkpt>
      <trkpt lat="38.81713" lon="121.14779">
        <ele>55.254368</ele>
        <time>2015-03-23T11:22:57.225000Z</time>
      </trkpt>
      <trkpt lat="38.81712" lon="121.1479">
        <ele>54.37691</ele>
        <time>2015-03-23T11:23:00.222000Z</time>
      </trkpt>
      <trkpt lat="38.817154" lon="121.148026">
        <ele>52.828228</ele>
        <time>2015-03-23T11:23:03.219000Z</time>
      </trkpt>
      <trkpt lat="38.817204" lon="121.14814">
        <ele>51.104977</ele>
        <time>2015-03-23T11:23:06.216000Z</time>
      </trkpt>
      <trkpt lat="38.81726" lon="121.14825">
        <ele>49.344265</ele>
        <time>2015-03-23T11:23:09.213000Z</time>
      </trkpt>
      <trkpt lat="38.817345" lon="121.14834">
        <ele>48.234905</ele>
        <time>2015-03-23T11:23:12.210000Z</time>
      </trkpt>
      <trkpt lat="38.817432" lon="121.14836">
        <ele>48.15836</ele>
        <time>2015-03-23T11:23:15.207000Z</time>
      </trkpt>
      <trkpt lat="38.817528" lon="121.14837">
        <ele>48.002346</ele>
        <time>2015-03-23T11:23:18.204000Z</time>
      </trkpt>
      <trkpt lat="38.817646" lon="121.14836">
        <ele>46.606537</ele>
        <time>2015-03-23T11:23:21.201000Z</time>
      </trkpt>
      <trkpt lat="38.817776" lon="121.14837">
        <ele>44.260345</ele>
        <time>2015-03-23T11:23:24.198000Z</time>
      </trkpt>
      <trkpt lat="38.81789" lon="121.14838">
        <ele>42.105453</ele>
        <time>2015-03-23T11:23:27.195000Z</time>
      </trkpt>
      <trkpt lat="38.81798" lon="121.14837">
        <ele>40.60082</ele>
        <time>2015-03-23T11:23:30.192000Z</time>
      </trkpt>
      <trkpt lat="38.81808" lon="121.14837">
        <ele>39.57139</ele>
        <time>2015-03-23T11:23:33.189000Z</time>
      </trkpt>
      <trkpt lat="38.81821" lon="121.14838">
        <ele>39.08782</ele>
        <time>2015-03-23T11:23:36.186000Z</time>
      </trkpt>
      <trkpt lat="38.818325" lon="121.14838">
        <ele>39.273483</ele>
        <time>2015-03-23T11:23:39.183000Z</time>
      </trkpt>
      <trkpt lat="38.81843" lon="121.14838">
        <ele>39.965412</ele>
        <time>2015-03-23T11:23:42.180000Z</time>
      </trkpt>
      <trkpt lat="38.81854" lon="121.14832">
        <ele>41.08297</ele>
        <time>2015-03-23T11:23:45.177000Z</time>
      </trkpt>
      <trkpt lat="38.818634" lon="121.14825">
        <ele>42.258533</ele>
        <time>2015-03-23T11:23:48.174000Z</time>
      </trkpt>
      <trkpt lat="38.818726" lon="121.14815">
        <ele>42.96228</ele>
        <time>2015-03-23T11:23:51.171000Z</time>
      </trkpt>
      <trkpt lat="38.81878" lon="121.14804">
        <ele>43.43288</ele>
        <time>2015-03-23T11:23:54.168000Z</time>
      </trkpt>
      <trkpt lat="38.818787" lon="121.14792">
        <ele>44.374577</ele>
        <time>2015-03-23T11:23:57.165000Z</time>
      </trkpt>
      <trkpt lat="38.818775" lon="121.14777">
        <ele>45.736946</ele>
        <time>2015-03-23T11:24:00.162000Z</time>
      </trkpt>
      <trkpt lat="38.81874" lon="121.147606">
        <ele>46.769444</ele>
        <time>2015-03-23T11:24:03.159000Z</time>
      </trkpt>
      <trkpt lat="38.818672" lon="121.147484">
        <ele>47.15768</ele>
        <time>2015-03-23T11:24:06.156000Z</time>
      </trkpt>
      <trkpt lat="38.8186" lon="121.147385">
        <ele>47.15544</ele>
        <time>2015-03-23T11:24:09.153000Z</time>
      </trkpt>
      <trkpt lat="38.818497" lon="121.1474">
        <ele>47.043137</ele>
        <time>2015-03-23T11:24:12.150000Z</time>
      </trkpt>
      <trkpt lat="38.81839" lon="121.147385">
        <ele>46.406616</ele>
        <time>2015-03-23T11:24:15.147000Z</time>
      </trkpt>
      <trkpt lat="38.818283" lon="121.147385">
        <ele>44.659668</ele>
        <time>2015-03-23T11:24:18.144000Z</time>
      </trkpt>
      <trkpt lat="38.818165" lon="121.147354">
        <ele>42.324516</ele>
        <time>2015-03-23T11:24:21.141000Z</time>
      </trkpt>
      <trkpt lat="38.818054" lon="121.14735">
        <ele>40.533962</ele>
        <time>2015-03-23T11:24:24.138000Z</time>
      </trkpt>
      <trkpt lat="38.81794" lon="121.14733">
        <ele>39.99104</ele>
        <time>2015-03-23T11:24:27.135000Z</time>
      </trkpt>
      <trkpt lat="38.817852" lon="121.14731">
        <ele>41.01946</ele>
        <time>2015-03-23T11:24:30.132000Z</time>
      </trkpt>
      <trkpt lat="38.81773" lon="121.14729">
        <ele>42.991802</ele>
        <time>2015-03-23T11:24:33.129000Z</time>
      </trkpt>
      <trkpt lat="38.817608" lon="121.1473">
        <ele>44.458275</ele>
        <time>2015-03-23T11:24:36.126000Z</time>
      </trkpt>
      <trkpt lat="38.817497" lon="121.147285">
        <ele>44.74306</ele>
        <time>2015-03-23T11:24:39.123000Z</time>
      </trkpt>
      <trkpt lat="38.817387" lon="121.14731">
        <ele>44.67756</ele>
        <time>2015-03-23T11:24:42.120000Z</time>
      </trkpt>
      <trkpt lat="38.817287" lon="121.14738">
        <ele>45.05913</ele>
        <time>2015-03-23T11:24:45.117000Z</time>
      </trkpt>
      <trkpt lat="38.817204" lon="121.147484">
        <ele>45.641083</ele>
        <time>2015-03-23T11:24:48.114000Z</time>
      </trkpt>
      <trkpt lat="38.817158" lon="121.14762">
        <ele>45.55544</ele>
        <time>2015-03-23T11:24:51.111000Z</time>
      </trkpt>
      <trkpt lat="38.81713" lon="121.147766">
        <ele>44.557266</ele>
        <time>2015-03-23T11:24:54.108000Z</time>
      </trkpt>
      <trkpt lat="38.817123" lon="121.14792">
        <ele>43.831074</ele>
        <time>2015-03-23T11:24:57.105000Z</time>
      </trkpt>
      <trkpt lat="38.817173" lon="121.14809">
        <ele>44.475544</ele>
        <time>2015-03-23T11:25:00.102000Z</time>
      </trkpt>
      <trkpt lat="38.81723" lon="121.14822">
        <ele>45.837593</ele>
        <time>2015-03-23T11:25:03.099000Z</time>
      </trkpt>
      <trkpt lat="38.817314" lon="121.148315">
        <ele>46.81636</ele>
        <time>2015-03-23T11:25:06.096000Z</time>
      </trkpt>
      <trkpt lat="38.817432" lon="121.14837">
        <ele>46.749752</ele>
        <time>2015-03-23T11:25:09.093000Z</time>
      </trkpt>
      <trkpt lat="38.817547" lon="121.14839">
        <ele>45.100117</ele>
        <time>2015-03-23T11:25:12.090000Z</time>
      </trkpt>
      <trkpt lat="38.817646" lon="121.14837">
        <ele>42.44014</ele>
        <time>2015-03-23T11:25:15.087000Z</time>
      </trkpt>
      <trkpt lat="38.817757" lon="121.14837">
        <ele>40.77177</ele>
        <time>2015-03-23T11:25:18.084000Z</time>
      </trkpt>
      <trkpt lat="38.81787" lon="121.14838">
        <ele>41.04306</ele>
        <time>2015-03-23T11:25:21.081000Z</time>
      </trkpt>
      <trkpt lat="38.817974" lon="121.14838">
        <ele>41.99877</ele>
        <time>2015-03-23T11:25:24.078000Z</time>
      </trkpt>
      <trkpt lat="38.818085" lon="121.14838">
        <ele>42.245975</ele>
        <time>2015-03-23T11:25:27.075000Z</time>
      </trkpt>
      <trkpt lat="38.81822" lon="121.14839">
        <ele>41.765392</ele>
        <time>2015-03-23T11:25:30.072000Z</time>
      </trkpt>
      <trkpt lat="38.81834" lon="121.14838">
        <ele>41.33358</ele>
        <time>2015-03-23T11:25:33.069000Z</time>
      </trkpt>
      <trkpt lat="38.81846" lon="121.14835">
        <ele>42.092674</ele>
        <time>2015-03-23T11:25:36.066000Z</time>
      </trkpt>
      <trkpt lat="38.818558" lon="121.14834">
        <ele>44.204636</ele>
        <time>2015-03-23T11:25:39.063000Z</time>
      </trkpt>
      <trkpt lat="38.81865" lon="121.148285">
        <ele>46.12919</ele>
        <time>2015-03-23T11:25:42.060000Z</time>
      </trkpt>
      <trkpt lat="38.818752" lon="121.14814">
        <ele>46.718655</ele>
        <time>2015-03-23T11:25:45.057000Z</time>
      </trkpt>
      <trkpt lat="38.818775" lon="121.14799">
        <ele>46.475388</ele>
        <time>2015-03-23T11:25:48.054000Z</time>
      </trkpt>
      <trkpt lat="38.818783" lon="121.147865">
        <ele>46.124504</ele>
        <time>2015-03-23T11:25:51.051000Z</time>
      </trkpt>
      <trkpt lat="38.818764" lon="121.147705">
        <ele>46.3445</ele>
        <time>2015-03-23T11:25:54.048000Z</time>
      </trkpt>
      <trkpt lat="38.818714" lon="121.14755">
        <ele>47.377865</ele>
        <time>2015-03-23T11:25:57.045000Z</time>
      </trkpt>
      <trkpt lat="38.818657" lon="121.14745">
        <ele>48.50677</ele>
        <time>2015-03-23T11:26:00.042000Z</time>
      </trkpt>
      <trkpt lat="38.818565" lon="121.14738">
        <ele>48.923065</ele>
        <time>2015-03-23T11:26:03.039000Z</time>
      </trkpt>
      <trkpt lat="38.818474" lon="121.14734">
        <ele>48.658466</ele>
        <time>2015-03-23T11:26:06.036000Z</time>
      </trkpt>
      <trkpt lat="38.818382" lon="121.14733">
        <ele>48.340885</ele>
        <time>2015-03-23T11:26:09.033000Z</time>
      </trkpt>
      <trkpt lat="38.818275" lon="121.14734">
        <ele>48.70981</ele>
        <time>2015-03-23T11:26:12.030000Z</time>
      </trkpt>
      <trkpt lat="38.818172" lon="121.14736">
        <ele>49.727863</ele>
        <time>2015-03-23T11:26:15.027000Z</time>
      </trkpt>
      <trkpt lat="38.818058" lon="121.14737">
        <ele>50.66465</ele>
        <time>2015-03-23T11:26:18.024000Z</time>
      </trkpt>
      <trkpt lat="38.81795" lon="121.14737">
        <ele>50.802658</ele>
        <time>2015-03-23T11:26:21.021000Z</time>
      </trkpt>
      <trkpt lat="38.817837" lon="121.147354">
        <ele>50.12755</ele>
        <time>2015-03-23T11:26:24.018000Z</time>
      </trkpt>
      <trkpt lat="38.817722" lon="121.147354">
        <ele>49.166035</ele>
        <time>2015-03-23T11:26:27.015000Z</time>
      </trkpt>
      <trkpt lat="38.817608" lon="121.14734">
        <ele>48.379375</ele>
        <time>2015-03-23T11:26:30.012000Z</time>
      </trkpt>
      <trkpt lat="38.817505" lon="121.14734">
        <ele>48.06179</ele>
        <time>2015-03-23T11:26:33.009000Z</time>
      </trkpt>
      <trkpt lat="38.81742" lon="121.147415">
        <ele>48.44128</ele>
        <time>2015-03-23T11:26:36.006000Z</time>
      </trkpt>
      <trkpt lat="38.817307" lon="121.14748">
        <ele>49.073116</ele>
        <time>2015-03-23T11:26:39.003000Z</time>
      </trkpt>
      <trkpt lat="38.817215" lon="121.14756">
        <ele>49.322304</ele>
        <time>2015-03-23T11:26:42Z</time>
      </trkpt>
      <trkpt lat="38.81716" lon="121.147675">
        <ele>48.915123</ele>
        <time>2015-03-23T11:26:44.997000Z</time>
      </trkpt>
      <trkpt lat="38.817142" lon="121.14781">
        <ele>48.025967</ele>
        <time>2015-03-23T11:26:47.994000Z</time>
      </trkpt>
      <trkpt lat="38.817135" lon="121.14798">
        <ele>47.335186</ele>
        <time>2015-03-23T11:26:50.991000Z</time>
      </trkpt>
      <trkpt lat="38.817177" lon="121.148155">
        <ele>47.32507</ele>
        <time>2015-03-23T11:26:53.988000Z</time>
      </trkpt>
      <trkpt lat="38.81723" lon="121.14826">
        <ele>47.790638</ele>
        <time>2015-03-23T11:26:56.985000Z</time>
      </trkpt>
      <trkpt lat="38.81734" lon="121.14837">
        <ele>48.3996</ele>
        <time>2015-03-23T11:26:59.982000Z</time>
      </trkpt>
      <trkpt lat="38.817463" lon="121.148415">
        <ele>48.172157</ele>
        <time>2015-03-23T11:27:02.979000Z</time>
      </trkpt>
      <trkpt lat="38.817585" lon="121.14843">
        <ele>46.13315</ele>
        <time>2015-03-23T11:27:05.976000Z</time>
      </trkpt>
      <trkpt lat="38.81769" lon="121.14843">
        <ele>42.92948</ele>
        <time>2015-03-23T11:27:08.973000Z</time>
      </trkpt>
      <trkpt lat="38.817802" lon="121.14841">
        <ele>40.17488</ele>
        <time>2015-03-23T11:27:11.970000Z</time>
      </trkpt>
      <trkpt lat="38.817905" lon="121.14839">
        <ele>38.878136</ele>
        <time>2015-03-23T11:27:14.967000Z</time>
      </trkpt>
      <trkpt lat="38.818024" lon="121.14839">
        <ele>39.220215</ele>
        <time>2015-03-23T11:27:17.964000Z</time>
      </trkpt>
      <trkpt lat="38.818134" lon="121.14841">
        <ele>40.497074</ele>
        <time>2015-03-23T11:27:20.961000Z</time>
      </trkpt>
      <trkpt lat="38.818245" lon="121.14841">
        <ele>41.636116</ele>
        <time>2015-03-23T11:27:23.958000Z</time>
      </trkpt>
      <trkpt lat="38.81835" lon="121.1484">
        <ele>42.128834</ele>
        <time>2015-03-23T11:27:26.955000Z</time>
      </trkpt>
      <trkpt lat="38.818478" lon="121.14839">
        <ele>42.1748</ele>
        <time>2015-03-23T11:27:29.952000Z</time>
      </trkpt>
      <trkpt lat="38.818596" lon="121.148346">
        <ele>42.345337</ele>
        <time>2015-03-23T11:27:32.949000Z</time>
      </trkpt>
      <trkpt lat="38.818672" lon="121.148254">
        <ele>43.11063</ele>
        <time>2015-03-23T11:27:35.946000Z</time>
      </trkpt>
      <trkpt lat="38.818718" lon="121.148155">
        <ele>44.169857</ele>
        <time>2015-03-23T11:27:38.943000Z</time>
      </trkpt>
      <trkpt lat="38.81874" lon="121.148026">
        <ele>45.162846</ele>
        <time>2015-03-23T11:27:41.940000Z</time>
      </trkpt>
      <trkpt lat="38.81876" lon="121.14789">
        <ele>46.257893</ele>
        <time>2015-03-23T11:27:44.937000Z</time>
      </trkpt>
      <trkpt lat="38.81875" lon="121.14776">
        <ele>47.33075</ele>
        <time>2015-03-23T11:27:47.934000Z</time>
      </trkpt>
      <trkpt lat="38.818718" lon="121.14761">
        <ele>48.101856</ele>
        <time>2015-03-23T11:27:50.931000Z</time>
      </trkpt>
      <trkpt lat="38.81866" lon="121.14748">
        <ele>48.632008</ele>
        <time>2015-03-23T11:27:53.928000Z</time>
      </trkpt>
      <trkpt lat="38.81857" lon="121.147385">
        <ele>48.67278</ele>
        <time>2015-03-23T11:27:56.925000Z</time>
      </trkpt>
      <trkpt lat="38.81845" lon="121.14735">
        <ele>47.902233</ele>
        <time>2015-03-23T11:27:59.922000Z</time>
      </trkpt>
      <trkpt lat="38.81833" lon="121.14732">
        <ele>46.77885</ele>
        <time>2015-03-23T11:28:02.919000Z</time>
      </trkpt>
      <trkpt lat="38.81823" lon="121.14736">
        <ele>46.15365</ele>
        <time>2015-03-23T11:28:05.916000Z</time>
      </trkpt>
      <trkpt lat="38.818115" lon="121.14736">
        <ele>46.397762</ele>
        <time>2015-03-23T11:28:08.913000Z</time>
      </trkpt>
      <trkpt lat="38.818005" lon="121.14735">
        <ele>47.42998</ele>
        <time>2015-03-23T11:28:11.910000Z</time>
      </trkpt>
      <trkpt lat="38.817886" lon="121.14731">
        <ele>49.201305</ele>
        <time>2015-03-23T11:28:14.907000Z</time>
      </trkpt>
      <trkpt lat="38.817783" lon="121.14729">
        <ele>51.2835</ele>
        <time>2015-03-23T11:28:17.904000Z</time>
      </trkpt>
      <trkpt lat="38.81768" lon="121.147316">
        <ele>52.89726</ele>
        <time>2015-03-23T11:28:20.901000Z</time>
      </trkpt>
      <trkpt lat="38.81757" lon="121.14731">
        <ele>53.773476</ele>
        <time>2015-03-23T11:28:23.898000Z</time>
      </trkpt>
      <trkpt lat="38.81746" lon="121.14731">
        <ele>53.83439</ele>
        <time>2015-03-23T11:28:26.895000Z</time>
      </trkpt>
      <trkpt lat="38.817356" lon="121.14732">
        <ele>53.11856</ele>
        <time>2015-03-23T11:28:29.892000Z</time>
      </trkpt>
      <trkpt lat="38.81725" lon="121.147354">
        <ele>52.42475</ele>
        <time>2015-03-23T11:28:32.889000Z</time>
      </trkpt>
      <trkpt lat="38.81717" lon="121.14745">
        <ele>52.362972</ele>
        <time>2015-03-23T11:28:35.886000Z</time>
      </trkpt>
      <trkpt lat="38.81714" lon="121.14757">
        <ele>52.652374</ele>
        <time>2015-03-23T11:28:38.883000Z</time>
      </trkpt>
      <trkpt lat="38.81712" lon="121.14771">
        <ele>52.611244</ele>
        <time>2015-03-23T11:28:41.880000Z</time>
      </trkpt>
      <trkpt lat="38.817104" lon="121.14785">
        <ele>51.709526</ele>
        <time>2015-03-23T11:28:44.877000Z</time>
      </trkpt>
      <trkpt lat="38.817116" lon="121.14799">
        <ele>50.116676</ele>
        <time>2015-03-23T11:28:47.874000Z</time>
      </trkpt>
      <trkpt lat="38.817146" lon="121.14814">
        <ele>48.643486</ele>
        <time>2015-03-23T11:28:50.871000Z</time>
      </trkpt>
      <trkpt lat="38.81722" lon="121.14826">
        <ele>47.29864</ele>
        <time>2015-03-23T11:28:53.868000Z</time>
      </trkpt>
      <trkpt lat="38.81731" lon="121.14834">
        <ele>45.544987</ele>
        <time>2015-03-23T11:28:56.865000Z</time>
      </trkpt>
      <trkpt lat="38.817413" lon="121.14837">
        <ele>43.662594</ele>
        <time>2015-03-23T11:28:59.862000Z</time>
      </trkpt>
      <trkpt lat="38.817535" lon="121.148384">
        <ele>42.35259</ele>
        <time>2015-03-23T11:29:02.859000Z</time>
      </trkpt>
      <trkpt lat="38.817657" lon="121.1484">
        <ele>41.76567</ele>
        <time>2015-03-23T11:29:05.856000Z</time>
      </trkpt>
      <trkpt lat="38.817795" lon="121.1484">
        <ele>41.697575</ele>
        <time>2015-03-23T11:29:08.853000Z</time>
      </trkpt>
      <trkpt lat="38.817905" lon="121.14841">
        <ele>41.399063</ele>
        <time>2015-03-23T11:29:11.850000Z</time>
      </trkpt>
      <trkpt lat="38.817997" lon="121.1484">
        <ele>40.426033</ele>
        <time>2015-03-23T11:29:14.847000Z</time>
      </trkpt>
      <trkpt lat="38.81809" lon="121.148384">
        <ele>39.364864</ele>
        <time>2015-03-23T11:29:17.844000Z</time>
      </trkpt>
      <trkpt lat="38.818184" lon="121.148384">
        <ele>38.84414</ele>
        <time>2015-03-23T11:29:20.841000Z</time>
      </trkpt>
      <trkpt lat="38.818306" lon="121.148384">
        <ele>38.8931</ele>
        <time>2015-03-23T11:29:23.838000Z</time>
      </trkpt>
      <trkpt lat="38.818413" lon="121.14838">
        <ele>39.748806</ele>
        <time>2015-03-23T11:29:26.835000Z</time>
      </trkpt>
      <trkpt lat="38.81852" lon="121.14833">
        <ele>41.422634</ele>
        <time>2015-03-23T11:29:29.832000Z</time>
      </trkpt>
      <trkpt lat="38.81862" lon="121.148254">
        <ele>43.246185</ele>
        <time>2015-03-23T11:29:32.829000Z</time>
      </trkpt>
      <trkpt lat="38.818672" lon="121.14815">
        <ele>44.811047</ele>
        <time>2015-03-23T11:29:35.826000Z</time>
      </trkpt>
      <trkpt lat="38.818707" lon="121.14802">
        <ele>45.84199</ele>
        <time>2015-03-23T11:29:38.823000Z</time>
      </trkpt>
      <trkpt lat="38.81872" lon="121.147896">
        <ele>45.93575</ele>
        <time>2015-03-23T11:29:41.820000Z</time>
      </trkpt>
      <trkpt lat="38.818726" lon="121.14774">
        <ele>45.436153</ele>
        <time>2015-03-23T11:29:44.817000Z</time>
      </trkpt>
      <trkpt lat="38.818703" lon="121.1476">
        <ele>45.17194</ele>
        <time>2015-03-23T11:29:47.814000Z</time>
      </trkpt>
      <trkpt lat="38.818653" lon="121.14749">
        <ele>45.371593</ele>
        <time>2015-03-23T11:29:50.811000Z</time>
      </trkpt>
      <trkpt lat="38.81859" lon="121.14739">
        <ele>45.597004</ele>
        <time>2015-03-23T11:29:53.808000Z</time>
      </trkpt>
      <trkpt lat="38.818497" lon="121.14736">
        <ele>45.453636</ele>
        <time>2015-03-23T11:29:56.805000Z</time>
      </trkpt>
      <trkpt lat="38.818386" lon="121.14736">
        <ele>45.14342</ele>
        <time>2015-03-23T11:29:59.802000Z</time>
      </trkpt>
      <trkpt lat="38.81827" lon="121.147385">
        <ele>44.951004</ele>
        <time>2015-03-23T11:30:02.799000Z</time>
      </trkpt>
      <trkpt lat="38.818134" lon="121.1474">
        <ele>44.894695</ele>
        <time>2015-03-23T11:30:05.796000Z</time>
      </trkpt>
      <trkpt lat="38.818024" lon="121.14738">
        <ele>44.90718</ele>
        <time>2015-03-23T11:30:08.793000Z</time>
      </trkpt>
      <trkpt lat="38.81791" lon="121.14736">
        <ele>44.93261</ele>
        <time>2015-03-23T11:30:11.790000Z</time>
      </trkpt>
      <trkpt lat="38.817802" lon="121.14736">
        <ele>44.948177</ele>
        <time>2015-03-23T11:30:14.787000Z</time>
      </trkpt>
      <trkpt lat="38.817684" lon="121.14736">
        <ele>44.67628</ele>
        <time>2015-03-23T11:30:17.784000Z</time>
      </trkpt>
      <trkpt lat="38.817554" lon="121.14739">
        <ele>43.955414</ele>
        <time>2015-03-23T11:30:20.781000Z</time>
      </trkpt>
      <trkpt lat="38.817444" lon="121.147385">
        <ele>43.35264</ele>
        <time>2015-03-23T11:30:23.778000Z</time>
      </trkpt>
      <trkpt lat="38.81734" lon="121.1474">
        <ele>43.36075</ele>
        <time>2015-03-23T11:30:26.775000Z</time>
      </trkpt>
      <trkpt lat="38.817245" lon="121.14748">
        <ele>43.538593</ele>
        <time>2015-03-23T11:30:29.772000Z</time>
      </trkpt>
      <trkpt lat="38.81719" lon="121.14759">
        <ele>42.723137</ele>
        <time>2015-03-23T11:30:32.769000Z</time>
      </trkpt>
      <trkpt lat="38.81714" lon="121.14773">
        <ele>40.226624</ele>
        <time>2015-03-23T11:30:35.766000Z</time>
      </trkpt>
      <trkpt lat="38.817123" lon="121.14785">
        <ele>36.984642</ele>
        <time>2015-03-23T11:30:38.763000Z</time>
      </trkpt>
      <trkpt lat="38.817135" lon="121.14799">
        <ele>34.58757</ele>
        <time>2015-03-23T11:30:41.760000Z</time>
      </trkpt>
      <trkpt lat="38.81717" lon="121.14812">
        <ele>33.57059</ele>
        <time>2015-03-23T11:30:44.757000Z</time>
      </trkpt>
      <trkpt lat="38.81723" lon="121.14823">
        <ele>33.35066</ele>
        <time>2015-03-23T11:30:47.754000Z</time>
      </trkpt>
      <trkpt lat="38.817307" lon="121.148315">
        <ele>33.21905</ele>
        <time>2015-03-23T11:30:50.751000Z</time>
      </trkpt>
      <trkpt lat="38.817383" lon="121.14841">
        <ele>32.906395</ele>
        <time>2015-03-23T11:30:53.748000Z</time>
      </trkpt>
      <trkpt lat="38.817482" lon="121.14847">
        <ele>32.452797</ele>
        <time>2015-03-23T11:30:56.745000Z</time>
      </trkpt>
      <trkpt lat="38.817604" lon="121.14849">
        <ele>31.786257</ele>
        <time>2015-03-23T11:30:59.742000Z</time>
      </trkpt>
      <trkpt lat="38.81772" lon="121.148445">
        <ele>30.902306</ele>
        <time>2015-03-23T11:31:02.739000Z</time>
      </trkpt>
      <trkpt lat="38.817825" lon="121.14843">
        <ele>30.289341</ele>
        <time>2015-03-23T11:31:05.736000Z</time>
      </trkpt>
      <trkpt lat="38.81794" lon="121.148415">
        <ele>30.336254</ele>
        <time>2015-03-23T11:31:08.733000Z</time>
      </trkpt>
      <trkpt lat="38.818058" lon="121.14841">
        <ele>30.684359</ele>
        <time>2015-03-23T11:31:11.730000Z</time>
      </trkpt>
      <trkpt lat="38.81817" lon="121.14841">
        <ele>31.070932</ele>
        <time>2015-03-23T11:31:14.727000Z</time>
      </trkpt>
      <trkpt lat="38.818283" lon="121.14841">
        <ele>31.518427</ele>
        <time>2015-03-23T11:31:17.724000Z</time>
      </trkpt>
      <trkpt lat="38.818398" lon="121.14841">
        <ele>31.882961</ele>
        <time>2015-03-23T11:31:20.721000Z</time>
      </trkpt>
      <trkpt lat="38.818485" lon="121.148384">
        <ele>32.444115</ele>
        <time>2015-03-23T11:31:23.718000Z</time>
      </trkpt>
      <trkpt lat="38.818592" lon="121.14832">
        <ele>34.221066</ele>
        <time>2015-03-23T11:31:26.715000Z</time>
      </trkpt>
      <trkpt lat="38.818676" lon="121.14826">
        <ele>37.091858</ele>
        <time>2015-03-23T11:31:29.712000Z</time>
      </trkpt>
      <trkpt lat="38.81874" lon="121.14816">
        <ele>39.573376</ele>
        <time>2015-03-23T11:31:32.709000Z</time>
      </trkpt>
      <trkpt lat="38.81879" lon="121.148026">
        <ele>40.877422</ele>
        <time>2015-03-23T11:31:35.706000Z</time>
      </trkpt>
      <trkpt lat="38.818813" lon="121.147865">
        <ele>41.28916</ele>
        <time>2015-03-23T11:31:38.703000Z</time>
      </trkpt>
      <trkpt lat="38.81881" lon="121.14773">
        <ele>41.50358</ele>
        <time>2015-03-23T11:31:41.700000Z</time>
      </trkpt>
      <trkpt lat="38.818745" lon="121.14758">
        <ele>42.05947</ele>
        <time>2015-03-23T11:31:44.697000Z</time>
      </trkpt>
      <trkpt lat="38.81867" lon="121.14746">
        <ele>42.69275</ele>
        <time>2015-03-23T11:31:47.694000Z</time>
      </trkpt>
      <trkpt lat="38.818577" lon="121.147354">
        <ele>43.148746</ele>
        <time>2015-03-23T11:31:50.691000Z</time>
      </trkpt>
      <trkpt lat="38.818493" lon="121.147255">
        <ele>43.56719</ele>
        <time>2015-03-23T11:31:53.688000Z</time>
      </trkpt>
      <trkpt lat="38.818398" lon="121.1472">
        <ele>43.890102</ele>
        <time>2015-03-23T11:31:56.685000Z</time>
      </trkpt>
      <trkpt lat="38.818275" lon="121.14718">
        <ele>43.875515</ele>
        <time>2015-03-23T11:31:59.682000Z</time>
      </trkpt>
      <trkpt lat="38.81818" lon="121.14722">
        <ele>43.51656</ele>
        <time>2015-03-23T11:32:02.679000Z</time>
      </trkpt>
      <trkpt lat="38.818027" lon="121.14731">
        <ele>42.974434</ele>
        <time>2015-03-23T11:32:05.676000Z</time>
      </trkpt>
      <trkpt lat="38.817936" lon="121.14735">
        <ele>42.41306</ele>
        <time>2015-03-23T11:32:08.673000Z</time>
      </trkpt>
      <trkpt lat="38.817833" lon="121.14735">
        <ele>42.007214</ele>
        <time>2015-03-23T11:32:11.670000Z</time>
      </trkpt>
      <trkpt lat="38.817734" lon="121.14732">
        <ele>42.000156</ele>
        <time>2015-03-23T11:32:14.667000Z</time>
      </trkpt>
      <trkpt lat="38.817627" lon="121.1473">
        <ele>42.781006</ele>
        <time>2015-03-23T11:32:17.664000Z</time>
      </trkpt>
      <trkpt lat="38.817463" lon="121.14739">
        <ele>44.276325</ele>
        <time>2015-03-23T11:32:20.661000Z</time>
      </trkpt>
      <trkpt lat="38.81733" lon="121.147415">
        <ele>46.145523</ele>
        <time>2015-03-23T11:32:23.658000Z</time>
      </trkpt>
      <trkpt lat="38.81724" lon="121.14747">
        <ele>48.42535</ele>
        <time>2015-03-23T11:32:26.655000Z</time>
      </trkpt>
      <trkpt lat="38.817165" lon="121.1476">
        <ele>50.67181</ele>
        <time>2015-03-23T11:32:29.652000Z</time>
      </trkpt>
      <trkpt lat="38.817093" lon="121.147705">
        <ele>51.711502</ele>
        <time>2015-03-23T11:32:32.649000Z</time>
      </trkpt>
      <trkpt lat="38.817036" lon="121.14781">
        <ele>51.341274</ele>
        <time>2015-03-23T11:32:35.646000Z</time>
      </trkpt>
      <trkpt lat="38.817028" lon="121.14794">
        <ele>50.352108</ele>
        <time>2015-03-23T11:32:38.643000Z</time>
      </trkpt>
      <trkpt lat="38.817085" lon="121.14807">
        <ele>49.04325</ele>
        <time>2015-03-23T11:32:41.640000Z</time>
      </trkpt>
      <trkpt lat="38.817142" lon="121.14819">
        <ele>47.434734</ele>
        <time>2015-03-23T11:32:44.637000Z</time>
      </trkpt>
      <trkpt lat="38.81723" lon="121.148285">
        <ele>46.18357</ele>
        <time>2015-03-23T11:32:47.634000Z</time>
      </trkpt>
      <trkpt lat="38.817364" lon="121.14833">
        <ele>45.701042</ele>
        <time>2015-03-23T11:32:50.631000Z</time>
      </trkpt>
      <trkpt lat="38.817493" lon="121.14835">
        <ele>45.280148</ele>
        <time>2015-03-23T11:32:53.628000Z</time>
      </trkpt>
      <trkpt lat="38.817604" lon="121.14834">
        <ele>44.194992</ele>
        <time>2015-03-23T11:32:56.625000Z</time>
      </trkpt>
      <trkpt lat="38.81772" lon="121.148315">
        <ele>42.690216</ele>
        <time>2015-03-23T11:32:59.622000Z</time>
      </trkpt>
      <trkpt lat="38.817825" lon="121.148315">
        <ele>41.473698</ele>
        <time>2015-03-23T11:33:02.619000Z</time>
      </trkpt>
      <trkpt lat="38.817944" lon="121.14833">
        <ele>40.7113</ele>
        <time>2015-03-23T11:33:05.616000Z</time>
      </trkpt>
      <trkpt lat="38.818085" lon="121.14837">
        <ele>40.228634</ele>
        <time>2015-03-23T11:33:08.613000Z</time>
      </trkpt>
      <trkpt lat="38.81821" lon="121.14838">
        <ele>39.94473</ele>
        <time>2015-03-23T11:33:11.610000Z</time>
      </trkpt>
      <trkpt lat="38.818325" lon="121.14838">
        <ele>39.868767</ele>
        <time>2015-03-23T11:33:14.607000Z</time>
      </trkpt>
      <trkpt lat="38.818436" lon="121.148384">
        <ele>39.754356</ele>
        <time>2015-03-23T11:33:17.604000Z</time>
      </trkpt>
      <trkpt lat="38.818535" lon="121.14836">
        <ele>39.433983</ele>
        <time>2015-03-23T11:33:20.601000Z</time>
      </trkpt>
      <trkpt lat="38.818634" lon="121.14829">
        <ele>39.08749</ele>
        <time>2015-03-23T11:33:23.598000Z</time>
      </trkpt>
      <trkpt lat="38.81871" lon="121.14816">
        <ele>38.91822</ele>
        <time>2015-03-23T11:33:26.595000Z</time>
      </trkpt>
      <trkpt lat="38.81875" lon="121.14801">
        <ele>38.613304</ele>
        <time>2015-03-23T11:33:29.592000Z</time>
      </trkpt>
      <trkpt lat="38.81875" lon="121.14784">
        <ele>38.19663</ele>
        <time>2015-03-23T11:33:32.589000Z</time>
      </trkpt>
      <trkpt lat="38.818737" lon="121.147675">
        <ele>38.482155</ele>
        <time>2015-03-23T11:33:35.586000Z</time>
      </trkpt>
      <trkpt lat="38.81868" lon="121.14758">
        <ele>40.571156</ele>
        <time>2015-03-23T11:33:38.583000Z</time>
      </trkpt>
      <trkpt lat="38.81862" lon="121.14745">
        <ele>44.54346</ele>
        <time>2015-03-23T11:33:41.580000Z</time>
      </trkpt>
      <trkpt lat="38.818535" lon="121.147354">
        <ele>48.670506</ele>
        <time>2015-03-23T11:33:44.577000Z</time>
      </trkpt>
      <trkpt lat="38.818447" lon="121.14732">
        <ele>50.089394</ele>
        <time>2015-03-23T11:33:47.574000Z</time>
      </trkpt>
      <trkpt lat="38.818333" lon="121.147354">
        <ele>48.18855</ele>
        <time>2015-03-23T11:33:50.571000Z</time>
      </trkpt>
      <trkpt lat="38.81821" lon="121.14736">
        <ele>45.38766</ele>
        <time>2015-03-23T11:33:53.568000Z</time>
      </trkpt>
      <trkpt lat="38.818104" lon="121.14738">
        <ele>43.82308</ele>
        <time>2015-03-23T11:33:56.565000Z</time>
      </trkpt>
      <trkpt lat="38.81799" lon="121.14737">
        <ele>43.859135</ele>
        <time>2015-03-23T11:33:59.562000Z</time>
      </trkpt>
      <trkpt lat="38.817894" lon="121.14736">
        <ele>45.238174</ele>
        <time>2015-03-23T11:34:02.559000Z</time>
      </trkpt>
      <trkpt lat="38.817787" lon="121.14737">
        <ele>47.07359</ele>
        <time>2015-03-23T11:34:05.556000Z</time>
      </trkpt>
      <trkpt lat="38.81768" lon="121.14738">
        <ele>48.455006</ele>
        <time>2015-03-23T11:34:08.553000Z</time>
      </trkpt>
      <trkpt lat="38.81757" lon="121.14736">
        <ele>49.109013</ele>
        <time>2015-03-23T11:34:11.550000Z</time>
      </trkpt>
      <trkpt lat="38.81748" lon="121.14729">
        <ele>49.207207</ele>
        <time>2015-03-23T11:34:14.547000Z</time>
      </trkpt>
      <trkpt lat="38.817364" lon="121.14729">
        <ele>49.094704</ele>
        <time>2015-03-23T11:34:17.544000Z</time>
      </trkpt>
      <trkpt lat="38.817272" lon="121.14738">
        <ele>48.98213</ele>
        <time>2015-03-23T11:34:20.541000Z</time>
      </trkpt>
      <trkpt lat="38.817192" lon="121.1475">
        <ele>48.929527</ele>
        <time>2015-03-23T11:34:23.538000Z</time>
      </trkpt>
      <trkpt lat="38.817135" lon="121.147644">
        <ele>48.92205</ele>
        <time>2015-03-23T11:34:26.535000Z</time>
      </trkpt>
      <trkpt lat="38.8171" lon="121.147804">
        <ele>48.79324</ele>
        <time>2015-03-23T11:34:29.532000Z</time>
      </trkpt>
      <trkpt lat="38.817085" lon="121.14794">
        <ele>48.442516</ele>
        <time>2015-03-23T11:34:32.529000Z</time>
      </trkpt>
      <trkpt lat="38.817123" lon="121.148094">
        <ele>47.800957</ele>
        <time>2015-03-23T11:34:35.526000Z</time>
      </trkpt>
      <trkpt lat="38.817192" lon="121.148224">
        <ele>46.63012</ele>
        <time>2015-03-23T11:34:38.523000Z</time>
      </trkpt>
      <trkpt lat="38.817276" lon="121.14831">
        <ele>45.144157</ele>
        <time>2015-03-23T11:34:41.520000Z</time>
      </trkpt>
      <trkpt lat="38.81745" lon="121.148315">
        <ele>44.084003</ele>
        <time>2015-03-23T11:34:44.517000Z</time>
      </trkpt>
      <trkpt lat="38.817566" lon="121.148315">
        <ele>43.71019</ele>
        <time>2015-03-23T11:34:47.514000Z</time>
      </trkpt>
      <trkpt lat="38.81767" lon="121.148285">
        <ele>44.145687</ele>
        <time>2015-03-23T11:34:50.511000Z</time>
      </trkpt>
      <trkpt lat="38.81777" lon="121.14827">
        <ele>45.485817</ele>
        <time>2015-03-23T11:34:53.508000Z</time>
      </trkpt>
      <trkpt lat="38.81787" lon="121.148254">
        <ele>47.178165</ele>
        <time>2015-03-23T11:34:56.505000Z</time>
      </trkpt>
      <trkpt lat="38.81798" lon="121.14825">
        <ele>48.463085</ele>
        <time>2015-03-23T11:34:59.502000Z</time>
      </trkpt>
      <trkpt lat="38.81808" lon="121.14824">
        <ele>48.947113</ele>
        <time>2015-03-23T11:35:02.499000Z</time>
      </trkpt>
      <trkpt lat="38.81819" lon="121.14826">
        <ele>48.689</ele>
        <time>2015-03-23T11:35:05.496000Z</time>
      </trkpt>
      <trkpt lat="38.818302" lon="121.14828">
        <ele>48.49517</ele>
        <time>2015-03-23T11:35:08.493000Z</time>
      </trkpt>
      <trkpt lat="38.8184" lon="121.14827">
        <ele>48.934933</ele>
        <time>2015-03-23T11:35:11.490000Z</time>
      </trkpt>
      <trkpt lat="38.8185" lon="121.14826">
        <ele>49.044495</ele>
        <time>2015-03-23T11:35:14.487000Z</time>
      </trkpt>
      <trkpt lat="38.81862" lon="121.14823">
        <ele>47.97763</ele>
        <time>2015-03-23T11:35:17.484000Z</time>
      </trkpt>
      <trkpt lat="38.818695" lon="121.14814">
        <ele>46.591457</ele>
        <time>2015-03-23T11:35:20.481000Z</time>
      </trkpt>
      <trkpt lat="38.818756" lon="121.14802">
        <ele>45.853077</ele>
        <time>2015-03-23T11:35:23.478000Z</time>
      </trkpt>
      <trkpt lat="38.81878" lon="121.1479">
        <ele>45.69279</ele>
        <time>2015-03-23T11:35:26.475000Z</time>
      </trkpt>
      <trkpt lat="38.81878" lon="121.14777">
        <ele>45.506287</ele>
        <time>2015-03-23T11:35:29.472000Z</time>
      </trkpt>
      <trkpt lat="38.81875" lon="121.147644">
        <ele>44.899734</ele>
        <time>2015-03-23T11:35:32.469000Z</time>
      </trkpt>
      <trkpt lat="38.81869" lon="121.14753">
        <ele>44.082237</ele>
        <time>2015-03-23T11:35:35.466000Z</time>
      </trkpt>
      <trkpt lat="38.818615" lon="121.14743">
        <ele>43.522514</ele>
        <time>2015-03-23T11:35:38.463000Z</time>
      </trkpt>
      <trkpt lat="38.81852" lon="121.14736">
        <ele>43.176</ele>
        <time>2015-03-23T11:35:41.460000Z</time>
      </trkpt>
      <trkpt lat="38.81843" lon="121.14731">
        <ele>42.28658</ele>
        <time>2015-03-23T11:35:44.457000Z</time>
      </trkpt>
      <trkpt lat="38.81834" lon="121.147285">
        <ele>40.257645</ele>
        <time>2015-03-23T11:35:47.454000Z</time>
      </trkpt>
      <trkpt lat="38.81823" lon="121.147285">
        <ele>37.802876</ele>
        <time>2015-03-23T11:35:50.451000Z</time>
      </trkpt>
      <trkpt lat="38.818104" lon="121.1473">
        <ele>36.811413</ele>
        <time>2015-03-23T11:35:53.448000Z</time>
      </trkpt>
      <trkpt lat="38.818" lon="121.14732">
        <ele>38.045223</ele>
        <time>2015-03-23T11:35:56.445000Z</time>
      </trkpt>
      <trkpt lat="38.817894" lon="121.14735">
        <ele>39.94639</ele>
        <time>2015-03-23T11:35:59.442000Z</time>
      </trkpt>
      <trkpt lat="38.817783" lon="121.147354">
        <ele>41.02446</ele>
        <time>2015-03-23T11:36:02.439000Z</time>
      </trkpt>
      <trkpt lat="38.81767" lon="121.147354">
        <ele>41.431625</ele>
        <time>2015-03-23T11:36:05.436000Z</time>
      </trkpt>
      <trkpt lat="38.81755" lon="121.14736">
        <ele>41.96298</ele>
        <time>2015-03-23T11:36:08.433000Z</time>
      </trkpt>
      <trkpt lat="38.817448" lon="121.147354">
        <ele>42.896675</ele>
        <time>2015-03-23T11:36:11.430000Z</time>
      </trkpt>
      <trkpt lat="38.81734" lon="121.14738">
        <ele>43.72375</ele>
        <time>2015-03-23T11:36:14.427000Z</time>
      </trkpt>
      <trkpt lat="38.81724" lon="121.14745">
        <ele>44.217827</ele>
        <time>2015-03-23T11:36:17.424000Z</time>
      </trkpt>
      <trkpt lat="38.817184" lon="121.14757">
        <ele>44.60969</ele>
        <time>2015-03-23T11:36:20.421000Z</time>
      </trkpt>
      <trkpt lat="38.81714" lon="121.1477">
        <ele>44.901764</ele>
        <time>2015-03-23T11:36:23.418000Z</time>
      </trkpt>
      <trkpt lat="38.817112" lon="121.14781">
        <ele>45.14792</ele>
        <time>2015-03-23T11:36:26.415000Z</time>
      </trkpt>
      <trkpt lat="38.817104" lon="121.14795">
        <ele>45.50579</ele>
        <time>2015-03-23T11:36:29.412000Z</time>
      </trkpt>
      <trkpt lat="38.817146" lon="121.148094">
        <ele>45.842937</ele>
        <time>2015-03-23T11:36:32.409000Z</time>
      </trkpt>
      <trkpt lat="38.81722" lon="121.1482">
        <ele>45.85632</ele>
        <time>2015-03-23T11:36:35.406000Z</time>
      </trkpt>
      <trkpt lat="38.81732" lon="121.14828">
        <ele>45.376156</ele>
        <time>2015-03-23T11:36:38.403000Z</time>
      </trkpt>
      <trkpt lat="38.81743" lon="121.14832">
        <ele>44.340755</ele>
        <time>2015-03-23T11:36:41.400000Z</time>
      </trkpt>
      <trkpt lat="38.817543" lon="121.14834">
        <ele>42.77247</ele>
        <time>2015-03-23T11:36:44.397000Z</time>
      </trkpt>
      <trkpt lat="38.817654" lon="121.14834">
        <ele>41.099854</ele>
        <time>2015-03-23T11:36:47.394000Z</time>
      </trkpt>
      <trkpt lat="38.817757" lon="121.14834">
        <ele>40.01258</ele>
        <time>2015-03-23T11:36:50.391000Z</time>
      </trkpt>
      <trkpt lat="38.817863" lon="121.14833">
        <ele>39.67156</ele>
        <time>2015-03-23T11:36:53.388000Z</time>
      </trkpt>
      <trkpt lat="38.817966" lon="121.14834">
        <ele>39.863087</ele>
        <time>2015-03-23T11:36:56.385000Z</time>
      </trkpt>
      <trkpt lat="38.81809" lon="121.14834">
        <ele>40.636616</ele>
        <time>2015-03-23T11:36:59.382000Z</time>
      </trkpt>
      <trkpt lat="38.818188" lon="121.14832">
        <ele>42.36658</ele>
        <time>2015-03-23T11:37:02.379000Z</time>
      </trkpt>
      <trkpt lat="38.818306" lon="121.14834">
        <ele>44.88554</ele>
        <time>2015-03-23T11:37:05.376000Z</time>
      </trkpt>
      <trkpt lat="38.818417" lon="121.14833">
        <ele>47.233685</ele>
        <time>2015-03-23T11:37:08.373000Z</time>
      </trkpt>
      <trkpt lat="38.81852" lon="121.14829">
        <ele>48.814045</ele>
        <time>2015-03-23T11:37:11.370000Z</time>
      </trkpt>
      <trkpt lat="38.818607" lon="121.1482">
        <ele>50.003902</ele>
        <time>2015-03-23T11:37:14.367000Z</time>
      </trkpt>
      <trkpt lat="38.818687" lon="121.1481">
        <ele>51.513042</ele>
        <time>2015-03-23T11:37:17.364000Z</time>
      </trkpt>
      <trkpt lat="38.81874" lon="121.14799">
        <ele>53.353165</ele>
        <time>2015-03-23T11:37:20.361000Z</time>
      </trkpt>
      <trkpt lat="38.81874" lon="121.147835">
        <ele>54.8596</ele>
        <time>2015-03-23T11:37:23.358000Z</time>
      </trkpt>
      <trkpt lat="38.81872" lon="121.147705">
        <ele>55.585903</ele>
        <time>2015-03-23T11:37:26.355000Z</time>
      </trkpt>
      <trkpt lat="38.818695" lon="121.1476">
        <ele>55.585033</ele>
        <time>2015-03-23T11:37:29.352000Z</time>
      </trkpt>
      <trkpt lat="38.818634" lon="121.14747">
        <ele>55.23926</ele>
        <time>2015-03-23T11:37:32.349000Z</time>
      </trkpt>
      <trkpt lat="38.818573" lon="121.147354">
        <ele>54.703144</ele>
        <time>2015-03-23T11:37:35.346000Z</time>
      </trkpt>
      <trkpt lat="38.818478" lon="121.1473">
        <ele>53.748367</ele>
        <time>2015-03-23T11:37:38.343000Z</time>
      </trkpt>
      <trkpt lat="38.818336" lon="121.14732">
        <ele>52.650818</ele>
        <time>2015-03-23T11:37:41.340000Z</time>
      </trkpt>
      <trkpt lat="38.81823" lon="121.147316">
        <ele>52.09753</ele>
        <time>2015-03-23T11:37:44.337000Z</time>
      </trkpt>
      <trkpt lat="38.818127" lon="121.14729">
        <ele>52.388363</ele>
        <time>2015-03-23T11:37:47.334000Z</time>
      </trkpt>
      <trkpt lat="38.81803" lon="121.14729">
        <ele>53.297043</ele>
        <time>2015-03-23T11:37:50.331000Z</time>
      </trkpt>
      <trkpt lat="38.817936" lon="121.147285">
        <ele>54.153465</ele>
        <time>2015-03-23T11:37:53.328000Z</time>
      </trkpt>
      <trkpt lat="38.81784" lon="121.14728">
        <ele>54.55893</ele>
        <time>2015-03-23T11:37:56.325000Z</time>
      </trkpt>
      <trkpt lat="38.81774" lon="121.147285">
        <ele>54.8758</ele>
        <time>2015-03-23T11:37:59.322000Z</time>
      </trkpt>
      <trkpt lat="38.817623" lon="121.14729">
        <ele>55.39271</ele>
        <time>2015-03-23T11:38:02.319000Z</time>
      </trkpt>
      <trkpt lat="38.817524" lon="121.14729">
        <ele>55.82931</ele>
        <time>2015-03-23T11:38:05.316000Z</time>
      </trkpt>
      <trkpt lat="38.817432" lon="121.14729">
        <ele>55.872158</ele>
        <time>2015-03-23T11:38:08.313000Z</time>
      </trkpt>
      <trkpt lat="38.81733" lon="121.14729">
        <ele>55.385815</ele>
        <time>2015-03-23T11:38:11.310000Z</time>
      </trkpt>
      <trkpt lat="38.817234" lon="121.1474">
        <ele>54.61373</ele>
        <time>2015-03-23T11:38:14.307000Z</time>
      </trkpt>
      <trkpt lat="38.81719" lon="121.14752">
        <ele>53.895363</ele>
        <time>2015-03-23T11:38:17.304000Z</time>
      </trkpt>
      <trkpt lat="38.81715" lon="121.14764">
        <ele>53.180992</ele>
        <time>2015-03-23T11:38:20.301000Z</time>
      </trkpt>
      <trkpt lat="38.817142" lon="121.14777">
        <ele>52.316147</ele>
        <time>2015-03-23T11:38:23.298000Z</time>
      </trkpt>
      <trkpt lat="38.817135" lon="121.14792">
        <ele>51.33701</ele>
        <time>2015-03-23T11:38:26.295000Z</time>
      </trkpt>
      <trkpt lat="38.817154" lon="121.14806">
        <ele>50.45298</ele>
        <time>2015-03-23T11:38:29.292000Z</time>
      </trkpt>
      <trkpt lat="38.817223" lon="121.14819">
        <ele>49.92902</ele>
        <time>2015-03-23T11:38:32.289000Z</time>
      </trkpt>
      <trkpt lat="38.81729" lon="121.14828">
        <ele>49.372364</ele>
        <time>2015-03-23T11:38:35.286000Z</time>
      </trkpt>
      <trkpt lat="38.81738" lon="121.14832">
        <ele>48.335106</ele>
        <time>2015-03-23T11:38:38.283000Z</time>
      </trkpt>
      <trkpt lat="38.81748" lon="121.14833">
        <ele>46.88466</ele>
        <time>2015-03-23T11:38:41.280000Z</time>
      </trkpt>
      <trkpt lat="38.817585" lon="121.14832">
        <ele>45.32155</ele>
        <time>2015-03-23T11:38:44.277000Z</time>
      </trkpt>
      <trkpt lat="38.8177" lon="121.148315">
        <ele>44.006695</ele>
        <time>2015-03-23T11:38:47.274000Z</time>
      </trkpt>
      <trkpt lat="38.817818" lon="121.148315">
        <ele>43.207348</ele>
        <time>2015-03-23T11:38:50.271000Z</time>
      </trkpt>
      <trkpt lat="38.81792" lon="121.148315">
        <ele>42.980896</ele>
        <time>2015-03-23T11:38:53.268000Z</time>
      </trkpt>
      <trkpt lat="38.81804" lon="121.14832">
        <ele>43.294353</ele>
        <time>2015-03-23T11:38:56.265000Z</time>
      </trkpt>
      <trkpt lat="38.818146" lon="121.148315">
        <ele>43.73276</ele>
        <time>2015-03-23T11:38:59.262000Z</time>
      </trkpt>
      <trkpt lat="38.818233" lon="121.1483">
        <ele>44.111294</ele>
        <time>2015-03-23T11:39:02.259000Z</time>
      </trkpt>
      <trkpt lat="38.818367" lon="121.1483">
        <ele>44.527016</ele>
        <time>2015-03-23T11:39:05.256000Z</time>
      </trkpt>
      <trkpt lat="38.818485" lon="121.14827">
        <ele>44.86995</ele>
        <time>2015-03-23T11:39:08.253000Z</time>
      </trkpt>
      <trkpt lat="38.818596" lon="121.1482">
        <ele>44.733017</ele>
        <time>2015-03-23T11:39:11.250000Z</time>
      </trkpt>
      <trkpt lat="38.818687" lon="121.14812">
        <ele>43.88219</ele>
        <time>2015-03-23T11:39:14.247000Z</time>
      </trkpt>
      <trkpt lat="38.818764" lon="121.147995">
        <ele>42.749065</ele>
        <time>2015-03-23T11:39:17.244000Z</time>
      </trkpt>
      <trkpt lat="38.818787" lon="121.14785">
        <ele>41.86306</ele>
        <time>2015-03-23T11:39:20.241000Z</time>
      </trkpt>
      <trkpt lat="38.81878" lon="121.147705">
        <ele>40.849144</ele>
        <time>2015-03-23T11:39:23.238000Z</time>
      </trkpt>
      <trkpt lat="38.818737" lon="121.14758">
        <ele>39.156662</ele>
        <time>2015-03-23T11:39:26.235000Z</time>
      </trkpt>
      <trkpt lat="38.818653" lon="121.147484">
        <ele>37.108173</ele>
        <time>2015-03-23T11:39:29.232000Z</time>
      </trkpt>
      <trkpt lat="38.81855" lon="121.147415">
        <ele>35.517662</ele>
        <time>2015-03-23T11:39:32.229000Z</time>
      </trkpt>
      <trkpt lat="38.818443" lon="121.14736">
        <ele>34.90531</ele>
        <time>2015-03-23T11:39:35.226000Z</time>
      </trkpt>
      <trkpt lat="38.818333" lon="121.14733">
        <ele>35.154007</ele>
        <time>2015-03-23T11:39:38.223000Z</time>
      </trkpt>
      <trkpt lat="38.818226" lon="121.14737">
        <ele>35.653667</ele>
        <time>2015-03-23T11:39:41.220000Z</time>
      </trkpt>
      <trkpt lat="38.818085" lon="121.1474">
        <ele>36.096714</ele>
        <time>2015-03-23T11:39:44.217000Z</time>
      </trkpt>
      <trkpt lat="38.817966" lon="121.14739">
        <ele>37.51074</ele>
        <time>2015-03-23T11:39:47.214000Z</time>
      </trkpt>
      <trkpt lat="38.817863" lon="121.14736">
        <ele>40.516068</ele>
        <time>2015-03-23T11:39:50.211000Z</time>
      </trkpt>
      <trkpt lat="38.81775" lon="121.14734">
        <ele>44.149033</ele>
        <time>2015-03-23T11:39:53.208000Z</time>
      </trkpt>
      <trkpt lat="38.81764" lon="121.14734">
        <ele>47.324917</ele>
        <time>2015-03-23T11:39:56.205000Z</time>
      </trkpt>
      <trkpt lat="38.817543" lon="121.14734">
        <ele>49.48666</ele>
        <time>2015-03-23T11:39:59.202000Z</time>
      </trkpt>
      <trkpt lat="38.817444" lon="121.14736">
        <ele>50.345516</ele>
        <time>2015-03-23T11:40:02.199000Z</time>
      </trkpt>
      <trkpt lat="38.81734" lon="121.14739">
        <ele>50.23724</ele>
        <time>2015-03-23T11:40:05.196000Z</time>
      </trkpt>
      <trkpt lat="38.817253" lon="121.14747">
        <ele>49.24059</ele>
        <time>2015-03-23T11:40:08.193000Z</time>
      </trkpt>
      <trkpt lat="38.817184" lon="121.14756">
        <ele>47.615856</ele>
        <time>2015-03-23T11:40:11.190000Z</time>
      </trkpt>
      <trkpt lat="38.817142" lon="121.147675">
        <ele>45.987186</ele>
        <time>2015-03-23T11:40:14.187000Z</time>
      </trkpt>
      <trkpt lat="38.81713" lon="121.14783">
        <ele>44.713432</ele>
        <time>2015-03-23T11:40:17.184000Z</time>
      </trkpt>
      <trkpt lat="38.81715" lon="121.14795">
        <ele>43.9433</ele>
        <time>2015-03-23T11:40:20.181000Z</time>
      </trkpt>
      <trkpt lat="38.817173" lon="121.14809">
        <ele>43.727108</ele>
        <time>2015-03-23T11:40:23.178000Z</time>
      </trkpt>
      <trkpt lat="38.817215" lon="121.148224">
        <ele>43.783966</ele>
        <time>2015-03-23T11:40:26.175000Z</time>
      </trkpt>
      <trkpt lat="38.8173" lon="121.14831">
        <ele>43.88832</ele>
        <time>2015-03-23T11:40:29.172000Z</time>
      </trkpt>
      <trkpt lat="38.817398" lon="121.14836">
        <ele>43.674236</ele>
        <time>2015-03-23T11:40:32.169000Z</time>
      </trkpt>
      <trkpt lat="38.817516" lon="121.14839">
        <ele>42.971542</ele>
        <time>2015-03-23T11:40:35.166000Z</time>
      </trkpt>
      <trkpt lat="38.81763" lon="121.14836">
        <ele>42.365963</ele>
        <time>2015-03-23T11:40:38.163000Z</time>
      </trkpt>
      <trkpt lat="38.81773" lon="121.148346">
        <ele>42.366787</ele>
        <time>2015-03-23T11:40:41.160000Z</time>
      </trkpt>
      <trkpt lat="38.817856" lon="121.14835">
        <ele>42.539948</ele>
        <time>2015-03-23T11:40:44.157000Z</time>
      </trkpt>
      <trkpt lat="38.81797" lon="121.14836">
        <ele>42.27576</ele>
        <time>2015-03-23T11:40:47.154000Z</time>
      </trkpt>
      <trkpt lat="38.818066" lon="121.14837">
        <ele>41.6336</ele>
        <time>2015-03-23T11:40:50.151000Z</time>
      </trkpt>
      <trkpt lat="38.818157" lon="121.14838">
        <ele>40.94963</ele>
        <time>2015-03-23T11:40:53.148000Z</time>
      </trkpt>
      <trkpt lat="38.818264" lon="121.14839">
        <ele>40.36229</ele>
        <time>2015-03-23T11:40:56.145000Z</time>
      </trkpt>
      <trkpt lat="38.818394" lon="121.1484">
        <ele>39.97733</ele>
        <time>2015-03-23T11:40:59.142000Z</time>
      </trkpt>
      <trkpt lat="38.81851" lon="121.148384">
        <ele>39.855198</ele>
        <time>2015-03-23T11:41:02.139000Z</time>
      </trkpt>
      <trkpt lat="38.818607" lon="121.14831">
        <ele>40.011223</ele>
        <time>2015-03-23T11:41:05.136000Z</time>
      </trkpt>
      <trkpt lat="38.818695" lon="121.148224">
        <ele>40.55751</ele>
        <time>2015-03-23T11:41:08.133000Z</time>
      </trkpt>
      <trkpt lat="38.81874" lon="121.14812">
        <ele>41.594364</ele>
        <time>2015-03-23T11:41:11.130000Z</time>
      </trkpt>
      <trkpt lat="38.818764" lon="121.148">
        <ele>42.86855</ele>
        <time>2015-03-23T11:41:14.127000Z</time>
      </trkpt>
      <trkpt lat="38.818775" lon="121.14786">
        <ele>43.807625</ele>
        <time>2015-03-23T11:41:17.124000Z</time>
      </trkpt>
      <trkpt lat="38.81876" lon="121.14771">
        <ele>44.703445</ele>
        <time>2015-03-23T11:41:20.121000Z</time>
      </trkpt>
      <trkpt lat="38.818714" lon="121.147575">
        <ele>46.547993</ele>
        <time>2015-03-23T11:41:23.118000Z</time>
      </trkpt>
      <trkpt lat="38.81864" lon="121.14745">
        <ele>49.138638</ele>
        <time>2015-03-23T11:41:26.115000Z</time>
      </trkpt>
      <trkpt lat="38.818565" lon="121.14737">
        <ele>51.369865</ele>
        <time>2015-03-23T11:41:29.112000Z</time>
      </trkpt>
      <trkpt lat="38.818474" lon="121.14736">
        <ele>52.703705</ele>
        <time>2015-03-23T11:41:32.109000Z</time>
      </trkpt>
      <trkpt lat="38.818367" lon="121.14732">
        <ele>53.070976</ele>
        <time>2015-03-23T11:41:35.106000Z</time>
      </trkpt>
      <trkpt lat="38.818256" lon="121.14729">
        <ele>52.572952</ele>
        <time>2015-03-23T11:41:38.103000Z</time>
      </trkpt>
      <trkpt lat="38.818153" lon="121.14731">
        <ele>51.561462</ele>
        <time>2015-03-23T11:41:41.100000Z</time>
      </trkpt>
      <trkpt lat="38.818047" lon="121.14735">
        <ele>50.54859</ele>
        <time>2015-03-23T11:41:44.097000Z</time>
      </trkpt>
      <trkpt lat="38.817936" lon="121.14736">
        <ele>49.936966</ele>
        <time>2015-03-23T11:41:47.094000Z</time>
      </trkpt>
      <trkpt lat="38.81782" lon="121.147385">
        <ele>49.765633</ele>
        <time>2015-03-23T11:41:50.091000Z</time>
      </trkpt>
      <trkpt lat="38.817726" lon="121.147385">
        <ele>49.81106</ele>
        <time>2015-03-23T11:41:53.088000Z</time>
      </trkpt>
      <trkpt lat="38.817635" lon="121.147385">
        <ele>49.617683</ele>
        <time>2015-03-23T11:41:56.085000Z</time>
      </trkpt>
      <trkpt lat="38.81754" lon="121.14736">
        <ele>48.809174</ele>
        <time>2015-03-23T11:41:59.082000Z</time>
      </trkpt>
      <trkpt lat="38.81744" lon="121.14737">
        <ele>47.723957</ele>
        <time>2015-03-23T11:42:02.079000Z</time>
      </trkpt>
      <trkpt lat="38.817337" lon="121.14747">
        <ele>47.000095</ele>
        <time>2015-03-23T11:42:05.076000Z</time>
      </trkpt>
      <trkpt lat="38.817253" lon="121.14754">
        <ele>46.6268</ele>
        <time>2015-03-23T11:42:08.073000Z</time>
      </trkpt>
      <trkpt lat="38.817173" lon="121.147644">
        <ele>46.019997</ele>
        <time>2015-03-23T11:42:11.070000Z</time>
      </trkpt>
      <trkpt lat="38.817135" lon="121.14777">
        <ele>44.605373</ele>
        <time>2015-03-23T11:42:14.067000Z</time>
      </trkpt>
      <trkpt lat="38.817135" lon="121.14789">
        <ele>42.25567</ele>
        <time>2015-03-23T11:42:17.064000Z</time>
      </trkpt>
      <trkpt lat="38.817146" lon="121.14804">
        <ele>39.432972</ele>
        <time>2015-03-23T11:42:20.061000Z</time>
      </trkpt>
      <trkpt lat="38.817204" lon="121.14818">
        <ele>36.9152</ele>
        <time>2015-03-23T11:42:23.058000Z</time>
      </trkpt>
      <trkpt lat="38.817287" lon="121.14827">
        <ele>35.293827</ele>
        <time>2015-03-23T11:42:26.055000Z</time>
      </trkpt>
      <trkpt lat="38.817368" lon="121.148346">
        <ele>35.206512</ele>
        <time>2015-03-23T11:42:29.052000Z</time>
      </trkpt>
      <trkpt lat="38.817497" lon="121.148384">
        <ele>36.62677</ele>
        <time>2015-03-23T11:42:32.049000Z</time>
      </trkpt>
      <trkpt lat="38.817608" lon="121.14838">
        <ele>38.5487</ele>
        <time>2015-03-23T11:42:35.046000Z</time>
      </trkpt>
      <trkpt lat="38.817715" lon="121.14835">
        <ele>40.10124</ele>
        <time>2015-03-23T11:42:38.043000Z</time>
      </trkpt>
      <trkpt lat="38.817814" lon="121.14833">
        <ele>41.135628</ele>
        <time>2015-03-23T11:42:41.040000Z</time>
      </trkpt>
      <trkpt lat="38.8179" lon="121.148315">
        <ele>41.865265</ele>
        <time>2015-03-23T11:42:44.037000Z</time>
      </trkpt>
      <trkpt lat="38.818" lon="121.14828">
        <ele>42.513374</ele>
        <time>2015-03-23T11:42:47.034000Z</time>
      </trkpt>
      <trkpt lat="38.81809" lon="121.148254">
        <ele>43.20737</ele>
        <time>2015-03-23T11:42:50.031000Z</time>
      </trkpt>
      <trkpt lat="38.818188" lon="121.14824">
        <ele>44.332905</ele>
        <time>2015-03-23T11:42:53.028000Z</time>
      </trkpt>
      <trkpt lat="38.8183" lon="121.148254">
        <ele>45.76986</ele>
        <time>2015-03-23T11:42:56.025000Z</time>
      </trkpt>
      <trkpt lat="38.818413" lon="121.14827">
        <ele>46.94425</ele>
        <time>2015-03-23T11:42:59.022000Z</time>
      </trkpt>
      <trkpt lat="38.818512" lon="121.148254">
        <ele>47.535736</ele>
        <time>2015-03-23T11:43:02.019000Z</time>
      </trkpt>
      <trkpt lat="38.8186" lon="121.14814">
        <ele>47.38992</ele>
        <time>2015-03-23T11:43:05.016000Z</time>
      </trkpt>
      <trkpt lat="38.818657" lon="121.14803">
        <ele>46.44122</ele>
        <time>2015-03-23T11:43:08.013000Z</time>
      </trkpt>
      <trkpt lat="38.8187" lon="121.14792">
        <ele>45.119225</ele>
        <time>2015-03-23T11:43:11.010000Z</time>
      </trkpt>
      <trkpt lat="38.818726" lon="121.147804">
        <ele>44.11908</ele>
        <time>2015-03-23T11:43:14.007000Z</time>
      </trkpt>
      <trkpt lat="38.818714" lon="121.147675">
        <ele>43.743668</ele>
        <time>2015-03-23T11:43:17.004000Z</time>
      </trkpt>
      <trkpt lat="38.818687" lon="121.14754">
        <ele>43.746338</ele>
        <time>2015-03-23T11:43:20.001000Z</time>
      </trkpt>
      <trkpt lat="38.818645" lon="121.14743">
        <ele>43.855305</ele>
        <time>2015-03-23T11:43:22.998000Z</time>
      </trkpt>
      <trkpt lat="38.818558" lon="121.14733">
        <ele>43.66013</ele>
        <time>2015-03-23T11:43:25.995000Z</time>
      </trkpt>
      <trkpt lat="38.818462" lon="121.14726">
        <ele>42.970345</ele>
        <time>2015-03-23T11:43:28.992000Z</time>
      </trkpt>
      <trkpt lat="38.81834" lon="121.14724">
        <ele>42.2309</ele>
        <time>2015-03-23T11:43:31.989000Z</time>
      </trkpt>
      <trkpt lat="38.818207" lon="121.14728">
        <ele>41.871403</ele>
        <time>2015-03-23T11:43:34.986000Z</time>
      </trkpt>
      <trkpt lat="38.81805" lon="121.14734">
        <ele>42.088108</ele>
        <time>2015-03-23T11:43:37.983000Z</time>
      </trkpt>
      <trkpt lat="38.81794" lon="121.14738">
        <ele>43.55636</ele>
        <time>2015-03-23T11:43:40.980000Z</time>
      </trkpt>
      <trkpt lat="38.81784" lon="121.14738">
        <ele>46.15498</ele>
        <time>2015-03-23T11:43:43.977000Z</time>
      </trkpt>
      <trkpt lat="38.81775" lon="121.147385">
        <ele>48.519787</ele>
        <time>2015-03-23T11:43:46.974000Z</time>
      </trkpt>
      <trkpt lat="38.817635" lon="121.1474">
        <ele>49.81362</ele>
        <time>2015-03-23T11:43:49.971000Z</time>
      </trkpt>
      <trkpt lat="38.81753" lon="121.14743">
        <ele>51.21818</ele>
        <time>2015-03-23T11:43:52.968000Z</time>
      </trkpt>
      <trkpt lat="38.817444" lon="121.147415">
        <ele>53.835804</ele>
        <time>2015-03-23T11:43:55.965000Z</time>
      </trkpt>
      <trkpt lat="38.817333" lon="121.147415">
        <ele>56.90357</ele>
        <time>2015-03-23T11:43:58.962000Z</time>
      </trkpt>
      <trkpt lat="38.81725" lon="121.14746">
        <ele>59.114758</ele>
        <time>2015-03-23T11:44:01.959000Z</time>
      </trkpt>
      <trkpt lat="38.81717" lon="121.14755">
        <ele>60.179775</ele>
        <time>2015-03-23T11:44:04.956000Z</time>
      </trkpt>
      <trkpt lat="38.817116" lon="121.14767">
        <ele>60.21244</ele>
        <time>2015-03-23T11:44:07.953000Z</time>
      </trkpt>
      <trkpt lat="38.817097" lon="121.14778">
        <ele>59.40121</ele>
        <time>2015-03-23T11:44:10.950000Z</time>
      </trkpt>
      <trkpt lat="38.81711" lon="121.1479">
        <ele>57.7172</ele>
        <time>2015-03-23T11:44:13.947000Z</time>
      </trkpt>
      <trkpt lat="38.817146" lon="121.148026">
        <ele>55.08499</ele>
        <time>2015-03-23T11:44:16.944000Z</time>
      </trkpt>
      <trkpt lat="38.817192" lon="121.148155">
        <ele>51.594276</ele>
        <time>2015-03-23T11:44:19.941000Z</time>
      </trkpt>
      <trkpt lat="38.817245" lon="121.14827">
        <ele>47.728157</ele>
        <time>2015-03-23T11:44:22.938000Z</time>
      </trkpt>
      <trkpt lat="38.817326" lon="121.148346">
        <ele>44.494877</ele>
        <time>2015-03-23T11:44:25.935000Z</time>
      </trkpt>
      <trkpt lat="38.81746" lon="121.14838">
        <ele>42.75057</ele>
        <time>2015-03-23T11:44:28.932000Z</time>
      </trkpt>
      <trkpt lat="38.817547" lon="121.14838">
        <ele>42.636497</ele>
        <time>2015-03-23T11:44:31.929000Z</time>
      </trkpt>
      <trkpt lat="38.817673" lon="121.14835">
        <ele>43.55969</ele>
        <time>2015-03-23T11:44:34.926000Z</time>
      </trkpt>
      <trkpt lat="38.81779" lon="121.148346">
        <ele>44.70093</ele>
        <time>2015-03-23T11:44:37.923000Z</time>
      </trkpt>
      <trkpt lat="38.817905" lon="121.14834">
        <ele>45.55206</ele>
        <time>2015-03-23T11:44:40.920000Z</time>
      </trkpt>
      <trkpt lat="38.818024" lon="121.14834">
        <ele>46.00509</ele>
        <time>2015-03-23T11:44:43.917000Z</time>
      </trkpt>
      <trkpt lat="38.81813" lon="121.14833">
        <ele>46.241425</ele>
        <time>2015-03-23T11:44:46.914000Z</time>
      </trkpt>
      <trkpt lat="38.818237" lon="121.14833">
        <ele>46.54605</ele>
        <time>2015-03-23T11:44:49.911000Z</time>
      </trkpt>
      <trkpt lat="38.818344" lon="121.14833">
        <ele>46.84596</ele>
        <time>2015-03-23T11:44:52.908000Z</time>
      </trkpt>
      <trkpt lat="38.81844" lon="121.148285">
        <ele>47.122864</ele>
        <time>2015-03-23T11:44:55.905000Z</time>
      </trkpt>
      <trkpt lat="38.81853" lon="121.14823">
        <ele>47.50162</ele>
        <time>2015-03-23T11:44:58.902000Z</time>
      </trkpt>
      <trkpt lat="38.818615" lon="121.14816">
        <ele>47.84572</ele>
        <time>2015-03-23T11:45:01.899000Z</time>
      </trkpt>
      <trkpt lat="38.81867" lon="121.148056">
        <ele>48.272903</ele>
        <time>2015-03-23T11:45:04.896000Z</time>
      </trkpt>
      <trkpt lat="38.81872" lon="121.14795">
        <ele>49.008068</ele>
        <time>2015-03-23T11:45:07.893000Z</time>
      </trkpt>
      <trkpt lat="38.818752" lon="121.147835">
        <ele>49.715527</ele>
        <time>2015-03-23T11:45:10.890000Z</time>
      </trkpt>
      <trkpt lat="38.818718" lon="121.14769">
        <ele>50.038048</ele>
        <time>2015-03-23T11:45:13.887000Z</time>
      </trkpt>
      <trkpt lat="38.81867" lon="121.147575">
        <ele>50.079002</ele>
        <time>2015-03-23T11:45:16.884000Z</time>
      </trkpt>
      <trkpt lat="38.818592" lon="121.14748">
        <ele>50.017906</ele>
        <time>2015-03-23T11:45:19.881000Z</time>
      </trkpt>
      <trkpt lat="38.818497" lon="121.14741">
        <time>2015-03-23T11:45:22.878000Z</time>
      </trkpt>
    </trkseg>
  </trk>
</gpx>