<?xml version="1.0" encoding="UTF-8"?>
<gpx xmlns="http://www.topografix.com/GPX/1/1" xmlns:gpxtpx="http://www.garmin.com/xmlschemas/TrackPointExtension/v1" xmlns:xsi="http://www.w3.org/2001/XMLSchema-instance" xsi:schemaLocation="http://www.topografix.com/GPX/1/1 http://www.topografix.com/GPX/1/1/gpx.xsd" version="1.1" creator="gpx.py -- https://github.com/tkrajina/gpxpy">
  <trk>
    <trkseg>
      <trkpt lat="41.78363" lon="123.398865">
        <ele>42.97363</ele>
        <time>2015-06-27T22:29:00.782000Z</time>
      </trkpt>
      <trkpt lat="41.7837" lon="123.398766">
        <ele>43.12701</ele>
        <time>2015-06-27T22:29:04.203000Z</time>
      </trkpt>
      <trkpt lat="41.78378" lon="123.398674">
        <ele>43.295742</ele>
        <time>2015-06-27T22:29:07.624000Z</time>
      </trkpt>
      <trkpt lat="41.783855" lon="123.3986">
        <ele>43.446564</ele>
        <time>2015-06-27T22:29:11.045000Z</time>
      </trkpt>
      <trkpt lat="41.783936" lon="123.39853">
        <ele>43.596672</ele>
        <time>2015-06-27T22:29:14.466000Z</time>
      </trkpt>
      <trkpt lat="41.784023" lon="123.39847">
        <ele>43.752186</ele>
        <time>2015-06-27T22:29:17.887000Z</time>
      </trkpt>
      <trkpt lat="41.784107" lon="123.398384">
        <ele>43.919495</ele>
        <time>2015-06-27T22:29:21.308000Z</time>
      </trkpt>
      <trkpt lat="41.784153" lon="123.39828">
        <ele>44.0679</ele>
        <time>2015-06-27T22:29:24.729000Z</time>
      </trkpt>
      <trkpt lat="41.784195" lon="123.39814">
        <ele>44.243313</ele>
        <time>2015-06-27T22:29:28.150000Z</time>
      </trkpt>
      <trkpt lat="41.784218" lon="123.39802">
        <ele>44.389442</ele>
        <time>2015-06-27T22:29:31.571000Z</time>
      </trkpt>
      <trkpt lat="41.784218" lon="123.39787">
        <ele>44.55718</ele>
        <time>2015-06-27T22:29:34.992000Z</time>
      </trkpt>
      <trkpt lat="41.784214" lon="123.39775">
        <ele>44.70459</ele>
        <time>2015-06-27T22:29:38.413000Z</time>
      </trkpt>
      <trkpt lat="41.784195" lon="123.397606">
        <ele>44.878296</ele>
        <time>2015-06-27T22:29:41.834000Z</time>
      </trkpt>
      <trkpt lat="41.78415" lon="123.39748">
        <ele>45.044468</ele>
        <time>2015-06-27T22:29:45.255000Z</time>
      </trkpt>
      <trkpt lat="41.78412" lon="123.397354">
        <ele>45.195858</ele>
        <time>2015-06-27T22:29:48.676000Z</time>
      </trkpt>
      <trkpt lat="41.78406" lon="123.39725">
        <ele>45.351086</ele>
        <time>2015-06-27T22:29:52.097000Z</time>
      </trkpt>
      <trkpt lat="41.783993" lon="123.39716">
        <ele>45.50148</ele>
        <time>2015-06-27T22:29:55.518000Z</time>
      </trkpt>
      <trkpt lat="41.783905" lon="123.3971">
        <ele>45.657417</ele>
        <time>2015-06-27T22:29:58.939000Z</time>
      </trkpt>
      <trkpt lat="41.783806" lon="123.39709">
        <ele>45.81634</ele>
        <time>2015-06-27T22:30:02.360000Z</time>
      </trkpt>
      <trkpt lat="41.78371" lon="123.39711">
        <ele>45.968727</ele>
        <time>2015-06-27T22:30:05.781000Z</time>
      </trkpt>
      <trkpt lat="41.783623" lon="123.39714">
        <ele>46.11102</ele>
        <time>2015-06-27T22:30:09.202000Z</time>
      </trkpt>
      <trkpt lat="41.783512" lon="123.397194">
        <ele>46.30079</ele>
        <time>2015-06-27T22:30:12.623000Z</time>
      </trkpt>
      <trkpt lat="41.783417" lon="123.39724">
        <ele>46.459003</ele>
        <time>2015-06-27T22:30:16.044000Z</time>
      </trkpt>
      <trkpt lat="41.783325" lon="123.39728">
        <ele>46.611385</ele>
        <time>2015-06-27T22:30:19.465000Z</time>
      </trkpt>
      <trkpt lat="41.783234" lon="123.39735">
        <ele>46.778698</ele>
        <time>2015-06-27T22:30:22.886000Z</time>
      </trkpt>
      <trkpt lat="41.783146" lon="123.39744">
        <ele>46.953255</ele>
        <time>2015-06-27T22:30:26.307000Z</time>
      </trkpt>
      <trkpt lat="41.78308" lon="123.39753">
        <ele>47.10166</ele>
        <time>2015-06-27T22:30:29.728000Z</time>
      </trkpt>
      <trkpt lat="41.783028" lon="123.39764">
        <ele>47.25376</ele>
        <time>2015-06-27T22:30:33.149000Z</time>
      </trkpt>
      <trkpt lat="41.782978" lon="123.39774">
        <ele>47.4033</ele>
        <time>2015-06-27T22:30:36.570000Z</time>
      </trkpt>
      <trkpt lat="41.782917" lon="123.39784">
        <ele>47.558105</ele>
        <time>2015-06-27T22:30:39.991000Z</time>
      </trkpt>
      <trkpt lat="41.782837" lon="123.397934">
        <ele>47.719585</ele>
        <time>2015-06-27T22:30:43.412000Z</time>
      </trkpt>
      <trkpt lat="41.782772" lon="123.39803">
        <ele>47.872967</ele>
        <time>2015-06-27T22:30:46.833000Z</time>
      </trkpt>
      <trkpt lat="41.782684" lon="123.39814">
        <ele>48.063446</ele>
        <time>2015-06-27T22:30:50.254000Z</time>
      </trkpt>
      <trkpt lat="41.78262" lon="123.39824">
        <ele>48.230007</ele>
        <time>2015-06-27T22:30:53.675000Z</time>
      </trkpt>
      <trkpt lat="41.782547" lon="123.39833">
        <ele>48.657787</ele>
        <time>2015-06-27T22:30:57.096000Z</time>
      </trkpt>
      <trkpt lat="41.782448" lon="123.3984">
        <ele>49.32617</ele>
        <time>2015-06-27T22:31:00.517000Z</time>
      </trkpt>
      <trkpt lat="41.782284" lon="123.39849">
        <ele>48.035824</ele>
        <time>2015-06-27T22:31:03.938000Z</time>
      </trkpt>
      <trkpt lat="41.78228" lon="123.39849">
        <ele>48.03167</ele>
        <time>2015-06-27T22:31:07.359000Z</time>
      </trkpt>
      <trkpt lat="41.78228" lon="123.39849">
        <ele>48.03167</ele>
        <time>2015-06-27T22:31:10.780000Z</time>
      </trkpt>
      <trkpt lat="41.782257" lon="123.39868">
        <ele>47.880367</ele>
        <time>2015-06-27T22:31:14.201000Z</time>
      </trkpt>
      <trkpt lat="41.78225" lon="123.39884">
        <ele>47.7571</ele>
        <time>2015-06-27T22:31:17.622000Z</time>
      </trkpt>
      <trkpt lat="41.782272" lon="123.39896">
        <ele>47.66224</ele>
        <time>2015-06-27T22:31:21.043000Z</time>
      </trkpt>
      <trkpt lat="41.78234" lon="123.39906">
        <ele>47.555206</ele>
        <time>2015-06-27T22:31:24.464000Z</time>
      </trkpt>
      <trkpt lat="41.78244" lon="123.3991">
        <ele>47.445908</ele>
        <time>2015-06-27T22:31:27.885000Z</time>
      </trkpt>
      <trkpt lat="41.78254" lon="123.39913">
        <ele>47.33944</ele>
        <time>2015-06-27T22:31:31.306000Z</time>
      </trkpt>
      <trkpt lat="41.78265" lon="123.399185">
        <ele>47.21381</ele>
        <time>2015-06-27T22:31:34.727000Z</time>
      </trkpt>
      <trkpt lat="41.78274" lon="123.39922">
        <ele>47.11178</ele>
        <time>2015-06-27T22:31:38.148000Z</time>
      </trkpt>
      <trkpt lat="41.782852" lon="123.39924">
        <ele>46.996346</ele>
        <time>2015-06-27T22:31:41.569000Z</time>
      </trkpt>
      <trkpt lat="41.78296" lon="123.39922">
        <ele>46.8827</ele>
        <time>2015-06-27T22:31:44.990000Z</time>
      </trkpt>
      <trkpt lat="41.783077" lon="123.39921">
        <ele>46.759247</ele>
        <time>2015-06-27T22:31:48.411000Z</time>
      </trkpt>
      <trkpt lat="41.783188" lon="123.39918">
        <ele>46.64041</ele>
        <time>2015-06-27T22:31:51.832000Z</time>
      </trkpt>
      <trkpt lat="41.783283" lon="123.39913">
        <ele>46.53536</ele>
        <time>2015-06-27T22:31:55.253000Z</time>
      </trkpt>
      <trkpt lat="41.783363" lon="123.39908">
        <ele>46.440598</ele>
        <time>2015-06-27T22:31:58.674000Z</time>
      </trkpt>
      <trkpt lat="41.78347" lon="123.39901">
        <ele>46.316196</ele>
        <time>2015-06-27T22:32:02.095000Z</time>
      </trkpt>
      <trkpt lat="41.78356" lon="123.39892">
        <ele>46.19519</ele>
        <time>2015-06-27T22:32:05.516000Z</time>
      </trkpt>
      <trkpt lat="41.78365" lon="123.39883">
        <ele>46.083344</ele>
        <time>2015-06-27T22:32:08.937000Z</time>
      </trkpt>
      <trkpt lat="41.783737" lon="123.39876">
        <ele>45.974518</ele>
        <time>2015-06-27T22:32:12.358000Z</time>
      </trkpt>
      <trkpt lat="41.783817" lon="123.39866">
        <ele>45.858704</ele>
        <time>2015-06-27T22:32:15.779000Z</time>
      </trkpt>
      <trkpt lat="41.7839" lon="123.39857">
        <ele>45.746006</ele>
        <time>2015-06-27T22:32:19.200000Z</time>
      </trkpt>
      <trkpt lat="41.78398" lon="123.39849">
        <ele>45.642937</ele>
        <time>2015-06-27T22:32:22.621000Z</time>
      </trkpt>
      <trkpt lat="41.78406" lon="123.39839">
        <ele>45.52873</ele>
        <time>2015-06-27T22:32:26.042000Z</time>
      </trkpt>
      <trkpt lat="41.78412" lon="123.3983">
        <ele>45.433964</ele>
        <time>2015-06-27T22:32:29.463000Z</time>
      </trkpt>
      <trkpt lat="41.784157" lon="123.39817">
        <ele>45.323627</ele>
        <time>2015-06-27T22:32:32.884000Z</time>
      </trkpt>
      <trkpt lat="41.78418" lon="123.39805">
        <ele>45.22584</ele>
        <time>2015-06-27T22:32:36.305000Z</time>
      </trkpt>
      <trkpt lat="41.7842" lon="123.39792">
        <ele>45.120037</ele>
        <time>2015-06-27T22:32:39.726000Z</time>
      </trkpt>
      <trkpt lat="41.784218" lon="123.3978">
        <ele>45.02414</ele>
        <time>2015-06-27T22:32:43.147000Z</time>
      </trkpt>
      <trkpt lat="41.78421" lon="123.39766">
        <ele>44.91956</ele>
        <time>2015-06-27T22:32:46.568000Z</time>
      </trkpt>
      <trkpt lat="41.784172" lon="123.39752">
        <ele>44.804405</ele>
        <time>2015-06-27T22:32:49.989000Z</time>
      </trkpt>
      <trkpt lat="41.784107" lon="123.3974">
        <ele>44.682648</ele>
        <time>2015-06-27T22:32:53.410000Z</time>
      </trkpt>
      <trkpt lat="41.78405" lon="123.397285">
        <ele>44.579765</ele>
        <time>2015-06-27T22:32:56.831000Z</time>
      </trkpt>
      <trkpt lat="41.783955" lon="123.3972">
        <ele>44.459236</ele>
        <time>2015-06-27T22:33:00.252000Z</time>
      </trkpt>
      <trkpt lat="41.783863" lon="123.397224">
        <ele>44.36202</ele>
        <time>2015-06-27T22:33:03.673000Z</time>
      </trkpt>
      <trkpt lat="41.783752" lon="123.397255">
        <ele>44.242336</ele>
        <time>2015-06-27T22:33:07.094000Z</time>
      </trkpt>
      <trkpt lat="41.783657" lon="123.39723">
        <ele>44.140114</ele>
        <time>2015-06-27T22:33:10.515000Z</time>
      </trkpt>
      <trkpt lat="41.78357" lon="123.397156">
        <ele>44.029587</ele>
        <time>2015-06-27T22:33:13.936000Z</time>
      </trkpt>
      <trkpt lat="41.783463" lon="123.39715">
        <ele>43.91585</ele>
        <time>2015-06-27T22:33:17.357000Z</time>
      </trkpt>
      <trkpt lat="41.783367" lon="123.397224">
        <ele>43.797585</ele>
        <time>2015-06-27T22:33:20.778000Z</time>
      </trkpt>
      <trkpt lat="41.783302" lon="123.397316">
        <ele>43.701313</ele>
        <time>2015-06-27T22:33:24.199000Z</time>
      </trkpt>
      <trkpt lat="41.783222" lon="123.39742">
        <ele>43.582764</ele>
        <time>2015-06-27T22:33:27.620000Z</time>
      </trkpt>
      <trkpt lat="41.783134" lon="123.39751">
        <ele>43.467987</ele>
        <time>2015-06-27T22:33:31.041000Z</time>
      </trkpt>
      <trkpt lat="41.78306" lon="123.39761">
        <ele>43.353874</ele>
        <time>2015-06-27T22:33:34.462000Z</time>
      </trkpt>
      <trkpt lat="41.783" lon="123.39772">
        <ele>43.251373</ele>
        <time>2015-06-27T22:33:37.883000Z</time>
      </trkpt>
      <trkpt lat="41.782932" lon="123.3978">
        <ele>43.154907</ele>
        <time>2015-06-27T22:33:41.304000Z</time>
      </trkpt>
      <trkpt lat="41.782894" lon="123.39791">
        <ele>43.059296</ele>
        <time>2015-06-27T22:33:44.725000Z</time>
      </trkpt>
      <trkpt lat="41.782825" lon="123.39802">
        <ele>42.95009</ele>
        <time>2015-06-27T22:33:48.146000Z</time>
      </trkpt>
      <trkpt lat="41.78275" lon="123.398094">
        <ele>42.84919</ele>
        <time>2015-06-27T22:33:51.567000Z</time>
      </trkpt>
      <trkpt lat="41.78264" lon="123.39818">
        <ele>42.71384</ele>
        <time>2015-06-27T22:33:54.988000Z</time>
      </trkpt>
      <trkpt lat="41.78255" lon="123.39824">
        <ele>42.6086</ele>
        <time>2015-06-27T22:33:58.409000Z</time>
      </trkpt>
      <trkpt lat="41.78246" lon="123.39829">
        <ele>42.50742</ele>
        <time>2015-06-27T22:34:01.830000Z</time>
      </trkpt>
      <trkpt lat="41.78238" lon="123.39839">
        <ele>42.390663</ele>
        <time>2015-06-27T22:34:05.251000Z</time>
      </trkpt>
      <trkpt lat="41.782314" lon="123.398476">
        <ele>42.293728</ele>
        <time>2015-06-27T22:34:08.672000Z</time>
      </trkpt>
      <trkpt lat="41.78227" lon="123.39858">
        <ele>42.19906</ele>
        <time>2015-06-27T22:34:12.093000Z</time>
      </trkpt>
      <trkpt lat="41.78224" lon="123.39872">
        <ele>42.470036</ele>
        <time>2015-06-27T22:34:15.514000Z</time>
      </trkpt>
      <trkpt lat="41.782234" lon="123.39886">
        <ele>42.735844</ele>
        <time>2015-06-27T22:34:18.935000Z</time>
      </trkpt>
      <trkpt lat="41.782303" lon="123.39897">
        <ele>43.02891</ele>
        <time>2015-06-27T22:34:22.356000Z</time>
      </trkpt>
      <trkpt lat="41.7824" lon="123.39904">
        <ele>43.316578</ele>
        <time>2015-06-27T22:34:25.777000Z</time>
      </trkpt>
      <trkpt lat="41.78249" lon="123.39911">
        <ele>43.5845</ele>
        <time>2015-06-27T22:34:29.198000Z</time>
      </trkpt>
      <trkpt lat="41.782604" lon="123.39915">
        <ele>43.890495</ele>
        <time>2015-06-27T22:34:32.619000Z</time>
      </trkpt>
      <trkpt lat="41.782703" lon="123.399185">
        <ele>44.165234</ele>
        <time>2015-06-27T22:34:36.040000Z</time>
      </trkpt>
      <trkpt lat="41.782803" lon="123.39921">
        <ele>44.428455</ele>
        <time>2015-06-27T22:34:39.461000Z</time>
      </trkpt>
      <trkpt lat="41.78289" lon="123.39923">
        <ele>44.665356</ele>
        <time>2015-06-27T22:34:42.882000Z</time>
      </trkpt>
      <trkpt lat="41.783" lon="123.399216">
        <ele>44.951607</ele>
        <time>2015-06-27T22:34:46.303000Z</time>
      </trkpt>
      <trkpt lat="41.783092" lon="123.39918">
        <ele>45.19979</ele>
        <time>2015-06-27T22:34:49.724000Z</time>
      </trkpt>
      <trkpt lat="41.783203" lon="123.39913">
        <ele>45.500145</ele>
        <time>2015-06-27T22:34:53.145000Z</time>
      </trkpt>
      <trkpt lat="41.783314" lon="123.3991">
        <ele>45.801205</ele>
        <time>2015-06-27T22:34:56.566000Z</time>
      </trkpt>
      <trkpt lat="41.78342" lon="123.39905">
        <ele>46.099915</ele>
        <time>2015-06-27T22:34:59.987000Z</time>
      </trkpt>
      <trkpt lat="41.7835" lon="123.39898">
        <ele>46.345745</ele>
        <time>2015-06-27T22:35:03.408000Z</time>
      </trkpt>
      <trkpt lat="41.783573" lon="123.39891">
        <ele>46.583115</ele>
        <time>2015-06-27T22:35:06.829000Z</time>
      </trkpt>
      <trkpt lat="41.783653" lon="123.39881">
        <ele>46.8642</ele>
        <time>2015-06-27T22:35:10.250000Z</time>
      </trkpt>
      <trkpt lat="41.78373" lon="123.39874">
        <ele>47.106506</ele>
        <time>2015-06-27T22:35:13.671000Z</time>
      </trkpt>
      <trkpt lat="41.7838" lon="123.39865">
        <ele>47.360325</ele>
        <time>2015-06-27T22:35:17.092000Z</time>
      </trkpt>
      <trkpt lat="41.783863" lon="123.39855">
        <ele>48.505608</ele>
        <time>2015-06-27T22:35:20.513000Z</time>
      </trkpt>
      <trkpt lat="41.783966" lon="123.39848">
        <ele>49.065365</ele>
        <time>2015-06-27T22:35:23.934000Z</time>
      </trkpt>
      <trkpt lat="41.784054" lon="123.39841">
        <ele>48.679657</ele>
        <time>2015-06-27T22:35:27.355000Z</time>
      </trkpt>
      <trkpt lat="41.784122" lon="123.39831">
        <ele>48.298985</ele>
        <time>2015-06-27T22:35:30.776000Z</time>
      </trkpt>
      <trkpt lat="41.784157" lon="123.39819">
        <ele>47.957626</ele>
        <time>2015-06-27T22:35:34.197000Z</time>
      </trkpt>
      <trkpt lat="41.78419" lon="123.398056">
        <ele>47.552765</ele>
        <time>2015-06-27T22:35:37.618000Z</time>
      </trkpt>
      <trkpt lat="41.78421" lon="123.397934">
        <ele>47.208046</ele>
        <time>2015-06-27T22:35:41.039000Z</time>
      </trkpt>
      <trkpt lat="41.78423" lon="123.39778">
        <ele>46.768913</ele>
        <time>2015-06-27T22:35:44.460000Z</time>
      </trkpt>
      <trkpt lat="41.78422" lon="123.39763">
        <ele>46.344566</ele>
        <time>2015-06-27T22:35:47.881000Z</time>
      </trkpt>
      <trkpt lat="41.784184" lon="123.39749">
        <ele>45.927273</ele>
        <time>2015-06-27T22:35:51.302000Z</time>
      </trkpt>
      <trkpt lat="41.784126" lon="123.39736">
        <ele>45.516365</ele>
        <time>2015-06-27T22:35:54.723000Z</time>
      </trkpt>
      <trkpt lat="41.78407" lon="123.39726">
        <ele>45.16963</ele>
        <time>2015-06-27T22:35:58.144000Z</time>
      </trkpt>
      <trkpt lat="41.783993" lon="123.39719">
        <ele>44.810127</ele>
        <time>2015-06-27T22:36:01.565000Z</time>
      </trkpt>
      <trkpt lat="41.783882" lon="123.39715">
        <ele>44.3888</ele>
        <time>2015-06-27T22:36:04.986000Z</time>
      </trkpt>
      <trkpt lat="41.783775" lon="123.39717">
        <ele>43.97823</ele>
        <time>2015-06-27T22:36:08.407000Z</time>
      </trkpt>
      <trkpt lat="41.78368" lon="123.39719">
        <ele>43.61671</ele>
        <time>2015-06-27T22:36:11.828000Z</time>
      </trkpt>
      <trkpt lat="41.783577" lon="123.39718">
        <ele>43.242424</ele>
        <time>2015-06-27T22:36:15.249000Z</time>
      </trkpt>
      <trkpt lat="41.783485" lon="123.39722">
        <ele>42.87385</ele>
        <time>2015-06-27T22:36:18.670000Z</time>
      </trkpt>
      <trkpt lat="41.78339" lon="123.39727">
        <ele>42.05028</ele>
        <time>2015-06-27T22:36:22.091000Z</time>
      </trkpt>
      <trkpt lat="41.78331" lon="123.397316">
        <ele>42.256733</ele>
        <time>2015-06-27T22:36:25.512000Z</time>
      </trkpt>
      <trkpt lat="41.783234" lon="123.397385">
        <ele>42.462776</ele>
        <time>2015-06-27T22:36:28.933000Z</time>
      </trkpt>
      <trkpt lat="41.78314" lon="123.39749">
        <ele>42.74765</ele>
        <time>2015-06-27T22:36:32.354000Z</time>
      </trkpt>
      <trkpt lat="41.78306" lon="123.3976">
        <ele>43.004944</ele>
        <time>2015-06-27T22:36:35.775000Z</time>
      </trkpt>
      <trkpt lat="41.782993" lon="123.397705">
        <ele>43.243713</ele>
        <time>2015-06-27T22:36:39.196000Z</time>
      </trkpt>
      <trkpt lat="41.78292" lon="123.397804">
        <ele>43.47569</ele>
        <time>2015-06-27T22:36:42.617000Z</time>
      </trkpt>
      <trkpt lat="41.78284" lon="123.3979">
        <ele>43.72578</ele>
        <time>2015-06-27T22:36:46.038000Z</time>
      </trkpt>
      <trkpt lat="41.782784" lon="123.398">
        <ele>43.942936</ele>
        <time>2015-06-27T22:36:49.459000Z</time>
      </trkpt>
      <trkpt lat="41.782715" lon="123.3981">
        <ele>44.174503</ele>
        <time>2015-06-27T22:36:52.880000Z</time>
      </trkpt>
      <trkpt lat="41.782635" lon="123.39821">
        <ele>44.434677</ele>
        <time>2015-06-27T22:36:56.301000Z</time>
      </trkpt>
      <trkpt lat="41.782555" lon="123.398315">
        <ele>44.689915</ele>
        <time>2015-06-27T22:36:59.722000Z</time>
      </trkpt>
      <trkpt lat="41.78247" lon="123.3984">
        <ele>44.93033</ele>
        <time>2015-06-27T22:37:03.143000Z</time>
      </trkpt>
      <trkpt lat="41.782383" lon="123.398445">
        <ele>45.15016</ele>
        <time>2015-06-27T22:37:06.564000Z</time>
      </trkpt>
      <trkpt lat="41.782295" lon="123.3985">
        <ele>45.367317</ele>
        <time>2015-06-27T22:37:09.985000Z</time>
      </trkpt>
      <trkpt lat="41.78225" lon="123.3986">
        <ele>45.577065</ele>
        <time>2015-06-27T22:37:13.406000Z</time>
      </trkpt>
      <trkpt lat="41.78221" lon="123.39874">
        <ele>45.829006</ele>
        <time>2015-06-27T22:37:16.827000Z</time>
      </trkpt>
      <trkpt lat="41.78221" lon="123.39887">
        <ele>46.057278</ele>
        <time>2015-06-27T22:37:20.248000Z</time>
      </trkpt>
      <trkpt lat="41.78227" lon="123.398994">
        <ele>46.298107</ele>
        <time>2015-06-27T22:37:23.669000Z</time>
      </trkpt>
      <trkpt lat="41.782375" lon="123.399055">
        <ele>46.564045</ele>
        <time>2015-06-27T22:37:27.090000Z</time>
      </trkpt>
      <trkpt lat="41.78248" lon="123.39911">
        <ele>46.82031</ele>
        <time>2015-06-27T22:37:30.511000Z</time>
      </trkpt>
      <trkpt lat="41.782597" lon="123.39915">
        <ele>47.100452</ele>
        <time>2015-06-27T22:37:33.932000Z</time>
      </trkpt>
      <trkpt lat="41.78269" lon="123.39918">
        <ele>47.581055</ele>
        <time>2015-06-27T22:37:37.353000Z</time>
      </trkpt>
      <trkpt lat="41.78278" lon="123.39922">
        <ele>47.63548</ele>
        <time>2015-06-27T22:37:40.774000Z</time>
      </trkpt>
      <trkpt lat="41.78288" lon="123.39925">
        <ele>47.63616</ele>
        <time>2015-06-27T22:37:44.195000Z</time>
      </trkpt>
      <trkpt lat="41.782997" lon="123.39922">
        <ele>47.637</ele>
        <time>2015-06-27T22:37:47.616000Z</time>
      </trkpt>
      <trkpt lat="41.78309" lon="123.3992">
        <ele>47.637638</ele>
        <time>2015-06-27T22:37:51.037000Z</time>
      </trkpt>
      <trkpt lat="41.783184" lon="123.399155">
        <ele>47.63831</ele>
        <time>2015-06-27T22:37:54.458000Z</time>
      </trkpt>
      <trkpt lat="41.783276" lon="123.39911">
        <ele>47.638977</ele>
        <time>2015-06-27T22:37:57.879000Z</time>
      </trkpt>
      <trkpt lat="41.783363" lon="123.399055">
        <ele>47.639656</ele>
        <time>2015-06-27T22:38:01.300000Z</time>
      </trkpt>
      <trkpt lat="41.78344" lon="123.39899">
        <ele>47.640274</ele>
        <time>2015-06-27T22:38:04.721000Z</time>
      </trkpt>
      <trkpt lat="41.783516" lon="123.39891">
        <ele>47.640903</ele>
        <time>2015-06-27T22:38:08.142000Z</time>
      </trkpt>
      <trkpt lat="41.783592" lon="123.39884">
        <ele>48.449112</ele>
        <time>2015-06-27T22:38:11.563000Z</time>
      </trkpt>
      <trkpt lat="41.783676" lon="123.398766">
        <ele>48.94294</ele>
        <time>2015-06-27T22:38:14.984000Z</time>
      </trkpt>
      <trkpt lat="41.78374" lon="123.39868">
        <ele>48.945827</ele>
        <time>2015-06-27T22:38:18.405000Z</time>
      </trkpt>
      <trkpt lat="41.783806" lon="123.398605">
        <ele>47.266727</ele>
        <time>2015-06-27T22:38:21.826000Z</time>
      </trkpt>
      <trkpt lat="41.78389" lon="123.398544">
        <ele>45.55418</ele>
        <time>2015-06-27T22:38:25.247000Z</time>
      </trkpt>
      <trkpt lat="41.78397" lon="123.39847">
        <ele>43.656</ele>
        <time>2015-06-27T22:38:28.668000Z</time>
      </trkpt>
      <trkpt lat="41.784058" lon="123.398415">
        <ele>41.82804</ele>
        <time>2015-06-27T22:38:32.089000Z</time>
      </trkpt>
      <trkpt lat="41.784134" lon="123.39834">
        <ele>40.840763</ele>
        <time>2015-06-27T22:38:35.510000Z</time>
      </trkpt>
      <trkpt lat="41.78417" lon="123.398224">
        <ele>40.712048</ele>
        <time>2015-06-27T22:38:38.931000Z</time>
      </trkpt>
      <trkpt lat="41.7842" lon="123.39809">
        <ele>40.56137</ele>
        <time>2015-06-27T22:38:42.352000Z</time>
      </trkpt>
      <trkpt lat="41.784214" lon="123.397964">
        <ele>40.429977</ele>
        <time>2015-06-27T22:38:45.773000Z</time>
      </trkpt>
      <trkpt lat="41.784218" lon="123.39784">
        <ele>40.29807</ele>
        <time>2015-06-27T22:38:49.194000Z</time>
      </trkpt>
      <trkpt lat="41.78422" lon="123.39772">
        <ele>40.169357</ele>
        <time>2015-06-27T22:38:52.615000Z</time>
      </trkpt>
      <trkpt lat="41.784218" lon="123.397575">
        <ele>40.015102</ele>
        <time>2015-06-27T22:38:56.036000Z</time>
      </trkpt>
      <trkpt lat="41.78417" lon="123.39746">
        <ele>39.876175</ele>
        <time>2015-06-27T22:38:59.457000Z</time>
      </trkpt>
      <trkpt lat="41.784096" lon="123.39737">
        <ele>39.222694</ele>
        <time>2015-06-27T22:39:02.878000Z</time>
      </trkpt>
      <trkpt lat="41.784023" lon="123.397285">
        <ele>39.2038</ele>
        <time>2015-06-27T22:39:06.299000Z</time>
      </trkpt>
      <trkpt lat="41.783924" lon="123.39722">
        <ele>39.181812</ele>
        <time>2015-06-27T22:39:09.720000Z</time>
      </trkpt>
      <trkpt lat="41.78382" lon="123.39721">
        <ele>39.16149</ele>
        <time>2015-06-27T22:39:13.141000Z</time>
      </trkpt>
      <trkpt lat="41.78371" lon="123.39722">
        <ele>39.138985</ele>
        <time>2015-06-27T22:39:16.562000Z</time>
      </trkpt>
      <trkpt lat="41.78362" lon="123.397194">
        <ele>39.120342</ele>
        <time>2015-06-27T22:39:19.983000Z</time>
      </trkpt>
      <trkpt lat="41.783524" lon="123.397194">
        <ele>39.101574</ele>
        <time>2015-06-27T22:39:23.404000Z</time>
      </trkpt>
      <trkpt lat="41.783432" lon="123.39722">
        <ele>39.083427</ele>
        <time>2015-06-27T22:39:26.825000Z</time>
      </trkpt>
      <trkpt lat="41.783318" lon="123.397255">
        <ele>39.059906</ele>
        <time>2015-06-27T22:39:30.246000Z</time>
      </trkpt>
      <trkpt lat="41.783245" lon="123.39736">
        <ele>39.039143</ele>
        <time>2015-06-27T22:39:33.667000Z</time>
      </trkpt>
      <trkpt lat="41.78318" lon="123.39746">
        <ele>39.0187</ele>
        <time>2015-06-27T22:39:37.088000Z</time>
      </trkpt>
      <trkpt lat="41.783085" lon="123.397545">
        <ele>38.471874</ele>
        <time>2015-06-27T22:39:40.509000Z</time>
      </trkpt>
      <trkpt lat="41.783005" lon="123.39764">
        <ele>40.184513</ele>
        <time>2015-06-27T22:39:43.930000Z</time>
      </trkpt>
      <trkpt lat="41.782925" lon="123.39775">
        <ele>42.063457</ele>
        <time>2015-06-27T22:39:47.351000Z</time>
      </trkpt>
      <trkpt lat="41.78287" lon="123.39787">
        <ele>43.777554</ele>
        <time>2015-06-27T22:39:50.772000Z</time>
      </trkpt>
      <trkpt lat="41.782818" lon="123.397964">
        <ele>44.184875</ele>
        <time>2015-06-27T22:39:54.193000Z</time>
      </trkpt>
      <trkpt lat="41.78273" lon="123.39804">
        <ele>43.873398</ele>
        <time>2015-06-27T22:39:57.614000Z</time>
      </trkpt>
      <trkpt lat="41.782665" lon="123.39813">
        <ele>43.57752</ele>
        <time>2015-06-27T22:40:01.035000Z</time>
      </trkpt>
      <trkpt lat="41.782578" lon="123.39826">
        <ele>43.18639</ele>
        <time>2015-06-27T22:40:04.456000Z</time>
      </trkpt>
      <trkpt lat="41.782475" lon="123.39834">
        <ele>42.83249</ele>
        <time>2015-06-27T22:40:07.877000Z</time>
      </trkpt>
      <trkpt lat="41.782387" lon="123.39838">
        <ele>42.55221</ele>
        <time>2015-06-27T22:40:11.298000Z</time>
      </trkpt>
      <trkpt lat="41.782303" lon="123.39842">
        <ele>42.266735</ele>
        <time>2015-06-27T22:40:14.719000Z</time>
      </trkpt>
      <trkpt lat="41.78227" lon="123.398544">
        <ele>41.97743</ele>
        <time>2015-06-27T22:40:18.140000Z</time>
      </trkpt>
      <trkpt lat="41.78226" lon="123.39868">
        <ele>41.65938</ele>
        <time>2015-06-27T22:40:21.561000Z</time>
      </trkpt>
      <trkpt lat="41.782246" lon="123.39885">
        <ele>41.277287</ele>
        <time>2015-06-27T22:40:24.982000Z</time>
      </trkpt>
      <trkpt lat="41.782265" lon="123.39899">
        <ele>40.958965</ele>
        <time>2015-06-27T22:40:28.403000Z</time>
      </trkpt>
      <trkpt lat="41.782352" lon="123.399055">
        <ele>40.653233</ele>
        <time>2015-06-27T22:40:31.824000Z</time>
      </trkpt>
      <trkpt lat="41.782436" lon="123.399124">
        <ele>40.354073</ele>
        <time>2015-06-27T22:40:35.245000Z</time>
      </trkpt>
      <trkpt lat="41.782528" lon="123.399185">
        <ele>40.04232</ele>
        <time>2015-06-27T22:40:38.666000Z</time>
      </trkpt>
      <trkpt lat="41.78262" lon="123.399216">
        <ele>39.753014</ele>
        <time>2015-06-27T22:40:42.087000Z</time>
      </trkpt>
      <trkpt lat="41.782722" lon="123.39926">
        <ele>39.42949</ele>
        <time>2015-06-27T22:40:45.508000Z</time>
      </trkpt>
      <trkpt lat="41.78282" lon="123.3993">
        <ele>39.113632</ele>
        <time>2015-06-27T22:40:48.929000Z</time>
      </trkpt>
      <trkpt lat="41.782936" lon="123.39928">
        <ele>38.76055</ele>
        <time>2015-06-27T22:40:52.350000Z</time>
      </trkpt>
      <trkpt lat="41.783062" lon="123.39923">
        <ele>38.52999</ele>
        <time>2015-06-27T22:40:55.771000Z</time>
      </trkpt>
      <trkpt lat="41.78317" lon="123.39921">
        <ele>39.800156</ele>
        <time>2015-06-27T22:40:59.192000Z</time>
      </trkpt>
      <trkpt lat="41.78327" lon="123.399185">
        <ele>41.083294</ele>
        <time>2015-06-27T22:41:02.613000Z</time>
      </trkpt>
      <trkpt lat="41.783363" lon="123.399155">
        <ele>42.197796</ele>
        <time>2015-06-27T22:41:06.034000Z</time>
      </trkpt>
      <trkpt lat="41.78345" lon="123.399086">
        <ele>43.438778</ele>
        <time>2015-06-27T22:41:09.455000Z</time>
      </trkpt>
      <trkpt lat="41.78355" lon="123.39904">
        <ele>44.688404</ele>
        <time>2015-06-27T22:41:12.876000Z</time>
      </trkpt>
      <trkpt lat="41.783638" lon="123.398994">
        <ele>45.313435</ele>
        <time>2015-06-27T22:41:16.297000Z</time>
      </trkpt>
      <trkpt lat="41.783688" lon="123.398865">
        <ele>45.691044</ele>
        <time>2015-06-27T22:41:19.718000Z</time>
      </trkpt>
      <trkpt lat="41.78376" lon="123.398766">
        <ele>46.07326</ele>
        <time>2015-06-27T22:41:23.139000Z</time>
      </trkpt>
      <trkpt lat="41.78386" lon="123.3987">
        <ele>46.509075</ele>
        <time>2015-06-27T22:41:26.560000Z</time>
      </trkpt>
      <trkpt lat="41.78396" lon="123.39862">
        <ele>46.866066</ele>
        <time>2015-06-27T22:41:29.981000Z</time>
      </trkpt>
      <trkpt lat="41.78403" lon="123.39852">
        <ele>47.01034</ele>
        <time>2015-06-27T22:41:33.402000Z</time>
      </trkpt>
      <trkpt lat="41.784115" lon="123.39842">
        <ele>45.75543</ele>
        <time>2015-06-27T22:41:36.823000Z</time>
      </trkpt>
      <trkpt lat="41.784164" lon="123.398285">
        <ele>44.4516</ele>
        <time>2015-06-27T22:41:40.244000Z</time>
      </trkpt>
      <trkpt lat="41.784203" lon="123.39817">
        <ele>43.41233</ele>
        <time>2015-06-27T22:41:43.665000Z</time>
      </trkpt>
      <trkpt lat="41.784233" lon="123.398026">
        <ele>42.20933</ele>
        <time>2015-06-27T22:41:47.086000Z</time>
      </trkpt>
      <trkpt lat="41.784233" lon="123.39787">
        <ele>40.946434</ele>
        <time>2015-06-27T22:41:50.507000Z</time>
      </trkpt>
      <trkpt lat="41.784225" lon="123.39775">
        <ele>38.74166</ele>
        <time>2015-06-27T22:41:53.928000Z</time>
      </trkpt>
      <trkpt lat="41.784206" lon="123.39762">
        <ele>36.768387</ele>
        <time>2015-06-27T22:41:57.349000Z</time>
      </trkpt>
      <trkpt lat="41.78414" lon="123.397484">
        <ele>35.774563</ele>
        <time>2015-06-27T22:42:00.770000Z</time>
      </trkpt>
      <trkpt lat="41.784084" lon="123.39737">
        <ele>35.58947</ele>
        <time>2015-06-27T22:42:04.191000Z</time>
      </trkpt>
      <trkpt lat="41.784004" lon="123.39729">
        <ele>36.338665</ele>
        <time>2015-06-27T22:42:07.612000Z</time>
      </trkpt>
      <trkpt lat="41.783913" lon="123.397224">
        <ele>37.100525</ele>
        <time>2015-06-27T22:42:11.033000Z</time>
      </trkpt>
      <trkpt lat="41.783817" lon="123.3972">
        <ele>37.828392</ele>
        <time>2015-06-27T22:42:14.454000Z</time>
      </trkpt>
      <trkpt lat="41.783726" lon="123.397194">
        <ele>38.510265</ele>
        <time>2015-06-27T22:42:17.875000Z</time>
      </trkpt>
      <trkpt lat="41.783627" lon="123.397194">
        <ele>39.2348</ele>
        <time>2015-06-27T22:42:21.296000Z</time>
      </trkpt>
      <trkpt lat="41.783516" lon="123.397194">
        <ele>40.049313</ele>
        <time>2015-06-27T22:42:24.717000Z</time>
      </trkpt>
      <trkpt lat="41.78342" lon="123.39726">
        <ele>40.8505</ele>
        <time>2015-06-27T22:42:28.138000Z</time>
      </trkpt>
      <trkpt lat="41.783325" lon="123.397354">
        <ele>41.27963</ele>
        <time>2015-06-27T22:42:31.559000Z</time>
      </trkpt>
      <trkpt lat="41.783237" lon="123.39743">
        <ele>41.311058</ele>
        <time>2015-06-27T22:42:34.980000Z</time>
      </trkpt>
      <trkpt lat="41.783157" lon="123.39753">
        <ele>41.34278</ele>
        <time>2015-06-27T22:42:38.401000Z</time>
      </trkpt>
      <trkpt lat="41.783096" lon="123.39763">
        <ele>41.956062</ele>
        <time>2015-06-27T22:42:41.822000Z</time>
      </trkpt>
      <trkpt lat="41.78302" lon="123.39773">
        <ele>43.213516</ele>
        <time>2015-06-27T22:42:45.243000Z</time>
      </trkpt>
      <trkpt lat="41.782944" lon="123.39779">
        <ele>45.00829</ele>
        <time>2015-06-27T22:42:48.664000Z</time>
      </trkpt>
      <trkpt lat="41.78288" lon="123.39787">
        <ele>46.69051</ele>
        <time>2015-06-27T22:42:52.085000Z</time>
      </trkpt>
      <trkpt lat="41.78281" lon="123.397995">
        <ele>47.561924</ele>
        <time>2015-06-27T22:42:55.506000Z</time>
      </trkpt>
      <trkpt lat="41.782738" lon="123.398125">
        <ele>47.620083</ele>
        <time>2015-06-27T22:42:58.927000Z</time>
      </trkpt>
      <trkpt lat="41.782658" lon="123.39824">
        <ele>47.819057</ele>
        <time>2015-06-27T22:43:02.348000Z</time>
      </trkpt>
      <trkpt lat="41.782566" lon="123.39833">
        <ele>48.01039</ele>
        <time>2015-06-27T22:43:05.769000Z</time>
      </trkpt>
      <trkpt lat="41.782467" lon="123.398384">
        <ele>48.19332</ele>
        <time>2015-06-27T22:43:09.190000Z</time>
      </trkpt>
      <trkpt lat="41.78238" lon="123.39847">
        <ele>48.37732</ele>
        <time>2015-06-27T22:43:12.611000Z</time>
      </trkpt>
      <trkpt lat="41.782288" lon="123.39853">
        <ele>48.555355</ele>
        <time>2015-06-27T22:43:16.032000Z</time>
      </trkpt>
      <trkpt lat="41.782257" lon="123.39865">
        <ele>48.71368</ele>
        <time>2015-06-27T22:43:19.453000Z</time>
      </trkpt>
      <trkpt lat="41.782276" lon="123.3988">
        <ele>48.915558</ele>
        <time>2015-06-27T22:43:22.874000Z</time>
      </trkpt>
      <trkpt lat="41.78234" lon="123.398926">
        <ele>49.099094</ele>
        <time>2015-06-27T22:43:26.295000Z</time>
      </trkpt>
      <trkpt lat="41.782413" lon="123.398994">
        <ele>49.253754</ele>
        <time>2015-06-27T22:43:29.716000Z</time>
      </trkpt>
      <trkpt lat="41.782505" lon="123.39903">
        <ele>50.105274</ele>
        <time>2015-06-27T22:43:33.137000Z</time>
      </trkpt>
      <trkpt lat="41.782608" lon="123.39908">
        <ele>50.53748</ele>
        <time>2015-06-27T22:43:36.558000Z</time>
      </trkpt>
      <trkpt lat="41.782696" lon="123.39913">
        <ele>51.270016</ele>
        <time>2015-06-27T22:43:39.979000Z</time>
      </trkpt>
      <trkpt lat="41.78279" lon="123.39913">
        <ele>54.855442</ele>
        <time>2015-06-27T22:43:43.400000Z</time>
      </trkpt>
      <trkpt lat="41.782883" lon="123.39912">
        <ele>62.344772</ele>
        <time>2015-06-27T22:43:46.821000Z</time>
      </trkpt>
      <trkpt lat="41.78298" lon="123.399086">
        <ele>69.580315</ele>
        <time>2015-06-27T22:43:50.242000Z</time>
      </trkpt>
      <trkpt lat="41.783096" lon="123.39908">
        <ele>72.74914</ele>
        <time>2015-06-27T22:43:53.663000Z</time>
      </trkpt>
      <trkpt lat="41.78319" lon="123.39906">
        <ele>72.81444</ele>
        <time>2015-06-27T22:43:57.084000Z</time>
      </trkpt>
      <trkpt lat="41.783287" lon="123.39904">
        <ele>71.65054</ele>
        <time>2015-06-27T22:44:00.505000Z</time>
      </trkpt>
      <trkpt lat="41.783398" lon="123.39898">
        <ele>70.17033</ele>
        <time>2015-06-27T22:44:03.926000Z</time>
      </trkpt>
      <trkpt lat="41.783493" lon="123.39891">
        <ele>68.806946</ele>
        <time>2015-06-27T22:44:07.347000Z</time>
      </trkpt>
      <trkpt lat="41.78358" lon="123.39884">
        <ele>67.592354</ele>
        <time>2015-06-27T22:44:10.768000Z</time>
      </trkpt>
      <trkpt lat="41.78366" lon="123.398766">
        <ele>66.38879</ele>
        <time>2015-06-27T22:44:14.189000Z</time>
      </trkpt>
      <trkpt lat="41.78374" lon="123.398674">
        <ele>65.31795</ele>
        <time>2015-06-27T22:44:17.610000Z</time>
      </trkpt>
      <trkpt lat="41.783817" lon="123.3986">
        <ele>64.9417</ele>
        <time>2015-06-27T22:44:21.031000Z</time>
      </trkpt>
      <trkpt lat="41.783913" lon="123.39855">
        <ele>64.891815</ele>
        <time>2015-06-27T22:44:24.452000Z</time>
      </trkpt>
      <trkpt lat="41.784" lon="123.39851">
        <ele>64.84537</ele>
        <time>2015-06-27T22:44:27.873000Z</time>
      </trkpt>
      <trkpt lat="41.784077" lon="123.39844">
        <ele>62.810387</ele>
        <time>2015-06-27T22:44:31.294000Z</time>
      </trkpt>
      <trkpt lat="41.784134" lon="123.3983">
        <ele>60.025448</ele>
        <time>2015-06-27T22:44:34.715000Z</time>
      </trkpt>
      <trkpt lat="41.784172" lon="123.39817">
        <ele>57.860924</ele>
        <time>2015-06-27T22:44:38.136000Z</time>
      </trkpt>
      <trkpt lat="41.7842" lon="123.39801">
        <ele>56.612236</ele>
        <time>2015-06-27T22:44:41.557000Z</time>
      </trkpt>
      <trkpt lat="41.78421" lon="123.39787">
        <ele>56.033997</ele>
        <time>2015-06-27T22:44:44.978000Z</time>
      </trkpt>
      <trkpt lat="41.784214" lon="123.39772">
        <ele>55.816784</ele>
        <time>2015-06-27T22:44:48.399000Z</time>
      </trkpt>
      <trkpt lat="41.784187" lon="123.397606">
        <ele>55.808514</ele>
        <time>2015-06-27T22:44:51.820000Z</time>
      </trkpt>
      <trkpt lat="41.784164" lon="123.397484">
        <ele>55.799965</ele>
        <time>2015-06-27T22:44:55.241000Z</time>
      </trkpt>
      <trkpt lat="41.78413" lon="123.39735">
        <ele>55.789913</ele>
        <time>2015-06-27T22:44:58.662000Z</time>
      </trkpt>
      <trkpt lat="41.78404" lon="123.397255">
        <ele>55.309196</ele>
        <time>2015-06-27T22:45:02.083000Z</time>
      </trkpt>
      <trkpt lat="41.78395" lon="123.39721">
        <ele>54.441372</ele>
        <time>2015-06-27T22:45:05.504000Z</time>
      </trkpt>
      <trkpt lat="41.78384" lon="123.3972">
        <ele>53.393417</ele>
        <time>2015-06-27T22:45:08.925000Z</time>
      </trkpt>
      <trkpt lat="41.78374" lon="123.39719">
        <ele>51.7676</ele>
        <time>2015-06-27T22:45:12.346000Z</time>
      </trkpt>
      <trkpt lat="41.783646" lon="123.397194">
        <ele>49.28734</ele>
        <time>2015-06-27T22:45:15.767000Z</time>
      </trkpt>
      <trkpt lat="41.78354" lon="123.397224">
        <ele>46.938614</ele>
        <time>2015-06-27T22:45:19.188000Z</time>
      </trkpt>
      <trkpt lat="41.78343" lon="123.397285">
        <ele>45.464607</ele>
        <time>2015-06-27T22:45:22.609000Z</time>
      </trkpt>
      <trkpt lat="41.783348" lon="123.39735">
        <ele>44.237072</ele>
        <time>2015-06-27T22:45:26.030000Z</time>
      </trkpt>
      <trkpt lat="41.78324" lon="123.39742">
        <ele>42.807484</ele>
        <time>2015-06-27T22:45:29.451000Z</time>
      </trkpt>
      <trkpt lat="41.783142" lon="123.39748">
        <ele>41.41171</ele>
        <time>2015-06-27T22:45:32.872000Z</time>
      </trkpt>
      <trkpt lat="41.783066" lon="123.3976">
        <ele>40.37529</ele>
        <time>2015-06-27T22:45:36.293000Z</time>
      </trkpt>
      <trkpt lat="41.78301" lon="123.3977">
        <ele>39.993626</ele>
        <time>2015-06-27T22:45:39.714000Z</time>
      </trkpt>
      <trkpt lat="41.78301" lon="123.3977">
        <ele>39.993626</ele>
        <time>2015-06-27T22:45:43.135000Z</time>
      </trkpt>
      <trkpt lat="41.782932" lon="123.39778">
        <ele>40.473156</ele>
        <time>2015-06-27T22:45:46.556000Z</time>
      </trkpt>
      <trkpt lat="41.782864" lon="123.39788">
        <ele>40.94277</ele>
        <time>2015-06-27T22:45:49.977000Z</time>
      </trkpt>
      <trkpt lat="41.782864" lon="123.39788">
        <ele>40.94277</ele>
        <time>2015-06-27T22:45:53.398000Z</time>
      </trkpt>
      <trkpt lat="41.782787" lon="123.397964">
        <ele>41.434376</ele>
        <time>2015-06-27T22:45:56.819000Z</time>
      </trkpt>
      <trkpt lat="41.782738" lon="123.39808">
        <ele>41.901398</ele>
        <time>2015-06-27T22:46:00.240000Z</time>
      </trkpt>
      <trkpt lat="41.782665" lon="123.39815">
        <ele>42.340393</ele>
        <time>2015-06-27T22:46:03.661000Z</time>
      </trkpt>
      <trkpt lat="41.782585" lon="123.398224">
        <ele>42.806988</ele>
        <time>2015-06-27T22:46:07.082000Z</time>
      </trkpt>
      <trkpt lat="41.78249" lon="123.398315">
        <ele>43.35422</ele>
        <time>2015-06-27T22:46:10.503000Z</time>
      </trkpt>
      <trkpt lat="41.78239" lon="123.39839">
        <ele>43.919136</ele>
        <time>2015-06-27T22:46:13.924000Z</time>
      </trkpt>
      <trkpt lat="41.782326" lon="123.39853">
        <ele>44.497417</ele>
        <time>2015-06-27T22:46:17.345000Z</time>
      </trkpt>
      <trkpt lat="41.7823" lon="123.398674">
        <ele>45.01921</ele>
        <time>2015-06-27T22:46:20.766000Z</time>
      </trkpt>
      <trkpt lat="41.782303" lon="123.39881">
        <ele>45.12932</ele>
        <time>2015-06-27T22:46:24.187000Z</time>
      </trkpt>
      <trkpt lat="41.782333" lon="123.398926">
        <ele>45.596516</ele>
        <time>2015-06-27T22:46:27.608000Z</time>
      </trkpt>
      <trkpt lat="41.782417" lon="123.39904">
        <ele>46.448807</ele>
        <time>2015-06-27T22:46:31.029000Z</time>
      </trkpt>
      <trkpt lat="41.78252" lon="123.39911">
        <ele>47.350746</ele>
        <time>2015-06-27T22:46:34.450000Z</time>
      </trkpt>
      <trkpt lat="41.782627" lon="123.39918">
        <ele>47.92432</ele>
        <time>2015-06-27T22:46:37.871000Z</time>
      </trkpt>
      <trkpt lat="41.782722" lon="123.39922">
        <ele>48.09864</ele>
        <time>2015-06-27T22:46:41.292000Z</time>
      </trkpt>
      <trkpt lat="41.782837" lon="123.39923">
        <ele>48.11566</ele>
        <time>2015-06-27T22:46:44.713000Z</time>
      </trkpt>
      <trkpt lat="41.782936" lon="123.399216">
        <ele>48.130497</ele>
        <time>2015-06-27T22:46:48.134000Z</time>
      </trkpt>
      <trkpt lat="41.783047" lon="123.39918">
        <ele>48.443966</ele>
        <time>2015-06-27T22:46:51.555000Z</time>
      </trkpt>
      <trkpt lat="41.78315" lon="123.399155">
        <ele>48.799576</ele>
        <time>2015-06-27T22:46:54.976000Z</time>
      </trkpt>
      <trkpt lat="41.78326" lon="123.399124">
        <ele>48.839485</ele>
        <time>2015-06-27T22:46:58.397000Z</time>
      </trkpt>
      <trkpt lat="41.783375" lon="123.399055">
        <ele>49.215534</ele>
        <time>2015-06-27T22:47:01.818000Z</time>
      </trkpt>
      <trkpt lat="41.78347" lon="123.398964">
        <ele>49.57976</ele>
        <time>2015-06-27T22:47:05.239000Z</time>
      </trkpt>
      <trkpt lat="41.783535" lon="123.39887">
        <ele>49.865093</ele>
        <time>2015-06-27T22:47:08.660000Z</time>
      </trkpt>
      <trkpt lat="41.783596" lon="123.39878">
        <ele>50.141907</ele>
        <time>2015-06-27T22:47:12.081000Z</time>
      </trkpt>
      <trkpt lat="41.783688" lon="123.39867">
        <ele>50.53692</ele>
        <time>2015-06-27T22:47:15.502000Z</time>
      </trkpt>
      <trkpt lat="41.783752" lon="123.39856">
        <ele>52.57257</ele>
        <time>2015-06-27T22:47:18.923000Z</time>
      </trkpt>
      <trkpt lat="41.78383" lon="123.39842">
        <ele>54.018394</ele>
        <time>2015-06-27T22:47:22.344000Z</time>
      </trkpt>
      <trkpt lat="41.783928" lon="123.398384">
        <ele>54.919765</ele>
        <time>2015-06-27T22:47:25.765000Z</time>
      </trkpt>
      <trkpt lat="41.78401" lon="123.398285">
        <ele>55.57979</ele>
        <time>2015-06-27T22:47:29.186000Z</time>
      </trkpt>
      <trkpt lat="41.784077" lon="123.398155">
        <ele>55.957455</ele>
        <time>2015-06-27T22:47:32.607000Z</time>
      </trkpt>
      <trkpt lat="41.78415" lon="123.398056">
        <ele>55.35654</ele>
        <time>2015-06-27T22:47:36.028000Z</time>
      </trkpt>
      <trkpt lat="41.784195" lon="123.39792">
        <ele>54.710243</ele>
        <time>2015-06-27T22:47:39.449000Z</time>
      </trkpt>
      <trkpt lat="41.784203" lon="123.397766">
        <ele>54.051426</ele>
        <time>2015-06-27T22:47:42.870000Z</time>
      </trkpt>
      <trkpt lat="41.784184" lon="123.397644">
        <ele>53.486504</ele>
        <time>2015-06-27T22:47:46.291000Z</time>
      </trkpt>
      <trkpt lat="41.78414" lon="123.39751">
        <ele>52.865246</ele>
        <time>2015-06-27T22:47:49.712000Z</time>
      </trkpt>
      <trkpt lat="41.78408" lon="123.39741">
        <ele>52.29302</ele>
        <time>2015-06-27T22:47:53.133000Z</time>
      </trkpt>
      <trkpt lat="41.784" lon="123.3973">
        <ele>51.641506</ele>
        <time>2015-06-27T22:47:56.554000Z</time>
      </trkpt>
      <trkpt lat="41.783897" lon="123.397255">
        <ele>51.01816</ele>
        <time>2015-06-27T22:47:59.975000Z</time>
      </trkpt>
      <trkpt lat="41.783802" lon="123.39724">
        <ele>50.446457</ele>
        <time>2015-06-27T22:48:03.396000Z</time>
      </trkpt>
      <trkpt lat="41.7837" lon="123.39728">
        <ele>49.835632</ele>
        <time>2015-06-27T22:48:06.817000Z</time>
      </trkpt>
      <trkpt lat="41.783592" lon="123.39733">
        <ele>49.091892</ele>
        <time>2015-06-27T22:48:10.238000Z</time>
      </trkpt>
      <trkpt lat="41.783504" lon="123.397354">
        <ele>49.088387</ele>
        <time>2015-06-27T22:48:13.659000Z</time>
      </trkpt>
      <trkpt lat="41.783504" lon="123.397354">
        <ele>49.088387</ele>
        <time>2015-06-27T22:48:17.080000Z</time>
      </trkpt>
      <trkpt lat="41.7834" lon="123.397385">
        <ele>49.084282</ele>
        <time>2015-06-27T22:48:20.501000Z</time>
      </trkpt>
      <trkpt lat="41.783276" lon="123.39742">
        <ele>49.079327</ele>
        <time>2015-06-27T22:48:23.922000Z</time>
      </trkpt>
      <trkpt lat="41.782803" lon="123.39807">
        <ele>50.90027</ele>
        <time>2015-06-27T22:48:27.343000Z</time>
      </trkpt>
      <trkpt lat="41.78279" lon="123.398094">
        <ele>50.711403</ele>
        <time>2015-06-27T22:48:30.764000Z</time>
      </trkpt>
      <trkpt lat="41.782738" lon="123.39819">
        <ele>49.82382</ele>
        <time>2015-06-27T22:48:34.185000Z</time>
      </trkpt>
      <trkpt lat="41.78267" lon="123.398285">
        <ele>48.870617</ele>
        <time>2015-06-27T22:48:37.606000Z</time>
      </trkpt>
      <trkpt lat="41.782578" lon="123.39833">
        <ele>47.883724</ele>
        <time>2015-06-27T22:48:41.027000Z</time>
      </trkpt>
      <trkpt lat="41.782494" lon="123.398384">
        <ele>46.966877</ele>
        <time>2015-06-27T22:48:44.448000Z</time>
      </trkpt>
      <trkpt lat="41.7824" lon="123.39845">
        <ele>45.929443</ele>
        <time>2015-06-27T22:48:47.869000Z</time>
      </trkpt>
      <trkpt lat="41.782322" lon="123.398544">
        <ele>44.92304</ele>
        <time>2015-06-27T22:48:51.290000Z</time>
      </trkpt>
      <trkpt lat="41.78228" lon="123.39867">
        <ele>43.50555</ele>
        <time>2015-06-27T22:48:54.711000Z</time>
      </trkpt>
      <trkpt lat="41.782272" lon="123.39879">
        <ele>42.94405</ele>
        <time>2015-06-27T22:48:58.132000Z</time>
      </trkpt>
      <trkpt lat="41.782307" lon="123.39892">
        <ele>42.94138</ele>
        <time>2015-06-27T22:49:01.553000Z</time>
      </trkpt>
      <trkpt lat="41.78238" lon="123.399025">
        <ele>42.93866</ele>
        <time>2015-06-27T22:49:04.974000Z</time>
      </trkpt>
      <trkpt lat="41.78247" lon="123.39909">
        <ele>42.936028</ele>
        <time>2015-06-27T22:49:08.395000Z</time>
      </trkpt>
      <trkpt lat="41.782566" lon="123.39914">
        <ele>42.933426</ele>
        <time>2015-06-27T22:49:11.816000Z</time>
      </trkpt>
      <trkpt lat="41.78268" lon="123.39918">
        <ele>42.930515</ele>
        <time>2015-06-27T22:49:15.237000Z</time>
      </trkpt>
      <trkpt lat="41.782776" lon="123.3992">
        <ele>42.92804</ele>
        <time>2015-06-27T22:49:18.658000Z</time>
      </trkpt>
      <trkpt lat="41.782875" lon="123.399216">
        <ele>42.92553</ele>
        <time>2015-06-27T22:49:22.079000Z</time>
      </trkpt>
      <trkpt lat="41.782978" lon="123.399216">
        <ele>42.922943</ele>
        <time>2015-06-27T22:49:25.500000Z</time>
      </trkpt>
      <trkpt lat="41.78309" lon="123.39922">
        <ele>42.920113</ele>
        <time>2015-06-27T22:49:28.921000Z</time>
      </trkpt>
      <trkpt lat="41.78319" lon="123.3992">
        <ele>42.91755</ele>
        <time>2015-06-27T22:49:32.342000Z</time>
      </trkpt>
      <trkpt lat="41.7833" lon="123.39916">
        <ele>42.91474</ele>
        <time>2015-06-27T22:49:35.763000Z</time>
      </trkpt>
      <trkpt lat="41.783398" lon="123.39912">
        <ele>42.898804</ele>
        <time>2015-06-27T22:49:39.184000Z</time>
      </trkpt>
      <trkpt lat="41.783485" lon="123.39906">
        <ele>42.884544</ele>
        <time>2015-06-27T22:49:42.605000Z</time>
      </trkpt>
      <trkpt lat="41.78356" lon="123.39899">
        <ele>42.87065</ele>
        <time>2015-06-27T22:49:46.026000Z</time>
      </trkpt>
      <trkpt lat="41.783638" lon="123.39891">
        <ele>42.855976</ele>
        <time>2015-06-27T22:49:49.447000Z</time>
      </trkpt>
      <trkpt lat="41.783726" lon="123.39882">
        <ele>42.839214</ele>
        <time>2015-06-27T22:49:52.868000Z</time>
      </trkpt>
      <trkpt lat="41.783802" lon="123.39871">
        <ele>42.822376</ele>
        <time>2015-06-27T22:49:56.289000Z</time>
      </trkpt>
      <trkpt lat="41.783863" lon="123.39862">
        <ele>42.80879</ele>
        <time>2015-06-27T22:49:59.710000Z</time>
      </trkpt>
      <trkpt lat="41.783947" lon="123.39856">
        <ele>42.7948</ele>
        <time>2015-06-27T22:50:03.131000Z</time>
      </trkpt>
      <trkpt lat="41.784042" lon="123.39848">
        <ele>42.778282</ele>
        <time>2015-06-27T22:50:06.552000Z</time>
      </trkpt>
      <trkpt lat="41.78412" lon="123.39841">
        <ele>42.763847</ele>
        <time>2015-06-27T22:50:09.973000Z</time>
      </trkpt>
      <trkpt lat="41.78417" lon="123.39831">
        <ele>42.750397</ele>
        <time>2015-06-27T22:50:13.394000Z</time>
      </trkpt>
      <trkpt lat="41.7842" lon="123.39818">
        <ele>42.735764</ele>
        <time>2015-06-27T22:50:16.815000Z</time>
      </trkpt>
      <trkpt lat="41.784214" lon="123.398056">
        <ele>42.721317</ele>
        <time>2015-06-27T22:50:20.236000Z</time>
      </trkpt>
      <trkpt lat="41.78422" lon="123.39793">
        <ele>42.70675</ele>
        <time>2015-06-27T22:50:23.657000Z</time>
      </trkpt>
      <trkpt lat="41.784245" lon="123.39778">
        <ele>42.690674</ele>
        <time>2015-06-27T22:50:27.078000Z</time>
      </trkpt>
      <trkpt lat="41.784264" lon="123.39766">
        <ele>42.676712</ele>
        <time>2015-06-27T22:50:30.499000Z</time>
      </trkpt>
      <trkpt lat="41.784264" lon="123.39752">
        <ele>42.66127</ele>
        <time>2015-06-27T22:50:33.920000Z</time>
      </trkpt>
      <trkpt lat="41.784214" lon="123.397415">
        <ele>42.64744</ele>
        <time>2015-06-27T22:50:37.341000Z</time>
      </trkpt>
      <trkpt lat="41.78414" lon="123.39734">
        <ele>42.633186</ele>
        <time>2015-06-27T22:50:40.762000Z</time>
      </trkpt>
      <trkpt lat="41.784058" lon="123.39728">
        <ele>42.61914</ele>
        <time>2015-06-27T22:50:44.183000Z</time>
      </trkpt>
      <trkpt lat="41.78395" lon="123.397224">
        <ele>42.60214</ele>
        <time>2015-06-27T22:50:47.604000Z</time>
      </trkpt>
      <trkpt lat="41.783833" lon="123.39722">
        <ele>42.082794</ele>
        <time>2015-06-27T22:50:51.025000Z</time>
      </trkpt>
      <trkpt lat="41.783726" lon="123.39723">
        <ele>41.588585</ele>
        <time>2015-06-27T22:50:54.446000Z</time>
      </trkpt>
      <trkpt lat="41.783634" lon="123.397224">
        <ele>40.85295</ele>
        <time>2015-06-27T22:50:57.867000Z</time>
      </trkpt>
      <trkpt lat="41.78354" lon="123.39721">
        <ele>40.164238</ele>
        <time>2015-06-27T22:51:01.288000Z</time>
      </trkpt>
      <trkpt lat="41.783432" lon="123.39725">
        <ele>39.855946</ele>
        <time>2015-06-27T22:51:04.709000Z</time>
      </trkpt>
      <trkpt lat="41.78334" lon="123.3973">
        <ele>39.82035</ele>
        <time>2015-06-27T22:51:08.130000Z</time>
      </trkpt>
      <trkpt lat="41.783253" lon="123.397354">
        <ele>39.777348</ele>
        <time>2015-06-27T22:51:11.551000Z</time>
      </trkpt>
      <trkpt lat="41.783184" lon="123.39744">
        <ele>39.73406</ele>
        <time>2015-06-27T22:51:14.972000Z</time>
      </trkpt>
      <trkpt lat="41.783104" lon="123.39753">
        <ele>39.685894</ele>
        <time>2015-06-27T22:51:18.393000Z</time>
      </trkpt>
      <trkpt lat="41.783035" lon="123.39763">
        <ele>38.692398</ele>
        <time>2015-06-27T22:51:21.814000Z</time>
      </trkpt>
      <trkpt lat="41.782974" lon="123.39772">
        <ele>37.22868</ele>
        <time>2015-06-27T22:51:25.234000Z</time>
      </trkpt>
      <trkpt lat="41.78289" lon="123.397835">
        <ele>35.996544</ele>
        <time>2015-06-27T22:51:28.654000Z</time>
      </trkpt>
      <trkpt lat="41.78281" lon="123.39795">
        <ele>35.231083</ele>
        <time>2015-06-27T22:51:32.074000Z</time>
      </trkpt>
      <trkpt lat="41.782734" lon="123.39803">
        <ele>35.006542</ele>
        <time>2015-06-27T22:51:35.494000Z</time>
      </trkpt>
      <trkpt lat="41.782665" lon="123.39813">
        <ele>35.417557</ele>
        <time>2015-06-27T22:51:38.914000Z</time>
      </trkpt>
      <trkpt lat="41.782593" lon="123.39822">
        <ele>35.7928</ele>
        <time>2015-06-27T22:51:42.334000Z</time>
      </trkpt>
      <trkpt lat="41.782505" lon="123.398254">
        <ele>36.151947</ele>
        <time>2015-06-27T22:51:45.754000Z</time>
      </trkpt>
      <trkpt lat="41.782394" lon="123.398285">
        <ele>36.612682</ele>
        <time>2015-06-27T22:51:49.174000Z</time>
      </trkpt>
      <trkpt lat="41.78231" lon="123.398346">
        <ele>36.98971</ele>
        <time>2015-06-27T22:51:52.594000Z</time>
      </trkpt>
      <trkpt lat="41.782253" lon="123.39847">
        <ele>37.413963</ele>
        <time>2015-06-27T22:51:56.014000Z</time>
      </trkpt>
      <trkpt lat="41.782238" lon="123.39861">
        <ele>37.8561</ele>
        <time>2015-06-27T22:51:59.434000Z</time>
      </trkpt>
      <trkpt lat="41.782257" lon="123.39879">
        <ele>38.379078</ele>
        <time>2015-06-27T22:52:02.854000Z</time>
      </trkpt>
      <trkpt lat="41.7823" lon="123.39891">
        <ele>38.777573</ele>
        <time>2015-06-27T22:52:06.274000Z</time>
      </trkpt>
      <trkpt lat="41.782387" lon="123.39901">
        <ele>39.241528</ele>
        <time>2015-06-27T22:52:09.694000Z</time>
      </trkpt>
      <trkpt lat="41.78248" lon="123.3991">
        <ele>39.69046</ele>
        <time>2015-06-27T22:52:13.114000Z</time>
      </trkpt>
      <trkpt lat="41.782566" lon="123.39916">
        <ele>40.082157</ele>
        <time>2015-06-27T22:52:16.534000Z</time>
      </trkpt>
      <trkpt lat="41.78267" lon="123.39923">
        <ele>40.334007</ele>
        <time>2015-06-27T22:52:19.954000Z</time>
      </trkpt>
      <trkpt lat="41.782772" lon="123.39927">
        <ele>40.59739</ele>
        <time>2015-06-27T22:52:23.374000Z</time>
      </trkpt>
      <trkpt lat="41.782864" lon="123.399284">
        <ele>40.861862</ele>
        <time>2015-06-27T22:52:26.794000Z</time>
      </trkpt>
      <trkpt lat="41.782963" lon="123.399284">
        <ele>40.985695</ele>
        <time>2015-06-27T22:52:30.214000Z</time>
      </trkpt>
      <trkpt lat="41.78306" lon="123.39928">
        <ele>40.989117</ele>
        <time>2015-06-27T22:52:33.634000Z</time>
      </trkpt>
      <trkpt lat="41.78316" lon="123.399254">
        <ele>40.99274</ele>
        <time>2015-06-27T22:52:37.054000Z</time>
      </trkpt>
      <trkpt lat="41.783268" lon="123.39923">
        <ele>40.996502</ele>
        <time>2015-06-27T22:52:40.474000Z</time>
      </trkpt>
      <trkpt lat="41.783375" lon="123.39917">
        <ele>41.000507</ele>
        <time>2015-06-27T22:52:43.894000Z</time>
      </trkpt>
      <trkpt lat="41.78347" lon="123.399086">
        <ele>41.00456</ele>
        <time>2015-06-27T22:52:47.314000Z</time>
      </trkpt>
      <trkpt lat="41.783554" lon="123.39898">
        <ele>41.008522</ele>
        <time>2015-06-27T22:52:50.734000Z</time>
      </trkpt>
      <trkpt lat="41.783634" lon="123.39888">
        <ele>41.012356</ele>
        <time>2015-06-27T22:52:54.154000Z</time>
      </trkpt>
      <trkpt lat="41.783722" lon="123.3988">
        <ele>41.05098</ele>
        <time>2015-06-27T22:52:57.574000Z</time>
      </trkpt>
      <trkpt lat="41.78381" lon="123.398735">
        <ele>41.087162</ele>
        <time>2015-06-27T22:53:00.994000Z</time>
      </trkpt>
      <trkpt lat="41.7839" lon="123.39866">
        <ele>41.12714</ele>
        <time>2015-06-27T22:53:04.414000Z</time>
      </trkpt>
      <trkpt lat="41.784004" lon="123.39858">
        <ele>41.171314</ele>
        <time>2015-06-27T22:53:07.834000Z</time>
      </trkpt>
      <trkpt lat="41.784103" lon="123.39849">
        <ele>41.21499</ele>
        <time>2015-06-27T22:53:11.254000Z</time>
      </trkpt>
      <trkpt lat="41.78417" lon="123.3984">
        <ele>41.250114</ele>
        <time>2015-06-27T22:53:14.674000Z</time>
      </trkpt>
      <trkpt lat="41.7842" lon="123.39827">
        <ele>41.286163</ele>
        <time>2015-06-27T22:53:18.094000Z</time>
      </trkpt>
      <trkpt lat="41.784214" lon="123.39813">
        <ele>41.32522</ele>
        <time>2015-06-27T22:53:21.514000Z</time>
      </trkpt>
      <trkpt lat="41.784237" lon="123.397995">
        <ele>41.362854</ele>
        <time>2015-06-27T22:53:24.934000Z</time>
      </trkpt>
      <trkpt lat="41.784245" lon="123.397865">
        <ele>41.39798</ele>
        <time>2015-06-27T22:53:28.354000Z</time>
      </trkpt>
      <trkpt lat="41.784218" lon="123.39771">
        <ele>41.441624</ele>
        <time>2015-06-27T22:53:31.774000Z</time>
      </trkpt>
      <trkpt lat="41.78417" lon="123.39755">
        <ele>41.48807</ele>
        <time>2015-06-27T22:53:35.194000Z</time>
      </trkpt>
      <trkpt lat="41.78411" lon="123.3974">
        <ele>41.535183</ele>
        <time>2015-06-27T22:53:38.614000Z</time>
      </trkpt>
      <trkpt lat="41.784042" lon="123.39728">
        <ele>41.577934</ele>
        <time>2015-06-27T22:53:42.034000Z</time>
      </trkpt>
      <trkpt lat="41.783955" lon="123.39721">
        <ele>41.61504</ele>
        <time>2015-06-27T22:53:45.454000Z</time>
      </trkpt>
      <trkpt lat="41.78385" lon="123.39718">
        <ele>41.653038</ele>
        <time>2015-06-27T22:53:48.874000Z</time>
      </trkpt>
      <trkpt lat="41.78376" lon="123.397194">
        <ele>41.6878</ele>
        <time>2015-06-27T22:53:52.294000Z</time>
      </trkpt>
      <trkpt lat="41.783657" lon="123.3972">
        <ele>41.725105</ele>
        <time>2015-06-27T22:53:55.714000Z</time>
      </trkpt>
      <trkpt lat="41.783546" lon="123.39721">
        <ele>41.76657</ele>
        <time>2015-06-27T22:53:59.134000Z</time>
      </trkpt>
      <trkpt lat="41.783447" lon="123.39722">
        <ele>41.802322</ele>
        <time>2015-06-27T22:54:02.554000Z</time>
      </trkpt>
      <trkpt lat="41.78336" lon="123.397255">
        <ele>41.835567</ele>
        <time>2015-06-27T22:54:05.974000Z</time>
      </trkpt>
      <trkpt lat="41.78328" lon="123.39731">
        <ele>41.86868</ele>
        <time>2015-06-27T22:54:09.394000Z</time>
      </trkpt>
      <trkpt lat="41.78319" lon="123.39738">
        <ele>41.90648</ele>
        <time>2015-06-27T22:54:12.814000Z</time>
      </trkpt>
      <trkpt lat="41.783123" lon="123.39746">
        <ele>41.94002</ele>
        <time>2015-06-27T22:54:16.234000Z</time>
      </trkpt>
      <trkpt lat="41.78304" lon="123.39754">
        <ele>43.498363</ele>
        <time>2015-06-27T22:54:19.654000Z</time>
      </trkpt>
      <trkpt lat="41.782955" lon="123.39764">
        <ele>45.247425</ele>
        <time>2015-06-27T22:54:23.074000Z</time>
      </trkpt>
      <trkpt lat="41.782875" lon="123.397736">
        <ele>47.045162</ele>
        <time>2015-06-27T22:54:26.494000Z</time>
      </trkpt>
      <trkpt lat="41.78279" lon="123.397865">
        <ele>48.430992</ele>
        <time>2015-06-27T22:54:29.914000Z</time>
      </trkpt>
      <trkpt lat="41.782722" lon="123.39796">
        <ele>48.960876</ele>
        <time>2015-06-27T22:54:33.334000Z</time>
      </trkpt>
      <trkpt lat="41.782646" lon="123.398026">
        <ele>48.03954</ele>
        <time>2015-06-27T22:54:36.754000Z</time>
      </trkpt>
      <trkpt lat="41.782524" lon="123.39814">
        <ele>46.552116</ele>
        <time>2015-06-27T22:54:40.174000Z</time>
      </trkpt>
      <trkpt lat="41.78242" lon="123.398224">
        <ele>45.357155</ele>
        <time>2015-06-27T22:54:43.594000Z</time>
      </trkpt>
      <trkpt lat="41.782333" lon="123.398315">
        <ele>44.249214</ele>
        <time>2015-06-27T22:54:47.014000Z</time>
      </trkpt>
      <trkpt lat="41.782276" lon="123.39846">
        <ele>43.03003</ele>
        <time>2015-06-27T22:54:50.434000Z</time>
      </trkpt>
      <trkpt lat="41.782246" lon="123.39865">
        <ele>42.187042</ele>
        <time>2015-06-27T22:54:53.854000Z</time>
      </trkpt>
      <trkpt lat="41.78227" lon="123.39881">
        <ele>41.821415</ele>
        <time>2015-06-27T22:54:57.274000Z</time>
      </trkpt>
      <trkpt lat="41.78233" lon="123.39894">
        <ele>41.786663</ele>
        <time>2015-06-27T22:55:00.694000Z</time>
      </trkpt>
      <trkpt lat="41.782413" lon="123.39904">
        <ele>41.726524</ele>
        <time>2015-06-27T22:55:04.114000Z</time>
      </trkpt>
      <trkpt lat="41.782513" lon="123.39913">
        <ele>41.43522</ele>
        <time>2015-06-27T22:55:07.534000Z</time>
      </trkpt>
      <trkpt lat="41.782616" lon="123.39919">
        <ele>41.095123</ele>
        <time>2015-06-27T22:55:10.954000Z</time>
      </trkpt>
      <trkpt lat="41.782722" lon="123.39924">
        <ele>40.922382</ele>
        <time>2015-06-27T22:55:14.374000Z</time>
      </trkpt>
      <trkpt lat="41.78283" lon="123.399254">
        <ele>40.751213</ele>
        <time>2015-06-27T22:55:17.794000Z</time>
      </trkpt>
      <trkpt lat="41.782936" lon="123.399254">
        <ele>40.553905</ele>
        <time>2015-06-27T22:55:21.214000Z</time>
      </trkpt>
      <trkpt lat="41.783054" lon="123.39923">
        <ele>40.433937</ele>
        <time>2015-06-27T22:55:24.634000Z</time>
      </trkpt>
      <trkpt lat="41.78316" lon="123.39919">
        <ele>40.282135</ele>
        <time>2015-06-27T22:55:28.054000Z</time>
      </trkpt>
      <trkpt lat="41.783268" lon="123.399155">
        <ele>39.92581</ele>
        <time>2015-06-27T22:55:31.474000Z</time>
      </trkpt>
      <trkpt lat="41.783375" lon="123.39911">
        <ele>39.44513</ele>
        <time>2015-06-27T22:55:34.894000Z</time>
      </trkpt>
      <trkpt lat="41.783478" lon="123.39903">
        <ele>39.1852</ele>
        <time>2015-06-27T22:55:38.314000Z</time>
      </trkpt>
      <trkpt lat="41.78358" lon="123.398964">
        <ele>39.17658</ele>
        <time>2015-06-27T22:55:41.734000Z</time>
      </trkpt>
      <trkpt lat="41.783688" lon="123.398895">
        <ele>39.16807</ele>
        <time>2015-06-27T22:55:45.154000Z</time>
      </trkpt>
      <trkpt lat="41.78378" lon="123.3988">
        <ele>39.159733</ele>
        <time>2015-06-27T22:55:48.574000Z</time>
      </trkpt>
      <trkpt lat="41.78388" lon="123.39871">
        <ele>39.150753</ele>
        <time>2015-06-27T22:55:51.994000Z</time>
      </trkpt>
      <trkpt lat="41.783978" lon="123.39862">
        <ele>39.14189</ele>
        <time>2015-06-27T22:55:55.414000Z</time>
      </trkpt>
      <trkpt lat="41.78406" lon="123.39851">
        <ele>39.133434</ele>
        <time>2015-06-27T22:55:58.834000Z</time>
      </trkpt>
      <trkpt lat="41.784126" lon="123.3984">
        <ele>39.125366</ele>
        <time>2015-06-27T22:56:02.254000Z</time>
      </trkpt>
      <trkpt lat="41.784164" lon="123.39825">
        <ele>39.11656</ele>
        <time>2015-06-27T22:56:05.674000Z</time>
      </trkpt>
      <trkpt lat="41.784187" lon="123.3981">
        <ele>39.10857</ele>
        <time>2015-06-27T22:56:09.094000Z</time>
      </trkpt>
      <trkpt lat="41.784218" lon="123.39799">
        <ele>39.101852</ele>
        <time>2015-06-27T22:56:12.514000Z</time>
      </trkpt>
      <trkpt lat="41.784252" lon="123.39785">
        <ele>39.093838</ele>
        <time>2015-06-27T22:56:15.934000Z</time>
      </trkpt>
      <trkpt lat="41.784245" lon="123.39771">
        <ele>39.086372</ele>
        <time>2015-06-27T22:56:19.354000Z</time>
      </trkpt>
      <trkpt lat="41.784214" lon="123.397545">
        <ele>38.581146</ele>
        <time>2015-06-27T22:56:22.774000Z</time>
      </trkpt>
      <trkpt lat="41.784187" lon="123.397415">
        <ele>37.710003</ele>
        <time>2015-06-27T22:56:26.194000Z</time>
      </trkpt>
      <trkpt lat="41.7841" lon="123.39729">
        <ele>36.66654</ele>
        <time>2015-06-27T22:56:29.614000Z</time>
      </trkpt>
      <trkpt lat="41.783978" lon="123.39723">
        <ele>35.99192</ele>
        <time>2015-06-27T22:56:33.034000Z</time>
      </trkpt>
      <trkpt lat="41.78386" lon="123.39721">
        <ele>35.920113</ele>
        <time>2015-06-27T22:56:36.454000Z</time>
      </trkpt>
      <trkpt lat="41.783752" lon="123.39719">
        <ele>36.767067</ele>
        <time>2015-06-27T22:56:39.874000Z</time>
      </trkpt>
      <trkpt lat="41.783646" lon="123.39718">
        <ele>37.618263</ele>
        <time>2015-06-27T22:56:43.294000Z</time>
      </trkpt>
      <trkpt lat="41.78354" lon="123.39719">
        <ele>38.46239</ele>
        <time>2015-06-27T22:56:46.714000Z</time>
      </trkpt>
      <trkpt lat="41.783432" lon="123.397224">
        <ele>39.332657</ele>
        <time>2015-06-27T22:56:50.134000Z</time>
      </trkpt>
      <trkpt lat="41.783302" lon="123.39733">
        <ele>40.540573</ele>
        <time>2015-06-27T22:56:53.554000Z</time>
      </trkpt>
      <trkpt lat="41.783302" lon="123.39733">
        <ele>40.540573</ele>
        <time>2015-06-27T22:56:56.974000Z</time>
      </trkpt>
      <trkpt lat="41.783203" lon="123.397415">
        <ele>41.43415</ele>
        <time>2015-06-27T22:57:00.394000Z</time>
      </trkpt>
      <trkpt lat="41.783123" lon="123.39749">
        <ele>42.228832</ele>
        <time>2015-06-27T22:57:03.814000Z</time>
      </trkpt>
      <trkpt lat="41.783054" lon="123.39759">
        <ele>43.979023</ele>
        <time>2015-06-27T22:57:07.234000Z</time>
      </trkpt>
      <trkpt lat="41.782993" lon="123.39769">
        <ele>44.994232</ele>
        <time>2015-06-27T22:57:10.654000Z</time>
      </trkpt>
      <trkpt lat="41.78295" lon="123.3978">
        <ele>45.309</ele>
        <time>2015-06-27T22:57:14.074000Z</time>
      </trkpt>
      <trkpt lat="41.7829" lon="123.39793">
        <ele>45.37019</ele>
        <time>2015-06-27T22:57:17.494000Z</time>
      </trkpt>
      <trkpt lat="41.782825" lon="123.39804">
        <ele>45.43173</ele>
        <time>2015-06-27T22:57:20.914000Z</time>
      </trkpt>
      <trkpt lat="41.782738" lon="123.39815">
        <ele>45.498352</ele>
        <time>2015-06-27T22:57:24.334000Z</time>
      </trkpt>
      <trkpt lat="41.782654" lon="123.39823">
        <ele>45.55658</ele>
        <time>2015-06-27T22:57:27.754000Z</time>
      </trkpt>
      <trkpt lat="41.78257" lon="123.39829">
        <ele>45.607944</ele>
        <time>2015-06-27T22:57:31.174000Z</time>
      </trkpt>
      <trkpt lat="41.78247" lon="123.39833">
        <ele>45.8569</ele>
        <time>2015-06-27T22:57:34.594000Z</time>
      </trkpt>
      <trkpt lat="41.782368" lon="123.3984">
        <ele>45.924095</ele>
        <time>2015-06-27T22:57:38.014000Z</time>
      </trkpt>
      <trkpt lat="41.78229" lon="123.398506">
        <ele>45.99065</ele>
        <time>2015-06-27T22:57:41.434000Z</time>
      </trkpt>
      <trkpt lat="41.782215" lon="123.39864">
        <ele>46.063625</ele>
        <time>2015-06-27T22:57:44.854000Z</time>
      </trkpt>
      <trkpt lat="41.782196" lon="123.39881">
        <ele>46.13819</ele>
        <time>2015-06-27T22:57:48.274000Z</time>
      </trkpt>
      <trkpt lat="41.78228" lon="123.39893">
        <ele>46.209946</ele>
        <time>2015-06-27T22:57:51.694000Z</time>
      </trkpt>
      <trkpt lat="41.782387" lon="123.39903">
        <ele>46.287323</ele>
        <time>2015-06-27T22:57:55.114000Z</time>
      </trkpt>
      <trkpt lat="41.782463" lon="123.3991">
        <ele>46.34179</ele>
        <time>2015-06-27T22:57:58.534000Z</time>
      </trkpt>
      <trkpt lat="41.782574" lon="123.39917">
        <ele>46.413597</ele>
        <time>2015-06-27T22:58:01.954000Z</time>
      </trkpt>
      <trkpt lat="41.782673" lon="123.39921">
        <ele>46.84287</ele>
        <time>2015-06-27T22:58:05.374000Z</time>
      </trkpt>
      <trkpt lat="41.782772" lon="123.39925">
        <ele>46.857056</ele>
        <time>2015-06-27T22:58:08.794000Z</time>
      </trkpt>
      <trkpt lat="41.782883" lon="123.39925">
        <ele>46.872715</ele>
        <time>2015-06-27T22:58:12.214000Z</time>
      </trkpt>
      <trkpt lat="41.783016" lon="123.39921">
        <ele>46.892044</ele>
        <time>2015-06-27T22:58:15.634000Z</time>
      </trkpt>
      <trkpt lat="41.78313" lon="123.39916">
        <ele>46.908875</ele>
        <time>2015-06-27T22:58:19.054000Z</time>
      </trkpt>
      <trkpt lat="41.783226" lon="123.39912">
        <ele>46.922855</ele>
        <time>2015-06-27T22:58:22.474000Z</time>
      </trkpt>
      <trkpt lat="41.78333" lon="123.39907">
        <ele>46.937912</ele>
        <time>2015-06-27T22:58:25.894000Z</time>
      </trkpt>
      <trkpt lat="41.78344" lon="123.39903">
        <ele>46.954277</ele>
        <time>2015-06-27T22:58:29.314000Z</time>
      </trkpt>
      <trkpt lat="41.78354" lon="123.398994">
        <ele>46.96869</ele>
        <time>2015-06-27T22:58:32.734000Z</time>
      </trkpt>
      <trkpt lat="41.783627" lon="123.39894">
        <ele>46.981953</ele>
        <time>2015-06-27T22:58:36.154000Z</time>
      </trkpt>
      <trkpt lat="41.783714" lon="123.39887">
        <ele>46.996437</ele>
        <time>2015-06-27T22:58:39.574000Z</time>
      </trkpt>
      <trkpt lat="41.783802" lon="123.39877">
        <ele>47.012398</ele>
        <time>2015-06-27T22:58:42.994000Z</time>
      </trkpt>
      <trkpt lat="41.783886" lon="123.398674">
        <ele>47.028046</ele>
        <time>2015-06-27T22:58:46.414000Z</time>
      </trkpt>
      <trkpt lat="41.783974" lon="123.39861">
        <ele>47.041763</ele>
        <time>2015-06-27T22:58:49.834000Z</time>
      </trkpt>
      <trkpt lat="41.784058" lon="123.39853">
        <ele>47.056526</ele>
        <time>2015-06-27T22:58:53.254000Z</time>
      </trkpt>
      <trkpt lat="41.78412" lon="123.39842">
        <ele>47.070812</ele>
        <time>2015-06-27T22:58:56.674000Z</time>
      </trkpt>
      <trkpt lat="41.784157" lon="123.39829">
        <ele>47.085213</ele>
        <time>2015-06-27T22:59:00.094000Z</time>
      </trkpt>
      <trkpt lat="41.784176" lon="123.398155">
        <ele>47.099598</ele>
        <time>2015-06-27T22:59:03.514000Z</time>
      </trkpt>
      <trkpt lat="41.784187" lon="123.39801">
        <ele>47.11503</ele>
        <time>2015-06-27T22:59:06.934000Z</time>
      </trkpt>
      <trkpt lat="41.784195" lon="123.39787">
        <ele>47.12938</ele>
        <time>2015-06-27T22:59:10.354000Z</time>
      </trkpt>
      <trkpt lat="41.78419" lon="123.39771">
        <ele>47.146034</ele>
        <time>2015-06-27T22:59:13.774000Z</time>
      </trkpt>
      <trkpt lat="41.784176" lon="123.397575">
        <ele>47.160645</ele>
        <time>2015-06-27T22:59:17.194000Z</time>
      </trkpt>
      <trkpt lat="41.784138" lon="123.397446">
        <ele>47.175182</ele>
        <time>2015-06-27T22:59:20.614000Z</time>
      </trkpt>
      <trkpt lat="41.78406" lon="123.39733">
        <ele>47.19111</ele>
        <time>2015-06-27T22:59:24.034000Z</time>
      </trkpt>
      <trkpt lat="41.78396" lon="123.397255">
        <ele>47.207775</ele>
        <time>2015-06-27T22:59:27.454000Z</time>
      </trkpt>
      <trkpt lat="41.783848" lon="123.39722">
        <ele>47.223915</ele>
        <time>2015-06-27T22:59:30.874000Z</time>
      </trkpt>
      <trkpt lat="41.78375" lon="123.3972">
        <ele>47.23806</ele>
        <time>2015-06-27T22:59:34.294000Z</time>
      </trkpt>
      <trkpt lat="41.783653" lon="123.3972">
        <ele>47.25141</ele>
        <time>2015-06-27T22:59:37.714000Z</time>
      </trkpt>
      <trkpt lat="41.783546" lon="123.39719">
        <ele>47.266605</ele>
        <time>2015-06-27T22:59:41.134000Z</time>
      </trkpt>
      <trkpt lat="41.783432" lon="123.39722">
        <ele>47.28273</ele>
        <time>2015-06-27T22:59:44.554000Z</time>
      </trkpt>
      <trkpt lat="41.78333" lon="123.397285">
        <ele>47.298943</ele>
        <time>2015-06-27T22:59:47.974000Z</time>
      </trkpt>
      <trkpt lat="41.783237" lon="123.397354">
        <ele>47.313683</ele>
        <time>2015-06-27T22:59:51.394000Z</time>
      </trkpt>
      <trkpt lat="41.783154" lon="123.397415">
        <ele>47.327248</ele>
        <time>2015-06-27T22:59:54.814000Z</time>
      </trkpt>
      <trkpt lat="41.78308" lon="123.39751">
        <ele>47.341167</ele>
        <time>2015-06-27T22:59:58.234000Z</time>
      </trkpt>
      <trkpt lat="41.782963" lon="123.39768">
        <ele>47.365894</ele>
        <time>2015-06-27T23:00:01.654000Z</time>
      </trkpt>
      <trkpt lat="41.782875" lon="123.397804">
        <ele>47.404686</ele>
        <time>2015-06-27T23:00:05.074000Z</time>
      </trkpt>
      <trkpt lat="41.782833" lon="123.397934">
        <ele>47.43777</ele>
        <time>2015-06-27T23:00:08.494000Z</time>
      </trkpt>
      <trkpt lat="41.782776" lon="123.398056">
        <ele>47.47019</ele>
        <time>2015-06-27T23:00:11.914000Z</time>
      </trkpt>
      <trkpt lat="41.782703" lon="123.398155">
        <ele>47.503468</ele>
        <time>2015-06-27T23:00:15.334000Z</time>
      </trkpt>
      <trkpt lat="41.78263" lon="123.39824">
        <ele>47.532875</ele>
        <time>2015-06-27T23:00:18.754000Z</time>
      </trkpt>
      <trkpt lat="41.782547" lon="123.39833">
        <ele>47.56571</ele>
        <time>2015-06-27T23:00:22.174000Z</time>
      </trkpt>
      <trkpt lat="41.782455" lon="123.3984">
        <ele>47.598877</ele>
        <time>2015-06-27T23:00:25.594000Z</time>
      </trkpt>
      <trkpt lat="41.782368" lon="123.398445">
        <ele>47.628174</ele>
        <time>2015-06-27T23:00:29.014000Z</time>
      </trkpt>
      <trkpt lat="41.78226" lon="123.39853">
        <ele>47.6658</ele>
        <time>2015-06-27T23:00:32.434000Z</time>
      </trkpt>
      <trkpt lat="41.7822" lon="123.39864">
        <ele>47.699272</ele>
        <time>2015-06-27T23:00:35.854000Z</time>
      </trkpt>
      <trkpt lat="41.782227" lon="123.398796">
        <ele>47.891777</ele>
        <time>2015-06-27T23:00:39.274000Z</time>
      </trkpt>
      <trkpt lat="41.78231" lon="123.398926">
        <ele>47.914085</ele>
        <time>2015-06-27T23:00:42.694000Z</time>
      </trkpt>
      <trkpt lat="41.782383" lon="123.39902">
        <ele>47.93103</ele>
        <time>2015-06-27T23:00:46.114000Z</time>
      </trkpt>
      <trkpt lat="41.782463" lon="123.39911">
        <ele>47.948917</ele>
        <time>2015-06-27T23:00:49.534000Z</time>
      </trkpt>
      <trkpt lat="41.78257" lon="123.39917">
        <ele>47.969128</ele>
        <time>2015-06-27T23:00:52.954000Z</time>
      </trkpt>
      <trkpt lat="41.782696" lon="123.39922">
        <ele>47.991776</ele>
        <time>2015-06-27T23:00:56.374000Z</time>
      </trkpt>
      <trkpt lat="41.782803" lon="123.39924">
        <ele>48.010136</ele>
        <time>2015-06-27T23:00:59.794000Z</time>
      </trkpt>
      <trkpt lat="41.782948" lon="123.399216">
        <ele>48.03511</ele>
        <time>2015-06-27T23:01:03.214000Z</time>
      </trkpt>
      <trkpt lat="41.783054" lon="123.399185">
        <ele>48.054134</ele>
        <time>2015-06-27T23:01:06.634000Z</time>
      </trkpt>
      <trkpt lat="41.783176" lon="123.39916">
        <ele>50.552</ele>
        <time>2015-06-27T23:01:10.054000Z</time>
      </trkpt>
      <trkpt lat="41.78329" lon="123.39915">
        <ele>52.397697</ele>
        <time>2015-06-27T23:01:13.474000Z</time>
      </trkpt>
      <trkpt lat="41.7834" lon="123.39909">
        <ele>52.817913</ele>
        <time>2015-06-27T23:01:16.894000Z</time>
      </trkpt>
      <trkpt lat="41.7835" lon="123.39903">
        <ele>50.81617</ele>
        <time>2015-06-27T23:01:20.314000Z</time>
      </trkpt>
      <trkpt lat="41.78358" lon="123.39896">
        <ele>49.02128</ele>
        <time>2015-06-27T23:01:23.734000Z</time>
      </trkpt>
      <trkpt lat="41.783684" lon="123.39888">
        <ele>46.93647</ele>
        <time>2015-06-27T23:01:27.154000Z</time>
      </trkpt>
      <trkpt lat="41.78378" lon="123.39879">
        <ele>45.09468</ele>
        <time>2015-06-27T23:01:30.574000Z</time>
      </trkpt>
      <trkpt lat="41.783844" lon="123.39869">
        <ele>44.882397</ele>
        <time>2015-06-27T23:01:33.994000Z</time>
      </trkpt>
      <trkpt lat="41.783905" lon="123.39859">
        <ele>44.683582</ele>
        <time>2015-06-27T23:01:37.414000Z</time>
      </trkpt>
      <trkpt lat="41.784" lon="123.39851">
        <ele>44.447586</ele>
        <time>2015-06-27T23:01:40.834000Z</time>
      </trkpt>
      <trkpt lat="41.784115" lon="123.39844">
        <ele>44.174976</ele>
        <time>2015-06-27T23:01:44.254000Z</time>
      </trkpt>
      <trkpt lat="41.78418" lon="123.39834">
        <ele>43.969902</ele>
        <time>2015-06-27T23:01:47.674000Z</time>
      </trkpt>
      <trkpt lat="41.784218" lon="123.39821">
        <ele>43.750412</ele>
        <time>2015-06-27T23:01:51.094000Z</time>
      </trkpt>
      <trkpt lat="41.784264" lon="123.39806">
        <ele>43.503414</ele>
        <time>2015-06-27T23:01:54.514000Z</time>
      </trkpt>
      <trkpt lat="41.784275" lon="123.39793">
        <ele>43.282215</ele>
        <time>2015-06-27T23:01:57.934000Z</time>
      </trkpt>
      <trkpt lat="41.78426" lon="123.39778">
        <ele>43.059116</ele>
        <time>2015-06-27T23:02:01.354000Z</time>
      </trkpt>
      <trkpt lat="41.78426" lon="123.39766">
        <ele>42.85803</ele>
        <time>2015-06-27T23:02:04.774000Z</time>
      </trkpt>
      <trkpt lat="41.78424" lon="123.39752">
        <ele>42.64764</ele>
        <time>2015-06-27T23:02:08.194000Z</time>
      </trkpt>
      <trkpt lat="41.7842" lon="123.397415">
        <ele>40.741753</ele>
        <time>2015-06-27T23:02:11.614000Z</time>
      </trkpt>
      <trkpt lat="41.784138" lon="123.39727">
        <ele>39.522884</ele>
        <time>2015-06-27T23:02:15.034000Z</time>
      </trkpt>
      <trkpt lat="41.78405" lon="123.3972">
        <ele>38.734833</ele>
        <time>2015-06-27T23:02:18.454000Z</time>
      </trkpt>
      <trkpt lat="41.783928" lon="123.39719">
        <ele>38.23354</ele>
        <time>2015-06-27T23:02:21.874000Z</time>
      </trkpt>
      <trkpt lat="41.783813" lon="123.3972">
        <ele>38.08112</ele>
        <time>2015-06-27T23:02:25.294000Z</time>
      </trkpt>
      <trkpt lat="41.783703" lon="123.3972">
        <ele>38.61456</ele>
        <time>2015-06-27T23:02:28.714000Z</time>
      </trkpt>
      <trkpt lat="41.78361" lon="123.39721">
        <ele>39.047874</ele>
        <time>2015-06-27T23:02:32.134000Z</time>
      </trkpt>
      <trkpt lat="41.78352" lon="123.39721">
        <ele>39.488956</ele>
        <time>2015-06-27T23:02:35.554000Z</time>
      </trkpt>
      <trkpt lat="41.78341" lon="123.397255">
        <ele>40.043976</ele>
        <time>2015-06-27T23:02:38.974000Z</time>
      </trkpt>
      <trkpt lat="41.783306" lon="123.39733">
        <ele>40.609787</ele>
        <time>2015-06-27T23:02:42.394000Z</time>
      </trkpt>
      <trkpt lat="41.78323" lon="123.397415">
        <ele>41.085396</ele>
        <time>2015-06-27T23:02:45.814000Z</time>
      </trkpt>
      <trkpt lat="41.783157" lon="123.397514">
        <ele>41.57784</ele>
        <time>2015-06-27T23:02:49.234000Z</time>
      </trkpt>
      <trkpt lat="41.783077" lon="123.39761">
        <ele>42.103943</ele>
        <time>2015-06-27T23:02:52.654000Z</time>
      </trkpt>
      <trkpt lat="41.783012" lon="123.39772">
        <ele>42.604153</ele>
        <time>2015-06-27T23:02:56.074000Z</time>
      </trkpt>
      <trkpt lat="41.782936" lon="123.39784">
        <ele>43.176437</ele>
        <time>2015-06-27T23:02:59.494000Z</time>
      </trkpt>
      <trkpt lat="41.78287" lon="123.397934">
        <ele>43.52256</ele>
        <time>2015-06-27T23:03:02.914000Z</time>
      </trkpt>
      <trkpt lat="41.78278" lon="123.39803">
        <ele>43.986828</ele>
        <time>2015-06-27T23:03:06.334000Z</time>
      </trkpt>
      <trkpt lat="41.782707" lon="123.39813">
        <ele>44.76967</ele>
        <time>2015-06-27T23:03:09.754000Z</time>
      </trkpt>
      <trkpt lat="41.782623" lon="123.39823">
        <ele>45.87621</ele>
        <time>2015-06-27T23:03:13.174000Z</time>
      </trkpt>
      <trkpt lat="41.78254" lon="123.398285">
        <ele>46.48524</ele>
        <time>2015-06-27T23:03:16.594000Z</time>
      </trkpt>
      <trkpt lat="41.782448" lon="123.39838">
        <ele>46.265137</ele>
        <time>2015-06-27T23:03:20.014000Z</time>
      </trkpt>
      <trkpt lat="41.78235" lon="123.398445">
        <ele>46.044155</ele>
        <time>2015-06-27T23:03:23.434000Z</time>
      </trkpt>
      <trkpt lat="41.782284" lon="123.39855">
        <ele>45.845837</ele>
        <time>2015-06-27T23:03:26.854000Z</time>
      </trkpt>
      <trkpt lat="41.782246" lon="123.3987">
        <ele>45.620113</ele>
        <time>2015-06-27T23:03:30.274000Z</time>
      </trkpt>
      <trkpt lat="41.78224" lon="123.39885">
        <ele>45.39456</ele>
        <time>2015-06-27T23:03:33.694000Z</time>
      </trkpt>
      <trkpt lat="41.782288" lon="123.398964">
        <ele>45.21135</ele>
        <time>2015-06-27T23:03:37.114000Z</time>
      </trkpt>
      <trkpt lat="41.78236" lon="123.39904">
        <ele>45.03165</ele>
        <time>2015-06-27T23:03:40.534000Z</time>
      </trkpt>
      <trkpt lat="41.782448" lon="123.3991">
        <ele>44.838947</ele>
        <time>2015-06-27T23:03:43.954000Z</time>
      </trkpt>
      <trkpt lat="41.782536" lon="123.39916">
        <ele>44.644142</ele>
        <time>2015-06-27T23:03:47.374000Z</time>
      </trkpt>
      <trkpt lat="41.78263" lon="123.39919">
        <ele>44.456184</ele>
        <time>2015-06-27T23:03:50.794000Z</time>
      </trkpt>
      <trkpt lat="41.78273" lon="123.399216">
        <ele>44.255756</ele>
        <time>2015-06-27T23:03:54.214000Z</time>
      </trkpt>
      <trkpt lat="41.782845" lon="123.39925">
        <ele>44.02371</ele>
        <time>2015-06-27T23:03:57.634000Z</time>
      </trkpt>
      <trkpt lat="41.78295" lon="123.39924">
        <ele>43.815376</ele>
        <time>2015-06-27T23:04:01.054000Z</time>
      </trkpt>
      <trkpt lat="41.783054" lon="123.39919">
        <ele>43.608624</ele>
        <time>2015-06-27T23:04:04.474000Z</time>
      </trkpt>
      <trkpt lat="41.78317" lon="123.39916">
        <ele>43.380264</ele>
        <time>2015-06-27T23:04:07.894000Z</time>
      </trkpt>
      <trkpt lat="41.783302" lon="123.399124">
        <ele>43.112206</ele>
        <time>2015-06-27T23:04:11.314000Z</time>
      </trkpt>
      <trkpt lat="41.783405" lon="123.39908">
        <ele>42.901413</ele>
        <time>2015-06-27T23:04:14.734000Z</time>
      </trkpt>
      <trkpt lat="41.783497" lon="123.39903">
        <ele>42.708363</ele>
        <time>2015-06-27T23:04:18.154000Z</time>
      </trkpt>
      <trkpt lat="41.7836" lon="123.39899">
        <ele>42.49915</ele>
        <time>2015-06-27T23:04:21.574000Z</time>
      </trkpt>
      <trkpt lat="41.783695" lon="123.398926">
        <ele>42.286777</ele>
        <time>2015-06-27T23:04:24.994000Z</time>
      </trkpt>
      <trkpt lat="41.783794" lon="123.39884">
        <ele>42.058243</ele>
        <time>2015-06-27T23:04:28.414000Z</time>
      </trkpt>
      <trkpt lat="41.783897" lon="123.39876">
        <ele>41.825493</ele>
        <time>2015-06-27T23:04:31.834000Z</time>
      </trkpt>
      <trkpt lat="41.783974" lon="123.39865">
        <ele>41.616104</ele>
        <time>2015-06-27T23:04:35.254000Z</time>
      </trkpt>
      <trkpt lat="41.784035" lon="123.39856">
        <ele>41.434296</ele>
        <time>2015-06-27T23:04:38.674000Z</time>
      </trkpt>
      <trkpt lat="41.784107" lon="123.39843">
        <ele>40.8449</ele>
        <time>2015-06-27T23:04:42.094000Z</time>
      </trkpt>
      <trkpt lat="41.78418" lon="123.39831">
        <ele>40.494335</ele>
        <time>2015-06-27T23:04:45.514000Z</time>
      </trkpt>
      <trkpt lat="41.78423" lon="123.398186">
        <ele>40.176567</ele>
        <time>2015-06-27T23:04:48.934000Z</time>
      </trkpt>
      <trkpt lat="41.784267" lon="123.39807">
        <ele>39.89325</ele>
        <time>2015-06-27T23:04:52.354000Z</time>
      </trkpt>
      <trkpt lat="41.784294" lon="123.39793">
        <ele>39.54296</ele>
        <time>2015-06-27T23:04:55.774000Z</time>
      </trkpt>
      <trkpt lat="41.7843" lon="123.39778">
        <ele>37.59875</ele>
        <time>2015-06-27T23:04:59.194000Z</time>
      </trkpt>
      <trkpt lat="41.78429" lon="123.39764">
        <ele>35.914673</ele>
        <time>2015-06-27T23:05:02.614000Z</time>
      </trkpt>
      <trkpt lat="41.784237" lon="123.39749">
        <ele>34.373184</ele>
        <time>2015-06-27T23:05:06.034000Z</time>
      </trkpt>
      <trkpt lat="41.78418" lon="123.397385">
        <ele>32.66992</ele>
        <time>2015-06-27T23:05:09.454000Z</time>
      </trkpt>
      <trkpt lat="41.784107" lon="123.39728">
        <ele>31.413795</ele>
        <time>2015-06-27T23:05:12.874000Z</time>
      </trkpt>
      <trkpt lat="41.784" lon="123.39722">
        <ele>33.521267</ele>
        <time>2015-06-27T23:05:16.294000Z</time>
      </trkpt>
      <trkpt lat="41.78389" lon="123.39722">
        <ele>35.526924</ele>
        <time>2015-06-27T23:05:19.714000Z</time>
      </trkpt>
      <trkpt lat="41.78375" lon="123.397255">
        <ele>38.11601</ele>
        <time>2015-06-27T23:05:23.134000Z</time>
      </trkpt>
      <trkpt lat="41.78365" lon="123.39726">
        <ele>41.458313</ele>
        <time>2015-06-27T23:05:26.554000Z</time>
      </trkpt>
      <trkpt lat="41.78353" lon="123.39723">
        <ele>43.60006</ele>
        <time>2015-06-27T23:05:29.974000Z</time>
      </trkpt>
      <trkpt lat="41.78344" lon="123.397224">
        <ele>44.396458</ele>
        <time>2015-06-27T23:05:33.394000Z</time>
      </trkpt>
      <trkpt lat="41.78335" lon="123.39728">
        <ele>44.418434</ele>
        <time>2015-06-27T23:05:36.814000Z</time>
      </trkpt>
      <trkpt lat="41.78325" lon="123.397354">
        <ele>44.445423</ele>
        <time>2015-06-27T23:05:40.234000Z</time>
      </trkpt>
      <trkpt lat="41.78314" lon="123.39743">
        <ele>44.47389</ele>
        <time>2015-06-27T23:05:43.654000Z</time>
      </trkpt>
      <trkpt lat="41.783085" lon="123.39754">
        <ele>44.7797</ele>
        <time>2015-06-27T23:05:47.074000Z</time>
      </trkpt>
      <trkpt lat="41.783024" lon="123.397644">
        <ele>45.233006</ele>
        <time>2015-06-27T23:05:50.494000Z</time>
      </trkpt>
      <trkpt lat="41.78297" lon="123.39777">
        <ele>45.998714</ele>
        <time>2015-06-27T23:05:53.914000Z</time>
      </trkpt>
      <trkpt lat="41.78289" lon="123.39787">
        <ele>46.721703</ele>
        <time>2015-06-27T23:05:57.334000Z</time>
      </trkpt>
      <trkpt lat="41.782787" lon="123.398">
        <ele>47.185375</ele>
        <time>2015-06-27T23:06:00.754000Z</time>
      </trkpt>
      <trkpt lat="41.78272" lon="123.39813">
        <ele>47.58403</ele>
        <time>2015-06-27T23:06:04.174000Z</time>
      </trkpt>
      <trkpt lat="41.782654" lon="123.398254">
        <ele>47.889877</ele>
        <time>2015-06-27T23:06:07.594000Z</time>
      </trkpt>
      <trkpt lat="41.782547" lon="123.39831">
        <ele>48.006275</ele>
        <time>2015-06-27T23:06:11.014000Z</time>
      </trkpt>
      <trkpt lat="41.782448" lon="123.39836">
        <ele>47.522854</ele>
        <time>2015-06-27T23:06:14.434000Z</time>
      </trkpt>
      <trkpt lat="41.78235" lon="123.39842">
        <ele>47.022217</ele>
        <time>2015-06-27T23:06:17.854000Z</time>
      </trkpt>
      <trkpt lat="41.782246" lon="123.39851">
        <ele>46.46171</ele>
        <time>2015-06-27T23:06:21.274000Z</time>
      </trkpt>
      <trkpt lat="41.782207" lon="123.39864">
        <ele>45.98403</ele>
        <time>2015-06-27T23:06:24.694000Z</time>
      </trkpt>
      <trkpt lat="41.7822" lon="123.39882">
        <ele>45.379658</ele>
        <time>2015-06-27T23:06:28.114000Z</time>
      </trkpt>
      <trkpt lat="41.782246" lon="123.398964">
        <ele>44.847034</ele>
        <time>2015-06-27T23:06:31.534000Z</time>
      </trkpt>
      <trkpt lat="41.78234" lon="123.399055">
        <ele>44.316055</ele>
        <time>2015-06-27T23:06:34.954000Z</time>
      </trkpt>
      <trkpt lat="41.782436" lon="123.3991">
        <ele>43.842064</ele>
        <time>2015-06-27T23:06:38.374000Z</time>
      </trkpt>
      <trkpt lat="41.782543" lon="123.39917">
        <ele>43.309444</ele>
        <time>2015-06-27T23:06:41.794000Z</time>
      </trkpt>
      <trkpt lat="41.78265" lon="123.399185">
        <ele>42.814133</ele>
        <time>2015-06-27T23:06:45.214000Z</time>
      </trkpt>
      <trkpt lat="41.782764" lon="123.39922">
        <ele>40.70917</ele>
        <time>2015-06-27T23:06:48.634000Z</time>
      </trkpt>
      <trkpt lat="41.782867" lon="123.39923">
        <ele>38.918606</ele>
        <time>2015-06-27T23:06:52.054000Z</time>
      </trkpt>
      <trkpt lat="41.782974" lon="123.39921">
        <ele>38.171906</ele>
        <time>2015-06-27T23:06:55.474000Z</time>
      </trkpt>
      <trkpt lat="41.783096" lon="123.39918">
        <ele>38.983833</ele>
        <time>2015-06-27T23:06:58.894000Z</time>
      </trkpt>
      <trkpt lat="41.783237" lon="123.39917">
        <ele>39.905228</ele>
        <time>2015-06-27T23:07:02.314000Z</time>
      </trkpt>
      <trkpt lat="41.783363" lon="123.399155">
        <ele>40.736473</ele>
        <time>2015-06-27T23:07:05.734000Z</time>
      </trkpt>
      <trkpt lat="41.78348" lon="123.399086">
        <ele>41.569473</ele>
        <time>2015-06-27T23:07:09.154000Z</time>
      </trkpt>
      <trkpt lat="41.7836" lon="123.39902">
        <ele>42.39135</ele>
        <time>2015-06-27T23:07:12.574000Z</time>
      </trkpt>
      <trkpt lat="41.78368" lon="123.3989">
        <ele>43.157616</ele>
        <time>2015-06-27T23:07:15.994000Z</time>
      </trkpt>
      <trkpt lat="41.78376" lon="123.39881">
        <ele>43.86476</ele>
        <time>2015-06-27T23:07:19.414000Z</time>
      </trkpt>
      <trkpt lat="41.783844" lon="123.39871">
        <ele>44.86215</ele>
        <time>2015-06-27T23:07:22.834000Z</time>
      </trkpt>
      <trkpt lat="41.783916" lon="123.39862">
        <ele>45.586365</ele>
        <time>2015-06-27T23:07:26.254000Z</time>
      </trkpt>
      <trkpt lat="41.783974" lon="123.39853">
        <ele>45.98495</ele>
        <time>2015-06-27T23:07:29.674000Z</time>
      </trkpt>
      <trkpt lat="41.784042" lon="123.39843">
        <ele>46.07833</ele>
        <time>2015-06-27T23:07:33.094000Z</time>
      </trkpt>
      <trkpt lat="41.784115" lon="123.39835">
        <ele>46.19804</ele>
        <time>2015-06-27T23:07:36.514000Z</time>
      </trkpt>
      <trkpt lat="41.78419" lon="123.398254">
        <ele>46.33385</ele>
        <time>2015-06-27T23:07:39.934000Z</time>
      </trkpt>
      <trkpt lat="41.78424" lon="123.39813">
        <ele>46.46651</ele>
        <time>2015-06-27T23:07:43.354000Z</time>
      </trkpt>
      <trkpt lat="41.78428" lon="123.398">
        <ele>46.599056</ele>
        <time>2015-06-27T23:07:46.774000Z</time>
      </trkpt>
      <trkpt lat="41.784294" lon="123.39786">
        <ele>46.743153</ele>
        <time>2015-06-27T23:07:50.194000Z</time>
      </trkpt>
      <trkpt lat="41.78429" lon="123.397736">
        <ele>49.73691</ele>
        <time>2015-06-27T23:07:53.614000Z</time>
      </trkpt>
      <trkpt lat="41.784256" lon="123.39761">
        <ele>51.231796</ele>
        <time>2015-06-27T23:07:57.034000Z</time>
      </trkpt>
      <trkpt lat="41.784203" lon="123.397514">
        <ele>51.779266</ele>
        <time>2015-06-27T23:08:00.454000Z</time>
      </trkpt>
      <trkpt lat="41.78412" lon="123.397446">
        <ele>52.829704</ele>
        <time>2015-06-27T23:08:03.874000Z</time>
      </trkpt>
      <trkpt lat="41.784023" lon="123.397354">
        <ele>55.316628</ele>
        <time>2015-06-27T23:08:07.294000Z</time>
      </trkpt>
      <trkpt lat="41.78394" lon="123.39727">
        <ele>58.464077</ele>
        <time>2015-06-27T23:08:10.714000Z</time>
      </trkpt>
      <trkpt lat="41.783836" lon="123.39724">
        <ele>60.674988</ele>
        <time>2015-06-27T23:08:14.134000Z</time>
      </trkpt>
      <trkpt lat="41.78373" lon="123.39724">
        <ele>61.440735</ele>
        <time>2015-06-27T23:08:17.554000Z</time>
      </trkpt>
      <trkpt lat="41.783623" lon="123.39723">
        <ele>58.249092</ele>
        <time>2015-06-27T23:08:20.974000Z</time>
      </trkpt>
      <trkpt lat="41.783516" lon="123.39723">
        <ele>55.054733</ele>
        <time>2015-06-27T23:08:24.394000Z</time>
      </trkpt>
      <trkpt lat="41.783417" lon="123.39726">
        <ele>51.887535</ele>
        <time>2015-06-27T23:08:27.814000Z</time>
      </trkpt>
      <trkpt lat="41.783318" lon="123.39732">
        <ele>49.35032</ele>
        <time>2015-06-27T23:08:31.234000Z</time>
      </trkpt>
      <trkpt lat="41.783222" lon="123.397385">
        <ele>51.314053</ele>
        <time>2015-06-27T23:08:34.654000Z</time>
      </trkpt>
      <trkpt lat="41.783134" lon="123.39748">
        <ele>53.412106</ele>
        <time>2015-06-27T23:08:38.074000Z</time>
      </trkpt>
      <trkpt lat="41.783062" lon="123.39757">
        <ele>55.287434</ele>
        <time>2015-06-27T23:08:41.494000Z</time>
      </trkpt>
      <trkpt lat="41.783" lon="123.39766">
        <ele>55.76687</ele>
        <time>2015-06-27T23:08:44.914000Z</time>
      </trkpt>
      <trkpt lat="41.782932" lon="123.39775">
        <ele>54.16067</ele>
        <time>2015-06-27T23:08:48.334000Z</time>
      </trkpt>
      <trkpt lat="41.78286" lon="123.39785">
        <ele>52.52983</ele>
        <time>2015-06-27T23:08:51.754000Z</time>
      </trkpt>
      <trkpt lat="41.782787" lon="123.39796">
        <ele>50.804764</ele>
        <time>2015-06-27T23:08:55.174000Z</time>
      </trkpt>
      <trkpt lat="41.78272" lon="123.39806">
        <ele>49.072453</ele>
        <time>2015-06-27T23:08:58.594000Z</time>
      </trkpt>
      <trkpt lat="41.782654" lon="123.39817">
        <ele>48.72924</ele>
        <time>2015-06-27T23:09:02.014000Z</time>
      </trkpt>
      <trkpt lat="41.78259" lon="123.39828">
        <ele>48.542625</ele>
        <time>2015-06-27T23:09:05.434000Z</time>
      </trkpt>
      <trkpt lat="41.782494" lon="123.39833">
        <ele>48.34487</ele>
        <time>2015-06-27T23:09:08.854000Z</time>
      </trkpt>
      <trkpt lat="41.782406" lon="123.3984">
        <ele>48.159946</ele>
        <time>2015-06-27T23:09:12.274000Z</time>
      </trkpt>
      <trkpt lat="41.782322" lon="123.3985">
        <ele>47.944645</ele>
        <time>2015-06-27T23:09:15.694000Z</time>
      </trkpt>
      <trkpt lat="41.782246" lon="123.39862">
        <ele>47.724113</ele>
        <time>2015-06-27T23:09:19.114000Z</time>
      </trkpt>
      <trkpt lat="41.782223" lon="123.39874">
        <ele>47.541885</ele>
        <time>2015-06-27T23:09:22.534000Z</time>
      </trkpt>
      <trkpt lat="41.78225" lon="123.39889">
        <ele>47.334347</ele>
        <time>2015-06-27T23:09:25.954000Z</time>
      </trkpt>
      <trkpt lat="41.782326" lon="123.39899">
        <ele>47.132042</ele>
        <time>2015-06-27T23:09:29.374000Z</time>
      </trkpt>
      <trkpt lat="41.782406" lon="123.39905">
        <ele>46.960274</ele>
        <time>2015-06-27T23:09:32.794000Z</time>
      </trkpt>
      <trkpt lat="41.782494" lon="123.39909">
        <ele>44.567924</ele>
        <time>2015-06-27T23:09:36.214000Z</time>
      </trkpt>
      <trkpt lat="41.782585" lon="123.39915">
        <ele>42.609753</ele>
        <time>2015-06-27T23:09:39.634000Z</time>
      </trkpt>
      <trkpt lat="41.78268" lon="123.39921">
        <ele>40.912766</ele>
        <time>2015-06-27T23:09:43.054000Z</time>
      </trkpt>
      <trkpt lat="41.78278" lon="123.39923">
        <ele>38.556854</ele>
        <time>2015-06-27T23:09:46.474000Z</time>
      </trkpt>
      <trkpt lat="41.782887" lon="123.39924">
        <ele>35.338707</ele>
        <time>2015-06-27T23:09:49.894000Z</time>
      </trkpt>
      <trkpt lat="41.783024" lon="123.39921">
        <ele>32.89913</ele>
        <time>2015-06-27T23:09:53.314000Z</time>
      </trkpt>
      <trkpt lat="41.783123" lon="123.39917">
        <ele>32.63173</ele>
        <time>2015-06-27T23:09:56.734000Z</time>
      </trkpt>
      <trkpt lat="41.783215" lon="123.39913">
        <ele>33.66006</ele>
        <time>2015-06-27T23:10:00.154000Z</time>
      </trkpt>
      <trkpt lat="41.783318" lon="123.399055">
        <ele>34.98516</ele>
        <time>2015-06-27T23:10:03.574000Z</time>
      </trkpt>
      <trkpt lat="41.783398" lon="123.39899">
        <ele>35.99279</ele>
        <time>2015-06-27T23:10:06.994000Z</time>
      </trkpt>
      <trkpt lat="41.783478" lon="123.398926">
        <ele>37.021122</ele>
        <time>2015-06-27T23:10:10.414000Z</time>
      </trkpt>
      <trkpt lat="41.78357" lon="123.39885">
        <ele>38.182556</ele>
        <time>2015-06-27T23:10:13.834000Z</time>
      </trkpt>
      <trkpt lat="41.783653" lon="123.39878">
        <ele>38.772125</ele>
        <time>2015-06-27T23:10:17.254000Z</time>
      </trkpt>
      <trkpt lat="41.783737" lon="123.3987">
        <ele>39.56998</ele>
        <time>2015-06-27T23:10:20.674000Z</time>
      </trkpt>
      <trkpt lat="41.78382" lon="123.39863">
        <ele>40.5343</ele>
        <time>2015-06-27T23:10:24.094000Z</time>
      </trkpt>
      <trkpt lat="41.78392" lon="123.39856">
        <ele>41.702633</ele>
        <time>2015-06-27T23:10:27.514000Z</time>
      </trkpt>
      <trkpt lat="41.78401" lon="123.39849">
        <ele>43.232933</ele>
        <time>2015-06-27T23:10:30.934000Z</time>
      </trkpt>
      <trkpt lat="41.784077" lon="123.39836">
        <ele>44.977287</ele>
        <time>2015-06-27T23:10:34.354000Z</time>
      </trkpt>
      <trkpt lat="41.784107" lon="123.39824">
        <ele>46.38531</ele>
        <time>2015-06-27T23:10:37.774000Z</time>
      </trkpt>
      <trkpt lat="41.784145" lon="123.3981">
        <ele>47.08527</ele>
        <time>2015-06-27T23:10:41.194000Z</time>
      </trkpt>
      <trkpt lat="41.78418" lon="123.39796">
        <ele>46.180115</ele>
        <time>2015-06-27T23:10:44.614000Z</time>
      </trkpt>
      <trkpt lat="41.784206" lon="123.39784">
        <ele>45.410213</ele>
        <time>2015-06-27T23:10:48.034000Z</time>
      </trkpt>
      <trkpt lat="41.78424" lon="123.39771">
        <ele>44.58829</ele>
        <time>2015-06-27T23:10:51.454000Z</time>
      </trkpt>
      <trkpt lat="41.784252" lon="123.39755">
        <ele>43.59173</ele>
        <time>2015-06-27T23:10:54.874000Z</time>
      </trkpt>
      <trkpt lat="41.78421" lon="123.39742">
        <ele>42.6888</ele>
        <time>2015-06-27T23:10:58.294000Z</time>
      </trkpt>
      <trkpt lat="41.784138" lon="123.39735">
        <ele>41.944164</ele>
        <time>2015-06-27T23:11:01.714000Z</time>
      </trkpt>
      <trkpt lat="41.784042" lon="123.397285">
        <ele>41.054615</ele>
        <time>2015-06-27T23:11:05.134000Z</time>
      </trkpt>
      <trkpt lat="41.78392" lon="123.39725">
        <ele>37.999027</ele>
        <time>2015-06-27T23:11:08.554000Z</time>
      </trkpt>
      <trkpt lat="41.78377" lon="123.397224">
        <ele>36.57329</ele>
        <time>2015-06-27T23:11:11.974000Z</time>
      </trkpt>
      <trkpt lat="41.78365" lon="123.39722">
        <ele>38.31194</ele>
        <time>2015-06-27T23:11:15.394000Z</time>
      </trkpt>
      <trkpt lat="41.783546" lon="123.39723">
        <ele>39.776333</ele>
        <time>2015-06-27T23:11:18.814000Z</time>
      </trkpt>
      <trkpt lat="41.78344" lon="123.39726">
        <ele>41.30961</ele>
        <time>2015-06-27T23:11:22.234000Z</time>
      </trkpt>
      <trkpt lat="41.783348" lon="123.39736">
        <ele>42.997234</ele>
        <time>2015-06-27T23:11:25.654000Z</time>
      </trkpt>
      <trkpt lat="41.783253" lon="123.39742">
        <ele>44.614014</ele>
        <time>2015-06-27T23:11:29.074000Z</time>
      </trkpt>
      <trkpt lat="41.78316" lon="123.3975">
        <ele>46.1793</ele>
        <time>2015-06-27T23:11:32.494000Z</time>
      </trkpt>
      <trkpt lat="41.78308" lon="123.39758">
        <ele>47.70438</ele>
        <time>2015-06-27T23:11:35.914000Z</time>
      </trkpt>
      <trkpt lat="41.783005" lon="123.3977">
        <ele>49.331715</ele>
        <time>2015-06-27T23:11:39.334000Z</time>
      </trkpt>
      <trkpt lat="41.782948" lon="123.397804">
        <ele>50.909214</ele>
        <time>2015-06-27T23:11:42.754000Z</time>
      </trkpt>
      <trkpt lat="41.782867" lon="123.3979">
        <ele>51.90813</ele>
        <time>2015-06-27T23:11:46.174000Z</time>
      </trkpt>
      <trkpt lat="41.782795" lon="123.397995">
        <ele>51.933464</ele>
        <time>2015-06-27T23:11:49.594000Z</time>
      </trkpt>
      <trkpt lat="41.78273" lon="123.398094">
        <ele>50.878872</ele>
        <time>2015-06-27T23:11:53.014000Z</time>
      </trkpt>
      <trkpt lat="41.782673" lon="123.39821">
        <ele>49.775387</ele>
        <time>2015-06-27T23:11:56.434000Z</time>
      </trkpt>
      <trkpt lat="41.782604" lon="123.398315">
        <ele>48.676693</ele>
        <time>2015-06-27T23:11:59.854000Z</time>
      </trkpt>
      <trkpt lat="41.78252" lon="123.3984">
        <ele>47.543488</ele>
        <time>2015-06-27T23:12:03.274000Z</time>
      </trkpt>
      <trkpt lat="41.782406" lon="123.398476">
        <ele>46.161972</ele>
        <time>2015-06-27T23:12:06.694000Z</time>
      </trkpt>
      <trkpt lat="41.782303" lon="123.39857">
        <ele>48.004486</ele>
        <time>2015-06-27T23:12:10.114000Z</time>
      </trkpt>
      <trkpt lat="41.782207" lon="123.398636">
        <ele>49.63956</ele>
        <time>2015-06-27T23:12:13.534000Z</time>
      </trkpt>
      <trkpt lat="41.782154" lon="123.39875">
        <ele>51.1133</ele>
        <time>2015-06-27T23:12:16.954000Z</time>
      </trkpt>
      <trkpt lat="41.782143" lon="123.39888">
        <ele>52.54772</ele>
        <time>2015-06-27T23:12:20.374000Z</time>
      </trkpt>
      <trkpt lat="41.78223" lon="123.39896">
        <ele>53.19501</ele>
        <time>2015-06-27T23:12:23.794000Z</time>
      </trkpt>
      <trkpt lat="41.782322" lon="123.39902">
        <ele>52.654472</ele>
        <time>2015-06-27T23:12:27.214000Z</time>
      </trkpt>
      <trkpt lat="41.78241" lon="123.39907">
        <ele>52.168545</ele>
        <time>2015-06-27T23:12:30.634000Z</time>
      </trkpt>
      <trkpt lat="41.782513" lon="123.39912">
        <ele>51.601627</ele>
        <time>2015-06-27T23:12:34.054000Z</time>
      </trkpt>
      <trkpt lat="41.782616" lon="123.39917">
        <ele>51.03749</ele>
        <time>2015-06-27T23:12:37.474000Z</time>
      </trkpt>
      <trkpt lat="41.78271" lon="123.39921">
        <ele>50.530735</ele>
        <time>2015-06-27T23:12:40.894000Z</time>
      </trkpt>
      <trkpt lat="41.78283" lon="123.39924">
        <ele>49.906895</ele>
        <time>2015-06-27T23:12:44.314000Z</time>
      </trkpt>
      <trkpt lat="41.782932" lon="123.399254">
        <ele>49.374226</ele>
        <time>2015-06-27T23:12:47.734000Z</time>
      </trkpt>
      <trkpt lat="41.783028" lon="123.39923">
        <ele>48.863308</ele>
        <time>2015-06-27T23:12:51.154000Z</time>
      </trkpt>
      <trkpt lat="41.783127" lon="123.399185">
        <ele>48.335728</ele>
        <time>2015-06-27T23:12:54.574000Z</time>
      </trkpt>
      <trkpt lat="41.783234" lon="123.39916">
        <ele>47.772976</ele>
        <time>2015-06-27T23:12:57.994000Z</time>
      </trkpt>
      <trkpt lat="41.78334" lon="123.39912">
        <ele>46.91694</ele>
        <time>2015-06-27T23:13:01.414000Z</time>
      </trkpt>
      <trkpt lat="41.78343" lon="123.399055">
        <ele>46.01796</ele>
        <time>2015-06-27T23:13:04.834000Z</time>
      </trkpt>
      <trkpt lat="41.783512" lon="123.39897">
        <ele>45.329876</ele>
        <time>2015-06-27T23:13:08.254000Z</time>
      </trkpt>
      <trkpt lat="41.7836" lon="123.39887">
        <ele>45.206776</ele>
        <time>2015-06-27T23:13:11.674000Z</time>
      </trkpt>
      <trkpt lat="41.783688" lon="123.39879">
        <ele>44.919052</ele>
        <time>2015-06-27T23:13:15.094000Z</time>
      </trkpt>
      <trkpt lat="41.783764" lon="123.39869">
        <ele>44.636097</ele>
        <time>2015-06-27T23:13:18.514000Z</time>
      </trkpt>
      <trkpt lat="41.783836" lon="123.39858">
        <ele>44.346226</ele>
        <time>2015-06-27T23:13:21.934000Z</time>
      </trkpt>
      <trkpt lat="41.78392" lon="123.39853">
        <ele>44.10022</ele>
        <time>2015-06-27T23:13:25.354000Z</time>
      </trkpt>
      <trkpt lat="41.784004" lon="123.39844">
        <ele>41.693684</ele>
        <time>2015-06-27T23:13:28.774000Z</time>
      </trkpt>
      <trkpt lat="41.784046" lon="123.398285">
        <ele>40.218994</ele>
        <time>2015-06-27T23:13:32.194000Z</time>
      </trkpt>
      <trkpt lat="41.7841" lon="123.39816">
        <ele>39.657578</ele>
        <time>2015-06-27T23:13:35.614000Z</time>
      </trkpt>
      <trkpt lat="41.784153" lon="123.398026">
        <ele>39.517406</ele>
        <time>2015-06-27T23:13:39.034000Z</time>
      </trkpt>
      <trkpt lat="41.784184" lon="123.3979">
        <ele>39.315975</ele>
        <time>2015-06-27T23:13:42.454000Z</time>
      </trkpt>
      <trkpt lat="41.784187" lon="123.39777">
        <ele>39.066265</ele>
        <time>2015-06-27T23:13:45.874000Z</time>
      </trkpt>
      <trkpt lat="41.78417" lon="123.39765">
        <ele>39.566658</ele>
        <time>2015-06-27T23:13:49.294000Z</time>
      </trkpt>
      <trkpt lat="41.784134" lon="123.397514">
        <ele>40.13437</ele>
        <time>2015-06-27T23:13:52.714000Z</time>
      </trkpt>
      <trkpt lat="41.784073" lon="123.39742">
        <ele>40.605576</ele>
        <time>2015-06-27T23:13:56.134000Z</time>
      </trkpt>
      <trkpt lat="41.78395" lon="123.39736">
        <ele>41.29144</ele>
        <time>2015-06-27T23:13:59.554000Z</time>
      </trkpt>
      <trkpt lat="41.78382" lon="123.397354">
        <ele>41.968357</ele>
        <time>2015-06-27T23:14:02.974000Z</time>
      </trkpt>
      <trkpt lat="41.78372" lon="123.39736">
        <ele>42.49841</ele>
        <time>2015-06-27T23:14:06.394000Z</time>
      </trkpt>
      <trkpt lat="41.783604" lon="123.39737">
        <ele>43.108482</ele>
        <time>2015-06-27T23:14:09.814000Z</time>
      </trkpt>
      <trkpt lat="41.783497" lon="123.397354">
        <ele>43.667248</ele>
        <time>2015-06-27T23:14:13.234000Z</time>
      </trkpt>
      <trkpt lat="41.783413" lon="123.3974">
        <ele>44.145515</ele>
        <time>2015-06-27T23:14:16.654000Z</time>
      </trkpt>
      <trkpt lat="41.783318" lon="123.39742">
        <ele>44.885994</ele>
        <time>2015-06-27T23:14:20.074000Z</time>
      </trkpt>
      <trkpt lat="41.783222" lon="123.39745">
        <ele>45.91847</ele>
        <time>2015-06-27T23:14:23.494000Z</time>
      </trkpt>
      <trkpt lat="41.783123" lon="123.397545">
        <ele>46.898407</ele>
        <time>2015-06-27T23:14:26.914000Z</time>
      </trkpt>
      <trkpt lat="41.783047" lon="123.39763">
        <ele>47.597103</ele>
        <time>2015-06-27T23:14:30.334000Z</time>
      </trkpt>
      <trkpt lat="41.782948" lon="123.39774">
        <ele>47.98147</ele>
        <time>2015-06-27T23:14:33.754000Z</time>
      </trkpt>
      <trkpt lat="41.782856" lon="123.39783">
        <ele>48.020195</ele>
        <time>2015-06-27T23:14:37.174000Z</time>
      </trkpt>
      <trkpt lat="41.7828" lon="123.39793">
        <ele>48.05325</ele>
        <time>2015-06-27T23:14:40.594000Z</time>
      </trkpt>
      <trkpt lat="41.782722" lon="123.39807">
        <ele>48.09984</ele>
        <time>2015-06-27T23:14:44.014000Z</time>
      </trkpt>
      <trkpt lat="41.782658" lon="123.39817">
        <ele>48.133514</ele>
        <time>2015-06-27T23:14:47.434000Z</time>
      </trkpt>
      <trkpt lat="41.782593" lon="123.39826">
        <ele>48.165756</ele>
        <time>2015-06-27T23:14:50.854000Z</time>
      </trkpt>
      <trkpt lat="41.782513" lon="123.39834">
        <ele>48.20059</ele>
        <time>2015-06-27T23:14:54.274000Z</time>
      </trkpt>
      <trkpt lat="41.782394" lon="123.3984">
        <ele>48.24446</ele>
        <time>2015-06-27T23:14:57.694000Z</time>
      </trkpt>
      <trkpt lat="41.78231" lon="123.39853">
        <ele>48.2884</ele>
        <time>2015-06-27T23:15:01.114000Z</time>
      </trkpt>
      <trkpt lat="41.782272" lon="123.3987">
        <ele>48.3343</ele>
        <time>2015-06-27T23:15:04.534000Z</time>
      </trkpt>
      <trkpt lat="41.78229" lon="123.39886">
        <ele>48.375805</ele>
        <time>2015-06-27T23:15:07.954000Z</time>
      </trkpt>
      <trkpt lat="41.78237" lon="123.39898">
        <ele>48.41737</ele>
        <time>2015-06-27T23:15:11.374000Z</time>
      </trkpt>
      <trkpt lat="41.78246" lon="123.39904">
        <ele>48.45195</ele>
        <time>2015-06-27T23:15:14.794000Z</time>
      </trkpt>
      <trkpt lat="41.78257" lon="123.39912">
        <ele>49.701134</ele>
        <time>2015-06-27T23:15:18.214000Z</time>
      </trkpt>
      <trkpt lat="41.782684" lon="123.39917">
        <ele>49.791508</ele>
        <time>2015-06-27T23:15:21.634000Z</time>
      </trkpt>
      <trkpt lat="41.78277" lon="123.399216">
        <ele>49.82409</ele>
        <time>2015-06-27T23:15:25.054000Z</time>
      </trkpt>
      <trkpt lat="41.78287" lon="123.39923">
        <ele>49.860954</ele>
        <time>2015-06-27T23:15:28.474000Z</time>
      </trkpt>
      <trkpt lat="41.78297" lon="123.399216">
        <ele>49.89555</ele>
        <time>2015-06-27T23:15:31.894000Z</time>
      </trkpt>
      <trkpt lat="41.783054" lon="123.39918">
        <ele>49.927647</ele>
        <time>2015-06-27T23:15:35.314000Z</time>
      </trkpt>
      <trkpt lat="41.783173" lon="123.39914">
        <ele>49.970562</ele>
        <time>2015-06-27T23:15:38.734000Z</time>
      </trkpt>
      <trkpt lat="41.78328" lon="123.39912">
        <ele>50.00897</ele>
        <time>2015-06-27T23:15:42.154000Z</time>
      </trkpt>
      <trkpt lat="41.783367" lon="123.39906">
        <ele>50.04388</ele>
        <time>2015-06-27T23:15:45.574000Z</time>
      </trkpt>
      <trkpt lat="41.78347" lon="123.398994">
        <ele>50.08462</ele>
        <time>2015-06-27T23:15:48.994000Z</time>
      </trkpt>
      <trkpt lat="41.783573" lon="123.39895">
        <ele>50.12344</ele>
        <time>2015-06-27T23:15:52.414000Z</time>
      </trkpt>
      <trkpt lat="41.783573" lon="123.39895">
        <ele>51.130676</ele>
        <time>2015-06-27T23:15:55.834000Z</time>
      </trkpt>
      <trkpt lat="41.783657" lon="123.39887">
        <ele>51.710907</ele>
        <time>2015-06-27T23:15:59.254000Z</time>
      </trkpt>
      <trkpt lat="41.78374" lon="123.398766">
        <ele>51.722473</ele>
        <time>2015-06-27T23:16:02.674000Z</time>
      </trkpt>
      <trkpt lat="41.783813" lon="123.39866">
        <ele>51.733204</ele>
        <time>2015-06-27T23:16:06.094000Z</time>
      </trkpt>
      <trkpt lat="41.783897" lon="123.398544">
        <ele>51.74512</ele>
        <time>2015-06-27T23:16:09.514000Z</time>
      </trkpt>
      <trkpt lat="41.78398" lon="123.39846">
        <ele>51.855625</ele>
        <time>2015-06-27T23:16:12.934000Z</time>
      </trkpt>
      <trkpt lat="41.784065" lon="123.39838">
        <ele>51.236652</ele>
        <time>2015-06-27T23:16:16.354000Z</time>
      </trkpt>
      <trkpt lat="41.784122" lon="123.39824">
        <ele>50.582664</ele>
        <time>2015-06-27T23:16:19.774000Z</time>
      </trkpt>
      <trkpt lat="41.78417" lon="123.39812">
        <ele>49.99768</ele>
        <time>2015-06-27T23:16:23.194000Z</time>
      </trkpt>
      <trkpt lat="41.78422" lon="123.39799">
        <ele>49.36223</ele>
        <time>2015-06-27T23:16:26.614000Z</time>
      </trkpt>
      <trkpt lat="41.78426" lon="123.39788">
        <ele>48.84213</ele>
        <time>2015-06-27T23:16:30.034000Z</time>
      </trkpt>
      <trkpt lat="41.78426" lon="123.39776">
        <ele>48.32512</ele>
        <time>2015-06-27T23:16:33.454000Z</time>
      </trkpt>
      <trkpt lat="41.784252" lon="123.39764">
        <ele>47.800385</ele>
        <time>2015-06-27T23:16:36.874000Z</time>
      </trkpt>
      <trkpt lat="41.784233" lon="123.39749">
        <ele>47.174717</ele>
        <time>2015-06-27T23:16:40.294000Z</time>
      </trkpt>
      <trkpt lat="41.784187" lon="123.397385">
        <ele>46.648952</ele>
        <time>2015-06-27T23:16:43.714000Z</time>
      </trkpt>
      <trkpt lat="41.78411" lon="123.39728">
        <ele>45.429512</ele>
        <time>2015-06-27T23:16:47.134000Z</time>
      </trkpt>
      <trkpt lat="41.78401" lon="123.397194">
        <ele>44.825558</ele>
        <time>2015-06-27T23:16:50.554000Z</time>
      </trkpt>
      <trkpt lat="41.783897" lon="123.39718">
        <ele>44.718853</ele>
        <time>2015-06-27T23:16:53.974000Z</time>
      </trkpt>
      <trkpt lat="41.783794" lon="123.397194">
        <ele>44.660126</ele>
        <time>2015-06-27T23:16:57.394000Z</time>
      </trkpt>
      <trkpt lat="41.783695" lon="123.39725">
        <ele>44.59982</ele>
        <time>2015-06-27T23:17:00.814000Z</time>
      </trkpt>
      <trkpt lat="41.783585" lon="123.39731">
        <ele>44.532055</ele>
        <time>2015-06-27T23:17:04.234000Z</time>
      </trkpt>
      <trkpt lat="41.783478" lon="123.39734">
        <ele>44.46894</ele>
        <time>2015-06-27T23:17:07.654000Z</time>
      </trkpt>
      <trkpt lat="41.783382" lon="123.39736">
        <ele>44.230015</ele>
        <time>2015-06-27T23:17:11.074000Z</time>
      </trkpt>
      <trkpt lat="41.783283" lon="123.3974">
        <ele>45.069942</ele>
        <time>2015-06-27T23:17:14.494000Z</time>
      </trkpt>
      <trkpt lat="41.783203" lon="123.39746">
        <ele>45.825733</ele>
        <time>2015-06-27T23:17:17.914000Z</time>
      </trkpt>
      <trkpt lat="41.78314" lon="123.39755">
        <ele>46.601276</ele>
        <time>2015-06-27T23:17:21.334000Z</time>
      </trkpt>
      <trkpt lat="41.78307" lon="123.39766">
        <ele>47.4434</ele>
        <time>2015-06-27T23:17:24.754000Z</time>
      </trkpt>
      <trkpt lat="41.78301" lon="123.39776">
        <ele>48.236507</ele>
        <time>2015-06-27T23:17:28.174000Z</time>
      </trkpt>
      <trkpt lat="41.78292" lon="123.39787">
        <ele>49.230812</ele>
        <time>2015-06-27T23:17:31.594000Z</time>
      </trkpt>
      <trkpt lat="41.782837" lon="123.39796">
        <ele>50.07806</ele>
        <time>2015-06-27T23:17:35.014000Z</time>
      </trkpt>
      <trkpt lat="41.78276" lon="123.39805">
        <ele>50.959435</ele>
        <time>2015-06-27T23:17:38.434000Z</time>
      </trkpt>
      <trkpt lat="41.782692" lon="123.398155">
        <ele>51.59507</ele>
        <time>2015-06-27T23:17:41.854000Z</time>
      </trkpt>
      <trkpt lat="41.78261" lon="123.398254">
        <ele>51.9601</ele>
        <time>2015-06-27T23:17:45.274000Z</time>
      </trkpt>
      <trkpt lat="41.782516" lon="123.39833">
        <ele>52.191658</ele>
        <time>2015-06-27T23:17:48.694000Z</time>
      </trkpt>
      <trkpt lat="41.78241" lon="123.3984">
        <ele>52.517765</ele>
        <time>2015-06-27T23:17:52.114000Z</time>
      </trkpt>
      <trkpt lat="41.78232" lon="123.39846">
        <ele>52.83519</ele>
        <time>2015-06-27T23:17:55.534000Z</time>
      </trkpt>
      <trkpt lat="41.782246" lon="123.39858">
        <ele>52.84279</ele>
        <time>2015-06-27T23:17:58.954000Z</time>
      </trkpt>
      <trkpt lat="41.782223" lon="123.398735">
        <ele>52.27091</ele>
        <time>2015-06-27T23:18:02.374000Z</time>
      </trkpt>
      <trkpt lat="41.782253" lon="123.39888">
        <ele>51.717716</ele>
        <time>2015-06-27T23:18:05.794000Z</time>
      </trkpt>
      <trkpt lat="41.782322" lon="123.39899">
        <ele>51.21189</ele>
        <time>2015-06-27T23:18:09.214000Z</time>
      </trkpt>
      <trkpt lat="41.782406" lon="123.399055">
        <ele>50.732574</ele>
        <time>2015-06-27T23:18:12.634000Z</time>
      </trkpt>
      <trkpt lat="41.7825" lon="123.399124">
        <ele>50.21849</ele>
        <time>2015-06-27T23:18:16.054000Z</time>
      </trkpt>
      <trkpt lat="41.782593" lon="123.39918">
        <ele>49.724396</ele>
        <time>2015-06-27T23:18:19.474000Z</time>
      </trkpt>
      <trkpt lat="41.78268" lon="123.399216">
        <ele>49.286797</ele>
        <time>2015-06-27T23:18:22.894000Z</time>
      </trkpt>
      <trkpt lat="41.78277" lon="123.39924">
        <ele>48.847458</ele>
        <time>2015-06-27T23:18:26.314000Z</time>
      </trkpt>
      <trkpt lat="41.782887" lon="123.39922">
        <ele>48.286007</ele>
        <time>2015-06-27T23:18:29.734000Z</time>
      </trkpt>
      <trkpt lat="41.782974" lon="123.3992">
        <ele>47.83798</ele>
        <time>2015-06-27T23:18:33.154000Z</time>
      </trkpt>
      <trkpt lat="41.78308" lon="123.39918">
        <ele>47.835224</ele>
        <time>2015-06-27T23:18:36.574000Z</time>
      </trkpt>
      <trkpt lat="41.78319" lon="123.399155">
        <ele>47.754642</ele>
        <time>2015-06-27T23:18:39.994000Z</time>
      </trkpt>
      <trkpt lat="41.783318" lon="123.399086">
        <ele>47.43885</ele>
        <time>2015-06-27T23:18:43.414000Z</time>
      </trkpt>
      <trkpt lat="41.783432" lon="123.39902">
        <ele>47.086163</ele>
        <time>2015-06-27T23:18:46.834000Z</time>
      </trkpt>
      <trkpt lat="41.783527" lon="123.39895">
        <ele>46.772755</ele>
        <time>2015-06-27T23:18:50.254000Z</time>
      </trkpt>
      <trkpt lat="41.783634" lon="123.398895">
        <ele>46.38158</ele>
        <time>2015-06-27T23:18:53.674000Z</time>
      </trkpt>
      <trkpt lat="41.783714" lon="123.39884">
        <ele>46.17673</ele>
        <time>2015-06-27T23:18:57.094000Z</time>
      </trkpt>
      <trkpt lat="41.783794" lon="123.39878">
        <ele>46.343033</ele>
        <time>2015-06-27T23:19:00.514000Z</time>
      </trkpt>
      <trkpt lat="41.783794" lon="123.39878">
        <ele>46.343033</ele>
        <time>2015-06-27T23:19:03.934000Z</time>
      </trkpt>
      <trkpt lat="41.78386" lon="123.39867">
        <ele>46.530025</ele>
        <time>2015-06-27T23:19:07.354000Z</time>
      </trkpt>
      <trkpt lat="41.783928" lon="123.39855">
        <ele>46.725677</ele>
        <time>2015-06-27T23:19:10.774000Z</time>
      </trkpt>
      <trkpt lat="41.783997" lon="123.39847">
        <ele>46.894547</ele>
        <time>2015-06-27T23:19:14.194000Z</time>
      </trkpt>
      <trkpt lat="41.78408" lon="123.39839">
        <ele>47.07432</ele>
        <time>2015-06-27T23:19:17.614000Z</time>
      </trkpt>
      <trkpt lat="41.784153" lon="123.398254">
        <ele>47.297073</ele>
        <time>2015-06-27T23:19:21.034000Z</time>
      </trkpt>
      <trkpt lat="41.784206" lon="123.39813">
        <ele>47.48278</ele>
        <time>2015-06-27T23:19:24.454000Z</time>
      </trkpt>
      <trkpt lat="41.784245" lon="123.39799">
        <ele>47.68693</ele>
        <time>2015-06-27T23:19:27.874000Z</time>
      </trkpt>
      <trkpt lat="41.78427" lon="123.397865">
        <ele>47.8643</ele>
        <time>2015-06-27T23:19:31.294000Z</time>
      </trkpt>
      <trkpt lat="41.78429" lon="123.39771">
        <ele>48.06332</ele>
        <time>2015-06-27T23:19:34.714000Z</time>
      </trkpt>
      <trkpt lat="41.784252" lon="123.39757">
        <ele>48.27004</ele>
        <time>2015-06-27T23:19:38.134000Z</time>
      </trkpt>
      <trkpt lat="41.7842" lon="123.39746">
        <ele>48.438103</ele>
        <time>2015-06-27T23:19:41.554000Z</time>
      </trkpt>
      <trkpt lat="41.78409" lon="123.39737">
        <ele>48.676254</ele>
        <time>2015-06-27T23:19:44.974000Z</time>
      </trkpt>
      <trkpt lat="41.783997" lon="123.39732">
        <ele>48.84817</ele>
        <time>2015-06-27T23:19:48.394000Z</time>
      </trkpt>
      <trkpt lat="41.78387" lon="123.3973">
        <ele>49.07477</ele>
        <time>2015-06-27T23:19:51.814000Z</time>
      </trkpt>
      <trkpt lat="41.783768" lon="123.3973">
        <ele>49.261604</ele>
        <time>2015-06-27T23:19:55.234000Z</time>
      </trkpt>
      <trkpt lat="41.783653" lon="123.397316">
        <ele>49.462227</ele>
        <time>2015-06-27T23:19:58.654000Z</time>
      </trkpt>
      <trkpt lat="41.783535" lon="123.39733">
        <ele>49.67664</ele>
        <time>2015-06-27T23:20:02.074000Z</time>
      </trkpt>
      <trkpt lat="41.783417" lon="123.397354">
        <ele>49.89057</ele>
        <time>2015-06-27T23:20:05.494000Z</time>
      </trkpt>
      <trkpt lat="41.78333" lon="123.39741">
        <ele>50.06345</ele>
        <time>2015-06-27T23:20:08.914000Z</time>
      </trkpt>
      <trkpt lat="41.783245" lon="123.39748">
        <ele>50.234245</ele>
        <time>2015-06-27T23:20:12.334000Z</time>
      </trkpt>
      <trkpt lat="41.78316" lon="123.39754">
        <ele>50.40536</ele>
        <time>2015-06-27T23:20:15.754000Z</time>
      </trkpt>
      <trkpt lat="41.783073" lon="123.39759">
        <ele>50.57824</ele>
        <time>2015-06-27T23:20:19.174000Z</time>
      </trkpt>
      <trkpt lat="41.783" lon="123.39767">
        <ele>50.746307</ele>
        <time>2015-06-27T23:20:22.594000Z</time>
      </trkpt>
      <trkpt lat="41.78293" lon="123.39777">
        <ele>50.936665</ele>
        <time>2015-06-27T23:20:26.014000Z</time>
      </trkpt>
      <trkpt lat="41.78287" lon="123.39789">
        <ele>51.123177</ele>
        <time>2015-06-27T23:20:29.434000Z</time>
      </trkpt>
      <trkpt lat="41.782806" lon="123.398">
        <ele>51.309525</ele>
        <time>2015-06-27T23:20:32.854000Z</time>
      </trkpt>
      <trkpt lat="41.78274" lon="123.39811">
        <ele>51.495712</ele>
        <time>2015-06-27T23:20:36.274000Z</time>
      </trkpt>
      <trkpt lat="41.78267" lon="123.398224">
        <ele>51.69329</ele>
        <time>2015-06-27T23:20:39.694000Z</time>
      </trkpt>
      <trkpt lat="41.782585" lon="123.39831">
        <ele>52.417717</ele>
        <time>2015-06-27T23:20:43.114000Z</time>
      </trkpt>
      <trkpt lat="41.782482" lon="123.39835">
        <ele>52.763775</ele>
        <time>2015-06-27T23:20:46.534000Z</time>
      </trkpt>
      <trkpt lat="41.782368" lon="123.398415">
        <ele>51.938145</ele>
        <time>2015-06-27T23:20:49.954000Z</time>
      </trkpt>
      <trkpt lat="41.782272" lon="123.39853">
        <ele>51.070282</ele>
        <time>2015-06-27T23:20:53.374000Z</time>
      </trkpt>
      <trkpt lat="41.782227" lon="123.3987">
        <ele>50.168144</ele>
        <time>2015-06-27T23:20:56.794000Z</time>
      </trkpt>
      <trkpt lat="41.78223" lon="123.398865">
        <ele>49.337006</ele>
        <time>2015-06-27T23:21:00.214000Z</time>
      </trkpt>
      <trkpt lat="41.782284" lon="123.39899">
        <ele>48.62521</ele>
        <time>2015-06-27T23:21:03.634000Z</time>
      </trkpt>
      <trkpt lat="41.78238" lon="123.399055">
        <ele>47.87425</ele>
        <time>2015-06-27T23:21:07.054000Z</time>
      </trkpt>
      <trkpt lat="41.782494" lon="123.39912">
        <ele>47.03209</ele>
        <time>2015-06-27T23:21:10.474000Z</time>
      </trkpt>
      <trkpt lat="41.782616" lon="123.39917">
        <ele>45.939213</ele>
        <time>2015-06-27T23:21:13.894000Z</time>
      </trkpt>
      <trkpt lat="41.78275" lon="123.39921">
        <ele>45.09967</ele>
        <time>2015-06-27T23:21:17.314000Z</time>
      </trkpt>
      <trkpt lat="41.782883" lon="123.39926">
        <ele>44.641575</ele>
        <time>2015-06-27T23:21:20.734000Z</time>
      </trkpt>
      <trkpt lat="41.782978" lon="123.39927">
        <ele>44.280315</ele>
        <time>2015-06-27T23:21:24.154000Z</time>
      </trkpt>
      <trkpt lat="41.783123" lon="123.399254">
        <ele>44.277363</ele>
        <time>2015-06-27T23:21:27.574000Z</time>
      </trkpt>
      <trkpt lat="41.783276" lon="123.399216">
        <ele>44.277363</ele>
        <time>2015-06-27T23:21:30.994000Z</time>
      </trkpt>
      <trkpt lat="41.783375" lon="123.39918">
        <ele>44.277363</ele>
        <time>2015-06-27T23:21:34.414000Z</time>
      </trkpt>
      <trkpt lat="41.783512" lon="123.399055">
        <ele>44.277363</ele>
        <time>2015-06-27T23:21:37.834000Z</time>
      </trkpt>
      <trkpt lat="41.7836" lon="123.39896">
        <ele>44.277363</ele>
        <time>2015-06-27T23:21:41.254000Z</time>
      </trkpt>
      <trkpt lat="41.783695" lon="123.39882">
        <ele>44.277363</ele>
        <time>2015-06-27T23:21:44.674000Z</time>
      </trkpt>
      <trkpt lat="41.783764" lon="123.39873">
        <ele>43.870407</ele>
        <time>2015-06-27T23:21:48.094000Z</time>
      </trkpt>
      <trkpt lat="41.783764" lon="123.39872">
        <ele>43.870407</ele>
        <time>2015-06-27T23:21:51.514000Z</time>
      </trkpt>
      <trkpt lat="41.78384" lon="123.39863">
        <ele>43.870407</ele>
        <time>2015-06-27T23:21:54.934000Z</time>
      </trkpt>
      <trkpt lat="41.78391" lon="123.39852">
        <ele>43.870407</ele>
        <time>2015-06-27T23:21:58.354000Z</time>
      </trkpt>
      <trkpt lat="41.784004" lon="123.39853">
        <ele>43.870407</ele>
        <time>2015-06-27T23:22:01.774000Z</time>
      </trkpt>
      <trkpt lat="41.78401" lon="123.39855">
        <ele>46.8182</ele>
        <time>2015-06-27T23:22:05.194000Z</time>
      </trkpt>
      <trkpt lat="41.784008" lon="123.39857">
        <time>2015-06-27T23:22:08.614000Z</time>
      </trkpt>
    </trkseg>
  </trk>
</gpx>