<?xml version="1.0" encoding="UTF-8"?>
<gpx xmlns="http://www.topografix.com/GPX/1/1" xmlns:gpxtpx="http://www.garmin.com/xmlschemas/TrackPointExtension/v1" xmlns:xsi="http://www.w3.org/2001/XMLSchema-instance" xsi:schemaLocation="http://www.topografix.com/GPX/1/1 http://www.topografix.com/GPX/1/1/gpx.xsd" version="1.1" creator="gpx.py -- https://github.com/tkrajina/gpxpy">
  <trk>
    <trkseg>
      <trkpt lat="41.783806" lon="123.397194">
        <ele>45.312206</ele>
        <time>2015-07-28T10:15:21.966000Z</time>
      </trkpt>
      <trkpt lat="41.783794" lon="123.3972">
        <ele>46.20273</ele>
        <time>2015-07-28T10:15:25.185000Z</time>
      </trkpt>
      <trkpt lat="41.783695" lon="123.39722">
        <ele>46.3202</ele>
        <time>2015-07-28T10:15:28.404000Z</time>
      </trkpt>
      <trkpt lat="41.7836" lon="123.39723">
        <ele>45.030052</ele>
        <time>2015-07-28T10:15:31.623000Z</time>
      </trkpt>
      <trkpt lat="41.783493" lon="123.39724">
        <ele>44.52229</ele>
        <time>2015-07-28T10:15:34.842000Z</time>
      </trkpt>
      <trkpt lat="41.78339" lon="123.39723">
        <ele>44.328262</ele>
        <time>2015-07-28T10:15:38.061000Z</time>
      </trkpt>
      <trkpt lat="41.783295" lon="123.397255">
        <ele>44.07105</ele>
        <time>2015-07-28T10:15:41.280000Z</time>
      </trkpt>
      <trkpt lat="41.783195" lon="123.397285">
        <ele>43.262394</ele>
        <time>2015-07-28T10:15:44.499000Z</time>
      </trkpt>
      <trkpt lat="41.783115" lon="123.39736">
        <ele>41.524734</ele>
        <time>2015-07-28T10:15:47.718000Z</time>
      </trkpt>
      <trkpt lat="41.783024" lon="123.39745">
        <ele>39.009995</ele>
        <time>2015-07-28T10:15:50.937000Z</time>
      </trkpt>
      <trkpt lat="41.782936" lon="123.39754">
        <ele>36.529037</ele>
        <time>2015-07-28T10:15:54.156000Z</time>
      </trkpt>
      <trkpt lat="41.782883" lon="123.397644">
        <ele>34.729797</ele>
        <time>2015-07-28T10:15:57.375000Z</time>
      </trkpt>
      <trkpt lat="41.782837" lon="123.397766">
        <ele>33.94553</ele>
        <time>2015-07-28T10:16:00.594000Z</time>
      </trkpt>
      <trkpt lat="41.782784" lon="123.39788">
        <ele>34.12442</ele>
        <time>2015-07-28T10:16:03.813000Z</time>
      </trkpt>
      <trkpt lat="41.782715" lon="123.397964">
        <ele>34.482395</ele>
        <time>2015-07-28T10:16:07.032000Z</time>
      </trkpt>
      <trkpt lat="41.782623" lon="123.39807">
        <ele>34.168266</ele>
        <time>2015-07-28T10:16:10.251000Z</time>
      </trkpt>
      <trkpt lat="41.782555" lon="123.39819">
        <ele>33.179905</ele>
        <time>2015-07-28T10:16:13.470000Z</time>
      </trkpt>
      <trkpt lat="41.78247" lon="123.39828">
        <ele>32.66437</ele>
        <time>2015-07-28T10:16:16.689000Z</time>
      </trkpt>
      <trkpt lat="41.782356" lon="123.39833">
        <ele>33.326275</ele>
        <time>2015-07-28T10:16:19.908000Z</time>
      </trkpt>
      <trkpt lat="41.782257" lon="123.39835">
        <ele>34.385426</ele>
        <time>2015-07-28T10:16:23.127000Z</time>
      </trkpt>
      <trkpt lat="41.782154" lon="123.39836">
        <ele>35.13146</ele>
        <time>2015-07-28T10:16:26.346000Z</time>
      </trkpt>
      <trkpt lat="41.782055" lon="123.39835">
        <ele>35.64666</ele>
        <time>2015-07-28T10:16:29.565000Z</time>
      </trkpt>
      <trkpt lat="41.781967" lon="123.39841">
        <ele>36.236046</ele>
        <time>2015-07-28T10:16:32.784000Z</time>
      </trkpt>
      <trkpt lat="41.781883" lon="123.39848">
        <ele>37.182606</ele>
        <time>2015-07-28T10:16:36.003000Z</time>
      </trkpt>
      <trkpt lat="41.7818" lon="123.39855">
        <ele>38.2588</ele>
        <time>2015-07-28T10:16:39.222000Z</time>
      </trkpt>
      <trkpt lat="41.781734" lon="123.398636">
        <ele>38.798363</ele>
        <time>2015-07-28T10:16:42.441000Z</time>
      </trkpt>
      <trkpt lat="41.781673" lon="123.39875">
        <ele>38.088768</ele>
        <time>2015-07-28T10:16:45.660000Z</time>
      </trkpt>
      <trkpt lat="41.781662" lon="123.39889">
        <ele>35.686604</ele>
        <time>2015-07-28T10:16:48.879000Z</time>
      </trkpt>
      <trkpt lat="41.781677" lon="123.399025">
        <ele>31.67671</ele>
        <time>2015-07-28T10:16:52.098000Z</time>
      </trkpt>
      <trkpt lat="41.781616" lon="123.39913">
        <ele>27.2572</ele>
        <time>2015-07-28T10:16:55.317000Z</time>
      </trkpt>
      <trkpt lat="41.78155" lon="123.39928">
        <ele>24.385496</ele>
        <time>2015-07-28T10:16:58.536000Z</time>
      </trkpt>
      <trkpt lat="41.781506" lon="123.39939">
        <ele>23.879456</ele>
        <time>2015-07-28T10:17:01.755000Z</time>
      </trkpt>
      <trkpt lat="41.78148" lon="123.39952">
        <ele>24.849485</ele>
        <time>2015-07-28T10:17:04.974000Z</time>
      </trkpt>
      <trkpt lat="41.781464" lon="123.39966">
        <ele>26.117264</ele>
        <time>2015-07-28T10:17:08.193000Z</time>
      </trkpt>
      <trkpt lat="41.78143" lon="123.399796">
        <ele>26.794207</ele>
        <time>2015-07-28T10:17:11.412000Z</time>
      </trkpt>
      <trkpt lat="41.781395" lon="123.399925">
        <ele>26.68604</ele>
        <time>2015-07-28T10:17:14.631000Z</time>
      </trkpt>
      <trkpt lat="41.781326" lon="123.40005">
        <ele>26.411825</ele>
        <time>2015-07-28T10:17:17.850000Z</time>
      </trkpt>
      <trkpt lat="41.781258" lon="123.40012">
        <ele>26.492432</ele>
        <time>2015-07-28T10:17:21.069000Z</time>
      </trkpt>
      <trkpt lat="41.78116" lon="123.400185">
        <ele>26.769352</ele>
        <time>2015-07-28T10:17:24.288000Z</time>
      </trkpt>
      <trkpt lat="41.78106" lon="123.40025">
        <ele>26.95462</ele>
        <time>2015-07-28T10:17:27.507000Z</time>
      </trkpt>
      <trkpt lat="41.780952" lon="123.400314">
        <ele>27.015036</ele>
        <time>2015-07-28T10:17:30.726000Z</time>
      </trkpt>
      <trkpt lat="41.78088" lon="123.40042">
        <ele>26.869501</ele>
        <time>2015-07-28T10:17:33.945000Z</time>
      </trkpt>
      <trkpt lat="41.780796" lon="123.4005">
        <ele>25.657795</ele>
        <time>2015-07-28T10:17:37.164000Z</time>
      </trkpt>
      <trkpt lat="41.780724" lon="123.40062">
        <ele>22.284931</ele>
        <time>2015-07-28T10:17:40.383000Z</time>
      </trkpt>
      <trkpt lat="41.78071" lon="123.40078">
        <ele>17.728903</ele>
        <time>2015-07-28T10:17:43.602000Z</time>
      </trkpt>
      <trkpt lat="41.78072" lon="123.40094">
        <ele>15.12575</ele>
        <time>2015-07-28T10:17:46.821000Z</time>
      </trkpt>
      <trkpt lat="41.78075" lon="123.40106">
        <ele>16.299026</ele>
        <time>2015-07-28T10:17:50.040000Z</time>
      </trkpt>
      <trkpt lat="41.7808" lon="123.401215">
        <ele>19.637829</ele>
        <time>2015-07-28T10:17:53.259000Z</time>
      </trkpt>
      <trkpt lat="41.780952" lon="123.40137">
        <ele>23.33416</ele>
        <time>2015-07-28T10:17:56.478000Z</time>
      </trkpt>
      <trkpt lat="41.781044" lon="123.40147">
        <ele>26.954287</ele>
        <time>2015-07-28T10:17:59.697000Z</time>
      </trkpt>
      <trkpt lat="41.78115" lon="123.40152">
        <ele>29.866934</ele>
        <time>2015-07-28T10:18:02.916000Z</time>
      </trkpt>
      <trkpt lat="41.78123" lon="123.40162">
        <ele>31.81402</ele>
        <time>2015-07-28T10:18:06.135000Z</time>
      </trkpt>
      <trkpt lat="41.781326" lon="123.40173">
        <ele>33.51297</ele>
        <time>2015-07-28T10:18:09.354000Z</time>
      </trkpt>
      <trkpt lat="41.781403" lon="123.40182">
        <ele>35.024086</ele>
        <time>2015-07-28T10:18:12.573000Z</time>
      </trkpt>
      <trkpt lat="41.7815" lon="123.401886">
        <ele>36.229034</ele>
        <time>2015-07-28T10:18:15.792000Z</time>
      </trkpt>
      <trkpt lat="41.78159" lon="123.40194">
        <ele>37.354717</ele>
        <time>2015-07-28T10:18:19.011000Z</time>
      </trkpt>
      <trkpt lat="41.781677" lon="123.40201">
        <ele>38.39022</ele>
        <time>2015-07-28T10:18:22.230000Z</time>
      </trkpt>
      <trkpt lat="41.781773" lon="123.402115">
        <ele>38.98633</ele>
        <time>2015-07-28T10:18:25.449000Z</time>
      </trkpt>
      <trkpt lat="41.781853" lon="123.40217">
        <ele>39.001366</ele>
        <time>2015-07-28T10:18:28.668000Z</time>
      </trkpt>
      <trkpt lat="41.78197" lon="123.402245">
        <ele>38.44866</ele>
        <time>2015-07-28T10:18:31.887000Z</time>
      </trkpt>
      <trkpt lat="41.782074" lon="123.40228">
        <ele>37.6346</ele>
        <time>2015-07-28T10:18:35.106000Z</time>
      </trkpt>
      <trkpt lat="41.78218" lon="123.40231">
        <ele>37.04175</ele>
        <time>2015-07-28T10:18:38.325000Z</time>
      </trkpt>
      <trkpt lat="41.782272" lon="123.40233">
        <ele>36.827892</ele>
        <time>2015-07-28T10:18:41.544000Z</time>
      </trkpt>
      <trkpt lat="41.782368" lon="123.40232">
        <ele>37.388706</ele>
        <time>2015-07-28T10:18:44.763000Z</time>
      </trkpt>
      <trkpt lat="41.78245" lon="123.402245">
        <ele>39.586193</ele>
        <time>2015-07-28T10:18:47.982000Z</time>
      </trkpt>
      <trkpt lat="41.782547" lon="123.40218">
        <ele>43.049664</ele>
        <time>2015-07-28T10:18:51.201000Z</time>
      </trkpt>
      <trkpt lat="41.78264" lon="123.40213">
        <ele>45.974842</ele>
        <time>2015-07-28T10:18:54.420000Z</time>
      </trkpt>
      <trkpt lat="41.78273" lon="123.402084">
        <ele>47.325832</ele>
        <time>2015-07-28T10:18:57.639000Z</time>
      </trkpt>
      <trkpt lat="41.782818" lon="123.401985">
        <ele>47.64646</ele>
        <time>2015-07-28T10:19:00.858000Z</time>
      </trkpt>
      <trkpt lat="41.782894" lon="123.4019">
        <ele>47.758625</ele>
        <time>2015-07-28T10:19:04.077000Z</time>
      </trkpt>
      <trkpt lat="41.782963" lon="123.40181">
        <ele>48.166145</ele>
        <time>2015-07-28T10:19:07.296000Z</time>
      </trkpt>
      <trkpt lat="41.78304" lon="123.401726">
        <ele>49.22896</ele>
        <time>2015-07-28T10:19:10.515000Z</time>
      </trkpt>
      <trkpt lat="41.78313" lon="123.40167">
        <ele>50.70038</ele>
        <time>2015-07-28T10:19:13.734000Z</time>
      </trkpt>
      <trkpt lat="41.78323" lon="123.40163">
        <ele>51.08948</ele>
        <time>2015-07-28T10:19:16.953000Z</time>
      </trkpt>
      <trkpt lat="41.783337" lon="123.40157">
        <ele>49.6829</ele>
        <time>2015-07-28T10:19:20.172000Z</time>
      </trkpt>
      <trkpt lat="41.78344" lon="123.40158">
        <ele>47.54709</ele>
        <time>2015-07-28T10:19:23.391000Z</time>
      </trkpt>
      <trkpt lat="41.783527" lon="123.401535">
        <ele>45.553463</ele>
        <time>2015-07-28T10:19:26.610000Z</time>
      </trkpt>
      <trkpt lat="41.7836" lon="123.40145">
        <ele>43.87454</ele>
        <time>2015-07-28T10:19:29.829000Z</time>
      </trkpt>
      <trkpt lat="41.783695" lon="123.40136">
        <ele>42.903713</ele>
        <time>2015-07-28T10:19:33.048000Z</time>
      </trkpt>
      <trkpt lat="41.78378" lon="123.40128">
        <ele>42.79023</ele>
        <time>2015-07-28T10:19:36.267000Z</time>
      </trkpt>
      <trkpt lat="41.78388" lon="123.40122">
        <ele>43.09931</ele>
        <time>2015-07-28T10:19:39.486000Z</time>
      </trkpt>
      <trkpt lat="41.78399" lon="123.40114">
        <ele>43.108078</ele>
        <time>2015-07-28T10:19:42.705000Z</time>
      </trkpt>
      <trkpt lat="41.784103" lon="123.40107">
        <ele>42.494263</ele>
        <time>2015-07-28T10:19:45.924000Z</time>
      </trkpt>
      <trkpt lat="41.784184" lon="123.401">
        <ele>41.08332</ele>
        <time>2015-07-28T10:19:49.143000Z</time>
      </trkpt>
      <trkpt lat="41.784275" lon="123.40093">
        <ele>38.758747</ele>
        <time>2015-07-28T10:19:52.362000Z</time>
      </trkpt>
      <trkpt lat="41.78436" lon="123.40086">
        <ele>36.34807</ele>
        <time>2015-07-28T10:19:55.581000Z</time>
      </trkpt>
      <trkpt lat="41.784428" lon="123.40079">
        <ele>35.059464</ele>
        <time>2015-07-28T10:19:58.800000Z</time>
      </trkpt>
      <trkpt lat="41.7845" lon="123.400696">
        <ele>35.03332</ele>
        <time>2015-07-28T10:20:02.019000Z</time>
      </trkpt>
      <trkpt lat="41.784573" lon="123.400566">
        <ele>35.518993</ele>
        <time>2015-07-28T10:20:05.238000Z</time>
      </trkpt>
      <trkpt lat="41.78462" lon="123.40045">
        <ele>36.02983</ele>
        <time>2015-07-28T10:20:08.457000Z</time>
      </trkpt>
      <trkpt lat="41.784683" lon="123.40033">
        <ele>36.53157</ele>
        <time>2015-07-28T10:20:11.676000Z</time>
      </trkpt>
      <trkpt lat="41.78473" lon="123.400215">
        <ele>37.03967</ele>
        <time>2015-07-28T10:20:14.895000Z</time>
      </trkpt>
      <trkpt lat="41.784782" lon="123.40011">
        <ele>37.53477</ele>
        <time>2015-07-28T10:20:18.114000Z</time>
      </trkpt>
      <trkpt lat="41.784817" lon="123.39996">
        <ele>38.03866</ele>
        <time>2015-07-28T10:20:21.333000Z</time>
      </trkpt>
      <trkpt lat="41.784832" lon="123.39981">
        <ele>38.94702</ele>
        <time>2015-07-28T10:20:24.552000Z</time>
      </trkpt>
      <trkpt lat="41.784878" lon="123.399704">
        <ele>40.392647</ele>
        <time>2015-07-28T10:20:27.771000Z</time>
      </trkpt>
      <trkpt lat="41.784935" lon="123.399605">
        <ele>41.635433</ele>
        <time>2015-07-28T10:20:30.990000Z</time>
      </trkpt>
      <trkpt lat="41.78499" lon="123.39946">
        <ele>41.881718</ele>
        <time>2015-07-28T10:20:34.209000Z</time>
      </trkpt>
      <trkpt lat="41.785023" lon="123.399345">
        <ele>41.200844</ele>
        <time>2015-07-28T10:20:37.428000Z</time>
      </trkpt>
      <trkpt lat="41.785027" lon="123.39921">
        <ele>40.34232</ele>
        <time>2015-07-28T10:20:40.647000Z</time>
      </trkpt>
      <trkpt lat="41.78502" lon="123.399086">
        <ele>40.16709</ele>
        <time>2015-07-28T10:20:43.866000Z</time>
      </trkpt>
      <trkpt lat="41.785034" lon="123.398964">
        <ele>40.93009</ele>
        <time>2015-07-28T10:20:47.085000Z</time>
      </trkpt>
      <trkpt lat="41.785084" lon="123.39886">
        <ele>42.22429</ele>
        <time>2015-07-28T10:20:50.304000Z</time>
      </trkpt>
      <trkpt lat="41.78514" lon="123.39873">
        <ele>43.374252</ele>
        <time>2015-07-28T10:20:53.523000Z</time>
      </trkpt>
      <trkpt lat="41.785183" lon="123.39859">
        <ele>44.008415</ele>
        <time>2015-07-28T10:20:56.742000Z</time>
      </trkpt>
      <trkpt lat="41.785217" lon="123.39845">
        <ele>44.57217</ele>
        <time>2015-07-28T10:20:59.961000Z</time>
      </trkpt>
      <trkpt lat="41.785206" lon="123.39831">
        <ele>45.721546</ele>
        <time>2015-07-28T10:21:03.180000Z</time>
      </trkpt>
      <trkpt lat="41.785187" lon="123.39818">
        <ele>47.23391</ele>
        <time>2015-07-28T10:21:06.399000Z</time>
      </trkpt>
      <trkpt lat="41.785152" lon="123.398056">
        <ele>48.714195</ele>
        <time>2015-07-28T10:21:09.618000Z</time>
      </trkpt>
      <trkpt lat="41.78509" lon="123.39796">
        <ele>50.046566</ele>
        <time>2015-07-28T10:21:12.837000Z</time>
      </trkpt>
      <trkpt lat="41.78502" lon="123.397865">
        <ele>50.903053</ele>
        <time>2015-07-28T10:21:16.056000Z</time>
      </trkpt>
      <trkpt lat="41.78496" lon="123.39774">
        <ele>51.167477</ele>
        <time>2015-07-28T10:21:19.275000Z</time>
      </trkpt>
      <trkpt lat="41.78489" lon="123.39763">
        <ele>51.260464</ele>
        <time>2015-07-28T10:21:22.494000Z</time>
      </trkpt>
      <trkpt lat="41.784817" lon="123.397545">
        <ele>51.649208</ele>
        <time>2015-07-28T10:21:25.713000Z</time>
      </trkpt>
      <trkpt lat="41.784725" lon="123.397484">
        <ele>52.72374</ele>
        <time>2015-07-28T10:21:28.932000Z</time>
      </trkpt>
      <trkpt lat="41.784622" lon="123.39741">
        <ele>54.741657</ele>
        <time>2015-07-28T10:21:32.151000Z</time>
      </trkpt>
      <trkpt lat="41.784534" lon="123.39731">
        <ele>57.135403</ele>
        <time>2015-07-28T10:21:35.370000Z</time>
      </trkpt>
      <trkpt lat="41.78444" lon="123.397224">
        <ele>58.636826</ele>
        <time>2015-07-28T10:21:38.589000Z</time>
      </trkpt>
      <trkpt lat="41.784344" lon="123.39717">
        <ele>58.551468</ele>
        <time>2015-07-28T10:21:41.808000Z</time>
      </trkpt>
      <trkpt lat="41.784256" lon="123.397125">
        <ele>57.409344</ele>
        <time>2015-07-28T10:21:45.027000Z</time>
      </trkpt>
      <trkpt lat="41.784157" lon="123.397156">
        <ele>57.127533</ele>
        <time>2015-07-28T10:21:48.246000Z</time>
      </trkpt>
      <trkpt lat="41.784065" lon="123.39722">
        <ele>58.776962</ele>
        <time>2015-07-28T10:21:51.465000Z</time>
      </trkpt>
      <trkpt lat="41.78397" lon="123.39716">
        <ele>61.064816</ele>
        <time>2015-07-28T10:21:54.684000Z</time>
      </trkpt>
      <trkpt lat="41.783855" lon="123.397156">
        <ele>62.70941</ele>
        <time>2015-07-28T10:21:57.903000Z</time>
      </trkpt>
      <trkpt lat="41.78374" lon="123.39716">
        <ele>63.826576</ele>
        <time>2015-07-28T10:22:01.122000Z</time>
      </trkpt>
      <trkpt lat="41.783604" lon="123.397156">
        <ele>64.45405</ele>
        <time>2015-07-28T10:22:04.341000Z</time>
      </trkpt>
      <trkpt lat="41.7835" lon="123.397156">
        <ele>64.35159</ele>
        <time>2015-07-28T10:22:07.560000Z</time>
      </trkpt>
      <trkpt lat="41.783398" lon="123.3972">
        <ele>63.28707</ele>
        <time>2015-07-28T10:22:10.779000Z</time>
      </trkpt>
      <trkpt lat="41.783295" lon="123.39728">
        <ele>61.471462</ele>
        <time>2015-07-28T10:22:13.998000Z</time>
      </trkpt>
      <trkpt lat="41.783207" lon="123.39737">
        <ele>59.600792</ele>
        <time>2015-07-28T10:22:17.217000Z</time>
      </trkpt>
      <trkpt lat="41.783127" lon="123.39745">
        <ele>58.040897</ele>
        <time>2015-07-28T10:22:20.436000Z</time>
      </trkpt>
      <trkpt lat="41.78304" lon="123.397514">
        <ele>56.4744</ele>
        <time>2015-07-28T10:22:23.655000Z</time>
      </trkpt>
      <trkpt lat="41.782936" lon="123.39761">
        <ele>54.676205</ele>
        <time>2015-07-28T10:22:26.874000Z</time>
      </trkpt>
      <trkpt lat="41.782856" lon="123.397736">
        <ele>52.705673</ele>
        <time>2015-07-28T10:22:30.093000Z</time>
      </trkpt>
      <trkpt lat="41.782784" lon="123.39786">
        <ele>50.671555</ele>
        <time>2015-07-28T10:22:33.312000Z</time>
      </trkpt>
      <trkpt lat="41.7827" lon="123.39796">
        <ele>48.638733</ele>
        <time>2015-07-28T10:22:36.531000Z</time>
      </trkpt>
      <trkpt lat="41.78261" lon="123.398056">
        <ele>46.624996</ele>
        <time>2015-07-28T10:22:39.750000Z</time>
      </trkpt>
      <trkpt lat="41.782562" lon="123.39818">
        <ele>44.48707</ele>
        <time>2015-07-28T10:22:42.969000Z</time>
      </trkpt>
      <trkpt lat="41.782494" lon="123.3983">
        <ele>41.994328</ele>
        <time>2015-07-28T10:22:46.188000Z</time>
      </trkpt>
      <trkpt lat="41.78241" lon="123.39837">
        <ele>39.40834</ele>
        <time>2015-07-28T10:22:49.407000Z</time>
      </trkpt>
      <trkpt lat="41.782295" lon="123.398415">
        <ele>37.365303</ele>
        <time>2015-07-28T10:22:52.626000Z</time>
      </trkpt>
      <trkpt lat="41.7822" lon="123.39841">
        <ele>35.61894</ele>
        <time>2015-07-28T10:22:55.845000Z</time>
      </trkpt>
      <trkpt lat="41.7821" lon="123.398415">
        <ele>33.72571</ele>
        <time>2015-07-28T10:22:59.064000Z</time>
      </trkpt>
      <trkpt lat="41.781998" lon="123.398445">
        <ele>32.79965</ele>
        <time>2015-07-28T10:23:02.283000Z</time>
      </trkpt>
      <trkpt lat="41.7819" lon="123.39849">
        <ele>33.66665</ele>
        <time>2015-07-28T10:23:05.502000Z</time>
      </trkpt>
      <trkpt lat="41.781815" lon="123.39857">
        <ele>34.582462</ele>
        <time>2015-07-28T10:23:08.721000Z</time>
      </trkpt>
      <trkpt lat="41.781784" lon="123.39868">
        <ele>34.00015</ele>
        <time>2015-07-28T10:23:11.940000Z</time>
      </trkpt>
      <trkpt lat="41.781784" lon="123.39883">
        <ele>32.74862</ele>
        <time>2015-07-28T10:23:15.159000Z</time>
      </trkpt>
      <trkpt lat="41.78175" lon="123.39895">
        <ele>32.111603</ele>
        <time>2015-07-28T10:23:18.378000Z</time>
      </trkpt>
      <trkpt lat="41.781673" lon="123.39909">
        <ele>32.245163</ele>
        <time>2015-07-28T10:23:21.597000Z</time>
      </trkpt>
      <trkpt lat="41.781612" lon="123.39922">
        <ele>32.665276</ele>
        <time>2015-07-28T10:23:24.816000Z</time>
      </trkpt>
      <trkpt lat="41.78156" lon="123.39934">
        <ele>32.94313</ele>
        <time>2015-07-28T10:23:28.035000Z</time>
      </trkpt>
      <trkpt lat="41.781517" lon="123.39948">
        <ele>33.86144</ele>
        <time>2015-07-28T10:23:31.254000Z</time>
      </trkpt>
      <trkpt lat="41.78147" lon="123.39962">
        <ele>36.146908</ele>
        <time>2015-07-28T10:23:34.473000Z</time>
      </trkpt>
      <trkpt lat="41.78146" lon="123.39978">
        <ele>38.827087</ele>
        <time>2015-07-28T10:23:37.692000Z</time>
      </trkpt>
      <trkpt lat="41.78142" lon="123.39991">
        <ele>40.861835</ele>
        <time>2015-07-28T10:23:40.911000Z</time>
      </trkpt>
      <trkpt lat="41.781326" lon="123.4">
        <ele>42.278404</ele>
        <time>2015-07-28T10:23:44.130000Z</time>
      </trkpt>
      <trkpt lat="41.781246" lon="123.40008">
        <ele>43.040226</ele>
        <time>2015-07-28T10:23:47.349000Z</time>
      </trkpt>
      <trkpt lat="41.78118" lon="123.40017">
        <ele>42.794945</ele>
        <time>2015-07-28T10:23:50.568000Z</time>
      </trkpt>
      <trkpt lat="41.7811" lon="123.400276">
        <ele>41.349125</ele>
        <time>2015-07-28T10:23:53.787000Z</time>
      </trkpt>
      <trkpt lat="41.78102" lon="123.40035">
        <ele>39.405293</ele>
        <time>2015-07-28T10:23:57.006000Z</time>
      </trkpt>
      <trkpt lat="41.780952" lon="123.400444">
        <ele>37.94101</ele>
        <time>2015-07-28T10:24:00.225000Z</time>
      </trkpt>
      <trkpt lat="41.780876" lon="123.400536">
        <ele>36.999596</ele>
        <time>2015-07-28T10:24:03.444000Z</time>
      </trkpt>
      <trkpt lat="41.780796" lon="123.400635">
        <ele>36.038372</ele>
        <time>2015-07-28T10:24:06.663000Z</time>
      </trkpt>
      <trkpt lat="41.780743" lon="123.40075">
        <ele>34.93364</ele>
        <time>2015-07-28T10:24:09.882000Z</time>
      </trkpt>
      <trkpt lat="41.78073" lon="123.40092">
        <ele>33.96226</ele>
        <time>2015-07-28T10:24:13.101000Z</time>
      </trkpt>
      <trkpt lat="41.780766" lon="123.401085">
        <ele>33.29059</ele>
        <time>2015-07-28T10:24:16.320000Z</time>
      </trkpt>
      <trkpt lat="41.780857" lon="123.40126">
        <ele>32.78593</ele>
        <time>2015-07-28T10:24:19.539000Z</time>
      </trkpt>
      <trkpt lat="41.780964" lon="123.40139">
        <ele>32.341827</ele>
        <time>2015-07-28T10:24:22.758000Z</time>
      </trkpt>
      <trkpt lat="41.78108" lon="123.40147">
        <ele>31.737135</ele>
        <time>2015-07-28T10:24:25.977000Z</time>
      </trkpt>
      <trkpt lat="41.781174" lon="123.401505">
        <ele>30.896986</ele>
        <time>2015-07-28T10:24:29.196000Z</time>
      </trkpt>
      <trkpt lat="41.78126" lon="123.40154">
        <ele>30.299335</ele>
        <time>2015-07-28T10:24:32.415000Z</time>
      </trkpt>
      <trkpt lat="41.781338" lon="123.40161">
        <ele>30.483463</ele>
        <time>2015-07-28T10:24:35.634000Z</time>
      </trkpt>
      <trkpt lat="41.781403" lon="123.4017">
        <ele>31.93883</ele>
        <time>2015-07-28T10:24:38.853000Z</time>
      </trkpt>
      <trkpt lat="41.781494" lon="123.40181">
        <ele>32.9749</ele>
        <time>2015-07-28T10:24:42.072000Z</time>
      </trkpt>
      <trkpt lat="41.781586" lon="123.40189">
        <ele>34.58391</ele>
        <time>2015-07-28T10:24:45.291000Z</time>
      </trkpt>
      <trkpt lat="41.781704" lon="123.40196">
        <ele>37.040943</ele>
        <time>2015-07-28T10:24:48.510000Z</time>
      </trkpt>
      <trkpt lat="41.78178" lon="123.40205">
        <ele>37.52118</ele>
        <time>2015-07-28T10:24:51.729000Z</time>
      </trkpt>
      <trkpt lat="41.781868" lon="123.402115">
        <ele>38.560417</ele>
        <time>2015-07-28T10:24:54.948000Z</time>
      </trkpt>
      <trkpt lat="41.78197" lon="123.40221">
        <ele>41.3548</ele>
        <time>2015-07-28T10:24:58.167000Z</time>
      </trkpt>
      <trkpt lat="41.78206" lon="123.40224">
        <ele>45.62241</ele>
        <time>2015-07-28T10:25:01.386000Z</time>
      </trkpt>
      <trkpt lat="41.782154" lon="123.402306">
        <ele>49.14075</ele>
        <time>2015-07-28T10:25:04.605000Z</time>
      </trkpt>
      <trkpt lat="41.782246" lon="123.402336">
        <ele>50.570488</ele>
        <time>2015-07-28T10:25:07.824000Z</time>
      </trkpt>
      <trkpt lat="41.782333" lon="123.4023">
        <ele>50.781322</ele>
        <time>2015-07-28T10:25:11.043000Z</time>
      </trkpt>
      <trkpt lat="41.78245" lon="123.40225">
        <ele>50.788486</ele>
        <time>2015-07-28T10:25:14.262000Z</time>
      </trkpt>
      <trkpt lat="41.78254" lon="123.40223">
        <ele>50.87198</ele>
        <time>2015-07-28T10:25:17.481000Z</time>
      </trkpt>
      <trkpt lat="41.78264" lon="123.40214">
        <ele>50.65637</ele>
        <time>2015-07-28T10:25:20.700000Z</time>
      </trkpt>
      <trkpt lat="41.782757" lon="123.40207">
        <ele>49.820293</ele>
        <time>2015-07-28T10:25:23.919000Z</time>
      </trkpt>
      <trkpt lat="41.78294" lon="123.401985">
        <ele>48.167973</ele>
        <time>2015-07-28T10:25:27.138000Z</time>
      </trkpt>
      <trkpt lat="41.78305" lon="123.401924">
        <ele>45.587036</ele>
        <time>2015-07-28T10:25:30.357000Z</time>
      </trkpt>
      <trkpt lat="41.78307" lon="123.4018">
        <ele>42.658195</ele>
        <time>2015-07-28T10:25:33.576000Z</time>
      </trkpt>
      <trkpt lat="41.783184" lon="123.40173">
        <ele>40.244293</ele>
        <time>2015-07-28T10:25:36.795000Z</time>
      </trkpt>
      <trkpt lat="41.78328" lon="123.40168">
        <ele>38.61346</ele>
        <time>2015-07-28T10:25:40.014000Z</time>
      </trkpt>
      <trkpt lat="41.78338" lon="123.40164">
        <ele>37.24584</ele>
        <time>2015-07-28T10:25:43.233000Z</time>
      </trkpt>
      <trkpt lat="41.783463" lon="123.401596">
        <ele>35.658142</ele>
        <time>2015-07-28T10:25:46.452000Z</time>
      </trkpt>
      <trkpt lat="41.783543" lon="123.401535">
        <ele>34.301205</ele>
        <time>2015-07-28T10:25:49.671000Z</time>
      </trkpt>
      <trkpt lat="41.78364" lon="123.40149">
        <ele>33.733204</ele>
        <time>2015-07-28T10:25:52.890000Z</time>
      </trkpt>
      <trkpt lat="41.783745" lon="123.40145">
        <ele>33.969063</ele>
        <time>2015-07-28T10:25:56.109000Z</time>
      </trkpt>
      <trkpt lat="41.783836" lon="123.4014">
        <ele>34.820232</ele>
        <time>2015-07-28T10:25:59.328000Z</time>
      </trkpt>
      <trkpt lat="41.78392" lon="123.40132">
        <ele>36.083973</ele>
        <time>2015-07-28T10:26:02.547000Z</time>
      </trkpt>
      <trkpt lat="41.78401" lon="123.40128">
        <ele>37.697884</ele>
        <time>2015-07-28T10:26:05.766000Z</time>
      </trkpt>
      <trkpt lat="41.784084" lon="123.40119">
        <ele>39.360123</ele>
        <time>2015-07-28T10:26:08.985000Z</time>
      </trkpt>
      <trkpt lat="41.78416" lon="123.4011">
        <ele>40.68257</ele>
        <time>2015-07-28T10:26:12.204000Z</time>
      </trkpt>
      <trkpt lat="41.78426" lon="123.40099">
        <ele>41.597565</ele>
        <time>2015-07-28T10:26:15.423000Z</time>
      </trkpt>
      <trkpt lat="41.784336" lon="123.400925">
        <ele>42.046993</ele>
        <time>2015-07-28T10:26:18.642000Z</time>
      </trkpt>
      <trkpt lat="41.784416" lon="123.40081">
        <ele>42.124245</ele>
        <time>2015-07-28T10:26:21.861000Z</time>
      </trkpt>
      <trkpt lat="41.78447" lon="123.40071">
        <ele>41.916103</ele>
        <time>2015-07-28T10:26:25.080000Z</time>
      </trkpt>
      <trkpt lat="41.78454" lon="123.40063">
        <ele>41.481594</ele>
        <time>2015-07-28T10:26:28.299000Z</time>
      </trkpt>
      <trkpt lat="41.784584" lon="123.40051">
        <ele>41.07598</ele>
        <time>2015-07-28T10:26:31.518000Z</time>
      </trkpt>
      <trkpt lat="41.784634" lon="123.40041">
        <ele>40.894775</ele>
        <time>2015-07-28T10:26:34.737000Z</time>
      </trkpt>
      <trkpt lat="41.784695" lon="123.40031">
        <ele>41.15044</ele>
        <time>2015-07-28T10:26:37.956000Z</time>
      </trkpt>
      <trkpt lat="41.78477" lon="123.40021">
        <ele>41.906292</ele>
        <time>2015-07-28T10:26:41.175000Z</time>
      </trkpt>
      <trkpt lat="41.784824" lon="123.4001">
        <ele>42.81636</ele>
        <time>2015-07-28T10:26:44.394000Z</time>
      </trkpt>
      <trkpt lat="41.78487" lon="123.39998">
        <ele>43.54133</ele>
        <time>2015-07-28T10:26:47.613000Z</time>
      </trkpt>
      <trkpt lat="41.784874" lon="123.39984">
        <ele>43.965355</ele>
        <time>2015-07-28T10:26:50.832000Z</time>
      </trkpt>
      <trkpt lat="41.785126" lon="123.3989">
        <ele>45.567955</ele>
        <time>2015-07-28T10:26:54.051000Z</time>
      </trkpt>
      <trkpt lat="41.785145" lon="123.39887">
        <ele>44.925426</ele>
        <time>2015-07-28T10:26:57.270000Z</time>
      </trkpt>
      <trkpt lat="41.785202" lon="123.39878">
        <ele>44.22216</ele>
        <time>2015-07-28T10:27:00.489000Z</time>
      </trkpt>
      <trkpt lat="41.78526" lon="123.398674">
        <ele>43.0677</ele>
        <time>2015-07-28T10:27:03.708000Z</time>
      </trkpt>
      <trkpt lat="41.785282" lon="123.39853">
        <ele>41.493824</ele>
        <time>2015-07-28T10:27:06.927000Z</time>
      </trkpt>
      <trkpt lat="41.785286" lon="123.3984">
        <ele>40.22472</ele>
        <time>2015-07-28T10:27:10.146000Z</time>
      </trkpt>
      <trkpt lat="41.785275" lon="123.398254">
        <ele>39.857006</ele>
        <time>2015-07-28T10:27:13.365000Z</time>
      </trkpt>
      <trkpt lat="41.78524" lon="123.39811">
        <ele>40.198082</ele>
        <time>2015-07-28T10:27:16.584000Z</time>
      </trkpt>
      <trkpt lat="41.78518" lon="123.39799">
        <ele>40.697506</ele>
        <time>2015-07-28T10:27:19.803000Z</time>
      </trkpt>
      <trkpt lat="41.78512" lon="123.397865">
        <ele>40.975876</ele>
        <time>2015-07-28T10:27:23.022000Z</time>
      </trkpt>
      <trkpt lat="41.785057" lon="123.39775">
        <ele>41.042904</ele>
        <time>2015-07-28T10:27:26.241000Z</time>
      </trkpt>
      <trkpt lat="41.784996" lon="123.39767">
        <ele>41.013992</ele>
        <time>2015-07-28T10:27:29.460000Z</time>
      </trkpt>
      <trkpt lat="41.784916" lon="123.39759">
        <ele>40.973156</ele>
        <time>2015-07-28T10:27:32.679000Z</time>
      </trkpt>
      <trkpt lat="41.784832" lon="123.39752">
        <ele>40.950684</ele>
        <time>2015-07-28T10:27:35.898000Z</time>
      </trkpt>
      <trkpt lat="41.784733" lon="123.39747">
        <ele>40.945423</ele>
        <time>2015-07-28T10:27:39.117000Z</time>
      </trkpt>
      <trkpt lat="41.784637" lon="123.397385">
        <ele>40.80969</ele>
        <time>2015-07-28T10:27:42.336000Z</time>
      </trkpt>
      <trkpt lat="41.784554" lon="123.39732">
        <ele>40.453136</ele>
        <time>2015-07-28T10:27:45.555000Z</time>
      </trkpt>
      <trkpt lat="41.784454" lon="123.39726">
        <ele>39.94734</ele>
        <time>2015-07-28T10:27:48.774000Z</time>
      </trkpt>
      <trkpt lat="41.78436" lon="123.39722">
        <ele>39.412598</ele>
        <time>2015-07-28T10:27:51.993000Z</time>
      </trkpt>
      <trkpt lat="41.78426" lon="123.39719">
        <ele>39.430958</ele>
        <time>2015-07-28T10:27:55.212000Z</time>
      </trkpt>
      <trkpt lat="41.78416" lon="123.39725">
        <ele>40.503265</ele>
        <time>2015-07-28T10:27:58.431000Z</time>
      </trkpt>
      <trkpt lat="41.78405" lon="123.39729">
        <ele>41.97489</ele>
        <time>2015-07-28T10:28:01.650000Z</time>
      </trkpt>
      <trkpt lat="41.783943" lon="123.39723">
        <ele>42.91416</ele>
        <time>2015-07-28T10:28:04.869000Z</time>
      </trkpt>
      <trkpt lat="41.783844" lon="123.39718">
        <ele>42.924805</ele>
        <time>2015-07-28T10:28:08.088000Z</time>
      </trkpt>
      <trkpt lat="41.783737" lon="123.39719">
        <ele>42.153214</ele>
        <time>2015-07-28T10:28:11.307000Z</time>
      </trkpt>
      <trkpt lat="41.783627" lon="123.39722">
        <ele>41.017258</ele>
        <time>2015-07-28T10:28:14.526000Z</time>
      </trkpt>
      <trkpt lat="41.78352" lon="123.39723">
        <ele>39.87093</ele>
        <time>2015-07-28T10:28:17.745000Z</time>
      </trkpt>
      <trkpt lat="41.78342" lon="123.39723">
        <ele>38.779873</ele>
        <time>2015-07-28T10:28:20.964000Z</time>
      </trkpt>
      <trkpt lat="41.78332" lon="123.39724">
        <ele>37.77408</ele>
        <time>2015-07-28T10:28:24.183000Z</time>
      </trkpt>
      <trkpt lat="41.783226" lon="123.39731">
        <ele>37.052265</ele>
        <time>2015-07-28T10:28:27.402000Z</time>
      </trkpt>
      <trkpt lat="41.783146" lon="123.39738">
        <ele>36.93424</ele>
        <time>2015-07-28T10:28:30.621000Z</time>
      </trkpt>
      <trkpt lat="41.783062" lon="123.397446">
        <ele>37.44531</ele>
        <time>2015-07-28T10:28:33.840000Z</time>
      </trkpt>
      <trkpt lat="41.782993" lon="123.39755">
        <ele>38.257412</ele>
        <time>2015-07-28T10:28:37.059000Z</time>
      </trkpt>
      <trkpt lat="41.782925" lon="123.397675">
        <ele>38.86065</ele>
        <time>2015-07-28T10:28:40.278000Z</time>
      </trkpt>
      <trkpt lat="41.782852" lon="123.397804">
        <ele>39.08288</ele>
        <time>2015-07-28T10:28:43.497000Z</time>
      </trkpt>
      <trkpt lat="41.78278" lon="123.39791">
        <ele>38.93993</ele>
        <time>2015-07-28T10:28:46.716000Z</time>
      </trkpt>
      <trkpt lat="41.782692" lon="123.398056">
        <ele>38.513134</ele>
        <time>2015-07-28T10:28:49.935000Z</time>
      </trkpt>
      <trkpt lat="41.78261" lon="123.39818">
        <ele>38.09475</ele>
        <time>2015-07-28T10:28:53.154000Z</time>
      </trkpt>
      <trkpt lat="41.782516" lon="123.39825">
        <ele>37.90174</ele>
        <time>2015-07-28T10:28:56.373000Z</time>
      </trkpt>
      <trkpt lat="41.782433" lon="123.39833">
        <ele>37.737637</ele>
        <time>2015-07-28T10:28:59.592000Z</time>
      </trkpt>
      <trkpt lat="41.782345" lon="123.3984">
        <ele>37.41324</ele>
        <time>2015-07-28T10:29:02.811000Z</time>
      </trkpt>
      <trkpt lat="41.78223" lon="123.39845">
        <ele>37.077885</ele>
        <time>2015-07-28T10:29:06.030000Z</time>
      </trkpt>
      <trkpt lat="41.782116" lon="123.39848">
        <ele>37.609024</ele>
        <time>2015-07-28T10:29:09.249000Z</time>
      </trkpt>
      <trkpt lat="41.782024" lon="123.39852">
        <ele>39.522087</ele>
        <time>2015-07-28T10:29:12.468000Z</time>
      </trkpt>
      <trkpt lat="41.781933" lon="123.39858">
        <ele>41.894367</ele>
        <time>2015-07-28T10:29:15.687000Z</time>
      </trkpt>
      <trkpt lat="41.78184" lon="123.39865">
        <ele>44.080048</ele>
        <time>2015-07-28T10:29:18.906000Z</time>
      </trkpt>
      <trkpt lat="41.781776" lon="123.398735">
        <ele>46.209812</ele>
        <time>2015-07-28T10:29:22.125000Z</time>
      </trkpt>
      <trkpt lat="41.78173" lon="123.398865">
        <ele>47.603107</ele>
        <time>2015-07-28T10:29:25.344000Z</time>
      </trkpt>
      <trkpt lat="41.78173" lon="123.39902">
        <ele>47.51166</ele>
        <time>2015-07-28T10:29:28.563000Z</time>
      </trkpt>
      <trkpt lat="41.781715" lon="123.39917">
        <ele>46.39576</ele>
        <time>2015-07-28T10:29:31.782000Z</time>
      </trkpt>
      <trkpt lat="41.78166" lon="123.3993">
        <ele>45.30634</ele>
        <time>2015-07-28T10:29:35.001000Z</time>
      </trkpt>
      <trkpt lat="41.781605" lon="123.39943">
        <ele>44.805077</ele>
        <time>2015-07-28T10:29:38.220000Z</time>
      </trkpt>
      <trkpt lat="41.781544" lon="123.39954">
        <ele>44.185833</ele>
        <time>2015-07-28T10:29:41.439000Z</time>
      </trkpt>
      <trkpt lat="41.781487" lon="123.39965">
        <ele>42.839058</ele>
        <time>2015-07-28T10:29:44.658000Z</time>
      </trkpt>
      <trkpt lat="41.78143" lon="123.39974">
        <ele>41.588226</ele>
        <time>2015-07-28T10:29:47.877000Z</time>
      </trkpt>
      <trkpt lat="41.781364" lon="123.39986">
        <ele>41.28736</ele>
        <time>2015-07-28T10:29:51.096000Z</time>
      </trkpt>
      <trkpt lat="41.781326" lon="123.39997">
        <ele>41.693863</ele>
        <time>2015-07-28T10:29:54.315000Z</time>
      </trkpt>
      <trkpt lat="41.781208" lon="123.400246">
        <ele>42.893963</ele>
        <time>2015-07-28T10:29:57.534000Z</time>
      </trkpt>
      <trkpt lat="41.781136" lon="123.400345">
        <ele>45.395416</ele>
        <time>2015-07-28T10:30:00.753000Z</time>
      </trkpt>
      <trkpt lat="41.781044" lon="123.40044">
        <ele>49.063858</ele>
        <time>2015-07-28T10:30:03.972000Z</time>
      </trkpt>
      <trkpt lat="41.780975" lon="123.40055">
        <ele>52.686344</ele>
        <time>2015-07-28T10:30:07.191000Z</time>
      </trkpt>
      <trkpt lat="41.78091" lon="123.400696">
        <ele>54.641468</ele>
        <time>2015-07-28T10:30:10.410000Z</time>
      </trkpt>
      <trkpt lat="41.780853" lon="123.400826">
        <ele>54.291195</ele>
        <time>2015-07-28T10:30:13.629000Z</time>
      </trkpt>
      <trkpt lat="41.780785" lon="123.40093">
        <ele>52.68241</ele>
        <time>2015-07-28T10:30:16.848000Z</time>
      </trkpt>
      <trkpt lat="41.780746" lon="123.40106">
        <ele>51.434284</ele>
        <time>2015-07-28T10:30:20.067000Z</time>
      </trkpt>
      <trkpt lat="41.78078" lon="123.40122">
        <ele>51.2101</ele>
        <time>2015-07-28T10:30:23.286000Z</time>
      </trkpt>
      <trkpt lat="41.78083" lon="123.40133">
        <ele>50.70625</ele>
        <time>2015-07-28T10:30:26.505000Z</time>
      </trkpt>
      <trkpt lat="41.780922" lon="123.4014">
        <ele>48.717148</ele>
        <time>2015-07-28T10:30:29.724000Z</time>
      </trkpt>
      <trkpt lat="41.78103" lon="123.401474">
        <ele>46.141735</ele>
        <time>2015-07-28T10:30:32.943000Z</time>
      </trkpt>
      <trkpt lat="41.781124" lon="123.401535">
        <ele>44.377686</ele>
        <time>2015-07-28T10:30:36.162000Z</time>
      </trkpt>
      <trkpt lat="41.781204" lon="123.401596">
        <ele>43.646797</ele>
        <time>2015-07-28T10:30:39.381000Z</time>
      </trkpt>
      <trkpt lat="41.781292" lon="123.40168">
        <ele>43.737988</ele>
        <time>2015-07-28T10:30:42.600000Z</time>
      </trkpt>
      <trkpt lat="41.78137" lon="123.40175">
        <ele>44.685326</ele>
        <time>2015-07-28T10:30:45.819000Z</time>
      </trkpt>
      <trkpt lat="41.78137" lon="123.40175">
        <ele>46.27785</ele>
        <time>2015-07-28T10:30:49.038000Z</time>
      </trkpt>
      <trkpt lat="41.78144" lon="123.40183">
        <ele>47.61999</ele>
        <time>2015-07-28T10:30:52.257000Z</time>
      </trkpt>
      <trkpt lat="41.781548" lon="123.401924">
        <ele>48.17549</ele>
        <time>2015-07-28T10:30:55.476000Z</time>
      </trkpt>
      <trkpt lat="41.781548" lon="123.401924">
        <ele>48.23505</ele>
        <time>2015-07-28T10:30:58.695000Z</time>
      </trkpt>
      <trkpt lat="41.781647" lon="123.401985">
        <ele>48.280415</ele>
        <time>2015-07-28T10:31:01.914000Z</time>
      </trkpt>
      <trkpt lat="41.781754" lon="123.402054">
        <ele>49.085583</ele>
        <time>2015-07-28T10:31:05.133000Z</time>
      </trkpt>
      <trkpt lat="41.78186" lon="123.402115">
        <ele>50.81599</ele>
        <time>2015-07-28T10:31:08.352000Z</time>
      </trkpt>
      <trkpt lat="41.781963" lon="123.402176">
        <ele>52.440506</ele>
        <time>2015-07-28T10:31:11.571000Z</time>
      </trkpt>
      <trkpt lat="41.782074" lon="123.40224">
        <ele>53.030872</ele>
        <time>2015-07-28T10:31:14.790000Z</time>
      </trkpt>
      <trkpt lat="41.782166" lon="123.40229">
        <ele>52.617783</ele>
        <time>2015-07-28T10:31:18.009000Z</time>
      </trkpt>
      <trkpt lat="41.782272" lon="123.4023">
        <ele>51.74478</ele>
        <time>2015-07-28T10:31:21.228000Z</time>
      </trkpt>
      <trkpt lat="41.782387" lon="123.40227">
        <ele>51.34419</ele>
        <time>2015-07-28T10:31:24.447000Z</time>
      </trkpt>
      <trkpt lat="41.78251" lon="123.402214">
        <ele>52.080025</ele>
        <time>2015-07-28T10:31:27.666000Z</time>
      </trkpt>
      <trkpt lat="41.782608" lon="123.402176">
        <ele>53.535816</ele>
        <time>2015-07-28T10:31:30.885000Z</time>
      </trkpt>
      <trkpt lat="41.78281" lon="123.402054">
        <ele>54.559044</ele>
        <time>2015-07-28T10:31:34.104000Z</time>
      </trkpt>
      <trkpt lat="41.78286" lon="123.40192">
        <ele>54.243168</ele>
        <time>2015-07-28T10:31:37.323000Z</time>
      </trkpt>
      <trkpt lat="41.78294" lon="123.40185">
        <ele>52.80796</ele>
        <time>2015-07-28T10:31:40.542000Z</time>
      </trkpt>
      <trkpt lat="41.783062" lon="123.40183">
        <ele>51.404198</ele>
        <time>2015-07-28T10:31:43.761000Z</time>
      </trkpt>
      <trkpt lat="41.783165" lon="123.40175">
        <ele>50.481182</ele>
        <time>2015-07-28T10:31:46.980000Z</time>
      </trkpt>
      <trkpt lat="41.78325" lon="123.401695">
        <ele>49.6751</ele>
        <time>2015-07-28T10:31:50.199000Z</time>
      </trkpt>
      <trkpt lat="41.78334" lon="123.40163">
        <ele>49.05558</ele>
        <time>2015-07-28T10:31:53.418000Z</time>
      </trkpt>
      <trkpt lat="41.78343" lon="123.401596">
        <ele>48.26668</ele>
        <time>2015-07-28T10:31:56.637000Z</time>
      </trkpt>
      <trkpt lat="41.783543" lon="123.401535">
        <ele>46.687847</ele>
        <time>2015-07-28T10:31:59.856000Z</time>
      </trkpt>
      <trkpt lat="41.78363" lon="123.40147">
        <ele>44.91669</ele>
        <time>2015-07-28T10:32:03.075000Z</time>
      </trkpt>
      <trkpt lat="41.783726" lon="123.401405">
        <ele>44.311043</ele>
        <time>2015-07-28T10:32:06.294000Z</time>
      </trkpt>
      <trkpt lat="41.783813" lon="123.40134">
        <ele>45.12822</ele>
        <time>2015-07-28T10:32:09.513000Z</time>
      </trkpt>
      <trkpt lat="41.783897" lon="123.401276">
        <ele>46.191628</ele>
        <time>2015-07-28T10:32:12.732000Z</time>
      </trkpt>
      <trkpt lat="41.78399" lon="123.401215">
        <ele>46.502457</ele>
        <time>2015-07-28T10:32:15.951000Z</time>
      </trkpt>
      <trkpt lat="41.784077" lon="123.40114">
        <ele>46.57138</ele>
        <time>2015-07-28T10:32:19.170000Z</time>
      </trkpt>
      <trkpt lat="41.78417" lon="123.40106">
        <ele>47.184795</ele>
        <time>2015-07-28T10:32:22.389000Z</time>
      </trkpt>
      <trkpt lat="41.78425" lon="123.40098">
        <ele>48.158768</ele>
        <time>2015-07-28T10:32:25.608000Z</time>
      </trkpt>
      <trkpt lat="41.78433" lon="123.40087">
        <ele>48.85457</ele>
        <time>2015-07-28T10:32:28.827000Z</time>
      </trkpt>
      <trkpt lat="41.784386" lon="123.40077">
        <ele>49.376633</ele>
        <time>2015-07-28T10:32:32.046000Z</time>
      </trkpt>
      <trkpt lat="41.78445" lon="123.40065">
        <ele>50.35929</ele>
        <time>2015-07-28T10:32:35.265000Z</time>
      </trkpt>
      <trkpt lat="41.784515" lon="123.40054">
        <ele>52.014153</ele>
        <time>2015-07-28T10:32:38.484000Z</time>
      </trkpt>
      <trkpt lat="41.784584" lon="123.40044">
        <ele>53.490547</ele>
        <time>2015-07-28T10:32:41.703000Z</time>
      </trkpt>
      <trkpt lat="41.784657" lon="123.400345">
        <ele>53.479084</ele>
        <time>2015-07-28T10:32:44.922000Z</time>
      </trkpt>
      <trkpt lat="41.784718" lon="123.400246">
        <ele>51.45278</ele>
        <time>2015-07-28T10:32:48.141000Z</time>
      </trkpt>
      <trkpt lat="41.78477" lon="123.40013">
        <ele>48.217495</ele>
        <time>2015-07-28T10:32:51.360000Z</time>
      </trkpt>
      <trkpt lat="41.784794" lon="123.40001">
        <ele>45.29732</ele>
        <time>2015-07-28T10:32:54.579000Z</time>
      </trkpt>
      <trkpt lat="41.784798" lon="123.39989">
        <ele>43.332367</ele>
        <time>2015-07-28T10:32:57.798000Z</time>
      </trkpt>
      <trkpt lat="41.78486" lon="123.399765">
        <ele>40.951603</ele>
        <time>2015-07-28T10:33:01.017000Z</time>
      </trkpt>
      <trkpt lat="41.78489" lon="123.399605">
        <ele>36.823875</ele>
        <time>2015-07-28T10:33:04.236000Z</time>
      </trkpt>
      <trkpt lat="41.784916" lon="123.39945">
        <ele>32.151115</ele>
        <time>2015-07-28T10:33:07.455000Z</time>
      </trkpt>
      <trkpt lat="41.78497" lon="123.39929">
        <ele>30.36615</ele>
        <time>2015-07-28T10:33:10.674000Z</time>
      </trkpt>
      <trkpt lat="41.785004" lon="123.399155">
        <ele>33.073708</ele>
        <time>2015-07-28T10:33:13.893000Z</time>
      </trkpt>
      <trkpt lat="41.785046" lon="123.39901">
        <ele>37.629845</ele>
        <time>2015-07-28T10:33:17.112000Z</time>
      </trkpt>
      <trkpt lat="41.785103" lon="123.39891">
        <ele>40.698994</ele>
        <time>2015-07-28T10:33:20.331000Z</time>
      </trkpt>
      <trkpt lat="41.785194" lon="123.398766">
        <ele>41.708744</ele>
        <time>2015-07-28T10:33:23.550000Z</time>
      </trkpt>
      <trkpt lat="41.78525" lon="123.398605">
        <ele>41.593575</ele>
        <time>2015-07-28T10:33:26.769000Z</time>
      </trkpt>
      <trkpt lat="41.785305" lon="123.398476">
        <ele>41.357445</ele>
        <time>2015-07-28T10:33:29.988000Z</time>
      </trkpt>
      <trkpt lat="41.785286" lon="123.39835">
        <ele>41.606865</ele>
        <time>2015-07-28T10:33:33.207000Z</time>
      </trkpt>
      <trkpt lat="41.785236" lon="123.3982">
        <ele>42.39404</ele>
        <time>2015-07-28T10:33:36.426000Z</time>
      </trkpt>
      <trkpt lat="41.78519" lon="123.39807">
        <ele>43.30907</ele>
        <time>2015-07-28T10:33:39.645000Z</time>
      </trkpt>
      <trkpt lat="41.785122" lon="123.39797">
        <ele>43.911037</ele>
        <time>2015-07-28T10:33:42.864000Z</time>
      </trkpt>
      <trkpt lat="41.785053" lon="123.39787">
        <ele>44.241158</ele>
        <time>2015-07-28T10:33:46.083000Z</time>
      </trkpt>
      <trkpt lat="41.784996" lon="123.397736">
        <ele>44.573875</ele>
        <time>2015-07-28T10:33:49.302000Z</time>
      </trkpt>
      <trkpt lat="41.78492" lon="123.39765">
        <ele>44.591827</ele>
        <time>2015-07-28T10:33:52.521000Z</time>
      </trkpt>
      <trkpt lat="41.784836" lon="123.397575">
        <ele>43.998554</ele>
        <time>2015-07-28T10:33:55.740000Z</time>
      </trkpt>
      <trkpt lat="41.78474" lon="123.39749">
        <ele>43.685497</ele>
        <time>2015-07-28T10:33:58.959000Z</time>
      </trkpt>
      <trkpt lat="41.784653" lon="123.397415">
        <ele>44.66344</ele>
        <time>2015-07-28T10:34:02.178000Z</time>
      </trkpt>
      <trkpt lat="41.784573" lon="123.39734">
        <ele>46.552708</ele>
        <time>2015-07-28T10:34:05.397000Z</time>
      </trkpt>
      <trkpt lat="41.78446" lon="123.397285">
        <ele>48.365253</ele>
        <time>2015-07-28T10:34:08.616000Z</time>
      </trkpt>
      <trkpt lat="41.78437" lon="123.39721">
        <ele>50.13681</ele>
        <time>2015-07-28T10:34:11.835000Z</time>
      </trkpt>
      <trkpt lat="41.78428" lon="123.39714">
        <ele>52.11465</ele>
        <time>2015-07-28T10:34:15.054000Z</time>
      </trkpt>
      <trkpt lat="41.784187" lon="123.3971">
        <ele>54.06441</ele>
        <time>2015-07-28T10:34:18.273000Z</time>
      </trkpt>
      <trkpt lat="41.784096" lon="123.397194">
        <ele>55.734993</ele>
        <time>2015-07-28T10:34:21.492000Z</time>
      </trkpt>
      <trkpt lat="41.783993" lon="123.397224">
        <ele>56.15933</ele>
        <time>2015-07-28T10:34:24.711000Z</time>
      </trkpt>
      <trkpt lat="41.783886" lon="123.39718">
        <ele>54.031605</ele>
        <time>2015-07-28T10:34:27.930000Z</time>
      </trkpt>
      <trkpt lat="41.783768" lon="123.39715">
        <ele>50.20172</ele>
        <time>2015-07-28T10:34:31.149000Z</time>
      </trkpt>
      <trkpt lat="41.78365" lon="123.39713">
        <ele>46.428425</ele>
        <time>2015-07-28T10:34:34.368000Z</time>
      </trkpt>
      <trkpt lat="41.78355" lon="123.39713">
        <ele>43.520126</ele>
        <time>2015-07-28T10:34:37.587000Z</time>
      </trkpt>
      <trkpt lat="41.783455" lon="123.39716">
        <ele>41.855568</ele>
        <time>2015-07-28T10:34:40.806000Z</time>
      </trkpt>
      <trkpt lat="41.783363" lon="123.39722">
        <ele>41.432518</ele>
        <time>2015-07-28T10:34:44.025000Z</time>
      </trkpt>
      <trkpt lat="41.783264" lon="123.39731">
        <ele>41.58867</ele>
        <time>2015-07-28T10:34:47.244000Z</time>
      </trkpt>
      <trkpt lat="41.783176" lon="123.39739">
        <ele>41.55027</ele>
        <time>2015-07-28T10:34:50.463000Z</time>
      </trkpt>
      <trkpt lat="41.783085" lon="123.39747">
        <ele>40.964928</ele>
        <time>2015-07-28T10:34:53.682000Z</time>
      </trkpt>
      <trkpt lat="41.783005" lon="123.397514">
        <ele>40.259357</ele>
        <time>2015-07-28T10:34:56.901000Z</time>
      </trkpt>
      <trkpt lat="41.782932" lon="123.39758">
        <ele>40.03375</ele>
        <time>2015-07-28T10:35:00.120000Z</time>
      </trkpt>
      <trkpt lat="41.78288" lon="123.39771">
        <ele>40.459293</ele>
        <time>2015-07-28T10:35:03.339000Z</time>
      </trkpt>
      <trkpt lat="41.782818" lon="123.397835">
        <ele>41.375916</ele>
        <time>2015-07-28T10:35:06.558000Z</time>
      </trkpt>
      <trkpt lat="41.782745" lon="123.39794">
        <ele>42.614456</ele>
        <time>2015-07-28T10:35:09.777000Z</time>
      </trkpt>
      <trkpt lat="41.782677" lon="123.39809">
        <ele>43.934784</ele>
        <time>2015-07-28T10:35:12.996000Z</time>
      </trkpt>
      <trkpt lat="41.782597" lon="123.39822">
        <ele>44.851093</ele>
        <time>2015-07-28T10:35:16.215000Z</time>
      </trkpt>
      <trkpt lat="41.782516" lon="123.398315">
        <ele>45.440292</ele>
        <time>2015-07-28T10:35:19.434000Z</time>
      </trkpt>
      <trkpt lat="41.782425" lon="123.398384">
        <ele>46.134247</ele>
        <time>2015-07-28T10:35:22.653000Z</time>
      </trkpt>
      <trkpt lat="41.782322" lon="123.39841">
        <ele>46.764557</ele>
        <time>2015-07-28T10:35:25.872000Z</time>
      </trkpt>
      <trkpt lat="41.782192" lon="123.39842">
        <ele>47.040806</ele>
        <time>2015-07-28T10:35:29.091000Z</time>
      </trkpt>
      <trkpt lat="41.782085" lon="123.398445">
        <ele>46.930767</ele>
        <time>2015-07-28T10:35:32.310000Z</time>
      </trkpt>
      <trkpt lat="41.781998" lon="123.3985">
        <ele>46.513325</ele>
        <time>2015-07-28T10:35:35.529000Z</time>
      </trkpt>
      <trkpt lat="41.7819" lon="123.39856">
        <ele>46.092598</ele>
        <time>2015-07-28T10:35:38.748000Z</time>
      </trkpt>
      <trkpt lat="41.781803" lon="123.39862">
        <ele>46.03334</ele>
        <time>2015-07-28T10:35:41.967000Z</time>
      </trkpt>
      <trkpt lat="41.781742" lon="123.39876">
        <ele>46.364643</ele>
        <time>2015-07-28T10:35:45.186000Z</time>
      </trkpt>
      <trkpt lat="41.78169" lon="123.398926">
        <ele>46.492477</ele>
        <time>2015-07-28T10:35:48.405000Z</time>
      </trkpt>
      <trkpt lat="41.78165" lon="123.39908">
        <ele>45.84406</ele>
        <time>2015-07-28T10:35:51.624000Z</time>
      </trkpt>
      <trkpt lat="41.781635" lon="123.399216">
        <ele>44.7877</ele>
        <time>2015-07-28T10:35:54.843000Z</time>
      </trkpt>
      <trkpt lat="41.78162" lon="123.39934">
        <ele>43.901752</ele>
        <time>2015-07-28T10:35:58.062000Z</time>
      </trkpt>
      <trkpt lat="41.78156" lon="123.3995">
        <ele>43.280537</ele>
        <time>2015-07-28T10:36:01.281000Z</time>
      </trkpt>
      <trkpt lat="41.78149" lon="123.39962">
        <ele>43.065834</ele>
        <time>2015-07-28T10:36:04.500000Z</time>
      </trkpt>
      <trkpt lat="41.781456" lon="123.39974">
        <ele>43.337368</ele>
        <time>2015-07-28T10:36:07.719000Z</time>
      </trkpt>
      <trkpt lat="41.781425" lon="123.39988">
        <ele>43.740906</ele>
        <time>2015-07-28T10:36:10.938000Z</time>
      </trkpt>
      <trkpt lat="41.781372" lon="123.39999">
        <ele>43.828808</ele>
        <time>2015-07-28T10:36:14.157000Z</time>
      </trkpt>
      <trkpt lat="41.781307" lon="123.40009">
        <ele>43.523945</ele>
        <time>2015-07-28T10:36:17.376000Z</time>
      </trkpt>
      <trkpt lat="41.781216" lon="123.400185">
        <ele>43.131474</ele>
        <time>2015-07-28T10:36:20.595000Z</time>
      </trkpt>
      <trkpt lat="41.78114" lon="123.400276">
        <ele>42.92321</ele>
        <time>2015-07-28T10:36:23.814000Z</time>
      </trkpt>
      <trkpt lat="41.781055" lon="123.4004">
        <ele>43.016605</ele>
        <time>2015-07-28T10:36:27.033000Z</time>
      </trkpt>
      <trkpt lat="41.780964" lon="123.40048">
        <ele>43.954872</ele>
        <time>2015-07-28T10:36:30.252000Z</time>
      </trkpt>
      <trkpt lat="41.780884" lon="123.40058">
        <ele>46.21047</ele>
        <time>2015-07-28T10:36:33.471000Z</time>
      </trkpt>
      <trkpt lat="41.780838" lon="123.40071">
        <ele>49.236298</ele>
        <time>2015-07-28T10:36:36.690000Z</time>
      </trkpt>
      <trkpt lat="41.78079" lon="123.400826">
        <ele>51.93363</ele>
        <time>2015-07-28T10:36:39.909000Z</time>
      </trkpt>
      <trkpt lat="41.780746" lon="123.40096">
        <ele>53.770332</ele>
        <time>2015-07-28T10:36:43.128000Z</time>
      </trkpt>
      <trkpt lat="41.78077" lon="123.4011">
        <ele>54.915283</ele>
        <time>2015-07-28T10:36:46.347000Z</time>
      </trkpt>
      <trkpt lat="41.78082" lon="123.40123">
        <ele>55.64709</ele>
        <time>2015-07-28T10:36:49.566000Z</time>
      </trkpt>
      <trkpt lat="41.780884" lon="123.40134">
        <ele>56.009346</ele>
        <time>2015-07-28T10:36:52.785000Z</time>
      </trkpt>
      <trkpt lat="41.780956" lon="123.40144">
        <ele>56.07324</ele>
        <time>2015-07-28T10:36:56.004000Z</time>
      </trkpt>
      <trkpt lat="41.781044" lon="123.401505">
        <ele>56.018066</ele>
        <time>2015-07-28T10:36:59.223000Z</time>
      </trkpt>
      <trkpt lat="41.781124" lon="123.401566">
        <ele>55.682022</ele>
        <time>2015-07-28T10:37:02.442000Z</time>
      </trkpt>
      <trkpt lat="41.781208" lon="123.401634">
        <ele>54.93307</ele>
        <time>2015-07-28T10:37:05.661000Z</time>
      </trkpt>
      <trkpt lat="41.781307" lon="123.401695">
        <ele>54.327457</ele>
        <time>2015-07-28T10:37:08.880000Z</time>
      </trkpt>
      <trkpt lat="41.781414" lon="123.40175">
        <ele>54.61779</ele>
        <time>2015-07-28T10:37:12.099000Z</time>
      </trkpt>
      <trkpt lat="41.781517" lon="123.40184">
        <ele>55.93517</ele>
        <time>2015-07-28T10:37:15.318000Z</time>
      </trkpt>
      <trkpt lat="41.781616" lon="123.40192">
        <ele>57.631405</ele>
        <time>2015-07-28T10:37:18.537000Z</time>
      </trkpt>
      <trkpt lat="41.781708" lon="123.401985">
        <ele>58.531567</ele>
        <time>2015-07-28T10:37:21.756000Z</time>
      </trkpt>
      <trkpt lat="41.781784" lon="123.40207">
        <ele>58.213184</ele>
        <time>2015-07-28T10:37:24.975000Z</time>
      </trkpt>
      <trkpt lat="41.78189" lon="123.40214">
        <ele>56.750053</ele>
        <time>2015-07-28T10:37:28.194000Z</time>
      </trkpt>
      <trkpt lat="41.78197" lon="123.4022">
        <ele>54.18425</ele>
        <time>2015-07-28T10:37:31.413000Z</time>
      </trkpt>
      <trkpt lat="41.782074" lon="123.40228">
        <ele>51.19251</ele>
        <time>2015-07-28T10:37:34.632000Z</time>
      </trkpt>
      <trkpt lat="41.78219" lon="123.40235">
        <ele>48.471016</ele>
        <time>2015-07-28T10:37:37.851000Z</time>
      </trkpt>
      <trkpt lat="41.782307" lon="123.40236">
        <ele>46.23264</ele>
        <time>2015-07-28T10:37:41.070000Z</time>
      </trkpt>
      <trkpt lat="41.78241" lon="123.402336">
        <ele>44.77216</ele>
        <time>2015-07-28T10:37:44.289000Z</time>
      </trkpt>
      <trkpt lat="41.78252" lon="123.40231">
        <ele>43.917526</ele>
        <time>2015-07-28T10:37:47.508000Z</time>
      </trkpt>
      <trkpt lat="41.782608" lon="123.40227">
        <ele>43.29683</ele>
        <time>2015-07-28T10:37:50.727000Z</time>
      </trkpt>
      <trkpt lat="41.7827" lon="123.4022">
        <ele>42.935413</ele>
        <time>2015-07-28T10:37:53.946000Z</time>
      </trkpt>
      <trkpt lat="41.782795" lon="123.4021">
        <ele>42.84049</ele>
        <time>2015-07-28T10:37:57.165000Z</time>
      </trkpt>
      <trkpt lat="41.78287" lon="123.40203">
        <ele>42.872086</ele>
        <time>2015-07-28T10:38:00.384000Z</time>
      </trkpt>
      <trkpt lat="41.782974" lon="123.401955">
        <ele>42.784714</ele>
        <time>2015-07-28T10:38:03.603000Z</time>
      </trkpt>
      <trkpt lat="41.783073" lon="123.40188">
        <ele>42.17767</ele>
        <time>2015-07-28T10:38:06.822000Z</time>
      </trkpt>
      <trkpt lat="41.78317" lon="123.40179">
        <ele>40.681396</ele>
        <time>2015-07-28T10:38:10.041000Z</time>
      </trkpt>
      <trkpt lat="41.783234" lon="123.4017">
        <ele>38.6849</ele>
        <time>2015-07-28T10:38:13.260000Z</time>
      </trkpt>
      <trkpt lat="41.78331" lon="123.40163">
        <ele>38.02445</ele>
        <time>2015-07-28T10:38:16.479000Z</time>
      </trkpt>
      <trkpt lat="41.7834" lon="123.40156">
        <ele>39.632587</ele>
        <time>2015-07-28T10:38:19.698000Z</time>
      </trkpt>
      <trkpt lat="41.7835" lon="123.40151">
        <ele>41.997272</ele>
        <time>2015-07-28T10:38:22.917000Z</time>
      </trkpt>
      <trkpt lat="41.7836" lon="123.40144">
        <ele>43.57323</ele>
        <time>2015-07-28T10:38:26.136000Z</time>
      </trkpt>
      <trkpt lat="41.783703" lon="123.40136">
        <ele>44.222725</ele>
        <time>2015-07-28T10:38:29.355000Z</time>
      </trkpt>
      <trkpt lat="41.783802" lon="123.40129">
        <ele>44.262096</ele>
        <time>2015-07-28T10:38:32.574000Z</time>
      </trkpt>
      <trkpt lat="41.783894" lon="123.40123">
        <ele>44.383</ele>
        <time>2015-07-28T10:38:35.793000Z</time>
      </trkpt>
      <trkpt lat="41.784" lon="123.40118">
        <ele>45.112854</ele>
        <time>2015-07-28T10:38:39.012000Z</time>
      </trkpt>
      <trkpt lat="41.784084" lon="123.40113">
        <ele>46.15957</ele>
        <time>2015-07-28T10:38:42.231000Z</time>
      </trkpt>
      <trkpt lat="41.784184" lon="123.40106">
        <ele>46.876896</ele>
        <time>2015-07-28T10:38:45.450000Z</time>
      </trkpt>
      <trkpt lat="41.784264" lon="123.400986">
        <ele>46.84171</ele>
        <time>2015-07-28T10:38:48.669000Z</time>
      </trkpt>
      <trkpt lat="41.784344" lon="123.40088">
        <ele>45.822536</ele>
        <time>2015-07-28T10:38:51.888000Z</time>
      </trkpt>
      <trkpt lat="41.784416" lon="123.40079">
        <ele>44.27785</ele>
        <time>2015-07-28T10:38:55.107000Z</time>
      </trkpt>
      <trkpt lat="41.78449" lon="123.40071">
        <ele>42.85397</ele>
        <time>2015-07-28T10:38:58.326000Z</time>
      </trkpt>
      <trkpt lat="41.78457" lon="123.4006">
        <ele>41.435047</ele>
        <time>2015-07-28T10:39:01.545000Z</time>
      </trkpt>
      <trkpt lat="41.784657" lon="123.400475">
        <ele>39.570896</ele>
        <time>2015-07-28T10:39:04.764000Z</time>
      </trkpt>
      <trkpt lat="41.78475" lon="123.40037">
        <ele>36.97637</ele>
        <time>2015-07-28T10:39:07.983000Z</time>
      </trkpt>
      <trkpt lat="41.784813" lon="123.40024">
        <ele>34.118034</ele>
        <time>2015-07-28T10:39:11.202000Z</time>
      </trkpt>
      <trkpt lat="41.78483" lon="123.40011">
        <ele>32.155186</ele>
        <time>2015-07-28T10:39:14.421000Z</time>
      </trkpt>
      <trkpt lat="41.784824" lon="123.39997">
        <ele>31.493595</ele>
        <time>2015-07-28T10:39:17.640000Z</time>
      </trkpt>
      <trkpt lat="41.78483" lon="123.39983">
        <ele>31.00265</ele>
        <time>2015-07-28T10:39:20.859000Z</time>
      </trkpt>
      <trkpt lat="41.784855" lon="123.399704">
        <ele>29.659851</ele>
        <time>2015-07-28T10:39:24.078000Z</time>
      </trkpt>
      <trkpt lat="41.78489" lon="123.39959">
        <ele>28.119473</ele>
        <time>2015-07-28T10:39:27.297000Z</time>
      </trkpt>
      <trkpt lat="41.784935" lon="123.39947">
        <ele>27.59974</ele>
        <time>2015-07-28T10:39:30.516000Z</time>
      </trkpt>
      <trkpt lat="41.784992" lon="123.39936">
        <ele>28.594683</ele>
        <time>2015-07-28T10:39:33.735000Z</time>
      </trkpt>
      <trkpt lat="41.78505" lon="123.39924">
        <ele>30.653057</ele>
        <time>2015-07-28T10:39:36.954000Z</time>
      </trkpt>
      <trkpt lat="41.785095" lon="123.39911">
        <ele>32.470116</ele>
        <time>2015-07-28T10:39:40.173000Z</time>
      </trkpt>
      <trkpt lat="41.785156" lon="123.39897">
        <ele>33.80272</ele>
        <time>2015-07-28T10:39:43.392000Z</time>
      </trkpt>
      <trkpt lat="41.785225" lon="123.39886">
        <ele>35.58737</ele>
        <time>2015-07-28T10:39:46.611000Z</time>
      </trkpt>
      <trkpt lat="41.785225" lon="123.39886">
        <ele>37.61437</ele>
        <time>2015-07-28T10:39:49.830000Z</time>
      </trkpt>
      <trkpt lat="41.785194" lon="123.398735">
        <ele>39.04465</ele>
        <time>2015-07-28T10:39:53.049000Z</time>
      </trkpt>
      <trkpt lat="41.78525" lon="123.39861">
        <ele>39.660442</ele>
        <time>2015-07-28T10:39:56.268000Z</time>
      </trkpt>
      <trkpt lat="41.785248" lon="123.398445">
        <ele>39.73635</ele>
        <time>2015-07-28T10:39:59.487000Z</time>
      </trkpt>
      <trkpt lat="41.785248" lon="123.398445">
        <ele>39.699352</ele>
        <time>2015-07-28T10:40:02.706000Z</time>
      </trkpt>
      <trkpt lat="41.78523" lon="123.39829">
        <ele>40.58609</ele>
        <time>2015-07-28T10:40:05.925000Z</time>
      </trkpt>
      <trkpt lat="41.785183" lon="123.398155">
        <ele>43.106766</ele>
        <time>2015-07-28T10:40:09.144000Z</time>
      </trkpt>
      <trkpt lat="41.785126" lon="123.398026">
        <ele>46.541588</ele>
        <time>2015-07-28T10:40:12.363000Z</time>
      </trkpt>
      <trkpt lat="41.785072" lon="123.3979">
        <ele>49.450573</ele>
        <time>2015-07-28T10:40:15.582000Z</time>
      </trkpt>
      <trkpt lat="41.785015" lon="123.397766">
        <ele>51.073914</ele>
        <time>2015-07-28T10:40:18.801000Z</time>
      </trkpt>
      <trkpt lat="41.784946" lon="123.39763">
        <ele>51.46577</ele>
        <time>2015-07-28T10:40:22.020000Z</time>
      </trkpt>
      <trkpt lat="41.784893" lon="123.39751">
        <ele>51.29791</ele>
        <time>2015-07-28T10:40:25.239000Z</time>
      </trkpt>
      <trkpt lat="41.78482" lon="123.39743">
        <ele>51.19821</ele>
        <time>2015-07-28T10:40:28.458000Z</time>
      </trkpt>
      <trkpt lat="41.7847" lon="123.39743">
        <ele>51.565235</ele>
        <time>2015-07-28T10:40:31.677000Z</time>
      </trkpt>
      <trkpt lat="41.784622" lon="123.39736">
        <ele>52.263798</ele>
        <time>2015-07-28T10:40:34.896000Z</time>
      </trkpt>
      <trkpt lat="41.784546" lon="123.39728">
        <ele>52.822693</ele>
        <time>2015-07-28T10:40:38.115000Z</time>
      </trkpt>
      <trkpt lat="41.78445" lon="123.3972">
        <ele>52.6294</ele>
        <time>2015-07-28T10:40:41.334000Z</time>
      </trkpt>
      <trkpt lat="41.784355" lon="123.397156">
        <ele>51.556843</ele>
        <time>2015-07-28T10:40:44.553000Z</time>
      </trkpt>
      <trkpt lat="41.78426" lon="123.39711">
        <ele>50.390858</ele>
        <time>2015-07-28T10:40:47.772000Z</time>
      </trkpt>
      <trkpt lat="41.78416" lon="123.39718">
        <ele>49.543312</ele>
        <time>2015-07-28T10:40:50.991000Z</time>
      </trkpt>
      <trkpt lat="41.78407" lon="123.39722">
        <ele>48.588055</ele>
        <time>2015-07-28T10:40:54.210000Z</time>
      </trkpt>
      <trkpt lat="41.783966" lon="123.39718">
        <ele>47.578873</ele>
        <time>2015-07-28T10:40:57.429000Z</time>
      </trkpt>
      <trkpt lat="41.78386" lon="123.39714">
        <ele>46.81582</ele>
        <time>2015-07-28T10:41:00.648000Z</time>
      </trkpt>
      <trkpt lat="41.783752" lon="123.39713">
        <ele>46.273582</ele>
        <time>2015-07-28T10:41:03.867000Z</time>
      </trkpt>
      <trkpt lat="41.78366" lon="123.39714">
        <ele>45.668713</ele>
        <time>2015-07-28T10:41:07.086000Z</time>
      </trkpt>
      <trkpt lat="41.783554" lon="123.3972">
        <ele>44.856396</ele>
        <time>2015-07-28T10:41:10.305000Z</time>
      </trkpt>
      <trkpt lat="41.783466" lon="123.397255">
        <ele>44.27972</ele>
        <time>2015-07-28T10:41:13.524000Z</time>
      </trkpt>
      <trkpt lat="41.783375" lon="123.39729">
        <ele>44.33352</ele>
        <time>2015-07-28T10:41:16.743000Z</time>
      </trkpt>
      <trkpt lat="41.78328" lon="123.39734">
        <ele>44.676456</ele>
        <time>2015-07-28T10:41:19.962000Z</time>
      </trkpt>
      <trkpt lat="41.783173" lon="123.3974">
        <ele>44.780827</ele>
        <time>2015-07-28T10:41:23.181000Z</time>
      </trkpt>
      <trkpt lat="41.78309" lon="123.39746">
        <ele>44.505615</ele>
        <time>2015-07-28T10:41:26.400000Z</time>
      </trkpt>
      <trkpt lat="41.783" lon="123.39756">
        <ele>44.407104</ele>
        <time>2015-07-28T10:41:29.619000Z</time>
      </trkpt>
      <trkpt lat="41.782944" lon="123.39768">
        <ele>45.061592</ele>
        <time>2015-07-28T10:41:32.838000Z</time>
      </trkpt>
      <trkpt lat="41.782845" lon="123.39777">
        <ele>46.11416</ele>
        <time>2015-07-28T10:41:36.057000Z</time>
      </trkpt>
      <trkpt lat="41.78276" lon="123.39782">
        <ele>46.442818</ele>
        <time>2015-07-28T10:41:39.276000Z</time>
      </trkpt>
      <trkpt lat="41.782696" lon="123.39791">
        <ele>45.483917</ele>
        <time>2015-07-28T10:41:42.495000Z</time>
      </trkpt>
      <trkpt lat="41.782623" lon="123.397995">
        <ele>43.998695</ele>
        <time>2015-07-28T10:41:45.714000Z</time>
      </trkpt>
      <trkpt lat="41.782555" lon="123.39808">
        <ele>42.878716</ele>
        <time>2015-07-28T10:41:48.933000Z</time>
      </trkpt>
      <trkpt lat="41.78248" lon="123.39814">
        <ele>41.927357</ele>
        <time>2015-07-28T10:41:52.152000Z</time>
      </trkpt>
      <trkpt lat="41.782387" lon="123.39821">
        <ele>40.880924</ele>
        <time>2015-07-28T10:41:55.371000Z</time>
      </trkpt>
      <trkpt lat="41.78231" lon="123.39828">
        <ele>39.95057</ele>
        <time>2015-07-28T10:41:58.590000Z</time>
      </trkpt>
      <trkpt lat="41.7822" lon="123.39835">
        <ele>39.154964</ele>
        <time>2015-07-28T10:42:01.809000Z</time>
      </trkpt>
      <trkpt lat="41.782112" lon="123.3984">
        <ele>38.28943</ele>
        <time>2015-07-28T10:42:05.028000Z</time>
      </trkpt>
      <trkpt lat="41.782005" lon="123.39845">
        <ele>37.471096</ele>
        <time>2015-07-28T10:42:08.247000Z</time>
      </trkpt>
      <trkpt lat="41.781887" lon="123.39854">
        <ele>37.102352</ele>
        <time>2015-07-28T10:42:11.466000Z</time>
      </trkpt>
      <trkpt lat="41.781788" lon="123.39865">
        <ele>37.72875</ele>
        <time>2015-07-28T10:42:14.685000Z</time>
      </trkpt>
      <trkpt lat="41.78173" lon="123.39879">
        <ele>39.349155</ele>
        <time>2015-07-28T10:42:17.904000Z</time>
      </trkpt>
      <trkpt lat="41.7817" lon="123.39891">
        <ele>41.059696</ele>
        <time>2015-07-28T10:42:21.123000Z</time>
      </trkpt>
      <trkpt lat="41.781746" lon="123.39904">
        <ele>42.160633</ele>
        <time>2015-07-28T10:42:24.342000Z</time>
      </trkpt>
      <trkpt lat="41.781757" lon="123.39921">
        <ele>42.757114</ele>
        <time>2015-07-28T10:42:27.561000Z</time>
      </trkpt>
      <trkpt lat="41.781693" lon="123.39933">
        <ele>42.61561</ele>
        <time>2015-07-28T10:42:30.780000Z</time>
      </trkpt>
      <trkpt lat="41.781605" lon="123.39945">
        <ele>41.294933</ele>
        <time>2015-07-28T10:42:33.999000Z</time>
      </trkpt>
      <trkpt lat="41.781536" lon="123.39959">
        <ele>39.41564</ele>
        <time>2015-07-28T10:42:37.218000Z</time>
      </trkpt>
      <trkpt lat="41.7815" lon="123.39971">
        <ele>38.10241</ele>
        <time>2015-07-28T10:42:40.437000Z</time>
      </trkpt>
      <trkpt lat="41.78145" lon="123.39982">
        <ele>37.788536</ele>
        <time>2015-07-28T10:42:43.656000Z</time>
      </trkpt>
      <trkpt lat="41.781384" lon="123.399925">
        <ele>38.182667</ele>
        <time>2015-07-28T10:42:46.875000Z</time>
      </trkpt>
      <trkpt lat="41.781326" lon="123.400024">
        <ele>38.430294</ele>
        <time>2015-07-28T10:42:50.094000Z</time>
      </trkpt>
      <trkpt lat="41.78124" lon="123.40013">
        <ele>37.715878</ele>
        <time>2015-07-28T10:42:53.313000Z</time>
      </trkpt>
      <trkpt lat="41.781162" lon="123.4002">
        <ele>36.181595</ele>
        <time>2015-07-28T10:42:56.532000Z</time>
      </trkpt>
      <trkpt lat="41.78107" lon="123.4003">
        <ele>33.870007</ele>
        <time>2015-07-28T10:42:59.751000Z</time>
      </trkpt>
      <trkpt lat="41.780994" lon="123.40041">
        <ele>30.894825</ele>
        <time>2015-07-28T10:43:02.970000Z</time>
      </trkpt>
      <trkpt lat="41.780933" lon="123.400505">
        <ele>28.763498</ele>
        <time>2015-07-28T10:43:06.189000Z</time>
      </trkpt>
      <trkpt lat="41.78088" lon="123.40064">
        <ele>28.796839</ele>
        <time>2015-07-28T10:43:09.408000Z</time>
      </trkpt>
      <trkpt lat="41.78088" lon="123.400764">
        <ele>30.35568</ele>
        <time>2015-07-28T10:43:12.627000Z</time>
      </trkpt>
      <trkpt lat="41.780914" lon="123.40089">
        <ele>32.1889</ele>
        <time>2015-07-28T10:43:15.846000Z</time>
      </trkpt>
      <trkpt lat="41.78095" lon="123.40104">
        <ele>33.517433</ele>
        <time>2015-07-28T10:43:19.065000Z</time>
      </trkpt>
      <trkpt lat="41.78098" lon="123.40117">
        <ele>34.82319</ele>
        <time>2015-07-28T10:43:22.284000Z</time>
      </trkpt>
      <trkpt lat="41.781025" lon="123.40131">
        <ele>37.121014</ele>
        <time>2015-07-28T10:43:25.503000Z</time>
      </trkpt>
      <trkpt lat="41.78108" lon="123.40143">
        <ele>40.07389</ele>
        <time>2015-07-28T10:43:28.722000Z</time>
      </trkpt>
      <trkpt lat="41.78116" lon="123.40153">
        <ele>42.72471</ele>
        <time>2015-07-28T10:43:31.941000Z</time>
      </trkpt>
      <trkpt lat="41.781235" lon="123.40162">
        <ele>45.33554</ele>
        <time>2015-07-28T10:43:35.160000Z</time>
      </trkpt>
      <trkpt lat="41.78133" lon="123.40171">
        <ele>48.120186</ele>
        <time>2015-07-28T10:43:38.379000Z</time>
      </trkpt>
      <trkpt lat="41.781406" lon="123.40178">
        <ele>50.969845</ele>
        <time>2015-07-28T10:43:41.598000Z</time>
      </trkpt>
      <trkpt lat="41.781475" lon="123.40186">
        <ele>53.7374</ele>
        <time>2015-07-28T10:43:44.817000Z</time>
      </trkpt>
      <trkpt lat="41.78151" lon="123.40201">
        <ele>55.697464</ele>
        <time>2015-07-28T10:43:48.036000Z</time>
      </trkpt>
      <trkpt lat="41.781574" lon="123.402115">
        <ele>55.968296</ele>
        <time>2015-07-28T10:43:51.255000Z</time>
      </trkpt>
      <trkpt lat="41.781723" lon="123.40218">
        <ele>54.707344</ele>
        <time>2015-07-28T10:43:54.474000Z</time>
      </trkpt>
      <trkpt lat="41.78183" lon="123.40222">
        <ele>52.873287</ele>
        <time>2015-07-28T10:43:57.693000Z</time>
      </trkpt>
      <trkpt lat="41.782005" lon="123.402275">
        <ele>51.182888</ele>
        <time>2015-07-28T10:44:00.912000Z</time>
      </trkpt>
      <trkpt lat="41.78213" lon="123.402275">
        <ele>48.26422</ele>
        <time>2015-07-28T10:44:04.131000Z</time>
      </trkpt>
      <trkpt lat="41.782257" lon="123.402275">
        <ele>43.04437</ele>
        <time>2015-07-28T10:44:07.350000Z</time>
      </trkpt>
      <trkpt lat="41.78235" lon="123.40226">
        <ele>37.248356</ele>
        <time>2015-07-28T10:44:10.569000Z</time>
      </trkpt>
      <trkpt lat="41.78245" lon="123.4022">
        <ele>33.194706</ele>
        <time>2015-07-28T10:44:13.788000Z</time>
      </trkpt>
      <trkpt lat="41.782574" lon="123.40214">
        <ele>31.521557</ele>
        <time>2015-07-28T10:44:17.007000Z</time>
      </trkpt>
      <trkpt lat="41.782665" lon="123.40209">
        <ele>31.67437</ele>
        <time>2015-07-28T10:44:20.226000Z</time>
      </trkpt>
      <trkpt lat="41.782753" lon="123.40204">
        <ele>32.404175</ele>
        <time>2015-07-28T10:44:23.445000Z</time>
      </trkpt>
      <trkpt lat="41.78285" lon="123.40196">
        <ele>33.047604</ele>
        <time>2015-07-28T10:44:26.664000Z</time>
      </trkpt>
      <trkpt lat="41.782948" lon="123.40188">
        <ele>33.855843</ele>
        <time>2015-07-28T10:44:29.883000Z</time>
      </trkpt>
      <trkpt lat="41.78305" lon="123.40182">
        <ele>35.206795</ele>
        <time>2015-07-28T10:44:33.102000Z</time>
      </trkpt>
      <trkpt lat="41.783157" lon="123.40174">
        <ele>36.918888</ele>
        <time>2015-07-28T10:44:36.321000Z</time>
      </trkpt>
      <trkpt lat="41.783253" lon="123.40167">
        <ele>38.35375</ele>
        <time>2015-07-28T10:44:39.540000Z</time>
      </trkpt>
      <trkpt lat="41.783337" lon="123.40162">
        <ele>39.22126</ele>
        <time>2015-07-28T10:44:42.759000Z</time>
      </trkpt>
      <trkpt lat="41.783436" lon="123.40155">
        <ele>40.135292</ele>
        <time>2015-07-28T10:44:45.978000Z</time>
      </trkpt>
      <trkpt lat="41.783573" lon="123.401474">
        <ele>41.481583</ele>
        <time>2015-07-28T10:44:49.197000Z</time>
      </trkpt>
      <trkpt lat="41.783688" lon="123.40142">
        <ele>42.648052</ele>
        <time>2015-07-28T10:44:52.416000Z</time>
      </trkpt>
      <trkpt lat="41.7838" lon="123.4014">
        <ele>43.14161</ele>
        <time>2015-07-28T10:44:55.635000Z</time>
      </trkpt>
      <trkpt lat="41.78387" lon="123.40132">
        <ele>43.180393</ele>
        <time>2015-07-28T10:44:58.854000Z</time>
      </trkpt>
      <trkpt lat="41.783943" lon="123.40123">
        <ele>43.068935</ele>
        <time>2015-07-28T10:45:02.073000Z</time>
      </trkpt>
      <trkpt lat="41.784035" lon="123.401184">
        <ele>42.974068</ele>
        <time>2015-07-28T10:45:05.292000Z</time>
      </trkpt>
      <trkpt lat="41.78414" lon="123.40114">
        <ele>42.796314</ele>
        <time>2015-07-28T10:45:08.511000Z</time>
      </trkpt>
      <trkpt lat="41.784237" lon="123.40103">
        <ele>42.29551</ele>
        <time>2015-07-28T10:45:11.730000Z</time>
      </trkpt>
      <trkpt lat="41.784325" lon="123.400925">
        <ele>41.575405</ele>
        <time>2015-07-28T10:45:14.949000Z</time>
      </trkpt>
      <trkpt lat="41.784416" lon="123.400795">
        <ele>41.314777</ele>
        <time>2015-07-28T10:45:18.168000Z</time>
      </trkpt>
      <trkpt lat="41.7845" lon="123.40069">
        <ele>41.97412</ele>
        <time>2015-07-28T10:45:21.387000Z</time>
      </trkpt>
      <trkpt lat="41.78458" lon="123.40058">
        <ele>43.214706</ele>
        <time>2015-07-28T10:45:24.606000Z</time>
      </trkpt>
      <trkpt lat="41.784626" lon="123.40047">
        <ele>44.353886</ele>
        <time>2015-07-28T10:45:27.825000Z</time>
      </trkpt>
      <trkpt lat="41.78466" lon="123.40035">
        <ele>44.99522</ele>
        <time>2015-07-28T10:45:31.044000Z</time>
      </trkpt>
      <trkpt lat="41.784702" lon="123.40021">
        <ele>45.1529</ele>
        <time>2015-07-28T10:45:34.263000Z</time>
      </trkpt>
      <trkpt lat="41.78474" lon="123.40008">
        <ele>45.088745</ele>
        <time>2015-07-28T10:45:37.482000Z</time>
      </trkpt>
      <trkpt lat="41.784767" lon="123.39995">
        <ele>44.99557</ele>
        <time>2015-07-28T10:45:40.701000Z</time>
      </trkpt>
      <trkpt lat="41.78477" lon="123.39977">
        <ele>44.94379</ele>
        <time>2015-07-28T10:45:43.920000Z</time>
      </trkpt>
      <trkpt lat="41.784782" lon="123.399635">
        <ele>44.931396</ele>
        <time>2015-07-28T10:45:47.139000Z</time>
      </trkpt>
      <trkpt lat="41.78482" lon="123.39953">
        <ele>44.798656</ele>
        <time>2015-07-28T10:45:50.358000Z</time>
      </trkpt>
      <trkpt lat="41.784893" lon="123.39941">
        <ele>43.89367</ele>
        <time>2015-07-28T10:45:53.577000Z</time>
      </trkpt>
      <trkpt lat="41.784966" lon="123.39928">
        <ele>41.81249</ele>
        <time>2015-07-28T10:45:56.796000Z</time>
      </trkpt>
      <trkpt lat="41.785004" lon="123.39917">
        <ele>39.440678</ele>
        <time>2015-07-28T10:46:00.015000Z</time>
      </trkpt>
      <trkpt lat="41.785057" lon="123.39902">
        <ele>38.11195</ele>
        <time>2015-07-28T10:46:03.234000Z</time>
      </trkpt>
      <trkpt lat="41.785103" lon="123.39889">
        <ele>38.32092</ele>
        <time>2015-07-28T10:46:06.453000Z</time>
      </trkpt>
      <trkpt lat="41.785145" lon="123.39877">
        <ele>39.78315</ele>
        <time>2015-07-28T10:46:09.672000Z</time>
      </trkpt>
      <trkpt lat="41.78519" lon="123.39863">
        <ele>41.749664</ele>
        <time>2015-07-28T10:46:12.891000Z</time>
      </trkpt>
      <trkpt lat="41.785217" lon="123.398476">
        <ele>43.48232</ele>
        <time>2015-07-28T10:46:16.110000Z</time>
      </trkpt>
      <trkpt lat="41.78521" lon="123.3983">
        <ele>45.033607</ele>
        <time>2015-07-28T10:46:19.329000Z</time>
      </trkpt>
      <trkpt lat="41.78519" lon="123.39816">
        <ele>46.612595</ele>
        <time>2015-07-28T10:46:22.548000Z</time>
      </trkpt>
      <trkpt lat="41.785168" lon="123.39805">
        <ele>47.772472</ele>
        <time>2015-07-28T10:46:25.767000Z</time>
      </trkpt>
      <trkpt lat="41.785122" lon="123.39793">
        <ele>48.19478</ele>
        <time>2015-07-28T10:46:28.986000Z</time>
      </trkpt>
      <trkpt lat="41.785072" lon="123.39782">
        <ele>48.04368</ele>
        <time>2015-07-28T10:46:32.205000Z</time>
      </trkpt>
      <trkpt lat="41.785015" lon="123.39771">
        <ele>47.55375</ele>
        <time>2015-07-28T10:46:35.424000Z</time>
      </trkpt>
      <trkpt lat="41.78492" lon="123.397606">
        <ele>47.09021</ele>
        <time>2015-07-28T10:46:38.643000Z</time>
      </trkpt>
      <trkpt lat="41.78482" lon="123.397545">
        <ele>46.881237</ele>
        <time>2015-07-28T10:46:41.862000Z</time>
      </trkpt>
      <trkpt lat="41.784733" lon="123.39751">
        <ele>46.71799</ele>
        <time>2015-07-28T10:46:45.081000Z</time>
      </trkpt>
      <trkpt lat="41.784637" lon="123.39745">
        <ele>46.260612</ele>
        <time>2015-07-28T10:46:48.300000Z</time>
      </trkpt>
      <trkpt lat="41.784534" lon="123.397385">
        <ele>45.569027</ele>
        <time>2015-07-28T10:46:51.519000Z</time>
      </trkpt>
      <trkpt lat="41.78445" lon="123.39734">
        <ele>45.041115</ele>
        <time>2015-07-28T10:46:54.738000Z</time>
      </trkpt>
      <trkpt lat="41.78435" lon="123.39726">
        <ele>44.97937</ele>
        <time>2015-07-28T10:46:57.957000Z</time>
      </trkpt>
      <trkpt lat="41.78425" lon="123.39722">
        <ele>45.753876</ele>
        <time>2015-07-28T10:47:01.176000Z</time>
      </trkpt>
      <trkpt lat="41.784157" lon="123.39725">
        <ele>47.26001</ele>
        <time>2015-07-28T10:47:04.395000Z</time>
      </trkpt>
      <trkpt lat="41.78405" lon="123.397255">
        <ele>48.310074</ele>
        <time>2015-07-28T10:47:07.614000Z</time>
      </trkpt>
      <trkpt lat="41.783962" lon="123.39723">
        <ele>48.158585</ele>
        <time>2015-07-28T10:47:10.833000Z</time>
      </trkpt>
      <trkpt lat="41.783867" lon="123.397194">
        <ele>47.469124</ele>
        <time>2015-07-28T10:47:14.052000Z</time>
      </trkpt>
      <trkpt lat="41.783768" lon="123.397194">
        <ele>46.993835</ele>
        <time>2015-07-28T10:47:17.271000Z</time>
      </trkpt>
      <trkpt lat="41.78367" lon="123.39721">
        <ele>46.83288</ele>
        <time>2015-07-28T10:47:20.490000Z</time>
      </trkpt>
      <trkpt lat="41.783558" lon="123.39723">
        <ele>46.847263</ele>
        <time>2015-07-28T10:47:23.709000Z</time>
      </trkpt>
      <trkpt lat="41.783443" lon="123.39724">
        <ele>46.48941</ele>
        <time>2015-07-28T10:47:26.928000Z</time>
      </trkpt>
      <trkpt lat="41.783325" lon="123.39728">
        <ele>45.171898</ele>
        <time>2015-07-28T10:47:30.147000Z</time>
      </trkpt>
      <trkpt lat="41.783215" lon="123.39736">
        <ele>43.356625</ele>
        <time>2015-07-28T10:47:33.366000Z</time>
      </trkpt>
      <trkpt lat="41.78311" lon="123.39746">
        <ele>42.366993</ele>
        <time>2015-07-28T10:47:36.585000Z</time>
      </trkpt>
      <trkpt lat="41.783035" lon="123.39754">
        <ele>42.92836</ele>
        <time>2015-07-28T10:47:39.804000Z</time>
      </trkpt>
      <trkpt lat="41.782944" lon="123.39764">
        <ele>44.697147</ele>
        <time>2015-07-28T10:47:43.023000Z</time>
      </trkpt>
      <trkpt lat="41.78285" lon="123.39774">
        <ele>46.6556</ele>
        <time>2015-07-28T10:47:46.242000Z</time>
      </trkpt>
      <trkpt lat="41.782764" lon="123.39782">
        <ele>47.62432</ele>
        <time>2015-07-28T10:47:49.461000Z</time>
      </trkpt>
      <trkpt lat="41.782677" lon="123.39794">
        <ele>47.282787</ele>
        <time>2015-07-28T10:47:52.680000Z</time>
      </trkpt>
      <trkpt lat="41.782604" lon="123.39808">
        <ele>46.197243</ele>
        <time>2015-07-28T10:47:55.899000Z</time>
      </trkpt>
      <trkpt lat="41.78252" lon="123.39817">
        <ele>44.966286</ele>
        <time>2015-07-28T10:47:59.118000Z</time>
      </trkpt>
      <trkpt lat="41.782425" lon="123.398254">
        <ele>44.07359</ele>
        <time>2015-07-28T10:48:02.337000Z</time>
      </trkpt>
      <trkpt lat="41.782337" lon="123.39834">
        <ele>43.753036</ele>
        <time>2015-07-28T10:48:05.556000Z</time>
      </trkpt>
      <trkpt lat="41.78222" lon="123.398415">
        <ele>43.489986</ele>
        <time>2015-07-28T10:48:08.775000Z</time>
      </trkpt>
      <trkpt lat="41.78211" lon="123.39846">
        <ele>42.733364</ele>
        <time>2015-07-28T10:48:11.994000Z</time>
      </trkpt>
      <trkpt lat="41.782005" lon="123.3985">
        <ele>41.707012</ele>
        <time>2015-07-28T10:48:15.213000Z</time>
      </trkpt>
      <trkpt lat="41.781914" lon="123.39855">
        <ele>41.15081</ele>
        <time>2015-07-28T10:48:18.432000Z</time>
      </trkpt>
      <trkpt lat="41.781837" lon="123.39864">
        <ele>41.41916</ele>
        <time>2015-07-28T10:48:21.651000Z</time>
      </trkpt>
      <trkpt lat="41.781803" lon="123.39875">
        <ele>42.311768</ele>
        <time>2015-07-28T10:48:24.870000Z</time>
      </trkpt>
      <trkpt lat="41.781773" lon="123.39888">
        <ele>43.57704</ele>
        <time>2015-07-28T10:48:28.089000Z</time>
      </trkpt>
      <trkpt lat="41.781765" lon="123.399025">
        <ele>45.20067</ele>
        <time>2015-07-28T10:48:31.308000Z</time>
      </trkpt>
      <trkpt lat="41.781746" lon="123.399155">
        <ele>46.849407</ele>
        <time>2015-07-28T10:48:34.527000Z</time>
      </trkpt>
      <trkpt lat="41.781715" lon="123.39929">
        <ele>48.041126</ele>
        <time>2015-07-28T10:48:37.746000Z</time>
      </trkpt>
      <trkpt lat="41.781673" lon="123.39942">
        <ele>48.723488</ele>
        <time>2015-07-28T10:48:40.965000Z</time>
      </trkpt>
      <trkpt lat="41.7816" lon="123.39958">
        <ele>49.44976</ele>
        <time>2015-07-28T10:48:44.184000Z</time>
      </trkpt>
      <trkpt lat="41.781536" lon="123.39969">
        <ele>50.84579</ele>
        <time>2015-07-28T10:48:47.403000Z</time>
      </trkpt>
      <trkpt lat="41.78146" lon="123.39976">
        <ele>52.61514</ele>
        <time>2015-07-28T10:48:50.622000Z</time>
      </trkpt>
      <trkpt lat="41.781387" lon="123.39985">
        <ele>54.100574</ele>
        <time>2015-07-28T10:48:53.841000Z</time>
      </trkpt>
      <trkpt lat="41.781338" lon="123.39998">
        <ele>55.225426</ele>
        <time>2015-07-28T10:48:57.060000Z</time>
      </trkpt>
      <trkpt lat="41.78128" lon="123.40008">
        <ele>55.924393</ele>
        <time>2015-07-28T10:49:00.279000Z</time>
      </trkpt>
      <trkpt lat="41.781204" lon="123.40016">
        <ele>56.129498</ele>
        <time>2015-07-28T10:49:03.497000Z</time>
      </trkpt>
      <trkpt lat="41.781094" lon="123.40027">
        <ele>55.946404</ele>
        <time>2015-07-28T10:49:06.715000Z</time>
      </trkpt>
      <trkpt lat="41.781013" lon="123.400345">
        <ele>54.803402</ele>
        <time>2015-07-28T10:49:09.933000Z</time>
      </trkpt>
      <trkpt lat="41.780945" lon="123.40047">
        <ele>52.16343</ele>
        <time>2015-07-28T10:49:13.151000Z</time>
      </trkpt>
      <trkpt lat="41.78089" lon="123.40058">
        <ele>48.90689</ele>
        <time>2015-07-28T10:49:16.369000Z</time>
      </trkpt>
      <trkpt lat="41.78084" lon="123.40068">
        <ele>46.677933</ele>
        <time>2015-07-28T10:49:19.587000Z</time>
      </trkpt>
      <trkpt lat="41.78084" lon="123.40083">
        <ele>46.047497</ele>
        <time>2015-07-28T10:49:22.805000Z</time>
      </trkpt>
      <trkpt lat="41.780884" lon="123.401">
        <ele>46.34669</ele>
        <time>2015-07-28T10:49:26.023000Z</time>
      </trkpt>
      <trkpt lat="41.780952" lon="123.40119">
        <ele>46.7513</ele>
        <time>2015-07-28T10:49:29.241000Z</time>
      </trkpt>
      <trkpt lat="41.78102" lon="123.40132">
        <ele>47.108486</ele>
        <time>2015-07-28T10:49:32.459000Z</time>
      </trkpt>
      <trkpt lat="41.78109" lon="123.401405">
        <ele>47.932312</ele>
        <time>2015-07-28T10:49:35.677000Z</time>
      </trkpt>
      <trkpt lat="41.781162" lon="123.40148">
        <ele>49.356174</ele>
        <time>2015-07-28T10:49:38.895000Z</time>
      </trkpt>
      <trkpt lat="41.78125" lon="123.4016">
        <ele>50.330322</ele>
        <time>2015-07-28T10:49:42.113000Z</time>
      </trkpt>
      <trkpt lat="41.78134" lon="123.40172">
        <ele>50.145184</ele>
        <time>2015-07-28T10:49:45.331000Z</time>
      </trkpt>
      <trkpt lat="41.781425" lon="123.40179">
        <ele>49.452053</ele>
        <time>2015-07-28T10:49:48.549000Z</time>
      </trkpt>
      <trkpt lat="41.78153" lon="123.40183">
        <ele>48.845413</ele>
        <time>2015-07-28T10:49:51.767000Z</time>
      </trkpt>
      <trkpt lat="41.781654" lon="123.401924">
        <ele>48.33074</ele>
        <time>2015-07-28T10:49:54.985000Z</time>
      </trkpt>
      <trkpt lat="41.78175" lon="123.401985">
        <ele>48.116573</ele>
        <time>2015-07-28T10:49:58.203000Z</time>
      </trkpt>
      <trkpt lat="41.781822" lon="123.40208">
        <ele>48.35815</ele>
        <time>2015-07-28T10:50:01.421000Z</time>
      </trkpt>
      <trkpt lat="41.781956" lon="123.40212">
        <ele>49.01537</ele>
        <time>2015-07-28T10:50:04.639000Z</time>
      </trkpt>
      <trkpt lat="41.782063" lon="123.402176">
        <ele>49.952713</ele>
        <time>2015-07-28T10:50:07.857000Z</time>
      </trkpt>
      <trkpt lat="41.782154" lon="123.40224">
        <ele>50.19396</ele>
        <time>2015-07-28T10:50:11.075000Z</time>
      </trkpt>
      <trkpt lat="41.78226" lon="123.40233">
        <ele>48.53163</ele>
        <time>2015-07-28T10:50:14.293000Z</time>
      </trkpt>
      <trkpt lat="41.782364" lon="123.40232">
        <ele>45.636223</ele>
        <time>2015-07-28T10:50:17.511000Z</time>
      </trkpt>
      <trkpt lat="41.78246" lon="123.40229">
        <ele>43.79443</ele>
        <time>2015-07-28T10:50:20.729000Z</time>
      </trkpt>
      <trkpt lat="41.782574" lon="123.402245">
        <ele>44.002388</ele>
        <time>2015-07-28T10:50:23.947000Z</time>
      </trkpt>
      <trkpt lat="41.78269" lon="123.40217">
        <ele>45.236248</ele>
        <time>2015-07-28T10:50:27.165000Z</time>
      </trkpt>
      <trkpt lat="41.782772" lon="123.4021">
        <ele>46.360806</ele>
        <time>2015-07-28T10:50:30.383000Z</time>
      </trkpt>
      <trkpt lat="41.782845" lon="123.40201">
        <ele>46.993057</ele>
        <time>2015-07-28T10:50:33.601000Z</time>
      </trkpt>
      <trkpt lat="41.782944" lon="123.40195">
        <ele>47.0099</ele>
        <time>2015-07-28T10:50:36.819000Z</time>
      </trkpt>
      <trkpt lat="41.783028" lon="123.401886">
        <ele>45.75737</ele>
        <time>2015-07-28T10:50:40.037000Z</time>
      </trkpt>
      <trkpt lat="41.78311" lon="123.4018">
        <ele>43.13661</ele>
        <time>2015-07-28T10:50:43.255000Z</time>
      </trkpt>
      <trkpt lat="41.78319" lon="123.401726">
        <ele>40.831867</ele>
        <time>2015-07-28T10:50:46.473000Z</time>
      </trkpt>
      <trkpt lat="41.783268" lon="123.40166">
        <ele>40.37784</ele>
        <time>2015-07-28T10:50:49.691000Z</time>
      </trkpt>
      <trkpt lat="41.783356" lon="123.40158">
        <ele>41.75778</ele>
        <time>2015-07-28T10:50:52.909000Z</time>
      </trkpt>
      <trkpt lat="41.78345" lon="123.40152">
        <ele>43.96913</ele>
        <time>2015-07-28T10:50:56.127000Z</time>
      </trkpt>
      <trkpt lat="41.783554" lon="123.401474">
        <ele>45.929707</ele>
        <time>2015-07-28T10:50:59.345000Z</time>
      </trkpt>
      <trkpt lat="41.783665" lon="123.40143">
        <ele>47.56226</ele>
        <time>2015-07-28T10:51:02.563000Z</time>
      </trkpt>
      <trkpt lat="41.783756" lon="123.40137">
        <ele>49.019604</ele>
        <time>2015-07-28T10:51:05.781000Z</time>
      </trkpt>
      <trkpt lat="41.783825" lon="123.40128">
        <ele>49.92668</ele>
        <time>2015-07-28T10:51:08.999000Z</time>
      </trkpt>
      <trkpt lat="41.783905" lon="123.40123">
        <ele>49.64083</ele>
        <time>2015-07-28T10:51:12.217000Z</time>
      </trkpt>
      <trkpt lat="41.78401" lon="123.40119">
        <ele>48.143486</ele>
        <time>2015-07-28T10:51:15.435000Z</time>
      </trkpt>
      <trkpt lat="41.784107" lon="123.40111">
        <ele>46.546265</ele>
        <time>2015-07-28T10:51:18.653000Z</time>
      </trkpt>
      <trkpt lat="41.7842" lon="123.40102">
        <ele>45.771835</ele>
        <time>2015-07-28T10:51:21.871000Z</time>
      </trkpt>
      <trkpt lat="41.784252" lon="123.40091">
        <ele>45.644577</ele>
        <time>2015-07-28T10:51:25.089000Z</time>
      </trkpt>
      <trkpt lat="41.784313" lon="123.40082">
        <ele>45.49318</ele>
        <time>2015-07-28T10:51:28.307000Z</time>
      </trkpt>
      <trkpt lat="41.7844" lon="123.40071">
        <ele>44.903618</ele>
        <time>2015-07-28T10:51:31.525000Z</time>
      </trkpt>
      <trkpt lat="41.7845" lon="123.40059">
        <ele>44.365246</ele>
        <time>2015-07-28T10:51:34.743000Z</time>
      </trkpt>
      <trkpt lat="41.78458" lon="123.40047">
        <ele>44.384373</ele>
        <time>2015-07-28T10:51:37.961000Z</time>
      </trkpt>
      <trkpt lat="41.784645" lon="123.40036">
        <ele>44.55215</ele>
        <time>2015-07-28T10:51:41.179000Z</time>
      </trkpt>
      <trkpt lat="41.784687" lon="123.40023">
        <ele>44.2787</ele>
        <time>2015-07-28T10:51:44.397000Z</time>
      </trkpt>
      <trkpt lat="41.78471" lon="123.40011">
        <ele>43.631107</ele>
        <time>2015-07-28T10:51:47.615000Z</time>
      </trkpt>
      <trkpt lat="41.784725" lon="123.39999">
        <ele>43.08387</ele>
        <time>2015-07-28T10:51:50.833000Z</time>
      </trkpt>
      <trkpt lat="41.784744" lon="123.39984">
        <ele>43.271416</ele>
        <time>2015-07-28T10:51:54.051000Z</time>
      </trkpt>
      <trkpt lat="41.78475" lon="123.39972">
        <ele>44.474503</ele>
        <time>2015-07-28T10:51:57.269000Z</time>
      </trkpt>
      <trkpt lat="41.784763" lon="123.39956">
        <ele>45.99627</ele>
        <time>2015-07-28T10:52:00.487000Z</time>
      </trkpt>
      <trkpt lat="41.784817" lon="123.39942">
        <ele>46.7978</ele>
        <time>2015-07-28T10:52:03.705000Z</time>
      </trkpt>
      <trkpt lat="41.784874" lon="123.399315">
        <ele>46.710953</ele>
        <time>2015-07-28T10:52:06.923000Z</time>
      </trkpt>
      <trkpt lat="41.78494" lon="123.39921">
        <ele>46.41727</ele>
        <time>2015-07-28T10:52:10.141000Z</time>
      </trkpt>
      <trkpt lat="41.785004" lon="123.39906">
        <ele>46.47716</ele>
        <time>2015-07-28T10:52:13.359000Z</time>
      </trkpt>
      <trkpt lat="41.78507" lon="123.39892">
        <ele>46.882233</ele>
        <time>2015-07-28T10:52:16.577000Z</time>
      </trkpt>
      <trkpt lat="41.78512" lon="123.39882">
        <ele>47.56393</ele>
        <time>2015-07-28T10:52:19.795000Z</time>
      </trkpt>
      <trkpt lat="41.78517" lon="123.39868">
        <ele>48.769833</ele>
        <time>2015-07-28T10:52:23.013000Z</time>
      </trkpt>
      <trkpt lat="41.785206" lon="123.39856">
        <ele>50.66489</ele>
        <time>2015-07-28T10:52:26.231000Z</time>
      </trkpt>
      <trkpt lat="41.785213" lon="123.3984">
        <ele>52.672832</ele>
        <time>2015-07-28T10:52:29.449000Z</time>
      </trkpt>
      <trkpt lat="41.785194" lon="123.39828">
        <ele>53.919147</ele>
        <time>2015-07-28T10:52:32.667000Z</time>
      </trkpt>
      <trkpt lat="41.785164" lon="123.39814">
        <ele>54.28423</ele>
        <time>2015-07-28T10:52:35.885000Z</time>
      </trkpt>
      <trkpt lat="41.785137" lon="123.39801">
        <ele>54.20365</ele>
        <time>2015-07-28T10:52:39.103000Z</time>
      </trkpt>
      <trkpt lat="41.785084" lon="123.39791">
        <ele>54.039043</ele>
        <time>2015-07-28T10:52:42.321000Z</time>
      </trkpt>
      <trkpt lat="41.785007" lon="123.39776">
        <ele>53.938217</ele>
        <time>2015-07-28T10:52:45.539000Z</time>
      </trkpt>
      <trkpt lat="41.78495" lon="123.39764">
        <ele>53.771126</ele>
        <time>2015-07-28T10:52:48.757000Z</time>
      </trkpt>
      <trkpt lat="41.78487" lon="123.397545">
        <ele>53.28004</ele>
        <time>2015-07-28T10:52:51.975000Z</time>
      </trkpt>
      <trkpt lat="41.78479" lon="123.39749">
        <ele>52.5642</ele>
        <time>2015-07-28T10:52:55.193000Z</time>
      </trkpt>
      <trkpt lat="41.784714" lon="123.39741">
        <ele>52.02766</ele>
        <time>2015-07-28T10:52:58.411000Z</time>
      </trkpt>
      <trkpt lat="41.784622" lon="123.397354">
        <ele>51.966335</ele>
        <time>2015-07-28T10:53:01.629000Z</time>
      </trkpt>
      <trkpt lat="41.78451" lon="123.39728">
        <ele>52.329082</ele>
        <time>2015-07-28T10:53:04.847000Z</time>
      </trkpt>
      <trkpt lat="41.784405" lon="123.39722">
        <ele>52.757504</ele>
        <time>2015-07-28T10:53:08.065000Z</time>
      </trkpt>
      <trkpt lat="41.78431" lon="123.39719">
        <ele>53.252666</ele>
        <time>2015-07-28T10:53:11.283000Z</time>
      </trkpt>
      <trkpt lat="41.784187" lon="123.397224">
        <ele>54.153095</ele>
        <time>2015-07-28T10:53:14.501000Z</time>
      </trkpt>
      <trkpt lat="41.784092" lon="123.39728">
        <ele>55.221447</ele>
        <time>2015-07-28T10:53:17.719000Z</time>
      </trkpt>
      <trkpt lat="41.783974" lon="123.397285">
        <ele>55.90644</ele>
        <time>2015-07-28T10:53:20.937000Z</time>
      </trkpt>
      <trkpt lat="41.783886" lon="123.39723">
        <ele>55.978954</ele>
        <time>2015-07-28T10:53:24.155000Z</time>
      </trkpt>
      <trkpt lat="41.783783" lon="123.39722">
        <ele>55.44415</ele>
        <time>2015-07-28T10:53:27.373000Z</time>
      </trkpt>
      <trkpt lat="41.78367" lon="123.39723">
        <ele>54.21263</ele>
        <time>2015-07-28T10:53:30.591000Z</time>
      </trkpt>
      <trkpt lat="41.78357" lon="123.39725">
        <ele>52.53281</ele>
        <time>2015-07-28T10:53:33.809000Z</time>
      </trkpt>
      <trkpt lat="41.783455" lon="123.39725">
        <ele>51.344173</ele>
        <time>2015-07-28T10:53:37.027000Z</time>
      </trkpt>
      <trkpt lat="41.783344" lon="123.39728">
        <ele>51.184963</ele>
        <time>2015-07-28T10:53:40.245000Z</time>
      </trkpt>
      <trkpt lat="41.783253" lon="123.397354">
        <ele>50.851204</ele>
        <time>2015-07-28T10:53:43.463000Z</time>
      </trkpt>
      <trkpt lat="41.783142" lon="123.39741">
        <ele>49.227474</ele>
        <time>2015-07-28T10:53:46.681000Z</time>
      </trkpt>
      <trkpt lat="41.78305" lon="123.39747">
        <ele>47.016525</ele>
        <time>2015-07-28T10:53:49.899000Z</time>
      </trkpt>
      <trkpt lat="41.782978" lon="123.397545">
        <ele>45.42244</ele>
        <time>2015-07-28T10:53:53.117000Z</time>
      </trkpt>
      <trkpt lat="41.782913" lon="123.39768">
        <ele>44.57733</ele>
        <time>2015-07-28T10:53:56.335000Z</time>
      </trkpt>
      <trkpt lat="41.782867" lon="123.3978">
        <ele>44.140045</ele>
        <time>2015-07-28T10:53:59.553000Z</time>
      </trkpt>
      <trkpt lat="41.78279" lon="123.3979">
        <ele>43.91383</ele>
        <time>2015-07-28T10:54:02.771000Z</time>
      </trkpt>
      <trkpt lat="41.782707" lon="123.39803">
        <ele>43.73014</ele>
        <time>2015-07-28T10:54:05.989000Z</time>
      </trkpt>
      <trkpt lat="41.78263" lon="123.398155">
        <ele>43.40048</ele>
        <time>2015-07-28T10:54:09.207000Z</time>
      </trkpt>
      <trkpt lat="41.78254" lon="123.39825">
        <ele>43.066746</ele>
        <time>2015-07-28T10:54:12.425000Z</time>
      </trkpt>
      <trkpt lat="41.782448" lon="123.39831">
        <ele>42.771538</ele>
        <time>2015-07-28T10:54:15.643000Z</time>
      </trkpt>
      <trkpt lat="41.782345" lon="123.39837">
        <ele>42.52683</ele>
        <time>2015-07-28T10:54:18.861000Z</time>
      </trkpt>
      <trkpt lat="41.78223" lon="123.39841">
        <ele>42.54474</ele>
        <time>2015-07-28T10:54:22.079000Z</time>
      </trkpt>
      <trkpt lat="41.782135" lon="123.398445">
        <ele>42.766106</ele>
        <time>2015-07-28T10:54:25.297000Z</time>
      </trkpt>
      <trkpt lat="41.78204" lon="123.39845">
        <ele>42.927464</ele>
        <time>2015-07-28T10:54:28.515000Z</time>
      </trkpt>
      <trkpt lat="41.781944" lon="123.39848">
        <ele>43.123905</ele>
        <time>2015-07-28T10:54:31.733000Z</time>
      </trkpt>
      <trkpt lat="41.781857" lon="123.39855">
        <ele>43.971024</ele>
        <time>2015-07-28T10:54:34.951000Z</time>
      </trkpt>
      <trkpt lat="41.781796" lon="123.39865">
        <ele>44.233852</ele>
        <time>2015-07-28T10:54:38.169000Z</time>
      </trkpt>
      <trkpt lat="41.781742" lon="123.398766">
        <ele>43.932854</ele>
        <time>2015-07-28T10:54:41.387000Z</time>
      </trkpt>
      <trkpt lat="41.781693" lon="123.39887">
        <ele>43.340675</ele>
        <time>2015-07-28T10:54:44.605000Z</time>
      </trkpt>
      <trkpt lat="41.781673" lon="123.399">
        <ele>43.019184</ele>
        <time>2015-07-28T10:54:47.823000Z</time>
      </trkpt>
      <trkpt lat="41.781666" lon="123.39914">
        <ele>42.842823</ele>
        <time>2015-07-28T10:54:51.041000Z</time>
      </trkpt>
      <trkpt lat="41.781605" lon="123.39926">
        <ele>42.10872</ele>
        <time>2015-07-28T10:54:54.259000Z</time>
      </trkpt>
      <trkpt lat="41.781536" lon="123.39939">
        <ele>41.283512</ele>
        <time>2015-07-28T10:54:57.477000Z</time>
      </trkpt>
      <trkpt lat="41.781475" lon="123.39954">
        <ele>40.87215</ele>
        <time>2015-07-28T10:55:00.695000Z</time>
      </trkpt>
      <trkpt lat="41.781452" lon="123.3997">
        <ele>40.93612</ele>
        <time>2015-07-28T10:55:03.913000Z</time>
      </trkpt>
      <trkpt lat="41.78145" lon="123.39985">
        <ele>41.35741</ele>
        <time>2015-07-28T10:55:07.131000Z</time>
      </trkpt>
      <trkpt lat="41.781376" lon="123.399994">
        <ele>42.07052</ele>
        <time>2015-07-28T10:55:10.349000Z</time>
      </trkpt>
      <trkpt lat="41.78131" lon="123.40012">
        <ele>43.965935</ele>
        <time>2015-07-28T10:55:13.567000Z</time>
      </trkpt>
      <trkpt lat="41.78126" lon="123.40026">
        <ele>47.25631</ele>
        <time>2015-07-28T10:55:16.785000Z</time>
      </trkpt>
      <trkpt lat="41.781197" lon="123.40036">
        <ele>50.01958</ele>
        <time>2015-07-28T10:55:20.003000Z</time>
      </trkpt>
      <trkpt lat="41.781086" lon="123.400444">
        <ele>50.90398</ele>
        <time>2015-07-28T10:55:23.221000Z</time>
      </trkpt>
      <trkpt lat="41.781006" lon="123.400566">
        <ele>50.91988</ele>
        <time>2015-07-28T10:55:26.439000Z</time>
      </trkpt>
      <trkpt lat="41.78096" lon="123.40071">
        <ele>51.329998</ele>
        <time>2015-07-28T10:55:29.657000Z</time>
      </trkpt>
      <trkpt lat="41.78093" lon="123.40084">
        <ele>52.16621</ele>
        <time>2015-07-28T10:55:32.875000Z</time>
      </trkpt>
      <trkpt lat="41.78093" lon="123.40084">
        <ele>52.701126</ele>
        <time>2015-07-28T10:55:36.093000Z</time>
      </trkpt>
      <trkpt lat="41.780865" lon="123.40098">
        <ele>52.628704</ele>
        <time>2015-07-28T10:55:39.311000Z</time>
      </trkpt>
      <trkpt lat="41.780827" lon="123.40109">
        <ele>52.264076</ele>
        <time>2015-07-28T10:55:42.529000Z</time>
      </trkpt>
      <trkpt lat="41.780838" lon="123.40123">
        <ele>51.987556</ele>
        <time>2015-07-28T10:55:45.747000Z</time>
      </trkpt>
      <trkpt lat="41.780838" lon="123.40123">
        <ele>51.881794</ele>
        <time>2015-07-28T10:55:48.965000Z</time>
      </trkpt>
      <trkpt lat="41.780888" lon="123.40136">
        <ele>51.879585</ele>
        <time>2015-07-28T10:55:52.183000Z</time>
      </trkpt>
      <trkpt lat="41.78099" lon="123.40144">
        <ele>51.909523</ele>
        <time>2015-07-28T10:55:55.401000Z</time>
      </trkpt>
      <trkpt lat="41.7811" lon="123.401505">
        <ele>52.072563</ele>
        <time>2015-07-28T10:55:58.619000Z</time>
      </trkpt>
      <trkpt lat="41.781193" lon="123.401566">
        <ele>52.5808</ele>
        <time>2015-07-28T10:56:01.837000Z</time>
      </trkpt>
      <trkpt lat="41.78128" lon="123.401634">
        <ele>53.8634</ele>
        <time>2015-07-28T10:56:05.055000Z</time>
      </trkpt>
      <trkpt lat="41.78128" lon="123.401634">
        <ele>55.84519</ele>
        <time>2015-07-28T10:56:08.273000Z</time>
      </trkpt>
      <trkpt lat="41.78137" lon="123.40171">
        <ele>57.384518</ele>
        <time>2015-07-28T10:56:11.491000Z</time>
      </trkpt>
      <trkpt lat="41.781467" lon="123.401764">
        <ele>57.287994</ele>
        <time>2015-07-28T10:56:14.709000Z</time>
      </trkpt>
      <trkpt lat="41.78156" lon="123.40184">
        <ele>55.992764</ele>
        <time>2015-07-28T10:56:17.927000Z</time>
      </trkpt>
      <trkpt lat="41.78156" lon="123.40184">
        <ele>54.903843</ele>
        <time>2015-07-28T10:56:21.145000Z</time>
      </trkpt>
      <trkpt lat="41.78165" lon="123.401924">
        <ele>54.748283</ele>
        <time>2015-07-28T10:56:24.363000Z</time>
      </trkpt>
      <trkpt lat="41.78174" lon="123.401985">
        <ele>55.473053</ele>
        <time>2015-07-28T10:56:27.581000Z</time>
      </trkpt>
      <trkpt lat="41.781845" lon="123.402054">
        <ele>56.713387</ele>
        <time>2015-07-28T10:56:30.799000Z</time>
      </trkpt>
      <trkpt lat="41.781963" lon="123.402115">
        <ele>56.88786</ele>
        <time>2015-07-28T10:56:34.017000Z</time>
      </trkpt>
      <trkpt lat="41.78207" lon="123.40219">
        <ele>54.991558</ele>
        <time>2015-07-28T10:56:37.235000Z</time>
      </trkpt>
      <trkpt lat="41.78216" lon="123.40225">
        <ele>51.739944</ele>
        <time>2015-07-28T10:56:40.453000Z</time>
      </trkpt>
      <trkpt lat="41.78226" lon="123.40231">
        <ele>48.27885</ele>
        <time>2015-07-28T10:56:43.671000Z</time>
      </trkpt>
      <trkpt lat="41.782383" lon="123.40231">
        <ele>45.655804</ele>
        <time>2015-07-28T10:56:46.889000Z</time>
      </trkpt>
      <trkpt lat="41.782494" lon="123.40229">
        <ele>44.531326</ele>
        <time>2015-07-28T10:56:50.107000Z</time>
      </trkpt>
      <trkpt lat="41.78259" lon="123.40223">
        <ele>44.84766</ele>
        <time>2015-07-28T10:56:53.325000Z</time>
      </trkpt>
      <trkpt lat="41.78268" lon="123.40217">
        <ele>46.588413</ele>
        <time>2015-07-28T10:56:56.543000Z</time>
      </trkpt>
      <trkpt lat="41.78278" lon="123.4021">
        <ele>48.989765</ele>
        <time>2015-07-28T10:56:59.761000Z</time>
      </trkpt>
      <trkpt lat="41.782867" lon="123.402">
        <ele>50.714058</ele>
        <time>2015-07-28T10:57:02.979000Z</time>
      </trkpt>
      <trkpt lat="41.782948" lon="123.40191">
        <ele>51.18829</ele>
        <time>2015-07-28T10:57:06.197000Z</time>
      </trkpt>
      <trkpt lat="41.78302" lon="123.40183">
        <ele>50.79762</ele>
        <time>2015-07-28T10:57:09.415000Z</time>
      </trkpt>
      <trkpt lat="41.783092" lon="123.40174">
        <ele>50.23055</ele>
        <time>2015-07-28T10:57:12.633000Z</time>
      </trkpt>
      <trkpt lat="41.783176" lon="123.40168">
        <ele>49.777267</ele>
        <time>2015-07-28T10:57:15.851000Z</time>
      </trkpt>
      <trkpt lat="41.783276" lon="123.40163">
        <ele>49.480175</ele>
        <time>2015-07-28T10:57:19.069000Z</time>
      </trkpt>
      <trkpt lat="41.78337" lon="123.401566">
        <ele>49.50373</ele>
        <time>2015-07-28T10:57:22.287000Z</time>
      </trkpt>
      <trkpt lat="41.783463" lon="123.401535">
        <ele>49.74427</ele>
        <time>2015-07-28T10:57:25.505000Z</time>
      </trkpt>
      <trkpt lat="41.783566" lon="123.401505">
        <ele>49.78026</ele>
        <time>2015-07-28T10:57:28.723000Z</time>
      </trkpt>
      <trkpt lat="41.783672" lon="123.40145">
        <ele>49.4828</ele>
        <time>2015-07-28T10:57:31.941000Z</time>
      </trkpt>
      <trkpt lat="41.783825" lon="123.40141">
        <ele>49.248863</ele>
        <time>2015-07-28T10:57:35.159000Z</time>
      </trkpt>
      <trkpt lat="41.78394" lon="123.40133">
        <ele>49.413692</ele>
        <time>2015-07-28T10:57:38.377000Z</time>
      </trkpt>
      <trkpt lat="41.78405" lon="123.40124">
        <ele>49.466114</ele>
        <time>2015-07-28T10:57:41.595000Z</time>
      </trkpt>
      <trkpt lat="41.78414" lon="123.40115">
        <ele>47.97935</ele>
        <time>2015-07-28T10:57:44.813000Z</time>
      </trkpt>
      <trkpt lat="41.784206" lon="123.40105">
        <ele>44.22544</ele>
        <time>2015-07-28T10:57:48.031000Z</time>
      </trkpt>
      <trkpt lat="41.784264" lon="123.40095">
        <ele>39.835045</ele>
        <time>2015-07-28T10:57:51.249000Z</time>
      </trkpt>
      <trkpt lat="41.78433" lon="123.40082">
        <ele>37.050476</ele>
        <time>2015-07-28T10:57:54.467000Z</time>
      </trkpt>
      <trkpt lat="41.784393" lon="123.40072">
        <ele>36.483852</ele>
        <time>2015-07-28T10:57:57.685000Z</time>
      </trkpt>
      <trkpt lat="41.78449" lon="123.40065">
        <ele>37.501312</ele>
        <time>2015-07-28T10:58:00.903000Z</time>
      </trkpt>
      <trkpt lat="41.78456" lon="123.40053">
        <ele>39.512905</ele>
        <time>2015-07-28T10:58:04.121000Z</time>
      </trkpt>
      <trkpt lat="41.784603" lon="123.40042">
        <ele>42.03596</ele>
        <time>2015-07-28T10:58:07.339000Z</time>
      </trkpt>
      <trkpt lat="41.78466" lon="123.40029">
        <ele>44.168766</ele>
        <time>2015-07-28T10:58:10.557000Z</time>
      </trkpt>
      <trkpt lat="41.784702" lon="123.400154">
        <ele>45.330044</ele>
        <time>2015-07-28T10:58:13.775000Z</time>
      </trkpt>
      <trkpt lat="41.784725" lon="123.400024">
        <ele>45.85159</ele>
        <time>2015-07-28T10:58:16.993000Z</time>
      </trkpt>
      <trkpt lat="41.784756" lon="123.39989">
        <ele>45.222008</ele>
        <time>2015-07-28T10:58:20.211000Z</time>
      </trkpt>
      <trkpt lat="41.78474" lon="123.39974">
        <ele>43.064064</ele>
        <time>2015-07-28T10:58:23.429000Z</time>
      </trkpt>
      <trkpt lat="41.784744" lon="123.39959">
        <ele>40.791676</ele>
        <time>2015-07-28T10:58:26.647000Z</time>
      </trkpt>
      <trkpt lat="41.78477" lon="123.39945">
        <ele>39.559586</ele>
        <time>2015-07-28T10:58:29.865000Z</time>
      </trkpt>
      <trkpt lat="41.78481" lon="123.39934">
        <ele>38.886383</ele>
        <time>2015-07-28T10:58:33.083000Z</time>
      </trkpt>
      <trkpt lat="41.784885" lon="123.399254">
        <ele>38.337044</ele>
        <time>2015-07-28T10:58:36.301000Z</time>
      </trkpt>
      <trkpt lat="41.784943" lon="123.399124">
        <ele>38.25395</ele>
        <time>2015-07-28T10:58:39.519000Z</time>
      </trkpt>
      <trkpt lat="41.784992" lon="123.39901">
        <ele>38.859955</ele>
        <time>2015-07-28T10:58:42.737000Z</time>
      </trkpt>
      <trkpt lat="41.785057" lon="123.39889">
        <ele>39.615685</ele>
        <time>2015-07-28T10:58:45.955000Z</time>
      </trkpt>
      <trkpt lat="41.785126" lon="123.39877">
        <ele>39.734947</ele>
        <time>2015-07-28T10:58:49.173000Z</time>
      </trkpt>
      <trkpt lat="41.785126" lon="123.39877">
        <ele>39.097332</ele>
        <time>2015-07-28T10:58:52.391000Z</time>
      </trkpt>
      <trkpt lat="41.785168" lon="123.39864">
        <ele>38.445705</ele>
        <time>2015-07-28T10:58:55.609000Z</time>
      </trkpt>
      <trkpt lat="41.785213" lon="123.398544">
        <ele>38.494915</ele>
        <time>2015-07-28T10:58:58.827000Z</time>
      </trkpt>
      <trkpt lat="41.785225" lon="123.39852">
        <ele>39.633236</ele>
        <time>2015-07-28T10:59:02.045000Z</time>
      </trkpt>
      <trkpt lat="41.78524" lon="123.39839">
        <ele>41.80672</ele>
        <time>2015-07-28T10:59:05.263000Z</time>
      </trkpt>
      <trkpt lat="41.785233" lon="123.39823">
        <ele>43.9621</ele>
        <time>2015-07-28T10:59:08.481000Z</time>
      </trkpt>
      <trkpt lat="41.785202" lon="123.398094">
        <ele>44.9636</ele>
        <time>2015-07-28T10:59:11.699000Z</time>
      </trkpt>
      <trkpt lat="41.78513" lon="123.398">
        <ele>44.46822</ele>
        <time>2015-07-28T10:59:14.917000Z</time>
      </trkpt>
      <trkpt lat="41.785076" lon="123.397896">
        <ele>44.606915</ele>
        <time>2015-07-28T10:59:18.135000Z</time>
      </trkpt>
      <trkpt lat="41.78503" lon="123.39778">
        <ele>45.493824</ele>
        <time>2015-07-28T10:59:21.353000Z</time>
      </trkpt>
      <trkpt lat="41.784954" lon="123.39768">
        <ele>46.776417</ele>
        <time>2015-07-28T10:59:24.571000Z</time>
      </trkpt>
      <trkpt lat="41.784874" lon="123.39759">
        <ele>47.350002</ele>
        <time>2015-07-28T10:59:27.789000Z</time>
      </trkpt>
      <trkpt lat="41.78479" lon="123.39753">
        <ele>46.647923</ele>
        <time>2015-07-28T10:59:31.007000Z</time>
      </trkpt>
      <trkpt lat="41.784687" lon="123.39746">
        <ele>45.542015</ele>
        <time>2015-07-28T10:59:34.225000Z</time>
      </trkpt>
      <trkpt lat="41.784595" lon="123.3974">
        <ele>44.910454</ele>
        <time>2015-07-28T10:59:37.443000Z</time>
      </trkpt>
      <trkpt lat="41.784515" lon="123.39734">
        <ele>44.750633</ele>
        <time>2015-07-28T10:59:40.661000Z</time>
      </trkpt>
      <trkpt lat="41.784405" lon="123.397255">
        <ele>44.672226</ele>
        <time>2015-07-28T10:59:43.879000Z</time>
      </trkpt>
      <trkpt lat="41.784313" lon="123.3972">
        <ele>44.540993</ele>
        <time>2015-07-28T10:59:47.097000Z</time>
      </trkpt>
      <trkpt lat="41.784203" lon="123.3972">
        <ele>44.44428</ele>
        <time>2015-07-28T10:59:50.315000Z</time>
      </trkpt>
      <trkpt lat="41.784103" lon="123.39725">
        <ele>44.291138</ele>
        <time>2015-07-28T10:59:53.533000Z</time>
      </trkpt>
      <trkpt lat="41.783985" lon="123.39722">
        <ele>44.065357</ele>
        <time>2015-07-28T10:59:56.751000Z</time>
      </trkpt>
      <trkpt lat="41.783897" lon="123.39716">
        <ele>44.21557</ele>
        <time>2015-07-28T10:59:59.969000Z</time>
      </trkpt>
      <trkpt lat="41.783787" lon="123.39715">
        <ele>45.31936</ele>
        <time>2015-07-28T11:00:03.187000Z</time>
      </trkpt>
      <trkpt lat="41.783676" lon="123.39714">
        <ele>47.150894</ele>
        <time>2015-07-28T11:00:06.405000Z</time>
      </trkpt>
      <trkpt lat="41.78356" lon="123.39715">
        <ele>48.62818</ele>
        <time>2015-07-28T11:00:09.623000Z</time>
      </trkpt>
      <trkpt lat="41.78346" lon="123.39719">
        <ele>49.079033</ele>
        <time>2015-07-28T11:00:12.841000Z</time>
      </trkpt>
      <trkpt lat="41.783348" lon="123.39723">
        <ele>48.741154</ele>
        <time>2015-07-28T11:00:16.059000Z</time>
      </trkpt>
      <trkpt lat="41.783276" lon="123.39731">
        <ele>48.220448</ele>
        <time>2015-07-28T11:00:19.277000Z</time>
      </trkpt>
      <trkpt lat="41.783176" lon="123.39742">
        <ele>47.925163</ele>
        <time>2015-07-28T11:00:22.495000Z</time>
      </trkpt>
      <trkpt lat="41.78309" lon="123.397514">
        <ele>47.85148</ele>
        <time>2015-07-28T11:00:25.713000Z</time>
      </trkpt>
      <trkpt lat="41.783016" lon="123.39763">
        <ele>47.880203</ele>
        <time>2015-07-28T11:00:28.931000Z</time>
      </trkpt>
      <trkpt lat="41.78296" lon="123.39773">
        <ele>47.9228</ele>
        <time>2015-07-28T11:00:32.149000Z</time>
      </trkpt>
      <trkpt lat="41.78288" lon="123.397835">
        <ele>47.808468</ele>
        <time>2015-07-28T11:00:35.367000Z</time>
      </trkpt>
      <trkpt lat="41.782776" lon="123.39792">
        <ele>47.178013</ele>
        <time>2015-07-28T11:00:38.585000Z</time>
      </trkpt>
      <trkpt lat="41.782684" lon="123.39801">
        <ele>46.086357</ele>
        <time>2015-07-28T11:00:41.803000Z</time>
      </trkpt>
      <trkpt lat="41.782627" lon="123.39811">
        <ele>45.99781</ele>
        <time>2015-07-28T11:00:45.021000Z</time>
      </trkpt>
      <trkpt lat="41.782547" lon="123.39825">
        <ele>47.916363</ele>
        <time>2015-07-28T11:00:48.239000Z</time>
      </trkpt>
      <trkpt lat="41.78245" lon="123.39834">
        <ele>50.469337</ele>
        <time>2015-07-28T11:00:51.457000Z</time>
      </trkpt>
      <trkpt lat="41.78234" lon="123.39838">
        <ele>51.980625</ele>
        <time>2015-07-28T11:00:54.675000Z</time>
      </trkpt>
      <trkpt lat="41.782238" lon="123.3984">
        <ele>52.251484</ele>
        <time>2015-07-28T11:00:57.893000Z</time>
      </trkpt>
      <trkpt lat="41.782135" lon="123.398384">
        <ele>51.768578</ele>
        <time>2015-07-28T11:01:01.111000Z</time>
      </trkpt>
      <trkpt lat="41.782024" lon="123.3984">
        <ele>49.117424</ele>
        <time>2015-07-28T11:01:04.329000Z</time>
      </trkpt>
      <trkpt lat="41.781933" lon="123.39844">
        <ele>42.73074</ele>
        <time>2015-07-28T11:01:07.547000Z</time>
      </trkpt>
      <trkpt lat="41.781887" lon="123.39855">
        <ele>35.607296</ele>
        <time>2015-07-28T11:01:10.765000Z</time>
      </trkpt>
      <trkpt lat="41.781857" lon="123.39869">
        <ele>31.891497</ele>
        <time>2015-07-28T11:01:13.983000Z</time>
      </trkpt>
      <trkpt lat="41.781826" lon="123.39881">
        <ele>31.817862</ele>
        <time>2015-07-28T11:01:17.201000Z</time>
      </trkpt>
      <trkpt lat="41.781788" lon="123.398964">
        <ele>34.14188</ele>
        <time>2015-07-28T11:01:20.419000Z</time>
      </trkpt>
      <trkpt lat="41.78176" lon="123.39908">
        <ele>37.487103</ele>
        <time>2015-07-28T11:01:23.637000Z</time>
      </trkpt>
      <trkpt lat="41.781734" lon="123.39919">
        <ele>40.425488</ele>
        <time>2015-07-28T11:01:26.855000Z</time>
      </trkpt>
      <trkpt lat="41.781708" lon="123.39934">
        <ele>42.332077</ele>
        <time>2015-07-28T11:01:30.073000Z</time>
      </trkpt>
      <trkpt lat="41.781673" lon="123.39948">
        <ele>43.204914</ele>
        <time>2015-07-28T11:01:33.291000Z</time>
      </trkpt>
      <trkpt lat="41.781586" lon="123.39962">
        <ele>42.903492</ele>
        <time>2015-07-28T11:01:36.509000Z</time>
      </trkpt>
      <trkpt lat="41.78152" lon="123.39972">
        <ele>41.66018</ele>
        <time>2015-07-28T11:01:39.727000Z</time>
      </trkpt>
      <trkpt lat="41.781452" lon="123.39985">
        <ele>40.672955</ele>
        <time>2015-07-28T11:01:42.945000Z</time>
      </trkpt>
      <trkpt lat="41.781395" lon="123.399956">
        <ele>41.21135</ele>
        <time>2015-07-28T11:01:46.163000Z</time>
      </trkpt>
      <trkpt lat="41.78133" lon="123.40005">
        <ele>43.079983</ele>
        <time>2015-07-28T11:01:49.381000Z</time>
      </trkpt>
      <trkpt lat="41.781277" lon="123.400154">
        <ele>45.002254</ele>
        <time>2015-07-28T11:01:52.599000Z</time>
      </trkpt>
      <trkpt lat="41.781185" lon="123.40028">
        <ele>46.053497</ele>
        <time>2015-07-28T11:01:55.817000Z</time>
      </trkpt>
      <trkpt lat="41.781082" lon="123.40039">
        <ele>46.296303</ele>
        <time>2015-07-28T11:01:59.035000Z</time>
      </trkpt>
      <trkpt lat="41.781" lon="123.40047">
        <ele>46.04118</ele>
        <time>2015-07-28T11:02:02.253000Z</time>
      </trkpt>
      <trkpt lat="41.78093" lon="123.40054">
        <ele>45.38599</ele>
        <time>2015-07-28T11:02:05.471000Z</time>
      </trkpt>
      <trkpt lat="41.780884" lon="123.40068">
        <ele>44.571835</ele>
        <time>2015-07-28T11:02:08.689000Z</time>
      </trkpt>
      <trkpt lat="41.780884" lon="123.40081">
        <ele>44.69901</ele>
        <time>2015-07-28T11:02:11.907000Z</time>
      </trkpt>
      <trkpt lat="41.78091" lon="123.400986">
        <ele>46.44472</ele>
        <time>2015-07-28T11:02:15.125000Z</time>
      </trkpt>
      <trkpt lat="41.78094" lon="123.4011">
        <ele>48.806263</ele>
        <time>2015-07-28T11:02:18.343000Z</time>
      </trkpt>
      <trkpt lat="41.78101" lon="123.401276">
        <ele>50.478832</ele>
        <time>2015-07-28T11:02:21.561000Z</time>
      </trkpt>
      <trkpt lat="41.781063" lon="123.40138">
        <ele>51.20187</ele>
        <time>2015-07-28T11:02:24.779000Z</time>
      </trkpt>
      <trkpt lat="41.78114" lon="123.40151">
        <ele>51.13084</ele>
        <time>2015-07-28T11:02:27.997000Z</time>
      </trkpt>
      <trkpt lat="41.78123" lon="123.4016">
        <ele>50.61543</ele>
        <time>2015-07-28T11:02:31.215000Z</time>
      </trkpt>
      <trkpt lat="41.7813" lon="123.40171">
        <ele>49.41903</ele>
        <time>2015-07-28T11:02:34.433000Z</time>
      </trkpt>
      <trkpt lat="41.781322" lon="123.40183">
        <ele>46.41905</ele>
        <time>2015-07-28T11:02:37.651000Z</time>
      </trkpt>
      <trkpt lat="41.78142" lon="123.40194">
        <ele>41.330353</ele>
        <time>2015-07-28T11:02:40.869000Z</time>
      </trkpt>
      <trkpt lat="41.781544" lon="123.402016">
        <ele>35.558697</ele>
        <time>2015-07-28T11:02:44.087000Z</time>
      </trkpt>
      <trkpt lat="41.78171" lon="123.40211">
        <ele>30.815474</ele>
        <time>2015-07-28T11:02:47.305000Z</time>
      </trkpt>
      <trkpt lat="41.78185" lon="123.40218">
        <ele>28.084503</ele>
        <time>2015-07-28T11:02:50.523000Z</time>
      </trkpt>
      <trkpt lat="41.781994" lon="123.40226">
        <ele>27.520536</ele>
        <time>2015-07-28T11:02:53.741000Z</time>
      </trkpt>
      <trkpt lat="41.782116" lon="123.402306">
        <ele>28.801075</ele>
        <time>2015-07-28T11:02:56.959000Z</time>
      </trkpt>
      <trkpt lat="41.78221" lon="123.40235">
        <ele>30.969002</ele>
        <time>2015-07-28T11:03:00.177000Z</time>
      </trkpt>
      <trkpt lat="41.782314" lon="123.40235">
        <ele>33.063423</ele>
        <time>2015-07-28T11:03:03.395000Z</time>
      </trkpt>
      <trkpt lat="41.782433" lon="123.40229">
        <ele>34.926807</ele>
        <time>2015-07-28T11:03:06.613000Z</time>
      </trkpt>
      <trkpt lat="41.78253" lon="123.402214">
        <ele>36.53996</ele>
        <time>2015-07-28T11:03:09.831000Z</time>
      </trkpt>
      <trkpt lat="41.78261" lon="123.40214">
        <ele>38.030773</ele>
        <time>2015-07-28T11:03:13.049000Z</time>
      </trkpt>
      <trkpt lat="41.782692" lon="123.40207">
        <ele>39.73651</ele>
        <time>2015-07-28T11:03:16.267000Z</time>
      </trkpt>
      <trkpt lat="41.78278" lon="123.401985">
        <ele>41.26492</ele>
        <time>2015-07-28T11:03:19.485000Z</time>
      </trkpt>
      <trkpt lat="41.782883" lon="123.40191">
        <ele>42.204586</ele>
        <time>2015-07-28T11:03:22.703000Z</time>
      </trkpt>
      <trkpt lat="41.782993" lon="123.40185">
        <ele>43.00805</ele>
        <time>2015-07-28T11:03:25.921000Z</time>
      </trkpt>
      <trkpt lat="41.783073" lon="123.40179">
        <ele>43.71829</ele>
        <time>2015-07-28T11:03:29.139000Z</time>
      </trkpt>
      <trkpt lat="41.783142" lon="123.401665">
        <ele>43.787823</ele>
        <time>2015-07-28T11:03:32.357000Z</time>
      </trkpt>
      <trkpt lat="41.78325" lon="123.401596">
        <ele>43.36139</ele>
        <time>2015-07-28T11:03:35.575000Z</time>
      </trkpt>
      <trkpt lat="41.783363" lon="123.40153">
        <ele>43.159092</ele>
        <time>2015-07-28T11:03:38.793000Z</time>
      </trkpt>
      <trkpt lat="41.78346" lon="123.401474">
        <ele>43.52264</ele>
        <time>2015-07-28T11:03:42.011000Z</time>
      </trkpt>
      <trkpt lat="41.783566" lon="123.40143">
        <ele>44.385994</ele>
        <time>2015-07-28T11:03:45.229000Z</time>
      </trkpt>
      <trkpt lat="41.783653" lon="123.40139">
        <ele>45.187614</ele>
        <time>2015-07-28T11:03:48.447000Z</time>
      </trkpt>
      <trkpt lat="41.783775" lon="123.40134">
        <ele>45.564785</ele>
        <time>2015-07-28T11:03:51.665000Z</time>
      </trkpt>
      <trkpt lat="41.783897" lon="123.4013">
        <ele>45.599636</ele>
        <time>2015-07-28T11:03:54.883000Z</time>
      </trkpt>
      <trkpt lat="41.78403" lon="123.40115">
        <ele>45.538746</ele>
        <time>2015-07-28T11:03:58.101000Z</time>
      </trkpt>
      <trkpt lat="41.78415" lon="123.401024">
        <ele>45.600838</ele>
        <time>2015-07-28T11:04:01.319000Z</time>
      </trkpt>
      <trkpt lat="41.784233" lon="123.40089">
        <ele>45.80306</ele>
        <time>2015-07-28T11:04:04.537000Z</time>
      </trkpt>
      <trkpt lat="41.78433" lon="123.400826">
        <ele>45.937428</ele>
        <time>2015-07-28T11:04:07.755000Z</time>
      </trkpt>
      <trkpt lat="41.784416" lon="123.40073">
        <ele>46.11903</ele>
        <time>2015-07-28T11:04:10.973000Z</time>
      </trkpt>
      <trkpt lat="41.78449" lon="123.40061">
        <ele>46.61147</ele>
        <time>2015-07-28T11:04:14.191000Z</time>
      </trkpt>
      <trkpt lat="41.78455" lon="123.40051">
        <ele>47.462368</ele>
        <time>2015-07-28T11:04:17.409000Z</time>
      </trkpt>
      <trkpt lat="41.78459" lon="123.40039">
        <ele>48.35607</ele>
        <time>2015-07-28T11:04:20.627000Z</time>
      </trkpt>
      <trkpt lat="41.78459" lon="123.40025">
        <ele>49.200203</ele>
        <time>2015-07-28T11:04:23.845000Z</time>
      </trkpt>
      <trkpt lat="41.7846" lon="123.40013">
        <ele>50.368652</ele>
        <time>2015-07-28T11:04:27.063000Z</time>
      </trkpt>
      <trkpt lat="41.78464" lon="123.400024">
        <ele>52.20964</ele>
        <time>2015-07-28T11:04:30.281000Z</time>
      </trkpt>
      <trkpt lat="41.78469" lon="123.39987">
        <ele>54.3054</ele>
        <time>2015-07-28T11:04:33.499000Z</time>
      </trkpt>
      <trkpt lat="41.784725" lon="123.39975">
        <ele>55.49498</ele>
        <time>2015-07-28T11:04:36.717000Z</time>
      </trkpt>
      <trkpt lat="41.78476" lon="123.39963">
        <ele>54.865868</ele>
        <time>2015-07-28T11:04:39.935000Z</time>
      </trkpt>
      <trkpt lat="41.784805" lon="123.399506">
        <ele>52.87136</ele>
        <time>2015-07-28T11:04:43.153000Z</time>
      </trkpt>
      <trkpt lat="41.78491" lon="123.39939">
        <ele>50.327576</ele>
        <time>2015-07-28T11:04:46.371000Z</time>
      </trkpt>
      <trkpt lat="41.78497" lon="123.39928">
        <ele>47.82089</ele>
        <time>2015-07-28T11:04:49.589000Z</time>
      </trkpt>
      <trkpt lat="41.785015" lon="123.399155">
        <ele>46.108013</ele>
        <time>2015-07-28T11:04:52.807000Z</time>
      </trkpt>
      <trkpt lat="41.785065" lon="123.39903">
        <ele>45.534203</ele>
        <time>2015-07-28T11:04:56.025000Z</time>
      </trkpt>
      <trkpt lat="41.785122" lon="123.39891">
        <ele>45.45257</ele>
        <time>2015-07-28T11:04:59.243000Z</time>
      </trkpt>
      <trkpt lat="41.785175" lon="123.39875">
        <ele>45.298695</ele>
        <time>2015-07-28T11:05:02.461000Z</time>
      </trkpt>
      <trkpt lat="41.785213" lon="123.398575">
        <ele>45.068066</ele>
        <time>2015-07-28T11:05:05.679000Z</time>
      </trkpt>
      <trkpt lat="41.785217" lon="123.39839">
        <ele>45.905727</ele>
        <time>2015-07-28T11:05:08.897000Z</time>
      </trkpt>
      <trkpt lat="41.785183" lon="123.39824">
        <ele>48.39324</ele>
        <time>2015-07-28T11:05:12.115000Z</time>
      </trkpt>
      <trkpt lat="41.785156" lon="123.39811">
        <ele>50.854168</ele>
        <time>2015-07-28T11:05:15.333000Z</time>
      </trkpt>
      <trkpt lat="41.78512" lon="123.39795">
        <ele>51.60179</ele>
        <time>2015-07-28T11:05:18.551000Z</time>
      </trkpt>
      <trkpt lat="41.785057" lon="123.39781">
        <ele>51.068638</ele>
        <time>2015-07-28T11:05:21.769000Z</time>
      </trkpt>
      <trkpt lat="41.784996" lon="123.3977">
        <ele>50.45471</ele>
        <time>2015-07-28T11:05:24.987000Z</time>
      </trkpt>
      <trkpt lat="41.784912" lon="123.3976">
        <ele>50.40095</ele>
        <time>2015-07-28T11:05:28.205000Z</time>
      </trkpt>
      <trkpt lat="41.78483" lon="123.39755">
        <ele>50.39727</ele>
        <time>2015-07-28T11:05:31.423000Z</time>
      </trkpt>
      <trkpt lat="41.78473" lon="123.39749">
        <ele>49.897846</ele>
        <time>2015-07-28T11:05:34.641000Z</time>
      </trkpt>
      <trkpt lat="41.784645" lon="123.39743">
        <ele>49.246986</ele>
        <time>2015-07-28T11:05:37.859000Z</time>
      </trkpt>
      <trkpt lat="41.784557" lon="123.397354">
        <ele>48.89986</ele>
        <time>2015-07-28T11:05:41.077000Z</time>
      </trkpt>
      <trkpt lat="41.784477" lon="123.39729">
        <ele>48.82428</ele>
        <time>2015-07-28T11:05:44.295000Z</time>
      </trkpt>
      <trkpt lat="41.784374" lon="123.39724">
        <ele>48.72817</ele>
        <time>2015-07-28T11:05:47.513000Z</time>
      </trkpt>
      <trkpt lat="41.784252" lon="123.39726">
        <ele>48.006912</ele>
        <time>2015-07-28T11:05:50.731000Z</time>
      </trkpt>
      <trkpt lat="41.78414" lon="123.39729">
        <ele>46.30944</ele>
        <time>2015-07-28T11:05:53.949000Z</time>
      </trkpt>
      <trkpt lat="41.784027" lon="123.39727">
        <ele>44.311993</ele>
        <time>2015-07-28T11:05:57.167000Z</time>
      </trkpt>
      <trkpt lat="41.783936" lon="123.39724">
        <ele>43.293625</ele>
        <time>2015-07-28T11:06:00.385000Z</time>
      </trkpt>
      <trkpt lat="41.783844" lon="123.3972">
        <ele>43.60894</ele>
        <time>2015-07-28T11:06:03.603000Z</time>
      </trkpt>
      <trkpt lat="41.783756" lon="123.39722">
        <ele>44.27438</ele>
        <time>2015-07-28T11:06:06.821000Z</time>
      </trkpt>
      <trkpt lat="41.783638" lon="123.39725">
        <ele>44.290764</ele>
        <time>2015-07-28T11:06:10.039000Z</time>
      </trkpt>
      <trkpt lat="41.783516" lon="123.39727">
        <ele>43.581142</ele>
        <time>2015-07-28T11:06:13.257000Z</time>
      </trkpt>
      <trkpt lat="41.78339" lon="123.39731">
        <ele>42.51052</ele>
        <time>2015-07-28T11:06:16.475000Z</time>
      </trkpt>
      <trkpt lat="41.783268" lon="123.39738">
        <ele>41.51347</ele>
        <time>2015-07-28T11:06:19.693000Z</time>
      </trkpt>
      <trkpt lat="41.78317" lon="123.39743">
        <ele>41.206944</ele>
        <time>2015-07-28T11:06:22.911000Z</time>
      </trkpt>
      <trkpt lat="41.783077" lon="123.39753">
        <ele>42.187035</ele>
        <time>2015-07-28T11:06:26.129000Z</time>
      </trkpt>
      <trkpt lat="41.78301" lon="123.397606">
        <ele>44.470222</ele>
        <time>2015-07-28T11:06:29.347000Z</time>
      </trkpt>
      <trkpt lat="41.78294" lon="123.3977">
        <ele>47.22852</ele>
        <time>2015-07-28T11:06:32.565000Z</time>
      </trkpt>
      <trkpt lat="41.782867" lon="123.39783">
        <ele>49.322662</ele>
        <time>2015-07-28T11:06:35.783000Z</time>
      </trkpt>
      <trkpt lat="41.782764" lon="123.39785">
        <ele>50.24966</ele>
        <time>2015-07-28T11:06:39.001000Z</time>
      </trkpt>
      <trkpt lat="41.782684" lon="123.39794">
        <ele>50.211884</ele>
        <time>2015-07-28T11:06:42.219000Z</time>
      </trkpt>
      <trkpt lat="41.782593" lon="123.398056">
        <ele>49.663372</ele>
        <time>2015-07-28T11:06:45.437000Z</time>
      </trkpt>
      <trkpt lat="41.78249" lon="123.39818">
        <ele>48.847134</ele>
        <time>2015-07-28T11:06:48.655000Z</time>
      </trkpt>
      <trkpt lat="41.782387" lon="123.39828">
        <ele>47.739483</ele>
        <time>2015-07-28T11:06:51.873000Z</time>
      </trkpt>
      <trkpt lat="41.782284" lon="123.398346">
        <ele>46.192257</ele>
        <time>2015-07-28T11:06:55.091000Z</time>
      </trkpt>
      <trkpt lat="41.78217" lon="123.3984">
        <ele>44.30007</ele>
        <time>2015-07-28T11:06:58.309000Z</time>
      </trkpt>
      <trkpt lat="41.78205" lon="123.39844">
        <ele>42.50935</ele>
        <time>2015-07-28T11:07:01.527000Z</time>
      </trkpt>
      <trkpt lat="41.781937" lon="123.39848">
        <ele>41.44593</ele>
        <time>2015-07-28T11:07:04.745000Z</time>
      </trkpt>
      <trkpt lat="41.781857" lon="123.39858">
        <ele>41.2743</ele>
        <time>2015-07-28T11:07:07.963000Z</time>
      </trkpt>
      <trkpt lat="41.78182" lon="123.39869">
        <ele>41.862762</ele>
        <time>2015-07-28T11:07:11.181000Z</time>
      </trkpt>
      <trkpt lat="41.7818" lon="123.39883">
        <ele>42.866146</ele>
        <time>2015-07-28T11:07:14.399000Z</time>
      </trkpt>
      <trkpt lat="41.78178" lon="123.39897">
        <ele>44.0057</ele>
        <time>2015-07-28T11:07:17.617000Z</time>
      </trkpt>
      <trkpt lat="41.78173" lon="123.39911">
        <ele>45.22687</ele>
        <time>2015-07-28T11:07:20.835000Z</time>
      </trkpt>
      <trkpt lat="41.78167" lon="123.399254">
        <ele>46.49099</ele>
        <time>2015-07-28T11:07:24.053000Z</time>
      </trkpt>
      <trkpt lat="41.781616" lon="123.39938">
        <ele>47.48779</ele>
        <time>2015-07-28T11:07:27.271000Z</time>
      </trkpt>
      <trkpt lat="41.78155" lon="123.399536">
        <ele>48.153526</ele>
        <time>2015-07-28T11:07:30.489000Z</time>
      </trkpt>
      <trkpt lat="41.781483" lon="123.39969">
        <ele>48.764297</ele>
        <time>2015-07-28T11:07:33.707000Z</time>
      </trkpt>
      <trkpt lat="41.781418" lon="123.39981">
        <ele>49.428055</ele>
        <time>2015-07-28T11:07:36.925000Z</time>
      </trkpt>
      <trkpt lat="41.781353" lon="123.39992">
        <ele>50.02951</ele>
        <time>2015-07-28T11:07:40.143000Z</time>
      </trkpt>
      <trkpt lat="41.781284" lon="123.40001">
        <ele>50.686832</ele>
        <time>2015-07-28T11:07:43.361000Z</time>
      </trkpt>
      <trkpt lat="41.781223" lon="123.40011">
        <ele>51.40391</ele>
        <time>2015-07-28T11:07:46.579000Z</time>
      </trkpt>
      <trkpt lat="41.78117" lon="123.400215">
        <ele>52.30856</ele>
        <time>2015-07-28T11:07:49.797000Z</time>
      </trkpt>
      <trkpt lat="41.781105" lon="123.400345">
        <ele>53.69065</ele>
        <time>2015-07-28T11:07:53.015000Z</time>
      </trkpt>
      <trkpt lat="41.78101" lon="123.40047">
        <ele>55.1427</ele>
        <time>2015-07-28T11:07:56.233000Z</time>
      </trkpt>
      <trkpt lat="41.780933" lon="123.40056">
        <ele>56.117165</ele>
        <time>2015-07-28T11:07:59.451000Z</time>
      </trkpt>
      <trkpt lat="41.780838" lon="123.40062">
        <ele>56.692192</ele>
        <time>2015-07-28T11:08:02.669000Z</time>
      </trkpt>
      <trkpt lat="41.78082" lon="123.40078">
        <ele>56.846947</ele>
        <time>2015-07-28T11:08:05.887000Z</time>
      </trkpt>
      <trkpt lat="41.78084" lon="123.40093">
        <ele>56.40531</ele>
        <time>2015-07-28T11:08:09.105000Z</time>
      </trkpt>
      <trkpt lat="41.780872" lon="123.40106">
        <ele>55.63496</ele>
        <time>2015-07-28T11:08:12.323000Z</time>
      </trkpt>
      <trkpt lat="41.780903" lon="123.40118">
        <ele>55.043335</ele>
        <time>2015-07-28T11:08:15.541000Z</time>
      </trkpt>
      <trkpt lat="41.780952" lon="123.40129">
        <ele>54.956123</ele>
        <time>2015-07-28T11:08:18.759000Z</time>
      </trkpt>
      <trkpt lat="41.78104" lon="123.40135">
        <ele>55.59145</ele>
        <time>2015-07-28T11:08:21.977000Z</time>
      </trkpt>
      <trkpt lat="41.781124" lon="123.4014">
        <ele>57.158733</ele>
        <time>2015-07-28T11:08:25.195000Z</time>
      </trkpt>
      <trkpt lat="41.7812" lon="123.40147">
        <ele>59.200573</ele>
        <time>2015-07-28T11:08:28.413000Z</time>
      </trkpt>
      <trkpt lat="41.781322" lon="123.40156">
        <ele>60.427593</ele>
        <time>2015-07-28T11:08:31.631000Z</time>
      </trkpt>
      <trkpt lat="41.781418" lon="123.40163">
        <ele>59.841995</ele>
        <time>2015-07-28T11:08:34.849000Z</time>
      </trkpt>
      <trkpt lat="41.781517" lon="123.401695">
        <ele>57.316833</ele>
        <time>2015-07-28T11:08:38.067000Z</time>
      </trkpt>
      <trkpt lat="41.781624" lon="123.40178">
        <ele>53.890377</ele>
        <time>2015-07-28T11:08:41.285000Z</time>
      </trkpt>
      <trkpt lat="41.781715" lon="123.40188">
        <ele>51.34238</ele>
        <time>2015-07-28T11:08:44.503000Z</time>
      </trkpt>
      <trkpt lat="41.7818" lon="123.40199">
        <ele>50.264473</ele>
        <time>2015-07-28T11:08:47.721000Z</time>
      </trkpt>
      <trkpt lat="41.781883" lon="123.402084">
        <ele>49.64756</ele>
        <time>2015-07-28T11:08:50.939000Z</time>
      </trkpt>
      <trkpt lat="41.781982" lon="123.402176">
        <ele>48.84063</ele>
        <time>2015-07-28T11:08:54.157000Z</time>
      </trkpt>
      <trkpt lat="41.78207" lon="123.402275">
        <ele>48.271442</ele>
        <time>2015-07-28T11:08:57.375000Z</time>
      </trkpt>
      <trkpt lat="41.782173" lon="123.40231">
        <ele>48.467506</ele>
        <time>2015-07-28T11:09:00.593000Z</time>
      </trkpt>
      <trkpt lat="41.78227" lon="123.402336">
        <ele>49.171284</ele>
        <time>2015-07-28T11:09:03.811000Z</time>
      </trkpt>
      <trkpt lat="41.78237" lon="123.40231">
        <ele>49.782814</ele>
        <time>2015-07-28T11:09:07.029000Z</time>
      </trkpt>
      <trkpt lat="41.782467" lon="123.402275">
        <ele>50.04214</ele>
        <time>2015-07-28T11:09:10.247000Z</time>
      </trkpt>
      <trkpt lat="41.78257" lon="123.402214">
        <ele>50.06291</ele>
        <time>2015-07-28T11:09:13.465000Z</time>
      </trkpt>
      <trkpt lat="41.78268" lon="123.402145">
        <ele>50.004635</ele>
        <time>2015-07-28T11:09:16.683000Z</time>
      </trkpt>
      <trkpt lat="41.78276" lon="123.40206">
        <ele>49.9549</ele>
        <time>2015-07-28T11:09:19.901000Z</time>
      </trkpt>
      <trkpt lat="41.782845" lon="123.40196">
        <ele>49.934105</ele>
        <time>2015-07-28T11:09:23.119000Z</time>
      </trkpt>
      <trkpt lat="41.782936" lon="123.40187">
        <ele>50.070816</ele>
        <time>2015-07-28T11:09:26.337000Z</time>
      </trkpt>
      <trkpt lat="41.78302" lon="123.40178">
        <ele>50.573708</ele>
        <time>2015-07-28T11:09:29.555000Z</time>
      </trkpt>
      <trkpt lat="41.78311" lon="123.40171">
        <ele>51.30708</ele>
        <time>2015-07-28T11:09:32.773000Z</time>
      </trkpt>
      <trkpt lat="41.783203" lon="123.401665">
        <ele>51.85344</ele>
        <time>2015-07-28T11:09:35.991000Z</time>
      </trkpt>
      <trkpt lat="41.783306" lon="123.401596">
        <ele>51.917156</ele>
        <time>2015-07-28T11:09:39.209000Z</time>
      </trkpt>
      <trkpt lat="41.783386" lon="123.40153">
        <ele>51.41523</ele>
        <time>2015-07-28T11:09:42.427000Z</time>
      </trkpt>
      <trkpt lat="41.78348" lon="123.401436">
        <ele>49.934593</ele>
        <time>2015-07-28T11:09:45.645000Z</time>
      </trkpt>
      <trkpt lat="41.78356" lon="123.401375">
        <ele>47.546097</ele>
        <time>2015-07-28T11:09:48.863000Z</time>
      </trkpt>
      <trkpt lat="41.78365" lon="123.40133">
        <ele>45.481007</ele>
        <time>2015-07-28T11:09:52.081000Z</time>
      </trkpt>
      <trkpt lat="41.783768" lon="123.401276">
        <ele>44.608665</ele>
        <time>2015-07-28T11:09:55.299000Z</time>
      </trkpt>
      <trkpt lat="41.783897" lon="123.40119">
        <ele>44.541084</ele>
        <time>2015-07-28T11:09:58.517000Z</time>
      </trkpt>
      <trkpt lat="41.784042" lon="123.401085">
        <ele>44.600636</ele>
        <time>2015-07-28T11:10:01.735000Z</time>
      </trkpt>
      <trkpt lat="41.784157" lon="123.400986">
        <ele>44.408688</ele>
        <time>2015-07-28T11:10:04.953000Z</time>
      </trkpt>
      <trkpt lat="41.784233" lon="123.4009">
        <ele>44.109203</ele>
        <time>2015-07-28T11:10:08.171000Z</time>
      </trkpt>
      <trkpt lat="41.78431" lon="123.400795">
        <ele>43.38598</ele>
        <time>2015-07-28T11:10:11.389000Z</time>
      </trkpt>
      <trkpt lat="41.78438" lon="123.40072">
        <ele>41.765343</ele>
        <time>2015-07-28T11:10:14.607000Z</time>
      </trkpt>
      <trkpt lat="41.784454" lon="123.40061">
        <ele>39.944042</ele>
        <time>2015-07-28T11:10:17.825000Z</time>
      </trkpt>
      <trkpt lat="41.784515" lon="123.40048">
        <ele>38.898064</ele>
        <time>2015-07-28T11:10:21.043000Z</time>
      </trkpt>
      <trkpt lat="41.78459" lon="123.40034">
        <ele>39.45952</ele>
        <time>2015-07-28T11:10:24.261000Z</time>
      </trkpt>
      <trkpt lat="41.784645" lon="123.40019">
        <ele>42.40655</ele>
        <time>2015-07-28T11:10:27.479000Z</time>
      </trkpt>
      <trkpt lat="41.784683" lon="123.400024">
        <ele>46.57165</ele>
        <time>2015-07-28T11:10:30.697000Z</time>
      </trkpt>
      <trkpt lat="41.784706" lon="123.39989">
        <ele>49.693058</ele>
        <time>2015-07-28T11:10:33.915000Z</time>
      </trkpt>
      <trkpt lat="41.78472" lon="123.399704">
        <ele>50.971333</ele>
        <time>2015-07-28T11:10:37.133000Z</time>
      </trkpt>
      <trkpt lat="41.784737" lon="123.399574">
        <ele>50.7872</ele>
        <time>2015-07-28T11:10:40.351000Z</time>
      </trkpt>
      <trkpt lat="41.784786" lon="123.39942">
        <ele>49.75219</ele>
        <time>2015-07-28T11:10:43.569000Z</time>
      </trkpt>
      <trkpt lat="41.784893" lon="123.39922">
        <ele>48.494015</ele>
        <time>2015-07-28T11:10:46.787000Z</time>
      </trkpt>
      <trkpt lat="41.784954" lon="123.3991">
        <ele>47.448643</ele>
        <time>2015-07-28T11:10:50.005000Z</time>
      </trkpt>
      <trkpt lat="41.78502" lon="123.39897">
        <ele>46.882866</ele>
        <time>2015-07-28T11:10:53.223000Z</time>
      </trkpt>
      <trkpt lat="41.78508" lon="123.39885">
        <ele>46.61709</ele>
        <time>2015-07-28T11:10:56.441000Z</time>
      </trkpt>
      <trkpt lat="41.78514" lon="123.39871">
        <ele>46.184273</ele>
        <time>2015-07-28T11:10:59.659000Z</time>
      </trkpt>
      <trkpt lat="41.7852" lon="123.39857">
        <ele>45.54037</ele>
        <time>2015-07-28T11:11:02.877000Z</time>
      </trkpt>
      <trkpt lat="41.785175" lon="123.39844">
        <ele>45.317677</ele>
        <time>2015-07-28T11:11:06.095000Z</time>
      </trkpt>
      <trkpt lat="41.785107" lon="123.39832">
        <ele>45.98383</ele>
        <time>2015-07-28T11:11:09.313000Z</time>
      </trkpt>
      <trkpt lat="41.785027" lon="123.39825">
        <ele>47.080547</ele>
        <time>2015-07-28T11:11:12.531000Z</time>
      </trkpt>
      <trkpt lat="41.78494" lon="123.3983">
        <ele>47.715443</ele>
        <time>2015-07-28T11:11:15.749000Z</time>
      </trkpt>
      <trkpt lat="41.78483" lon="123.39835">
        <ele>47.486217</ele>
        <time>2015-07-28T11:11:18.967000Z</time>
      </trkpt>
      <trkpt lat="41.784718" lon="123.39841">
        <ele>46.60061</ele>
        <time>2015-07-28T11:11:22.185000Z</time>
      </trkpt>
      <trkpt lat="41.78461" lon="123.39844">
        <ele>45.60581</ele>
        <time>2015-07-28T11:11:25.403000Z</time>
      </trkpt>
      <trkpt lat="41.784504" lon="123.39844">
        <ele>44.9719</ele>
        <time>2015-07-28T11:11:28.621000Z</time>
      </trkpt>
      <trkpt lat="41.784393" lon="123.39841">
        <ele>44.778667</ele>
        <time>2015-07-28T11:11:31.839000Z</time>
      </trkpt>
      <trkpt lat="41.784298" lon="123.39833">
        <ele>44.813976</ele>
        <time>2015-07-28T11:11:35.057000Z</time>
      </trkpt>
      <trkpt lat="41.784233" lon="123.39818">
        <ele>45.03376</ele>
        <time>2015-07-28T11:11:38.275000Z</time>
      </trkpt>
      <trkpt lat="41.784233" lon="123.39818">
        <ele>45.311447</ele>
        <time>2015-07-28T11:11:41.493000Z</time>
      </trkpt>
      <trkpt lat="41.784187" lon="123.39803">
        <ele>45.62016</ele>
        <time>2015-07-28T11:11:44.711000Z</time>
      </trkpt>
      <trkpt lat="41.784172" lon="123.39791">
        <ele>45.871307</ele>
        <time>2015-07-28T11:11:47.929000Z</time>
      </trkpt>
      <trkpt lat="41.78416" lon="123.39777">
        <ele>45.7359</ele>
        <time>2015-07-28T11:11:51.147000Z</time>
      </trkpt>
      <trkpt lat="41.78416" lon="123.39777">
        <ele>45.282185</ele>
        <time>2015-07-28T11:11:54.365000Z</time>
      </trkpt>
      <trkpt lat="41.784145" lon="123.39764">
        <ele>44.974926</ele>
        <time>2015-07-28T11:11:57.583000Z</time>
      </trkpt>
      <trkpt lat="41.78412" lon="123.3975">
        <ele>44.73497</ele>
        <time>2015-07-28T11:12:00.801000Z</time>
      </trkpt>
      <trkpt lat="41.78406" lon="123.397385">
        <ele>44.38609</ele>
        <time>2015-07-28T11:12:04.019000Z</time>
      </trkpt>
      <trkpt lat="41.783997" lon="123.39729">
        <ele>44.192112</ele>
        <time>2015-07-28T11:12:07.237000Z</time>
      </trkpt>
      <trkpt lat="41.783924" lon="123.3972">
        <ele>44.677994</ele>
        <time>2015-07-28T11:12:10.455000Z</time>
      </trkpt>
      <trkpt lat="41.783806" lon="123.39719">
        <ele>45.88696</ele>
        <time>2015-07-28T11:12:13.673000Z</time>
      </trkpt>
      <trkpt lat="41.783695" lon="123.39724">
        <ele>47.18997</ele>
        <time>2015-07-28T11:12:16.891000Z</time>
      </trkpt>
      <trkpt lat="41.783604" lon="123.39725">
        <ele>47.82532</ele>
        <time>2015-07-28T11:12:20.109000Z</time>
      </trkpt>
      <trkpt lat="41.783512" lon="123.39728">
        <ele>47.675846</ele>
        <time>2015-07-28T11:12:23.327000Z</time>
      </trkpt>
      <trkpt lat="41.78343" lon="123.397316">
        <ele>47.10606</ele>
        <time>2015-07-28T11:12:26.545000Z</time>
      </trkpt>
      <trkpt lat="41.783333" lon="123.39736">
        <ele>46.326023</ele>
        <time>2015-07-28T11:12:29.763000Z</time>
      </trkpt>
      <trkpt lat="41.783237" lon="123.39739">
        <ele>45.507645</ele>
        <time>2015-07-28T11:12:32.981000Z</time>
      </trkpt>
      <trkpt lat="41.783157" lon="123.397446">
        <ele>45.390854</ele>
        <time>2015-07-28T11:12:36.199000Z</time>
      </trkpt>
      <trkpt lat="41.783066" lon="123.39756">
        <ele>46.580524</ele>
        <time>2015-07-28T11:12:39.417000Z</time>
      </trkpt>
      <trkpt lat="41.78298" lon="123.39767">
        <ele>48.434902</ele>
        <time>2015-07-28T11:12:42.635000Z</time>
      </trkpt>
      <trkpt lat="41.782887" lon="123.397766">
        <ele>49.766724</ele>
        <time>2015-07-28T11:12:45.853000Z</time>
      </trkpt>
      <trkpt lat="41.782814" lon="123.39784">
        <ele>50.101677</ele>
        <time>2015-07-28T11:12:49.071000Z</time>
      </trkpt>
      <trkpt lat="41.782745" lon="123.397934">
        <ele>49.579918</ele>
        <time>2015-07-28T11:12:52.289000Z</time>
      </trkpt>
      <trkpt lat="41.782692" lon="123.39803">
        <ele>48.69797</ele>
        <time>2015-07-28T11:12:55.507000Z</time>
      </trkpt>
      <trkpt lat="41.782616" lon="123.39815">
        <ele>48.04526</ele>
        <time>2015-07-28T11:12:58.725000Z</time>
      </trkpt>
      <trkpt lat="41.782555" lon="123.39825">
        <ele>47.805733</ele>
        <time>2015-07-28T11:13:01.943000Z</time>
      </trkpt>
      <trkpt lat="41.78247" lon="123.39835">
        <ele>47.67341</ele>
        <time>2015-07-28T11:13:05.161000Z</time>
      </trkpt>
      <trkpt lat="41.78238" lon="123.398445">
        <ele>47.10981</ele>
        <time>2015-07-28T11:13:08.379000Z</time>
      </trkpt>
      <trkpt lat="41.782303" lon="123.39851">
        <ele>45.935375</ele>
        <time>2015-07-28T11:13:11.597000Z</time>
      </trkpt>
      <trkpt lat="41.782238" lon="123.39864">
        <ele>44.680477</ele>
        <time>2015-07-28T11:13:14.815000Z</time>
      </trkpt>
      <trkpt lat="41.78224" lon="123.39878">
        <ele>44.485992</ele>
        <time>2015-07-28T11:13:18.033000Z</time>
      </trkpt>
      <trkpt lat="41.782276" lon="123.398895">
        <ele>45.85942</ele>
        <time>2015-07-28T11:13:21.251000Z</time>
      </trkpt>
      <trkpt lat="41.782375" lon="123.39899">
        <ele>48.03266</ele>
        <time>2015-07-28T11:13:24.469000Z</time>
      </trkpt>
      <trkpt lat="41.782482" lon="123.39904">
        <ele>49.925697</ele>
        <time>2015-07-28T11:13:27.687000Z</time>
      </trkpt>
      <trkpt lat="41.782585" lon="123.39912">
        <ele>50.86817</ele>
        <time>2015-07-28T11:13:30.905000Z</time>
      </trkpt>
      <trkpt lat="41.78266" lon="123.39918">
        <ele>50.643345</ele>
        <time>2015-07-28T11:13:34.123000Z</time>
      </trkpt>
      <trkpt lat="41.782772" lon="123.399216">
        <ele>49.397053</ele>
        <time>2015-07-28T11:13:37.341000Z</time>
      </trkpt>
      <trkpt lat="41.78288" lon="123.39919">
        <ele>47.47962</ele>
        <time>2015-07-28T11:13:40.559000Z</time>
      </trkpt>
      <trkpt lat="41.782993" lon="123.39917">
        <ele>45.307823</ele>
        <time>2015-07-28T11:13:43.777000Z</time>
      </trkpt>
      <trkpt lat="41.783123" lon="123.39916">
        <ele>43.038525</ele>
        <time>2015-07-28T11:13:46.995000Z</time>
      </trkpt>
      <trkpt lat="41.783215" lon="123.39914">
        <time>2015-07-28T11:13:50.213000Z</time>
      </trkpt>
    </trkseg>
  </trk>
</gpx>