<?xml version="1.0" encoding="UTF-8"?>
<gpx xmlns="http://www.topografix.com/GPX/1/1" xmlns:gpxtpx="http://www.garmin.com/xmlschemas/TrackPointExtension/v1" xmlns:xsi="http://www.w3.org/2001/XMLSchema-instance" xsi:schemaLocation="http://www.topografix.com/GPX/1/1 http://www.topografix.com/GPX/1/1/gpx.xsd" version="1.1" creator="gpx.py -- https://github.com/tkrajina/gpxpy">
  <trk>
    <trkseg>
      <trkpt lat="41.755997" lon="123.35744">
        <ele>34.74821</ele>
        <time>2016-06-11T10:16:11.484000Z</time>
      </trkpt>
      <trkpt lat="41.75596" lon="123.357315">
        <ele>37.78011</ele>
        <time>2016-06-11T10:16:14.892000Z</time>
      </trkpt>
      <trkpt lat="41.75592" lon="123.35717">
        <ele>41.070896</ele>
        <time>2016-06-11T10:16:18.300000Z</time>
      </trkpt>
      <trkpt lat="41.75592" lon="123.35717">
        <ele>41.070896</ele>
        <time>2016-06-11T10:16:21.708000Z</time>
      </trkpt>
      <trkpt lat="41.755844" lon="123.35708">
        <ele>41.22831</ele>
        <time>2016-06-11T10:16:25.116000Z</time>
      </trkpt>
      <trkpt lat="41.755764" lon="123.35714">
        <ele>41.367596</ele>
        <time>2016-06-11T10:16:28.524000Z</time>
      </trkpt>
      <trkpt lat="41.755688" lon="123.35702">
        <ele>41.542202</ele>
        <time>2016-06-11T10:16:31.932000Z</time>
      </trkpt>
      <trkpt lat="41.75565" lon="123.3569">
        <ele>43.277805</ele>
        <time>2016-06-11T10:16:35.340000Z</time>
      </trkpt>
      <trkpt lat="41.75561" lon="123.35679">
        <ele>44.37961</ele>
        <time>2016-06-11T10:16:38.748000Z</time>
      </trkpt>
      <trkpt lat="41.755547" lon="123.35668">
        <ele>44.853065</ele>
        <time>2016-06-11T10:16:42.156000Z</time>
      </trkpt>
      <trkpt lat="41.755447" lon="123.35672">
        <ele>44.999706</ele>
        <time>2016-06-11T10:16:45.564000Z</time>
      </trkpt>
      <trkpt lat="41.755375" lon="123.35681">
        <ele>45.025948</ele>
        <time>2016-06-11T10:16:48.972000Z</time>
      </trkpt>
      <trkpt lat="41.755302" lon="123.35689">
        <ele>45.0509</ele>
        <time>2016-06-11T10:16:52.380000Z</time>
      </trkpt>
      <trkpt lat="41.755257" lon="123.356995">
        <ele>45.076485</ele>
        <time>2016-06-11T10:16:55.788000Z</time>
      </trkpt>
      <trkpt lat="41.755203" lon="123.35713">
        <ele>45.107018</ele>
        <time>2016-06-11T10:16:59.196000Z</time>
      </trkpt>
      <trkpt lat="41.75516" lon="123.357254">
        <ele>45.134598</ele>
        <time>2016-06-11T10:17:02.604000Z</time>
      </trkpt>
      <trkpt lat="41.75511" lon="123.35737">
        <ele>45.161255</ele>
        <time>2016-06-11T10:17:06.012000Z</time>
      </trkpt>
      <trkpt lat="41.75506" lon="123.35748">
        <ele>45.18896</ele>
        <time>2016-06-11T10:17:09.420000Z</time>
      </trkpt>
      <trkpt lat="41.754997" lon="123.357605">
        <ele>45.2181</ele>
        <time>2016-06-11T10:17:12.828000Z</time>
      </trkpt>
      <trkpt lat="41.754967" lon="123.35772">
        <ele>45.243126</ele>
        <time>2016-06-11T10:17:16.236000Z</time>
      </trkpt>
      <trkpt lat="41.754963" lon="123.35785">
        <ele>45.61551</ele>
        <time>2016-06-11T10:17:19.644000Z</time>
      </trkpt>
      <trkpt lat="41.75492" lon="123.35801">
        <ele>45.853413</ele>
        <time>2016-06-11T10:17:23.052000Z</time>
      </trkpt>
      <trkpt lat="41.754894" lon="123.35812">
        <ele>45.955757</ele>
        <time>2016-06-11T10:17:26.460000Z</time>
      </trkpt>
      <trkpt lat="41.754864" lon="123.358246">
        <ele>45.977962</ele>
        <time>2016-06-11T10:17:29.868000Z</time>
      </trkpt>
      <trkpt lat="41.75484" lon="123.35838">
        <ele>46.002197</ele>
        <time>2016-06-11T10:17:33.276000Z</time>
      </trkpt>
      <trkpt lat="41.754837" lon="123.35853">
        <ele>46.027348</ele>
        <time>2016-06-11T10:17:36.684000Z</time>
      </trkpt>
      <trkpt lat="41.75482" lon="123.35865">
        <ele>46.04826</ele>
        <time>2016-06-11T10:17:40.092000Z</time>
      </trkpt>
      <trkpt lat="41.75479" lon="123.35877">
        <ele>46.071575</ele>
        <time>2016-06-11T10:17:43.500000Z</time>
      </trkpt>
      <trkpt lat="41.75479" lon="123.35893">
        <ele>46.098774</ele>
        <time>2016-06-11T10:17:46.908000Z</time>
      </trkpt>
      <trkpt lat="41.754787" lon="123.35907">
        <ele>46.122818</ele>
        <time>2016-06-11T10:17:50.316000Z</time>
      </trkpt>
      <trkpt lat="41.75476" lon="123.3592">
        <ele>46.145966</ele>
        <time>2016-06-11T10:17:53.724000Z</time>
      </trkpt>
      <trkpt lat="41.75472" lon="123.35932">
        <ele>46.52239</ele>
        <time>2016-06-11T10:17:57.132000Z</time>
      </trkpt>
      <trkpt lat="41.754757" lon="123.35945">
        <ele>46.739098</ele>
        <time>2016-06-11T10:18:00.540000Z</time>
      </trkpt>
      <trkpt lat="41.754738" lon="123.35958">
        <ele>46.772984</ele>
        <time>2016-06-11T10:18:03.948000Z</time>
      </trkpt>
      <trkpt lat="41.754745" lon="123.35972">
        <ele>46.806087</ele>
        <time>2016-06-11T10:18:07.356000Z</time>
      </trkpt>
      <trkpt lat="41.75478" lon="123.359856">
        <ele>46.842453</ele>
        <time>2016-06-11T10:18:10.764000Z</time>
      </trkpt>
      <trkpt lat="41.754787" lon="123.36">
        <ele>46.879776</ele>
        <time>2016-06-11T10:18:14.172000Z</time>
      </trkpt>
      <trkpt lat="41.7548" lon="123.36014">
        <ele>46.91318</ele>
        <time>2016-06-11T10:18:17.580000Z</time>
      </trkpt>
      <trkpt lat="41.754803" lon="123.36028">
        <ele>46.94862</ele>
        <time>2016-06-11T10:18:20.988000Z</time>
      </trkpt>
      <trkpt lat="41.75481" lon="123.36043">
        <ele>46.984837</ele>
        <time>2016-06-11T10:18:24.396000Z</time>
      </trkpt>
      <trkpt lat="41.754818" lon="123.36056">
        <ele>47.018482</ele>
        <time>2016-06-11T10:18:27.804000Z</time>
      </trkpt>
      <trkpt lat="41.754833" lon="123.36069">
        <ele>47.051197</ele>
        <time>2016-06-11T10:18:31.212000Z</time>
      </trkpt>
      <trkpt lat="41.75484" lon="123.36084">
        <ele>47.08831</ele>
        <time>2016-06-11T10:18:34.620000Z</time>
      </trkpt>
      <trkpt lat="41.754852" lon="123.36097">
        <ele>47.12046</ele>
        <time>2016-06-11T10:18:38.028000Z</time>
      </trkpt>
      <trkpt lat="41.754856" lon="123.3611">
        <ele>47.15291</ele>
        <time>2016-06-11T10:18:41.436000Z</time>
      </trkpt>
      <trkpt lat="41.75482" lon="123.36123">
        <ele>47.187717</ele>
        <time>2016-06-11T10:18:44.844000Z</time>
      </trkpt>
      <trkpt lat="41.754803" lon="123.36136">
        <ele>47.21999</ele>
        <time>2016-06-11T10:18:48.252000Z</time>
      </trkpt>
      <trkpt lat="41.753162" lon="123.36008">
        <ele>56.120495</ele>
        <time>2016-06-11T10:18:51.660000Z</time>
      </trkpt>
      <trkpt lat="41.75316" lon="123.36007">
        <ele>56.079296</ele>
        <time>2016-06-11T10:18:55.068000Z</time>
      </trkpt>
      <trkpt lat="41.75316" lon="123.36007">
        <ele>56.079296</ele>
        <time>2016-06-11T10:18:58.476000Z</time>
      </trkpt>
      <trkpt lat="41.753056" lon="123.36">
        <ele>55.64183</ele>
        <time>2016-06-11T10:19:01.884000Z</time>
      </trkpt>
      <trkpt lat="41.752968" lon="123.35998">
        <ele>55.288857</ele>
        <time>2016-06-11T10:19:05.292000Z</time>
      </trkpt>
      <trkpt lat="41.752865" lon="123.35992">
        <ele>54.853485</ele>
        <time>2016-06-11T10:19:08.700000Z</time>
      </trkpt>
      <trkpt lat="41.752758" lon="123.35986">
        <ele>54.409386</ele>
        <time>2016-06-11T10:19:12.108000Z</time>
      </trkpt>
      <trkpt lat="41.752663" lon="123.359795">
        <ele>53.993217</ele>
        <time>2016-06-11T10:19:15.516000Z</time>
      </trkpt>
      <trkpt lat="41.752567" lon="123.35972">
        <ele>53.557148</ele>
        <time>2016-06-11T10:19:18.924000Z</time>
      </trkpt>
      <trkpt lat="41.752476" lon="123.35968">
        <ele>53.18218</ele>
        <time>2016-06-11T10:19:22.332000Z</time>
      </trkpt>
      <trkpt lat="41.752384" lon="123.35966">
        <ele>52.831997</ele>
        <time>2016-06-11T10:19:25.740000Z</time>
      </trkpt>
      <trkpt lat="41.752285" lon="123.35961">
        <ele>52.41408</ele>
        <time>2016-06-11T10:19:29.148000Z</time>
      </trkpt>
      <trkpt lat="41.752205" lon="123.35954">
        <ele>52.054474</ele>
        <time>2016-06-11T10:19:32.556000Z</time>
      </trkpt>
      <trkpt lat="41.752117" lon="123.35949">
        <ele>51.668682</ele>
        <time>2016-06-11T10:19:35.964000Z</time>
      </trkpt>
      <trkpt lat="41.752018" lon="123.35946">
        <ele>51.27835</ele>
        <time>2016-06-11T10:19:39.372000Z</time>
      </trkpt>
      <trkpt lat="41.751926" lon="123.35941">
        <ele>50.90722</ele>
        <time>2016-06-11T10:19:42.780000Z</time>
      </trkpt>
      <trkpt lat="41.751816" lon="123.3594">
        <ele>50.466263</ele>
        <time>2016-06-11T10:19:46.188000Z</time>
      </trkpt>
      <trkpt lat="41.751717" lon="123.359344">
        <ele>50.103703</ele>
        <time>2016-06-11T10:19:49.596000Z</time>
      </trkpt>
      <trkpt lat="41.751637" lon="123.35927">
        <ele>50.56329</ele>
        <time>2016-06-11T10:19:53.004000Z</time>
      </trkpt>
      <trkpt lat="41.751534" lon="123.359245">
        <ele>51.061172</ele>
        <time>2016-06-11T10:19:56.412000Z</time>
      </trkpt>
      <trkpt lat="41.75144" lon="123.3592">
        <ele>51.550884</ele>
        <time>2016-06-11T10:19:59.820000Z</time>
      </trkpt>
      <trkpt lat="41.751343" lon="123.35919">
        <ele>51.99842</ele>
        <time>2016-06-11T10:20:03.228000Z</time>
      </trkpt>
      <trkpt lat="41.751255" lon="123.35917">
        <ele>52.439503</ele>
        <time>2016-06-11T10:20:06.636000Z</time>
      </trkpt>
      <trkpt lat="41.75116" lon="123.35915">
        <ele>52.90081</ele>
        <time>2016-06-11T10:20:10.044000Z</time>
      </trkpt>
      <trkpt lat="41.75107" lon="123.35912">
        <ele>53.335007</ele>
        <time>2016-06-11T10:20:13.452000Z</time>
      </trkpt>
      <trkpt lat="41.75096" lon="123.35912">
        <ele>53.854404</ele>
        <time>2016-06-11T10:20:16.860000Z</time>
      </trkpt>
      <trkpt lat="41.750874" lon="123.359146">
        <ele>54.28688</ele>
        <time>2016-06-11T10:20:20.268000Z</time>
      </trkpt>
      <trkpt lat="41.750763" lon="123.3592">
        <ele>54.843292</ele>
        <time>2016-06-11T10:20:23.676000Z</time>
      </trkpt>
      <trkpt lat="41.75066" lon="123.35926">
        <ele>55.37646</ele>
        <time>2016-06-11T10:20:27.084000Z</time>
      </trkpt>
      <trkpt lat="41.75062" lon="123.35938">
        <ele>56.25771</ele>
        <time>2016-06-11T10:20:30.492000Z</time>
      </trkpt>
      <trkpt lat="41.75058" lon="123.3595">
        <ele>56.8227</ele>
        <time>2016-06-11T10:20:33.900000Z</time>
      </trkpt>
      <trkpt lat="41.75058" lon="123.3595">
        <ele>56.994133</ele>
        <time>2016-06-11T10:20:37.308000Z</time>
      </trkpt>
      <trkpt lat="41.750477" lon="123.35955">
        <ele>56.45145</ele>
        <time>2016-06-11T10:20:40.716000Z</time>
      </trkpt>
      <trkpt lat="41.750374" lon="123.35957">
        <ele>55.950077</ele>
        <time>2016-06-11T10:20:44.124000Z</time>
      </trkpt>
      <trkpt lat="41.750267" lon="123.359566">
        <ele>55.426964</ele>
        <time>2016-06-11T10:20:47.532000Z</time>
      </trkpt>
      <trkpt lat="41.750202" lon="123.35966">
        <ele>54.97864</ele>
        <time>2016-06-11T10:20:50.940000Z</time>
      </trkpt>
      <trkpt lat="41.750217" lon="123.35978">
        <ele>54.524666</ele>
        <time>2016-06-11T10:20:54.348000Z</time>
      </trkpt>
      <trkpt lat="41.750225" lon="123.35992">
        <ele>54.042862</ele>
        <time>2016-06-11T10:20:57.756000Z</time>
      </trkpt>
      <trkpt lat="41.750214" lon="123.36005">
        <ele>53.561493</ele>
        <time>2016-06-11T10:21:01.164000Z</time>
      </trkpt>
      <trkpt lat="41.750195" lon="123.36018">
        <ele>53.069687</ele>
        <time>2016-06-11T10:21:04.572000Z</time>
      </trkpt>
      <trkpt lat="41.750175" lon="123.36032">
        <ele>52.546135</ele>
        <time>2016-06-11T10:21:07.980000Z</time>
      </trkpt>
      <trkpt lat="41.750183" lon="123.36047">
        <ele>52.003017</ele>
        <time>2016-06-11T10:21:11.388000Z</time>
      </trkpt>
      <trkpt lat="41.750187" lon="123.36061">
        <ele>51.51034</ele>
        <time>2016-06-11T10:21:14.796000Z</time>
      </trkpt>
      <trkpt lat="41.750202" lon="123.36073">
        <ele>50.91626</ele>
        <time>2016-06-11T10:21:18.204000Z</time>
      </trkpt>
      <trkpt lat="41.750217" lon="123.36088">
        <ele>50.82078</ele>
        <time>2016-06-11T10:21:21.612000Z</time>
      </trkpt>
      <trkpt lat="41.75025" lon="123.360985">
        <ele>50.792953</ele>
        <time>2016-06-11T10:21:25.020000Z</time>
      </trkpt>
      <trkpt lat="41.750282" lon="123.36113">
        <ele>50.496674</ele>
        <time>2016-06-11T10:21:28.428000Z</time>
      </trkpt>
      <trkpt lat="41.750263" lon="123.361275">
        <ele>50.02603</ele>
        <time>2016-06-11T10:21:31.836000Z</time>
      </trkpt>
      <trkpt lat="41.75025" lon="123.361435">
        <ele>49.95136</ele>
        <time>2016-06-11T10:21:35.244000Z</time>
      </trkpt>
      <trkpt lat="41.75024" lon="123.361565">
        <ele>50.947643</ele>
        <time>2016-06-11T10:21:38.652000Z</time>
      </trkpt>
      <trkpt lat="41.75026" lon="123.36172">
        <ele>52.096996</ele>
        <time>2016-06-11T10:21:42.060000Z</time>
      </trkpt>
      <trkpt lat="41.75026" lon="123.36184">
        <ele>53.035316</ele>
        <time>2016-06-11T10:21:45.468000Z</time>
      </trkpt>
      <trkpt lat="41.75022" lon="123.362">
        <ele>54.268898</ele>
        <time>2016-06-11T10:21:48.876000Z</time>
      </trkpt>
      <trkpt lat="41.750168" lon="123.362114">
        <ele>55.287827</ele>
        <time>2016-06-11T10:21:52.284000Z</time>
      </trkpt>
      <trkpt lat="41.750164" lon="123.362236">
        <ele>55.860268</ele>
        <time>2016-06-11T10:21:55.692000Z</time>
      </trkpt>
      <trkpt lat="41.750175" lon="123.36236">
        <ele>56.413998</ele>
        <time>2016-06-11T10:21:59.100000Z</time>
      </trkpt>
      <trkpt lat="41.75017" lon="123.36249">
        <ele>57.053482</ele>
        <time>2016-06-11T10:22:02.508000Z</time>
      </trkpt>
      <trkpt lat="41.750137" lon="123.3626">
        <ele>57.591198</ele>
        <time>2016-06-11T10:22:05.916000Z</time>
      </trkpt>
      <trkpt lat="41.75003" lon="123.36262">
        <ele>57.828407</ele>
        <time>2016-06-11T10:22:09.324000Z</time>
      </trkpt>
      <trkpt lat="41.749924" lon="123.36265">
        <ele>57.828407</ele>
        <time>2016-06-11T10:22:12.732000Z</time>
      </trkpt>
      <trkpt lat="41.749855" lon="123.36275">
        <ele>57.828407</ele>
        <time>2016-06-11T10:22:16.140000Z</time>
      </trkpt>
      <trkpt lat="41.749794" lon="123.36284">
        <ele>57.828407</ele>
        <time>2016-06-11T10:22:19.548000Z</time>
      </trkpt>
      <trkpt lat="41.74975" lon="123.362946">
        <ele>57.828407</ele>
        <time>2016-06-11T10:22:22.956000Z</time>
      </trkpt>
      <trkpt lat="41.749622" lon="123.36298">
        <ele>56.081547</ele>
        <time>2016-06-11T10:22:26.364000Z</time>
      </trkpt>
      <trkpt lat="41.74962" lon="123.36301">
        <ele>56.081547</ele>
        <time>2016-06-11T10:22:29.772000Z</time>
      </trkpt>
      <trkpt lat="41.749542" lon="123.363106">
        <ele>56.081547</ele>
        <time>2016-06-11T10:22:33.180000Z</time>
      </trkpt>
      <trkpt lat="41.74944" lon="123.36311">
        <ele>56.081547</ele>
        <time>2016-06-11T10:22:36.588000Z</time>
      </trkpt>
      <trkpt lat="41.749348" lon="123.36313">
        <ele>56.081547</ele>
        <time>2016-06-11T10:22:39.996000Z</time>
      </trkpt>
      <trkpt lat="41.74925" lon="123.36309">
        <ele>56.081547</ele>
        <time>2016-06-11T10:22:43.404000Z</time>
      </trkpt>
      <trkpt lat="41.749172" lon="123.36301">
        <ele>56.081547</ele>
        <time>2016-06-11T10:22:46.812000Z</time>
      </trkpt>
      <trkpt lat="41.749107" lon="123.36291">
        <ele>56.081547</ele>
        <time>2016-06-11T10:22:50.220000Z</time>
      </trkpt>
      <trkpt lat="41.749004" lon="123.3629">
        <ele>56.081547</ele>
        <time>2016-06-11T10:22:53.628000Z</time>
      </trkpt>
      <trkpt lat="41.74894" lon="123.36287">
        <ele>40.896534</ele>
        <time>2016-06-11T10:22:57.036000Z</time>
      </trkpt>
      <trkpt lat="41.748943" lon="123.36289">
        <ele>40.910187</ele>
        <time>2016-06-11T10:23:00.444000Z</time>
      </trkpt>
      <trkpt lat="41.748943" lon="123.36289">
        <ele>40.910187</ele>
        <time>2016-06-11T10:23:03.852000Z</time>
      </trkpt>
      <trkpt lat="41.74895" lon="123.36305">
        <ele>41.01515</ele>
        <time>2016-06-11T10:23:07.260000Z</time>
      </trkpt>
      <trkpt lat="41.74894" lon="123.36318">
        <ele>41.09629</ele>
        <time>2016-06-11T10:23:10.668000Z</time>
      </trkpt>
      <trkpt lat="41.748924" lon="123.36335">
        <ele>41.205593</ele>
        <time>2016-06-11T10:23:14.076000Z</time>
      </trkpt>
      <trkpt lat="41.748898" lon="123.36349">
        <ele>41.297287</ele>
        <time>2016-06-11T10:23:17.484000Z</time>
      </trkpt>
      <trkpt lat="41.74891" lon="123.36365">
        <ele>41.400074</ele>
        <time>2016-06-11T10:23:20.892000Z</time>
      </trkpt>
      <trkpt lat="41.748898" lon="123.36377">
        <ele>41.482616</ele>
        <time>2016-06-11T10:23:24.300000Z</time>
      </trkpt>
      <trkpt lat="41.748894" lon="123.36391">
        <ele>41.571438</ele>
        <time>2016-06-11T10:23:27.708000Z</time>
      </trkpt>
      <trkpt lat="41.748917" lon="123.364044">
        <ele>41.660805</ele>
        <time>2016-06-11T10:23:31.116000Z</time>
      </trkpt>
      <trkpt lat="41.74893" lon="123.36419">
        <ele>41.75669</ele>
        <time>2016-06-11T10:23:34.524000Z</time>
      </trkpt>
      <trkpt lat="41.74893" lon="123.36434">
        <ele>41.85459</ele>
        <time>2016-06-11T10:23:37.932000Z</time>
      </trkpt>
      <trkpt lat="41.748913" lon="123.36448">
        <ele>41.940853</ele>
        <time>2016-06-11T10:23:41.340000Z</time>
      </trkpt>
      <trkpt lat="41.7489" lon="123.3646">
        <ele>42.023163</ele>
        <time>2016-06-11T10:23:44.748000Z</time>
      </trkpt>
      <trkpt lat="41.748875" lon="123.36475">
        <ele>42.120827</ele>
        <time>2016-06-11T10:23:48.156000Z</time>
      </trkpt>
      <trkpt lat="41.74887" lon="123.3649">
        <ele>42.217953</ele>
        <time>2016-06-11T10:23:51.564000Z</time>
      </trkpt>
      <trkpt lat="41.74887" lon="123.365036">
        <ele>42.303207</ele>
        <time>2016-06-11T10:23:54.972000Z</time>
      </trkpt>
      <trkpt lat="41.748844" lon="123.365166">
        <ele>42.3918</ele>
        <time>2016-06-11T10:23:58.380000Z</time>
      </trkpt>
      <trkpt lat="41.748837" lon="123.36532">
        <ele>42.490242</ele>
        <time>2016-06-11T10:24:01.788000Z</time>
      </trkpt>
      <trkpt lat="41.748814" lon="123.36546">
        <ele>42.58442</ele>
        <time>2016-06-11T10:24:05.196000Z</time>
      </trkpt>
      <trkpt lat="41.748806" lon="123.365585">
        <ele>42.666107</ele>
        <time>2016-06-11T10:24:08.604000Z</time>
      </trkpt>
      <trkpt lat="41.748787" lon="123.36574">
        <ele>42.763386</ele>
        <time>2016-06-11T10:24:12.012000Z</time>
      </trkpt>
      <trkpt lat="41.748753" lon="123.365875">
        <ele>42.85818</ele>
        <time>2016-06-11T10:24:15.420000Z</time>
      </trkpt>
      <trkpt lat="41.748734" lon="123.366035">
        <ele>42.96283</ele>
        <time>2016-06-11T10:24:18.828000Z</time>
      </trkpt>
      <trkpt lat="41.74872" lon="123.36619">
        <ele>43.059334</ele>
        <time>2016-06-11T10:24:22.236000Z</time>
      </trkpt>
      <trkpt lat="41.748703" lon="123.366325">
        <ele>43.14948</ele>
        <time>2016-06-11T10:24:25.644000Z</time>
      </trkpt>
      <trkpt lat="41.748707" lon="123.36646">
        <ele>43.239853</ele>
        <time>2016-06-11T10:24:29.052000Z</time>
      </trkpt>
      <trkpt lat="41.748714" lon="123.36661">
        <ele>43.334106</ele>
        <time>2016-06-11T10:24:32.460000Z</time>
      </trkpt>
      <trkpt lat="41.748714" lon="123.36675">
        <ele>43.426655</ele>
        <time>2016-06-11T10:24:35.868000Z</time>
      </trkpt>
      <trkpt lat="41.748703" lon="123.36688">
        <ele>43.511444</ele>
        <time>2016-06-11T10:24:39.276000Z</time>
      </trkpt>
      <trkpt lat="41.748688" lon="123.36704">
        <ele>43.614697</ele>
        <time>2016-06-11T10:24:42.684000Z</time>
      </trkpt>
      <trkpt lat="41.748672" lon="123.367165">
        <ele>43.692272</ele>
        <time>2016-06-11T10:24:46.092000Z</time>
      </trkpt>
      <trkpt lat="41.748657" lon="123.36731">
        <ele>43.787148</ele>
        <time>2016-06-11T10:24:49.500000Z</time>
      </trkpt>
      <trkpt lat="41.74866" lon="123.36743">
        <ele>43.868214</ele>
        <time>2016-06-11T10:24:52.908000Z</time>
      </trkpt>
      <trkpt lat="41.74866" lon="123.36755">
        <ele>43.94765</ele>
        <time>2016-06-11T10:24:56.316000Z</time>
      </trkpt>
      <trkpt lat="41.74866" lon="123.367676">
        <ele>44.02577</ele>
        <time>2016-06-11T10:24:59.724000Z</time>
      </trkpt>
      <trkpt lat="41.74867" lon="123.367805">
        <ele>44.10831</ele>
        <time>2016-06-11T10:25:03.132000Z</time>
      </trkpt>
      <trkpt lat="41.748684" lon="123.36796">
        <ele>44.206985</ele>
        <time>2016-06-11T10:25:06.540000Z</time>
      </trkpt>
      <trkpt lat="41.74869" lon="123.36808">
        <ele>44.287045</ele>
        <time>2016-06-11T10:25:09.948000Z</time>
      </trkpt>
      <trkpt lat="41.748714" lon="123.36823">
        <ele>44.38494</ele>
        <time>2016-06-11T10:25:13.356000Z</time>
      </trkpt>
      <trkpt lat="41.74874" lon="123.368385">
        <ele>44.489437</ele>
        <time>2016-06-11T10:25:16.764000Z</time>
      </trkpt>
      <trkpt lat="41.74876" lon="123.368546">
        <ele>44.59308</ele>
        <time>2016-06-11T10:25:20.172000Z</time>
      </trkpt>
      <trkpt lat="41.74876" lon="123.36868">
        <ele>44.680584</ele>
        <time>2016-06-11T10:25:23.580000Z</time>
      </trkpt>
      <trkpt lat="41.74878" lon="123.36881">
        <ele>44.766148</ele>
        <time>2016-06-11T10:25:26.988000Z</time>
      </trkpt>
      <trkpt lat="41.748814" lon="123.36896">
        <ele>44.86428</ele>
        <time>2016-06-11T10:25:30.396000Z</time>
      </trkpt>
      <trkpt lat="41.74885" lon="123.3691">
        <ele>44.96288</ele>
        <time>2016-06-11T10:25:33.804000Z</time>
      </trkpt>
      <trkpt lat="41.748875" lon="123.369225">
        <ele>45.043945</ele>
        <time>2016-06-11T10:25:37.212000Z</time>
      </trkpt>
      <trkpt lat="41.748886" lon="123.36938">
        <ele>45.141224</ele>
        <time>2016-06-11T10:25:40.620000Z</time>
      </trkpt>
      <trkpt lat="41.748886" lon="123.3695">
        <ele>45.21973</ele>
        <time>2016-06-11T10:25:44.028000Z</time>
      </trkpt>
      <trkpt lat="41.74886" lon="123.36961">
        <ele>45.298782</ele>
        <time>2016-06-11T10:25:47.436000Z</time>
      </trkpt>
      <trkpt lat="41.74883" lon="123.36974">
        <ele>45.385975</ele>
        <time>2016-06-11T10:25:50.844000Z</time>
      </trkpt>
      <trkpt lat="41.7488" lon="123.36986">
        <ele>45.46386</ele>
        <time>2016-06-11T10:25:54.252000Z</time>
      </trkpt>
      <trkpt lat="41.748764" lon="123.36998">
        <ele>45.54927</ele>
        <time>2016-06-11T10:25:57.660000Z</time>
      </trkpt>
      <trkpt lat="41.748726" lon="123.370125">
        <ele>45.64849</ele>
        <time>2016-06-11T10:26:01.068000Z</time>
      </trkpt>
      <trkpt lat="41.748722" lon="123.37027">
        <ele>45.73941</ele>
        <time>2016-06-11T10:26:04.476000Z</time>
      </trkpt>
      <trkpt lat="41.74875" lon="123.37042">
        <ele>45.839714</ele>
        <time>2016-06-11T10:26:07.884000Z</time>
      </trkpt>
      <trkpt lat="41.74876" lon="123.37057">
        <ele>45.936604</ele>
        <time>2016-06-11T10:26:11.292000Z</time>
      </trkpt>
      <trkpt lat="41.74878" lon="123.37072">
        <ele>46.035435</ele>
        <time>2016-06-11T10:26:14.700000Z</time>
      </trkpt>
      <trkpt lat="41.748817" lon="123.370834">
        <ele>46.1179</ele>
        <time>2016-06-11T10:26:18.108000Z</time>
      </trkpt>
      <trkpt lat="41.748848" lon="123.370995">
        <ele>46.22216</ele>
        <time>2016-06-11T10:26:21.516000Z</time>
      </trkpt>
      <trkpt lat="41.748856" lon="123.37115">
        <ele>46.32231</ele>
        <time>2016-06-11T10:26:24.924000Z</time>
      </trkpt>
      <trkpt lat="41.748875" lon="123.3713">
        <ele>46.418816</ele>
        <time>2016-06-11T10:26:28.332000Z</time>
      </trkpt>
      <trkpt lat="41.748905" lon="123.371414">
        <ele>46.49895</ele>
        <time>2016-06-11T10:26:31.740000Z</time>
      </trkpt>
      <trkpt lat="41.748947" lon="123.37157">
        <ele>46.602203</ele>
        <time>2016-06-11T10:26:35.148000Z</time>
      </trkpt>
      <trkpt lat="41.748997" lon="123.37169">
        <ele>47.09153</ele>
        <time>2016-06-11T10:26:38.556000Z</time>
      </trkpt>
      <trkpt lat="41.74905" lon="123.3718">
        <ele>47.24094</ele>
        <time>2016-06-11T10:26:41.964000Z</time>
      </trkpt>
      <trkpt lat="41.749092" lon="123.37195">
        <ele>47.387825</ele>
        <time>2016-06-11T10:26:45.372000Z</time>
      </trkpt>
      <trkpt lat="41.749134" lon="123.37206">
        <ele>47.691147</ele>
        <time>2016-06-11T10:26:48.780000Z</time>
      </trkpt>
      <trkpt lat="41.749184" lon="123.37219">
        <ele>48.159966</ele>
        <time>2016-06-11T10:26:52.188000Z</time>
      </trkpt>
      <trkpt lat="41.749233" lon="123.37231">
        <ele>48.97916</ele>
        <time>2016-06-11T10:26:55.596000Z</time>
      </trkpt>
      <trkpt lat="41.749268" lon="123.37244">
        <ele>50.204124</ele>
        <time>2016-06-11T10:26:59.004000Z</time>
      </trkpt>
      <trkpt lat="41.749294" lon="123.37256">
        <ele>51.38481</ele>
        <time>2016-06-11T10:27:02.412000Z</time>
      </trkpt>
      <trkpt lat="41.74931" lon="123.37271">
        <ele>51.828003</ele>
        <time>2016-06-11T10:27:05.820000Z</time>
      </trkpt>
      <trkpt lat="41.749367" lon="123.37283">
        <ele>51.575584</ele>
        <time>2016-06-11T10:27:09.228000Z</time>
      </trkpt>
      <trkpt lat="41.74942" lon="123.37295">
        <ele>51.329403</ele>
        <time>2016-06-11T10:27:12.636000Z</time>
      </trkpt>
      <trkpt lat="41.749474" lon="123.37309">
        <ele>51.045593</ele>
        <time>2016-06-11T10:27:16.044000Z</time>
      </trkpt>
      <trkpt lat="41.74952" lon="123.373215">
        <ele>50.805</ele>
        <time>2016-06-11T10:27:19.452000Z</time>
      </trkpt>
      <trkpt lat="41.749554" lon="123.37333">
        <ele>50.58806</ele>
        <time>2016-06-11T10:27:22.860000Z</time>
      </trkpt>
      <trkpt lat="41.74959" lon="123.373436">
        <ele>50.368107</ele>
        <time>2016-06-11T10:27:26.268000Z</time>
      </trkpt>
      <trkpt lat="41.74965" lon="123.37354">
        <ele>50.13719</ele>
        <time>2016-06-11T10:27:29.676000Z</time>
      </trkpt>
      <trkpt lat="41.749702" lon="123.37367">
        <ele>49.867786</ele>
        <time>2016-06-11T10:27:33.084000Z</time>
      </trkpt>
      <trkpt lat="41.749744" lon="123.3738">
        <ele>49.62139</ele>
        <time>2016-06-11T10:27:36.492000Z</time>
      </trkpt>
      <trkpt lat="41.7498" lon="123.37393">
        <ele>49.344677</ele>
        <time>2016-06-11T10:27:39.900000Z</time>
      </trkpt>
      <trkpt lat="41.749866" lon="123.37405">
        <ele>49.099785</ele>
        <time>2016-06-11T10:27:43.308000Z</time>
      </trkpt>
      <trkpt lat="41.74991" lon="123.37415">
        <ele>48.87768</ele>
        <time>2016-06-11T10:27:46.716000Z</time>
      </trkpt>
      <trkpt lat="41.749966" lon="123.37426">
        <ele>48.64784</ele>
        <time>2016-06-11T10:27:50.124000Z</time>
      </trkpt>
      <trkpt lat="41.750008" lon="123.374374">
        <ele>48.417355</ele>
        <time>2016-06-11T10:27:53.532000Z</time>
      </trkpt>
      <trkpt lat="41.750057" lon="123.3745">
        <ele>48.165363</ele>
        <time>2016-06-11T10:27:56.940000Z</time>
      </trkpt>
      <trkpt lat="41.750095" lon="123.3746">
        <ele>47.94993</ele>
        <time>2016-06-11T10:28:00.348000Z</time>
      </trkpt>
      <trkpt lat="41.75016" lon="123.37474">
        <ele>47.67171</ele>
        <time>2016-06-11T10:28:03.756000Z</time>
      </trkpt>
      <trkpt lat="41.750225" lon="123.37486">
        <ele>47.39715</ele>
        <time>2016-06-11T10:28:07.164000Z</time>
      </trkpt>
      <trkpt lat="41.750282" lon="123.374954">
        <ele>47.180206</ele>
        <time>2016-06-11T10:28:10.572000Z</time>
      </trkpt>
      <trkpt lat="41.75034" lon="123.37505">
        <ele>46.962833</ele>
        <time>2016-06-11T10:28:13.980000Z</time>
      </trkpt>
      <trkpt lat="41.750404" lon="123.37515">
        <ele>46.72697</ele>
        <time>2016-06-11T10:28:17.388000Z</time>
      </trkpt>
      <trkpt lat="41.75047" lon="123.37525">
        <ele>46.50315</ele>
        <time>2016-06-11T10:28:20.796000Z</time>
      </trkpt>
      <trkpt lat="41.75053" lon="123.37536">
        <ele>46.228386</ele>
        <time>2016-06-11T10:28:24.204000Z</time>
      </trkpt>
      <trkpt lat="41.750603" lon="123.37546">
        <ele>46.100525</ele>
        <time>2016-06-11T10:28:27.612000Z</time>
      </trkpt>
      <trkpt lat="41.750675" lon="123.37556">
        <ele>46.019634</ele>
        <time>2016-06-11T10:28:31.020000Z</time>
      </trkpt>
      <trkpt lat="41.750744" lon="123.37568">
        <ele>45.928436</ele>
        <time>2016-06-11T10:28:34.428000Z</time>
      </trkpt>
      <trkpt lat="41.75081" lon="123.37577">
        <ele>45.854366</ele>
        <time>2016-06-11T10:28:37.836000Z</time>
      </trkpt>
      <trkpt lat="41.750874" lon="123.37586">
        <ele>45.778168</ele>
        <time>2016-06-11T10:28:41.244000Z</time>
      </trkpt>
      <trkpt lat="41.75095" lon="123.37598">
        <ele>45.6331</ele>
        <time>2016-06-11T10:28:44.652000Z</time>
      </trkpt>
      <trkpt lat="41.751026" lon="123.37608">
        <ele>45.61892</ele>
        <time>2016-06-11T10:28:48.060000Z</time>
      </trkpt>
      <trkpt lat="41.751102" lon="123.37619">
        <ele>45.605</ele>
        <time>2016-06-11T10:28:51.468000Z</time>
      </trkpt>
      <trkpt lat="41.751163" lon="123.376305">
        <ele>45.591652</ele>
        <time>2016-06-11T10:28:54.876000Z</time>
      </trkpt>
      <trkpt lat="41.75124" lon="123.37639">
        <ele>45.36894</ele>
        <time>2016-06-11T10:28:58.284000Z</time>
      </trkpt>
      <trkpt lat="41.75132" lon="123.376495">
        <ele>45.29301</ele>
        <time>2016-06-11T10:29:01.692000Z</time>
      </trkpt>
      <trkpt lat="41.751392" lon="123.37659">
        <ele>45.41745</ele>
        <time>2016-06-11T10:29:05.100000Z</time>
      </trkpt>
      <trkpt lat="41.751472" lon="123.37672">
        <ele>45.57215</ele>
        <time>2016-06-11T10:29:08.508000Z</time>
      </trkpt>
      <trkpt lat="41.75154" lon="123.376816">
        <ele>45.701916</ele>
        <time>2016-06-11T10:29:11.916000Z</time>
      </trkpt>
      <trkpt lat="41.751625" lon="123.37692">
        <ele>45.849136</ele>
        <time>2016-06-11T10:29:15.324000Z</time>
      </trkpt>
      <trkpt lat="41.751694" lon="123.37702">
        <ele>45.972668</ele>
        <time>2016-06-11T10:29:18.732000Z</time>
      </trkpt>
      <trkpt lat="41.751762" lon="123.37715">
        <ele>46.12193</ele>
        <time>2016-06-11T10:29:22.140000Z</time>
      </trkpt>
      <trkpt lat="41.751835" lon="123.37724">
        <ele>46.252827</ele>
        <time>2016-06-11T10:29:25.548000Z</time>
      </trkpt>
      <trkpt lat="41.751915" lon="123.37734">
        <ele>46.385654</ele>
        <time>2016-06-11T10:29:28.956000Z</time>
      </trkpt>
      <trkpt lat="41.751972" lon="123.37746">
        <ele>46.51463</ele>
        <time>2016-06-11T10:29:32.364000Z</time>
      </trkpt>
      <trkpt lat="41.75203" lon="123.37758">
        <ele>46.65414</ele>
        <time>2016-06-11T10:29:35.772000Z</time>
      </trkpt>
      <trkpt lat="41.752083" lon="123.37771">
        <ele>46.790936</ele>
        <time>2016-06-11T10:29:39.180000Z</time>
      </trkpt>
      <trkpt lat="41.75216" lon="123.377815">
        <ele>46.93328</ele>
        <time>2016-06-11T10:29:42.588000Z</time>
      </trkpt>
      <trkpt lat="41.752228" lon="123.37792">
        <ele>47.063274</ele>
        <time>2016-06-11T10:29:45.996000Z</time>
      </trkpt>
      <trkpt lat="41.752308" lon="123.378">
        <ele>47.184425</ele>
        <time>2016-06-11T10:29:49.404000Z</time>
      </trkpt>
      <trkpt lat="41.75239" lon="123.3781">
        <ele>47.33006</ele>
        <time>2016-06-11T10:29:52.812000Z</time>
      </trkpt>
      <trkpt lat="41.75246" lon="123.3782">
        <ele>47.457333</ele>
        <time>2016-06-11T10:29:56.220000Z</time>
      </trkpt>
      <trkpt lat="41.75252" lon="123.37831">
        <ele>47.58506</ele>
        <time>2016-06-11T10:29:59.628000Z</time>
      </trkpt>
      <trkpt lat="41.752594" lon="123.3784">
        <ele>47.71528</ele>
        <time>2016-06-11T10:30:03.036000Z</time>
      </trkpt>
      <trkpt lat="41.752666" lon="123.3785">
        <ele>47.842552</ele>
        <time>2016-06-11T10:30:06.444000Z</time>
      </trkpt>
      <trkpt lat="41.75273" lon="123.378586">
        <ele>47.95906</ele>
        <time>2016-06-11T10:30:09.852000Z</time>
      </trkpt>
      <trkpt lat="41.7528" lon="123.378685">
        <ele>48.085766</ele>
        <time>2016-06-11T10:30:13.260000Z</time>
      </trkpt>
      <trkpt lat="41.752872" lon="123.37879">
        <ele>48.219387</ele>
        <time>2016-06-11T10:30:16.668000Z</time>
      </trkpt>
      <trkpt lat="41.752937" lon="123.378876">
        <ele>48.335213</ele>
        <time>2016-06-11T10:30:20.076000Z</time>
      </trkpt>
      <trkpt lat="41.752995" lon="123.37898">
        <ele>48.454666</ele>
        <time>2016-06-11T10:30:23.484000Z</time>
      </trkpt>
      <trkpt lat="41.75305" lon="123.3791">
        <ele>48.584885</ele>
        <time>2016-06-11T10:30:26.892000Z</time>
      </trkpt>
      <trkpt lat="41.753124" lon="123.37921">
        <ele>48.730064</ele>
        <time>2016-06-11T10:30:30.300000Z</time>
      </trkpt>
      <trkpt lat="41.753197" lon="123.379326">
        <ele>48.86901</ele>
        <time>2016-06-11T10:30:33.708000Z</time>
      </trkpt>
      <trkpt lat="41.753254" lon="123.37943">
        <ele>48.995716</ele>
        <time>2016-06-11T10:30:37.116000Z</time>
      </trkpt>
      <trkpt lat="41.753296" lon="123.37957">
        <ele>49.134777</ele>
        <time>2016-06-11T10:30:40.524000Z</time>
      </trkpt>
      <trkpt lat="41.753338" lon="123.37969">
        <ele>49.261482</ele>
        <time>2016-06-11T10:30:43.932000Z</time>
      </trkpt>
      <trkpt lat="41.753387" lon="123.3798">
        <ele>49.379124</ele>
        <time>2016-06-11T10:30:47.340000Z</time>
      </trkpt>
      <trkpt lat="41.75345" lon="123.37991">
        <ele>49.51025</ele>
        <time>2016-06-11T10:30:50.748000Z</time>
      </trkpt>
      <trkpt lat="41.7535" lon="123.38004">
        <ele>49.64897</ele>
        <time>2016-06-11T10:30:54.156000Z</time>
      </trkpt>
      <trkpt lat="41.753555" lon="123.380165">
        <ele>49.782135</ele>
        <time>2016-06-11T10:30:57.564000Z</time>
      </trkpt>
      <trkpt lat="41.753616" lon="123.38027">
        <ele>49.90782</ele>
        <time>2016-06-11T10:31:00.972000Z</time>
      </trkpt>
      <trkpt lat="41.753666" lon="123.380394">
        <ele>50.038383</ele>
        <time>2016-06-11T10:31:04.380000Z</time>
      </trkpt>
      <trkpt lat="41.753716" lon="123.38049">
        <ele>50.151714</ele>
        <time>2016-06-11T10:31:07.788000Z</time>
      </trkpt>
      <trkpt lat="41.753777" lon="123.38059">
        <ele>50.27434</ele>
        <time>2016-06-11T10:31:11.196000Z</time>
      </trkpt>
      <trkpt lat="41.753834" lon="123.3807">
        <ele>50.3964</ele>
        <time>2016-06-11T10:31:14.604000Z</time>
      </trkpt>
      <trkpt lat="41.753906" lon="123.38083">
        <ele>50.548496</ele>
        <time>2016-06-11T10:31:18.012000Z</time>
      </trkpt>
      <trkpt lat="41.753983" lon="123.38093">
        <ele>51.252087</ele>
        <time>2016-06-11T10:31:21.420000Z</time>
      </trkpt>
      <trkpt lat="41.754044" lon="123.381035">
        <ele>52.138546</ele>
        <time>2016-06-11T10:31:24.828000Z</time>
      </trkpt>
      <trkpt lat="41.754116" lon="123.38113">
        <ele>52.838146</ele>
        <time>2016-06-11T10:31:28.236000Z</time>
      </trkpt>
      <trkpt lat="41.75419" lon="123.3812">
        <ele>53.32488</ele>
        <time>2016-06-11T10:31:31.644000Z</time>
      </trkpt>
      <trkpt lat="41.754276" lon="123.38131">
        <ele>53.782574</ele>
        <time>2016-06-11T10:31:35.052000Z</time>
      </trkpt>
      <trkpt lat="41.75436" lon="123.381424">
        <ele>54.271027</ele>
        <time>2016-06-11T10:31:38.460000Z</time>
      </trkpt>
      <trkpt lat="41.75442" lon="123.38153">
        <ele>54.63704</ele>
        <time>2016-06-11T10:31:41.868000Z</time>
      </trkpt>
      <trkpt lat="41.754498" lon="123.381645">
        <ele>54.67513</ele>
        <time>2016-06-11T10:31:45.276000Z</time>
      </trkpt>
      <trkpt lat="41.754555" lon="123.38176">
        <ele>54.588505</ele>
        <time>2016-06-11T10:31:48.684000Z</time>
      </trkpt>
      <trkpt lat="41.754627" lon="123.381874">
        <ele>54.487385</ele>
        <time>2016-06-11T10:31:52.092000Z</time>
      </trkpt>
      <trkpt lat="41.75469" lon="123.38197">
        <ele>54.403767</ele>
        <time>2016-06-11T10:31:55.500000Z</time>
      </trkpt>
      <trkpt lat="41.754757" lon="123.38207">
        <ele>54.315952</ele>
        <time>2016-06-11T10:31:58.908000Z</time>
      </trkpt>
      <trkpt lat="41.754837" lon="123.382164">
        <ele>54.221325</ele>
        <time>2016-06-11T10:32:02.316000Z</time>
      </trkpt>
      <trkpt lat="41.75491" lon="123.38226">
        <ele>54.132008</ele>
        <time>2016-06-11T10:32:05.724000Z</time>
      </trkpt>
      <trkpt lat="41.754967" lon="123.382385">
        <ele>54.036037</ele>
        <time>2016-06-11T10:32:09.132000Z</time>
      </trkpt>
      <trkpt lat="41.75502" lon="123.382484">
        <ele>53.9544</ele>
        <time>2016-06-11T10:32:12.540000Z</time>
      </trkpt>
      <trkpt lat="41.755093" lon="123.38258">
        <ele>53.866188</ele>
        <time>2016-06-11T10:32:15.948000Z</time>
      </trkpt>
      <trkpt lat="41.75515" lon="123.38269">
        <ele>53.778053</ele>
        <time>2016-06-11T10:32:19.356000Z</time>
      </trkpt>
      <trkpt lat="41.755222" lon="123.38278">
        <ele>53.68834</ele>
        <time>2016-06-11T10:32:22.764000Z</time>
      </trkpt>
      <trkpt lat="41.755283" lon="123.38288">
        <ele>53.608284</ele>
        <time>2016-06-11T10:32:26.172000Z</time>
      </trkpt>
      <trkpt lat="41.75534" lon="123.38298">
        <ele>53.5253</ele>
        <time>2016-06-11T10:32:29.580000Z</time>
      </trkpt>
      <trkpt lat="41.75541" lon="123.38309">
        <ele>53.4302</ele>
        <time>2016-06-11T10:32:32.988000Z</time>
      </trkpt>
      <trkpt lat="41.755493" lon="123.38321">
        <ele>53.32457</ele>
        <time>2016-06-11T10:32:36.396000Z</time>
      </trkpt>
      <trkpt lat="41.755573" lon="123.38329">
        <ele>53.230816</ele>
        <time>2016-06-11T10:32:39.804000Z</time>
      </trkpt>
      <trkpt lat="41.75564" lon="123.3834">
        <ele>53.14474</ele>
        <time>2016-06-11T10:32:43.212000Z</time>
      </trkpt>
      <trkpt lat="41.7557" lon="123.38354">
        <ele>53.03911</ele>
        <time>2016-06-11T10:32:46.620000Z</time>
      </trkpt>
      <trkpt lat="41.75576" lon="123.3837">
        <ele>52.917564</ele>
        <time>2016-06-11T10:32:50.028000Z</time>
      </trkpt>
      <trkpt lat="41.75582" lon="123.38382">
        <ele>52.823967</ele>
        <time>2016-06-11T10:32:53.436000Z</time>
      </trkpt>
      <trkpt lat="41.755882" lon="123.38391">
        <ele>52.743595</ele>
        <time>2016-06-11T10:32:56.844000Z</time>
      </trkpt>
      <trkpt lat="41.755943" lon="123.383995">
        <ele>52.664173</ele>
        <time>2016-06-11T10:33:00.252000Z</time>
      </trkpt>
      <trkpt lat="41.75602" lon="123.3841">
        <ele>52.567966</ele>
        <time>2016-06-11T10:33:03.660000Z</time>
      </trkpt>
      <trkpt lat="41.75608" lon="123.3842">
        <ele>52.481102</ele>
        <time>2016-06-11T10:33:07.068000Z</time>
      </trkpt>
      <trkpt lat="41.756145" lon="123.38433">
        <ele>52.382675</ele>
        <time>2016-06-11T10:33:10.476000Z</time>
      </trkpt>
      <trkpt lat="41.756214" lon="123.38444">
        <ele>52.28694</ele>
        <time>2016-06-11T10:33:13.884000Z</time>
      </trkpt>
      <trkpt lat="41.75628" lon="123.38457">
        <ele>52.184002</ele>
        <time>2016-06-11T10:33:17.292000Z</time>
      </trkpt>
      <trkpt lat="41.756336" lon="123.3847">
        <ele>52.08803</ele>
        <time>2016-06-11T10:33:20.700000Z</time>
      </trkpt>
      <trkpt lat="41.75638" lon="123.38482">
        <ele>51.998158</ele>
        <time>2016-06-11T10:33:24.108000Z</time>
      </trkpt>
      <trkpt lat="41.75643" lon="123.38495">
        <ele>51.90076</ele>
        <time>2016-06-11T10:33:27.516000Z</time>
      </trkpt>
      <trkpt lat="41.75648" lon="123.38507">
        <ele>51.811047</ele>
        <time>2016-06-11T10:33:30.924000Z</time>
      </trkpt>
      <trkpt lat="41.75657" lon="123.385185">
        <ele>51.700584</ele>
        <time>2016-06-11T10:33:34.332000Z</time>
      </trkpt>
      <trkpt lat="41.756634" lon="123.38529">
        <ele>51.611423</ele>
        <time>2016-06-11T10:33:37.740000Z</time>
      </trkpt>
      <trkpt lat="41.7567" lon="123.38542">
        <ele>51.50975</ele>
        <time>2016-06-11T10:33:41.148000Z</time>
      </trkpt>
      <trkpt lat="41.756767" lon="123.38555">
        <ele>51.40483</ele>
        <time>2016-06-11T10:33:44.556000Z</time>
      </trkpt>
      <trkpt lat="41.756813" lon="123.38566">
        <ele>51.320976</ele>
        <time>2016-06-11T10:33:47.964000Z</time>
      </trkpt>
      <trkpt lat="41.756874" lon="123.38578">
        <ele>51.225082</ele>
        <time>2016-06-11T10:33:51.372000Z</time>
      </trkpt>
      <trkpt lat="41.75693" lon="123.385895">
        <ele>51.133865</ele>
        <time>2016-06-11T10:33:54.780000Z</time>
      </trkpt>
      <trkpt lat="41.75699" lon="123.38602">
        <ele>51.040825</ele>
        <time>2016-06-11T10:33:58.188000Z</time>
      </trkpt>
      <trkpt lat="41.757046" lon="123.38612">
        <ele>50.952374</ele>
        <time>2016-06-11T10:34:01.596000Z</time>
      </trkpt>
      <trkpt lat="41.757095" lon="123.38625">
        <ele>50.856956</ele>
        <time>2016-06-11T10:34:05.004000Z</time>
      </trkpt>
      <trkpt lat="41.75713" lon="123.386375">
        <ele>50.773815</ele>
        <time>2016-06-11T10:34:08.412000Z</time>
      </trkpt>
      <trkpt lat="41.757183" lon="123.386505">
        <ele>50.67452</ele>
        <time>2016-06-11T10:34:11.820000Z</time>
      </trkpt>
      <trkpt lat="41.75723" lon="123.386635">
        <ele>50.581238</ele>
        <time>2016-06-11T10:34:15.228000Z</time>
      </trkpt>
      <trkpt lat="41.757282" lon="123.386765">
        <ele>50.48685</ele>
        <time>2016-06-11T10:34:18.636000Z</time>
      </trkpt>
      <trkpt lat="41.757328" lon="123.38688">
        <ele>50.398247</ele>
        <time>2016-06-11T10:34:22.044000Z</time>
      </trkpt>
      <trkpt lat="41.75736" lon="123.38703">
        <ele>50.29681</ele>
        <time>2016-06-11T10:34:25.452000Z</time>
      </trkpt>
      <trkpt lat="41.757374" lon="123.38715">
        <ele>50.21501</ele>
        <time>2016-06-11T10:34:28.860000Z</time>
      </trkpt>
      <trkpt lat="41.757423" lon="123.38726">
        <ele>50.13187</ele>
        <time>2016-06-11T10:34:32.268000Z</time>
      </trkpt>
      <trkpt lat="41.75747" lon="123.3874">
        <ele>50.034554</ele>
        <time>2016-06-11T10:34:35.676000Z</time>
      </trkpt>
      <trkpt lat="41.757504" lon="123.387505">
        <ele>49.95426</ele>
        <time>2016-06-11T10:34:39.084000Z</time>
      </trkpt>
      <trkpt lat="41.75754" lon="123.38763">
        <ele>49.867</ele>
        <time>2016-06-11T10:34:42.492000Z</time>
      </trkpt>
      <trkpt lat="41.757618" lon="123.38774">
        <ele>49.767784</ele>
        <time>2016-06-11T10:34:45.900000Z</time>
      </trkpt>
      <trkpt lat="41.75768" lon="123.38785">
        <ele>49.680443</ele>
        <time>2016-06-11T10:34:49.308000Z</time>
      </trkpt>
      <trkpt lat="41.757706" lon="123.38797">
        <ele>49.594765</ele>
        <time>2016-06-11T10:34:52.716000Z</time>
      </trkpt>
      <trkpt lat="41.757736" lon="123.38811">
        <ele>49.503544</ele>
        <time>2016-06-11T10:34:56.124000Z</time>
      </trkpt>
      <trkpt lat="41.757786" lon="123.38823">
        <ele>48.55003</ele>
        <time>2016-06-11T10:34:59.532000Z</time>
      </trkpt>
      <trkpt lat="41.757824" lon="123.38834">
        <ele>48.33668</ele>
        <time>2016-06-11T10:35:02.940000Z</time>
      </trkpt>
      <trkpt lat="41.757877" lon="123.38847">
        <ele>48.319324</ele>
        <time>2016-06-11T10:35:06.348000Z</time>
      </trkpt>
      <trkpt lat="41.75793" lon="123.38859">
        <ele>48.302673</ele>
        <time>2016-06-11T10:35:09.756000Z</time>
      </trkpt>
      <trkpt lat="41.757957" lon="123.38873">
        <ele>48.285614</ele>
        <time>2016-06-11T10:35:13.164000Z</time>
      </trkpt>
      <trkpt lat="41.75798" lon="123.38885">
        <ele>48.270878</ele>
        <time>2016-06-11T10:35:16.572000Z</time>
      </trkpt>
      <trkpt lat="41.75798" lon="123.38885">
        <ele>48.270878</ele>
        <time>2016-06-11T10:35:19.980000Z</time>
      </trkpt>
      <trkpt lat="41.758244" lon="123.38943">
        <ele>48.19134</ele>
        <time>2016-06-11T10:35:23.388000Z</time>
      </trkpt>
      <trkpt lat="41.7583" lon="123.389534">
        <ele>48.175552</ele>
        <time>2016-06-11T10:35:26.796000Z</time>
      </trkpt>
      <trkpt lat="41.75835" lon="123.38965">
        <ele>48.15936</ele>
        <time>2016-06-11T10:35:30.204000Z</time>
      </trkpt>
      <trkpt lat="41.75841" lon="123.38977">
        <ele>48.14237</ele>
        <time>2016-06-11T10:35:33.612000Z</time>
      </trkpt>
      <trkpt lat="41.75846" lon="123.38988">
        <ele>48.12779</ele>
        <time>2016-06-11T10:35:37.020000Z</time>
      </trkpt>
      <trkpt lat="41.75852" lon="123.38999">
        <ele>48.110886</ele>
        <time>2016-06-11T10:35:40.428000Z</time>
      </trkpt>
      <trkpt lat="41.758568" lon="123.3901">
        <ele>48.09629</ele>
        <time>2016-06-11T10:35:43.836000Z</time>
      </trkpt>
      <trkpt lat="41.758614" lon="123.39022">
        <ele>47.50172</ele>
        <time>2016-06-11T10:35:47.244000Z</time>
      </trkpt>
      <trkpt lat="41.758656" lon="123.39033">
        <ele>46.456516</ele>
        <time>2016-06-11T10:35:50.652000Z</time>
      </trkpt>
      <trkpt lat="41.758705" lon="123.39045">
        <ele>45.616035</ele>
        <time>2016-06-11T10:35:54.060000Z</time>
      </trkpt>
      <trkpt lat="41.75875" lon="123.390594">
        <ele>45.60905</ele>
        <time>2016-06-11T10:35:57.468000Z</time>
      </trkpt>
      <trkpt lat="41.75879" lon="123.390724">
        <ele>45.60303</ele>
        <time>2016-06-11T10:36:00.876000Z</time>
      </trkpt>
      <trkpt lat="41.758842" lon="123.39084">
        <ele>45.59683</ele>
        <time>2016-06-11T10:36:04.284000Z</time>
      </trkpt>
      <trkpt lat="41.758938" lon="123.39093">
        <ele>45.590107</ele>
        <time>2016-06-11T10:36:07.692000Z</time>
      </trkpt>
      <trkpt lat="41.759045" lon="123.39096">
        <ele>45.58352</ele>
        <time>2016-06-11T10:36:11.100000Z</time>
      </trkpt>
      <trkpt lat="41.759117" lon="123.39104">
        <ele>45.57812</ele>
        <time>2016-06-11T10:36:14.508000Z</time>
      </trkpt>
      <trkpt lat="41.75918" lon="123.39115">
        <ele>45.571705</ele>
        <time>2016-06-11T10:36:17.916000Z</time>
      </trkpt>
      <trkpt lat="41.759193" lon="123.39132">
        <ele>45.564213</ele>
        <time>2016-06-11T10:36:21.324000Z</time>
      </trkpt>
      <trkpt lat="41.759197" lon="123.39149">
        <ele>45.55682</ele>
        <time>2016-06-11T10:36:24.732000Z</time>
      </trkpt>
      <trkpt lat="41.759182" lon="123.39164">
        <ele>45.549976</ele>
        <time>2016-06-11T10:36:28.140000Z</time>
      </trkpt>
      <trkpt lat="41.759167" lon="123.391785">
        <ele>45.543674</ele>
        <time>2016-06-11T10:36:31.548000Z</time>
      </trkpt>
      <trkpt lat="41.75917" lon="123.391914">
        <ele>45.5378</ele>
        <time>2016-06-11T10:36:34.956000Z</time>
      </trkpt>
      <trkpt lat="41.759186" lon="123.392044">
        <ele>45.532215</ele>
        <time>2016-06-11T10:36:38.364000Z</time>
      </trkpt>
      <trkpt lat="41.759212" lon="123.39219">
        <ele>45.525623</ele>
        <time>2016-06-11T10:36:41.772000Z</time>
      </trkpt>
      <trkpt lat="41.75926" lon="123.39231">
        <ele>45.519463</ele>
        <time>2016-06-11T10:36:45.180000Z</time>
      </trkpt>
      <trkpt lat="41.759315" lon="123.392456">
        <ele>45.512302</ele>
        <time>2016-06-11T10:36:48.588000Z</time>
      </trkpt>
      <trkpt lat="41.759365" lon="123.392586">
        <ele>45.505978</ele>
        <time>2016-06-11T10:36:51.996000Z</time>
      </trkpt>
      <trkpt lat="41.759396" lon="123.3927">
        <ele>45.500355</ele>
        <time>2016-06-11T10:36:55.404000Z</time>
      </trkpt>
      <trkpt lat="41.759403" lon="123.39283">
        <ele>45.494778</ele>
        <time>2016-06-11T10:36:58.812000Z</time>
      </trkpt>
      <trkpt lat="41.759396" lon="123.392975">
        <ele>45.471775</ele>
        <time>2016-06-11T10:37:02.220000Z</time>
      </trkpt>
      <trkpt lat="41.759403" lon="123.39311">
        <ele>45.448963</ele>
        <time>2016-06-11T10:37:05.628000Z</time>
      </trkpt>
      <trkpt lat="41.75941" lon="123.39325">
        <ele>45.427273</ele>
        <time>2016-06-11T10:37:09.036000Z</time>
      </trkpt>
      <trkpt lat="41.759426" lon="123.39337">
        <ele>45.40695</ele>
        <time>2016-06-11T10:37:12.444000Z</time>
      </trkpt>
      <trkpt lat="41.75944" lon="123.39353">
        <ele>45.381462</ele>
        <time>2016-06-11T10:37:15.852000Z</time>
      </trkpt>
      <trkpt lat="41.759426" lon="123.39369">
        <ele>45.35584</ele>
        <time>2016-06-11T10:37:19.260000Z</time>
      </trkpt>
      <trkpt lat="41.75943" lon="123.39382">
        <ele>45.334457</ele>
        <time>2016-06-11T10:37:22.668000Z</time>
      </trkpt>
      <trkpt lat="41.75946" lon="123.39395">
        <ele>45.033775</ele>
        <time>2016-06-11T10:37:26.076000Z</time>
      </trkpt>
      <trkpt lat="41.759476" lon="123.39409">
        <ele>44.79779</ele>
        <time>2016-06-11T10:37:29.484000Z</time>
      </trkpt>
      <trkpt lat="41.759483" lon="123.39422">
        <ele>44.708733</ele>
        <time>2016-06-11T10:37:32.892000Z</time>
      </trkpt>
      <trkpt lat="41.759483" lon="123.39437">
        <ele>44.70072</ele>
        <time>2016-06-11T10:37:36.300000Z</time>
      </trkpt>
      <trkpt lat="41.759495" lon="123.3945">
        <ele>44.672882</ele>
        <time>2016-06-11T10:37:39.708000Z</time>
      </trkpt>
      <trkpt lat="41.759495" lon="123.39467">
        <ele>44.63904</ele>
        <time>2016-06-11T10:37:43.116000Z</time>
      </trkpt>
      <trkpt lat="41.759502" lon="123.394806">
        <ele>44.530636</ele>
        <time>2016-06-11T10:37:46.524000Z</time>
      </trkpt>
      <trkpt lat="41.75948" lon="123.39494">
        <ele>44.445362</ele>
        <time>2016-06-11T10:37:49.932000Z</time>
      </trkpt>
      <trkpt lat="41.759457" lon="123.395096">
        <ele>44.257336</ele>
        <time>2016-06-11T10:37:53.340000Z</time>
      </trkpt>
      <trkpt lat="41.759438" lon="123.395226">
        <ele>43.885647</ele>
        <time>2016-06-11T10:37:56.748000Z</time>
      </trkpt>
      <trkpt lat="41.759426" lon="123.39538">
        <ele>43.64061</ele>
        <time>2016-06-11T10:38:00.156000Z</time>
      </trkpt>
      <trkpt lat="41.75941" lon="123.39551">
        <ele>43.910786</ele>
        <time>2016-06-11T10:38:03.564000Z</time>
      </trkpt>
      <trkpt lat="41.759396" lon="123.39566">
        <ele>44.250614</ele>
        <time>2016-06-11T10:38:06.972000Z</time>
      </trkpt>
      <trkpt lat="41.75938" lon="123.39582">
        <ele>44.588654</ele>
        <time>2016-06-11T10:38:10.380000Z</time>
      </trkpt>
      <trkpt lat="41.75936" lon="123.39597">
        <ele>44.92106</ele>
        <time>2016-06-11T10:38:13.788000Z</time>
      </trkpt>
      <trkpt lat="41.759357" lon="123.39612">
        <ele>45.23016</ele>
        <time>2016-06-11T10:38:17.196000Z</time>
      </trkpt>
      <trkpt lat="41.759354" lon="123.39626">
        <ele>45.536957</ele>
        <time>2016-06-11T10:38:20.604000Z</time>
      </trkpt>
      <trkpt lat="41.75934" lon="123.3964">
        <ele>45.830437</ele>
        <time>2016-06-11T10:38:24.012000Z</time>
      </trkpt>
      <trkpt lat="41.75933" lon="123.39654">
        <ele>46.11751</ele>
        <time>2016-06-11T10:38:27.420000Z</time>
      </trkpt>
      <trkpt lat="41.759308" lon="123.39667">
        <ele>46.39998</ele>
        <time>2016-06-11T10:38:30.828000Z</time>
      </trkpt>
      <trkpt lat="41.759296" lon="123.39679">
        <ele>46.657864</ele>
        <time>2016-06-11T10:38:34.236000Z</time>
      </trkpt>
      <trkpt lat="41.759308" lon="123.39694">
        <ele>46.991035</ele>
        <time>2016-06-11T10:38:37.644000Z</time>
      </trkpt>
      <trkpt lat="41.759304" lon="123.39709">
        <ele>47.294502</ele>
        <time>2016-06-11T10:38:41.052000Z</time>
      </trkpt>
      <trkpt lat="41.759285" lon="123.3972">
        <ele>47.555973</ele>
        <time>2016-06-11T10:38:44.460000Z</time>
      </trkpt>
      <trkpt lat="41.75928" lon="123.39733">
        <ele>47.82128</ele>
        <time>2016-06-11T10:38:47.868000Z</time>
      </trkpt>
      <trkpt lat="41.75927" lon="123.39748">
        <ele>48.141136</ele>
        <time>2016-06-11T10:38:51.276000Z</time>
      </trkpt>
      <trkpt lat="41.759247" lon="123.39762">
        <ele>48.456383</ele>
        <time>2016-06-11T10:38:54.684000Z</time>
      </trkpt>
      <trkpt lat="41.75923" lon="123.39778">
        <ele>48.79135</ele>
        <time>2016-06-11T10:38:58.092000Z</time>
      </trkpt>
      <trkpt lat="41.759224" lon="123.39791">
        <ele>49.064854</ele>
        <time>2016-06-11T10:39:01.500000Z</time>
      </trkpt>
      <trkpt lat="41.7592" lon="123.398056">
        <ele>49.56674</ele>
        <time>2016-06-11T10:39:04.908000Z</time>
      </trkpt>
      <trkpt lat="41.75918" lon="123.3982">
        <ele>49.97535</ele>
        <time>2016-06-11T10:39:08.316000Z</time>
      </trkpt>
      <trkpt lat="41.759163" lon="123.39837">
        <ele>50.4706</ele>
        <time>2016-06-11T10:39:11.724000Z</time>
      </trkpt>
      <trkpt lat="41.759144" lon="123.398506">
        <ele>51.05544</ele>
        <time>2016-06-11T10:39:15.132000Z</time>
      </trkpt>
      <trkpt lat="41.75912" lon="123.398636">
        <ele>51.532913</ele>
        <time>2016-06-11T10:39:18.540000Z</time>
      </trkpt>
      <trkpt lat="41.7591" lon="123.39876">
        <ele>51.787155</ele>
        <time>2016-06-11T10:39:21.948000Z</time>
      </trkpt>
      <trkpt lat="41.75908" lon="123.39889">
        <ele>51.932392</ele>
        <time>2016-06-11T10:39:25.356000Z</time>
      </trkpt>
      <trkpt lat="41.75906" lon="123.39905">
        <ele>52.022503</ele>
        <time>2016-06-11T10:39:28.764000Z</time>
      </trkpt>
      <trkpt lat="41.759045" lon="123.39917">
        <ele>52.054173</ele>
        <time>2016-06-11T10:39:32.172000Z</time>
      </trkpt>
      <trkpt lat="41.75902" lon="123.399284">
        <ele>52.080986</ele>
        <time>2016-06-11T10:39:35.580000Z</time>
      </trkpt>
      <trkpt lat="41.758995" lon="123.399414">
        <ele>52.389454</ele>
        <time>2016-06-11T10:39:38.988000Z</time>
      </trkpt>
      <trkpt lat="41.758972" lon="123.39957">
        <ele>53.09486</ele>
        <time>2016-06-11T10:39:42.396000Z</time>
      </trkpt>
      <trkpt lat="41.75896" lon="123.39972">
        <ele>53.642365</ele>
        <time>2016-06-11T10:39:45.804000Z</time>
      </trkpt>
      <trkpt lat="41.75893" lon="123.39983">
        <ele>53.286095</ele>
        <time>2016-06-11T10:39:49.212000Z</time>
      </trkpt>
      <trkpt lat="41.7589" lon="123.39999">
        <ele>52.845257</ele>
        <time>2016-06-11T10:39:52.620000Z</time>
      </trkpt>
      <trkpt lat="41.758865" lon="123.400116">
        <ele>52.472004</ele>
        <time>2016-06-11T10:39:56.028000Z</time>
      </trkpt>
      <trkpt lat="41.758846" lon="123.400246">
        <ele>52.095016</ele>
        <time>2016-06-11T10:39:59.436000Z</time>
      </trkpt>
      <trkpt lat="41.758816" lon="123.400375">
        <ele>51.714294</ele>
        <time>2016-06-11T10:40:02.844000Z</time>
      </trkpt>
      <trkpt lat="41.758785" lon="123.400505">
        <ele>51.330173</ele>
        <time>2016-06-11T10:40:06.252000Z</time>
      </trkpt>
      <trkpt lat="41.758762" lon="123.40063">
        <ele>50.98036</ele>
        <time>2016-06-11T10:40:09.660000Z</time>
      </trkpt>
      <trkpt lat="41.758728" lon="123.40078">
        <ele>50.52899</ele>
        <time>2016-06-11T10:40:13.068000Z</time>
      </trkpt>
      <trkpt lat="41.7587" lon="123.40092">
        <ele>50.12212</ele>
        <time>2016-06-11T10:40:16.476000Z</time>
      </trkpt>
      <trkpt lat="41.758675" lon="123.40106">
        <ele>49.68977</ele>
        <time>2016-06-11T10:40:19.884000Z</time>
      </trkpt>
      <trkpt lat="41.75864" lon="123.401184">
        <ele>49.330105</ele>
        <time>2016-06-11T10:40:23.292000Z</time>
      </trkpt>
      <trkpt lat="41.75861" lon="123.4013">
        <ele>48.99014</ele>
        <time>2016-06-11T10:40:26.700000Z</time>
      </trkpt>
      <trkpt lat="41.758575" lon="123.40141">
        <ele>48.638283</ele>
        <time>2016-06-11T10:40:30.108000Z</time>
      </trkpt>
      <trkpt lat="41.758526" lon="123.40156">
        <ele>48.182503</ele>
        <time>2016-06-11T10:40:33.516000Z</time>
      </trkpt>
      <trkpt lat="41.7585" lon="123.401695">
        <ele>47.8028</ele>
        <time>2016-06-11T10:40:36.924000Z</time>
      </trkpt>
      <trkpt lat="41.758465" lon="123.40183">
        <ele>46.407635</ele>
        <time>2016-06-11T10:40:40.332000Z</time>
      </trkpt>
      <trkpt lat="41.758434" lon="123.40197">
        <ele>45.334213</ele>
        <time>2016-06-11T10:40:43.740000Z</time>
      </trkpt>
      <trkpt lat="41.7584" lon="123.402115">
        <ele>44.576694</ele>
        <time>2016-06-11T10:40:47.148000Z</time>
      </trkpt>
      <trkpt lat="41.758373" lon="123.40225">
        <ele>44.146984</ele>
        <time>2016-06-11T10:40:50.556000Z</time>
      </trkpt>
      <trkpt lat="41.758343" lon="123.40239">
        <ele>44.084663</ele>
        <time>2016-06-11T10:40:53.964000Z</time>
      </trkpt>
      <trkpt lat="41.758312" lon="123.40251">
        <ele>44.076134</ele>
        <time>2016-06-11T10:40:57.372000Z</time>
      </trkpt>
      <trkpt lat="41.758274" lon="123.40263">
        <ele>44.067245</ele>
        <time>2016-06-11T10:41:00.780000Z</time>
      </trkpt>
      <trkpt lat="41.75824" lon="123.40277">
        <ele>44.05758</ele>
        <time>2016-06-11T10:41:04.188000Z</time>
      </trkpt>
      <trkpt lat="41.758205" lon="123.4029">
        <ele>43.494923</ele>
        <time>2016-06-11T10:41:07.596000Z</time>
      </trkpt>
      <trkpt lat="41.75816" lon="123.403015">
        <ele>42.96437</ele>
        <time>2016-06-11T10:41:11.004000Z</time>
      </trkpt>
      <trkpt lat="41.758125" lon="123.40313">
        <ele>42.472126</ele>
        <time>2016-06-11T10:41:14.412000Z</time>
      </trkpt>
      <trkpt lat="41.758083" lon="123.40325">
        <ele>42.20561</ele>
        <time>2016-06-11T10:41:17.820000Z</time>
      </trkpt>
      <trkpt lat="41.758022" lon="123.40338">
        <ele>42.293514</ele>
        <time>2016-06-11T10:41:21.228000Z</time>
      </trkpt>
      <trkpt lat="41.757957" lon="123.40349">
        <ele>42.370407</ele>
        <time>2016-06-11T10:41:24.636000Z</time>
      </trkpt>
      <trkpt lat="41.757908" lon="123.40361">
        <ele>42.4473</ele>
        <time>2016-06-11T10:41:28.044000Z</time>
      </trkpt>
      <trkpt lat="41.757854" lon="123.403725">
        <ele>42.52344</ele>
        <time>2016-06-11T10:41:31.452000Z</time>
      </trkpt>
      <trkpt lat="41.757797" lon="123.403824">
        <ele>42.59442</ele>
        <time>2016-06-11T10:41:34.860000Z</time>
      </trkpt>
      <trkpt lat="41.757725" lon="123.40393">
        <ele>42.67702</ele>
        <time>2016-06-11T10:41:38.268000Z</time>
      </trkpt>
      <trkpt lat="41.75765" lon="123.40403">
        <ele>42.755547</ele>
        <time>2016-06-11T10:41:41.676000Z</time>
      </trkpt>
      <trkpt lat="41.75756" lon="123.40414">
        <ele>42.846306</ele>
        <time>2016-06-11T10:41:45.084000Z</time>
      </trkpt>
      <trkpt lat="41.75749" lon="123.40423">
        <ele>42.9232</ele>
        <time>2016-06-11T10:41:48.492000Z</time>
      </trkpt>
      <trkpt lat="41.757416" lon="123.40431">
        <ele>42.994514</ele>
        <time>2016-06-11T10:41:51.900000Z</time>
      </trkpt>
      <trkpt lat="41.75734" lon="123.40438">
        <ele>43.064133</ele>
        <time>2016-06-11T10:41:55.308000Z</time>
      </trkpt>
      <trkpt lat="41.757244" lon="123.40446">
        <ele>43.147892</ele>
        <time>2016-06-11T10:41:58.716000Z</time>
      </trkpt>
      <trkpt lat="41.757168" lon="123.40456">
        <ele>43.228996</ele>
        <time>2016-06-11T10:42:02.124000Z</time>
      </trkpt>
      <trkpt lat="41.75709" lon="123.40466">
        <ele>43.310783</ele>
        <time>2016-06-11T10:42:05.532000Z</time>
      </trkpt>
      <trkpt lat="41.757034" lon="123.40477">
        <ele>43.38618</ele>
        <time>2016-06-11T10:42:08.940000Z</time>
      </trkpt>
      <trkpt lat="41.756954" lon="123.404884">
        <ele>43.47266</ele>
        <time>2016-06-11T10:42:12.348000Z</time>
      </trkpt>
      <trkpt lat="41.756878" lon="123.40499">
        <ele>43.55832</ele>
        <time>2016-06-11T10:42:15.756000Z</time>
      </trkpt>
      <trkpt lat="41.756805" lon="123.40508">
        <ele>43.633514</ele>
        <time>2016-06-11T10:42:19.164000Z</time>
      </trkpt>
      <trkpt lat="41.756714" lon="123.40518">
        <ele>43.72067</ele>
        <time>2016-06-11T10:42:22.572000Z</time>
      </trkpt>
      <trkpt lat="41.756626" lon="123.40526">
        <ele>43.800213</ele>
        <time>2016-06-11T10:42:25.980000Z</time>
      </trkpt>
      <trkpt lat="41.75654" lon="123.40533">
        <ele>43.87901</ele>
        <time>2016-06-11T10:42:29.388000Z</time>
      </trkpt>
      <trkpt lat="41.756462" lon="123.40541">
        <ele>43.952774</ele>
        <time>2016-06-11T10:42:32.796000Z</time>
      </trkpt>
      <trkpt lat="41.756386" lon="123.40549">
        <ele>44.02688</ele>
        <time>2016-06-11T10:42:36.204000Z</time>
      </trkpt>
      <trkpt lat="41.75629" lon="123.40558">
        <ele>44.11383</ele>
        <time>2016-06-11T10:42:39.612000Z</time>
      </trkpt>
      <trkpt lat="41.756207" lon="123.40566">
        <ele>44.193577</ele>
        <time>2016-06-11T10:42:43.020000Z</time>
      </trkpt>
      <trkpt lat="41.756115" lon="123.40574">
        <ele>44.275703</ele>
        <time>2016-06-11T10:42:46.428000Z</time>
      </trkpt>
      <trkpt lat="41.756012" lon="123.40584">
        <ele>44.37068</ele>
        <time>2016-06-11T10:42:49.836000Z</time>
      </trkpt>
      <trkpt lat="41.75593" lon="123.40592">
        <ele>44.44696</ele>
        <time>2016-06-11T10:42:53.244000Z</time>
      </trkpt>
      <trkpt lat="41.755848" lon="123.406">
        <ele>44.52467</ele>
        <time>2016-06-11T10:42:56.652000Z</time>
      </trkpt>
      <trkpt lat="41.755756" lon="123.406105">
        <ele>44.616314</ele>
        <time>2016-06-11T10:43:00.060000Z</time>
      </trkpt>
      <trkpt lat="41.755665" lon="123.40619">
        <ele>44.700138</ele>
        <time>2016-06-11T10:43:03.468000Z</time>
      </trkpt>
      <trkpt lat="41.755592" lon="123.406296">
        <ele>44.781517</ele>
        <time>2016-06-11T10:43:06.876000Z</time>
      </trkpt>
      <trkpt lat="41.755512" lon="123.40636">
        <ele>44.849503</ele>
        <time>2016-06-11T10:43:10.284000Z</time>
      </trkpt>
      <trkpt lat="41.755413" lon="123.40643">
        <ele>44.937275</ele>
        <time>2016-06-11T10:43:13.692000Z</time>
      </trkpt>
      <trkpt lat="41.755344" lon="123.40652">
        <ele>45.00832</ele>
        <time>2016-06-11T10:43:17.100000Z</time>
      </trkpt>
      <trkpt lat="41.75524" lon="123.40658">
        <ele>45.092823</ele>
        <time>2016-06-11T10:43:20.508000Z</time>
      </trkpt>
      <trkpt lat="41.755146" lon="123.40663">
        <ele>45.17135</ele>
        <time>2016-06-11T10:43:23.916000Z</time>
      </trkpt>
      <trkpt lat="41.755035" lon="123.40668">
        <ele>45.257893</ele>
        <time>2016-06-11T10:43:27.324000Z</time>
      </trkpt>
      <trkpt lat="41.754936" lon="123.40677">
        <ele>45.350014</ele>
        <time>2016-06-11T10:43:30.732000Z</time>
      </trkpt>
      <trkpt lat="41.754856" lon="123.40687">
        <ele>45.433567</ele>
        <time>2016-06-11T10:43:34.140000Z</time>
      </trkpt>
      <trkpt lat="41.754776" lon="123.40697">
        <ele>45.51563</ele>
        <time>2016-06-11T10:43:37.548000Z</time>
      </trkpt>
      <trkpt lat="41.754696" lon="123.40707">
        <ele>45.598637</ele>
        <time>2016-06-11T10:43:40.956000Z</time>
      </trkpt>
      <trkpt lat="41.75461" lon="123.40716">
        <ele>45.683212</ele>
        <time>2016-06-11T10:43:44.364000Z</time>
      </trkpt>
      <trkpt lat="41.75451" lon="123.407234">
        <ele>45.769417</ele>
        <time>2016-06-11T10:43:47.772000Z</time>
      </trkpt>
      <trkpt lat="41.754417" lon="123.407326">
        <ele>45.854126</ele>
        <time>2016-06-11T10:43:51.180000Z</time>
      </trkpt>
      <trkpt lat="41.754337" lon="123.40742">
        <ele>45.93401</ele>
        <time>2016-06-11T10:43:54.588000Z</time>
      </trkpt>
      <trkpt lat="41.754253" lon="123.40748">
        <ele>46.00587</ele>
        <time>2016-06-11T10:43:57.996000Z</time>
      </trkpt>
      <trkpt lat="41.75417" lon="123.407585">
        <ele>46.09534</ele>
        <time>2016-06-11T10:44:01.404000Z</time>
      </trkpt>
      <trkpt lat="41.75409" lon="123.40767">
        <ele>46.170803</ele>
        <time>2016-06-11T10:44:04.812000Z</time>
      </trkpt>
      <trkpt lat="41.754005" lon="123.40776">
        <ele>46.252865</ele>
        <time>2016-06-11T10:44:08.220000Z</time>
      </trkpt>
      <trkpt lat="41.753918" lon="123.40787">
        <ele>46.34111</ele>
        <time>2016-06-11T10:44:11.628000Z</time>
      </trkpt>
      <trkpt lat="41.753834" lon="123.40795">
        <ele>46.420586</ele>
        <time>2016-06-11T10:44:15.036000Z</time>
      </trkpt>
      <trkpt lat="41.753742" lon="123.40805">
        <ele>46.508083</ele>
        <time>2016-06-11T10:44:18.444000Z</time>
      </trkpt>
      <trkpt lat="41.75365" lon="123.408134">
        <ele>46.594967</ele>
        <time>2016-06-11T10:44:21.852000Z</time>
      </trkpt>
      <trkpt lat="41.753555" lon="123.40821">
        <ele>46.67655</ele>
        <time>2016-06-11T10:44:25.260000Z</time>
      </trkpt>
      <trkpt lat="41.753445" lon="123.408264">
        <ele>46.765747</ele>
        <time>2016-06-11T10:44:28.668000Z</time>
      </trkpt>
      <trkpt lat="41.753372" lon="123.40833">
        <ele>46.83448</ele>
        <time>2016-06-11T10:44:32.076000Z</time>
      </trkpt>
      <trkpt lat="41.753265" lon="123.40839">
        <ele>46.92062</ele>
        <time>2016-06-11T10:44:35.484000Z</time>
      </trkpt>
      <trkpt lat="41.75316" lon="123.408424">
        <ele>47.003155</ele>
        <time>2016-06-11T10:44:38.892000Z</time>
      </trkpt>
      <trkpt lat="41.753048" lon="123.40851">
        <ele>47.098198</ele>
        <time>2016-06-11T10:44:42.300000Z</time>
      </trkpt>
      <trkpt lat="41.752968" lon="123.40858">
        <ele>47.172165</ele>
        <time>2016-06-11T10:44:45.708000Z</time>
      </trkpt>
      <trkpt lat="41.752895" lon="123.40867">
        <ele>47.247086</ele>
        <time>2016-06-11T10:44:49.116000Z</time>
      </trkpt>
      <trkpt lat="41.752834" lon="123.408775">
        <ele>47.32146</ele>
        <time>2016-06-11T10:44:52.524000Z</time>
      </trkpt>
      <trkpt lat="41.752758" lon="123.40889">
        <ele>47.41134</ele>
        <time>2016-06-11T10:44:55.932000Z</time>
      </trkpt>
      <trkpt lat="41.752678" lon="123.40899">
        <ele>47.49204</ele>
        <time>2016-06-11T10:44:59.340000Z</time>
      </trkpt>
      <trkpt lat="41.752605" lon="123.409065">
        <ele>47.56084</ele>
        <time>2016-06-11T10:45:02.748000Z</time>
      </trkpt>
      <trkpt lat="41.75252" lon="123.40916">
        <ele>47.644463</ele>
        <time>2016-06-11T10:45:06.156000Z</time>
      </trkpt>
      <trkpt lat="41.75244" lon="123.409256">
        <ele>48.382282</ele>
        <time>2016-06-11T10:45:09.564000Z</time>
      </trkpt>
      <trkpt lat="41.75235" lon="123.409355">
        <ele>48.790478</ele>
        <time>2016-06-11T10:45:12.972000Z</time>
      </trkpt>
      <trkpt lat="41.752266" lon="123.40945">
        <ele>48.195774</ele>
        <time>2016-06-11T10:45:16.380000Z</time>
      </trkpt>
      <trkpt lat="41.752193" lon="123.40953">
        <ele>47.687817</ele>
        <time>2016-06-11T10:45:19.788000Z</time>
      </trkpt>
      <trkpt lat="41.75209" lon="123.40961">
        <ele>47.052147</ele>
        <time>2016-06-11T10:45:23.196000Z</time>
      </trkpt>
      <trkpt lat="41.752014" lon="123.40968">
        <ele>46.550934</ele>
        <time>2016-06-11T10:45:26.604000Z</time>
      </trkpt>
      <trkpt lat="41.751934" lon="123.40976">
        <ele>46.02418</ele>
        <time>2016-06-11T10:45:30.012000Z</time>
      </trkpt>
      <trkpt lat="41.751842" lon="123.409836">
        <ele>45.436222</ele>
        <time>2016-06-11T10:45:33.420000Z</time>
      </trkpt>
      <trkpt lat="41.75175" lon="123.40993">
        <ele>44.832844</ele>
        <time>2016-06-11T10:45:36.828000Z</time>
      </trkpt>
      <trkpt lat="41.751663" lon="123.40999">
        <ele>44.30416</ele>
        <time>2016-06-11T10:45:40.236000Z</time>
      </trkpt>
      <trkpt lat="41.75157" lon="123.41005">
        <ele>43.748013</ele>
        <time>2016-06-11T10:45:43.644000Z</time>
      </trkpt>
      <trkpt lat="41.751495" lon="123.410126">
        <ele>43.169975</ele>
        <time>2016-06-11T10:45:47.052000Z</time>
      </trkpt>
      <trkpt lat="41.75143" lon="123.410225">
        <ele>43.55206</ele>
        <time>2016-06-11T10:45:50.460000Z</time>
      </trkpt>
      <trkpt lat="41.751343" lon="123.410324">
        <ele>44.011272</ele>
        <time>2016-06-11T10:45:53.868000Z</time>
      </trkpt>
      <trkpt lat="41.751255" lon="123.41041">
        <ele>44.428192</ele>
        <time>2016-06-11T10:45:57.276000Z</time>
      </trkpt>
      <trkpt lat="41.751167" lon="123.410484">
        <ele>44.847244</ele>
        <time>2016-06-11T10:46:00.684000Z</time>
      </trkpt>
      <trkpt lat="41.751087" lon="123.410545">
        <ele>45.20765</ele>
        <time>2016-06-11T10:46:04.092000Z</time>
      </trkpt>
      <trkpt lat="41.75098" lon="123.41063">
        <ele>45.697075</ele>
        <time>2016-06-11T10:46:07.500000Z</time>
      </trkpt>
      <trkpt lat="41.750885" lon="123.4107">
        <ele>46.133896</ele>
        <time>2016-06-11T10:46:10.908000Z</time>
      </trkpt>
      <trkpt lat="41.75079" lon="123.41079">
        <ele>46.591335</ele>
        <time>2016-06-11T10:46:14.316000Z</time>
      </trkpt>
      <trkpt lat="41.750706" lon="123.41086">
        <ele>46.978397</ele>
        <time>2016-06-11T10:46:17.724000Z</time>
      </trkpt>
      <trkpt lat="41.750618" lon="123.41092">
        <ele>47.36688</ele>
        <time>2016-06-11T10:46:21.132000Z</time>
      </trkpt>
      <trkpt lat="41.750515" lon="123.411">
        <ele>47.8428</ele>
        <time>2016-06-11T10:46:24.540000Z</time>
      </trkpt>
      <trkpt lat="41.750435" lon="123.41109">
        <ele>48.246212</ele>
        <time>2016-06-11T10:46:27.948000Z</time>
      </trkpt>
      <trkpt lat="41.75036" lon="123.411156">
        <ele>48.686966</ele>
        <time>2016-06-11T10:46:31.356000Z</time>
      </trkpt>
      <trkpt lat="41.750282" lon="123.411255">
        <ele>48.946712</ele>
        <time>2016-06-11T10:46:34.764000Z</time>
      </trkpt>
      <trkpt lat="41.750187" lon="123.41133">
        <ele>49.159313</ele>
        <time>2016-06-11T10:46:38.172000Z</time>
      </trkpt>
      <trkpt lat="41.750088" lon="123.41142">
        <ele>49.421955</ele>
        <time>2016-06-11T10:46:41.580000Z</time>
      </trkpt>
      <trkpt lat="41.75001" lon="123.411514">
        <ele>49.91985</ele>
        <time>2016-06-11T10:46:44.988000Z</time>
      </trkpt>
      <trkpt lat="41.749928" lon="123.4116">
        <ele>50.686787</ele>
        <time>2016-06-11T10:46:48.396000Z</time>
      </trkpt>
      <trkpt lat="41.74985" lon="123.41169">
        <ele>51.166355</ele>
        <time>2016-06-11T10:46:51.804000Z</time>
      </trkpt>
      <trkpt lat="41.749756" lon="123.4118">
        <ele>50.589382</ele>
        <time>2016-06-11T10:46:55.212000Z</time>
      </trkpt>
      <trkpt lat="41.749676" lon="123.4119">
        <ele>50.04655</ele>
        <time>2016-06-11T10:46:58.620000Z</time>
      </trkpt>
      <trkpt lat="41.749588" lon="123.412">
        <ele>49.507088</ele>
        <time>2016-06-11T10:47:02.028000Z</time>
      </trkpt>
      <trkpt lat="41.74952" lon="123.412125">
        <ele>48.971416</ele>
        <time>2016-06-11T10:47:05.436000Z</time>
      </trkpt>
      <trkpt lat="41.74944" lon="123.412224">
        <ele>48.4741</ele>
        <time>2016-06-11T10:47:08.844000Z</time>
      </trkpt>
      <trkpt lat="41.749355" lon="123.41231">
        <ele>47.982258</ele>
        <time>2016-06-11T10:47:12.252000Z</time>
      </trkpt>
      <trkpt lat="41.749275" lon="123.41236">
        <ele>47.560802</ele>
        <time>2016-06-11T10:47:15.660000Z</time>
      </trkpt>
      <trkpt lat="41.74919" lon="123.41242">
        <ele>47.117855</ele>
        <time>2016-06-11T10:47:19.068000Z</time>
      </trkpt>
      <trkpt lat="41.749107" lon="123.412476">
        <ele>46.6787</ele>
        <time>2016-06-11T10:47:22.476000Z</time>
      </trkpt>
      <trkpt lat="41.749023" lon="123.41253">
        <ele>46.24586</ele>
        <time>2016-06-11T10:47:25.884000Z</time>
      </trkpt>
      <trkpt lat="41.748943" lon="123.4126">
        <ele>45.794907</ele>
        <time>2016-06-11T10:47:29.292000Z</time>
      </trkpt>
      <trkpt lat="41.74884" lon="123.41268">
        <ele>45.22383</ele>
        <time>2016-06-11T10:47:32.700000Z</time>
      </trkpt>
      <trkpt lat="41.74874" lon="123.41278">
        <ele>44.800846</ele>
        <time>2016-06-11T10:47:36.108000Z</time>
      </trkpt>
      <trkpt lat="41.748665" lon="123.41285">
        <ele>44.676308</ele>
        <time>2016-06-11T10:47:39.516000Z</time>
      </trkpt>
      <trkpt lat="41.74856" lon="123.41295">
        <ele>44.47837</ele>
        <time>2016-06-11T10:47:42.924000Z</time>
      </trkpt>
      <trkpt lat="41.74848" lon="123.41303">
        <ele>44.08669</ele>
        <time>2016-06-11T10:47:46.332000Z</time>
      </trkpt>
      <trkpt lat="41.748386" lon="123.413124">
        <ele>43.701614</ele>
        <time>2016-06-11T10:47:49.740000Z</time>
      </trkpt>
      <trkpt lat="41.748306" lon="123.41323">
        <ele>44.64197</ele>
        <time>2016-06-11T10:47:53.148000Z</time>
      </trkpt>
      <trkpt lat="41.74822" lon="123.4133">
        <ele>45.482086</ele>
        <time>2016-06-11T10:47:56.556000Z</time>
      </trkpt>
      <trkpt lat="41.74813" lon="123.41339">
        <ele>46.401497</ele>
        <time>2016-06-11T10:47:59.964000Z</time>
      </trkpt>
      <trkpt lat="41.74805" lon="123.413475">
        <ele>47.240112</ele>
        <time>2016-06-11T10:48:03.372000Z</time>
      </trkpt>
      <trkpt lat="41.74795" lon="123.41356">
        <ele>48.21937</ele>
        <time>2016-06-11T10:48:06.780000Z</time>
      </trkpt>
      <trkpt lat="41.74787" lon="123.41362">
        <ele>48.99066</ele>
        <time>2016-06-11T10:48:10.188000Z</time>
      </trkpt>
      <trkpt lat="41.747787" lon="123.413666">
        <ele>49.078407</ele>
        <time>2016-06-11T10:48:13.596000Z</time>
      </trkpt>
      <trkpt lat="41.747696" lon="123.41376">
        <ele>49.11824</ele>
        <time>2016-06-11T10:48:17.004000Z</time>
      </trkpt>
      <trkpt lat="41.74761" lon="123.41386">
        <ele>49.157024</ele>
        <time>2016-06-11T10:48:20.412000Z</time>
      </trkpt>
      <trkpt lat="41.747524" lon="123.413956">
        <ele>49.19541</ele>
        <time>2016-06-11T10:48:23.820000Z</time>
      </trkpt>
      <trkpt lat="41.74745" lon="123.41405">
        <ele>49.229218</ele>
        <time>2016-06-11T10:48:27.228000Z</time>
      </trkpt>
      <trkpt lat="41.74738" lon="123.414154">
        <ele>49.67175</ele>
        <time>2016-06-11T10:48:30.636000Z</time>
      </trkpt>
      <trkpt lat="41.747307" lon="123.41424">
        <ele>49.997257</ele>
        <time>2016-06-11T10:48:34.044000Z</time>
      </trkpt>
      <trkpt lat="41.747234" lon="123.41432">
        <ele>50.120586</ele>
        <time>2016-06-11T10:48:37.452000Z</time>
      </trkpt>
      <trkpt lat="41.747166" lon="123.414406">
        <ele>49.77409</ele>
        <time>2016-06-11T10:48:40.860000Z</time>
      </trkpt>
      <trkpt lat="41.747086" lon="123.4145">
        <ele>49.385944</ele>
        <time>2016-06-11T10:48:44.268000Z</time>
      </trkpt>
      <trkpt lat="41.74702" lon="123.4146">
        <ele>49.02612</ele>
        <time>2016-06-11T10:48:47.676000Z</time>
      </trkpt>
      <trkpt lat="41.746937" lon="123.41469">
        <ele>48.631313</ele>
        <time>2016-06-11T10:48:51.084000Z</time>
      </trkpt>
      <trkpt lat="41.746864" lon="123.41477">
        <ele>48.25783</ele>
        <time>2016-06-11T10:48:54.492000Z</time>
      </trkpt>
      <trkpt lat="41.746788" lon="123.414856">
        <ele>47.90467</ele>
        <time>2016-06-11T10:48:57.900000Z</time>
      </trkpt>
      <trkpt lat="41.746723" lon="123.414955">
        <ele>47.535183</ele>
        <time>2016-06-11T10:49:01.308000Z</time>
      </trkpt>
      <trkpt lat="41.746643" lon="123.415054">
        <ele>47.132713</ele>
        <time>2016-06-11T10:49:04.716000Z</time>
      </trkpt>
      <trkpt lat="41.74654" lon="123.41514">
        <ele>46.68793</ele>
        <time>2016-06-11T10:49:08.124000Z</time>
      </trkpt>
      <trkpt lat="41.74646" lon="123.41522">
        <ele>46.314114</ele>
        <time>2016-06-11T10:49:11.532000Z</time>
      </trkpt>
      <trkpt lat="41.74639" lon="123.41534">
        <ele>45.903984</ele>
        <time>2016-06-11T10:49:14.940000Z</time>
      </trkpt>
      <trkpt lat="41.74633" lon="123.41547">
        <ele>45.47586</ele>
        <time>2016-06-11T10:49:18.348000Z</time>
      </trkpt>
      <trkpt lat="41.74628" lon="123.41558">
        <ele>45.117035</ele>
        <time>2016-06-11T10:49:21.756000Z</time>
      </trkpt>
      <trkpt lat="41.746235" lon="123.4157">
        <ele>44.79071</ele>
        <time>2016-06-11T10:49:25.164000Z</time>
      </trkpt>
      <trkpt lat="41.746338" lon="123.41573">
        <ele>44.426025</ele>
        <time>2016-06-11T10:49:28.572000Z</time>
      </trkpt>
      <trkpt lat="41.746407" lon="123.41564">
        <ele>43.99665</ele>
        <time>2016-06-11T10:49:31.980000Z</time>
      </trkpt>
      <trkpt lat="41.746452" lon="123.41553">
        <ele>43.66112</ele>
        <time>2016-06-11T10:49:35.388000Z</time>
      </trkpt>
      <trkpt lat="41.74646" lon="123.415405">
        <ele>43.46119</ele>
        <time>2016-06-11T10:49:38.796000Z</time>
      </trkpt>
      <trkpt lat="41.746517" lon="123.41527">
        <ele>43.29049</ele>
        <time>2016-06-11T10:49:42.204000Z</time>
      </trkpt>
      <trkpt lat="41.746574" lon="123.41517">
        <ele>43.109783</ele>
        <time>2016-06-11T10:49:45.612000Z</time>
      </trkpt>
      <trkpt lat="41.74666" lon="123.41505">
        <ele>42.948055</ele>
        <time>2016-06-11T10:49:49.020000Z</time>
      </trkpt>
      <trkpt lat="41.746742" lon="123.41493">
        <ele>42.939648</ele>
        <time>2016-06-11T10:49:52.428000Z</time>
      </trkpt>
      <trkpt lat="41.746834" lon="123.41482">
        <ele>42.93735</ele>
        <time>2016-06-11T10:49:55.836000Z</time>
      </trkpt>
      <trkpt lat="41.746925" lon="123.414734">
        <ele>42.93523</ele>
        <time>2016-06-11T10:49:59.244000Z</time>
      </trkpt>
      <trkpt lat="41.747005" lon="123.41464">
        <ele>42.93337</ele>
        <time>2016-06-11T10:50:02.652000Z</time>
      </trkpt>
      <trkpt lat="41.747074" lon="123.41455">
        <ele>42.931602</ele>
        <time>2016-06-11T10:50:06.060000Z</time>
      </trkpt>
      <trkpt lat="41.747158" lon="123.414474">
        <ele>42.92972</ele>
        <time>2016-06-11T10:50:09.468000Z</time>
      </trkpt>
      <trkpt lat="41.74723" lon="123.41439">
        <ele>42.927948</ele>
        <time>2016-06-11T10:50:12.876000Z</time>
      </trkpt>
      <trkpt lat="41.74731" lon="123.41428">
        <ele>42.925842</ele>
        <time>2016-06-11T10:50:16.284000Z</time>
      </trkpt>
      <trkpt lat="41.747383" lon="123.41416">
        <ele>42.92375</ele>
        <time>2016-06-11T10:50:19.692000Z</time>
      </trkpt>
      <trkpt lat="41.74746" lon="123.41407">
        <ele>42.921806</ele>
        <time>2016-06-11T10:50:23.100000Z</time>
      </trkpt>
      <trkpt lat="41.747536" lon="123.41395">
        <ele>42.919643</ele>
        <time>2016-06-11T10:50:26.508000Z</time>
      </trkpt>
      <trkpt lat="41.747623" lon="123.41388">
        <ele>42.91779</ele>
        <time>2016-06-11T10:50:29.916000Z</time>
      </trkpt>
      <trkpt lat="41.747704" lon="123.41381">
        <ele>42.916035</ele>
        <time>2016-06-11T10:50:33.324000Z</time>
      </trkpt>
      <trkpt lat="41.74779" lon="123.413734">
        <ele>42.914112</ele>
        <time>2016-06-11T10:50:36.732000Z</time>
      </trkpt>
      <trkpt lat="41.747875" lon="123.413666">
        <ele>42.912254</ele>
        <time>2016-06-11T10:50:40.140000Z</time>
      </trkpt>
      <trkpt lat="41.747963" lon="123.41359">
        <ele>42.91035</ele>
        <time>2016-06-11T10:50:43.548000Z</time>
      </trkpt>
      <trkpt lat="41.74804" lon="123.41351">
        <ele>42.90858</ele>
        <time>2016-06-11T10:50:46.956000Z</time>
      </trkpt>
      <trkpt lat="41.748116" lon="123.41343">
        <ele>42.906773</ele>
        <time>2016-06-11T10:50:50.364000Z</time>
      </trkpt>
      <trkpt lat="41.74819" lon="123.41336">
        <ele>42.90507</ele>
        <time>2016-06-11T10:50:53.772000Z</time>
      </trkpt>
      <trkpt lat="41.74828" lon="123.41329">
        <ele>42.903214</ele>
        <time>2016-06-11T10:50:57.180000Z</time>
      </trkpt>
      <trkpt lat="41.748367" lon="123.41323">
        <ele>42.90138</ele>
        <time>2016-06-11T10:51:00.588000Z</time>
      </trkpt>
      <trkpt lat="41.748447" lon="123.41316">
        <ele>42.899654</ele>
        <time>2016-06-11T10:51:03.996000Z</time>
      </trkpt>
      <trkpt lat="41.74854" lon="123.41307">
        <ele>42.897552</ele>
        <time>2016-06-11T10:51:07.404000Z</time>
      </trkpt>
      <trkpt lat="41.748615" lon="123.41299">
        <ele>42.8957</ele>
        <time>2016-06-11T10:51:10.812000Z</time>
      </trkpt>
      <trkpt lat="41.748707" lon="123.4129">
        <ele>42.89367</ele>
        <time>2016-06-11T10:51:14.220000Z</time>
      </trkpt>
      <trkpt lat="41.7488" lon="123.41282">
        <ele>42.89164</ele>
        <time>2016-06-11T10:51:17.628000Z</time>
      </trkpt>
      <trkpt lat="41.748875" lon="123.41275">
        <ele>42.889942</ele>
        <time>2016-06-11T10:51:21.036000Z</time>
      </trkpt>
      <trkpt lat="41.74895" lon="123.412674">
        <ele>42.88816</ele>
        <time>2016-06-11T10:51:24.444000Z</time>
      </trkpt>
      <trkpt lat="41.749043" lon="123.41257">
        <ele>42.885975</ele>
        <time>2016-06-11T10:51:27.852000Z</time>
      </trkpt>
      <trkpt lat="41.749115" lon="123.4125">
        <ele>42.884304</ele>
        <time>2016-06-11T10:51:31.260000Z</time>
      </trkpt>
      <trkpt lat="41.749203" lon="123.41244">
        <ele>42.882446</ele>
        <time>2016-06-11T10:51:34.668000Z</time>
      </trkpt>
      <trkpt lat="41.749283" lon="123.41237">
        <ele>42.88074</ele>
        <time>2016-06-11T10:51:38.076000Z</time>
      </trkpt>
      <trkpt lat="41.74937" lon="123.41229">
        <ele>42.87878</ele>
        <time>2016-06-11T10:51:41.484000Z</time>
      </trkpt>
      <trkpt lat="41.749466" lon="123.412224">
        <ele>42.87681</ele>
        <time>2016-06-11T10:51:44.892000Z</time>
      </trkpt>
      <trkpt lat="41.749542" lon="123.41214">
        <ele>42.875004</ele>
        <time>2016-06-11T10:51:48.300000Z</time>
      </trkpt>
      <trkpt lat="41.749634" lon="123.412056">
        <ele>42.872944</ele>
        <time>2016-06-11T10:51:51.708000Z</time>
      </trkpt>
      <trkpt lat="41.749733" lon="123.41198">
        <ele>42.87081</ele>
        <time>2016-06-11T10:51:55.116000Z</time>
      </trkpt>
      <trkpt lat="41.74982" lon="123.4119">
        <ele>42.86889</ele>
        <time>2016-06-11T10:51:58.524000Z</time>
      </trkpt>
      <trkpt lat="41.749893" lon="123.41183">
        <ele>42.86721</ele>
        <time>2016-06-11T10:52:01.932000Z</time>
      </trkpt>
      <trkpt lat="41.74997" lon="123.41174">
        <ele>42.86538</ele>
        <time>2016-06-11T10:52:05.340000Z</time>
      </trkpt>
      <trkpt lat="41.750046" lon="123.41167">
        <ele>42.863613</ele>
        <time>2016-06-11T10:52:08.748000Z</time>
      </trkpt>
      <trkpt lat="41.75012" lon="123.41159">
        <ele>42.861935</ele>
        <time>2016-06-11T10:52:12.156000Z</time>
      </trkpt>
      <trkpt lat="41.7502" lon="123.41151">
        <ele>42.86006</ele>
        <time>2016-06-11T10:52:15.564000Z</time>
      </trkpt>
      <trkpt lat="41.75027" lon="123.41142">
        <ele>42.85828</ele>
        <time>2016-06-11T10:52:18.972000Z</time>
      </trkpt>
      <trkpt lat="41.750343" lon="123.41134">
        <ele>42.85654</ele>
        <time>2016-06-11T10:52:22.380000Z</time>
      </trkpt>
      <trkpt lat="41.750416" lon="123.41126">
        <ele>42.85484</ele>
        <time>2016-06-11T10:52:25.788000Z</time>
      </trkpt>
      <trkpt lat="41.750496" lon="123.41116">
        <ele>42.852806</ele>
        <time>2016-06-11T10:52:29.196000Z</time>
      </trkpt>
      <trkpt lat="41.750572" lon="123.411095">
        <ele>42.851078</ele>
        <time>2016-06-11T10:52:32.604000Z</time>
      </trkpt>
      <trkpt lat="41.750633" lon="123.411">
        <ele>42.849403</ele>
        <time>2016-06-11T10:52:36.012000Z</time>
      </trkpt>
      <trkpt lat="41.750713" lon="123.41091">
        <ele>42.8475</ele>
        <time>2016-06-11T10:52:39.420000Z</time>
      </trkpt>
      <trkpt lat="41.750797" lon="123.41084">
        <ele>42.84567</ele>
        <time>2016-06-11T10:52:42.828000Z</time>
      </trkpt>
      <trkpt lat="41.75087" lon="123.41077">
        <ele>42.84395</ele>
        <time>2016-06-11T10:52:46.236000Z</time>
      </trkpt>
      <trkpt lat="41.75095" lon="123.410675">
        <ele>42.842056</ele>
        <time>2016-06-11T10:52:49.644000Z</time>
      </trkpt>
      <trkpt lat="41.75103" lon="123.41059">
        <ele>42.84012</ele>
        <time>2016-06-11T10:52:53.052000Z</time>
      </trkpt>
      <trkpt lat="41.751114" lon="123.4105">
        <ele>42.838196</ele>
        <time>2016-06-11T10:52:56.460000Z</time>
      </trkpt>
      <trkpt lat="41.751205" lon="123.41044">
        <ele>42.83626</ele>
        <time>2016-06-11T10:52:59.868000Z</time>
      </trkpt>
      <trkpt lat="41.751293" lon="123.410385">
        <ele>42.834507</ele>
        <time>2016-06-11T10:53:03.276000Z</time>
      </trkpt>
      <trkpt lat="41.75138" lon="123.41032">
        <ele>42.832645</ele>
        <time>2016-06-11T10:53:06.684000Z</time>
      </trkpt>
      <trkpt lat="41.751476" lon="123.410225">
        <ele>42.83046</ele>
        <time>2016-06-11T10:53:10.092000Z</time>
      </trkpt>
      <trkpt lat="41.751553" lon="123.41015">
        <ele>42.828705</ele>
        <time>2016-06-11T10:53:13.500000Z</time>
      </trkpt>
      <trkpt lat="41.751633" lon="123.41008">
        <ele>42.82696</ele>
        <time>2016-06-11T10:53:16.908000Z</time>
      </trkpt>
      <trkpt lat="41.751717" lon="123.40999">
        <ele>42.824997</ele>
        <time>2016-06-11T10:53:20.316000Z</time>
      </trkpt>
      <trkpt lat="41.751793" lon="123.40991">
        <ele>42.82318</ele>
        <time>2016-06-11T10:53:23.724000Z</time>
      </trkpt>
      <trkpt lat="41.751873" lon="123.409836">
        <ele>42.821438</ele>
        <time>2016-06-11T10:53:27.132000Z</time>
      </trkpt>
      <trkpt lat="41.75195" lon="123.40976">
        <ele>42.819603</ele>
        <time>2016-06-11T10:53:30.540000Z</time>
      </trkpt>
      <trkpt lat="41.752037" lon="123.40969">
        <ele>42.817795</ele>
        <time>2016-06-11T10:53:33.948000Z</time>
      </trkpt>
      <trkpt lat="41.752113" lon="123.40963">
        <ele>42.81611</ele>
        <time>2016-06-11T10:53:37.356000Z</time>
      </trkpt>
      <trkpt lat="41.752193" lon="123.40957">
        <ele>42.81443</ele>
        <time>2016-06-11T10:53:40.764000Z</time>
      </trkpt>
      <trkpt lat="41.752274" lon="123.40951">
        <ele>42.812775</ele>
        <time>2016-06-11T10:53:44.172000Z</time>
      </trkpt>
      <trkpt lat="41.752354" lon="123.40944">
        <ele>42.706974</ele>
        <time>2016-06-11T10:53:47.580000Z</time>
      </trkpt>
      <trkpt lat="41.752457" lon="123.40936">
        <ele>42.69749</ele>
        <time>2016-06-11T10:53:50.988000Z</time>
      </trkpt>
      <trkpt lat="41.752537" lon="123.409256">
        <ele>42.689785</ele>
        <time>2016-06-11T10:53:54.396000Z</time>
      </trkpt>
      <trkpt lat="41.752613" lon="123.40917">
        <ele>42.68348</ele>
        <time>2016-06-11T10:53:57.804000Z</time>
      </trkpt>
      <trkpt lat="41.7527" lon="123.4091">
        <ele>42.67656</ele>
        <time>2016-06-11T10:54:01.212000Z</time>
      </trkpt>
      <trkpt lat="41.752785" lon="123.40903">
        <ele>42.66989</ele>
        <time>2016-06-11T10:54:04.620000Z</time>
      </trkpt>
      <trkpt lat="41.752872" lon="123.40895">
        <ele>42.6627</ele>
        <time>2016-06-11T10:54:08.028000Z</time>
      </trkpt>
      <trkpt lat="41.75295" lon="123.40887">
        <ele>42.656235</ele>
        <time>2016-06-11T10:54:11.436000Z</time>
      </trkpt>
      <trkpt lat="41.753048" lon="123.408775">
        <ele>42.56283</ele>
        <time>2016-06-11T10:54:14.844000Z</time>
      </trkpt>
      <trkpt lat="41.753128" lon="123.40869">
        <ele>42.55935</ele>
        <time>2016-06-11T10:54:18.252000Z</time>
      </trkpt>
      <trkpt lat="41.753223" lon="123.408585">
        <ele>42.55519</ele>
        <time>2016-06-11T10:54:21.660000Z</time>
      </trkpt>
      <trkpt lat="41.753323" lon="123.40851">
        <ele>42.551163</ele>
        <time>2016-06-11T10:54:25.068000Z</time>
      </trkpt>
      <trkpt lat="41.753418" lon="123.40844">
        <ele>42.54742</ele>
        <time>2016-06-11T10:54:28.476000Z</time>
      </trkpt>
      <trkpt lat="41.753494" lon="123.40837">
        <ele>42.54424</ele>
        <time>2016-06-11T10:54:31.884000Z</time>
      </trkpt>
      <trkpt lat="41.75358" lon="123.40828">
        <ele>42.540634</ele>
        <time>2016-06-11T10:54:35.292000Z</time>
      </trkpt>
      <trkpt lat="41.75366" lon="123.40818">
        <ele>42.536835</ele>
        <time>2016-06-11T10:54:38.700000Z</time>
      </trkpt>
      <trkpt lat="41.75373" lon="123.40809">
        <ele>42.533447</ele>
        <time>2016-06-11T10:54:42.108000Z</time>
      </trkpt>
      <trkpt lat="41.753822" lon="123.40799">
        <ele>42.529392</ele>
        <time>2016-06-11T10:54:45.516000Z</time>
      </trkpt>
      <trkpt lat="41.7539" lon="123.40793">
        <ele>42.52631</ele>
        <time>2016-06-11T10:54:48.924000Z</time>
      </trkpt>
      <trkpt lat="41.753967" lon="123.40783">
        <ele>42.52293</ele>
        <time>2016-06-11T10:54:52.332000Z</time>
      </trkpt>
      <trkpt lat="41.75406" lon="123.40774">
        <ele>42.519</ele>
        <time>2016-06-11T10:54:55.740000Z</time>
      </trkpt>
      <trkpt lat="41.754154" lon="123.40765">
        <ele>42.515095</ele>
        <time>2016-06-11T10:54:59.148000Z</time>
      </trkpt>
      <trkpt lat="41.754242" lon="123.407585">
        <ele>42.51155</ele>
        <time>2016-06-11T10:55:02.556000Z</time>
      </trkpt>
      <trkpt lat="41.754337" lon="123.40749">
        <ele>42.507595</ele>
        <time>2016-06-11T10:55:05.964000Z</time>
      </trkpt>
      <trkpt lat="41.754414" lon="123.407425">
        <ele>42.504494</ele>
        <time>2016-06-11T10:55:09.372000Z</time>
      </trkpt>
      <trkpt lat="41.7545" lon="123.40736">
        <ele>42.50098</ele>
        <time>2016-06-11T10:55:12.780000Z</time>
      </trkpt>
      <trkpt lat="41.754574" lon="123.40728">
        <ele>42.497776</ele>
        <time>2016-06-11T10:55:16.188000Z</time>
      </trkpt>
      <trkpt lat="41.75466" lon="123.40719">
        <ele>42.49394</ele>
        <time>2016-06-11T10:55:19.596000Z</time>
      </trkpt>
      <trkpt lat="41.75476" lon="123.407104">
        <ele>42.489994</ele>
        <time>2016-06-11T10:55:23.004000Z</time>
      </trkpt>
      <trkpt lat="41.754845" lon="123.407036">
        <ele>42.486645</ele>
        <time>2016-06-11T10:55:26.412000Z</time>
      </trkpt>
      <trkpt lat="41.75492" lon="123.40696">
        <ele>42.483326</ele>
        <time>2016-06-11T10:55:29.820000Z</time>
      </trkpt>
      <trkpt lat="41.755013" lon="123.406876">
        <ele>42.479473</ele>
        <time>2016-06-11T10:55:33.228000Z</time>
      </trkpt>
      <trkpt lat="41.755096" lon="123.40679">
        <ele>42.47595</ele>
        <time>2016-06-11T10:55:36.636000Z</time>
      </trkpt>
      <trkpt lat="41.755184" lon="123.40671">
        <ele>42.472206</ele>
        <time>2016-06-11T10:55:40.044000Z</time>
      </trkpt>
      <trkpt lat="41.75527" lon="123.406624">
        <ele>42.46865</ele>
        <time>2016-06-11T10:55:43.452000Z</time>
      </trkpt>
      <trkpt lat="41.755356" lon="123.406525">
        <ele>42.464798</ele>
        <time>2016-06-11T10:55:46.860000Z</time>
      </trkpt>
      <trkpt lat="41.755436" lon="123.40645">
        <ele>42.461403</ele>
        <time>2016-06-11T10:55:50.268000Z</time>
      </trkpt>
      <trkpt lat="41.755535" lon="123.40635">
        <ele>42.457108</ele>
        <time>2016-06-11T10:55:53.676000Z</time>
      </trkpt>
      <trkpt lat="41.755623" lon="123.406265">
        <ele>42.453426</ele>
        <time>2016-06-11T10:55:57.084000Z</time>
      </trkpt>
      <trkpt lat="41.755726" lon="123.40617">
        <ele>42.449223</ele>
        <time>2016-06-11T10:56:00.492000Z</time>
      </trkpt>
      <trkpt lat="41.755836" lon="123.4061">
        <ele>42.444916</ele>
        <time>2016-06-11T10:56:03.900000Z</time>
      </trkpt>
      <trkpt lat="41.75591" lon="123.40601">
        <ele>42.44167</ele>
        <time>2016-06-11T10:56:07.308000Z</time>
      </trkpt>
      <trkpt lat="41.755974" lon="123.40593">
        <ele>42.43857</ele>
        <time>2016-06-11T10:56:10.716000Z</time>
      </trkpt>
      <trkpt lat="41.756054" lon="123.40583">
        <ele>42.43483</ele>
        <time>2016-06-11T10:56:14.124000Z</time>
      </trkpt>
      <trkpt lat="41.756145" lon="123.40575">
        <ele>42.430954</ele>
        <time>2016-06-11T10:56:17.532000Z</time>
      </trkpt>
      <trkpt lat="41.75622" lon="123.40567">
        <ele>42.42779</ele>
        <time>2016-06-11T10:56:20.940000Z</time>
      </trkpt>
      <trkpt lat="41.7563" lon="123.405594">
        <ele>42.42439</ele>
        <time>2016-06-11T10:56:24.348000Z</time>
      </trkpt>
      <trkpt lat="41.756397" lon="123.40552">
        <ele>42.42052</ele>
        <time>2016-06-11T10:56:27.756000Z</time>
      </trkpt>
      <trkpt lat="41.756485" lon="123.40543">
        <ele>42.41686</ele>
        <time>2016-06-11T10:56:31.164000Z</time>
      </trkpt>
      <trkpt lat="41.756573" lon="123.40537">
        <ele>42.413486</ele>
        <time>2016-06-11T10:56:34.572000Z</time>
      </trkpt>
      <trkpt lat="41.756676" lon="123.40531">
        <ele>42.409626</ele>
        <time>2016-06-11T10:56:37.980000Z</time>
      </trkpt>
      <trkpt lat="41.75676" lon="123.40524">
        <ele>42.40629</ele>
        <time>2016-06-11T10:56:41.388000Z</time>
      </trkpt>
      <trkpt lat="41.75684" lon="123.40514">
        <ele>42.40254</ele>
        <time>2016-06-11T10:56:44.796000Z</time>
      </trkpt>
      <trkpt lat="41.75691" lon="123.40506">
        <ele>42.399292</ele>
        <time>2016-06-11T10:56:48.204000Z</time>
      </trkpt>
      <trkpt lat="41.756985" lon="123.40497">
        <ele>41.240513</ele>
        <time>2016-06-11T10:56:51.612000Z</time>
      </trkpt>
      <trkpt lat="41.75706" lon="123.40487">
        <ele>40.869335</ele>
        <time>2016-06-11T10:56:55.020000Z</time>
      </trkpt>
      <trkpt lat="41.75714" lon="123.40478">
        <ele>40.96084</ele>
        <time>2016-06-11T10:56:58.428000Z</time>
      </trkpt>
      <trkpt lat="41.757225" lon="123.40471">
        <ele>41.04304</ele>
        <time>2016-06-11T10:57:01.836000Z</time>
      </trkpt>
      <trkpt lat="41.757298" lon="123.404625">
        <ele>41.124252</ele>
        <time>2016-06-11T10:57:05.244000Z</time>
      </trkpt>
      <trkpt lat="41.757366" lon="123.40452">
        <ele>41.21377</ele>
        <time>2016-06-11T10:57:08.652000Z</time>
      </trkpt>
      <trkpt lat="41.75743" lon="123.4044">
        <ele>41.304134</ele>
        <time>2016-06-11T10:57:12.060000Z</time>
      </trkpt>
      <trkpt lat="41.757496" lon="123.404305">
        <ele>41.38641</ele>
        <time>2016-06-11T10:57:15.468000Z</time>
      </trkpt>
      <trkpt lat="41.75757" lon="123.40422">
        <ele>41.472195</ele>
        <time>2016-06-11T10:57:18.876000Z</time>
      </trkpt>
      <trkpt lat="41.75764" lon="123.40412">
        <ele>41.5592</ele>
        <time>2016-06-11T10:57:22.284000Z</time>
      </trkpt>
      <trkpt lat="41.75771" lon="123.40399">
        <ele>41.660313</ele>
        <time>2016-06-11T10:57:25.692000Z</time>
      </trkpt>
      <trkpt lat="41.75778" lon="123.403885">
        <ele>41.746403</ele>
        <time>2016-06-11T10:57:29.100000Z</time>
      </trkpt>
      <trkpt lat="41.75785" lon="123.4038">
        <ele>41.826927</ele>
        <time>2016-06-11T10:57:32.508000Z</time>
      </trkpt>
      <trkpt lat="41.75792" lon="123.403725">
        <ele>41.906918</ele>
        <time>2016-06-11T10:57:35.916000Z</time>
      </trkpt>
      <trkpt lat="41.75801" lon="123.40361">
        <ele>42.010166</ele>
        <time>2016-06-11T10:57:39.324000Z</time>
      </trkpt>
      <trkpt lat="41.758076" lon="123.40351">
        <ele>42.09557</ele>
        <time>2016-06-11T10:57:42.732000Z</time>
      </trkpt>
      <trkpt lat="41.758133" lon="123.40339">
        <ele>42.185394</ele>
        <time>2016-06-11T10:57:46.140000Z</time>
      </trkpt>
      <trkpt lat="41.758175" lon="123.40326">
        <ele>42.276596</ele>
        <time>2016-06-11T10:57:49.548000Z</time>
      </trkpt>
      <trkpt lat="41.758213" lon="123.40313">
        <ele>42.364365</ele>
        <time>2016-06-11T10:57:52.956000Z</time>
      </trkpt>
      <trkpt lat="41.758247" lon="123.403">
        <ele>42.450836</ele>
        <time>2016-06-11T10:57:56.364000Z</time>
      </trkpt>
      <trkpt lat="41.758278" lon="123.40286">
        <ele>42.54127</ele>
        <time>2016-06-11T10:57:59.772000Z</time>
      </trkpt>
      <trkpt lat="41.758312" lon="123.40272">
        <ele>42.637962</ele>
        <time>2016-06-11T10:58:03.180000Z</time>
      </trkpt>
      <trkpt lat="41.758358" lon="123.40256">
        <ele>42.743725</ele>
        <time>2016-06-11T10:58:06.588000Z</time>
      </trkpt>
      <trkpt lat="41.758392" lon="123.402435">
        <ele>42.829205</ele>
        <time>2016-06-11T10:58:09.996000Z</time>
      </trkpt>
      <trkpt lat="41.75843" lon="123.40228">
        <ele>42.930164</ele>
        <time>2016-06-11T10:58:13.404000Z</time>
      </trkpt>
      <trkpt lat="41.758457" lon="123.40215">
        <ele>43.01679</ele>
        <time>2016-06-11T10:58:16.812000Z</time>
      </trkpt>
      <trkpt lat="41.758484" lon="123.402016">
        <ele>43.105396</ele>
        <time>2016-06-11T10:58:20.220000Z</time>
      </trkpt>
      <trkpt lat="41.75851" lon="123.40188">
        <ele>43.193394</ele>
        <time>2016-06-11T10:58:23.628000Z</time>
      </trkpt>
      <trkpt lat="41.75854" lon="123.40175">
        <ele>43.27933</ele>
        <time>2016-06-11T10:58:27.036000Z</time>
      </trkpt>
      <trkpt lat="41.758564" lon="123.40162">
        <ele>43.367096</ele>
        <time>2016-06-11T10:58:30.444000Z</time>
      </trkpt>
      <trkpt lat="41.758587" lon="123.4015">
        <ele>43.445564</ele>
        <time>2016-06-11T10:58:33.852000Z</time>
      </trkpt>
      <trkpt lat="41.758617" lon="123.401375">
        <ele>43.526848</ele>
        <time>2016-06-11T10:58:37.260000Z</time>
      </trkpt>
      <trkpt lat="41.75865" lon="123.40125">
        <ele>43.61012</ele>
        <time>2016-06-11T10:58:40.668000Z</time>
      </trkpt>
      <trkpt lat="41.758694" lon="123.40113">
        <ele>43.693844</ele>
        <time>2016-06-11T10:58:44.076000Z</time>
      </trkpt>
      <trkpt lat="41.758755" lon="123.40099">
        <ele>43.793736</ele>
        <time>2016-06-11T10:58:47.484000Z</time>
      </trkpt>
      <trkpt lat="41.758793" lon="123.40088">
        <ele>43.87403</ele>
        <time>2016-06-11T10:58:50.892000Z</time>
      </trkpt>
      <trkpt lat="41.758804" lon="123.40076">
        <ele>43.953945</ele>
        <time>2016-06-11T10:58:54.300000Z</time>
      </trkpt>
      <trkpt lat="41.758835" lon="123.400604">
        <ele>44.052616</ele>
        <time>2016-06-11T10:58:57.708000Z</time>
      </trkpt>
      <trkpt lat="41.75886" lon="123.400444">
        <ele>44.154263</ele>
        <time>2016-06-11T10:59:01.116000Z</time>
      </trkpt>
      <trkpt lat="41.758877" lon="123.400314">
        <ele>44.237686</ele>
        <time>2016-06-11T10:59:04.524000Z</time>
      </trkpt>
      <trkpt lat="41.75892" lon="123.40019">
        <ele>44.32606</ele>
        <time>2016-06-11T10:59:07.932000Z</time>
      </trkpt>
      <trkpt lat="41.758957" lon="123.40007">
        <ele>44.40628</ele>
        <time>2016-06-11T10:59:11.340000Z</time>
      </trkpt>
      <trkpt lat="41.75899" lon="123.39995">
        <ele>44.49016</ele>
        <time>2016-06-11T10:59:14.748000Z</time>
      </trkpt>
      <trkpt lat="41.759033" lon="123.39979">
        <ele>44.59684</ele>
        <time>2016-06-11T10:59:18.156000Z</time>
      </trkpt>
      <trkpt lat="41.759064" lon="123.39963">
        <ele>44.701916</ele>
        <time>2016-06-11T10:59:21.564000Z</time>
      </trkpt>
      <trkpt lat="41.759087" lon="123.39949">
        <ele>44.79037</ele>
        <time>2016-06-11T10:59:24.972000Z</time>
      </trkpt>
      <trkpt lat="41.759106" lon="123.39934">
        <ele>44.88805</ele>
        <time>2016-06-11T10:59:28.380000Z</time>
      </trkpt>
      <trkpt lat="41.759125" lon="123.399185">
        <ele>44.985886</ele>
        <time>2016-06-11T10:59:31.788000Z</time>
      </trkpt>
      <trkpt lat="41.759144" lon="123.39905">
        <ele>45.07594</ele>
        <time>2016-06-11T10:59:35.196000Z</time>
      </trkpt>
      <trkpt lat="41.75917" lon="123.3989">
        <ele>45.16935</ele>
        <time>2016-06-11T10:59:38.604000Z</time>
      </trkpt>
      <trkpt lat="41.759186" lon="123.398766">
        <ele>45.257805</ele>
        <time>2016-06-11T10:59:42.012000Z</time>
      </trkpt>
      <trkpt lat="41.759205" lon="123.39863">
        <ele>45.347176</ele>
        <time>2016-06-11T10:59:45.420000Z</time>
      </trkpt>
      <trkpt lat="41.759224" lon="123.39849">
        <ele>45.435173</ele>
        <time>2016-06-11T10:59:48.828000Z</time>
      </trkpt>
      <trkpt lat="41.759243" lon="123.398346">
        <ele>45.527287</ele>
        <time>2016-06-11T10:59:52.236000Z</time>
      </trkpt>
      <trkpt lat="41.759247" lon="123.398224">
        <ele>45.60476</ele>
        <time>2016-06-11T10:59:55.644000Z</time>
      </trkpt>
      <trkpt lat="41.759254" lon="123.39809">
        <ele>45.691765</ele>
        <time>2016-06-11T10:59:59.052000Z</time>
      </trkpt>
      <trkpt lat="41.75927" lon="123.39796">
        <ele>45.776176</ele>
        <time>2016-06-11T11:00:02.460000Z</time>
      </trkpt>
      <trkpt lat="41.75929" lon="123.39782">
        <ele>45.86654</ele>
        <time>2016-06-11T11:00:05.868000Z</time>
      </trkpt>
      <trkpt lat="41.7593" lon="123.39768">
        <ele>45.951485</ele>
        <time>2016-06-11T11:00:09.276000Z</time>
      </trkpt>
      <trkpt lat="41.75931" lon="123.39755">
        <ele>46.03521</ele>
        <time>2016-06-11T11:00:12.684000Z</time>
      </trkpt>
      <trkpt lat="41.759323" lon="123.39742">
        <ele>46.11894</ele>
        <time>2016-06-11T11:00:16.092000Z</time>
      </trkpt>
      <trkpt lat="41.75933" lon="123.39728">
        <ele>46.469486</ele>
        <time>2016-06-11T11:00:19.500000Z</time>
      </trkpt>
      <trkpt lat="41.759342" lon="123.39715">
        <ele>46.69085</ele>
        <time>2016-06-11T11:00:22.908000Z</time>
      </trkpt>
      <trkpt lat="41.759342" lon="123.397">
        <ele>46.795982</ele>
        <time>2016-06-11T11:00:26.316000Z</time>
      </trkpt>
      <trkpt lat="41.759342" lon="123.39686">
        <ele>46.864216</ele>
        <time>2016-06-11T11:00:29.724000Z</time>
      </trkpt>
      <trkpt lat="41.759346" lon="123.39671">
        <ele>46.868355</ele>
        <time>2016-06-11T11:00:33.132000Z</time>
      </trkpt>
      <trkpt lat="41.759365" lon="123.39655">
        <ele>46.868355</ele>
        <time>2016-06-11T11:00:36.540000Z</time>
      </trkpt>
      <trkpt lat="41.759384" lon="123.39643">
        <ele>46.868355</ele>
        <time>2016-06-11T11:00:39.948000Z</time>
      </trkpt>
      <trkpt lat="41.759396" lon="123.39628">
        <ele>46.868355</ele>
        <time>2016-06-11T11:00:43.356000Z</time>
      </trkpt>
      <trkpt lat="41.759403" lon="123.39613">
        <ele>46.868355</ele>
        <time>2016-06-11T11:00:46.764000Z</time>
      </trkpt>
      <trkpt lat="41.759415" lon="123.39601">
        <ele>46.868355</ele>
        <time>2016-06-11T11:00:50.172000Z</time>
      </trkpt>
      <trkpt lat="41.759422" lon="123.39586">
        <ele>46.868355</ele>
        <time>2016-06-11T11:00:53.580000Z</time>
      </trkpt>
      <trkpt lat="41.759426" lon="123.39574">
        <ele>46.868355</ele>
        <time>2016-06-11T11:00:56.988000Z</time>
      </trkpt>
      <trkpt lat="41.759434" lon="123.39561">
        <ele>46.868355</ele>
        <time>2016-06-11T11:01:00.396000Z</time>
      </trkpt>
      <trkpt lat="41.75944" lon="123.395454">
        <ele>46.868355</ele>
        <time>2016-06-11T11:01:03.804000Z</time>
      </trkpt>
      <trkpt lat="41.75946" lon="123.3953">
        <ele>46.868355</ele>
        <time>2016-06-11T11:01:07.212000Z</time>
      </trkpt>
      <trkpt lat="41.759464" lon="123.39517">
        <ele>46.868355</ele>
        <time>2016-06-11T11:01:10.620000Z</time>
      </trkpt>
      <trkpt lat="41.759457" lon="123.395035">
        <ele>46.868355</ele>
        <time>2016-06-11T11:01:14.028000Z</time>
      </trkpt>
      <trkpt lat="41.75945" lon="123.3949">
        <ele>46.868355</ele>
        <time>2016-06-11T11:01:17.436000Z</time>
      </trkpt>
      <trkpt lat="41.759434" lon="123.394775">
        <ele>46.868355</ele>
        <time>2016-06-11T11:01:20.844000Z</time>
      </trkpt>
      <trkpt lat="41.75942" lon="123.39463">
        <ele>46.868355</ele>
        <time>2016-06-11T11:01:24.252000Z</time>
      </trkpt>
      <trkpt lat="41.759438" lon="123.394516">
        <ele>46.868355</ele>
        <time>2016-06-11T11:01:27.660000Z</time>
      </trkpt>
      <trkpt lat="41.759464" lon="123.39439">
        <ele>46.868355</ele>
        <time>2016-06-11T11:01:31.068000Z</time>
      </trkpt>
      <trkpt lat="41.759468" lon="123.39426">
        <ele>46.868355</ele>
        <time>2016-06-11T11:01:34.476000Z</time>
      </trkpt>
      <trkpt lat="41.759453" lon="123.394135">
        <ele>46.868355</ele>
        <time>2016-06-11T11:01:37.884000Z</time>
      </trkpt>
      <trkpt lat="41.759445" lon="123.39401">
        <ele>46.868355</ele>
        <time>2016-06-11T11:01:41.292000Z</time>
      </trkpt>
      <trkpt lat="41.759457" lon="123.393875">
        <ele>46.868355</ele>
        <time>2016-06-11T11:01:44.700000Z</time>
      </trkpt>
      <trkpt lat="41.759483" lon="123.39375">
        <ele>46.868355</ele>
        <time>2016-06-11T11:01:48.108000Z</time>
      </trkpt>
      <trkpt lat="41.75947" lon="123.39361">
        <ele>46.868355</ele>
        <time>2016-06-11T11:01:51.516000Z</time>
      </trkpt>
      <trkpt lat="41.759468" lon="123.39348">
        <ele>46.868355</ele>
        <time>2016-06-11T11:01:54.924000Z</time>
      </trkpt>
      <trkpt lat="41.75946" lon="123.39333">
        <ele>46.868355</ele>
        <time>2016-06-11T11:01:58.332000Z</time>
      </trkpt>
      <trkpt lat="41.75948" lon="123.39319">
        <ele>46.868355</ele>
        <time>2016-06-11T11:02:01.740000Z</time>
      </trkpt>
      <trkpt lat="41.75951" lon="123.39307">
        <ele>46.868355</ele>
        <time>2016-06-11T11:02:05.148000Z</time>
      </trkpt>
      <trkpt lat="41.759686" lon="123.392815">
        <ele>42.94519</ele>
        <time>2016-06-11T11:02:08.556000Z</time>
      </trkpt>
      <trkpt lat="41.759686" lon="123.392815">
        <ele>42.94519</ele>
        <time>2016-06-11T11:02:11.964000Z</time>
      </trkpt>
      <trkpt lat="41.759686" lon="123.392815">
        <ele>42.94519</ele>
        <time>2016-06-11T11:02:15.372000Z</time>
      </trkpt>
      <trkpt lat="41.75961" lon="123.39279">
        <ele>42.976696</ele>
        <time>2016-06-11T11:02:18.780000Z</time>
      </trkpt>
      <trkpt lat="41.759514" lon="123.39273">
        <ele>43.01674</ele>
        <time>2016-06-11T11:02:22.188000Z</time>
      </trkpt>
      <trkpt lat="41.75942" lon="123.39266">
        <ele>43.058353</ele>
        <time>2016-06-11T11:02:25.596000Z</time>
      </trkpt>
      <trkpt lat="41.75942" lon="123.39266">
        <ele>43.058353</ele>
        <time>2016-06-11T11:02:29.004000Z</time>
      </trkpt>
      <trkpt lat="41.75934" lon="123.39255">
        <ele>43.104427</ele>
        <time>2016-06-11T11:02:32.412000Z</time>
      </trkpt>
      <trkpt lat="41.759285" lon="123.39242">
        <ele>43.14747</ele>
        <time>2016-06-11T11:02:35.820000Z</time>
      </trkpt>
      <trkpt lat="41.759254" lon="123.3923">
        <ele>43.183468</ele>
        <time>2016-06-11T11:02:39.228000Z</time>
      </trkpt>
      <trkpt lat="41.75921" lon="123.39217">
        <ele>43.224907</ele>
        <time>2016-06-11T11:02:42.636000Z</time>
      </trkpt>
      <trkpt lat="41.75919" lon="123.39203">
        <ele>43.266</ele>
        <time>2016-06-11T11:02:46.044000Z</time>
      </trkpt>
      <trkpt lat="41.75919" lon="123.3919">
        <ele>43.305172</ele>
        <time>2016-06-11T11:02:49.452000Z</time>
      </trkpt>
      <trkpt lat="41.759205" lon="123.39176">
        <ele>43.343227</ele>
        <time>2016-06-11T11:02:52.860000Z</time>
      </trkpt>
      <trkpt lat="41.759216" lon="123.39163">
        <ele>43.381184</ele>
        <time>2016-06-11T11:02:56.268000Z</time>
      </trkpt>
      <trkpt lat="41.75922" lon="123.3915">
        <ele>43.42004</ele>
        <time>2016-06-11T11:02:59.676000Z</time>
      </trkpt>
      <trkpt lat="41.75922" lon="123.39138">
        <ele>43.45566</ele>
        <time>2016-06-11T11:03:03.084000Z</time>
      </trkpt>
      <trkpt lat="41.75918" lon="123.39124">
        <ele>43.497658</ele>
        <time>2016-06-11T11:03:06.492000Z</time>
      </trkpt>
      <trkpt lat="41.759094" lon="123.391136">
        <ele>43.54272</ele>
        <time>2016-06-11T11:03:09.900000Z</time>
      </trkpt>
      <trkpt lat="41.75899" lon="123.39107">
        <ele>43.587467</ele>
        <time>2016-06-11T11:03:13.308000Z</time>
      </trkpt>
      <trkpt lat="41.758896" lon="123.391014">
        <ele>43.626923</ele>
        <time>2016-06-11T11:03:16.716000Z</time>
      </trkpt>
      <trkpt lat="41.758816" lon="123.39093">
        <ele>43.666897</ele>
        <time>2016-06-11T11:03:20.124000Z</time>
      </trkpt>
      <trkpt lat="41.75877" lon="123.39079">
        <ele>43.709274</ele>
        <time>2016-06-11T11:03:23.532000Z</time>
      </trkpt>
      <trkpt lat="41.758736" lon="123.390656">
        <ele>43.752316</ele>
        <time>2016-06-11T11:03:26.940000Z</time>
      </trkpt>
      <trkpt lat="41.758713" lon="123.39053">
        <ele>43.788006</ele>
        <time>2016-06-11T11:03:30.348000Z</time>
      </trkpt>
      <trkpt lat="41.758675" lon="123.39042">
        <ele>43.82404</ele>
        <time>2016-06-11T11:03:33.756000Z</time>
      </trkpt>
      <trkpt lat="41.75862" lon="123.39029">
        <ele>43.867954</ele>
        <time>2016-06-11T11:03:37.164000Z</time>
      </trkpt>
      <trkpt lat="41.758575" lon="123.390144">
        <ele>43.913086</ele>
        <time>2016-06-11T11:03:40.572000Z</time>
      </trkpt>
      <trkpt lat="41.75853" lon="123.39002">
        <ele>43.95139</ele>
        <time>2016-06-11T11:03:43.980000Z</time>
      </trkpt>
      <trkpt lat="41.758476" lon="123.3899">
        <ele>43.99234</ele>
        <time>2016-06-11T11:03:47.388000Z</time>
      </trkpt>
      <trkpt lat="41.75844" lon="123.38976">
        <ele>44.03594</ele>
        <time>2016-06-11T11:03:50.796000Z</time>
      </trkpt>
      <trkpt lat="41.7584" lon="123.38964">
        <ele>44.07445</ele>
        <time>2016-06-11T11:03:54.204000Z</time>
      </trkpt>
      <trkpt lat="41.758343" lon="123.389496">
        <ele>44.121536</ele>
        <time>2016-06-11T11:03:57.612000Z</time>
      </trkpt>
      <trkpt lat="41.75828" lon="123.38937">
        <ele>44.163845</ele>
        <time>2016-06-11T11:04:01.020000Z</time>
      </trkpt>
      <trkpt lat="41.7582" lon="123.389305">
        <ele>44.200577</ele>
        <time>2016-06-11T11:04:04.428000Z</time>
      </trkpt>
      <trkpt lat="41.758114" lon="123.38888">
        <ele>44.32733</ele>
        <time>2016-06-11T11:04:07.836000Z</time>
      </trkpt>
      <trkpt lat="41.75806" lon="123.38876">
        <ele>44.36839</ele>
        <time>2016-06-11T11:04:11.244000Z</time>
      </trkpt>
      <trkpt lat="41.75798" lon="123.3886">
        <ele>44.422337</ele>
        <time>2016-06-11T11:04:14.652000Z</time>
      </trkpt>
      <trkpt lat="41.75792" lon="123.38846">
        <ele>44.47204</ele>
        <time>2016-06-11T11:04:18.060000Z</time>
      </trkpt>
      <trkpt lat="41.757877" lon="123.38833">
        <ele>44.512745</ele>
        <time>2016-06-11T11:04:21.468000Z</time>
      </trkpt>
      <trkpt lat="41.757835" lon="123.388176">
        <ele>44.559063</ele>
        <time>2016-06-11T11:04:24.876000Z</time>
      </trkpt>
      <trkpt lat="41.75779" lon="123.38805">
        <ele>44.60036</ele>
        <time>2016-06-11T11:04:28.284000Z</time>
      </trkpt>
      <trkpt lat="41.757748" lon="123.3879">
        <ele>44.645527</ele>
        <time>2016-06-11T11:04:31.692000Z</time>
      </trkpt>
      <trkpt lat="41.757694" lon="123.38777">
        <ele>44.68808</ele>
        <time>2016-06-11T11:04:35.100000Z</time>
      </trkpt>
      <trkpt lat="41.75765" lon="123.38765">
        <ele>44.728546</ele>
        <time>2016-06-11T11:04:38.508000Z</time>
      </trkpt>
      <trkpt lat="41.757603" lon="123.3875">
        <ele>44.774757</ele>
        <time>2016-06-11T11:04:41.916000Z</time>
      </trkpt>
      <trkpt lat="41.75756" lon="123.38736">
        <ele>44.81902</ele>
        <time>2016-06-11T11:04:45.324000Z</time>
      </trkpt>
      <trkpt lat="41.75753" lon="123.387215">
        <ele>44.862446</ele>
        <time>2016-06-11T11:04:48.732000Z</time>
      </trkpt>
      <trkpt lat="41.757492" lon="123.38706">
        <ele>44.90946</ele>
        <time>2016-06-11T11:04:52.140000Z</time>
      </trkpt>
      <trkpt lat="41.75745" lon="123.38693">
        <ele>44.95034</ele>
        <time>2016-06-11T11:04:55.548000Z</time>
      </trkpt>
      <trkpt lat="41.7574" lon="123.38681">
        <ele>44.991184</ele>
        <time>2016-06-11T11:04:58.956000Z</time>
      </trkpt>
      <trkpt lat="41.757347" lon="123.38667">
        <ele>45.03381</ele>
        <time>2016-06-11T11:05:02.364000Z</time>
      </trkpt>
      <trkpt lat="41.75729" lon="123.386566">
        <ele>45.072807</ele>
        <time>2016-06-11T11:05:05.772000Z</time>
      </trkpt>
      <trkpt lat="41.75725" lon="123.386444">
        <ele>45.110764</ele>
        <time>2016-06-11T11:05:09.180000Z</time>
      </trkpt>
      <trkpt lat="41.757202" lon="123.386314">
        <ele>45.152653</ele>
        <time>2016-06-11T11:05:12.588000Z</time>
      </trkpt>
      <trkpt lat="41.757164" lon="123.38619">
        <ele>45.190884</ele>
        <time>2016-06-11T11:05:15.996000Z</time>
      </trkpt>
      <trkpt lat="41.757107" lon="123.386055">
        <ele>45.2379</ele>
        <time>2016-06-11T11:05:19.404000Z</time>
      </trkpt>
      <trkpt lat="41.75703" lon="123.385925">
        <ele>45.285297</ele>
        <time>2016-06-11T11:05:22.812000Z</time>
      </trkpt>
      <trkpt lat="41.756947" lon="123.38579">
        <ele>45.33545</ele>
        <time>2016-06-11T11:05:26.220000Z</time>
      </trkpt>
      <trkpt lat="41.75688" lon="123.38567">
        <ele>45.378212</ele>
        <time>2016-06-11T11:05:29.628000Z</time>
      </trkpt>
      <trkpt lat="41.756813" lon="123.385544">
        <ele>45.423695</ele>
        <time>2016-06-11T11:05:33.036000Z</time>
      </trkpt>
      <trkpt lat="41.75675" lon="123.38543">
        <ele>45.466248</ele>
        <time>2016-06-11T11:05:36.444000Z</time>
      </trkpt>
      <trkpt lat="41.756676" lon="123.38531">
        <ele>45.510544</ele>
        <time>2016-06-11T11:05:39.852000Z</time>
      </trkpt>
      <trkpt lat="41.756615" lon="123.385185">
        <ele>45.55317</ele>
        <time>2016-06-11T11:05:43.260000Z</time>
      </trkpt>
      <trkpt lat="41.756557" lon="123.38506">
        <ele>45.594013</ele>
        <time>2016-06-11T11:05:46.668000Z</time>
      </trkpt>
      <trkpt lat="41.756496" lon="123.38496">
        <ele>45.63402</ele>
        <time>2016-06-11T11:05:50.076000Z</time>
      </trkpt>
      <trkpt lat="41.756424" lon="123.38483">
        <ele>45.67933</ele>
        <time>2016-06-11T11:05:53.484000Z</time>
      </trkpt>
      <trkpt lat="41.756355" lon="123.38469">
        <ele>45.7276</ele>
        <time>2016-06-11T11:05:56.892000Z</time>
      </trkpt>
      <trkpt lat="41.756294" lon="123.38459">
        <ele>45.765694</ele>
        <time>2016-06-11T11:06:00.300000Z</time>
      </trkpt>
      <trkpt lat="41.756226" lon="123.38451">
        <ele>45.801834</ele>
        <time>2016-06-11T11:06:03.708000Z</time>
      </trkpt>
      <trkpt lat="41.75616" lon="123.3844">
        <ele>45.84111</ele>
        <time>2016-06-11T11:06:07.116000Z</time>
      </trkpt>
      <trkpt lat="41.756092" lon="123.38426">
        <ele>45.887985</ele>
        <time>2016-06-11T11:06:10.524000Z</time>
      </trkpt>
      <trkpt lat="41.756023" lon="123.384125">
        <ele>45.93699</ele>
        <time>2016-06-11T11:06:13.932000Z</time>
      </trkpt>
      <trkpt lat="41.755943" lon="123.38397">
        <ele>45.99132</ele>
        <time>2016-06-11T11:06:17.340000Z</time>
      </trkpt>
      <trkpt lat="41.755882" lon="123.38387">
        <ele>46.02736</ele>
        <time>2016-06-11T11:06:20.748000Z</time>
      </trkpt>
      <trkpt lat="41.75581" lon="123.38376">
        <ele>46.072002</ele>
        <time>2016-06-11T11:06:24.156000Z</time>
      </trkpt>
      <trkpt lat="41.755733" lon="123.383675">
        <ele>46.10992</ele>
        <time>2016-06-11T11:06:27.564000Z</time>
      </trkpt>
      <trkpt lat="41.75565" lon="123.383575">
        <ele>46.152927</ele>
        <time>2016-06-11T11:06:30.972000Z</time>
      </trkpt>
      <trkpt lat="41.75559" lon="123.38344">
        <ele>46.198723</ele>
        <time>2016-06-11T11:06:34.380000Z</time>
      </trkpt>
      <trkpt lat="41.75553" lon="123.38331">
        <ele>46.24295</ele>
        <time>2016-06-11T11:06:37.788000Z</time>
      </trkpt>
      <trkpt lat="41.755455" lon="123.38317">
        <ele>46.293068</ele>
        <time>2016-06-11T11:06:41.196000Z</time>
      </trkpt>
      <trkpt lat="41.755375" lon="123.38304">
        <ele>46.341824</ele>
        <time>2016-06-11T11:06:44.604000Z</time>
      </trkpt>
      <trkpt lat="41.755306" lon="123.382935">
        <ele>46.382183</ele>
        <time>2016-06-11T11:06:48.012000Z</time>
      </trkpt>
      <trkpt lat="41.755245" lon="123.38283">
        <ele>46.4224</ele>
        <time>2016-06-11T11:06:51.420000Z</time>
      </trkpt>
      <trkpt lat="41.755177" lon="123.38271">
        <ele>46.463455</ele>
        <time>2016-06-11T11:06:54.828000Z</time>
      </trkpt>
      <trkpt lat="41.755123" lon="123.38261">
        <ele>46.50019</ele>
        <time>2016-06-11T11:06:58.236000Z</time>
      </trkpt>
      <trkpt lat="41.755054" lon="123.38247">
        <ele>46.548424</ele>
        <time>2016-06-11T11:07:01.644000Z</time>
      </trkpt>
      <trkpt lat="41.754986" lon="123.382355">
        <ele>46.590733</ele>
        <time>2016-06-11T11:07:05.052000Z</time>
      </trkpt>
      <trkpt lat="41.75491" lon="123.38227">
        <ele>46.629803</ele>
        <time>2016-06-11T11:07:08.459000Z</time>
      </trkpt>
      <trkpt lat="41.754833" lon="123.38216">
        <ele>46.673367</ele>
        <time>2016-06-11T11:07:11.866000Z</time>
      </trkpt>
      <trkpt lat="41.75478" lon="123.38205">
        <ele>46.71059</ele>
        <time>2016-06-11T11:07:15.273000Z</time>
      </trkpt>
      <trkpt lat="41.754704" lon="123.381935">
        <ele>46.7545</ele>
        <time>2016-06-11T11:07:18.680000Z</time>
      </trkpt>
      <trkpt lat="41.754635" lon="123.38185">
        <ele>46.79047</ele>
        <time>2016-06-11T11:07:22.087000Z</time>
      </trkpt>
      <trkpt lat="41.754555" lon="123.38174">
        <ele>46.836647</ele>
        <time>2016-06-11T11:07:25.494000Z</time>
      </trkpt>
      <trkpt lat="41.754475" lon="123.381645">
        <ele>46.876797</ele>
        <time>2016-06-11T11:07:28.901000Z</time>
      </trkpt>
      <trkpt lat="41.754406" lon="123.38156">
        <ele>46.91353</ele>
        <time>2016-06-11T11:07:32.308000Z</time>
      </trkpt>
      <trkpt lat="41.754326" lon="123.38146">
        <ele>46.955944</ele>
        <time>2016-06-11T11:07:35.715000Z</time>
      </trkpt>
      <trkpt lat="41.754253" lon="123.38133">
        <ele>47.00254</ele>
        <time>2016-06-11T11:07:39.122000Z</time>
      </trkpt>
      <trkpt lat="41.75419" lon="123.381226">
        <ele>47.042377</ele>
        <time>2016-06-11T11:07:42.529000Z</time>
      </trkpt>
      <trkpt lat="41.754135" lon="123.38113">
        <ele>47.077717</ele>
        <time>2016-06-11T11:07:45.936000Z</time>
      </trkpt>
      <trkpt lat="41.754078" lon="123.38103">
        <ele>47.113926</ele>
        <time>2016-06-11T11:07:49.343000Z</time>
      </trkpt>
      <trkpt lat="41.75402" lon="123.38092">
        <ele>47.15261</ele>
        <time>2016-06-11T11:07:52.750000Z</time>
      </trkpt>
      <trkpt lat="41.753956" lon="123.38084">
        <ele>47.187534</ele>
        <time>2016-06-11T11:07:56.157000Z</time>
      </trkpt>
      <trkpt lat="41.753883" lon="123.380714">
        <ele>47.231865</ele>
        <time>2016-06-11T11:07:59.564000Z</time>
      </trkpt>
      <trkpt lat="41.75383" lon="123.38059">
        <ele>47.27334</ele>
        <time>2016-06-11T11:08:02.971000Z</time>
      </trkpt>
      <trkpt lat="41.753773" lon="123.380455">
        <ele>47.31885</ele>
        <time>2016-06-11T11:08:06.378000Z</time>
      </trkpt>
      <trkpt lat="41.753693" lon="123.38031">
        <ele>47.37057</ele>
        <time>2016-06-11T11:08:09.785000Z</time>
      </trkpt>
      <trkpt lat="41.75363" lon="123.38019">
        <ele>47.414104</ele>
        <time>2016-06-11T11:08:13.192000Z</time>
      </trkpt>
      <trkpt lat="41.753563" lon="123.38005">
        <ele>47.462196</ele>
        <time>2016-06-11T11:08:16.599000Z</time>
      </trkpt>
      <trkpt lat="41.753487" lon="123.379944">
        <ele>47.504612</ele>
        <time>2016-06-11T11:08:20.006000Z</time>
      </trkpt>
      <trkpt lat="41.75343" lon="123.379814">
        <ele>47.54783</ele>
        <time>2016-06-11T11:08:23.413000Z</time>
      </trkpt>
      <trkpt lat="41.75337" lon="123.37967">
        <ele>47.59526</ele>
        <time>2016-06-11T11:08:26.820000Z</time>
      </trkpt>
      <trkpt lat="41.753304" lon="123.37953">
        <ele>47.643112</ele>
        <time>2016-06-11T11:08:30.227000Z</time>
      </trkpt>
      <trkpt lat="41.753246" lon="123.37941">
        <ele>47.683784</ele>
        <time>2016-06-11T11:08:33.634000Z</time>
      </trkpt>
      <trkpt lat="41.753185" lon="123.3793">
        <ele>47.724804</ele>
        <time>2016-06-11T11:08:37.041000Z</time>
      </trkpt>
      <trkpt lat="41.753124" lon="123.37919">
        <ele>47.76478</ele>
        <time>2016-06-11T11:08:40.448000Z</time>
      </trkpt>
      <trkpt lat="41.753056" lon="123.37908">
        <ele>47.805035</ele>
        <time>2016-06-11T11:08:43.855000Z</time>
      </trkpt>
      <trkpt lat="41.75299" lon="123.378975">
        <ele>47.845913</ele>
        <time>2016-06-11T11:08:47.262000Z</time>
      </trkpt>
      <trkpt lat="41.752922" lon="123.378876">
        <ele>47.884182</ele>
        <time>2016-06-11T11:08:50.669000Z</time>
      </trkpt>
      <trkpt lat="41.75285" lon="123.37878">
        <ele>47.923737</ele>
        <time>2016-06-11T11:08:54.076000Z</time>
      </trkpt>
      <trkpt lat="41.75278" lon="123.37867">
        <ele>47.964863</ele>
        <time>2016-06-11T11:08:57.483000Z</time>
      </trkpt>
      <trkpt lat="41.752712" lon="123.37856">
        <ele>48.005917</ele>
        <time>2016-06-11T11:09:00.890000Z</time>
      </trkpt>
      <trkpt lat="41.752636" lon="123.37847">
        <ele>48.045334</ele>
        <time>2016-06-11T11:09:04.297000Z</time>
      </trkpt>
      <trkpt lat="41.75255" lon="123.37837">
        <ele>48.089943</ele>
        <time>2016-06-11T11:09:07.704000Z</time>
      </trkpt>
      <trkpt lat="41.752453" lon="123.378265">
        <ele>48.13811</ele>
        <time>2016-06-11T11:09:11.111000Z</time>
      </trkpt>
      <trkpt lat="41.752396" lon="123.37817">
        <ele>48.174877</ele>
        <time>2016-06-11T11:09:14.518000Z</time>
      </trkpt>
      <trkpt lat="41.75232" lon="123.378044">
        <ele>48.220882</ele>
        <time>2016-06-11T11:09:17.925000Z</time>
      </trkpt>
      <trkpt lat="41.752243" lon="123.377945">
        <ele>48.262005</ele>
        <time>2016-06-11T11:09:21.332000Z</time>
      </trkpt>
      <trkpt lat="41.752148" lon="123.377846">
        <ele>48.913177</ele>
        <time>2016-06-11T11:09:24.739000Z</time>
      </trkpt>
      <trkpt lat="41.75207" lon="123.37775">
        <ele>49.130123</ele>
        <time>2016-06-11T11:09:28.146000Z</time>
      </trkpt>
      <trkpt lat="41.75201" lon="123.377625">
        <ele>47.987778</ele>
        <time>2016-06-11T11:09:31.553000Z</time>
      </trkpt>
      <trkpt lat="41.75195" lon="123.37752">
        <ele>46.92115</ele>
        <time>2016-06-11T11:09:34.960000Z</time>
      </trkpt>
      <trkpt lat="41.75189" lon="123.37742">
        <ele>45.913414</ele>
        <time>2016-06-11T11:09:38.367000Z</time>
      </trkpt>
      <trkpt lat="41.75183" lon="123.37731">
        <ele>44.914097</ele>
        <time>2016-06-11T11:09:41.774000Z</time>
      </trkpt>
      <trkpt lat="41.751762" lon="123.377174">
        <ele>43.63433</ele>
        <time>2016-06-11T11:09:45.181000Z</time>
      </trkpt>
      <trkpt lat="41.751698" lon="123.377075">
        <ele>43.632023</ele>
        <time>2016-06-11T11:09:48.588000Z</time>
      </trkpt>
      <trkpt lat="41.751633" lon="123.37698">
        <ele>43.62988</ele>
        <time>2016-06-11T11:09:51.995000Z</time>
      </trkpt>
      <trkpt lat="41.751575" lon="123.376884">
        <ele>43.627666</ele>
        <time>2016-06-11T11:09:55.402000Z</time>
      </trkpt>
      <trkpt lat="41.751503" lon="123.376785">
        <ele>43.625263</ele>
        <time>2016-06-11T11:09:58.809000Z</time>
      </trkpt>
      <trkpt lat="41.751415" lon="123.37667">
        <ele>43.62247</ele>
        <time>2016-06-11T11:10:02.216000Z</time>
      </trkpt>
      <trkpt lat="41.751335" lon="123.37657">
        <ele>43.6199</ele>
        <time>2016-06-11T11:10:05.623000Z</time>
      </trkpt>
      <trkpt lat="41.75125" lon="123.37647">
        <ele>43.61728</ele>
        <time>2016-06-11T11:10:09.030000Z</time>
      </trkpt>
      <trkpt lat="41.751186" lon="123.376366">
        <ele>43.61496</ele>
        <time>2016-06-11T11:10:12.437000Z</time>
      </trkpt>
      <trkpt lat="41.751125" lon="123.37626">
        <ele>43.61257</ele>
        <time>2016-06-11T11:10:15.844000Z</time>
      </trkpt>
      <trkpt lat="41.75106" lon="123.37615">
        <ele>43.610287</ele>
        <time>2016-06-11T11:10:19.251000Z</time>
      </trkpt>
      <trkpt lat="41.750996" lon="123.37605">
        <ele>43.60798</ele>
        <time>2016-06-11T11:10:22.658000Z</time>
      </trkpt>
      <trkpt lat="41.750927" lon="123.37595">
        <ele>43.60564</ele>
        <time>2016-06-11T11:10:26.065000Z</time>
      </trkpt>
      <trkpt lat="41.75086" lon="123.37584">
        <ele>43.603096</ele>
        <time>2016-06-11T11:10:29.472000Z</time>
      </trkpt>
      <trkpt lat="41.750793" lon="123.375725">
        <ele>43.600582</ele>
        <time>2016-06-11T11:10:32.879000Z</time>
      </trkpt>
      <trkpt lat="41.750725" lon="123.3756">
        <ele>43.597973</ele>
        <time>2016-06-11T11:10:36.286000Z</time>
      </trkpt>
      <trkpt lat="41.750645" lon="123.37549">
        <ele>43.59531</ele>
        <time>2016-06-11T11:10:39.693000Z</time>
      </trkpt>
      <trkpt lat="41.750565" lon="123.3754">
        <ele>43.592827</ele>
        <time>2016-06-11T11:10:43.100000Z</time>
      </trkpt>
      <trkpt lat="41.750492" lon="123.375305">
        <ele>43.590508</ele>
        <time>2016-06-11T11:10:46.507000Z</time>
      </trkpt>
      <trkpt lat="41.750427" lon="123.37522">
        <ele>43.588345</ele>
        <time>2016-06-11T11:10:49.914000Z</time>
      </trkpt>
      <trkpt lat="41.75036" lon="123.37513">
        <ele>43.586113</ele>
        <time>2016-06-11T11:10:53.321000Z</time>
      </trkpt>
      <trkpt lat="41.750298" lon="123.374985">
        <ele>43.583332</ele>
        <time>2016-06-11T11:10:56.728000Z</time>
      </trkpt>
      <trkpt lat="41.750225" lon="123.37486">
        <ele>43.58065</ele>
        <time>2016-06-11T11:11:00.135000Z</time>
      </trkpt>
      <trkpt lat="41.75014" lon="123.374756">
        <ele>43.57791</ele>
        <time>2016-06-11T11:11:03.542000Z</time>
      </trkpt>
      <trkpt lat="41.75008" lon="123.37466">
        <ele>43.57564</ele>
        <time>2016-06-11T11:11:06.949000Z</time>
      </trkpt>
      <trkpt lat="41.75002" lon="123.37453">
        <ele>43.57311</ele>
        <time>2016-06-11T11:11:10.356000Z</time>
      </trkpt>
      <trkpt lat="41.749966" lon="123.374405">
        <ele>43.570595</ele>
        <time>2016-06-11T11:11:13.763000Z</time>
      </trkpt>
      <trkpt lat="41.74991" lon="123.37429">
        <ele>43.568214</ele>
        <time>2016-06-11T11:11:17.170000Z</time>
      </trkpt>
      <trkpt lat="41.74986" lon="123.37418">
        <ele>43.56605</ele>
        <time>2016-06-11T11:11:20.577000Z</time>
      </trkpt>
      <trkpt lat="41.749813" lon="123.37407">
        <ele>43.56379</ele>
        <time>2016-06-11T11:11:23.984000Z</time>
      </trkpt>
      <trkpt lat="41.749763" lon="123.373955">
        <ele>43.561512</ele>
        <time>2016-06-11T11:11:27.391000Z</time>
      </trkpt>
      <trkpt lat="41.749702" lon="123.37384">
        <ele>43.559097</ele>
        <time>2016-06-11T11:11:30.798000Z</time>
      </trkpt>
      <trkpt lat="41.749653" lon="123.37373">
        <ele>43.556908</ele>
        <time>2016-06-11T11:11:34.205000Z</time>
      </trkpt>
      <trkpt lat="41.749603" lon="123.37363">
        <ele>43.55469</ele>
        <time>2016-06-11T11:11:37.612000Z</time>
      </trkpt>
      <trkpt lat="41.749554" lon="123.37351">
        <ele>43.552418</ele>
        <time>2016-06-11T11:11:41.019000Z</time>
      </trkpt>
      <trkpt lat="41.7495" lon="123.37339">
        <ele>43.549973</ele>
        <time>2016-06-11T11:11:44.426000Z</time>
      </trkpt>
      <trkpt lat="41.74947" lon="123.37322">
        <ele>43.54708</ele>
        <time>2016-06-11T11:11:47.833000Z</time>
      </trkpt>
      <trkpt lat="41.749424" lon="123.37308">
        <ele>43.544315</ele>
        <time>2016-06-11T11:11:51.240000Z</time>
      </trkpt>
      <trkpt lat="41.749367" lon="123.37295">
        <ele>43.541656</ele>
        <time>2016-06-11T11:11:54.647000Z</time>
      </trkpt>
      <trkpt lat="41.749317" lon="123.37283">
        <ele>43.539356</ele>
        <time>2016-06-11T11:11:58.054000Z</time>
      </trkpt>
      <trkpt lat="41.749264" lon="123.37271">
        <ele>43.536987</ele>
        <time>2016-06-11T11:12:01.461000Z</time>
      </trkpt>
      <trkpt lat="41.749226" lon="123.3726">
        <ele>43.534756</ele>
        <time>2016-06-11T11:12:04.868000Z</time>
      </trkpt>
      <trkpt lat="41.7492" lon="123.37247">
        <ele>43.53246</ele>
        <time>2016-06-11T11:12:08.275000Z</time>
      </trkpt>
      <trkpt lat="41.749165" lon="123.37231">
        <ele>43.529636</ele>
        <time>2016-06-11T11:12:11.682000Z</time>
      </trkpt>
      <trkpt lat="41.749134" lon="123.37215">
        <ele>43.526768</ele>
        <time>2016-06-11T11:12:15.089000Z</time>
      </trkpt>
      <trkpt lat="41.74909" lon="123.372">
        <ele>43.52402</ele>
        <time>2016-06-11T11:12:18.496000Z</time>
      </trkpt>
      <trkpt lat="41.749054" lon="123.37188">
        <ele>43.521717</ele>
        <time>2016-06-11T11:12:21.903000Z</time>
      </trkpt>
      <trkpt lat="41.749012" lon="123.371735">
        <ele>43.519047</ele>
        <time>2016-06-11T11:12:25.310000Z</time>
      </trkpt>
      <trkpt lat="41.748978" lon="123.37162">
        <ele>43.516884</ele>
        <time>2016-06-11T11:12:28.717000Z</time>
      </trkpt>
      <trkpt lat="41.74895" lon="123.3715">
        <ele>43.51476</ele>
        <time>2016-06-11T11:12:32.124000Z</time>
      </trkpt>
      <trkpt lat="41.74892" lon="123.37135">
        <ele>43.478962</ele>
        <time>2016-06-11T11:12:35.531000Z</time>
      </trkpt>
      <trkpt lat="41.748894" lon="123.3712">
        <ele>43.474678</ele>
        <time>2016-06-11T11:12:38.938000Z</time>
      </trkpt>
      <trkpt lat="41.748867" lon="123.371056">
        <ele>43.470608</ele>
        <time>2016-06-11T11:12:42.345000Z</time>
      </trkpt>
      <trkpt lat="41.74885" lon="123.37092">
        <ele>43.46691</ele>
        <time>2016-06-11T11:12:45.752000Z</time>
      </trkpt>
      <trkpt lat="41.74884" lon="123.3708">
        <ele>43.46367</ele>
        <time>2016-06-11T11:12:49.159000Z</time>
      </trkpt>
      <trkpt lat="41.74882" lon="123.37066">
        <ele>43.460007</ele>
        <time>2016-06-11T11:12:52.566000Z</time>
      </trkpt>
      <trkpt lat="41.74879" lon="123.37052">
        <ele>43.456112</ele>
        <time>2016-06-11T11:12:55.973000Z</time>
      </trkpt>
      <trkpt lat="41.748775" lon="123.37038">
        <ele>43.452225</ele>
        <time>2016-06-11T11:12:59.380000Z</time>
      </trkpt>
      <trkpt lat="41.74878" lon="123.37025">
        <ele>43.448658</ele>
        <time>2016-06-11T11:13:02.787000Z</time>
      </trkpt>
      <trkpt lat="41.748844" lon="123.37012">
        <ele>43.44448</ele>
        <time>2016-06-11T11:13:06.194000Z</time>
      </trkpt>
      <trkpt lat="41.74889" lon="123.369995">
        <ele>43.4408</ele>
        <time>2016-06-11T11:13:09.601000Z</time>
      </trkpt>
      <trkpt lat="41.748917" lon="123.36988">
        <ele>43.10585</ele>
        <time>2016-06-11T11:13:13.008000Z</time>
      </trkpt>
      <trkpt lat="41.748936" lon="123.36973">
        <ele>42.990448</ele>
        <time>2016-06-11T11:13:16.415000Z</time>
      </trkpt>
      <trkpt lat="41.748955" lon="123.36958">
        <ele>42.98254</ele>
        <time>2016-06-11T11:13:19.822000Z</time>
      </trkpt>
      <trkpt lat="41.74897" lon="123.369446">
        <ele>42.975113</ele>
        <time>2016-06-11T11:13:23.229000Z</time>
      </trkpt>
      <trkpt lat="41.748955" lon="123.36932">
        <ele>42.968426</ele>
        <time>2016-06-11T11:13:26.636000Z</time>
      </trkpt>
      <trkpt lat="41.748943" lon="123.369194">
        <ele>42.96167</ele>
        <time>2016-06-11T11:13:30.043000Z</time>
      </trkpt>
      <trkpt lat="41.74892" lon="123.36904">
        <ele>42.953342</ele>
        <time>2016-06-11T11:13:33.450000Z</time>
      </trkpt>
      <trkpt lat="41.748898" lon="123.36888">
        <ele>42.944447</ele>
        <time>2016-06-11T11:13:36.857000Z</time>
      </trkpt>
      <trkpt lat="41.748875" lon="123.36873">
        <ele>42.9363</ele>
        <time>2016-06-11T11:13:40.264000Z</time>
      </trkpt>
      <trkpt lat="41.748844" lon="123.36859">
        <ele>42.92872</ele>
        <time>2016-06-11T11:13:43.671000Z</time>
      </trkpt>
      <trkpt lat="41.748825" lon="123.368454">
        <ele>42.921135</ele>
        <time>2016-06-11T11:13:47.078000Z</time>
      </trkpt>
      <trkpt lat="41.74879" lon="123.36829">
        <ele>42.912125</ele>
        <time>2016-06-11T11:13:50.485000Z</time>
      </trkpt>
      <trkpt lat="41.74878" lon="123.368164">
        <ele>42.905434</ele>
        <time>2016-06-11T11:13:53.892000Z</time>
      </trkpt>
      <trkpt lat="41.74875" lon="123.368">
        <ele>42.89628</ele>
        <time>2016-06-11T11:13:57.299000Z</time>
      </trkpt>
      <trkpt lat="41.748714" lon="123.36781">
        <ele>42.885944</ele>
        <time>2016-06-11T11:14:00.706000Z</time>
      </trkpt>
      <trkpt lat="41.748695" lon="123.36765">
        <ele>42.87749</ele>
        <time>2016-06-11T11:14:04.113000Z</time>
      </trkpt>
      <trkpt lat="41.748703" lon="123.367516">
        <ele>42.869923</ele>
        <time>2016-06-11T11:14:07.520000Z</time>
      </trkpt>
      <trkpt lat="41.748703" lon="123.36737">
        <ele>42.86234</ele>
        <time>2016-06-11T11:14:10.927000Z</time>
      </trkpt>
      <trkpt lat="41.748714" lon="123.36723">
        <ele>42.855125</ele>
        <time>2016-06-11T11:14:14.334000Z</time>
      </trkpt>
      <trkpt lat="41.748714" lon="123.36711">
        <ele>42.848633</ele>
        <time>2016-06-11T11:14:17.741000Z</time>
      </trkpt>
      <trkpt lat="41.74871" lon="123.36699">
        <ele>42.84212</ele>
        <time>2016-06-11T11:14:21.148000Z</time>
      </trkpt>
      <trkpt lat="41.74872" lon="123.36685">
        <ele>42.834793</ele>
        <time>2016-06-11T11:14:24.555000Z</time>
      </trkpt>
      <trkpt lat="41.74873" lon="123.366714">
        <ele>42.827198</ele>
        <time>2016-06-11T11:14:27.962000Z</time>
      </trkpt>
      <trkpt lat="41.748737" lon="123.36657">
        <ele>42.819645</ele>
        <time>2016-06-11T11:14:31.369000Z</time>
      </trkpt>
      <trkpt lat="41.748768" lon="123.36644">
        <ele>42.812233</ele>
        <time>2016-06-11T11:14:34.776000Z</time>
      </trkpt>
      <trkpt lat="41.748787" lon="123.36631">
        <ele>42.80524</ele>
        <time>2016-06-11T11:14:38.183000Z</time>
      </trkpt>
      <trkpt lat="41.748806" lon="123.366165">
        <ele>42.79762</ele>
        <time>2016-06-11T11:14:41.590000Z</time>
      </trkpt>
      <trkpt lat="41.748833" lon="123.36604">
        <ele>42.79062</ele>
        <time>2016-06-11T11:14:44.997000Z</time>
      </trkpt>
      <trkpt lat="41.74886" lon="123.365906">
        <ele>42.78314</ele>
        <time>2016-06-11T11:14:48.404000Z</time>
      </trkpt>
      <trkpt lat="41.74887" lon="123.365746">
        <ele>42.774685</ele>
        <time>2016-06-11T11:14:51.811000Z</time>
      </trkpt>
      <trkpt lat="41.748875" lon="123.3656">
        <ele>42.76685</ele>
        <time>2016-06-11T11:14:55.218000Z</time>
      </trkpt>
      <trkpt lat="41.74888" lon="123.36548">
        <ele>42.760178</ele>
        <time>2016-06-11T11:14:58.625000Z</time>
      </trkpt>
      <trkpt lat="41.74888" lon="123.36534">
        <ele>42.752914</ele>
        <time>2016-06-11T11:15:02.032000Z</time>
      </trkpt>
      <trkpt lat="41.748913" lon="123.365204">
        <ele>42.74531</ele>
        <time>2016-06-11T11:15:05.439000Z</time>
      </trkpt>
      <trkpt lat="41.74894" lon="123.36509">
        <ele>42.738857</ele>
        <time>2016-06-11T11:15:08.846000Z</time>
      </trkpt>
      <trkpt lat="41.748947" lon="123.364944">
        <ele>42.731003</ele>
        <time>2016-06-11T11:15:12.253000Z</time>
      </trkpt>
      <trkpt lat="41.74896" lon="123.36481">
        <ele>42.72389</ele>
        <time>2016-06-11T11:15:15.660000Z</time>
      </trkpt>
      <trkpt lat="41.748966" lon="123.36469">
        <ele>42.717392</ele>
        <time>2016-06-11T11:15:19.067000Z</time>
      </trkpt>
      <trkpt lat="41.748978" lon="123.36456">
        <ele>42.710575</ele>
        <time>2016-06-11T11:15:22.474000Z</time>
      </trkpt>
      <trkpt lat="41.74898" lon="123.364426">
        <ele>42.70321</ele>
        <time>2016-06-11T11:15:25.881000Z</time>
      </trkpt>
      <trkpt lat="41.749016" lon="123.36428">
        <ele>42.695377</ele>
        <time>2016-06-11T11:15:29.288000Z</time>
      </trkpt>
      <trkpt lat="41.74903" lon="123.36415">
        <ele>42.6882</ele>
        <time>2016-06-11T11:15:32.695000Z</time>
      </trkpt>
      <trkpt lat="41.749012" lon="123.36401">
        <ele>42.68087</ele>
        <time>2016-06-11T11:15:36.102000Z</time>
      </trkpt>
      <trkpt lat="41.749004" lon="123.36389">
        <ele>42.674038</ele>
        <time>2016-06-11T11:15:39.509000Z</time>
      </trkpt>
      <trkpt lat="41.74899" lon="123.36375">
        <ele>42.27402</ele>
        <time>2016-06-11T11:15:42.916000Z</time>
      </trkpt>
      <trkpt lat="41.74898" lon="123.36361">
        <ele>41.96566</ele>
        <time>2016-06-11T11:15:46.323000Z</time>
      </trkpt>
      <trkpt lat="41.748993" lon="123.36347">
        <ele>41.73227</ele>
        <time>2016-06-11T11:15:49.730000Z</time>
      </trkpt>
      <trkpt lat="41.749012" lon="123.36335">
        <ele>41.63484</ele>
        <time>2016-06-11T11:15:53.137000Z</time>
      </trkpt>
      <trkpt lat="41.74902" lon="123.36321">
        <ele>41.63484</ele>
        <time>2016-06-11T11:15:56.544000Z</time>
      </trkpt>
      <trkpt lat="41.749065" lon="123.36308">
        <ele>41.63484</ele>
        <time>2016-06-11T11:15:59.951000Z</time>
      </trkpt>
      <trkpt lat="41.74918" lon="123.36313">
        <ele>41.63484</ele>
        <time>2016-06-11T11:16:03.358000Z</time>
      </trkpt>
      <trkpt lat="41.749268" lon="123.36316">
        <ele>41.63484</ele>
        <time>2016-06-11T11:16:06.765000Z</time>
      </trkpt>
      <trkpt lat="41.74935" lon="123.36322">
        <ele>41.63484</ele>
        <time>2016-06-11T11:16:10.172000Z</time>
      </trkpt>
      <trkpt lat="41.74944" lon="123.36325">
        <ele>41.63484</ele>
        <time>2016-06-11T11:16:13.579000Z</time>
      </trkpt>
      <trkpt lat="41.749573" lon="123.363144">
        <ele>44.617805</ele>
        <time>2016-06-11T11:16:16.986000Z</time>
      </trkpt>
      <trkpt lat="41.749588" lon="123.363144">
        <ele>44.9494</ele>
        <time>2016-06-11T11:16:20.393000Z</time>
      </trkpt>
      <trkpt lat="41.749588" lon="123.363144">
        <ele>44.9494</ele>
        <time>2016-06-11T11:16:23.800000Z</time>
      </trkpt>
      <trkpt lat="41.749664" lon="123.363075">
        <ele>47.09749</ele>
        <time>2016-06-11T11:16:27.207000Z</time>
      </trkpt>
      <trkpt lat="41.749756" lon="123.36298">
        <ele>49.7169</ele>
        <time>2016-06-11T11:16:30.614000Z</time>
      </trkpt>
      <trkpt lat="41.749844" lon="123.36288">
        <ele>50.32721</ele>
        <time>2016-06-11T11:16:34.021000Z</time>
      </trkpt>
      <trkpt lat="41.749912" lon="123.36278">
        <ele>50.919006</ele>
        <time>2016-06-11T11:16:37.428000Z</time>
      </trkpt>
      <trkpt lat="41.749977" lon="123.36264">
        <ele>51.098106</ele>
        <time>2016-06-11T11:16:40.835000Z</time>
      </trkpt>
      <trkpt lat="41.75003" lon="123.36251">
        <ele>51.126057</ele>
        <time>2016-06-11T11:16:44.242000Z</time>
      </trkpt>
      <trkpt lat="41.750076" lon="123.36237">
        <ele>51.154655</ele>
        <time>2016-06-11T11:16:47.649000Z</time>
      </trkpt>
      <trkpt lat="41.75011" lon="123.36222">
        <ele>51.18402</ele>
        <time>2016-06-11T11:16:51.056000Z</time>
      </trkpt>
      <trkpt lat="41.750145" lon="123.3621">
        <ele>51.208447</ele>
        <time>2016-06-11T11:16:54.463000Z</time>
      </trkpt>
      <trkpt lat="41.75016" lon="123.36197">
        <ele>51.231903</ele>
        <time>2016-06-11T11:16:57.870000Z</time>
      </trkpt>
      <trkpt lat="41.75017" lon="123.36183">
        <ele>51.25873</ele>
        <time>2016-06-11T11:17:01.277000Z</time>
      </trkpt>
      <trkpt lat="41.750187" lon="123.361694">
        <ele>51.28475</ele>
        <time>2016-06-11T11:17:04.684000Z</time>
      </trkpt>
      <trkpt lat="41.750202" lon="123.36153">
        <ele>51.31535</ele>
        <time>2016-06-11T11:17:08.091000Z</time>
      </trkpt>
      <trkpt lat="41.750225" lon="123.36135">
        <ele>51.349068</ele>
        <time>2016-06-11T11:17:11.498000Z</time>
      </trkpt>
      <trkpt lat="41.75024" lon="123.36121">
        <ele>51.37399</ele>
        <time>2016-06-11T11:17:14.905000Z</time>
      </trkpt>
      <trkpt lat="41.750248" lon="123.36104">
        <ele>51.40699</ele>
        <time>2016-06-11T11:17:18.312000Z</time>
      </trkpt>
      <trkpt lat="41.75022" lon="123.360916">
        <ele>51.43036</ele>
        <time>2016-06-11T11:17:21.719000Z</time>
      </trkpt>
      <trkpt lat="41.750225" lon="123.36078">
        <ele>51.457367</ele>
        <time>2016-06-11T11:17:25.126000Z</time>
      </trkpt>
      <trkpt lat="41.750225" lon="123.36062">
        <ele>51.48608</ele>
        <time>2016-06-11T11:17:28.533000Z</time>
      </trkpt>
      <trkpt lat="41.750237" lon="123.36049">
        <ele>51.510548</ele>
        <time>2016-06-11T11:17:31.940000Z</time>
      </trkpt>
      <trkpt lat="41.75025" lon="123.360344">
        <ele>51.537804</ele>
        <time>2016-06-11T11:17:35.347000Z</time>
      </trkpt>
      <trkpt lat="41.75025" lon="123.36021">
        <ele>51.563576</ele>
        <time>2016-06-11T11:17:38.754000Z</time>
      </trkpt>
      <trkpt lat="41.750237" lon="123.36006">
        <ele>51.59094</ele>
        <time>2016-06-11T11:17:42.161000Z</time>
      </trkpt>
      <trkpt lat="41.750217" lon="123.35993">
        <ele>51.615814</ele>
        <time>2016-06-11T11:17:45.568000Z</time>
      </trkpt>
      <trkpt lat="41.750202" lon="123.35978">
        <ele>51.644955</ele>
        <time>2016-06-11T11:17:48.975000Z</time>
      </trkpt>
      <trkpt lat="41.7502" lon="123.359634">
        <ele>51.67104</ele>
        <time>2016-06-11T11:17:52.382000Z</time>
      </trkpt>
      <trkpt lat="41.75024" lon="123.35951">
        <ele>51.69654</ele>
        <time>2016-06-11T11:17:55.789000Z</time>
      </trkpt>
      <trkpt lat="41.750343" lon="123.35951">
        <ele>51.722225</ele>
        <time>2016-06-11T11:17:59.196000Z</time>
      </trkpt>
      <trkpt lat="41.75045" lon="123.35953">
        <ele>51.74867</ele>
        <time>2016-06-11T11:18:02.603000Z</time>
      </trkpt>
      <trkpt lat="41.75054" lon="123.35953">
        <ele>51.77132</ele>
        <time>2016-06-11T11:18:06.010000Z</time>
      </trkpt>
      <trkpt lat="41.75062" lon="123.35948">
        <ele>51.793793</ele>
        <time>2016-06-11T11:18:09.417000Z</time>
      </trkpt>
      <trkpt lat="41.750687" lon="123.359375">
        <ele>51.81912</ele>
        <time>2016-06-11T11:18:12.824000Z</time>
      </trkpt>
      <trkpt lat="41.750786" lon="123.3593">
        <ele>51.847404</ele>
        <time>2016-06-11T11:18:16.231000Z</time>
      </trkpt>
      <trkpt lat="41.750893" lon="123.35931">
        <ele>53.049942</ele>
        <time>2016-06-11T11:18:19.638000Z</time>
      </trkpt>
      <trkpt lat="41.751003" lon="123.359344">
        <ele>54.169666</ele>
        <time>2016-06-11T11:18:23.045000Z</time>
      </trkpt>
      <trkpt lat="41.751118" lon="123.359406">
        <ele>54.869686</ele>
        <time>2016-06-11T11:18:26.452000Z</time>
      </trkpt>
      <trkpt lat="41.751225" lon="123.35941">
        <ele>55.13435</ele>
        <time>2016-06-11T11:18:29.859000Z</time>
      </trkpt>
      <trkpt lat="41.75133" lon="123.35944">
        <ele>55.436573</ele>
        <time>2016-06-11T11:18:33.266000Z</time>
      </trkpt>
      <trkpt lat="41.75142" lon="123.3595">
        <ele>56.28745</ele>
        <time>2016-06-11T11:18:36.673000Z</time>
      </trkpt>
      <trkpt lat="41.751514" lon="123.35952">
        <time>2016-06-11T11:18:40.080000Z</time>
      </trkpt>
    </trkseg>
  </trk>
</gpx>