<?xml version="1.0" encoding="UTF-8"?>
<gpx xmlns="http://www.topografix.com/GPX/1/1" xmlns:gpxtpx="http://www.garmin.com/xmlschemas/TrackPointExtension/v1" xmlns:xsi="http://www.w3.org/2001/XMLSchema-instance" xsi:schemaLocation="http://www.topografix.com/GPX/1/1 http://www.topografix.com/GPX/1/1/gpx.xsd" version="1.1" creator="gpx.py -- https://github.com/tkrajina/gpxpy">
  <trk>
    <name>星期六  上午跑</name>
    <trkseg>
      <trkpt lat="41.68345555201329" lon="123.4137383290785">
        <time>2017-09-01T21:31:33.181000Z</time>
      </trkpt>
      <trkpt lat="41.68345555201329" lon="123.4137383290785">
        <time>2017-09-01T21:31:37.210000Z</time>
      </trkpt>
      <trkpt lat="41.68350332886137" lon="123.413842851411">
        <ele>64.1582635834393</ele>
        <time>2017-09-01T21:31:43.261000Z</time>
      </trkpt>
      <trkpt lat="41.68344955895252" lon="123.4139615391599">
        <time>2017-09-01T21:31:47.209000Z</time>
      </trkpt>
      <trkpt lat="41.68348342184134" lon="123.4140804783659">
        <ele>61.35650396529904</ele>
        <time>2017-09-01T21:31:55.184000Z</time>
      </trkpt>
      <trkpt lat="41.68357398830511" lon="123.4141155985402">
        <ele>59.99174260434491</ele>
        <time>2017-09-01T21:32:02.210000Z</time>
      </trkpt>
      <trkpt lat="41.68360898275085" lon="123.4142388125168">
        <time>2017-09-01T21:32:09.208000Z</time>
      </trkpt>
      <trkpt lat="41.68358257975586" lon="123.4143699893015">
        <ele>57.22610143432064</ele>
        <time>2017-09-01T21:32:12.220000Z</time>
      </trkpt>
      <trkpt lat="41.68359917592414" lon="123.4144894314217">
        <time>2017-09-01T21:32:15.212000Z</time>
      </trkpt>
      <trkpt lat="41.68359917592414" lon="123.4144894314217">
        <time>2017-09-01T21:32:19.209000Z</time>
      </trkpt>
      <trkpt lat="41.68357440740026" lon="123.4151292220907">
        <ele>55.35714385025186</ele>
        <time>2017-09-01T21:32:34.205000Z</time>
      </trkpt>
      <trkpt lat="41.68330769524135" lon="123.415679745491">
        <time>2017-09-01T21:32:51.239000Z</time>
      </trkpt>
      <trkpt lat="41.68330769524135" lon="123.415679745491">
        <ele>55.28768555550681</ele>
        <time>2017-09-01T21:33:25.214000Z</time>
      </trkpt>
      <trkpt lat="41.6832322581128" lon="123.4158636444466">
        <time>2017-09-01T21:33:25.222000Z</time>
      </trkpt>
      <trkpt lat="41.68316700499661" lon="123.415973028283">
        <time>2017-09-01T21:33:29.248000Z</time>
      </trkpt>
      <trkpt lat="41.68305707633652" lon="123.4160240740733">
        <time>2017-09-01T21:33:33.230000Z</time>
      </trkpt>
      <trkpt lat="41.68295041661866" lon="123.4160333779859">
        <ele>55.16174512134367</ele>
        <time>2017-09-01T21:33:37.243000Z</time>
      </trkpt>
      <trkpt lat="41.68285989206441" lon="123.4160326236146">
        <time>2017-09-01T21:33:41.229000Z</time>
      </trkpt>
      <trkpt lat="41.68276903223403" lon="123.4160220624166">
        <time>2017-09-01T21:33:44.232000Z</time>
      </trkpt>
      <trkpt lat="41.68267398145206" lon="123.4160130099611">
        <ele>55.11986930751972</ele>
        <time>2017-09-01T21:33:47.215000Z</time>
      </trkpt>
      <trkpt lat="41.68256011329748" lon="123.4160427657174">
        <time>2017-09-01T21:33:51.228000Z</time>
      </trkpt>
      <trkpt lat="41.68248735837795" lon="123.4161513951825">
        <time>2017-09-01T21:33:54.228000Z</time>
      </trkpt>
      <trkpt lat="41.68242784686543" lon="123.4162751958924">
        <ele>55.07338989286119</ele>
        <time>2017-09-01T21:33:57.219000Z</time>
      </trkpt>
      <trkpt lat="41.68238061484106" lon="123.4163947218316">
        <time>2017-09-01T21:34:00.244000Z</time>
      </trkpt>
      <trkpt lat="41.68235064953722" lon="123.4165151697802">
        <time>2017-09-01T21:34:03.240000Z</time>
      </trkpt>
      <trkpt lat="41.68232881467946" lon="123.4166445025461">
        <ele>50.33698250252445</ele>
        <time>2017-09-01T21:34:06.229000Z</time>
      </trkpt>
      <trkpt lat="41.6823146492631" lon="123.4167921078609">
        <time>2017-09-01T21:34:10.244000Z</time>
      </trkpt>
      <trkpt lat="41.68229935228981" lon="123.4169444908606">
        <time>2017-09-01T21:34:14.246000Z</time>
      </trkpt>
      <trkpt lat="41.68229088656761" lon="123.4170859773861">
        <ele>48.50288453408174</ele>
        <time>2017-09-01T21:34:18.298000Z</time>
      </trkpt>
      <trkpt lat="41.68228309139766" lon="123.41723626491">
        <time>2017-09-01T21:34:22.264000Z</time>
      </trkpt>
      <trkpt lat="41.68228191793121" lon="123.4173671902375">
        <ele>48.02923275061333</ele>
        <time>2017-09-01T21:34:25.231000Z</time>
      </trkpt>
      <trkpt lat="41.68228510305442" lon="123.4175194894182">
        <time>2017-09-01T21:34:29.233000Z</time>
      </trkpt>
      <trkpt lat="41.68227512858964" lon="123.4176641610669">
        <time>2017-09-01T21:34:32.266000Z</time>
      </trkpt>
      <trkpt lat="41.68227265592821" lon="123.4177929909187">
        <ele>47.88222991558438</ele>
        <time>2017-09-01T21:34:35.266000Z</time>
      </trkpt>
      <trkpt lat="41.68226783633389" lon="123.4179429431664">
        <time>2017-09-01T21:34:39.311000Z</time>
      </trkpt>
      <trkpt lat="41.6822670819626" lon="123.4180970025467">
        <time>2017-09-01T21:34:43.411000Z</time>
      </trkpt>
      <trkpt lat="41.68225865814991" lon="123.4182515648412">
        <ele>48.2291771057371</ele>
        <time>2017-09-01T21:34:47.250000Z</time>
      </trkpt>
      <trkpt lat="41.68224730067111" lon="123.4184006788986">
        <time>2017-09-01T21:34:50.331000Z</time>
      </trkpt>
      <trkpt lat="41.68223757766344" lon="123.4185284191029">
        <time>2017-09-01T21:34:53.331000Z</time>
      </trkpt>
      <trkpt lat="41.68221729345776" lon="123.4186752700465">
        <ele>48.57641357926127</ele>
        <time>2017-09-01T21:34:57.223000Z</time>
      </trkpt>
      <trkpt lat="41.68220991738297" lon="123.4188254737513">
        <time>2017-09-01T21:35:01.339000Z</time>
      </trkpt>
      <trkpt lat="41.68220798954524" lon="123.4189674631911">
        <time>2017-09-01T21:35:04.238000Z</time>
      </trkpt>
      <trkpt lat="41.68220987547345" lon="123.4191281442749">
        <ele>48.93049642590964</ele>
        <time>2017-09-01T21:35:08.396000Z</time>
      </trkpt>
      <trkpt lat="41.68220539115526" lon="123.4192725644665">
        <time>2017-09-01T21:35:12.236000Z</time>
      </trkpt>
      <trkpt lat="41.68218313720234" lon="123.4194169008391">
        <ele>49.17513373036141</ele>
        <time>2017-09-01T21:35:16.401000Z</time>
      </trkpt>
      <trkpt lat="41.68216704394825" lon="123.4195723013239">
        <time>2017-09-01T21:35:20.250000Z</time>
      </trkpt>
      <trkpt lat="41.6821529204414" lon="123.419723175581">
        <time>2017-09-01T21:35:24.382000Z</time>
      </trkpt>
      <trkpt lat="41.68215241752721" lon="123.4198513348805">
        <ele>49.54088433965805</ele>
        <time>2017-09-01T21:35:27.247000Z</time>
      </trkpt>
      <trkpt lat="41.68214168869115" lon="123.4199960065292">
        <time>2017-09-01T21:35:31.246000Z</time>
      </trkpt>
      <trkpt lat="41.68213301342137" lon="123.4201182146775">
        <time>2017-09-01T21:35:34.221000Z</time>
      </trkpt>
      <trkpt lat="41.68212748136528" lon="123.4202498105573">
        <ele>49.85842105371389</ele>
        <time>2017-09-01T21:35:37.320000Z</time>
      </trkpt>
      <trkpt lat="41.68210786771186" lon="123.4203995113479">
        <time>2017-09-01T21:35:40.286000Z</time>
      </trkpt>
      <trkpt lat="41.68210359294124" lon="123.4205320292371">
        <time>2017-09-01T21:35:43.200000Z</time>
      </trkpt>
      <trkpt lat="41.68210384439833" lon="123.420658679794">
        <ele>50.19206120878016</ele>
        <time>2017-09-01T21:35:46.410000Z</time>
      </trkpt>
      <trkpt lat="41.68210623324074" lon="123.4207867552744">
        <time>2017-09-01T21:35:49.248000Z</time>
      </trkpt>
      <trkpt lat="41.6821098374591" lon="123.4209265654193">
        <time>2017-09-01T21:35:52.215000Z</time>
      </trkpt>
      <trkpt lat="41.68210740670718" lon="123.4210613464223">
        <ele>50.50834436155974</ele>
        <time>2017-09-01T21:35:55.303000Z</time>
      </trkpt>
      <trkpt lat="41.68211344167747" lon="123.4212118854033">
        <time>2017-09-01T21:35:59.226000Z</time>
      </trkpt>
      <trkpt lat="41.68211180720635" lon="123.4213361052083">
        <time>2017-09-01T21:36:02.407000Z</time>
      </trkpt>
      <trkpt lat="41.68211541142471" lon="123.421483375247">
        <ele>50.83668098814952</ele>
        <time>2017-09-01T21:36:05.283000Z</time>
      </trkpt>
      <trkpt lat="41.68210493404575" lon="123.4216116183655">
        <time>2017-09-01T21:36:08.293000Z</time>
      </trkpt>
      <trkpt lat="41.68208930179633" lon="123.4217645042794">
        <time>2017-09-01T21:36:12.347000Z</time>
      </trkpt>
      <trkpt lat="41.68208791878231" lon="123.4218988661872">
        <ele>51.18179605028311</ele>
        <time>2017-09-01T21:36:16.228000Z</time>
      </trkpt>
      <trkpt lat="41.68208016552187" lon="123.4220369161325">
        <time>2017-09-01T21:36:20.277000Z</time>
      </trkpt>
      <trkpt lat="41.68207069397129" lon="123.4221838508951">
        <time>2017-09-01T21:36:24.236000Z</time>
      </trkpt>
      <trkpt lat="41.68204994876094" lon="123.4223036282914">
        <ele>51.51861832243526</ele>
        <time>2017-09-01T21:36:27.406000Z</time>
      </trkpt>
      <trkpt lat="41.6820276528985" lon="123.4224390798466">
        <time>2017-09-01T21:36:30.250000Z</time>
      </trkpt>
      <trkpt lat="41.68201914526679" lon="123.42257210065">
        <time>2017-09-01T21:36:33.314000Z</time>
      </trkpt>
      <trkpt lat="41.6820149543152" lon="123.4227026907014">
        <ele>51.83528718637677</ele>
        <time>2017-09-01T21:36:36.305000Z</time>
      </trkpt>
      <trkpt lat="41.68201692406245" lon="123.422823222469">
        <time>2017-09-01T21:36:39.217000Z</time>
      </trkpt>
      <trkpt lat="41.68200971562572" lon="123.422952722873">
        <time>2017-09-01T21:36:42.448000Z</time>
      </trkpt>
      <trkpt lat="41.68199890297063" lon="123.4230957181411">
        <ele>52.14067399883194</ele>
        <time>2017-09-01T21:36:45.228000Z</time>
      </trkpt>
      <trkpt lat="41.68199643030919" lon="123.4232476820456">
        <time>2017-09-01T21:36:49.219000Z</time>
      </trkpt>
      <trkpt lat="41.68200347110785" lon="123.4233693034606">
        <time>2017-09-01T21:36:52.309000Z</time>
      </trkpt>
      <trkpt lat="41.68200254909851" lon="123.4235336725818">
        <ele>52.47537485959351</ele>
        <time>2017-09-01T21:36:56.272000Z</time>
      </trkpt>
      <trkpt lat="41.68199391573824" lon="123.4236566351013">
        <time>2017-09-01T21:36:59.401000Z</time>
      </trkpt>
      <trkpt lat="41.6819840250925" lon="123.4237783403354">
        <time>2017-09-01T21:37:02.267000Z</time>
      </trkpt>
      <trkpt lat="41.68196965012856" lon="123.4239208326893">
        <ele>52.80409719734521</ele>
        <time>2017-09-01T21:37:06.297000Z</time>
      </trkpt>
      <trkpt lat="41.6819544369743" lon="123.424073299508">
        <time>2017-09-01T21:37:10.225000Z</time>
      </trkpt>
      <trkpt lat="41.68194110974826" lon="123.4242083319681">
        <time>2017-09-01T21:37:13.391000Z</time>
      </trkpt>
      <trkpt lat="41.68194249276228" lon="123.4243656602906">
        <ele>53.15171938203132</ele>
        <time>2017-09-01T21:37:16.234000Z</time>
      </trkpt>
      <trkpt lat="41.68193029709317" lon="123.4245006927507">
        <time>2017-09-01T21:37:19.231000Z</time>
      </trkpt>
      <trkpt lat="41.68192178946145" lon="123.4246320371734">
        <time>2017-09-01T21:37:22.239000Z</time>
      </trkpt>
      <trkpt lat="41.68192191519" lon="123.4247599450158">
        <ele>54.39495670377036</ele>
        <time>2017-09-01T21:37:25.251000Z</time>
      </trkpt>
      <trkpt lat="41.68192116081871" lon="123.4249077179687">
        <time>2017-09-01T21:37:29.241000Z</time>
      </trkpt>
      <trkpt lat="41.68192610614158" lon="123.4250548203694">
        <time>2017-09-01T21:37:33.238000Z</time>
      </trkpt>
      <trkpt lat="41.68192732151754" lon="123.4251808841931">
        <ele>54.6222722385122</ele>
        <time>2017-09-01T21:37:36.238000Z</time>
      </trkpt>
      <trkpt lat="41.68193327266879" lon="123.4253452533143">
        <time>2017-09-01T21:37:40.293000Z</time>
      </trkpt>
      <trkpt lat="41.68193717025377" lon="123.4254803695934">
        <time>2017-09-01T21:37:43.250000Z</time>
      </trkpt>
      <trkpt lat="41.68193704452522" lon="123.4256393742966">
        <ele>53.84518506308573</ele>
        <time>2017-09-01T21:37:47.331000Z</time>
      </trkpt>
      <trkpt lat="41.68193398513056" lon="123.4257598222451">
        <time>2017-09-01T21:37:50.329000Z</time>
      </trkpt>
      <trkpt lat="41.68193163819767" lon="123.4258895741063">
        <time>2017-09-01T21:37:53.268000Z</time>
      </trkpt>
      <trkpt lat="41.68192991990752" lon="123.4260108602451">
        <ele>53.09839111653181</ele>
        <time>2017-09-01T21:37:56.324000Z</time>
      </trkpt>
      <trkpt lat="41.68192359157063" lon="123.4261447192388">
        <time>2017-09-01T21:37:59.256000Z</time>
      </trkpt>
      <trkpt lat="41.68191416192956" lon="123.4262655024635">
        <time>2017-09-01T21:38:02.240000Z</time>
      </trkpt>
      <trkpt lat="41.68190938424475" lon="123.426412185769">
        <ele>52.41086653081551</ele>
        <time>2017-09-01T21:38:06.266000Z</time>
      </trkpt>
      <trkpt lat="41.68191445529617" lon="123.4265730344909">
        <time>2017-09-01T21:38:10.264000Z</time>
      </trkpt>
      <trkpt lat="41.68192526795126" lon="123.4266935662585">
        <time>2017-09-01T21:38:13.289000Z</time>
      </trkpt>
      <trkpt lat="41.68192736342706" lon="123.4268341307747">
        <ele>51.62785241930527</ele>
        <time>2017-09-01T21:38:17.295000Z</time>
      </trkpt>
      <trkpt lat="41.6819184786097" lon="123.4269773774999">
        <time>2017-09-01T21:38:21.345000Z</time>
      </trkpt>
      <trkpt lat="41.6819105577112" lon="123.427136214565">
        <ele>51.10913575390054</ele>
        <time>2017-09-01T21:38:25.249000Z</time>
      </trkpt>
      <trkpt lat="41.68190821077831" lon="123.427279126014">
        <time>2017-09-01T21:38:29.452000Z</time>
      </trkpt>
      <trkpt lat="41.68191554494359" lon="123.4274359514224">
        <time>2017-09-01T21:38:33.262000Z</time>
      </trkpt>
      <trkpt lat="41.68191282082505" lon="123.4275578242945">
        <ele>50.2712426045777</ele>
        <time>2017-09-01T21:38:36.435000Z</time>
      </trkpt>
      <trkpt lat="41.68190867178298" lon="123.4276812897282">
        <time>2017-09-01T21:38:39.343000Z</time>
      </trkpt>
      <trkpt lat="41.681906073393" lon="123.4278105386751">
        <time>2017-09-01T21:38:42.242000Z</time>
      </trkpt>
      <trkpt lat="41.68190548665978" lon="123.4279759974437">
        <ele>49.81773317899584</ele>
        <time>2017-09-01T21:38:46.412000Z</time>
      </trkpt>
      <trkpt lat="41.68190879751153" lon="123.4281159752267">
        <time>2017-09-01T21:38:49.269000Z</time>
      </trkpt>
      <trkpt lat="41.68191382665344" lon="123.4282451403545">
        <time>2017-09-01T21:38:52.250000Z</time>
      </trkpt>
      <trkpt lat="41.68191550303407" lon="123.4283689410644">
        <ele>49.79856458682631</ele>
        <time>2017-09-01T21:38:56.282000Z</time>
      </trkpt>
      <trkpt lat="41.68191772423841" lon="123.428518558036">
        <time>2017-09-01T21:39:00.248000Z</time>
      </trkpt>
      <trkpt lat="41.68192137036629" lon="123.4286429454791">
        <time>2017-09-01T21:39:03.238000Z</time>
      </trkpt>
      <trkpt lat="41.68191919107147" lon="123.4288001899826">
        <ele>49.78102431723453</ele>
        <time>2017-09-01T21:39:06.249000Z</time>
      </trkpt>
      <trkpt lat="41.68192459739901" lon="123.4289317858624">
        <time>2017-09-01T21:39:09.382000Z</time>
      </trkpt>
      <trkpt lat="41.68192539367981" lon="123.4290601127999">
        <time>2017-09-01T21:39:12.312000Z</time>
      </trkpt>
      <trkpt lat="41.68191696986712" lon="123.4292155971037">
        <ele>49.76263010648636</ele>
        <time>2017-09-01T21:39:16.348000Z</time>
      </trkpt>
      <trkpt lat="41.68189044114359" lon="123.4293676448273">
        <time>2017-09-01T21:39:20.271000Z</time>
      </trkpt>
      <trkpt lat="41.68186755854793" lon="123.4295205307411">
        <time>2017-09-01T21:39:24.333000Z</time>
      </trkpt>
      <trkpt lat="41.68185993101604" lon="123.429678781073">
        <ele>49.74199761519154</ele>
        <time>2017-09-01T21:39:28.283000Z</time>
      </trkpt>
      <trkpt lat="41.68185255494125" lon="123.4298071080106">
        <time>2017-09-01T21:39:31.233000Z</time>
      </trkpt>
      <trkpt lat="41.68184404730953" lon="123.4299374466049">
        <time>2017-09-01T21:39:34.422000Z</time>
      </trkpt>
      <trkpt lat="41.68184517886646" lon="123.4300656059044">
        <ele>49.72356627656698</ele>
        <time>2017-09-01T21:39:37.269000Z</time>
      </trkpt>
      <trkpt lat="41.68184723243274" lon="123.4301928431945">
        <time>2017-09-01T21:39:40.267000Z</time>
      </trkpt>
      <trkpt lat="41.68183721605845" lon="123.4303304740446">
        <time>2017-09-01T21:39:44.256000Z</time>
      </trkpt>
      <trkpt lat="41.68183763515361" lon="123.4304511734503">
        <ele>49.70621164635705</ele>
        <time>2017-09-01T21:39:48.265000Z</time>
      </trkpt>
      <trkpt lat="41.68183738369651" lon="123.4306003713267">
        <time>2017-09-01T21:39:52.327000Z</time>
      </trkpt>
      <trkpt lat="41.68183914389618" lon="123.4307400976526">
        <ele>49.69431481397291</ele>
        <time>2017-09-01T21:39:55.221000Z</time>
      </trkpt>
      <trkpt lat="41.68184174228616" lon="123.4308727831798">
        <time>2017-09-01T21:39:58.368000Z</time>
      </trkpt>
      <trkpt lat="41.68184681333758" lon="123.4310039599644">
        <time>2017-09-01T21:40:01.244000Z</time>
      </trkpt>
      <trkpt lat="41.68184274811454" lon="123.4311364778536">
        <time>2017-09-01T21:40:04.344000Z</time>
      </trkpt>
      <trkpt lat="41.68184174228616" lon="123.4312915430622">
        <ele>49.6706696607101</ele>
        <time>2017-09-01T21:40:08.322000Z</time>
      </trkpt>
      <trkpt lat="41.68182803787447" lon="123.4314535652505">
        <time>2017-09-01T21:40:12.265000Z</time>
      </trkpt>
      <trkpt lat="41.68183977253891" lon="123.4316095524686">
        <ele>49.65664593140842</ele>
        <time>2017-09-01T21:40:16.278000Z</time>
      </trkpt>
      <trkpt lat="41.68185511142172" lon="123.4317298327791">
        <time>2017-09-01T21:40:19.226000Z</time>
      </trkpt>
      <trkpt lat="41.68186558880068" lon="123.4318543040412">
        <time>2017-09-01T21:40:22.247000Z</time>
      </trkpt>
      <trkpt lat="41.68186521161504" lon="123.4320021608131">
        <ele>49.63883515871742</ele>
        <time>2017-09-01T21:40:26.238000Z</time>
      </trkpt>
      <trkpt lat="41.68187116276629" lon="123.4321272188084">
        <time>2017-09-01T21:40:29.288000Z</time>
      </trkpt>
      <trkpt lat="41.6818690672905" lon="123.4322496784138">
        <time>2017-09-01T21:40:32.300000Z</time>
      </trkpt>
      <trkpt lat="41.68186604980536" lon="123.4323837050455">
        <ele>49.62139566479008</ele>
        <time>2017-09-01T21:40:35.212000Z</time>
      </trkpt>
      <trkpt lat="41.68186357714392" lon="123.4325147980111">
        <time>2017-09-01T21:40:38.403000Z</time>
      </trkpt>
      <trkpt lat="41.68185603343107" lon="123.43264128093">
        <time>2017-09-01T21:40:41.278000Z</time>
      </trkpt>
      <trkpt lat="41.68182690631755" lon="123.4327607230502">
        <time>2017-09-01T21:40:44.349000Z</time>
      </trkpt>
      <trkpt lat="41.68181177698232" lon="123.4329062328892">
        <ele>49.598577932772</ele>
        <time>2017-09-01T21:40:48.322000Z</time>
      </trkpt>
      <trkpt lat="41.68181445919134" lon="123.4330639803069">
        <time>2017-09-01T21:40:52.273000Z</time>
      </trkpt>
      <trkpt lat="41.68181898541905" lon="123.4331933968919">
        <ele>49.58514824949218</ele>
        <time>2017-09-01T21:40:55.243000Z</time>
      </trkpt>
      <trkpt lat="41.68182979807414" lon="123.4333441035109">
        <time>2017-09-01T21:40:59.259000Z</time>
      </trkpt>
      <trkpt lat="41.68182103898533" lon="123.4335006774621">
        <time>2017-09-01T21:41:03.212000Z</time>
      </trkpt>
      <trkpt lat="41.68181286662973" lon="123.4336239752578">
        <ele>47.83491889107867</ele>
        <time>2017-09-01T21:41:06.246000Z</time>
      </trkpt>
      <trkpt lat="41.68180565819301" lon="123.4337606002795">
        <time>2017-09-01T21:41:09.343000Z</time>
      </trkpt>
      <trkpt lat="41.68180385608382" lon="123.4338962194728">
        <time>2017-09-01T21:41:12.358000Z</time>
      </trkpt>
      <trkpt lat="41.68182279918499" lon="123.4340417293119">
        <ele>47.30533005043568</ele>
        <time>2017-09-01T21:41:15.220000Z</time>
      </trkpt>
      <trkpt lat="41.68183227073558" lon="123.4341963754254">
        <time>2017-09-01T21:41:19.393000Z</time>
      </trkpt>
      <trkpt lat="41.68181483637698" lon="123.4343279713052">
        <time>2017-09-01T21:41:22.257000Z</time>
      </trkpt>
      <trkpt lat="41.68180071287014" lon="123.4344550409572">
        <ele>47.26408039622077</ele>
        <time>2017-09-01T21:41:25.311000Z</time>
      </trkpt>
      <trkpt lat="41.6817887267486" lon="123.434578506391">
        <time>2017-09-01T21:41:28.341000Z</time>
      </trkpt>
      <trkpt lat="41.68179371398099" lon="123.434708174433">
        <time>2017-09-01T21:41:31.228000Z</time>
      </trkpt>
      <trkpt lat="41.6818067059309" lon="123.4348370881038">
        <time>2017-09-01T21:41:34.441000Z</time>
      </trkpt>
      <trkpt lat="41.68181772813357" lon="123.434990979846">
        <ele>47.21562427169111</ele>
        <time>2017-09-01T21:41:37.290000Z</time>
      </trkpt>
      <trkpt lat="41.68183076199301" lon="123.4351234977352">
        <time>2017-09-01T21:41:40.280000Z</time>
      </trkpt>
      <trkpt lat="41.68184283193357" lon="123.4352560156243">
        <time>2017-09-01T21:41:43.292000Z</time>
      </trkpt>
      <trkpt lat="41.68183415666379" lon="123.4354008549111">
        <ele>47.17578408485637</ele>
        <time>2017-09-01T21:41:49.263000Z</time>
      </trkpt>
      <trkpt lat="41.68179308533825" lon="123.4355423414367">
        <time>2017-09-01T21:41:53.255000Z</time>
      </trkpt>
      <trkpt lat="41.6817773692698" lon="123.4356718418407">
        <ele>47.14770840397713</ele>
        <time>2017-09-01T21:41:56.232000Z</time>
      </trkpt>
      <trkpt lat="41.68179886885144" lon="123.4358193633365">
        <time>2017-09-01T21:42:01.249000Z</time>
      </trkpt>
      <trkpt lat="41.68181999124743" lon="123.435942409675">
        <time>2017-09-01T21:42:04.222000Z</time>
      </trkpt>
      <trkpt lat="41.6818143753723" lon="123.4360660427468">
        <ele>47.10919811781562</ele>
        <time>2017-09-01T21:42:07.290000Z</time>
      </trkpt>
      <trkpt lat="41.6818191111476" lon="123.436219766851">
        <time>2017-09-01T21:42:11.245000Z</time>
      </trkpt>
      <trkpt lat="41.68183633595861" lon="123.4363665339755">
        <time>2017-09-01T21:42:14.291000Z</time>
      </trkpt>
      <trkpt lat="41.68187045030452" lon="123.4364954476463">
        <ele>47.06892599742889</ele>
        <time>2017-09-01T21:42:17.306000Z</time>
      </trkpt>
      <trkpt lat="41.68192338202305" lon="123.4366044962066">
        <time>2017-09-01T21:42:22.433000Z</time>
      </trkpt>
      <trkpt lat="41.68190167289384" lon="123.4367242736029">
        <ele>47.04371471799966</ele>
        <time>2017-09-01T21:42:25.295000Z</time>
      </trkpt>
      <trkpt lat="41.68189832013257" lon="123.4368604795294">
        <time>2017-09-01T21:42:28.224000Z</time>
      </trkpt>
      <trkpt lat="41.68190942615427" lon="123.4369833582299">
        <time>2017-09-01T21:42:31.414000Z</time>
      </trkpt>
      <trkpt lat="41.68189744003273" lon="123.4372007009791">
        <time>2017-09-01T21:42:34.270000Z</time>
      </trkpt>
      <trkpt lat="41.68192334011353" lon="123.4373871983247">
        <ele>46.98693818925801</ele>
        <time>2017-09-01T21:42:37.213000Z</time>
      </trkpt>
      <trkpt lat="41.68193683497764" lon="123.4375174531">
        <time>2017-09-01T21:42:40.370000Z</time>
      </trkpt>
      <trkpt lat="41.68189333290018" lon="123.4376562574165">
        <time>2017-09-01T21:42:44.259000Z</time>
      </trkpt>
      <trkpt lat="41.68186361905344" lon="123.4377928824382">
        <ele>46.94236946669625</ele>
        <time>2017-09-01T21:42:48.235000Z</time>
      </trkpt>
      <trkpt lat="41.68185603343107" lon="123.4379226342993">
        <time>2017-09-01T21:42:52.256000Z</time>
      </trkpt>
      <trkpt lat="41.68183989826746" lon="123.4380682279574">
        <ele>46.91662395366325</ele>
        <time>2017-09-01T21:42:56.252000Z</time>
      </trkpt>
      <trkpt lat="41.68183222882606" lon="123.4381971416282">
        <time>2017-09-01T21:42:59.235000Z</time>
      </trkpt>
      <trkpt lat="41.68182992380269" lon="123.4383504466372">
        <time>2017-09-01T21:43:03.300000Z</time>
      </trkpt>
      <trkpt lat="41.6818447597713" lon="123.4385123850065">
        <ele>46.87602219977632</ele>
        <time>2017-09-01T21:43:07.467000Z</time>
      </trkpt>
      <trkpt lat="41.68185263876028" lon="123.4386410472201">
        <time>2017-09-01T21:43:10.303000Z</time>
      </trkpt>
      <trkpt lat="41.68186755854793" lon="123.4387659375774">
        <time>2017-09-01T21:43:13.246000Z</time>
      </trkpt>
      <trkpt lat="41.68186885774292" lon="123.4389026464181">
        <ele>46.83646617975212</ele>
        <time>2017-09-01T21:43:16.383000Z</time>
      </trkpt>
      <trkpt lat="41.68186692990519" lon="123.4390342422979">
        <time>2017-09-01T21:43:19.277000Z</time>
      </trkpt>
      <trkpt lat="41.68187866456963" lon="123.4391597193884">
        <time>2017-09-01T21:43:22.216000Z</time>
      </trkpt>
      <trkpt lat="41.68188210114993" lon="123.4392810893463">
        <ele>46.79917212753963</ele>
        <time>2017-09-01T21:43:25.266000Z</time>
      </trkpt>
      <trkpt lat="41.6818820173309" lon="123.4394113441216">
        <time>2017-09-01T21:43:28.232000Z</time>
      </trkpt>
      <trkpt lat="41.68187321633257" lon="123.4395361506598">
        <time>2017-09-01T21:43:31.223000Z</time>
      </trkpt>
      <trkpt lat="41.68186596598633" lon="123.4396617953884">
        <time>2017-09-01T21:43:34.342000Z</time>
      </trkpt>
      <trkpt lat="41.68188868094392" lon="123.4397888650405">
        <ele>46.75165943682089</ele>
        <time>2017-09-01T21:43:37.237000Z</time>
      </trkpt>
      <trkpt lat="41.68186160739668" lon="123.4399404936688">
        <time>2017-09-01T21:43:41.371000Z</time>
      </trkpt>
      <trkpt lat="41.68182694822706" lon="123.4400860873269">
        <ele>46.72458402311466</ele>
        <time>2017-09-01T21:43:45.239000Z</time>
      </trkpt>
      <trkpt lat="41.68182141617097" lon="123.4402098042177">
        <time>2017-09-01T21:43:49.236000Z</time>
      </trkpt>
      <trkpt lat="41.68182715777464" lon="123.440342573564">
        <time>2017-09-01T21:43:53.228000Z</time>
      </trkpt>
      <trkpt lat="41.68182384692289" lon="123.4404757620054">
        <ele>46.68588050352199</ele>
        <time>2017-09-01T21:43:57.375000Z</time>
      </trkpt>
      <trkpt lat="41.68181848250486" lon="123.4406296537476">
        <time>2017-09-01T21:44:01.242000Z</time>
      </trkpt>
      <trkpt lat="41.68182644531287" lon="123.4407745768534">
        <ele>45.84608738564903</ele>
        <time>2017-09-01T21:44:05.395000Z</time>
      </trkpt>
      <trkpt lat="41.68183067817397" lon="123.4409070947426">
        <time>2017-09-01T21:44:08.251000Z</time>
      </trkpt>
      <trkpt lat="41.68183109726913" lon="123.4410441388594">
        <time>2017-09-01T21:44:11.396000Z</time>
      </trkpt>
      <trkpt lat="41.6818111902491" lon="123.4411763214725">
        <ele>45.53599440326989</ele>
        <time>2017-09-01T21:44:15.281000Z</time>
      </trkpt>
      <trkpt lat="41.68179266624309" lon="123.4413242620634">
        <time>2017-09-01T21:44:19.309000Z</time>
      </trkpt>
      <trkpt lat="41.68179258242406" lon="123.4414465540307">
        <time>2017-09-01T21:44:22.348000Z</time>
      </trkpt>
      <trkpt lat="41.68179752774693" lon="123.4415818379479">
        <ele>45.46251202819185</ele>
        <time>2017-09-01T21:44:25.239000Z</time>
      </trkpt>
      <trkpt lat="41.68180025186546" lon="123.44171150599">
        <time>2017-09-01T21:44:28.350000Z</time>
      </trkpt>
      <trkpt lat="41.68180733457364" lon="123.4418378212708">
        <time>2017-09-01T21:44:31.333000Z</time>
      </trkpt>
      <trkpt lat="41.68181642893858" lon="123.4419744462924">
        <time>2017-09-01T21:44:34.217000Z</time>
      </trkpt>
      <trkpt lat="41.68182552330352" lon="123.4421311878818">
        <ele>45.36703271282007</ele>
        <time>2017-09-01T21:44:38.339000Z</time>
      </trkpt>
      <trkpt lat="41.68182233818032" lon="123.4422847443479">
        <time>2017-09-01T21:44:42.242000Z</time>
      </trkpt>
      <trkpt lat="41.68182154189952" lon="123.442412065457">
        <ele>44.67763899498127</ele>
        <time>2017-09-01T21:44:45.255000Z</time>
      </trkpt>
      <trkpt lat="41.6818230925516" lon="123.4425512050497">
        <time>2017-09-01T21:44:48.249000Z</time>
      </trkpt>
      <trkpt lat="41.68182661295094" lon="123.4426913504707">
        <time>2017-09-01T21:44:51.237000Z</time>
      </trkpt>
      <trkpt lat="41.6818344500304" lon="123.4428391234236">
        <time>2017-09-01T21:44:54.284000Z</time>
      </trkpt>
      <trkpt lat="41.68183457575895" lon="123.4429841303485">
        <ele>45.51777425064335</ele>
        <time>2017-09-01T21:44:57.242000Z</time>
      </trkpt>
      <trkpt lat="41.68183289937831" lon="123.4431246110456">
        <time>2017-09-01T21:45:00.245000Z</time>
      </trkpt>
      <trkpt lat="41.68182963043608" lon="123.4432616551625">
        <time>2017-09-01T21:45:03.288000Z</time>
      </trkpt>
      <trkpt lat="41.6818238888324" lon="123.4434071650016">
        <ele>46.42698387730415</ele>
        <time>2017-09-01T21:45:06.236000Z</time>
      </trkpt>
      <trkpt lat="41.68180741839267" lon="123.4435345699298">
        <time>2017-09-01T21:45:09.394000Z</time>
      </trkpt>
      <trkpt lat="41.68180050332256" lon="123.4436738771605">
        <time>2017-09-01T21:45:12.256000Z</time>
      </trkpt>
      <trkpt lat="41.68179681528516" lon="123.443799354251">
        <ele>47.31884810391192</ele>
        <time>2017-09-01T21:45:15.368000Z</time>
      </trkpt>
      <trkpt lat="41.68179363016196" lon="123.4439218976753">
        <time>2017-09-01T21:45:18.372000Z</time>
      </trkpt>
      <trkpt lat="41.68178918775327" lon="123.4440546670216">
        <time>2017-09-01T21:45:21.261000Z</time>
      </trkpt>
      <trkpt lat="41.68181181889184" lon="123.4442094807731">
        <ele>48.13848297806001</ele>
        <time>2017-09-01T21:45:25.418000Z</time>
      </trkpt>
      <trkpt lat="41.68182112280436" lon="123.44434652489">
        <time>2017-09-01T21:45:28.263000Z</time>
      </trkpt>
      <trkpt lat="41.68183331847347" lon="123.4444785398649">
        <time>2017-09-01T21:45:31.364000Z</time>
      </trkpt>
      <trkpt lat="41.68182858269818" lon="123.4446015023845">
        <time>2017-09-01T21:45:34.384000Z</time>
      </trkpt>
      <trkpt lat="41.68181684803374" lon="123.4447538853841">
        <ele>49.32521900556944</ele>
        <time>2017-09-01T21:45:38.224000Z</time>
      </trkpt>
      <trkpt lat="41.6818130342678" lon="123.4448776022749">
        <time>2017-09-01T21:45:41.422000Z</time>
      </trkpt>
      <trkpt lat="41.68179694101371" lon="123.4450365231591">
        <ele>49.90869460595111</ele>
        <time>2017-09-01T21:45:45.224000Z</time>
      </trkpt>
      <trkpt lat="41.68179048694827" lon="123.445181697722">
        <time>2017-09-01T21:45:49.415000Z</time>
      </trkpt>
      <trkpt lat="41.68178755328216" lon="123.4453452286529">
        <time>2017-09-01T21:45:53.241000Z</time>
      </trkpt>
      <trkpt lat="41.68179283388115" lon="123.4454745614188">
        <ele>50.32653331162872</ele>
        <time>2017-09-01T21:45:56.390000Z</time>
      </trkpt>
      <trkpt lat="41.6817940073476" lon="123.4456279502469">
        <time>2017-09-01T21:46:00.536000Z</time>
      </trkpt>
      <trkpt lat="41.68179233096696" lon="123.4457760584759">
        <time>2017-09-01T21:46:04.453000Z</time>
      </trkpt>
      <trkpt lat="41.68177854273625" lon="123.4458974284338">
        <ele>51.75510197259969</ele>
        <time>2017-09-01T21:46:07.262000Z</time>
      </trkpt>
      <trkpt lat="41.68177041229017" lon="123.4460259230094">
        <time>2017-09-01T21:46:10.238000Z</time>
      </trkpt>
      <trkpt lat="41.68177363932289" lon="123.4461551719563">
        <time>2017-09-01T21:46:13.420000Z</time>
      </trkpt>
      <trkpt lat="41.68177661489852" lon="123.4462794755804">
        <ele>52.46847320450708</ele>
        <time>2017-09-01T21:46:16.289000Z</time>
      </trkpt>
      <trkpt lat="41.68177158575661" lon="123.4464161844211">
        <time>2017-09-01T21:46:20.384000Z</time>
      </trkpt>
      <trkpt lat="41.68177850082673" lon="123.4465456848251">
        <time>2017-09-01T21:46:23.257000Z</time>
      </trkpt>
      <trkpt lat="41.68179685719468" lon="123.4466846567797">
        <ele>51.9423643350365</ele>
        <time>2017-09-01T21:46:26.239000Z</time>
      </trkpt>
      <trkpt lat="41.68181127406813" lon="123.4468480200725">
        <time>2017-09-01T21:46:30.242000Z</time>
      </trkpt>
      <trkpt lat="41.68181940451421" lon="123.4469789454">
        <time>2017-09-01T21:46:33.254000Z</time>
      </trkpt>
      <trkpt lat="41.68182472702272" lon="123.4471061826902">
        <ele>51.35423647602848</ele>
        <time>2017-09-01T21:46:36.254000Z</time>
      </trkpt>
      <trkpt lat="41.68182719968416" lon="123.4472334199803">
        <time>2017-09-01T21:46:39.256000Z</time>
      </trkpt>
      <trkpt lat="41.68183486912556" lon="123.4473643453079">
        <time>2017-09-01T21:46:42.217000Z</time>
      </trkpt>
      <trkpt lat="41.68183977253891" lon="123.4475031496244">
        <ele>50.83476671509846</ele>
        <time>2017-09-01T21:46:45.251000Z</time>
      </trkpt>
      <trkpt lat="41.68180888522573" lon="123.4476440494167">
        <time>2017-09-01T21:46:49.206000Z</time>
      </trkpt>
      <trkpt lat="41.68181257326312" lon="123.447771705802">
        <time>2017-09-01T21:46:52.217000Z</time>
      </trkpt>
      <trkpt lat="41.68181906923808" lon="123.4479035531389">
        <ele>50.27821510402725</ele>
        <time>2017-09-01T21:46:55.247000Z</time>
      </trkpt>
      <trkpt lat="41.68181634511955" lon="123.4480326344477">
        <time>2017-09-01T21:46:58.242000Z</time>
      </trkpt>
      <trkpt lat="41.68183415666379" lon="123.4481558484244">
        <time>2017-09-01T21:47:01.242000Z</time>
      </trkpt>
      <trkpt lat="41.68186998929985" lon="123.4482736141639">
        <time>2017-09-01T21:47:04.248000Z</time>
      </trkpt>
      <trkpt lat="41.68185054328449" lon="123.4483958223122">
        <ele>49.58661430947238</ele>
        <time>2017-09-01T21:47:07.216000Z</time>
      </trkpt>
      <trkpt lat="41.68182476893224" lon="123.4485120793092">
        <time>2017-09-01T21:47:10.333000Z</time>
      </trkpt>
      <trkpt lat="41.68181512974359" lon="123.4486320243435">
        <time>2017-09-01T21:47:13.248000Z</time>
      </trkpt>
      <trkpt lat="41.68181106452055" lon="123.4487822280484">
        <ele>49.09289133532164</ele>
        <time>2017-09-01T21:47:17.436000Z</time>
      </trkpt>
      <trkpt lat="41.68181186080135" lon="123.4489342757719">
        <time>2017-09-01T21:47:21.227000Z</time>
      </trkpt>
      <trkpt lat="41.68181043587781" lon="123.4490598366814">
        <time>2017-09-01T21:47:24.388000Z</time>
      </trkpt>
      <trkpt lat="41.68180603537865" lon="123.4492110462146">
        <ele>48.51707011653513</ele>
        <time>2017-09-01T21:47:28.278000Z</time>
      </trkpt>
      <trkpt lat="41.68180109005578" lon="123.4493711405652">
        <time>2017-09-01T21:47:32.276000Z</time>
      </trkpt>
      <trkpt lat="41.68179212141938" lon="123.449521260451">
        <ele>48.09767277214338</ele>
        <time>2017-09-01T21:47:36.210000Z</time>
      </trkpt>
      <trkpt lat="41.68178101539768" lon="123.4496609029578">
        <time>2017-09-01T21:47:40.342000Z</time>
      </trkpt>
      <trkpt lat="41.6817760281653" lon="123.4498059098827">
        <time>2017-09-01T21:47:44.309000Z</time>
      </trkpt>
      <trkpt lat="41.68176374867715" lon="123.449957370873">
        <ele>47.51067841947155</ele>
        <time>2017-09-01T21:47:48.224000Z</time>
      </trkpt>
      <trkpt lat="41.68174660768516" lon="123.4500958399134">
        <time>2017-09-01T21:47:52.244000Z</time>
      </trkpt>
      <trkpt lat="41.68173604648717" lon="123.4502309561925">
        <ele>46.5923762369539</ele>
        <time>2017-09-01T21:47:56.233000Z</time>
      </trkpt>
      <trkpt lat="41.68172992769785" lon="123.4503809922593">
        <time>2017-09-01T21:48:00.230000Z</time>
      </trkpt>
      <trkpt lat="41.68173202317364" lon="123.4505185392904">
        <ele>46.00091229071035</ele>
        <time>2017-09-01T21:48:07.380000Z</time>
      </trkpt>
      <trkpt lat="41.68174547612823" lon="123.4507140890913">
        <ele>45.84659945579914</ele>
        <time>2017-09-01T21:52:16.177000Z</time>
      </trkpt>
      <trkpt lat="41.68174547612823" lon="123.4507140890913">
        <ele>46.22038078471336</ele>
        <time>2017-09-01T21:52:24.238000Z</time>
      </trkpt>
      <trkpt lat="41.68175532486446" lon="123.4508564138072">
        <time>2017-09-01T21:52:24.247000Z</time>
      </trkpt>
      <trkpt lat="41.68175582777865" lon="123.4508924559908">
        <time>2017-09-01T21:52:25.259000Z</time>
      </trkpt>
      <trkpt lat="41.68174685914226" lon="123.4510296677458">
        <time>2017-09-01T21:52:29.278000Z</time>
      </trkpt>
      <trkpt lat="41.68175712697364" lon="123.4511786979841">
        <ele>46.53535934830235</ele>
        <time>2017-09-01T21:52:33.246000Z</time>
      </trkpt>
      <trkpt lat="41.68175586968817" lon="123.4513118026065">
        <time>2017-09-01T21:52:37.230000Z</time>
      </trkpt>
      <trkpt lat="41.68175033763207" lon="123.4514582344549">
        <ele>46.81659020864966</ele>
        <time>2017-09-01T21:52:41.250000Z</time>
      </trkpt>
      <trkpt lat="41.68174224909551" lon="123.4516050015795">
        <time>2017-09-01T21:52:45.240000Z</time>
      </trkpt>
      <trkpt lat="41.68174308728583" lon="123.4517509305137">
        <time>2017-09-01T21:52:49.327000Z</time>
      </trkpt>
      <trkpt lat="41.68173633985378" lon="123.4518754855948">
        <ele>47.25399395101964</ele>
        <time>2017-09-01T21:52:55.260000Z</time>
      </trkpt>
      <trkpt lat="41.68171970177598" lon="123.4520005435901">
        <ele>47.37821422039858</ele>
        <time>2017-09-01T21:53:02.247000Z</time>
      </trkpt>
      <trkpt lat="41.68172879614092" lon="123.4521291219848">
        <time>2017-09-01T21:53:05.246000Z</time>
      </trkpt>
      <trkpt lat="41.68175511531688" lon="123.4522477259146">
        <time>2017-09-01T21:53:08.308000Z</time>
      </trkpt>
      <trkpt lat="41.68179815638967" lon="123.4523644020068">
        <ele>47.75602095491622</ele>
        <time>2017-09-01T21:53:11.302000Z</time>
      </trkpt>
      <trkpt lat="41.68178516443975" lon="123.4525219817864">
        <time>2017-09-01T21:53:15.260000Z</time>
      </trkpt>
      <trkpt lat="41.68177200485177" lon="123.4526736942338">
        <time>2017-09-01T21:53:19.250000Z</time>
      </trkpt>
      <trkpt lat="41.68177359741338" lon="123.4528321122038">
        <ele>48.19498044247111</ele>
        <time>2017-09-01T21:53:23.228000Z</time>
      </trkpt>
      <trkpt lat="41.68178244032122" lon="123.452991284545">
        <time>2017-09-01T21:53:27.255000Z</time>
      </trkpt>
      <trkpt lat="41.68177389077999" lon="123.4531494510578">
        <ele>48.51127540583194</ele>
        <time>2017-09-01T21:53:31.243000Z</time>
      </trkpt>
      <trkpt lat="41.68177745308883" lon="123.4532905184882">
        <time>2017-09-01T21:53:34.248000Z</time>
      </trkpt>
      <trkpt lat="41.68178168594994" lon="123.453448517363">
        <time>2017-09-01T21:53:38.250000Z</time>
      </trkpt>
      <trkpt lat="41.6817768244461" lon="123.4535831307279">
        <ele>48.96663005418152</ele>
        <time>2017-09-01T21:53:41.249000Z</time>
      </trkpt>
      <trkpt lat="41.6817686520905" lon="123.4537240305202">
        <time>2017-09-01T21:53:44.326000Z</time>
      </trkpt>
      <trkpt lat="41.68176211420603" lon="123.4538479150491">
        <time>2017-09-01T21:53:47.261000Z</time>
      </trkpt>
      <trkpt lat="41.68175402566947" lon="123.4539963585543">
        <ele>49.36466147610287</ele>
        <time>2017-09-01T21:53:51.292000Z</time>
      </trkpt>
      <trkpt lat="41.68174836788483" lon="123.4541227576541">
        <time>2017-09-01T21:53:54.250000Z</time>
      </trkpt>
      <trkpt lat="41.6817282094077" lon="123.4542402719366">
        <time>2017-09-01T21:53:57.264000Z</time>
      </trkpt>
      <trkpt lat="41.68172791604109" lon="123.4543799144434">
        <ele>49.75850435329565</ele>
        <time>2017-09-01T21:54:00.362000Z</time>
      </trkpt>
      <trkpt lat="41.68173952497698" lon="123.4545231611686">
        <time>2017-09-01T21:54:03.233000Z</time>
      </trkpt>
      <trkpt lat="41.68174329683341" lon="123.4546524101155">
        <time>2017-09-01T21:54:06.228000Z</time>
      </trkpt>
      <trkpt lat="41.68173554357298" lon="123.4548004345255">
        <time>2017-09-01T21:54:09.254000Z</time>
      </trkpt>
      <trkpt lat="41.68172812558867" lon="123.454928510006">
        <ele>50.3167775292617</ele>
        <time>2017-09-01T21:54:12.243000Z</time>
      </trkpt>
      <trkpt lat="41.681706542188" lon="123.4550585133242">
        <time>2017-09-01T21:54:15.240000Z</time>
      </trkpt>
      <trkpt lat="41.68168013919301" lon="123.4551899415659">
        <time>2017-09-01T21:54:18.280000Z</time>
      </trkpt>
      <trkpt lat="41.68168336622573" lon="123.4553256445783">
        <ele>50.71241549705243</ele>
        <time>2017-09-01T21:54:21.262000Z</time>
      </trkpt>
      <trkpt lat="41.68169514279969" lon="123.4554659576374">
        <time>2017-09-01T21:54:24.299000Z</time>
      </trkpt>
      <trkpt lat="41.681706542188" lon="123.4556096234577">
        <time>2017-09-01T21:54:27.290000Z</time>
      </trkpt>
      <trkpt lat="41.68170847002573" lon="123.4557585698771">
        <ele>51.1315093153232</ele>
        <time>2017-09-01T21:54:30.221000Z</time>
      </trkpt>
      <trkpt lat="41.68168634180136" lon="123.455895781632">
        <time>2017-09-01T21:54:33.241000Z</time>
      </trkpt>
      <trkpt lat="41.68168240230687" lon="123.4560330772059">
        <time>2017-09-01T21:54:36.250000Z</time>
      </trkpt>
      <trkpt lat="41.68168877255328" lon="123.4561645054477">
        <time>2017-09-01T21:54:39.280000Z</time>
      </trkpt>
      <trkpt lat="41.68169803455628" lon="123.4563021362978">
        <ele>52.69787843587508</ele>
        <time>2017-09-01T21:54:42.340000Z</time>
      </trkpt>
      <trkpt lat="41.68171186469652" lon="123.4564229195225">
        <time>2017-09-01T21:54:45.371000Z</time>
      </trkpt>
      <trkpt lat="41.68173550166346" lon="123.4565479775178">
        <time>2017-09-01T21:54:48.230000Z</time>
      </trkpt>
      <trkpt lat="41.68175063099869" lon="123.4566820879685">
        <ele>53.07827178167433</ele>
        <time>2017-09-01T21:54:51.262000Z</time>
      </trkpt>
      <trkpt lat="41.68175670787848" lon="123.456804966669">
        <time>2017-09-01T21:54:54.320000Z</time>
      </trkpt>
      <trkpt lat="41.68175838425912" lon="123.456955421831">
        <time>2017-09-01T21:54:58.277000Z</time>
      </trkpt>
      <trkpt lat="41.68172896377899" lon="123.4570998420226">
        <ele>53.1091868600525</ele>
        <time>2017-09-01T21:55:02.254000Z</time>
      </trkpt>
      <trkpt lat="41.68168428823508" lon="123.4572450165855">
        <time>2017-09-01T21:55:06.243000Z</time>
      </trkpt>
      <trkpt lat="41.6816602740825" lon="123.4573795461314">
        <time>2017-09-01T21:55:09.384000Z</time>
      </trkpt>
      <trkpt lat="41.68166957799502" lon="123.4575201106476">
        <ele>53.14280166741577</ele>
        <time>2017-09-01T21:55:12.245000Z</time>
      </trkpt>
      <trkpt lat="41.68170004621305" lon="123.4576792829888">
        <time>2017-09-01T21:55:15.359000Z</time>
      </trkpt>
      <trkpt lat="41.6817041533456" lon="123.457816997658">
        <time>2017-09-01T21:55:18.329000Z</time>
      </trkpt>
      <trkpt lat="41.68169204149552" lon="123.4579769243705">
        <ele>53.17628921482688</ele>
        <time>2017-09-01T21:55:22.383000Z</time>
      </trkpt>
      <trkpt lat="41.68169640008517" lon="123.4581308999317">
        <time>2017-09-01T21:55:26.325000Z</time>
      </trkpt>
      <trkpt lat="41.68168676089652" lon="123.4582541977274">
        <ele>53.20007773588411</ele>
        <time>2017-09-01T21:55:30.234000Z</time>
      </trkpt>
      <trkpt lat="41.68167188301839" lon="123.4583855421501">
        <time>2017-09-01T21:55:33.255000Z</time>
      </trkpt>
      <trkpt lat="41.68165792714961" lon="123.4585145396399">
        <time>2017-09-01T21:55:36.233000Z</time>
      </trkpt>
      <trkpt lat="41.68165960353024" lon="123.4586500750142">
        <time>2017-09-01T21:55:39.235000Z</time>
      </trkpt>
      <trkpt lat="41.68166677005745" lon="123.4587999434429">
        <ele>53.23955559104331</ele>
        <time>2017-09-01T21:55:42.263000Z</time>
      </trkpt>
      <trkpt lat="41.68168206703074" lon="123.4589313716846">
        <time>2017-09-01T21:55:45.242000Z</time>
      </trkpt>
      <trkpt lat="41.68168504260637" lon="123.4590569325941">
        <time>2017-09-01T21:55:48.412000Z</time>
      </trkpt>
      <trkpt lat="41.68168680280603" lon="123.4592057951944">
        <ele>53.27043430943515</ele>
        <time>2017-09-01T21:55:52.226000Z</time>
      </trkpt>
      <trkpt lat="41.6816893592865" lon="123.4593624529647">
        <time>2017-09-01T21:55:56.441000Z</time>
      </trkpt>
      <trkpt lat="41.68168303094961" lon="123.4594933782923">
        <time>2017-09-01T21:55:59.280000Z</time>
      </trkpt>
      <trkpt lat="41.68166412975796" lon="123.4596443363684">
        <ele>53.3034219070342</ele>
        <time>2017-09-01T21:56:03.276000Z</time>
      </trkpt>
      <trkpt lat="41.68166869789518" lon="123.4598033410715">
        <time>2017-09-01T21:56:07.276000Z</time>
      </trkpt>
      <trkpt lat="41.68168177366413" lon="123.4599591606515">
        <ele>53.32700135817004</ele>
        <time>2017-09-01T21:56:11.296000Z</time>
      </trkpt>
      <trkpt lat="41.68170172259368" lon="123.4600903374361">
        <time>2017-09-01T21:56:14.332000Z</time>
      </trkpt>
      <trkpt lat="41.68170411143608" lon="123.4602347576278">
        <time>2017-09-01T21:56:17.234000Z</time>
      </trkpt>
      <trkpt lat="41.68170168068416" lon="123.4603737295824">
        <ele>53.35986169581693</ele>
        <time>2017-09-01T21:56:20.442000Z</time>
      </trkpt>
      <trkpt lat="41.68170440480269" lon="123.4604960215496">
        <time>2017-09-01T21:56:23.217000Z</time>
      </trkpt>
      <trkpt lat="41.68170784138299" lon="123.4606173076885">
        <time>2017-09-01T21:56:26.343000Z</time>
      </trkpt>
      <trkpt lat="41.68171375062473" lon="123.4607402702081">
        <time>2017-09-01T21:56:29.390000Z</time>
      </trkpt>
      <trkpt lat="41.68172523383208" lon="123.4608942457693">
        <ele>53.39808513144769</ele>
        <time>2017-09-01T21:56:33.241000Z</time>
      </trkpt>
      <trkpt lat="41.68176404204376" lon="123.4610094131189">
        <time>2017-09-01T21:56:36.237000Z</time>
      </trkpt>
      <trkpt lat="41.68178156022139" lon="123.4611342196571">
        <time>2017-09-01T21:56:39.229000Z</time>
      </trkpt>
      <trkpt lat="41.68175959963508" lon="123.4612675757366">
        <ele>53.42890930986003</ele>
        <time>2017-09-01T21:56:42.251000Z</time>
      </trkpt>
      <trkpt lat="41.68172561101772" lon="123.4613870178568">
        <time>2017-09-01T21:56:45.417000Z</time>
      </trkpt>
      <trkpt lat="41.68170444671221" lon="123.4615204577553">
        <time>2017-09-01T21:56:49.246000Z</time>
      </trkpt>
      <trkpt lat="41.68170331515528" lon="123.4616453481125">
        <ele>53.4591880884774</ele>
        <time>2017-09-01T21:56:52.431000Z</time>
      </trkpt>
      <trkpt lat="41.68170939203508" lon="123.4618050233679">
        <time>2017-09-01T21:56:56.255000Z</time>
      </trkpt>
      <trkpt lat="41.68170763183542" lon="123.4619315901058">
        <time>2017-09-01T21:56:59.331000Z</time>
      </trkpt>
      <trkpt lat="41.68170670982607" lon="123.4620549717205">
        <ele>53.49026678679407</ele>
        <time>2017-09-01T21:57:02.246000Z</time>
      </trkpt>
      <trkpt lat="41.6817073384688" lon="123.4621818737345">
        <time>2017-09-01T21:57:05.238000Z</time>
      </trkpt>
      <trkpt lat="41.6817102302254" lon="123.4623121285098">
        <time>2017-09-01T21:57:08.295000Z</time>
      </trkpt>
      <trkpt lat="41.68170872148283" lon="123.4624514357405">
        <ele>53.51901844598552</ele>
        <time>2017-09-01T21:57:11.445000Z</time>
      </trkpt>
      <trkpt lat="41.68170297987916" lon="123.462574314441">
        <time>2017-09-01T21:57:14.265000Z</time>
      </trkpt>
      <trkpt lat="41.68169007174827" lon="123.4627268650787">
        <time>2017-09-01T21:57:18.375000Z</time>
      </trkpt>
      <trkpt lat="41.68168797627248" lon="123.4628551081973">
        <ele>53.55044256417233</ele>
        <time>2017-09-01T21:57:21.388000Z</time>
      </trkpt>
      <trkpt lat="41.68169593908049" lon="123.4630002827602">
        <time>2017-09-01T21:57:24.389000Z</time>
      </trkpt>
      <trkpt lat="41.68170201596029" lon="123.4631403443622">
        <time>2017-09-01T21:57:27.254000Z</time>
      </trkpt>
      <trkpt lat="41.68169233486213" lon="123.4632990976083">
        <ele>53.5817303324104</ele>
        <time>2017-09-01T21:57:31.414000Z</time>
      </trkpt>
      <trkpt lat="41.68168726381071" lon="123.463422479223">
        <time>2017-09-01T21:57:34.271000Z</time>
      </trkpt>
      <trkpt lat="41.68169271204777" lon="123.4635529016363">
        <time>2017-09-01T21:57:37.286000Z</time>
      </trkpt>
      <trkpt lat="41.68168982029118" lon="123.4636800551074">
        <ele>54.40508367574263</ele>
        <time>2017-09-01T21:57:40.310000Z</time>
      </trkpt>
      <trkpt lat="41.68167779226012" lon="123.4638007545131">
        <time>2017-09-01T21:57:43.264000Z</time>
      </trkpt>
      <trkpt lat="41.68167418804176" lon="123.4639303387361">
        <time>2017-09-01T21:57:46.365000Z</time>
      </trkpt>
      <trkpt lat="41.68164983861305" lon="123.4640880023348">
        <ele>54.43594417547201</ele>
        <time>2017-09-01T21:57:50.259000Z</time>
      </trkpt>
      <trkpt lat="41.68166119609185" lon="123.4642118030446">
        <time>2017-09-01T21:57:53.243000Z</time>
      </trkpt>
      <trkpt lat="41.6816626629249" lon="123.4643511940944">
        <time>2017-09-01T21:57:57.336000Z</time>
      </trkpt>
      <trkpt lat="41.68166320774861" lon="123.4644911718773">
        <ele>54.47058010970912</ele>
        <time>2017-09-01T21:58:00.317000Z</time>
      </trkpt>
      <trkpt lat="41.68165646031655" lon="123.4646299761938">
        <time>2017-09-01T21:58:03.448000Z</time>
      </trkpt>
      <trkpt lat="41.68165361046947" lon="123.4647721332716">
        <time>2017-09-01T21:58:06.266000Z</time>
      </trkpt>
      <trkpt lat="41.68165608313091" lon="123.4649023042279">
        <time>2017-09-01T21:58:09.239000Z</time>
      </trkpt>
      <trkpt lat="41.68165088635094" lon="123.4650439583915">
        <ele>54.48612008200202</ele>
        <time>2017-09-01T21:58:13.377000Z</time>
      </trkpt>
      <trkpt lat="41.68164317500003" lon="123.4651953355628">
        <time>2017-09-01T21:58:17.267000Z</time>
      </trkpt>
      <trkpt lat="41.68163877450086" lon="123.4653456230866">
        <ele>54.49439359987126</ele>
        <time>2017-09-01T21:58:21.254000Z</time>
      </trkpt>
      <trkpt lat="41.68163202706881" lon="123.4654950724202">
        <time>2017-09-01T21:58:25.242000Z</time>
      </trkpt>
      <trkpt lat="41.68164359409518" lon="123.465661117922">
        <time>2017-09-01T21:58:29.267000Z</time>
      </trkpt>
      <trkpt lat="41.6816660995052" lon="123.4658008442479">
        <ele>54.50754984959774</ele>
        <time>2017-09-01T21:58:32.268000Z</time>
      </trkpt>
      <trkpt lat="41.68166802734293" lon="123.465930679928">
        <time>2017-09-01T21:58:35.241000Z</time>
      </trkpt>
      <trkpt lat="41.68166752442874" lon="123.4660925344782">
        <time>2017-09-01T21:58:39.240000Z</time>
      </trkpt>
      <trkpt lat="41.68167523577966" lon="123.4662242979961">
        <ele>54.51979736867301</ele>
        <time>2017-09-01T21:58:42.314000Z</time>
      </trkpt>
      <trkpt lat="41.68168164793558" lon="123.4663601686465">
        <time>2017-09-01T21:58:45.369000Z</time>
      </trkpt>
      <trkpt lat="41.68167967818834" lon="123.4664805327761">
        <time>2017-09-01T21:58:48.257000Z</time>
      </trkpt>
      <trkpt lat="41.6816703323663" lon="123.4666419682311">
        <ele>54.53074621670569</ele>
        <time>2017-09-01T21:58:52.263000Z</time>
      </trkpt>
      <trkpt lat="41.68166392021038" lon="123.4667939321356">
        <time>2017-09-01T21:58:56.268000Z</time>
      </trkpt>
      <trkpt lat="41.68166471649118" lon="123.466950757544">
        <ele>54.34285195801436</ele>
        <time>2017-09-01T21:59:00.265000Z</time>
      </trkpt>
      <trkpt lat="41.6816663509623" lon="123.4671049845623">
        <time>2017-09-01T21:59:04.286000Z</time>
      </trkpt>
      <trkpt lat="41.6816740204037" lon="123.4672473930972">
        <time>2017-09-01T21:59:07.245000Z</time>
      </trkpt>
      <trkpt lat="41.68168160602607" lon="123.4673829284715">
        <ele>52.50620533236312</ele>
        <time>2017-09-01T21:59:10.270000Z</time>
      </trkpt>
      <trkpt lat="41.68168650943942" lon="123.4675102495807">
        <time>2017-09-01T21:59:13.275000Z</time>
      </trkpt>
      <trkpt lat="41.68168638371088" lon="123.4676408396321">
        <time>2017-09-01T21:59:16.254000Z</time>
      </trkpt>
      <trkpt lat="41.68168655134894" lon="123.4677622934091">
        <time>2017-09-01T21:59:19.347000Z</time>
      </trkpt>
      <trkpt lat="41.68168705426313" lon="123.4678845015573">
        <ele>50.4212316178778</ele>
        <time>2017-09-01T21:59:22.241000Z</time>
      </trkpt>
      <trkpt lat="41.68169208340503" lon="123.4680406564134">
        <time>2017-09-01T21:59:26.347000Z</time>
      </trkpt>
      <trkpt lat="41.68169287968583" lon="123.4681632836568">
        <time>2017-09-01T21:59:29.282000Z</time>
      </trkpt>
      <trkpt lat="41.68169237677164" lon="123.4682836477863">
        <ele>48.56100422692361</ele>
        <time>2017-09-01T21:59:32.326000Z</time>
      </trkpt>
      <trkpt lat="41.68170168068416" lon="123.4684139863806">
        <time>2017-09-01T21:59:35.235000Z</time>
      </trkpt>
      <trkpt lat="41.68171681001939" lon="123.4685448278891">
        <time>2017-09-01T21:59:38.271000Z</time>
      </trkpt>
      <trkpt lat="41.68173998598166" lon="123.4686874040621">
        <ele>48.15971213089041</ele>
        <time>2017-09-01T21:59:41.231000Z</time>
      </trkpt>
      <trkpt lat="41.6817498766274" lon="123.4688173235613">
        <time>2017-09-01T21:59:44.239000Z</time>
      </trkpt>
      <trkpt lat="41.6817593900875" lon="123.4689473268794">
        <time>2017-09-01T21:59:47.242000Z</time>
      </trkpt>
      <trkpt lat="41.68176768817164" lon="123.4690821078824">
        <time>2017-09-01T21:59:50.226000Z</time>
      </trkpt>
      <trkpt lat="41.68178432624943" lon="123.4692207445609">
        <ele>48.74532195809967</ele>
        <time>2017-09-01T21:59:53.395000Z</time>
      </trkpt>
      <trkpt lat="41.68179979086079" lon="123.4693518375265">
        <time>2017-09-01T21:59:56.314000Z</time>
      </trkpt>
      <trkpt lat="41.68180783748783" lon="123.4695121833342">
        <ele>49.33266231080304</ele>
        <time>2017-09-01T22:00:00.272000Z</time>
      </trkpt>
      <trkpt lat="41.68181839868583" lon="123.4696322121876">
        <time>2017-09-01T22:00:03.375000Z</time>
      </trkpt>
      <trkpt lat="41.68183155827381" lon="123.4697885346817">
        <time>2017-09-01T22:00:07.232000Z</time>
      </trkpt>
      <trkpt lat="41.68184522077598" lon="123.4699465335565">
        <ele>49.9637849585076</ele>
        <time>2017-09-01T22:00:11.364000Z</time>
      </trkpt>
      <trkpt lat="41.68186018247314" lon="123.4700694960761">
        <time>2017-09-01T22:00:14.204000Z</time>
      </trkpt>
      <trkpt lat="41.68187887411721" lon="123.4701925424146">
        <time>2017-09-01T22:00:17.309000Z</time>
      </trkpt>
      <trkpt lat="41.68190121188916" lon="123.4703140800106">
        <ele>50.55216362650745</ele>
        <time>2017-09-01T22:00:20.348000Z</time>
      </trkpt>
      <trkpt lat="41.68192623187013" lon="123.4704357014256">
        <time>2017-09-01T22:00:23.237000Z</time>
      </trkpt>
      <trkpt lat="41.68195108421303" lon="123.4705588315832">
        <time>2017-09-01T22:00:26.406000Z</time>
      </trkpt>
      <trkpt lat="41.68198071424074" lon="123.470685063045">
        <time>2017-09-01T22:00:29.277000Z</time>
      </trkpt>
      <trkpt lat="41.68201009281136" lon="123.4708057624506">
        <ele>51.28729085640843</ele>
        <time>2017-09-01T22:00:32.483000Z</time>
      </trkpt>
      <trkpt lat="41.68204739228047" lon="123.4709571396219">
        <time>2017-09-01T22:00:36.243000Z</time>
      </trkpt>
      <trkpt lat="41.682080500798" lon="123.4710779228466">
        <time>2017-09-01T22:00:39.238000Z</time>
      </trkpt>
      <trkpt lat="41.68211201675393" lon="123.4711935931104">
        <ele>51.88414909932946</ele>
        <time>2017-09-01T22:00:42.280000Z</time>
      </trkpt>
      <trkpt lat="41.68214478999533" lon="123.4713064973461">
        <time>2017-09-01T22:00:45.314000Z</time>
      </trkpt>
      <trkpt lat="41.68218560986377" lon="123.4714546055751">
        <time>2017-09-01T22:00:49.410000Z</time>
      </trkpt>
      <trkpt lat="41.68221892792888" lon="123.4715851956266">
        <ele>52.46249071946342</ele>
        <time>2017-09-01T22:00:53.290000Z</time>
      </trkpt>
      <trkpt lat="41.68225287463672" lon="123.4717373271691">
        <time>2017-09-01T22:00:57.385000Z</time>
      </trkpt>
      <trkpt lat="41.68228816244908" lon="123.4718525783377">
        <ele>52.88941135886214</ele>
        <time>2017-09-01T22:01:00.360000Z</time>
      </trkpt>
      <trkpt lat="41.68232508473255" lon="123.4719688353347">
        <time>2017-09-01T22:01:03.214000Z</time>
      </trkpt>
      <trkpt lat="41.68237256821401" lon="123.4721119144219">
        <time>2017-09-01T22:01:07.396000Z</time>
      </trkpt>
      <trkpt lat="41.68241791431017" lon="123.4722570051658">
        <ele>53.3249177898245</ele>
        <time>2017-09-01T22:01:11.235000Z</time>
      </trkpt>
      <trkpt lat="41.68246401477762" lon="123.4723944683778">
        <time>2017-09-01T22:01:15.393000Z</time>
      </trkpt>
      <trkpt lat="41.68250646911718" lon="123.4725355358082">
        <time>2017-09-01T22:01:19.223000Z</time>
      </trkpt>
      <trkpt lat="41.6825530305893" lon="123.4726790339905">
        <ele>55.03477196821757</ele>
        <time>2017-09-01T22:01:23.399000Z</time>
      </trkpt>
      <trkpt lat="41.6826056270317" lon="123.4728239570963">
        <time>2017-09-01T22:01:27.231000Z</time>
      </trkpt>
      <trkpt lat="41.6826510988564" lon="123.472936861332">
        <ele>56.85092178307892</ele>
        <time>2017-09-01T22:01:30.442000Z</time>
      </trkpt>
      <trkpt lat="41.6826960258574" lon="123.4730469157207">
        <time>2017-09-01T22:01:33.287000Z</time>
      </trkpt>
      <trkpt lat="41.68275604028411" lon="123.4731869773227">
        <time>2017-09-01T22:01:37.253000Z</time>
      </trkpt>
      <trkpt lat="41.68278554458328" lon="123.4733262007343">
        <ele>56.88585829628362</ele>
        <time>2017-09-01T22:01:41.291000Z</time>
      </trkpt>
      <trkpt lat="41.68282665781833" lon="123.473441619541">
        <time>2017-09-01T22:01:44.276000Z</time>
      </trkpt>
      <trkpt lat="41.68289048601098" lon="123.4735649173367">
        <time>2017-09-01T22:01:48.241000Z</time>
      </trkpt>
      <trkpt lat="41.68295515239395" lon="123.4736707807737">
        <ele>56.89015329727216</ele>
        <time>2017-09-01T22:01:51.228000Z</time>
      </trkpt>
      <trkpt lat="41.68301587928243" lon="123.4737755545634">
        <time>2017-09-01T22:01:54.487000Z</time>
      </trkpt>
      <trkpt lat="41.68307337913819" lon="123.4738758859443">
        <time>2017-09-01T22:01:57.345000Z</time>
      </trkpt>
      <trkpt lat="41.68314600832917" lon="123.4740037099677">
        <ele>56.89417565800439</ele>
        <time>2017-09-01T22:02:01.330000Z</time>
      </trkpt>
      <trkpt lat="41.68321297973551" lon="123.474134132381">
        <time>2017-09-01T22:02:05.273000Z</time>
      </trkpt>
      <trkpt lat="41.68326679155387" lon="123.4742306080865">
        <time>2017-09-01T22:02:08.310000Z</time>
      </trkpt>
      <trkpt lat="41.68332286648609" lon="123.474334962781">
        <ele>57.00813358644401</ele>
        <time>2017-09-01T22:02:11.273000Z</time>
      </trkpt>
      <trkpt lat="41.6833741637335" lon="123.4744395689326">
        <time>2017-09-01T22:02:14.271000Z</time>
      </trkpt>
      <trkpt lat="41.6834275564567" lon="123.4745443427223">
        <time>2017-09-01T22:02:17.238000Z</time>
      </trkpt>
      <trkpt lat="41.6834804043562" lon="123.4746444226461">
        <ele>57.03978089546774</ele>
        <time>2017-09-01T22:02:20.376000Z</time>
      </trkpt>
      <trkpt lat="41.68353128250845" lon="123.4747449216651">
        <time>2017-09-01T22:02:23.218000Z</time>
      </trkpt>
      <trkpt lat="41.68358316648908" lon="123.4748472647029">
        <time>2017-09-01T22:02:26.437000Z</time>
      </trkpt>
      <trkpt lat="41.68364041488774" lon="123.4749810398775">
        <ele>57.0703672890087</ele>
        <time>2017-09-01T22:02:30.254000Z</time>
      </trkpt>
      <trkpt lat="41.68367913928039" lon="123.4750929382848">
        <time>2017-09-01T22:02:34.361000Z</time>
      </trkpt>
      <trkpt lat="41.68374330274917" lon="123.4752145596999">
        <time>2017-09-01T22:02:38.291000Z</time>
      </trkpt>
      <trkpt lat="41.68379979677655" lon="123.4753192496705">
        <ele>57.10582788858842</ele>
        <time>2017-09-01T22:02:41.335000Z</time>
      </trkpt>
      <trkpt lat="41.68386622335918" lon="123.4754544497686">
        <time>2017-09-01T22:02:45.332000Z</time>
      </trkpt>
      <trkpt lat="41.68391513176419" lon="123.4755660967189">
        <time>2017-09-01T22:02:48.252000Z</time>
      </trkpt>
      <trkpt lat="41.68396764438756" lon="123.4756758158314">
        <ele>57.39277173187357</ele>
        <time>2017-09-01T22:02:51.439000Z</time>
      </trkpt>
      <trkpt lat="41.68403658554114" lon="123.4758084175396">
        <time>2017-09-01T22:02:55.258000Z</time>
      </trkpt>
      <trkpt lat="41.68410950809874" lon="123.4759343137252">
        <time>2017-09-01T22:02:59.435000Z</time>
      </trkpt>
      <trkpt lat="41.68417836543329" lon="123.4760628921198">
        <ele>57.39739797333365</ele>
        <time>2017-09-01T22:03:03.265000Z</time>
      </trkpt>
      <trkpt lat="41.68424319945432" lon="123.4761887883055">
        <time>2017-09-01T22:03:07.345000Z</time>
      </trkpt>
      <trkpt lat="41.68430753056116" lon="123.4763242398607">
        <ele>57.40058822944452</ele>
        <time>2017-09-01T22:03:11.254000Z</time>
      </trkpt>
      <trkpt lat="41.68435740288503" lon="123.4764378146487">
        <time>2017-09-01T22:03:14.403000Z</time>
      </trkpt>
      <trkpt lat="41.68442244645365" lon="123.4765636270153">
        <time>2017-09-01T22:03:18.274000Z</time>
      </trkpt>
      <trkpt lat="41.68448669374146" lon="123.4766963125425">
        <ele>57.40515402134953</ele>
        <time>2017-09-01T22:03:22.256000Z</time>
      </trkpt>
      <trkpt lat="41.68455131821491" lon="123.4768325184691">
        <time>2017-09-01T22:03:26.255000Z</time>
      </trkpt>
      <trkpt lat="41.68459947224863" lon="123.4769377113539">
        <time>2017-09-01T22:03:29.382000Z</time>
      </trkpt>
      <trkpt lat="41.68465747501858" lon="123.4770346899736">
        <ele>57.40969390630236</ele>
        <time>2017-09-01T22:03:32.193000Z</time>
      </trkpt>
      <trkpt lat="41.68471208311774" lon="123.4771411401438">
        <time>2017-09-01T22:03:35.266000Z</time>
      </trkpt>
      <trkpt lat="41.68476958297349" lon="123.4772476741331">
        <time>2017-09-01T22:03:38.258000Z</time>
      </trkpt>
      <trkpt lat="41.68482578363426" lon="123.4773514420944">
        <ele>57.41363793135513</ele>
        <time>2017-09-01T22:03:41.329000Z</time>
      </trkpt>
      <trkpt lat="41.68487775143392" lon="123.4774511029231">
        <time>2017-09-01T22:03:44.268000Z</time>
      </trkpt>
      <trkpt lat="41.68492649220087" lon="123.4775533621418">
        <time>2017-09-01T22:03:47.302000Z</time>
      </trkpt>
      <trkpt lat="41.68497749608167" lon="123.4776579682934">
        <ele>57.41744131866751</ele>
        <time>2017-09-01T22:03:50.291000Z</time>
      </trkpt>
      <trkpt lat="41.68503005061456" lon="123.4777629097211">
        <time>2017-09-01T22:03:53.239000Z</time>
      </trkpt>
      <trkpt lat="41.68508977167465" lon="123.4778967687147">
        <time>2017-09-01T22:03:57.265000Z</time>
      </trkpt>
      <trkpt lat="41.68515020519652" lon="123.4780324717271">
        <ele>57.4216160389611</ele>
        <time>2017-09-01T22:04:01.241000Z</time>
      </trkpt>
      <trkpt lat="41.68521260846563" lon="123.4781550151515">
        <time>2017-09-01T22:04:05.365000Z</time>
      </trkpt>
      <trkpt lat="41.68527442500152" lon="123.4782822524416">
        <time>2017-09-01T22:04:09.241000Z</time>
      </trkpt>
      <trkpt lat="41.68532672807731" lon="123.4783925582873">
        <ele>57.42631259929138</ele>
        <time>2017-09-01T22:04:12.431000Z</time>
      </trkpt>
      <trkpt lat="41.68538141999551" lon="123.4784989246386">
        <time>2017-09-01T22:04:15.253000Z</time>
      </trkpt>
      <trkpt lat="41.68543627955177" lon="123.4786024411428">
        <time>2017-09-01T22:04:18.260000Z</time>
      </trkpt>
      <trkpt lat="41.68549608443089" lon="123.4786943068015">
        <ele>57.43027759663876</ele>
        <time>2017-09-01T22:04:21.356000Z</time>
      </trkpt>
      <trkpt lat="41.68559507470735" lon="123.4787817300516">
        <time>2017-09-01T22:04:25.265000Z</time>
      </trkpt>
      <trkpt lat="41.685689287299" lon="123.4787989967721">
        <time>2017-09-01T22:04:28.396000Z</time>
      </trkpt>
      <trkpt lat="41.6857749084399" lon="123.4787567519801">
        <ele>57.43446095258307</ele>
        <time>2017-09-01T22:04:31.259000Z</time>
      </trkpt>
      <trkpt lat="41.68587549127795" lon="123.4786757827955">
        <time>2017-09-01T22:04:35.443000Z</time>
      </trkpt>
      <trkpt lat="41.68595843020984" lon="123.4786192887681">
        <time>2017-09-01T22:04:38.247000Z</time>
      </trkpt>
      <trkpt lat="41.68606877796509" lon="123.4785490484196">
        <ele>57.43860113027375</ele>
        <time>2017-09-01T22:04:42.405000Z</time>
      </trkpt>
      <trkpt lat="41.68615473438211" lon="123.4784810711848">
        <time>2017-09-01T22:04:45.378000Z</time>
      </trkpt>
      <trkpt lat="41.68623930778512" lon="123.4784165305304">
        <time>2017-09-01T22:04:48.264000Z</time>
      </trkpt>
      <trkpt lat="41.68632400691666" lon="123.4783464578199">
        <ele>57.44298557351352</ele>
        <time>2017-09-01T22:04:51.370000Z</time>
      </trkpt>
      <trkpt lat="41.68640413791098" lon="123.47828065988">
        <time>2017-09-01T22:04:54.330000Z</time>
      </trkpt>
      <trkpt lat="41.6864948301033" lon="123.4782069829511">
        <time>2017-09-01T22:04:57.286000Z</time>
      </trkpt>
      <trkpt lat="41.68657747566857" lon="123.4781441186773">
        <ele>57.44709861058764</ele>
        <time>2017-09-01T22:05:00.433000Z</time>
      </trkpt>
      <trkpt lat="41.68665861249127" lon="123.4780924023348">
        <time>2017-09-01T22:05:03.232000Z</time>
      </trkpt>
      <trkpt lat="41.68675768658676" lon="123.478021659072">
        <time>2017-09-01T22:05:07.276000Z</time>
      </trkpt>
      <trkpt lat="41.68683450672933" lon="123.4779574536937">
        <ele>58.92186543246217</ele>
        <time>2017-09-01T22:05:10.274000Z</time>
      </trkpt>
      <trkpt lat="41.68692683339276" lon="123.4778927454012">
        <time>2017-09-01T22:05:14.258000Z</time>
      </trkpt>
      <trkpt lat="41.68700499463984" lon="123.4778251034426">
        <time>2017-09-01T22:05:17.284000Z</time>
      </trkpt>
      <trkpt lat="41.68710356582113" lon="123.477744134258">
        <ele>59.52175209728978</ele>
        <time>2017-09-01T22:05:21.224000Z</time>
      </trkpt>
      <trkpt lat="41.68720636986353" lon="123.4776722175288">
        <time>2017-09-01T22:05:25.241000Z</time>
      </trkpt>
      <trkpt lat="41.68729312256136" lon="123.477606754865">
        <time>2017-09-01T22:05:28.218000Z</time>
      </trkpt>
      <trkpt lat="41.68739592660376" lon="123.4775223491001">
        <ele>59.54569573558938</ele>
        <time>2017-09-01T22:05:32.289000Z</time>
      </trkpt>
      <trkpt lat="41.68747169900843" lon="123.4774566349792">
        <time>2017-09-01T22:05:35.253000Z</time>
      </trkpt>
      <trkpt lat="41.6875474714131" lon="123.4773887415635">
        <time>2017-09-01T22:05:38.265000Z</time>
      </trkpt>
      <trkpt lat="41.68762873396435" lon="123.4773207643288">
        <ele>59.69177612173484</ele>
        <time>2017-09-01T22:05:41.384000Z</time>
      </trkpt>
      <trkpt lat="41.68770303953596" lon="123.4772443213719">
        <time>2017-09-01T22:05:44.371000Z</time>
      </trkpt>
      <trkpt lat="41.68778300289222" lon="123.4771708120811">
        <time>2017-09-01T22:05:47.273000Z</time>
      </trkpt>
      <trkpt lat="41.6878677858428" lon="123.4771132284063">
        <ele>56.97087968358853</ele>
        <time>2017-09-01T22:05:50.386000Z</time>
      </trkpt>
      <trkpt lat="41.68794984467485" lon="123.4770493583041">
        <time>2017-09-01T22:05:53.297000Z</time>
      </trkpt>
      <trkpt lat="41.68805503755965" lon="123.476980291422">
        <time>2017-09-01T22:05:57.351000Z</time>
      </trkpt>
      <trkpt lat="41.68815486602642" lon="123.4769193549859">
        <ele>54.05368268685575</ele>
        <time>2017-09-01T22:06:01.305000Z</time>
      </trkpt>
      <trkpt lat="41.68823872696765" lon="123.4768462647903">
        <time>2017-09-01T22:06:04.230000Z</time>
      </trkpt>
      <trkpt lat="41.68831801977166" lon="123.4767739289659">
        <time>2017-09-01T22:06:07.386000Z</time>
      </trkpt>
      <trkpt lat="41.68841386683442" lon="123.4766808898407">
        <ele>53.50809803050143</ele>
        <time>2017-09-01T22:06:11.226000Z</time>
      </trkpt>
      <trkpt lat="41.68849236335762" lon="123.4766202886807">
        <time>2017-09-01T22:06:14.417000Z</time>
      </trkpt>
      <trkpt lat="41.68860229201772" lon="123.4765639622914">
        <time>2017-09-01T22:06:18.235000Z</time>
      </trkpt>
      <trkpt lat="41.68868854180135" lon="123.4765109048444">
        <ele>53.45922222697225</ele>
        <time>2017-09-01T22:06:21.334000Z</time>
      </trkpt>
      <trkpt lat="41.68877487540402" lon="123.4764443525332">
        <time>2017-09-01T22:06:24.360000Z</time>
      </trkpt>
      <trkpt lat="41.68885156981804" lon="123.4763736930894">
        <time>2017-09-01T22:06:27.249000Z</time>
      </trkpt>
      <trkpt lat="41.68892713267513" lon="123.47629054461">
        <ele>53.06844183277191</ele>
        <time>2017-09-01T22:06:30.459000Z</time>
      </trkpt>
      <trkpt lat="41.68902318928548" lon="123.4762301949071">
        <time>2017-09-01T22:06:34.264000Z</time>
      </trkpt>
      <trkpt lat="41.68911731805809" lon="123.4761678335475">
        <time>2017-09-01T22:06:38.409000Z</time>
      </trkpt>
      <trkpt lat="41.68921157255926" lon="123.4760881216484">
        <ele>52.64908856026025</ele>
        <time>2017-09-01T22:06:42.250000Z</time>
      </trkpt>
      <trkpt lat="41.68930389922269" lon="123.4760138579863">
        <time>2017-09-01T22:06:46.452000Z</time>
      </trkpt>
      <trkpt lat="41.689401171209" lon="123.4759306256878">
        <ele>52.60096865764172</ele>
        <time>2017-09-01T22:06:50.290000Z</time>
      </trkpt>
      <trkpt lat="41.6895029275135" lon="123.4758562782067">
        <time>2017-09-01T22:06:54.276000Z</time>
      </trkpt>
      <trkpt lat="41.68959709819563" lon="123.475783188011">
        <time>2017-09-01T22:06:58.264000Z</time>
      </trkpt>
      <trkpt lat="41.68968121059396" lon="123.4757236764985">
        <ele>52.52626241013918</ele>
        <time>2017-09-01T22:07:01.283000Z</time>
      </trkpt>
      <trkpt lat="41.689780410418" lon="123.4756515921312">
        <time>2017-09-01T22:07:05.250000Z</time>
      </trkpt>
      <trkpt lat="41.68988669295021" lon="123.4755698685753">
        <time>2017-09-01T22:07:09.289000Z</time>
      </trkpt>
      <trkpt lat="41.68996577620663" lon="123.4754952696371">
        <ele>52.45364833231572</ele>
        <time>2017-09-01T22:07:12.388000Z</time>
      </trkpt>
      <trkpt lat="41.69005039151915" lon="123.4754179884898">
        <time>2017-09-01T22:07:15.364000Z</time>
      </trkpt>
      <trkpt lat="41.69015336319961" lon="123.4753458203035">
        <time>2017-09-01T22:07:19.440000Z</time>
      </trkpt>
      <trkpt lat="41.69023039288976" lon="123.4752822016584">
        <ele>52.16999030242584</ele>
        <time>2017-09-01T22:07:22.262000Z</time>
      </trkpt>
      <trkpt lat="41.69032913170912" lon="123.475220175575">
        <time>2017-09-01T22:07:26.500000Z</time>
      </trkpt>
      <trkpt lat="41.6904123220981" lon="123.4751642682808">
        <time>2017-09-01T22:07:29.247000Z</time>
      </trkpt>
      <trkpt lat="41.69049299791612" lon="123.4751100373673">
        <ele>52.55858832680744</ele>
        <time>2017-09-01T22:07:32.263000Z</time>
      </trkpt>
      <trkpt lat="41.69057631403365" lon="123.4750449937987">
        <time>2017-09-01T22:07:35.222000Z</time>
      </trkpt>
      <trkpt lat="41.69065196070977" lon="123.4749735799837">
        <time>2017-09-01T22:07:38.263000Z</time>
      </trkpt>
      <trkpt lat="41.69074776586302" lon="123.4748973046648">
        <ele>52.92928960459486</ele>
        <time>2017-09-01T22:07:42.424000Z</time>
      </trkpt>
      <trkpt lat="41.6908285674096" lon="123.4748167545753">
        <time>2017-09-01T22:07:45.318000Z</time>
      </trkpt>
      <trkpt lat="41.69092462401994" lon="123.4747610987383">
        <time>2017-09-01T22:07:49.223000Z</time>
      </trkpt>
      <trkpt lat="41.69101556766935" lon="123.4746928700465">
        <ele>53.34998246120202</ele>
        <time>2017-09-01T22:07:53.338000Z</time>
      </trkpt>
      <trkpt lat="41.69111715633579" lon="123.4746155050802">
        <time>2017-09-01T22:07:57.341000Z</time>
      </trkpt>
      <trkpt lat="41.69120420240023" lon="123.4745408223229">
        <ele>53.64348910534655</ele>
        <time>2017-09-01T22:08:00.377000Z</time>
      </trkpt>
      <trkpt lat="41.69129229620256" lon="123.474445939179">
        <time>2017-09-01T22:08:03.243000Z</time>
      </trkpt>
      <trkpt lat="41.69137385212042" lon="123.4743659758228">
        <time>2017-09-01T22:08:06.250000Z</time>
      </trkpt>
      <trkpt lat="41.69145561758586" lon="123.4743010998922">
        <time>2017-09-01T22:08:09.317000Z</time>
      </trkpt>
      <trkpt lat="41.69153428174712" lon="123.4742378165233">
        <ele>54.19112955112841</ele>
        <time>2017-09-01T22:08:12.253000Z</time>
      </trkpt>
      <trkpt lat="41.69161370027967" lon="123.4741668218034">
        <time>2017-09-01T22:08:15.425000Z</time>
      </trkpt>
      <trkpt lat="41.6916970163972" lon="123.4741203860598">
        <time>2017-09-01T22:08:18.244000Z</time>
      </trkpt>
      <trkpt lat="41.69180329892941" lon="123.4740610421854">
        <ele>54.55944459603661</ele>
        <time>2017-09-01T22:08:22.237000Z</time>
      </trkpt>
      <trkpt lat="41.69187798168667" lon="123.4739820846575">
        <time>2017-09-01T22:08:25.260000Z</time>
      </trkpt>
      <trkpt lat="41.69196230363258" lon="123.4738897160846">
        <time>2017-09-01T22:08:28.274000Z</time>
      </trkpt>
      <trkpt lat="41.69205186426797" lon="123.4737989400732">
        <ele>54.98323955538675</ele>
        <time>2017-09-01T22:08:31.384000Z</time>
      </trkpt>
      <trkpt lat="41.69213895224192" lon="123.4737162106889">
        <time>2017-09-01T22:08:34.287000Z</time>
      </trkpt>
      <trkpt lat="41.69223014734843" lon="123.4736360796946">
        <time>2017-09-01T22:08:38.391000Z</time>
      </trkpt>
      <trkpt lat="41.69233265802421" lon="123.473571036126">
        <ele>55.41896567913302</ele>
        <time>2017-09-01T22:08:42.312000Z</time>
      </trkpt>
      <trkpt lat="41.69242842126795" lon="123.4734986164826">
        <time>2017-09-01T22:08:45.288000Z</time>
      </trkpt>
      <trkpt lat="41.69253197968164" lon="123.4734214191544">
        <time>2017-09-01T22:08:49.343000Z</time>
      </trkpt>
      <trkpt lat="41.69262271378347" lon="123.4733638354796">
        <ele>55.87294648440535</ele>
        <time>2017-09-01T22:08:53.341000Z</time>
      </trkpt>
      <trkpt lat="41.69270406015375" lon="123.4733086825567">
        <time>2017-09-01T22:08:56.355000Z</time>
      </trkpt>
      <trkpt lat="41.69278909456143" lon="123.4732531943577">
        <time>2017-09-01T22:08:59.262000Z</time>
      </trkpt>
      <trkpt lat="41.69287144676009" lon="123.4731770028579">
        <ele>56.25271544713382</ele>
        <time>2017-09-01T22:09:02.265000Z</time>
      </trkpt>
      <trkpt lat="41.69294872790733" lon="123.4730918427217">
        <time>2017-09-01T22:09:05.273000Z</time>
      </trkpt>
      <trkpt lat="41.69303254693904" lon="123.4730041680145">
        <time>2017-09-01T22:09:08.284000Z</time>
      </trkpt>
      <trkpt lat="41.69312801681617" lon="123.4729229473728">
        <ele>56.65968746468544</ele>
        <time>2017-09-01T22:09:11.457000Z</time>
      </trkpt>
      <trkpt lat="41.69320974037209" lon="123.4728408885407">
        <time>2017-09-01T22:09:14.265000Z</time>
      </trkpt>
      <trkpt lat="41.69329980392167" lon="123.4727575724232">
        <time>2017-09-01T22:09:17.274000Z</time>
      </trkpt>
      <trkpt lat="41.6933897417427" lon="123.4727055208045">
        <ele>57.09087974596118</ele>
        <time>2017-09-01T22:09:21.238000Z</time>
      </trkpt>
      <trkpt lat="41.69347242921749" lon="123.4726563190329">
        <time>2017-09-01T22:09:25.259000Z</time>
      </trkpt>
      <trkpt lat="41.69358156159678" lon="123.4725776129621">
        <time>2017-09-01T22:09:29.256000Z</time>
      </trkpt>
      <trkpt lat="41.6936804680542" lon="123.4724920337307">
        <ele>58.62445860595193</ele>
        <time>2017-09-01T22:09:33.274000Z</time>
      </trkpt>
      <trkpt lat="41.69376541864285" lon="123.4724274930763">
        <time>2017-09-01T22:09:36.393000Z</time>
      </trkpt>
      <trkpt lat="41.69385979887256" lon="123.4723515530335">
        <time>2017-09-01T22:09:39.250000Z</time>
      </trkpt>
      <trkpt lat="41.69395443055937" lon="123.472278714295">
        <ele>60.33547496918759</ele>
        <time>2017-09-01T22:09:43.430000Z</time>
      </trkpt>
      <trkpt lat="41.69405107390293" lon="123.472217861678">
        <time>2017-09-01T22:09:47.274000Z</time>
      </trkpt>
      <trkpt lat="41.69414415493765" lon="123.4721397423404">
        <ele>59.89920565860955</ele>
        <time>2017-09-01T22:09:51.305000Z</time>
      </trkpt>
      <trkpt lat="41.69423212301144" lon="123.4720506427097">
        <time>2017-09-01T22:09:54.253000Z</time>
      </trkpt>
      <trkpt lat="41.69431795369992" lon="123.4719648958402">
        <time>2017-09-01T22:09:57.258000Z</time>
      </trkpt>
      <trkpt lat="41.69440055735567" lon="123.4718886205214">
        <ele>59.23817504695134</ele>
        <time>2017-09-01T22:10:00.289000Z</time>
      </trkpt>
      <trkpt lat="41.69448353819707" lon="123.4718307853895">
        <time>2017-09-01T22:10:03.446000Z</time>
      </trkpt>
      <trkpt lat="41.69457326647052" lon="123.4717690107631">
        <time>2017-09-01T22:10:06.296000Z</time>
      </trkpt>
      <trkpt lat="41.69467397503713" lon="123.4716774803805">
        <ele>58.64268468544655</ele>
        <time>2017-09-01T22:10:10.459000Z</time>
      </trkpt>
      <trkpt lat="41.69475896753529" lon="123.4716050607371">
        <time>2017-09-01T22:10:13.370000Z</time>
      </trkpt>
      <trkpt lat="41.69484739661375" lon="123.4715317190843">
        <time>2017-09-01T22:10:16.276000Z</time>
      </trkpt>
      <trkpt lat="41.69493854981074" lon="123.47145418648">
        <ele>57.98328804124368</ele>
        <time>2017-09-01T22:10:20.414000Z</time>
      </trkpt>
      <trkpt lat="41.69502894863644" lon="123.4713654221254">
        <time>2017-09-01T22:10:24.252000Z</time>
      </trkpt>
      <trkpt lat="41.6951054754124" lon="123.4713005461949">
        <time>2017-09-01T22:10:27.464000Z</time>
      </trkpt>
      <trkpt lat="41.69520031664678" lon="123.4712116980212">
        <ele>57.35566298645038</ele>
        <time>2017-09-01T22:10:31.250000Z</time>
      </trkpt>
      <trkpt lat="41.69529905546614" lon="123.4711412900346">
        <time>2017-09-01T22:10:35.410000Z</time>
      </trkpt>
      <trkpt lat="41.69538413178334" lon="123.4710704629528">
        <time>2017-09-01T22:10:38.312000Z</time>
      </trkpt>
      <trkpt lat="41.69545521032223" lon="123.4709936009007">
        <ele>56.6933615112158</ele>
        <time>2017-09-01T22:10:41.250000Z</time>
      </trkpt>
      <trkpt lat="41.69552130162874" lon="123.4709053394603">
        <time>2017-09-01T22:10:44.374000Z</time>
      </trkpt>
      <trkpt lat="41.69563596606412" lon="123.4708625079351">
        <time>2017-09-01T22:10:48.252000Z</time>
      </trkpt>
      <trkpt lat="41.69572607152322" lon="123.4708214366096">
        <ele>56.07971595576269</ele>
        <time>2017-09-01T22:10:51.369000Z</time>
      </trkpt>
      <trkpt lat="41.6958134947733" lon="123.4707589076119">
        <time>2017-09-01T22:10:54.324000Z</time>
      </trkpt>
      <trkpt lat="41.69590657580802" lon="123.4706941155004">
        <time>2017-09-01T22:10:57.225000Z</time>
      </trkpt>
      <trkpt lat="41.69598243203172" lon="123.4705709853428">
        <ele>55.47532954922323</ele>
        <time>2017-09-01T22:11:01.235000Z</time>
      </trkpt>
      <trkpt lat="41.6960843978838" lon="123.4704953805762">
        <time>2017-09-01T22:11:05.227000Z</time>
      </trkpt>
      <trkpt lat="41.69618062213221" lon="123.4704143275725">
        <time>2017-09-01T22:11:09.231000Z</time>
      </trkpt>
      <trkpt lat="41.69626900930115" lon="123.4703319334644">
        <ele>54.32871732254083</ele>
        <time>2017-09-01T22:11:13.259000Z</time>
      </trkpt>
      <trkpt lat="41.69636053968379" lon="123.4702730925041">
        <time>2017-09-01T22:11:17.379000Z</time>
      </trkpt>
      <trkpt lat="41.69644968122402" lon="123.4701885191011">
        <ele>53.99497681193469</ele>
        <time>2017-09-01T22:11:20.255000Z</time>
      </trkpt>
      <trkpt lat="41.69653203342268" lon="123.4701129981535">
        <time>2017-09-01T22:11:23.259000Z</time>
      </trkpt>
      <trkpt lat="41.69661807365873" lon="123.4700483736801">
        <time>2017-09-01T22:11:26.291000Z</time>
      </trkpt>
      <trkpt lat="41.69672749940464" lon="123.4699944780427">
        <ele>53.71419128773917</ele>
        <time>2017-09-01T22:11:30.241000Z</time>
      </trkpt>
      <trkpt lat="41.69680423572817" lon="123.4699298535692">
        <time>2017-09-01T22:11:33.278000Z</time>
      </trkpt>
      <trkpt lat="41.69688243888476" lon="123.46986053523">
        <time>2017-09-01T22:11:36.274000Z</time>
      </trkpt>
      <trkpt lat="41.69695846274653" lon="123.4697859362918">
        <time>2017-09-01T22:11:39.232000Z</time>
      </trkpt>
      <trkpt lat="41.69703725263634" lon="123.4697085713255">
        <ele>53.26415378764177</ele>
        <time>2017-09-01T22:11:42.230000Z</time>
      </trkpt>
      <trkpt lat="41.69713146522799" lon="123.4696178791332">
        <time>2017-09-01T22:11:46.237000Z</time>
      </trkpt>
      <trkpt lat="41.69722115159193" lon="123.469540849443">
        <ele>53.78177085922699</ele>
        <time>2017-09-01T22:11:50.293000Z</time>
      </trkpt>
      <trkpt lat="41.69731033504167" lon="123.4694450442898">
        <time>2017-09-01T22:11:54.252000Z</time>
      </trkpt>
      <trkpt lat="41.69739092704067" lon="123.4693593812394">
        <time>2017-09-01T22:11:57.408000Z</time>
      </trkpt>
      <trkpt lat="41.69747642245301" lon="123.4692694434183">
        <ele>54.56603255347491</ele>
        <time>2017-09-01T22:12:00.253000Z</time>
      </trkpt>
      <trkpt lat="41.69756904248306" lon="123.469184031825">
        <time>2017-09-01T22:12:04.455000Z</time>
      </trkpt>
      <trkpt lat="41.69765470553347" lon="123.4691209999132">
        <time>2017-09-01T22:12:08.319000Z</time>
      </trkpt>
      <trkpt lat="41.69773764446536" lon="123.4690384381669">
        <ele>55.33854011741771</ele>
        <time>2017-09-01T22:12:12.269000Z</time>
      </trkpt>
      <trkpt lat="41.69782255314448" lon="123.4689598159152">
        <time>2017-09-01T22:12:16.258000Z</time>
      </trkpt>
      <trkpt lat="41.69792183678755" lon="123.468864094581">
        <ele>55.83896133170468</ele>
        <time>2017-09-01T22:12:20.275000Z</time>
      </trkpt>
      <trkpt lat="41.69800846375683" lon="123.4687805270063">
        <time>2017-09-01T22:12:23.240000Z</time>
      </trkpt>
      <trkpt lat="41.69809739574948" lon="123.4687119630384">
        <time>2017-09-01T22:12:26.270000Z</time>
      </trkpt>
      <trkpt lat="41.69817899357685" lon="123.4686568939346">
        <time>2017-09-01T22:12:29.429000Z</time>
      </trkpt>
      <trkpt lat="41.69826914094546" lon="123.4685699735987">
        <ele>56.86374735904835</ele>
        <time>2017-09-01T22:12:33.248000Z</time>
      </trkpt>
      <trkpt lat="41.69836389836082" lon="123.468494117375">
        <time>2017-09-01T22:12:38.322000Z</time>
      </trkpt>
      <trkpt lat="41.69846963606933" lon="123.4684093763339">
        <ele>57.40008397148989</ele>
        <time>2017-09-01T22:12:42.251000Z</time>
      </trkpt>
      <trkpt lat="41.69856565077016" lon="123.4683181812274">
        <time>2017-09-01T22:12:45.361000Z</time>
      </trkpt>
      <trkpt lat="41.69864615895012" lon="123.4682414868134">
        <time>2017-09-01T22:12:48.258000Z</time>
      </trkpt>
      <trkpt lat="41.69871979396948" lon="123.468158505972">
        <ele>58.22287309284908</ele>
        <time>2017-09-01T22:12:51.247000Z</time>
      </trkpt>
      <trkpt lat="41.69880575038651" lon="123.4680720885503">
        <time>2017-09-01T22:12:54.311000Z</time>
      </trkpt>
      <trkpt lat="41.69888357635745" lon="123.4679916222798">
        <time>2017-09-01T22:12:57.248000Z</time>
      </trkpt>
      <trkpt lat="41.69896739538917" lon="123.4679017682778">
        <ele>59.53277613180499</ele>
        <time>2017-09-01T22:13:00.384000Z</time>
      </trkpt>
      <trkpt lat="41.69904161714175" lon="123.4678332881289">
        <time>2017-09-01T22:13:03.252000Z</time>
      </trkpt>
      <trkpt lat="41.69913851194242" lon="123.4677714296835">
        <time>2017-09-01T22:13:08.430000Z</time>
      </trkpt>
      <trkpt lat="41.69923331126729" lon="123.4677080624955">
        <ele>60.25231326265077</ele>
        <time>2017-09-01T22:13:12.280000Z</time>
      </trkpt>
      <trkpt lat="41.6993102571384" lon="123.467645868774">
        <time>2017-09-01T22:13:15.418000Z</time>
      </trkpt>
      <trkpt lat="41.69939663265058" lon="123.4675483034211">
        <time>2017-09-01T22:13:19.247000Z</time>
      </trkpt>
      <trkpt lat="41.69947550635943" lon="123.4674782307106">
        <ele>59.92695626356078</ele>
        <time>2017-09-01T22:13:22.271000Z</time>
      </trkpt>
      <trkpt lat="41.6995552601681" lon="123.4674174619126">
        <time>2017-09-01T22:13:25.247000Z</time>
      </trkpt>
      <trkpt lat="41.69964679055074" lon="123.4673378338324">
        <time>2017-09-01T22:13:28.245000Z</time>
      </trkpt>
      <trkpt lat="41.69973907530466" lon="123.4672487342017">
        <ele>59.61561347747001</ele>
        <time>2017-09-01T22:13:31.251000Z</time>
      </trkpt>
      <trkpt lat="41.69981648218045" lon="123.4671572876381">
        <time>2017-09-01T22:13:34.260000Z</time>
      </trkpt>
      <trkpt lat="41.69992377054104" lon="123.4670754802632">
        <time>2017-09-01T22:13:38.251000Z</time>
      </trkpt>
      <trkpt lat="41.70000821821549" lon="123.4670153820174">
        <ele>59.2568306865643</ele>
        <time>2017-09-01T22:13:41.242000Z</time>
      </trkpt>
      <trkpt lat="41.7000867147387" lon="123.4669344966518">
        <time>2017-09-01T22:13:45.358000Z</time>
      </trkpt>
      <trkpt lat="41.70016395397643" lon="123.4668680281597">
        <time>2017-09-01T22:13:48.431000Z</time>
      </trkpt>
      <trkpt lat="41.70026365671465" lon="123.4668059182572">
        <ele>58.95495696331084</ele>
        <time>2017-09-01T22:13:51.238000Z</time>
      </trkpt>
      <trkpt lat="41.70035849794904" lon="123.4667451494592">
        <time>2017-09-01T22:13:54.247000Z</time>
      </trkpt>
      <trkpt lat="41.70046540912399" lon="123.4666952771353">
        <time>2017-09-01T22:13:57.246000Z</time>
      </trkpt>
      <trkpt lat="41.70055836443017" lon="123.4666503501343">
        <ele>58.60895740723551</ele>
        <time>2017-09-01T22:14:00.248000Z</time>
      </trkpt>
      <trkpt lat="41.70064121954302" lon="123.4665895813363">
        <time>2017-09-01T22:14:03.332000Z</time>
      </trkpt>
      <trkpt lat="41.70071527365754" lon="123.4665139765697">
        <time>2017-09-01T22:14:06.369000Z</time>
      </trkpt>
      <trkpt lat="41.70078819621513" lon="123.4664428980308">
        <time>2017-09-01T22:14:09.255000Z</time>
      </trkpt>
      <trkpt lat="41.70087184760878" lon="123.4663378727841">
        <ele>58.21210898372381</ele>
        <time>2017-09-01T22:14:13.403000Z</time>
      </trkpt>
      <trkpt lat="41.70094850011328" lon="123.4662680515307">
        <time>2017-09-01T22:14:16.312000Z</time>
      </trkpt>
      <trkpt lat="41.70102561362246" lon="123.4661892616408">
        <time>2017-09-01T22:14:19.236000Z</time>
      </trkpt>
      <trkpt lat="41.70108751397738" lon="123.4660870024222">
        <ele>57.89148651605247</ele>
        <time>2017-09-01T22:14:22.265000Z</time>
      </trkpt>
      <trkpt lat="41.70115993362079" lon="123.4660009202766">
        <time>2017-09-01T22:14:25.235000Z</time>
      </trkpt>
      <trkpt lat="41.70124308210025" lon="123.4659125750172">
        <time>2017-09-01T22:14:28.246000Z</time>
      </trkpt>
      <trkpt lat="41.70131931550959" lon="123.4658351262319">
        <ele>57.57408352974583</ele>
        <time>2017-09-01T22:14:31.320000Z</time>
      </trkpt>
      <trkpt lat="41.70139559082845" lon="123.4657565039801">
        <time>2017-09-01T22:14:34.239000Z</time>
      </trkpt>
      <trkpt lat="41.70147517699907" lon="123.4656907898592">
        <time>2017-09-01T22:14:37.423000Z</time>
      </trkpt>
      <trkpt lat="41.70155551754097" lon="123.4656021931427">
        <ele>57.27334609403285</ele>
        <time>2017-09-01T22:14:40.295000Z</time>
      </trkpt>
      <trkpt lat="41.70163397215465" lon="123.4655169491875">
        <time>2017-09-01T22:14:43.278000Z</time>
      </trkpt>
      <trkpt lat="41.7017136421443" lon="123.4654324596035">
        <time>2017-09-01T22:14:46.385000Z</time>
      </trkpt>
      <trkpt lat="41.70178547505448" lon="123.4653585312175">
        <time>2017-09-01T22:14:49.217000Z</time>
      </trkpt>
      <trkpt lat="41.70186703097234" lon="123.4652747960048">
        <ele>56.85471882599533</ele>
        <time>2017-09-01T22:14:53.222000Z</time>
      </trkpt>
      <trkpt lat="41.70194867070923" lon="123.465217044692">
        <time>2017-09-01T22:14:57.321000Z</time>
      </trkpt>
      <trkpt lat="41.70204158410588" lon="123.4651447088676">
        <ele>56.6492401624257</ele>
        <time>2017-09-01T22:15:02.379000Z</time>
      </trkpt>
      <trkpt lat="41.70212217610488" lon="123.4650494904476">
        <time>2017-09-01T22:15:05.340000Z</time>
      </trkpt>
      <trkpt lat="41.70218872841606" lon="123.4649676830726">
        <time>2017-09-01T22:15:07.246000Z</time>
      </trkpt>
      <trkpt lat="41.70226659629652" lon="123.4648850375074">
        <ele>56.32757609784225</ele>
        <time>2017-09-01T22:15:10.236000Z</time>
      </trkpt>
      <trkpt lat="41.7023542710037" lon="123.4648299684035">
        <time>2017-09-01T22:15:13.249000Z</time>
      </trkpt>
      <trkpt lat="41.70243482109318" lon="123.4647401144015">
        <time>2017-09-01T22:15:16.242000Z</time>
      </trkpt>
      <trkpt lat="41.70251583218733" lon="123.4646719695287">
        <time>2017-09-01T22:15:19.247000Z</time>
      </trkpt>
      <trkpt lat="41.70261524155895" lon="123.464598627876">
        <ele>55.90961166420337</ele>
        <time>2017-09-01T22:15:22.413000Z</time>
      </trkpt>
      <trkpt lat="41.70270140752355" lon="123.4645264596897">
        <time>2017-09-01T22:15:25.283000Z</time>
      </trkpt>
      <trkpt lat="41.7027953686581" lon="123.464450771104">
        <time>2017-09-01T22:15:29.337000Z</time>
      </trkpt>
      <trkpt lat="41.70288430065075" lon="123.4643479251521">
        <ele>55.56739973326296</ele>
        <time>2017-09-01T22:15:34.238000Z</time>
      </trkpt>
      <trkpt lat="41.7029912118257" lon="123.4643024114179">
        <time>2017-09-01T22:15:39.405000Z</time>
      </trkpt>
      <trkpt lat="41.70309958983371" lon="123.4642517847227">
        <ele>55.32546517776967</ele>
        <time>2017-09-01T22:15:44.417000Z</time>
      </trkpt>
      <trkpt lat="41.70319329951117" lon="123.4641672113197">
        <time>2017-09-01T22:15:48.223000Z</time>
      </trkpt>
      <trkpt lat="41.70327523261467" lon="123.4640745074707">
        <ele>55.08551912547222</ele>
        <time>2017-09-01T22:15:51.227000Z</time>
      </trkpt>
      <trkpt lat="41.70334358703504" lon="123.4639797919648">
        <time>2017-09-01T22:15:54.230000Z</time>
      </trkpt>
      <trkpt lat="41.7034370452554" lon="123.4638722521471">
        <time>2017-09-01T22:15:57.200000Z</time>
      </trkpt>
      <trkpt lat="41.70352756980965" lon="123.4637928755241">
        <ele>54.73914080688339</ele>
        <time>2017-09-01T22:16:00.251000Z</time>
      </trkpt>
      <trkpt lat="41.70362236913452" lon="123.463705284636">
        <time>2017-09-01T22:16:03.354000Z</time>
      </trkpt>
      <trkpt lat="41.70370195530514" lon="123.4636434261906">
        <time>2017-09-01T22:16:06.323000Z</time>
      </trkpt>
      <trkpt lat="41.7037864448891" lon="123.4635909554767">
        <time>2017-09-01T22:16:09.425000Z</time>
      </trkpt>
      <trkpt lat="41.70387059919695" lon="123.4635356349158">
        <ele>54.30867721029924</ele>
        <time>2017-09-01T22:16:12.243000Z</time>
      </trkpt>
      <trkpt lat="41.70397457670579" lon="123.4634682444143">
        <time>2017-09-01T22:16:16.424000Z</time>
      </trkpt>
      <trkpt lat="41.704062335232" lon="123.4633956571328">
        <time>2017-09-01T22:16:19.351000Z</time>
      </trkpt>
      <trkpt lat="41.70414259195486" lon="123.4633399174767">
        <ele>52.52909052852836</ele>
        <time>2017-09-01T22:16:22.339000Z</time>
      </trkpt>
      <trkpt lat="41.70423190113316" lon="123.4632685874807">
        <time>2017-09-01T22:16:25.383000Z</time>
      </trkpt>
      <trkpt lat="41.70432984367172" lon="123.4632172902333">
        <time>2017-09-01T22:16:28.235000Z</time>
      </trkpt>
      <trkpt lat="41.70445041734884" lon="123.4631695972043">
        <ele>52.46263592707785</ele>
        <time>2017-09-01T22:16:31.332000Z</time>
      </trkpt>
      <trkpt lat="41.70454060662696" lon="123.4631057271021">
        <time>2017-09-01T22:16:35.322000Z</time>
      </trkpt>
      <trkpt lat="41.70463410675684" lon="123.4630443715709">
        <time>2017-09-01T22:16:39.240000Z</time>
      </trkpt>
      <trkpt lat="41.70473326467136" lon="123.4629930743235">
        <ele>52.39091928031354</ele>
        <time>2017-09-01T22:16:43.249000Z</time>
      </trkpt>
      <trkpt lat="41.70482865072945" lon="123.462952086817">
        <time>2017-09-01T22:16:47.337000Z</time>
      </trkpt>
      <trkpt lat="41.7049170378984" lon="123.462912608053">
        <ele>52.0677966743059</ele>
        <time>2017-09-01T22:16:50.379000Z</time>
      </trkpt>
      <trkpt lat="41.70500999320457" lon="123.4628672619569">
        <time>2017-09-01T22:16:53.245000Z</time>
      </trkpt>
      <trkpt lat="41.70510977976183" lon="123.4628213291275">
        <time>2017-09-01T22:16:57.408000Z</time>
      </trkpt>
      <trkpt lat="41.70522004369805" lon="123.462777659412">
        <ele>50.73777983399381</ele>
        <time>2017-09-01T22:17:01.241000Z</time>
      </trkpt>
      <trkpt lat="41.70530905950973" lon="123.4627516755121">
        <time>2017-09-01T22:17:04.427000Z</time>
      </trkpt>
      <trkpt lat="41.70541957490305" lon="123.4627125320243">
        <time>2017-09-01T22:17:07.282000Z</time>
      </trkpt>
      <trkpt lat="41.70553055130104" lon="123.4626729694414">
        <ele>50.24550359915037</ele>
        <time>2017-09-01T22:17:10.243000Z</time>
      </trkpt>
      <trkpt lat="41.70562979303459" lon="123.4626389389145">
        <time>2017-09-01T22:17:13.254000Z</time>
      </trkpt>
      <trkpt lat="41.70571642000387" lon="123.4626003821599">
        <time>2017-09-01T22:17:16.258000Z</time>
      </trkpt>
      <trkpt lat="41.70582898896346" lon="123.4625639208811">
        <ele>50.21405952585165</ele>
        <time>2017-09-01T22:17:20.252000Z</time>
      </trkpt>
      <trkpt lat="41.70594428204159" lon="123.4625295550781">
        <time>2017-09-01T22:17:24.265000Z</time>
      </trkpt>
      <trkpt lat="41.70603644106696" lon="123.4625031520831">
        <time>2017-09-01T22:17:27.306000Z</time>
      </trkpt>
      <trkpt lat="41.70615395534942" lon="123.4624719714033">
        <ele>50.14267662178261</ele>
        <time>2017-09-01T22:17:31.252000Z</time>
      </trkpt>
      <trkpt lat="41.70625692702988" lon="123.4624511004644">
        <time>2017-09-01T22:17:35.331000Z</time>
      </trkpt>
      <trkpt lat="41.70636195227662" lon="123.4624031559783">
        <time>2017-09-01T22:17:39.323000Z</time>
      </trkpt>
      <trkpt lat="41.70643412046293" lon="123.462330987792">
        <ele>50.09190957986844</ele>
        <time>2017-09-01T22:17:42.230000Z</time>
      </trkpt>
      <trkpt lat="41.70650431890199" lon="123.4622056783395">
        <time>2017-09-01T22:17:46.329000Z</time>
      </trkpt>
      <trkpt lat="41.70651567638079" lon="123.4620848112958">
        <time>2017-09-01T22:17:49.246000Z</time>
      </trkpt>
      <trkpt lat="41.70651387427161" lon="123.4619310871916">
        <ele>50.04674094263007</ele>
        <time>2017-09-01T22:17:53.314000Z</time>
      </trkpt>
      <trkpt lat="41.70651152733872" lon="123.4617794585633">
        <time>2017-09-01T22:17:57.254000Z</time>
      </trkpt>
      <trkpt lat="41.70652007687995" lon="123.4616259859162">
        <ele>50.01218339357284</ele>
        <time>2017-09-01T22:18:01.385000Z</time>
      </trkpt>
      <trkpt lat="41.70654124118546" lon="123.4614990000832">
        <time>2017-09-01T22:18:05.387000Z</time>
      </trkpt>
      <trkpt lat="41.70657476879815" lon="123.4613539093393">
        <time>2017-09-01T22:18:09.401000Z</time>
      </trkpt>
      <trkpt lat="41.70660858977745" lon="123.4612115008044">
        <ele>49.9628466010284</ele>
        <time>2017-09-01T22:18:13.232000Z</time>
      </trkpt>
      <trkpt lat="41.7066100566105" lon="123.4610550106722">
        <time>2017-09-01T22:18:17.375000Z</time>
      </trkpt>
      <trkpt lat="41.70657673854539" lon="123.4609315452384">
        <ele>49.9282345662809</ele>
        <time>2017-09-01T22:18:20.236000Z</time>
      </trkpt>
      <trkpt lat="41.70658465944389" lon="123.4607970156925">
        <time>2017-09-01T22:18:23.304000Z</time>
      </trkpt>
      <trkpt lat="41.70661994725624" lon="123.4606800043243">
        <time>2017-09-01T22:18:26.322000Z</time>
      </trkpt>
      <trkpt lat="41.70667023867527" lon="123.4605756496298">
        <time>2017-09-01T22:18:29.235000Z</time>
      </trkpt>
      <trkpt lat="41.7067350726963" lon="123.4604874720084">
        <ele>49.22561809119048</ele>
        <time>2017-09-01T22:18:32.415000Z</time>
      </trkpt>
      <trkpt lat="41.7067974340559" lon="123.4603956063496">
        <time>2017-09-01T22:18:35.291000Z</time>
      </trkpt>
      <trkpt lat="41.7068500304983" lon="123.4602811095523">
        <time>2017-09-01T22:18:38.241000Z</time>
      </trkpt>
      <trkpt lat="41.70688552785823" lon="123.4601247870582">
        <ele>49.01907680108224</ele>
        <time>2017-09-01T22:18:42.342000Z</time>
      </trkpt>
      <trkpt lat="41.70689181428561" lon="123.4599753377246">
        <time>2017-09-01T22:18:46.225000Z</time>
      </trkpt>
      <trkpt lat="41.70689596332768" lon="123.4598022514241">
        <ele>48.8499288490761</ele>
        <time>2017-09-01T22:18:50.380000Z</time>
      </trkpt>
      <trkpt lat="41.70690136965523" lon="123.4596631956505">
        <time>2017-09-01T22:18:54.254000Z</time>
      </trkpt>
      <trkpt lat="41.70695241544554" lon="123.4595589247751">
        <time>2017-09-01T22:18:57.260000Z</time>
      </trkpt>
      <trkpt lat="41.7070022458599" lon="123.4594458529013">
        <ele>48.08798429452239</ele>
        <time>2017-09-01T22:19:00.218000Z</time>
      </trkpt>
      <trkpt lat="41.70703271407793" lon="123.4593251534956">
        <time>2017-09-01T22:19:03.305000Z</time>
      </trkpt>
      <trkpt lat="41.70707395304153" lon="123.459201939519">
        <time>2017-09-01T22:19:07.308000Z</time>
      </trkpt>
      <trkpt lat="41.70714574404219" lon="123.4590832517701">
        <ele>47.09891514313458</ele>
        <time>2017-09-01T22:19:11.231000Z</time>
      </trkpt>
      <trkpt lat="41.70718995858142" lon="123.4589741193908">
        <time>2017-09-01T22:19:14.209000Z</time>
      </trkpt>
      <trkpt lat="41.70722185172299" lon="123.4588555992799">
        <time>2017-09-01T22:19:17.291000Z</time>
      </trkpt>
      <trkpt lat="41.70722516257474" lon="123.4587070719557">
        <ele>47.04661432083782</ele>
        <time>2017-09-01T22:19:20.314000Z</time>
      </trkpt>
      <trkpt lat="41.70720483645955" lon="123.458588719483">
        <time>2017-09-01T22:19:23.232000Z</time>
      </trkpt>
      <trkpt lat="41.70717105738977" lon="123.4584322293507">
        <time>2017-09-01T22:19:27.310000Z</time>
      </trkpt>
      <trkpt lat="41.70715152755538" lon="123.4583106079357">
        <ele>46.990422579882</ele>
        <time>2017-09-01T22:19:30.242000Z</time>
      </trkpt>
      <trkpt lat="41.70711867049495" lon="123.4581681994008">
        <time>2017-09-01T22:19:34.404000Z</time>
      </trkpt>
      <trkpt lat="41.70707663525054" lon="123.4580226895618">
        <time>2017-09-01T22:19:38.243000Z</time>
      </trkpt>
      <trkpt lat="41.70704185035238" lon="123.4578759224373">
        <ele>45.90100235477422</ele>
        <time>2017-09-01T22:19:42.409000Z</time>
      </trkpt>
      <trkpt lat="41.70700446706424" lon="123.4577571508693">
        <time>2017-09-01T22:19:45.244000Z</time>
      </trkpt>
      <trkpt lat="41.70695539102117" lon="123.4576439113575">
        <time>2017-09-01T22:19:48.334000Z</time>
      </trkpt>
      <trkpt lat="41.70689872935573" lon="123.4575300012934">
        <ele>45.31132871043128</ele>
        <time>2017-09-01T22:19:51.275000Z</time>
      </trkpt>
      <trkpt lat="41.70684294779012" lon="123.4574087151545">
        <time>2017-09-01T22:19:54.223000Z</time>
      </trkpt>
      <trkpt lat="41.70679353647093" lon="123.4573059530216">
        <time>2017-09-01T22:19:57.354000Z</time>
      </trkpt>
      <trkpt lat="41.70676461890498" lon="123.457182822864">
        <ele>45.28027065646825</ele>
        <time>2017-09-01T22:20:00.324000Z</time>
      </trkpt>
      <trkpt lat="41.706727654712" lon="123.4570576810496">
        <time>2017-09-01T22:20:03.230000Z</time>
      </trkpt>
      <trkpt lat="41.706677447112" lon="123.4569177032667">
        <time>2017-09-01T22:20:07.363000Z</time>
      </trkpt>
      <trkpt lat="41.70662124645123" lon="123.4567831737208">
        <ele>45.24786225233291</ele>
        <time>2017-09-01T22:20:11.217000Z</time>
      </trkpt>
      <trkpt lat="41.70656366277645" lon="123.456656942259">
        <time>2017-09-01T22:20:15.226000Z</time>
      </trkpt>
      <trkpt lat="41.70649560172269" lon="123.4565276933121">
        <time>2017-09-01T22:20:19.232000Z</time>
      </trkpt>
      <trkpt lat="41.70644300528029" lon="123.4564113524961">
        <ele>45.21225025882327</ele>
        <time>2017-09-01T22:20:22.250000Z</time>
      </trkpt>
      <trkpt lat="41.70639979656944" lon="123.4562874679672">
        <time>2017-09-01T22:20:25.223000Z</time>
      </trkpt>
      <trkpt lat="41.7063587252439" lon="123.456173222627">
        <time>2017-09-01T22:20:28.235000Z</time>
      </trkpt>
      <trkpt lat="41.70632582627395" lon="123.456057049449">
        <ele>44.98367312826301</ele>
        <time>2017-09-01T22:20:31.247000Z</time>
      </trkpt>
      <trkpt lat="41.70628647323856" lon="123.4559419659185">
        <time>2017-09-01T22:20:34.215000Z</time>
      </trkpt>
      <trkpt lat="41.70624867085526" lon="123.4558281396734">
        <time>2017-09-01T22:20:37.313000Z</time>
      </trkpt>
      <trkpt lat="41.70621606525192" lon="123.4556786903399">
        <ele>44.96053323256433</ele>
        <time>2017-09-01T22:20:41.285000Z</time>
      </trkpt>
      <trkpt lat="41.70619121290902" lon="123.4555603378671">
        <time>2017-09-01T22:20:44.236000Z</time>
      </trkpt>
      <trkpt lat="41.70617449101219" lon="123.4554103018003">
        <time>2017-09-01T22:20:48.329000Z</time>
      </trkpt>
      <trkpt lat="41.70616091232905" lon="123.4552600142764">
        <ele>44.93401768680383</ele>
        <time>2017-09-01T22:20:52.280000Z</time>
      </trkpt>
      <trkpt lat="41.70614406470368" lon="123.4551176895606">
        <time>2017-09-01T22:20:56.299000Z</time>
      </trkpt>
      <trkpt lat="41.70612952210168" lon="123.4549710062551">
        <ele>44.91580401449211</ele>
        <time>2017-09-01T22:21:00.270000Z</time>
      </trkpt>
      <trkpt lat="41.70611439276645" lon="123.4548209701883">
        <time>2017-09-01T22:21:04.341000Z</time>
      </trkpt>
      <trkpt lat="41.70610513076345" lon="123.4546611272948">
        <time>2017-09-01T22:21:08.223000Z</time>
      </trkpt>
      <trkpt lat="41.70609595257947" lon="123.4545314592528">
        <ele>44.88747081100598</ele>
        <time>2017-09-01T22:21:11.388000Z</time>
      </trkpt>
      <trkpt lat="41.70608451128165" lon="123.4544040543246">
        <time>2017-09-01T22:21:14.231000Z</time>
      </trkpt>
      <trkpt lat="41.70607323762188" lon="123.454278409596">
        <time>2017-09-01T22:21:17.288000Z</time>
      </trkpt>
      <trkpt lat="41.7060600780339" lon="123.4541564529049">
        <ele>44.86373739441733</ele>
        <time>2017-09-01T22:21:20.292000Z</time>
      </trkpt>
      <trkpt lat="41.7060471279935" lon="123.4539992922204">
        <time>2017-09-01T22:21:24.349000Z</time>
      </trkpt>
      <trkpt lat="41.7060265085117" lon="123.4538723902064">
        <time>2017-09-01T22:21:27.249000Z</time>
      </trkpt>
      <trkpt lat="41.70600186571637" lon="123.4537465778398">
        <ele>44.83838663340343</ele>
        <time>2017-09-01T22:21:30.332000Z</time>
      </trkpt>
      <trkpt lat="41.7059765523688" lon="123.453625710796">
        <time>2017-09-01T22:21:33.340000Z</time>
      </trkpt>
      <trkpt lat="41.70595220294008" lon="123.4535088670658">
        <time>2017-09-01T22:21:36.234000Z</time>
      </trkpt>
      <trkpt lat="41.7059247522072" lon="123.4533926938879">
        <time>2017-09-01T22:21:39.212000Z</time>
      </trkpt>
      <trkpt lat="41.70588904529968" lon="123.4532720783012">
        <ele>44.80764967031283</ele>
        <time>2017-09-01T22:21:42.381000Z</time>
      </trkpt>
      <trkpt lat="41.70584474694142" lon="123.4531279933857">
        <time>2017-09-01T22:21:46.263000Z</time>
      </trkpt>
      <trkpt lat="41.70580438807765" lon="123.45302028593">
        <time>2017-09-01T22:21:49.212000Z</time>
      </trkpt>
      <trkpt lat="41.7057569465057" lon="123.452872429158">
        <ele>44.7826179267773</ele>
        <time>2017-09-01T22:21:53.343000Z</time>
      </trkpt>
      <trkpt lat="41.70571051076213" lon="123.4527522326665">
        <time>2017-09-01T22:21:56.255000Z</time>
      </trkpt>
      <trkpt lat="41.70565544165829" lon="123.4526306112515">
        <time>2017-09-01T22:21:59.247000Z</time>
      </trkpt>
      <trkpt lat="41.7055981094406" lon="123.45251301315">
        <ele>44.75559046924916</ele>
        <time>2017-09-01T22:22:02.255000Z</time>
      </trkpt>
      <trkpt lat="41.70553696345696" lon="123.4523923137444">
        <time>2017-09-01T22:22:05.232000Z</time>
      </trkpt>
      <trkpt lat="41.70546529818485" lon="123.4522893001544">
        <time>2017-09-01T22:22:08.339000Z</time>
      </trkpt>
      <trkpt lat="41.70539074115614" lon="123.4521758930045">
        <ele>44.72926039876678</ele>
        <time>2017-09-01T22:22:12.326000Z</time>
      </trkpt>
      <trkpt lat="41.70533202592442" lon="123.4520810098606">
        <time>2017-09-01T22:22:15.251000Z</time>
      </trkpt>
      <trkpt lat="41.70526212085197" lon="123.4519938380676">
        <time>2017-09-01T22:22:18.233000Z</time>
      </trkpt>
      <trkpt lat="41.70517620634446" lon="123.4519018047708">
        <ele>44.70446606358724</ele>
        <time>2017-09-01T22:22:22.314000Z</time>
      </trkpt>
      <trkpt lat="41.70509125575582" lon="123.4518356715547">
        <time>2017-09-01T22:22:26.299000Z</time>
      </trkpt>
      <trkpt lat="41.70500735290507" lon="123.4517378547447">
        <ele>44.68727621481077</ele>
        <time>2017-09-01T22:22:30.344000Z</time>
      </trkpt>
      <trkpt lat="41.70492202513078" lon="123.4516324104028">
        <time>2017-09-01T22:22:34.283000Z</time>
      </trkpt>
      <trkpt lat="41.70483497906635" lon="123.4515273851561">
        <time>2017-09-01T22:22:38.286000Z</time>
      </trkpt>
      <trkpt lat="41.7047669180126" lon="123.4514412191915">
        <ele>44.65883172615778</ele>
        <time>2017-09-01T22:22:41.253000Z</time>
      </trkpt>
      <trkpt lat="41.70469793494949" lon="123.4513480962472">
        <time>2017-09-01T22:22:44.220000Z</time>
      </trkpt>
      <trkpt lat="41.70463276565233" lon="123.4512593318927">
        <time>2017-09-01T22:22:47.395000Z</time>
      </trkpt>
      <trkpt lat="41.70456625525067" lon="123.4511710704523">
        <ele>43.89487894813271</ele>
        <time>2017-09-01T22:22:50.305000Z</time>
      </trkpt>
      <trkpt lat="41.7044989485682" lon="123.4510855750399">
        <time>2017-09-01T22:22:53.242000Z</time>
      </trkpt>
      <trkpt lat="41.70441693164567" lon="123.4509792086887">
        <time>2017-09-01T22:22:57.236000Z</time>
      </trkpt>
      <trkpt lat="41.70435000214884" lon="123.4508959763902">
        <ele>43.11804930002325</ele>
        <time>2017-09-01T22:23:00.221000Z</time>
      </trkpt>
      <trkpt lat="41.70427066743532" lon="123.4508019314366">
        <time>2017-09-01T22:23:03.333000Z</time>
      </trkpt>
      <trkpt lat="41.7041987087966" lon="123.450710568692">
        <time>2017-09-01T22:23:06.259000Z</time>
      </trkpt>
      <trkpt lat="41.70411162082264" lon="123.4506041185217">
        <ele>43.07501474676438</ele>
        <time>2017-09-01T22:23:10.315000Z</time>
      </trkpt>
      <trkpt lat="41.70403086118559" lon="123.4504985903608">
        <time>2017-09-01T22:23:14.294000Z</time>
      </trkpt>
      <trkpt lat="41.70395148456255" lon="123.4503897094386">
        <time>2017-09-01T22:23:18.313000Z</time>
      </trkpt>
      <trkpt lat="41.70388401024202" lon="123.4503012803602">
        <ele>42.80533434089453</ele>
        <time>2017-09-01T22:23:21.292000Z</time>
      </trkpt>
      <trkpt lat="41.70381775129745" lon="123.4502176289665">
        <time>2017-09-01T22:23:24.222000Z</time>
      </trkpt>
      <trkpt lat="41.70375165999094" lon="123.4501296189832">
        <time>2017-09-01T22:23:27.239000Z</time>
      </trkpt>
      <trkpt lat="41.70368577823201" lon="123.4500352387535">
        <ele>42.07752313443473</ele>
        <time>2017-09-01T22:23:30.239000Z</time>
      </trkpt>
      <trkpt lat="41.70360908381799" lon="123.4499364161151">
        <time>2017-09-01T22:23:33.228000Z</time>
      </trkpt>
      <trkpt lat="41.70353364668945" lon="123.4498549440163">
        <time>2017-09-01T22:23:36.294000Z</time>
      </trkpt>
      <trkpt lat="41.70345955066541" lon="123.4497728013652">
        <time>2017-09-01T22:23:39.244000Z</time>
      </trkpt>
      <trkpt lat="41.70338822066942" lon="123.4496899043428">
        <ele>43.4137948134315</ele>
        <time>2017-09-01T22:23:42.218000Z</time>
      </trkpt>
      <trkpt lat="41.70331311881701" lon="123.449605750035">
        <time>2017-09-01T22:23:45.280000Z</time>
      </trkpt>
      <trkpt lat="41.70324028007845" lon="123.4495200031655">
        <time>2017-09-01T22:23:48.235000Z</time>
      </trkpt>
      <trkpt lat="41.70315595813254" lon="123.4494138882714">
        <ele>44.39059272634174</ele>
        <time>2017-09-01T22:23:52.431000Z</time>
      </trkpt>
      <trkpt lat="41.70308789707879" lon="123.4493304883348">
        <time>2017-09-01T22:23:55.225000Z</time>
      </trkpt>
      <trkpt lat="41.70301581271151" lon="123.4492418916183">
        <time>2017-09-01T22:23:58.207000Z</time>
      </trkpt>
      <trkpt lat="41.70294817075292" lon="123.4491602518814">
        <ele>45.42290430945774</ele>
        <time>2017-09-01T22:24:01.237000Z</time>
      </trkpt>
      <trkpt lat="41.70287487100968" lon="123.4490733315455">
        <time>2017-09-01T22:24:04.247000Z</time>
      </trkpt>
      <trkpt lat="41.70280685186545" lon="123.4489862435716">
        <time>2017-09-01T22:24:07.227000Z</time>
      </trkpt>
      <trkpt lat="41.70272764288048" lon="123.4488822241532">
        <ele>46.3781641317417</ele>
        <time>2017-09-01T22:24:11.233000Z</time>
      </trkpt>
      <trkpt lat="41.70265526514659" lon="123.448802344616">
        <time>2017-09-01T22:24:14.205000Z</time>
      </trkpt>
      <trkpt lat="41.70256088491688" lon="123.448717938851">
        <time>2017-09-01T22:24:18.215000Z</time>
      </trkpt>
      <trkpt lat="41.70249299150119" lon="123.4486348741906">
        <ele>47.45203512916476</ele>
        <time>2017-09-01T22:24:21.209000Z</time>
      </trkpt>
      <trkpt lat="41.70243737757364" lon="123.4485402425038">
        <time>2017-09-01T22:24:24.226000Z</time>
      </trkpt>
      <trkpt lat="41.70236923270086" lon="123.4484353848951">
        <time>2017-09-01T22:24:28.205000Z</time>
      </trkpt>
      <trkpt lat="41.70230150692323" lon="123.4483524878728">
        <ele>47.94823537442161</ele>
        <time>2017-09-01T22:24:31.212000Z</time>
      </trkpt>
      <trkpt lat="41.70223285913626" lon="123.4482671600985">
        <time>2017-09-01T22:24:34.221000Z</time>
      </trkpt>
      <trkpt lat="41.70215771537433" lon="123.4481768870013">
        <time>2017-09-01T22:24:37.245000Z</time>
      </trkpt>
      <trkpt lat="41.70208093714128" lon="123.4480860271709">
        <ele>48.00884262062939</ele>
        <time>2017-09-01T22:24:40.315000Z</time>
      </trkpt>
      <trkpt lat="41.70199284333894" lon="123.4479802475529">
        <time>2017-09-01T22:24:44.283000Z</time>
      </trkpt>
      <trkpt lat="41.70192180670956" lon="123.4478888009893">
        <time>2017-09-01T22:24:47.408000Z</time>
      </trkpt>
      <trkpt lat="41.7018455313907" lon="123.447798108797">
        <ele>48.07643130417498</ele>
        <time>2017-09-01T22:24:50.325000Z</time>
      </trkpt>
      <trkpt lat="41.70176770541975" lon="123.4477167205172">
        <time>2017-09-01T22:24:53.214000Z</time>
      </trkpt>
      <trkpt lat="41.70170236848453" lon="123.4476270341533">
        <time>2017-09-01T22:24:56.270000Z</time>
      </trkpt>
      <trkpt lat="41.70162915256033" lon="123.4475376830655">
        <time>2017-09-01T22:24:59.243000Z</time>
      </trkpt>
      <trkpt lat="41.70154403433362" lon="123.447444057207">
        <ele>48.15969493149811</ele>
        <time>2017-09-01T22:25:02.203000Z</time>
      </trkpt>
      <trkpt lat="41.70147316534231" lon="123.4473624174701">
        <time>2017-09-01T22:25:05.354000Z</time>
      </trkpt>
      <trkpt lat="41.70139445927153" lon="123.4472724796491">
        <time>2017-09-01T22:25:09.218000Z</time>
      </trkpt>
      <trkpt lat="41.70131541792462" lon="123.4471636825459">
        <ele>48.2246964884008</ele>
        <time>2017-09-01T22:25:13.313000Z</time>
      </trkpt>
      <trkpt lat="41.70125884007821" lon="123.4470671230214">
        <time>2017-09-01T22:25:16.258000Z</time>
      </trkpt>
      <trkpt lat="41.70120641127387" lon="123.446960337575">
        <time>2017-09-01T22:25:19.339000Z</time>
      </trkpt>
      <trkpt lat="41.70113889504383" lon="123.4468578268992">
        <ele>48.28829034404193</ele>
        <time>2017-09-01T22:25:22.344000Z</time>
      </trkpt>
      <trkpt lat="41.7010592669637" lon="123.4467787017333">
        <time>2017-09-01T22:25:25.242000Z</time>
      </trkpt>
      <trkpt lat="41.70098014179776" lon="123.4467104730415">
        <time>2017-09-01T22:25:28.435000Z</time>
      </trkpt>
      <trkpt lat="41.70089640658507" lon="123.4466397297787">
        <ele>49.01992571549479</ele>
        <time>2017-09-01T22:25:31.229000Z</time>
      </trkpt>
      <trkpt lat="41.70082096945653" lon="123.4465513845193">
        <time>2017-09-01T22:25:34.225000Z</time>
      </trkpt>
      <trkpt lat="41.70075479433099" lon="123.4464697447824">
        <time>2017-09-01T22:25:37.378000Z</time>
      </trkpt>
      <trkpt lat="41.70068815820078" lon="123.4463856742936">
        <ele>50.16508811324894</ele>
        <time>2017-09-01T22:25:40.244000Z</time>
      </trkpt>
      <trkpt lat="41.70061997141848" lon="123.4462875222074">
        <time>2017-09-01T22:25:44.252000Z</time>
      </trkpt>
      <trkpt lat="41.70054319318542" lon="123.4461843409794">
        <time>2017-09-01T22:25:48.234000Z</time>
      </trkpt>
      <trkpt lat="41.70046243354837" lon="123.4460846801507">
        <ele>50.98076155020163</ele>
        <time>2017-09-01T22:25:52.414000Z</time>
      </trkpt>
      <trkpt lat="41.70038075190196" lon="123.4459776432472">
        <time>2017-09-01T22:25:56.194000Z</time>
      </trkpt>
      <trkpt lat="41.70029961507926" lon="123.4458722827243">
        <ele>51.49028091207554</ele>
        <time>2017-09-01T22:26:00.309000Z</time>
      </trkpt>
      <trkpt lat="41.70023281131098" lon="123.4457830992746">
        <time>2017-09-01T22:26:03.318000Z</time>
      </trkpt>
      <trkpt lat="41.70014656152734" lon="123.4456772358375">
        <time>2017-09-01T22:26:07.322000Z</time>
      </trkpt>
      <trkpt lat="41.70007070530364" lon="123.4455924947964">
        <ele>51.21065792608812</ele>
        <time>2017-09-01T22:26:10.339000Z</time>
      </trkpt>
      <trkpt lat="41.70000092595973" lon="123.4455142078208">
        <time>2017-09-01T22:26:13.223000Z</time>
      </trkpt>
      <trkpt lat="41.69993143998244" lon="123.4454330709981">
        <time>2017-09-01T22:26:16.413000Z</time>
      </trkpt>
      <trkpt lat="41.69985658958712" lon="123.4453494196045">
        <time>2017-09-01T22:26:19.309000Z</time>
      </trkpt>
      <trkpt lat="41.69978064954439" lon="123.4452552070128">
        <ele>50.8834626171868</ele>
        <time>2017-09-01T22:26:22.332000Z</time>
      </trkpt>
      <trkpt lat="41.69971078638145" lon="123.4451694601434">
        <time>2017-09-01T22:26:25.362000Z</time>
      </trkpt>
      <trkpt lat="41.69963941447595" lon="123.4450791870462">
        <time>2017-09-01T22:26:28.233000Z</time>
      </trkpt>
      <trkpt lat="41.69957131151268" lon="123.4449923505294">
        <ele>50.62793571006945</ele>
        <time>2017-09-01T22:26:31.234000Z</time>
      </trkpt>
      <trkpt lat="41.69950471729198" lon="123.4449037538128">
        <time>2017-09-01T22:26:34.240000Z</time>
      </trkpt>
      <trkpt lat="41.69943233955809" lon="123.4448122234302">
        <time>2017-09-01T22:26:37.220000Z</time>
      </trkpt>
      <trkpt lat="41.69936251830467" lon="123.4447278176653">
        <ele>50.38015673828011</ele>
        <time>2017-09-01T22:26:40.267000Z</time>
      </trkpt>
      <trkpt lat="41.69929194267997" lon="123.4446419869768">
        <time>2017-09-01T22:26:43.319000Z</time>
      </trkpt>
      <trkpt lat="41.69921998404124" lon="123.4445546475457">
        <time>2017-09-01T22:26:46.222000Z</time>
      </trkpt>
      <trkpt lat="41.69915146198282" lon="123.4444730916279">
        <time>2017-09-01T22:26:49.370000Z</time>
      </trkpt>
      <trkpt lat="41.69907355219284" lon="123.4443751071798">
        <ele>50.0540461403247</ele>
        <time>2017-09-01T22:26:53.236000Z</time>
      </trkpt>
      <trkpt lat="41.69900540732005" lon="123.4442941379952">
        <time>2017-09-01T22:26:57.417000Z</time>
      </trkpt>
      <trkpt lat="41.69893818445662" lon="123.4442098998683">
        <ele>49.88335912504893</ele>
        <time>2017-09-01T22:27:01.237000Z</time>
      </trkpt>
      <trkpt lat="41.69885369487265" lon="123.4441094846683">
        <time>2017-09-01T22:27:05.421000Z</time>
      </trkpt>
      <trkpt lat="41.69876752890804" lon="123.4439983406322">
        <time>2017-09-01T22:27:09.268000Z</time>
      </trkpt>
      <trkpt lat="41.69868614062825" lon="123.4439053853261">
        <ele>49.60350370100167</ele>
        <time>2017-09-01T22:27:13.412000Z</time>
      </trkpt>
      <trkpt lat="41.69862000741222" lon="123.4438185488092">
        <time>2017-09-01T22:27:16.293000Z</time>
      </trkpt>
      <trkpt lat="41.69854037933209" lon="123.4437133559244">
        <time>2017-09-01T22:27:19.232000Z</time>
      </trkpt>
      <trkpt lat="41.69846795968869" lon="123.4436222446369">
        <ele>49.33496026253329</ele>
        <time>2017-09-01T22:27:22.369000Z</time>
      </trkpt>
      <trkpt lat="41.69839704878786" lon="123.4435335641014">
        <time>2017-09-01T22:27:25.258000Z</time>
      </trkpt>
      <trkpt lat="41.69831159528503" lon="123.4434250184553">
        <time>2017-09-01T22:27:29.395000Z</time>
      </trkpt>
      <trkpt lat="41.6982449172453" lon="123.4433427081662">
        <ele>49.06401496411323</ele>
        <time>2017-09-01T22:27:32.303000Z</time>
      </trkpt>
      <trkpt lat="41.6981704021261" lon="123.4432554525542">
        <time>2017-09-01T22:27:35.284000Z</time>
      </trkpt>
      <trkpt lat="41.69809848539689" lon="123.4431726393508">
        <time>2017-09-01T22:27:38.319000Z</time>
      </trkpt>
      <trkpt lat="41.69802736494848" lon="123.443083372082">
        <ele>48.81879281098212</ele>
        <time>2017-09-01T22:27:41.304000Z</time>
      </trkpt>
      <trkpt lat="41.69795687314281" lon="123.4429928475278">
        <time>2017-09-01T22:27:44.227000Z</time>
      </trkpt>
      <trkpt lat="41.69789090756485" lon="123.4429038317161">
        <time>2017-09-01T22:27:47.310000Z</time>
      </trkpt>
      <trkpt lat="41.69782246932545" lon="123.4428210185128">
        <ele>48.56977416954028</ele>
        <time>2017-09-01T22:27:50.233000Z</time>
      </trkpt>
      <trkpt lat="41.69775164224365" lon="123.4427352716433">
        <time>2017-09-01T22:27:53.303000Z</time>
      </trkpt>
      <trkpt lat="41.69768353928038" lon="123.4426510335165">
        <time>2017-09-01T22:27:56.295000Z</time>
      </trkpt>
      <trkpt lat="41.697613801846" lon="123.4425646160948">
        <time>2017-09-01T22:27:59.224000Z</time>
      </trkpt>
      <trkpt lat="41.69752826452413" lon="123.4424562380867">
        <ele>48.24622039024312</ele>
        <time>2017-09-01T22:28:03.222000Z</time>
      </trkpt>
      <trkpt lat="41.697448636444" lon="123.4423626122283">
        <time>2017-09-01T22:28:07.234000Z</time>
      </trkpt>
      <trkpt lat="41.69736259620795" lon="123.4422681481796">
        <ele>48.05337427992927</ele>
        <time>2017-09-01T22:28:11.397000Z</time>
      </trkpt>
      <trkpt lat="41.69729256540695" lon="123.4421817307579">
        <time>2017-09-01T22:28:14.257000Z</time>
      </trkpt>
      <trkpt lat="41.69722571972915" lon="123.4420926311272">
        <time>2017-09-01T22:28:17.239000Z</time>
      </trkpt>
      <trkpt lat="41.69714982159594" lon="123.4420045373248">
        <ele>47.7940508845012</ele>
        <time>2017-09-01T22:28:20.380000Z</time>
      </trkpt>
      <trkpt lat="41.69708071280429" lon="123.4419270047205">
        <time>2017-09-01T22:28:23.236000Z</time>
      </trkpt>
      <trkpt lat="41.69701160401264" lon="123.4418431856888">
        <time>2017-09-01T22:28:26.331000Z</time>
      </trkpt>
      <trkpt lat="41.69694182466873" lon="123.4417540860581">
        <time>2017-09-01T22:28:29.302000Z</time>
      </trkpt>
      <trkpt lat="41.69686856683501" lon="123.4416635615038">
        <ele>47.46623574077365</ele>
        <time>2017-09-01T22:28:32.240000Z</time>
      </trkpt>
      <trkpt lat="41.69679903894821" lon="123.441571528207">
        <time>2017-09-01T22:28:35.395000Z</time>
      </trkpt>
      <trkpt lat="41.69672921769479" lon="123.4414802492815">
        <time>2017-09-01T22:28:38.259000Z</time>
      </trkpt>
      <trkpt lat="41.69665960598895" lon="123.4414018784868">
        <ele>47.2118710239555</ele>
        <time>2017-09-01T22:28:41.234000Z</time>
      </trkpt>
      <trkpt lat="41.69658965900698" lon="123.441320574026">
        <time>2017-09-01T22:28:44.381000Z</time>
      </trkpt>
      <trkpt lat="41.69652021493921" lon="123.4412398562985">
        <time>2017-09-01T22:28:47.224000Z</time>
      </trkpt>
      <trkpt lat="41.69643195349881" lon="123.4411410336601">
        <ele>46.9743193267991</ele>
        <time>2017-09-01T22:28:51.425000Z</time>
      </trkpt>
      <trkpt lat="41.69635551054188" lon="123.4410538618671">
        <time>2017-09-01T22:28:54.268000Z</time>
      </trkpt>
      <trkpt lat="41.69627575673321" lon="123.440961074199">
        <time>2017-09-01T22:28:57.321000Z</time>
      </trkpt>
      <trkpt lat="41.6962054325656" lon="123.440876416977">
        <ele>46.69756307688305</ele>
        <time>2017-09-01T22:29:00.383000Z</time>
      </trkpt>
      <trkpt lat="41.69614608869114" lon="123.440781366195">
        <time>2017-09-01T22:29:03.241000Z</time>
      </trkpt>
      <trkpt lat="41.69608657717863" lon="123.4406855610417">
        <time>2017-09-01T22:29:06.314000Z</time>
      </trkpt>
      <trkpt lat="41.69602664657095" lon="123.4405750875579">
        <time>2017-09-01T22:29:09.245000Z</time>
      </trkpt>
      <trkpt lat="41.69596449475893" lon="123.4404620995032">
        <ele>46.36819834608988</ele>
        <time>2017-09-01T22:29:13.375000Z</time>
      </trkpt>
      <trkpt lat="41.69591235932121" lon="123.4403413162785">
        <time>2017-09-01T22:29:18.258000Z</time>
      </trkpt>
      <trkpt lat="41.69585611675092" lon="123.4402114805984">
        <ele>46.18805884971395</ele>
        <time>2017-09-01T22:29:22.321000Z</time>
      </trkpt>
      <trkpt lat="41.69581471014926" lon="123.4401003365623">
        <time>2017-09-01T22:29:25.289000Z</time>
      </trkpt>
      <trkpt lat="41.69576806485811" lon="123.4399844148414">
        <time>2017-09-01T22:29:28.197000Z</time>
      </trkpt>
      <trkpt lat="41.69572175484308" lon="123.4398632125216">
        <ele>45.92672099110061</ele>
        <time>2017-09-01T22:29:31.231000Z</time>
      </trkpt>
      <trkpt lat="41.69567360080936" lon="123.4397390765356">
        <time>2017-09-01T22:29:34.226000Z</time>
      </trkpt>
      <trkpt lat="41.69562444094726" lon="123.439621143158">
        <time>2017-09-01T22:29:37.230000Z</time>
      </trkpt>
      <trkpt lat="41.69558060359368" lon="123.4395004437523">
        <ele>45.42289497222841</ele>
        <time>2017-09-01T22:29:40.359000Z</time>
      </trkpt>
      <trkpt lat="41.69553596995929" lon="123.4393867013263">
        <time>2017-09-01T22:29:43.216000Z</time>
      </trkpt>
      <trkpt lat="41.69548739683041" lon="123.4392737970906">
        <time>2017-09-01T22:29:46.217000Z</time>
      </trkpt>
      <trkpt lat="41.69544075153926" lon="123.4391571209984">
        <time>2017-09-01T22:29:49.217000Z</time>
      </trkpt>
      <trkpt lat="41.69539758473793" lon="123.4390435462104">
        <ele>44.9294520178606</ele>
        <time>2017-09-01T22:29:52.209000Z</time>
      </trkpt>
      <trkpt lat="41.69535517230788" lon="123.4389239364522">
        <time>2017-09-01T22:29:55.426000Z</time>
      </trkpt>
      <trkpt lat="41.695310580583" lon="123.4388109483974">
        <time>2017-09-01T22:29:58.345000Z</time>
      </trkpt>
      <trkpt lat="41.69526464775362" lon="123.4387001396375">
        <ele>44.26705943718494</ele>
        <time>2017-09-01T22:30:01.238000Z</time>
      </trkpt>
      <trkpt lat="41.69521909210989" lon="123.4385948629337">
        <time>2017-09-01T22:30:04.323000Z</time>
      </trkpt>
      <trkpt lat="41.6951683815957" lon="123.4384853114592">
        <time>2017-09-01T22:30:07.226000Z</time>
      </trkpt>
      <trkpt lat="41.69512177821407" lon="123.4383750894325">
        <ele>44.26701415815712</ele>
        <time>2017-09-01T22:30:10.224000Z</time>
      </trkpt>
      <trkpt lat="41.69506872076699" lon="123.4382300825076">
        <time>2017-09-01T22:30:14.228000Z</time>
      </trkpt>
      <trkpt lat="41.6950235423089" lon="123.4381081258165">
        <time>2017-09-01T22:30:17.210000Z</time>
      </trkpt>
      <trkpt lat="41.69497953731724" lon="123.4379943833905">
        <ele>44.26696324633157</ele>
        <time>2017-09-01T22:30:20.229000Z</time>
      </trkpt>
      <trkpt lat="41.69493557423511" lon="123.4378790484028">
        <time>2017-09-01T22:30:23.275000Z</time>
      </trkpt>
      <trkpt lat="41.69488645628252" lon="123.4377694969284">
        <time>2017-09-01T22:30:26.242000Z</time>
      </trkpt>
      <trkpt lat="41.69483888898203" lon="123.4376554192262">
        <time>2017-09-01T22:30:29.243000Z</time>
      </trkpt>
      <trkpt lat="41.69479102831492" lon="123.437533211078">
        <ele>44.26690131444278</ele>
        <time>2017-09-01T22:30:32.401000Z</time>
      </trkpt>
      <trkpt lat="41.69474689759472" lon="123.4374111705678">
        <time>2017-09-01T22:30:35.208000Z</time>
      </trkpt>
      <trkpt lat="41.69470515571692" lon="123.4372910578953">
        <time>2017-09-01T22:30:38.209000Z</time>
      </trkpt>
      <trkpt lat="41.69466123454431" lon="123.4371664189952">
        <ele>44.2668525690779</ele>
        <time>2017-09-01T22:30:41.224000Z</time>
      </trkpt>
      <trkpt lat="41.69461706191459" lon="123.4370451328563">
        <time>2017-09-01T22:30:44.206000Z</time>
      </trkpt>
      <trkpt lat="41.69457456566551" lon="123.4369310551541">
        <time>2017-09-01T22:30:47.217000Z</time>
      </trkpt>
      <trkpt lat="41.6945430916191" lon="123.4368095175581">
        <ele>44.26680454586656</ele>
        <time>2017-09-01T22:30:50.223000Z</time>
      </trkpt>
      <trkpt lat="41.69450407385984" lon="123.4366862197625">
        <time>2017-09-01T22:30:53.318000Z</time>
      </trkpt>
      <trkpt lat="41.69446224816301" lon="123.4365620837765">
        <time>2017-09-01T22:30:56.295000Z</time>
      </trkpt>
      <trkpt lat="41.69442503251293" lon="123.4364410490947">
        <time>2017-09-01T22:30:59.237000Z</time>
      </trkpt>
      <trkpt lat="41.69438467364916" lon="123.4362900910186">
        <ele>44.26674096746768</ele>
        <time>2017-09-01T22:31:03.229000Z</time>
      </trkpt>
      <trkpt lat="41.69435542080709" lon="123.4361687210607">
        <time>2017-09-01T22:31:06.246000Z</time>
      </trkpt>
      <trkpt lat="41.69432524595567" lon="123.4360447527128">
        <time>2017-09-01T22:31:09.233000Z</time>
      </trkpt>
      <trkpt lat="41.69429406527588" lon="123.4359175154226">
        <ele>44.26669077779569</ele>
        <time>2017-09-01T22:31:12.236000Z</time>
      </trkpt>
      <trkpt lat="41.69426565062412" lon="123.4357903619515">
        <time>2017-09-01T22:31:15.226000Z</time>
      </trkpt>
      <trkpt lat="41.69423778079608" lon="123.4356598557191">
        <time>2017-09-01T22:31:18.229000Z</time>
      </trkpt>
      <trkpt lat="41.69421045579174" lon="123.4355291818487">
        <ele>44.26664248016601</ele>
        <time>2017-09-01T22:31:21.228000Z</time>
      </trkpt>
      <trkpt lat="41.69418459762046" lon="123.4353963286834">
        <time>2017-09-01T22:31:24.217000Z</time>
      </trkpt>
      <trkpt lat="41.69416217602947" lon="123.4352669959175">
        <time>2017-09-01T22:31:27.241000Z</time>
      </trkpt>
      <trkpt lat="41.69414361011395" lon="123.4351423570173">
        <ele>44.2665937925734</ele>
        <time>2017-09-01T22:31:30.231000Z</time>
      </trkpt>
      <trkpt lat="41.69412848077872" lon="123.4350215737926">
        <time>2017-09-01T22:31:33.231000Z</time>
      </trkpt>
      <trkpt lat="41.69410937003949" lon="123.4348919057505">
        <time>2017-09-01T22:31:36.220000Z</time>
      </trkpt>
      <trkpt lat="41.69408933729091" lon="123.4347670153933">
        <time>2017-09-01T22:31:39.224000Z</time>
      </trkpt>
      <trkpt lat="41.69407286685118" lon="123.4346401971983">
        <ele>44.05421100025907</ele>
        <time>2017-09-01T22:31:42.238000Z</time>
      </trkpt>
      <trkpt lat="41.69405727651128" lon="123.4345129599082">
        <time>2017-09-01T22:31:45.236000Z</time>
      </trkpt>
      <trkpt lat="41.69404876887956" lon="123.4343898297506">
        <time>2017-09-01T22:31:48.230000Z</time>
      </trkpt>
      <trkpt lat="41.69404399119475" lon="123.4342646041172">
        <ele>44.01201445975401</ele>
        <time>2017-09-01T22:31:51.215000Z</time>
      </trkpt>
      <trkpt lat="41.6940398840622" lon="123.4341360257225">
        <time>2017-09-01T22:31:54.206000Z</time>
      </trkpt>
      <trkpt lat="41.69403573502013" lon="123.434013063203">
        <time>2017-09-01T22:31:57.231000Z</time>
      </trkpt>
      <trkpt lat="41.69403091542581" lon="123.4338869155603">
        <ele>43.97027078616094</ele>
        <time>2017-09-01T22:32:00.230000Z</time>
      </trkpt>
      <trkpt lat="41.69402295261779" lon="123.433754062395">
        <time>2017-09-01T22:32:03.216000Z</time>
      </trkpt>
      <trkpt lat="41.69401151131996" lon="123.43362464581">
        <time>2017-09-01T22:32:06.224000Z</time>
      </trkpt>
      <trkpt lat="41.6940042190642" lon="123.4334998392718">
        <time>2017-09-01T22:32:09.226000Z</time>
      </trkpt>
      <trkpt lat="41.69401092458674" lon="123.4333668184685">
        <ele>43.29675575266967</ele>
        <time>2017-09-01T22:32:12.235000Z</time>
      </trkpt>
      <trkpt lat="41.69401633091429" lon="123.4332339653032">
        <time>2017-09-01T22:32:15.235000Z</time>
      </trkpt>
      <trkpt lat="41.69401922267088" lon="123.4331049678134">
        <time>2017-09-01T22:32:18.240000Z</time>
      </trkpt>
      <trkpt lat="41.69402253352263" lon="123.432969013344">
        <ele>43.10825808117296</ele>
        <time>2017-09-01T22:32:21.231000Z</time>
      </trkpt>
      <trkpt lat="41.69403007723549" lon="123.4328379203784">
        <time>2017-09-01T22:32:24.233000Z</time>
      </trkpt>
      <trkpt lat="41.69403246607789" lon="123.4327152093159">
        <time>2017-09-01T22:32:27.227000Z</time>
      </trkpt>
      <trkpt lat="41.69403175361612" lon="123.4325898160445">
        <ele>42.83692272482863</ele>
        <time>2017-09-01T22:32:30.238000Z</time>
      </trkpt>
      <trkpt lat="41.69403665702948" lon="123.4324552026795">
        <time>2017-09-01T22:32:33.236000Z</time>
      </trkpt>
      <trkpt lat="41.69404390737572" lon="123.4323164821821">
        <time>2017-09-01T22:32:36.221000Z</time>
      </trkpt>
      <trkpt lat="41.6940483497844" lon="123.4321783484178">
        <time>2017-09-01T22:32:39.241000Z</time>
      </trkpt>
      <trkpt lat="41.69405358847388" lon="123.4320459981667">
        <ele>42.83646109565421</ele>
        <time>2017-09-01T22:32:42.234000Z</time>
      </trkpt>
      <trkpt lat="41.6940581147016" lon="123.4319089540499">
        <time>2017-09-01T22:32:45.226000Z</time>
      </trkpt>
      <trkpt lat="41.69405920434901" lon="123.4317705688285">
        <time>2017-09-01T22:32:48.230000Z</time>
      </trkpt>
      <trkpt lat="41.69406611941913" lon="123.4316378833013">
        <ele>42.83611058411583</ele>
        <time>2017-09-01T22:32:51.229000Z</time>
      </trkpt>
      <trkpt lat="41.69407341167489" lon="123.4315060359644">
        <time>2017-09-01T22:32:54.220000Z</time>
      </trkpt>
      <trkpt lat="41.69407642916003" lon="123.4313732666182">
        <time>2017-09-01T22:32:57.233000Z</time>
      </trkpt>
      <trkpt lat="41.6940824222208" lon="123.4312404134529">
        <ele>42.83576875525785</ele>
        <time>2017-09-01T22:33:00.220000Z</time>
      </trkpt>
      <trkpt lat="41.69408652935335" lon="123.431113762896">
        <time>2017-09-01T22:33:03.231000Z</time>
      </trkpt>
      <trkpt lat="41.69409176804283" lon="123.4309866932439">
        <time>2017-09-01T22:33:06.233000Z</time>
      </trkpt>
      <trkpt lat="41.69410325125018" lon="123.4308631439911">
        <time>2017-09-01T22:33:09.238000Z</time>
      </trkpt>
      <trkpt lat="41.69410346079776" lon="123.4307282791691">
        <ele>42.83532945297588</ele>
        <time>2017-09-01T22:33:12.232000Z</time>
      </trkpt>
      <trkpt lat="41.69411104642013" lon="123.4305980243938">
        <time>2017-09-01T22:33:15.232000Z</time>
      </trkpt>
      <trkpt lat="41.69412014078507" lon="123.4304674343424">
        <time>2017-09-01T22:33:18.241000Z</time>
      </trkpt>
      <trkpt lat="41.69412625957438" lon="123.4303401132332">
        <ele>42.83498865777032</ele>
        <time>2017-09-01T22:33:21.242000Z</time>
      </trkpt>
      <trkpt lat="41.69412600811729" lon="123.430212540667">
        <time>2017-09-01T22:33:24.231000Z</time>
      </trkpt>
      <trkpt lat="41.69412835505018" lon="123.4300776758449">
        <time>2017-09-01T22:33:27.225000Z</time>
      </trkpt>
      <trkpt lat="41.69413355183014" lon="123.4299421404707">
        <ele>42.83465365101836</ele>
        <time>2017-09-01T22:33:30.228000Z</time>
      </trkpt>
      <trkpt lat="41.69413535393932" lon="123.4298123047905">
        <time>2017-09-01T22:33:33.222000Z</time>
      </trkpt>
      <trkpt lat="41.69414122127154" lon="123.4296775237875">
        <time>2017-09-01T22:33:36.229000Z</time>
      </trkpt>
      <trkpt lat="41.69414981272229" lon="123.4295458440887">
        <time>2017-09-01T22:33:39.229000Z</time>
      </trkpt>
      <trkpt lat="41.69415982909658" lon="123.4294176009702">
        <ele>42.83419605308841</ele>
        <time>2017-09-01T22:33:42.242000Z</time>
      </trkpt>
      <trkpt lat="41.69416565451929" lon="123.4292834067004">
        <time>2017-09-01T22:33:45.360000Z</time>
      </trkpt>
      <trkpt lat="41.69417068366119" lon="123.4291429260033">
        <time>2017-09-01T22:33:48.351000Z</time>
      </trkpt>
      <trkpt lat="41.69418216686854" lon="123.4290078935432">
        <ele>42.83384905596829</ele>
        <time>2017-09-01T22:33:51.202000Z</time>
      </trkpt>
      <trkpt lat="41.69419733811328" lon="123.4288830870049">
        <time>2017-09-01T22:33:57.259000Z</time>
      </trkpt>
      <trkpt lat="41.6942106234298" lon="123.4287518264013">
        <ele>42.83362371973895</ele>
        <time>2017-09-01T22:34:00.235000Z</time>
      </trkpt>
      <trkpt lat="41.69421439528623" lon="123.4286167101221">
        <time>2017-09-01T22:34:03.276000Z</time>
      </trkpt>
      <trkpt lat="41.69421464674333" lon="123.4284798336434">
        <time>2017-09-01T22:34:06.246000Z</time>
      </trkpt>
      <trkpt lat="41.69421250935802" lon="123.4283563682096">
        <time>2017-09-01T22:34:09.327000Z</time>
      </trkpt>
      <trkpt lat="41.69421745468089" lon="123.4282350820707">
        <ele>42.83317025641873</ele>
        <time>2017-09-01T22:34:12.325000Z</time>
      </trkpt>
      <trkpt lat="41.69422390874633" lon="123.4281021450864">
        <time>2017-09-01T22:34:15.213000Z</time>
      </trkpt>
      <trkpt lat="41.69423338029691" lon="123.4279669449883">
        <time>2017-09-01T22:34:18.431000Z</time>
      </trkpt>
      <trkpt lat="41.69424251657137" lon="123.427831325795">
        <ele>42.83283493957103</ele>
        <time>2017-09-01T22:34:21.306000Z</time>
      </trkpt>
      <trkpt lat="41.69425014410326" lon="123.4276975506204">
        <time>2017-09-01T22:34:24.231000Z</time>
      </trkpt>
      <trkpt lat="41.69426045384416" lon="123.4275689722257">
        <time>2017-09-01T22:34:27.384000Z</time>
      </trkpt>
      <trkpt lat="41.69427524790326" lon="123.4274399747359">
        <ele>42.83249176696489</ele>
        <time>2017-09-01T22:34:30.260000Z</time>
      </trkpt>
      <trkpt lat="41.69427822347888" lon="123.4273104743319">
        <time>2017-09-01T22:34:33.288000Z</time>
      </trkpt>
      <trkpt lat="41.69422139417538" lon="123.427181141566">
        <time>2017-09-01T22:34:36.312000Z</time>
      </trkpt>
      <trkpt lat="41.6941522015647" lon="123.4270812292801">
        <time>2017-09-01T22:34:39.239000Z</time>
      </trkpt>
      <trkpt lat="41.69413954489091" lon="123.4269445204394">
        <ele>42.83202259212776</ele>
        <time>2017-09-01T22:34:42.432000Z</time>
      </trkpt>
      <trkpt lat="41.69416125402012" lon="123.4267880303072">
        <time>2017-09-01T22:34:45.287000Z</time>
      </trkpt>
      <trkpt lat="41.69419461399475" lon="123.426665989797">
        <time>2017-09-01T22:34:48.278000Z</time>
      </trkpt>
      <trkpt lat="41.69425840027788" lon="123.4265276883947">
        <ele>42.83165585224624</ele>
        <time>2017-09-01T22:34:52.282000Z</time>
      </trkpt>
      <trkpt lat="41.6942885751293" lon="123.4263918177443">
        <time>2017-09-01T22:34:55.242000Z</time>
      </trkpt>
      <trkpt lat="41.69431325983414" lon="123.4262597189503">
        <time>2017-09-01T22:34:58.214000Z</time>
      </trkpt>
      <trkpt lat="41.69434779327521" lon="123.426126865785">
        <ele>42.83127753545755</ele>
        <time>2017-09-01T22:35:01.244000Z</time>
      </trkpt>
      <trkpt lat="41.69437700420776" lon="123.4259937611627">
        <time>2017-09-01T22:35:04.244000Z</time>
      </trkpt>
      <trkpt lat="41.69440902307787" lon="123.4258738161283">
        <time>2017-09-01T22:35:07.236000Z</time>
      </trkpt>
      <trkpt lat="41.69443567752996" lon="123.4257355147259">
        <ele>42.83092816093683</ele>
        <time>2017-09-01T22:35:11.226000Z</time>
      </trkpt>
      <trkpt lat="41.69447197117069" lon="123.4255854786592">
        <time>2017-09-01T22:35:15.414000Z</time>
      </trkpt>
      <trkpt lat="41.69449632059941" lon="123.4254627675967">
        <time>2017-09-01T22:35:18.235000Z</time>
      </trkpt>
      <trkpt lat="41.69452188540408" lon="123.4253376257824">
        <ele>42.83056100759435</ele>
        <time>2017-09-01T22:35:21.263000Z</time>
      </trkpt>
      <trkpt lat="41.69454866558471" lon="123.4252183513003">
        <time>2017-09-01T22:35:24.228000Z</time>
      </trkpt>
      <trkpt lat="41.69458307329723" lon="123.4250631184535">
        <time>2017-09-01T22:35:28.215000Z</time>
      </trkpt>
      <trkpt lat="41.69461006302544" lon="123.424937557544">
        <ele>42.8302035705847</ele>
        <time>2017-09-01T22:35:31.216000Z</time>
      </trkpt>
      <trkpt lat="41.69463839385816" lon="123.4247968253898">
        <time>2017-09-01T22:35:35.238000Z</time>
      </trkpt>
      <trkpt lat="41.6946773277984" lon="123.4246674926238">
        <time>2017-09-01T22:35:38.327000Z</time>
      </trkpt>
      <trkpt lat="41.69470917903045" lon="123.4245312028783">
        <ele>42.82984634030553</ele>
        <time>2017-09-01T22:35:41.208000Z</time>
      </trkpt>
      <trkpt lat="41.69473424092093" lon="123.4244003613697">
        <time>2017-09-01T22:35:44.221000Z</time>
      </trkpt>
      <trkpt lat="41.69476320039639" lon="123.4242716991561">
        <time>2017-09-01T22:35:47.236000Z</time>
      </trkpt>
      <trkpt lat="41.69479681182811" lon="123.4241434560375">
        <ele>42.82949231434889</ele>
        <time>2017-09-01T22:35:50.262000Z</time>
      </trkpt>
      <trkpt lat="41.69482644185582" lon="123.4240129498052">
        <time>2017-09-01T22:35:53.325000Z</time>
      </trkpt>
      <trkpt lat="41.69485703580239" lon="123.423861824091">
        <time>2017-09-01T22:35:57.311000Z</time>
      </trkpt>
      <trkpt lat="41.6948861210064" lon="123.4237408732282">
        <ele>42.82912402398874</ele>
        <time>2017-09-01T22:36:00.265000Z</time>
      </trkpt>
      <trkpt lat="41.69491143435398" lon="123.4236218502032">
        <time>2017-09-01T22:36:03.322000Z</time>
      </trkpt>
      <trkpt lat="41.69493352066883" lon="123.4234867339241">
        <time>2017-09-01T22:36:06.257000Z</time>
      </trkpt>
      <trkpt lat="41.69495175130823" lon="123.4233441577511">
        <time>2017-09-01T22:36:09.275000Z</time>
      </trkpt>
      <trkpt lat="41.69496616818169" lon="123.4232026712256">
        <ele>42.82866559913685</ele>
        <time>2017-09-01T22:36:12.243000Z</time>
      </trkpt>
      <trkpt lat="41.69497304134229" lon="123.4230681416797">
        <time>2017-09-01T22:36:15.217000Z</time>
      </trkpt>
      <trkpt lat="41.69497446626583" lon="123.422944927703">
        <time>2017-09-01T22:36:18.391000Z</time>
      </trkpt>
      <trkpt lat="41.69495497834095" lon="123.422823306288">
        <ele>42.82832139287829</ele>
        <time>2017-09-01T22:36:21.318000Z</time>
      </trkpt>
      <trkpt lat="41.69488239105949" lon="123.4227295127915">
        <time>2017-09-01T22:36:24.223000Z</time>
      </trkpt>
      <trkpt lat="41.69479350097635" lon="123.4226622899281">
        <time>2017-09-01T22:36:27.420000Z</time>
      </trkpt>
      <trkpt lat="41.69473160062143" lon="123.4225559235769">
        <ele>42.88938805229996</ele>
        <time>2017-09-01T22:36:30.269000Z</time>
      </trkpt>
      <trkpt lat="41.69467678297469" lon="123.422445282455">
        <time>2017-09-01T22:36:33.232000Z</time>
      </trkpt>
      <trkpt lat="41.69459711298504" lon="123.4223881178754">
        <time>2017-09-01T22:36:36.386000Z</time>
      </trkpt>
      <trkpt lat="41.69449451849022" lon="123.422358110662">
        <time>2017-09-01T22:36:39.234000Z</time>
      </trkpt>
      <trkpt lat="41.6943972045944" lon="123.4223198053645">
        <ele>43.55701406151643</ele>
        <time>2017-09-01T22:36:42.389000Z</time>
      </trkpt>
      <trkpt lat="41.69430538084516" lon="123.4222834279047">
        <time>2017-09-01T22:36:45.279000Z</time>
      </trkpt>
      <trkpt lat="41.69421514965752" lon="123.422249648835">
        <time>2017-09-01T22:36:48.348000Z</time>
      </trkpt>
      <trkpt lat="41.6941247089223" lon="123.4222111758994">
        <ele>44.04824593187215</ele>
        <time>2017-09-01T22:36:51.271000Z</time>
      </trkpt>
      <trkpt lat="41.6940129362435" lon="123.4221768100964">
        <time>2017-09-01T22:36:55.261000Z</time>
      </trkpt>
      <trkpt lat="41.69391956184217" lon="123.4221370798754">
        <time>2017-09-01T22:36:58.253000Z</time>
      </trkpt>
      <trkpt lat="41.69381885327557" lon="123.4220843577044">
        <ele>44.56771300862039</ele>
        <time>2017-09-01T22:37:01.205000Z</time>
      </trkpt>
      <trkpt lat="41.69372531123617" lon="123.4220165481078">
        <time>2017-09-01T22:37:04.236000Z</time>
      </trkpt>
      <trkpt lat="41.69362958990195" lon="123.4219927435028">
        <time>2017-09-01T22:37:07.245000Z</time>
      </trkpt>
      <trkpt lat="41.69353705369094" lon="123.4219629039275">
        <ele>45.09446659024411</ele>
        <time>2017-09-01T22:37:10.233000Z</time>
      </trkpt>
      <trkpt lat="41.69345038481215" lon="123.4219171387361">
        <time>2017-09-01T22:37:13.326000Z</time>
      </trkpt>
      <trkpt lat="41.69335105925956" lon="123.4218810965525">
        <time>2017-09-01T22:37:16.299000Z</time>
      </trkpt>
      <trkpt lat="41.69325148224988" lon="123.4218557832049">
        <time>2017-09-01T22:37:19.215000Z</time>
      </trkpt>
      <trkpt lat="41.69314905539313" lon="123.4218344093518">
        <ele>45.75769033609831</ele>
        <time>2017-09-01T22:37:22.400000Z</time>
      </trkpt>
      <trkpt lat="41.69305651918211" lon="123.4218002950059">
        <time>2017-09-01T22:37:25.299000Z</time>
      </trkpt>
      <trkpt lat="41.69295522388229" lon="123.4217743949251">
        <time>2017-09-01T22:37:28.404000Z</time>
      </trkpt>
      <trkpt lat="41.69285740707227" lon="123.4217617382513">
        <ele>46.26911189704653</ele>
        <time>2017-09-01T22:37:31.298000Z</time>
      </trkpt>
      <trkpt lat="41.69275577649632" lon="123.4217487463014">
        <time>2017-09-01T22:37:34.214000Z</time>
      </trkpt>
      <trkpt lat="41.69266370128998" lon="123.4217361734467">
        <time>2017-09-01T22:37:37.441000Z</time>
      </trkpt>
      <trkpt lat="41.69256743513206" lon="123.4217280430006">
        <ele>46.76398701984</ele>
        <time>2017-09-01T22:37:40.236000Z</time>
      </trkpt>
      <trkpt lat="41.69246701993205" lon="123.421707926433">
        <time>2017-09-01T22:37:43.228000Z</time>
      </trkpt>
      <trkpt lat="41.69236761056044" lon="123.4216852952944">
        <time>2017-09-01T22:37:46.238000Z</time>
      </trkpt>
      <trkpt lat="41.69226283677079" lon="123.4216648434507">
        <time>2017-09-01T22:37:49.222000Z</time>
      </trkpt>
      <trkpt lat="41.69216061946162" lon="123.4216474929111">
        <ele>47.4475522584716</ele>
        <time>2017-09-01T22:37:52.297000Z</time>
      </trkpt>
      <trkpt lat="41.69206971772172" lon="123.4216334113138">
        <time>2017-09-01T22:37:55.241000Z</time>
      </trkpt>
      <trkpt lat="41.69197202664026" lon="123.4216159769552">
        <time>2017-09-01T22:37:58.232000Z</time>
      </trkpt>
      <trkpt lat="41.69187282681622" lon="123.4215957765686">
        <ele>47.94257918344997</ele>
        <time>2017-09-01T22:38:01.238000Z</time>
      </trkpt>
      <trkpt lat="41.69177320789703" lon="123.4215683677452">
        <time>2017-09-01T22:38:04.267000Z</time>
      </trkpt>
      <trkpt lat="41.69168050404795" lon="123.4215481673585">
        <time>2017-09-01T22:38:07.253000Z</time>
      </trkpt>
      <trkpt lat="41.69158360924729" lon="123.4215207585352">
        <ele>49.34080417395444</ele>
        <time>2017-09-01T22:38:10.250000Z</time>
      </trkpt>
      <trkpt lat="41.69148608580389" lon="123.4214936011689">
        <time>2017-09-01T22:38:13.237000Z</time>
      </trkpt>
      <trkpt lat="41.69139614798286" lon="123.4214624204891">
        <time>2017-09-01T22:38:16.208000Z</time>
      </trkpt>
      <trkpt lat="41.6913008457438" lon="123.4214245342868">
        <time>2017-09-01T22:38:19.273000Z</time>
      </trkpt>
      <trkpt lat="41.69121312912711" lon="123.4213845526086">
        <ele>49.77149414942434</ele>
        <time>2017-09-01T22:38:22.222000Z</time>
      </trkpt>
      <trkpt lat="41.69112591542461" lon="123.4213468340444">
        <time>2017-09-01T22:38:25.345000Z</time>
      </trkpt>
      <trkpt lat="41.69104008473613" lon="123.4213107918607">
        <time>2017-09-01T22:38:28.229000Z</time>
      </trkpt>
      <trkpt lat="41.690949895458" lon="123.421274582039">
        <ele>49.81701269046703</ele>
        <time>2017-09-01T22:38:31.224000Z</time>
      </trkpt>
      <trkpt lat="41.69084558267303" lon="123.4212394618647">
        <time>2017-09-01T22:38:34.238000Z</time>
      </trkpt>
      <trkpt lat="41.69075157962897" lon="123.421195373054">
        <time>2017-09-01T22:38:37.219000Z</time>
      </trkpt>
      <trkpt lat="41.69066059407004" lon="123.4211537988143">
        <ele>49.86702044541989</ele>
        <time>2017-09-01T22:38:40.429000Z</time>
      </trkpt>
      <trkpt lat="41.6905661300213" lon="123.4211092070894">
        <time>2017-09-01T22:38:43.304000Z</time>
      </trkpt>
      <trkpt lat="41.69046458326437" lon="123.421063106622">
        <time>2017-09-01T22:38:46.223000Z</time>
      </trkpt>
      <trkpt lat="41.69036685027339" lon="123.4210189339923">
        <time>2017-09-01T22:38:49.223000Z</time>
      </trkpt>
      <trkpt lat="41.69026890773483" lon="123.4209809639709">
        <ele>49.93450779739175</ele>
        <time>2017-09-01T22:38:52.228000Z</time>
      </trkpt>
      <trkpt lat="41.69017880227574" lon="123.4209517111289">
        <time>2017-09-01T22:38:55.354000Z</time>
      </trkpt>
      <trkpt lat="41.69009045701631" lon="123.420917764421">
        <time>2017-09-01T22:38:58.361000Z</time>
      </trkpt>
      <trkpt lat="41.68999963909545" lon="123.4208791238474">
        <ele>49.98208451624043</ele>
        <time>2017-09-01T22:39:01.204000Z</time>
      </trkpt>
      <trkpt lat="41.68990840207942" lon="123.4208455124157">
        <time>2017-09-01T22:39:04.405000Z</time>
      </trkpt>
      <trkpt lat="41.68981045954087" lon="123.4208077100324">
        <time>2017-09-01T22:39:07.294000Z</time>
      </trkpt>
      <trkpt lat="41.68970120143302" lon="123.4207660519736">
        <ele>50.03051135200897</ele>
        <time>2017-09-01T22:39:10.238000Z</time>
      </trkpt>
      <trkpt lat="41.68960568964638" lon="123.4207332787322">
        <time>2017-09-01T22:39:13.325000Z</time>
      </trkpt>
      <trkpt lat="41.68950456198462" lon="123.420685166608">
        <time>2017-09-01T22:39:16.279000Z</time>
      </trkpt>
      <trkpt lat="41.68941349260666" lon="123.420634959008">
        <time>2017-09-01T22:39:19.223000Z</time>
      </trkpt>
      <trkpt lat="41.68930356394657" lon="123.4205710050868">
        <ele>50.09987790980372</ele>
        <time>2017-09-01T22:39:23.222000Z</time>
      </trkpt>
      <trkpt lat="41.68919799387612" lon="123.4205461108344">
        <time>2017-09-01T22:39:27.230000Z</time>
      </trkpt>
      <trkpt lat="41.68909481264808" lon="123.4205083922701">
        <ele>50.13756642658446</ele>
        <time>2017-09-01T22:39:31.217000Z</time>
      </trkpt>
      <trkpt lat="41.68898878157296" lon="123.4204623756217">
        <time>2017-09-01T22:39:35.242000Z</time>
      </trkpt>
      <trkpt lat="41.68889871802338" lon="123.4204327875035">
        <time>2017-09-01T22:39:38.234000Z</time>
      </trkpt>
      <trkpt lat="41.68879759036162" lon="123.42041837063">
        <ele>50.33025089503161</ele>
        <time>2017-09-01T22:39:41.227000Z</time>
      </trkpt>
      <trkpt lat="41.6886989772708" lon="123.4203994275289">
        <time>2017-09-01T22:39:44.223000Z</time>
      </trkpt>
      <trkpt lat="41.68859789151855" lon="123.4203763772952">
        <time>2017-09-01T22:39:47.241000Z</time>
      </trkpt>
      <trkpt lat="41.68848901059636" lon="123.4203516506808">
        <ele>50.35572021655358</ele>
        <time>2017-09-01T22:39:50.259000Z</time>
      </trkpt>
      <trkpt lat="41.68838536836364" lon="123.4203396645593">
        <time>2017-09-01T22:39:53.214000Z</time>
      </trkpt>
      <trkpt lat="41.68829308360972" lon="123.4203408380257">
        <time>2017-09-01T22:39:56.212000Z</time>
      </trkpt>
      <trkpt lat="41.68819283604779" lon="123.4203404189306">
        <time>2017-09-01T22:39:59.215000Z</time>
      </trkpt>
      <trkpt lat="41.68809263039537" lon="123.4203325399416">
        <ele>50.86960404306357</ele>
        <time>2017-09-01T22:40:02.212000Z</time>
      </trkpt>
      <trkpt lat="41.68799426876166" lon="123.4203238227623">
        <time>2017-09-01T22:40:05.208000Z</time>
      </trkpt>
      <trkpt lat="41.68789909225114" lon="123.4203084838795">
        <time>2017-09-01T22:40:08.215000Z</time>
      </trkpt>
      <trkpt lat="41.68778673283913" lon="123.4203126748311">
        <ele>51.52643873848902</ele>
        <time>2017-09-01T22:40:12.227000Z</time>
      </trkpt>
      <trkpt lat="41.68768971230992" lon="123.4203211405533">
        <time>2017-09-01T22:40:15.222000Z</time>
      </trkpt>
      <trkpt lat="41.68757467068889" lon="123.4203109984504">
        <time>2017-09-01T22:40:19.241000Z</time>
      </trkpt>
      <trkpt lat="41.68747039981344" lon="123.4202954081105">
        <ele>51.64082843360467</ele>
        <time>2017-09-01T22:40:22.256000Z</time>
      </trkpt>
      <trkpt lat="41.6873677634091" lon="123.4202804883229">
        <time>2017-09-01T22:40:25.243000Z</time>
      </trkpt>
      <trkpt lat="41.68726827021845" lon="123.4202761297332">
        <time>2017-09-01T22:40:28.245000Z</time>
      </trkpt>
      <trkpt lat="41.68715708427288" lon="123.4202620481359">
        <ele>51.79049085215863</ele>
        <time>2017-09-01T22:40:31.222000Z</time>
      </trkpt>
      <trkpt lat="41.68705733962514" lon="123.4202488885479">
        <time>2017-09-01T22:40:34.256000Z</time>
      </trkpt>
      <trkpt lat="41.68696124110528" lon="123.4202371538835">
        <time>2017-09-01T22:40:37.221000Z</time>
      </trkpt>
      <trkpt lat="41.686854790935" lon="123.4202099126982">
        <ele>51.9405029492606</ele>
        <time>2017-09-01T22:40:40.227000Z</time>
      </trkpt>
      <trkpt lat="41.68677859943517" lon="123.4201254231142">
        <time>2017-09-01T22:40:43.225000Z</time>
      </trkpt>
      <trkpt lat="41.68677143290796" lon="123.4200035502421">
        <time>2017-09-01T22:40:46.222000Z</time>
      </trkpt>
      <trkpt lat="41.68681644372799" lon="123.419892322387">
        <time>2017-09-01T22:40:49.204000Z</time>
      </trkpt>
      <trkpt lat="41.68687524277874" lon="123.4197520931469">
        <ele>52.13168969539231</ele>
        <time>2017-09-01T22:40:53.225000Z</time>
      </trkpt>
      <trkpt lat="41.686919541137" lon="123.4196269513326">
        <time>2017-09-01T22:40:57.252000Z</time>
      </trkpt>
      <trkpt lat="41.68693827469059" lon="123.4194828664171">
        <ele>52.24039601400904</ele>
        <time>2017-09-01T22:41:00.221000Z</time>
      </trkpt>
      <trkpt lat="41.68696362994768" lon="123.4193356801974">
        <time>2017-09-01T22:41:03.220000Z</time>
      </trkpt>
      <trkpt lat="41.68699258942314" lon="123.4192043357747">
        <time>2017-09-01T22:41:06.242000Z</time>
      </trkpt>
      <trkpt lat="41.68701408900478" lon="123.4190715664284">
        <time>2017-09-01T22:41:09.223000Z</time>
      </trkpt>
      <trkpt lat="41.68703789360978" lon="123.4189463407951">
        <ele>52.44744942425731</ele>
        <time>2017-09-01T22:41:12.227000Z</time>
      </trkpt>
      <trkpt lat="41.68705478314467" lon="123.4188050219076">
        <time>2017-09-01T22:41:15.235000Z</time>
      </trkpt>
      <trkpt lat="41.68707691136905" lon="123.4186631162869">
        <time>2017-09-01T22:41:18.238000Z</time>
      </trkpt>
      <trkpt lat="41.68710595466354" lon="123.4185123258488">
        <ele>52.59903507482539</ele>
        <time>2017-09-01T22:41:21.238000Z</time>
      </trkpt>
      <trkpt lat="41.6871439246849" lon="123.4183104058014">
        <time>2017-09-01T22:41:24.245000Z</time>
      </trkpt>
      <trkpt lat="41.68718876786687" lon="123.4181915504145">
        <time>2017-09-01T22:41:28.216000Z</time>
      </trkpt>
      <trkpt lat="41.68720339428791" lon="123.4180550092118">
        <ele>52.77960033506091</ele>
        <time>2017-09-01T22:41:32.247000Z</time>
      </trkpt>
      <trkpt lat="41.6872443398849" lon="123.4179308732258">
        <time>2017-09-01T22:41:36.229000Z</time>
      </trkpt>
      <trkpt lat="41.68730833571561" lon="123.4178277758168">
        <time>2017-09-01T22:41:39.363000Z</time>
      </trkpt>
      <trkpt lat="41.68737212199875" lon="123.4176921566235">
        <ele>52.92768920014875</ele>
        <time>2017-09-01T22:41:42.262000Z</time>
      </trkpt>
      <trkpt lat="41.68743909340509" lon="123.4175567888873">
        <time>2017-09-01T22:41:45.226000Z</time>
      </trkpt>
      <trkpt lat="41.6874964675323" lon="123.417407926287">
        <time>2017-09-01T22:41:48.239000Z</time>
      </trkpt>
      <trkpt lat="41.68753791604348" lon="123.4172870592432">
        <ele>54.48034229573541</ele>
        <time>2017-09-01T22:41:52.226000Z</time>
      </trkpt>
      <trkpt lat="41.6875923984141" lon="123.4171458241748">
        <time>2017-09-01T22:41:56.247000Z</time>
      </trkpt>
      <trkpt lat="41.68760153468855" lon="123.4170167428659">
        <time>2017-09-01T22:41:58.235000Z</time>
      </trkpt>
      <trkpt lat="41.68758648917236" lon="123.4168040101634">
        <ele>56.40048913340234</ele>
        <time>2017-09-01T22:42:01.238000Z</time>
      </trkpt>
      <trkpt lat="41.68757529933163" lon="123.4166165908085">
        <time>2017-09-01T22:42:04.254000Z</time>
      </trkpt>
      <trkpt lat="41.68757320385583" lon="123.4164602683144">
        <time>2017-09-01T22:42:07.283000Z</time>
      </trkpt>
      <trkpt lat="41.68756255883881" lon="123.4163072147625">
        <ele>54.45545030330463</ele>
        <time>2017-09-01T22:42:10.256000Z</time>
      </trkpt>
      <trkpt lat="41.68752961795934" lon="123.4161607829141">
        <time>2017-09-01T22:42:13.234000Z</time>
      </trkpt>
      <trkpt lat="41.68747065127053" lon="123.4160155245321">
        <time>2017-09-01T22:42:16.247000Z</time>
      </trkpt>
      <trkpt lat="41.68738549113431" lon="123.4158922267364">
        <time>2017-09-01T22:42:19.316000Z</time>
      </trkpt>
      <trkpt lat="41.68727614920743" lon="123.4158321284907">
        <ele>50.63946275234659</ele>
        <time>2017-09-01T22:42:22.257000Z</time>
      </trkpt>
      <trkpt lat="41.68714861855068" lon="123.4157961701261">
        <time>2017-09-01T22:42:25.245000Z</time>
      </trkpt>
      <trkpt lat="41.68702670376905" lon="123.4157659952747">
        <time>2017-09-01T22:42:28.249000Z</time>
      </trkpt>
      <trkpt lat="41.68690147813567" lon="123.4157441185074">
        <ele>51.43491622679765</ele>
        <time>2017-09-01T22:42:31.246000Z</time>
      </trkpt>
      <trkpt lat="41.68678484395303" lon="123.4157215711879">
        <time>2017-09-01T22:42:34.248000Z</time>
      </trkpt>
      <trkpt lat="41.68666917368927" lon="123.415679577853">
        <time>2017-09-01T22:42:37.251000Z</time>
      </trkpt>
      <trkpt lat="41.68656029276707" lon="123.415653258677">
        <ele>53.08187080145558</ele>
        <time>2017-09-01T22:42:40.234000Z</time>
      </trkpt>
      <trkpt lat="41.68645715344854" lon="123.4156442900406">
        <time>2017-09-01T22:42:43.241000Z</time>
      </trkpt>
      <trkpt lat="41.68634642850765" lon="123.4156335612046">
        <time>2017-09-01T22:42:46.233000Z</time>
      </trkpt>
      <trkpt lat="41.68624710295506" lon="123.4156072420286">
        <time>2017-09-01T22:42:49.236000Z</time>
      </trkpt>
      <trkpt lat="41.68615268081584" lon="123.4155850299852">
        <ele>55.01063760333275</ele>
        <time>2017-09-01T22:42:52.242000Z</time>
      </trkpt>
      <trkpt lat="41.68605993505724" lon="123.4155432042884">
        <time>2017-09-01T22:42:55.235000Z</time>
      </trkpt>
      <trkpt lat="41.68597540356376" lon="123.4154993669348">
        <time>2017-09-01T22:42:58.233000Z</time>
      </trkpt>
      <trkpt lat="41.68588420845725" lon="123.4154816811191">
        <ele>55.91681246298877</ele>
        <time>2017-09-01T22:43:01.230000Z</time>
      </trkpt>
      <trkpt lat="41.6857772972823" lon="123.4154894762891">
        <time>2017-09-01T22:43:04.242000Z</time>
      </trkpt>
      <trkpt lat="41.68566066309967" lon="123.4155002889441">
        <time>2017-09-01T22:43:07.239000Z</time>
      </trkpt>
      <trkpt lat="41.68554821986862" lon="123.4154931643264">
        <ele>56.02352772901067</ele>
        <time>2017-09-01T22:43:10.237000Z</time>
      </trkpt>
      <trkpt lat="41.68545157652505" lon="123.4154764005201">
        <time>2017-09-01T22:43:13.256000Z</time>
      </trkpt>
      <trkpt lat="41.68534982022055" lon="123.4154689406263">
        <time>2017-09-01T22:43:16.315000Z</time>
      </trkpt>
      <trkpt lat="41.68525590099551" lon="123.4154673480647">
        <time>2017-09-01T22:43:19.245000Z</time>
      </trkpt>
      <trkpt lat="41.68515154630103" lon="123.4154557810383">
        <ele>56.16055534952672</ele>
        <time>2017-09-01T22:43:22.239000Z</time>
      </trkpt>
      <trkpt lat="41.68504471894511" lon="123.4154356644707">
        <time>2017-09-01T22:43:25.238000Z</time>
      </trkpt>
      <trkpt lat="41.68495155409136" lon="123.4154424538123">
        <time>2017-09-01T22:43:28.208000Z</time>
      </trkpt>
      <trkpt lat="41.6848575929568" lon="123.4154803400146">
        <ele>59.77020442344396</ele>
        <time>2017-09-01T22:43:32.263000Z</time>
      </trkpt>
      <trkpt lat="41.6847423836977" lon="123.4154746403204">
        <time>2017-09-01T22:43:36.237000Z</time>
      </trkpt>
      <trkpt lat="41.68464150749303" lon="123.4154928290503">
        <time>2017-09-01T22:43:39.244000Z</time>
      </trkpt>
      <trkpt lat="41.68454926464863" lon="123.4155095928567">
        <ele>61.9210022408053</ele>
        <time>2017-09-01T22:43:42.236000Z</time>
      </trkpt>
      <trkpt lat="41.68444826271541" lon="123.4155180585789">
        <time>2017-09-01T22:43:45.224000Z</time>
      </trkpt>
      <trkpt lat="41.68435111645766" lon="123.4154953436213">
        <time>2017-09-01T22:43:49.251000Z</time>
      </trkpt>
      <trkpt lat="41.68425413783796" lon="123.4154580441522">
        <ele>64.11504169312796</ele>
        <time>2017-09-01T22:43:53.224000Z</time>
      </trkpt>
      <trkpt lat="41.68420242149539" lon="123.4153578804093">
        <time>2017-09-01T22:43:59.222000Z</time>
      </trkpt>
      <trkpt lat="41.68425124608137" lon="123.4152501729535">
        <ele>65.71799863869123</ele>
        <time>2017-09-01T22:44:11.216000Z</time>
      </trkpt>
      <trkpt lat="41.68413348034181" lon="123.415071638416">
        <time>2017-09-01T22:44:14.218000Z</time>
      </trkpt>
      <trkpt lat="41.68405305598088" lon="123.4149962012874">
        <time>2017-09-01T22:44:17.199000Z</time>
      </trkpt>
      <trkpt lat="41.68394865937687" lon="123.4150323272901">
        <ele>62.57946516987963</ele>
        <time>2017-09-01T22:44:24.209000Z</time>
      </trkpt>
      <trkpt lat="41.68384694498189" lon="123.4150094446944">
        <time>2017-09-01T22:44:27.215000Z</time>
      </trkpt>
      <trkpt lat="41.68373475320794" lon="123.4150642623412">
        <ele>59.90721922624893</ele>
        <time>2017-09-01T22:44:30.207000Z</time>
      </trkpt>
      <trkpt lat="41.68366417758323" lon="123.4151602351325">
        <time>2017-09-01T22:44:34.195000Z</time>
      </trkpt>
      <trkpt lat="41.68355320118524" lon="123.4151940142023">
        <time>2017-09-01T22:44:39.204000Z</time>
      </trkpt>
      <trkpt lat="41.68355320118524" lon="123.4151940142023">
        <ele>58.06492307326973</ele>
        <time>2017-09-01T22:44:42.169000Z</time>
      </trkpt>
    </trkseg>
  </trk>
</gpx>