<?xml version="1.0" encoding="UTF-8"?>
<gpx xmlns="http://www.topografix.com/GPX/1/1" xmlns:gpxtpx="http://www.garmin.com/xmlschemas/TrackPointExtension/v1" xmlns:xsi="http://www.w3.org/2001/XMLSchema-instance" xsi:schemaLocation="http://www.topografix.com/GPX/1/1 http://www.topografix.com/GPX/1/1/gpx.xsd" version="1.1" creator="gpx.py -- https://github.com/tkrajina/gpxpy">
  <trk>
    <name>Monday Morning Run</name>
    <trkseg>
      <trkpt lat="41.68336682956822" lon="123.41569843713512">
        <time>2018-05-13T21:35:46.580000Z</time>
      </trkpt>
      <trkpt lat="41.68329558339126" lon="123.41582533914914">
        <time>2018-05-13T21:35:49.638000Z</time>
      </trkpt>
      <trkpt lat="41.68349888645269" lon="123.41542225342562">
        <time>2018-05-13T21:35:51.645000Z</time>
      </trkpt>
      <trkpt lat="41.68343384288408" lon="123.41552535083463">
        <ele>77.07340223839509</ele>
        <time>2018-05-13T21:35:54.128000Z</time>
      </trkpt>
      <trkpt lat="41.68337546292849" lon="123.4156442062216">
        <time>2018-05-13T21:35:58.131000Z</time>
      </trkpt>
      <trkpt lat="41.68327165305771" lon="123.41571209963729">
        <ele>78.65879042198884</ele>
        <time>2018-05-13T21:36:03.124000Z</time>
      </trkpt>
      <trkpt lat="41.683164951430335" lon="123.4157475550877">
        <time>2018-05-13T21:36:07.138000Z</time>
      </trkpt>
      <trkpt lat="41.683106781022325" lon="123.4158823360907">
        <ele>77.38784010460603</ele>
        <time>2018-05-13T21:36:12.133000Z</time>
      </trkpt>
      <trkpt lat="41.68307249903835" lon="123.41601753618886">
        <time>2018-05-13T21:36:15.135000Z</time>
      </trkpt>
      <trkpt lat="41.68296772524871" lon="123.41605818841924">
        <time>2018-05-13T21:36:19.133000Z</time>
      </trkpt>
      <trkpt lat="41.68285255789913" lon="123.41606740851273">
        <ele>77.30063612511384</ele>
        <time>2018-05-13T21:36:23.128000Z</time>
      </trkpt>
      <trkpt lat="41.68273449879296" lon="123.41607327584495">
        <time>2018-05-13T21:36:27.099000Z</time>
      </trkpt>
      <trkpt lat="41.682640663386955" lon="123.41605793696215">
        <time>2018-05-13T21:36:30.143000Z</time>
      </trkpt>
      <trkpt lat="41.682522604280784" lon="123.41604888450672">
        <ele>77.51731092980134</ele>
        <time>2018-05-13T21:36:34.129000Z</time>
      </trkpt>
      <trkpt lat="41.68242772113688" lon="123.4161067196386">
        <time>2018-05-13T21:36:39.131000Z</time>
      </trkpt>
      <trkpt lat="41.682371143290474" lon="123.41622498829236">
        <ele>76.90164930870759</ele>
        <time>2018-05-13T21:36:43.121000Z</time>
      </trkpt>
      <trkpt lat="41.68233648412086" lon="123.41633629996647">
        <time>2018-05-13T21:36:46.136000Z</time>
      </trkpt>
      <trkpt lat="41.682325000913515" lon="123.41647719975879">
        <time>2018-05-13T21:36:49.127000Z</time>
      </trkpt>
      <trkpt lat="41.682307398916855" lon="123.41662262577881">
        <ele>76.61627943566072</ele>
        <time>2018-05-13T21:36:52.129000Z</time>
      </trkpt>
      <trkpt lat="41.682290509381964" lon="123.4167663754182">
        <time>2018-05-13T21:36:55.127000Z</time>
      </trkpt>
      <trkpt lat="41.682278062255754" lon="123.4169027489828">
        <time>2018-05-13T21:36:58.142000Z</time>
      </trkpt>
      <trkpt lat="41.682268758343234" lon="123.41702956717779">
        <time>2018-05-13T21:37:01.121000Z</time>
      </trkpt>
      <trkpt lat="41.682260208802" lon="123.41715957049598">
        <ele>76.32034285118806</ele>
        <time>2018-05-13T21:37:04.131000Z</time>
      </trkpt>
      <trkpt lat="41.68225111443706" lon="123.4172843770342">
        <time>2018-05-13T21:37:07.141000Z</time>
      </trkpt>
      <trkpt lat="41.68225220408447" lon="123.41744145389964">
        <time>2018-05-13T21:37:11.144000Z</time>
      </trkpt>
      <trkpt lat="41.682236488016024" lon="123.41759459127059">
        <ele>76.25427992394197</ele>
        <time>2018-05-13T21:37:15.122000Z</time>
      </trkpt>
      <trkpt lat="41.682236488016024" lon="123.41759459127059">
        <time>2018-05-13T21:37:32.299000Z</time>
      </trkpt>
      <trkpt lat="41.68221779637195" lon="123.41774596844186">
        <time>2018-05-13T21:37:32.304000Z</time>
      </trkpt>
      <trkpt lat="41.682216245719864" lon="123.41789030481448">
        <ele>76.26485426476228</ele>
        <time>2018-05-13T21:37:36.139000Z</time>
      </trkpt>
      <trkpt lat="41.682216245719864" lon="123.41789030481448">
        <time>2018-05-13T21:38:08.174000Z</time>
      </trkpt>
      <trkpt lat="41.68227273974724" lon="123.41815936390628">
        <time>2018-05-13T21:38:08.178000Z</time>
      </trkpt>
      <trkpt lat="41.682236068920865" lon="123.41831367474367">
        <time>2018-05-13T21:38:12.117000Z</time>
      </trkpt>
      <trkpt lat="41.68222073003806" lon="123.41844208550026">
        <ele>75.77602369835603</ele>
        <time>2018-05-13T21:38:15.124000Z</time>
      </trkpt>
      <trkpt lat="41.682210965120866" lon="123.41856873605718">
        <time>2018-05-13T21:38:18.134000Z</time>
      </trkpt>
      <trkpt lat="41.682195081414356" lon="123.41869278822412">
        <time>2018-05-13T21:38:21.119000Z</time>
      </trkpt>
      <trkpt lat="41.68218364011653" lon="123.41881566692462">
        <time>2018-05-13T21:38:24.144000Z</time>
      </trkpt>
      <trkpt lat="41.68216670867212" lon="123.41894483205249">
        <ele>75.90814192345368</ele>
        <time>2018-05-13T21:38:27.098000Z</time>
      </trkpt>
      <trkpt lat="41.682164026463106" lon="123.41910400439372">
        <time>2018-05-13T21:38:32.145000Z</time>
      </trkpt>
      <trkpt lat="41.68216193098731" lon="123.41924406599571">
        <ele>76.01383192589509</ele>
        <time>2018-05-13T21:38:35.131000Z</time>
      </trkpt>
      <trkpt lat="41.682160086968615" lon="123.41937708679905">
        <time>2018-05-13T21:38:38.131000Z</time>
      </trkpt>
      <trkpt lat="41.682159164959266" lon="123.41950792830755">
        <time>2018-05-13T21:38:41.116000Z</time>
      </trkpt>
      <trkpt lat="41.68213858738698" lon="123.41963206429352">
        <time>2018-05-13T21:38:44.131000Z</time>
      </trkpt>
      <trkpt lat="41.68210702952154" lon="123.4197887220638">
        <ele>76.00590498497712</ele>
        <time>2018-05-13T21:38:48.152000Z</time>
      </trkpt>
      <trkpt lat="41.68209378611453" lon="123.41992928657999">
        <time>2018-05-13T21:38:52.156000Z</time>
      </trkpt>
      <trkpt lat="41.682105646507516" lon="123.42005082417597">
        <ele>75.9557035689615</ele>
        <time>2018-05-13T21:38:56.142000Z</time>
      </trkpt>
      <trkpt lat="41.68210208419867" lon="123.42018635955026">
        <time>2018-05-13T21:39:00.139000Z</time>
      </trkpt>
      <trkpt lat="41.682096342594996" lon="123.42033807199766">
        <time>2018-05-13T21:39:04.135000Z</time>
      </trkpt>
      <trkpt lat="41.68208536230184" lon="123.42049657378664">
        <ele>76.15651686241853</ele>
        <time>2018-05-13T21:39:09.140000Z</time>
      </trkpt>
      <trkpt lat="41.68208058461703" lon="123.42065960180332">
        <time>2018-05-13T21:39:13.120000Z</time>
      </trkpt>
      <trkpt lat="41.68207174170919" lon="123.42078055266609">
        <ele>75.87907393028962</ele>
        <time>2018-05-13T21:39:16.130000Z</time>
      </trkpt>
      <trkpt lat="41.68206541337229" lon="123.42091172945072">
        <time>2018-05-13T21:39:19.122000Z</time>
      </trkpt>
      <trkpt lat="41.68205690574057" lon="123.42105036612918">
        <time>2018-05-13T21:39:22.133000Z</time>
      </trkpt>
      <trkpt lat="41.682053846345916" lon="123.42118145909478">
        <ele>75.81565840294587</ele>
        <time>2018-05-13T21:39:25.155000Z</time>
      </trkpt>
      <trkpt lat="41.682040602938905" lon="123.42132462200095">
        <time>2018-05-13T21:39:29.088000Z</time>
      </trkpt>
      <trkpt lat="41.682039680929556" lon="123.42148195032348">
        <ele>75.32418806603181</ele>
        <time>2018-05-13T21:39:35.131000Z</time>
      </trkpt>
      <trkpt lat="41.682027233803346" lon="123.42162569996287">
        <time>2018-05-13T21:39:38.127000Z</time>
      </trkpt>
      <trkpt lat="41.68201285883941" lon="123.42174715373983">
        <time>2018-05-13T21:39:41.139000Z</time>
      </trkpt>
      <trkpt lat="41.6819848213733" lon="123.42189073574116">
        <ele>76.39432508995759</ele>
        <time>2018-05-13T21:39:45.122000Z</time>
      </trkpt>
      <trkpt lat="41.681969482490494" lon="123.42204026889374">
        <time>2018-05-13T21:39:49.126000Z</time>
      </trkpt>
      <trkpt lat="41.681978367307856" lon="123.4221717809545">
        <time>2018-05-13T21:39:52.156000Z</time>
      </trkpt>
      <trkpt lat="41.68198863513924" lon="123.42230421502461">
        <ele>76.57136519005525</ele>
        <time>2018-05-13T21:39:55.121000Z</time>
      </trkpt>
      <trkpt lat="41.68197912167914" lon="123.42242650699188">
        <time>2018-05-13T21:39:58.134000Z</time>
      </trkpt>
      <trkpt lat="41.6819586698354" lon="123.42255014006366">
        <time>2018-05-13T21:40:01.135000Z</time>
      </trkpt>
      <trkpt lat="41.68192178946145" lon="123.42270277452042">
        <ele>76.33090956261384</ele>
        <time>2018-05-13T21:40:05.127000Z</time>
      </trkpt>
      <trkpt lat="41.681908168868794" lon="123.42282976035347">
        <time>2018-05-13T21:40:08.130000Z</time>
      </trkpt>
      <trkpt lat="41.6819097614304" lon="123.42298306536247">
        <time>2018-05-13T21:40:12.127000Z</time>
      </trkpt>
      <trkpt lat="41.68191445529617" lon="123.42312312696447">
        <ele>76.14066298058259</ele>
        <time>2018-05-13T21:40:15.151000Z</time>
      </trkpt>
      <trkpt lat="41.68191143781103" lon="123.42324357491304">
        <time>2018-05-13T21:40:18.128000Z</time>
      </trkpt>
      <trkpt lat="41.68191156353958" lon="123.42338304978182">
        <time>2018-05-13T21:40:22.153000Z</time>
      </trkpt>
      <trkpt lat="41.68190049942739" lon="123.42352445248832">
        <ele>76.31241591027009</ele>
        <time>2018-05-13T21:40:26.131000Z</time>
      </trkpt>
      <trkpt lat="41.681878413112535" lon="123.42368094262054">
        <time>2018-05-13T21:40:30.136000Z</time>
      </trkpt>
      <trkpt lat="41.68187765874125" lon="123.4238122032242">
        <time>2018-05-13T21:40:33.127000Z</time>
      </trkpt>
      <trkpt lat="41.68186391242005" lon="123.42396534059515">
        <ele>76.71668226769197</ele>
        <time>2018-05-13T21:40:37.129000Z</time>
      </trkpt>
      <trkpt lat="41.681852219665124" lon="123.42411512520482">
        <time>2018-05-13T21:40:41.138000Z</time>
      </trkpt>
      <trkpt lat="41.68184848971821" lon="123.42426247906258">
        <ele>76.67705519249665</ele>
        <time>2018-05-13T21:40:45.142000Z</time>
      </trkpt>
      <trkpt lat="41.68184777725644" lon="123.42441335331966">
        <time>2018-05-13T21:40:49.135000Z</time>
      </trkpt>
      <trkpt lat="41.681859595739915" lon="123.42456221591999">
        <time>2018-05-13T21:40:53.132000Z</time>
      </trkpt>
      <trkpt lat="41.68187904175527" lon="123.42470596555938">
        <ele>76.22785933068025</ele>
        <time>2018-05-13T21:40:57.099000Z</time>
      </trkpt>
      <trkpt lat="41.6818801733122" lon="123.42486136604418">
        <time>2018-05-13T21:41:01.141000Z</time>
      </trkpt>
      <trkpt lat="41.681881556326225" lon="123.42499162081947">
        <time>2018-05-13T21:41:04.128000Z</time>
      </trkpt>
      <trkpt lat="41.68188503481604" lon="123.42514115397205">
        <ele>76.1063154464029</ele>
        <time>2018-05-13T21:41:08.119000Z</time>
      </trkpt>
      <trkpt lat="41.681883274616375" lon="123.42530032631328">
        <time>2018-05-13T21:41:12.151000Z</time>
      </trkpt>
      <trkpt lat="41.68188373562105" lon="123.42542253446152">
        <ele>76.0613935714029</ele>
        <time>2018-05-13T21:41:15.132000Z</time>
      </trkpt>
      <trkpt lat="41.681894715914204" lon="123.42555589054098">
        <time>2018-05-13T21:41:19.129000Z</time>
      </trkpt>
      <trkpt lat="41.68189295571454" lon="123.42569553304781">
        <time>2018-05-13T21:41:23.142000Z</time>
      </trkpt>
      <trkpt lat="41.68188143059768" lon="123.42581774119607">
        <ele>76.336196733024</ele>
        <time>2018-05-13T21:41:26.121000Z</time>
      </trkpt>
      <trkpt lat="41.681872042866125" lon="123.42595218692294">
        <time>2018-05-13T21:41:29.121000Z</time>
      </trkpt>
      <trkpt lat="41.68186672035761" lon="123.42607447889021">
        <time>2018-05-13T21:41:32.112000Z</time>
      </trkpt>
      <trkpt lat="41.681861146392" lon="123.42623541143111">
        <ele>76.25427992394197</ele>
        <time>2018-05-13T21:41:36.127000Z</time>
      </trkpt>
      <trkpt lat="41.68185976337798" lon="123.42637010861507">
        <time>2018-05-13T21:41:39.119000Z</time>
      </trkpt>
      <trkpt lat="41.68185921855427" lon="123.4265015368568">
        <time>2018-05-13T21:41:42.129000Z</time>
      </trkpt>
      <trkpt lat="41.68184962127514" lon="123.42663120489887">
        <ele>76.25956709435212</ele>
        <time>2018-05-13T21:41:46.134000Z</time>
      </trkpt>
      <trkpt lat="41.681841071733906" lon="123.42678375553659">
        <time>2018-05-13T21:41:50.125000Z</time>
      </trkpt>
      <trkpt lat="41.681841071733906" lon="123.42691208247415">
        <time>2018-05-13T21:41:53.137000Z</time>
      </trkpt>
      <trkpt lat="41.68183449193992" lon="123.42707008134893">
        <ele>76.47359449913728</ele>
        <time>2018-05-13T21:41:57.108000Z</time>
      </trkpt>
      <trkpt lat="41.6818352463112" lon="123.42719555843941">
        <time>2018-05-13T21:42:00.129000Z</time>
      </trkpt>
      <trkpt lat="41.681834198573306" lon="123.42734894726745">
        <time>2018-05-13T21:42:04.133000Z</time>
      </trkpt>
      <trkpt lat="41.68183809615828" lon="123.4274759331005">
        <ele>76.84351332237947</ele>
        <time>2018-05-13T21:42:07.141000Z</time>
      </trkpt>
      <trkpt lat="41.68184195183374" lon="123.42759654868713">
        <time>2018-05-13T21:42:10.126000Z</time>
      </trkpt>
      <trkpt lat="41.6818439634905" lon="123.42773300607077">
        <ele>76.76160414269197</ele>
        <time>2018-05-13T21:42:15.124000Z</time>
      </trkpt>
      <trkpt lat="41.681837341786995" lon="123.42785689059964">
        <time>2018-05-13T21:42:18.130000Z</time>
      </trkpt>
      <trkpt lat="41.681824182199016" lon="123.42799250979296">
        <time>2018-05-13T21:42:21.085000Z</time>
      </trkpt>
      <trkpt lat="41.68182556521304" lon="123.42811647814086">
        <time>2018-05-13T21:42:24.117000Z</time>
      </trkpt>
      <trkpt lat="41.68183038480736" lon="123.42823885392717">
        <ele>76.93865187218415</ele>
        <time>2018-05-13T21:42:27.096000Z</time>
      </trkpt>
      <trkpt lat="41.68182963043608" lon="123.42837782588175">
        <time>2018-05-13T21:42:30.127000Z</time>
      </trkpt>
      <trkpt lat="41.6818230925516" lon="123.42852987360529">
        <time>2018-05-13T21:42:34.139000Z</time>
      </trkpt>
      <trkpt lat="41.68181735094793" lon="123.42867219832114">
        <ele>76.34941084435212</ele>
        <time>2018-05-13T21:42:37.131000Z</time>
      </trkpt>
      <trkpt lat="41.68181148361571" lon="123.42884670954517">
        <time>2018-05-13T21:42:40.136000Z</time>
      </trkpt>
      <trkpt lat="41.68183315083541" lon="123.42897771869174">
        <ele>77.11304457237947</ele>
        <time>2018-05-13T21:42:45.145000Z</time>
      </trkpt>
      <trkpt lat="41.6818378866107" lon="123.42910931457153">
        <time>2018-05-13T21:42:48.132000Z</time>
      </trkpt>
      <trkpt lat="41.68185431514092" lon="123.42923906643263">
        <time>2018-05-13T21:42:52.142000Z</time>
      </trkpt>
      <trkpt lat="41.68183382138766" lon="123.42937300924531">
        <ele>77.67848951866853</ele>
        <time>2018-05-13T21:42:56.115000Z</time>
      </trkpt>
      <trkpt lat="41.681834114754274" lon="123.42951181356183">
        <time>2018-05-13T21:43:00.112000Z</time>
      </trkpt>
      <trkpt lat="41.68182895988382" lon="123.4296600056099">
        <time>2018-05-13T21:43:04.121000Z</time>
      </trkpt>
      <trkpt lat="41.68183331847347" lon="123.42980073776415">
        <ele>77.28214247277009</ele>
        <time>2018-05-13T21:43:08.122000Z</time>
      </trkpt>
      <trkpt lat="41.681852806398346" lon="123.42992898088268">
        <time>2018-05-13T21:43:11.132000Z</time>
      </trkpt>
      <trkpt lat="41.68187560517497" lon="123.43006845575145">
        <ele>77.20816786339509</ele>
        <time>2018-05-13T21:43:15.098000Z</time>
      </trkpt>
      <trkpt lat="41.68186433151521" lon="123.4301938490229">
        <time>2018-05-13T21:43:18.111000Z</time>
      </trkpt>
      <trkpt lat="41.68186856437631" lon="123.43033885594777">
        <time>2018-05-13T21:43:21.105000Z</time>
      </trkpt>
      <trkpt lat="41.68187342588015" lon="123.4304629081147">
        <time>2018-05-13T21:43:24.113000Z</time>
      </trkpt>
      <trkpt lat="41.68186357714392" lon="123.43061956588498">
        <ele>77.46182997277009</ele>
        <time>2018-05-13T21:43:28.105000Z</time>
      </trkpt>
      <trkpt lat="41.68185469232656" lon="123.43076775793305">
        <time>2018-05-13T21:43:32.105000Z</time>
      </trkpt>
      <trkpt lat="41.681856159159615" lon="123.43090731662086">
        <ele>77.62036879112947</ele>
        <time>2018-05-13T21:43:36.101000Z</time>
      </trkpt>
      <trkpt lat="41.68185326740302" lon="123.43106606986693">
        <time>2018-05-13T21:43:40.060000Z</time>
      </trkpt>
      <trkpt lat="41.68183537203975" lon="123.43122088361851">
        <time>2018-05-13T21:43:44.116000Z</time>
      </trkpt>
      <trkpt lat="41.68185133956529" lon="123.43137276370398">
        <ele>77.69434340050447</ele>
        <time>2018-05-13T21:43:48.089000Z</time>
      </trkpt>
      <trkpt lat="41.68184526268549" lon="123.43152908619813">
        <time>2018-05-13T21:43:52.109000Z</time>
      </trkpt>
      <trkpt lat="41.6818415746481" lon="123.4316579998689">
        <ele>77.44068129112947</ele>
        <time>2018-05-13T21:43:55.169000Z</time>
      </trkpt>
      <trkpt lat="41.68184551414259" lon="123.43178775173">
        <time>2018-05-13T21:43:58.117000Z</time>
      </trkpt>
      <trkpt lat="41.68185213584609" lon="123.43194172729126">
        <time>2018-05-13T21:44:02.101000Z</time>
      </trkpt>
      <trkpt lat="41.68184161655761" lon="123.43207390990428">
        <ele>77.20551283409822</ele>
        <time>2018-05-13T21:44:06.114000Z</time>
      </trkpt>
      <trkpt lat="41.68184760961838" lon="123.43219460930995">
        <time>2018-05-13T21:44:10.117000Z</time>
      </trkpt>
      <trkpt lat="41.68185967955895" lon="123.4323261213707">
        <time>2018-05-13T21:44:13.109000Z</time>
      </trkpt>
      <trkpt lat="41.681853435041084" lon="123.43246316548756">
        <ele>77.08133680870759</ele>
        <time>2018-05-13T21:44:17.098000Z</time>
      </trkpt>
      <trkpt lat="41.68186143975861" lon="123.4325972759383">
        <time>2018-05-13T21:44:21.102000Z</time>
      </trkpt>
      <trkpt lat="41.681858296544924" lon="123.43272149574331">
        <time>2018-05-13T21:44:24.108000Z</time>
      </trkpt>
      <trkpt lat="41.68186089493491" lon="123.43284529645315">
        <ele>77.42218763878572</ele>
        <time>2018-05-13T21:44:27.076000Z</time>
      </trkpt>
      <trkpt lat="41.681862822772636" lon="123.43296641495398">
        <time>2018-05-13T21:44:30.116000Z</time>
      </trkpt>
      <trkpt lat="41.68185490187414" lon="123.43311846267751">
        <time>2018-05-13T21:44:34.109000Z</time>
      </trkpt>
      <trkpt lat="41.681837341786995" lon="123.43327679682842">
        <ele>77.51995070030915</ele>
        <time>2018-05-13T21:44:38.104000Z</time>
      </trkpt>
      <trkpt lat="41.68182087134726" lon="123.43342800636164">
        <time>2018-05-13T21:44:42.098000Z</time>
      </trkpt>
      <trkpt lat="41.681826403403356" lon="123.43357653368584">
        <ele>77.29007704308259</ele>
        <time>2018-05-13T21:44:46.121000Z</time>
      </trkpt>
      <trkpt lat="41.68184622660436" lon="123.43373453256062">
        <time>2018-05-13T21:44:50.087000Z</time>
      </trkpt>
      <trkpt lat="41.68185762599267" lon="123.43387736019066">
        <time>2018-05-13T21:44:54.116000Z</time>
      </trkpt>
      <trkpt lat="41.681856578254774" lon="123.43401432048849">
        <ele>77.35877211144197</ele>
        <time>2018-05-13T21:44:58.115000Z</time>
      </trkpt>
      <trkpt lat="41.68183918580569" lon="123.43415563937596">
        <time>2018-05-13T21:45:03.121000Z</time>
      </trkpt>
      <trkpt lat="41.681855362878814" lon="123.43427407566777">
        <ele>77.62300856163728</ele>
        <time>2018-05-13T21:45:06.108000Z</time>
      </trkpt>
      <trkpt lat="41.68186470870085" lon="123.43441086832753">
        <time>2018-05-13T21:45:09.119000Z</time>
      </trkpt>
      <trkpt lat="41.681868187190666" lon="123.43455109756759">
        <time>2018-05-13T21:45:13.102000Z</time>
      </trkpt>
      <trkpt lat="41.681860308201685" lon="123.43470800679496">
        <ele>77.57015211632478</ele>
        <time>2018-05-13T21:45:17.103000Z</time>
      </trkpt>
      <trkpt lat="41.681855446697845" lon="123.43485963542334">
        <time>2018-05-13T21:45:21.101000Z</time>
      </trkpt>
      <trkpt lat="41.68186550498165" lon="123.43501972977391">
        <ele>76.60835249474275</ele>
        <time>2018-05-13T21:45:25.116000Z</time>
      </trkpt>
      <trkpt lat="41.6818621941299" lon="123.4351861943709">
        <time>2018-05-13T21:45:29.102000Z</time>
      </trkpt>
      <trkpt lat="41.68185502760269" lon="123.43531644914619">
        <time>2018-05-13T21:45:32.135000Z</time>
      </trkpt>
      <trkpt lat="41.68185582388349" lon="123.43545584019593">
        <ele>77.18701918175447</ele>
        <time>2018-05-13T21:45:36.104000Z</time>
      </trkpt>
      <trkpt lat="41.68189119551487" lon="123.43559699144534">
        <time>2018-05-13T21:45:42.106000Z</time>
      </trkpt>
      <trkpt lat="41.681878413112535" lon="123.43573872942797">
        <ele>77.06018812706697</ele>
        <time>2018-05-13T21:45:46.128000Z</time>
      </trkpt>
      <trkpt lat="41.68186793573357" lon="123.43589681212178">
        <time>2018-05-13T21:45:49.111000Z</time>
      </trkpt>
      <trkpt lat="41.68186625935294" lon="123.436048021655">
        <time>2018-05-13T21:45:52.108000Z</time>
      </trkpt>
      <trkpt lat="41.68187422216095" lon="123.43619009491375">
        <ele>77.67057020714509</ele>
        <time>2018-05-13T21:45:56.123000Z</time>
      </trkpt>
      <trkpt lat="41.681874264070466" lon="123.43631850567034">
        <time>2018-05-13T21:46:00.111000Z</time>
      </trkpt>
      <trkpt lat="41.681866175533905" lon="123.4364481737124">
        <time>2018-05-13T21:46:03.053000Z</time>
      </trkpt>
      <trkpt lat="41.68187795210786" lon="123.43658463109604">
        <ele>77.5913007979654</ele>
        <time>2018-05-13T21:46:07.115000Z</time>
      </trkpt>
      <trkpt lat="41.68187732346512" lon="123.43673190113476">
        <time>2018-05-13T21:46:12.124000Z</time>
      </trkpt>
      <trkpt lat="41.68187581472255" lon="123.43687606986931">
        <ele>77.49088270714509</ele>
        <time>2018-05-13T21:46:16.115000Z</time>
      </trkpt>
      <trkpt lat="41.68186336759634" lon="123.43699526053241">
        <time>2018-05-13T21:46:19.101000Z</time>
      </trkpt>
      <trkpt lat="41.681863032320216" lon="123.43713046063057">
        <time>2018-05-13T21:46:23.120000Z</time>
      </trkpt>
      <trkpt lat="41.68187665291287" lon="123.43726591218582">
        <ele>78.25980360558259</ele>
        <time>2018-05-13T21:46:27.092000Z</time>
      </trkpt>
      <trkpt lat="41.681872336232736" lon="123.4374001064556">
        <time>2018-05-13T21:46:30.108000Z</time>
      </trkpt>
      <trkpt lat="41.68187610808916" lon="123.43753111560217">
        <time>2018-05-13T21:46:34.095000Z</time>
      </trkpt>
      <trkpt lat="41.68186278086312" lon="123.43767419468931">
        <ele>77.64150221398103</ele>
        <time>2018-05-13T21:46:37.105000Z</time>
      </trkpt>
      <trkpt lat="41.6818450112284" lon="123.43782146472803">
        <time>2018-05-13T21:46:40.136000Z</time>
      </trkpt>
      <trkpt lat="41.68183922771521" lon="123.43794518161884">
        <time>2018-05-13T21:46:43.101000Z</time>
      </trkpt>
      <trkpt lat="41.68183495294459" lon="123.43810142029396">
        <ele>79.5836103682779</ele>
        <time>2018-05-13T21:46:47.108000Z</time>
      </trkpt>
      <trkpt lat="41.68182774450786" lon="123.4382252210038">
        <time>2018-05-13T21:46:50.104000Z</time>
      </trkpt>
      <trkpt lat="41.6818130342678" lon="123.43834726151398">
        <time>2018-05-13T21:46:53.098000Z</time>
      </trkpt>
      <trkpt lat="41.68180150915094" lon="123.43847374443284">
        <ele>78.8516767745279</ele>
        <time>2018-05-13T21:46:56.100000Z</time>
      </trkpt>
      <trkpt lat="41.681805281007364" lon="123.43862998310796">
        <time>2018-05-13T21:47:00.105000Z</time>
      </trkpt>
      <trkpt lat="41.681830468626394" lon="123.4387487546759">
        <time>2018-05-13T21:47:03.100000Z</time>
      </trkpt>
      <trkpt lat="41.681845136956944" lon="123.43887012463382">
        <ele>78.63501722862947</ele>
        <time>2018-05-13T21:47:06.110000Z</time>
      </trkpt>
      <trkpt lat="41.68183235455461" lon="123.43899476353398">
        <time>2018-05-13T21:47:09.113000Z</time>
      </trkpt>
      <trkpt lat="41.68181777004309" lon="123.43915242713264">
        <time>2018-05-13T21:47:13.100000Z</time>
      </trkpt>
      <trkpt lat="41.68181927878566" lon="123.4392889683353">
        <ele>78.47647841027009</ele>
        <time>2018-05-13T21:47:17.101000Z</time>
      </trkpt>
      <trkpt lat="41.68182728350319" lon="123.43943313706986">
        <time>2018-05-13T21:47:21.131000Z</time>
      </trkpt>
      <trkpt lat="41.681835916863456" lon="123.43955299828521">
        <time>2018-05-13T21:47:24.114000Z</time>
      </trkpt>
      <trkpt lat="41.68186156548716" lon="123.43969088059238">
        <ele>78.37078077843415</ele>
        <time>2018-05-13T21:47:28.108000Z</time>
      </trkpt>
      <trkpt lat="41.68188708838232" lon="123.43980914924613">
        <time>2018-05-13T21:47:31.107000Z</time>
      </trkpt>
      <trkpt lat="41.68183981444843" lon="123.43995382089487">
        <ele>78.37342054894197</ele>
        <time>2018-05-13T21:47:35.100000Z</time>
      </trkpt>
      <trkpt lat="41.68180896904476" lon="123.44010503042809">
        <time>2018-05-13T21:47:39.106000Z</time>
      </trkpt>
      <trkpt lat="41.68180909477331" lon="123.44023344118467">
        <time>2018-05-13T21:47:43.097000Z</time>
      </trkpt>
      <trkpt lat="41.68180368844576" lon="123.44037442479602">
        <ele>78.03256971886384</ele>
        <time>2018-05-13T21:47:47.119000Z</time>
      </trkpt>
      <trkpt lat="41.68177891992189" lon="123.440511804189">
        <time>2018-05-13T21:47:51.107000Z</time>
      </trkpt>
      <trkpt lat="41.68176475450553" lon="123.44064365152589">
        <ele>78.33907301476228</ele>
        <time>2018-05-13T21:47:55.106000Z</time>
      </trkpt>
      <trkpt lat="41.681777033993676" lon="123.44077315192989">
        <time>2018-05-13T21:47:58.113000Z</time>
      </trkpt>
      <trkpt lat="41.68179497126646" lon="123.44090298761002">
        <time>2018-05-13T21:48:01.108000Z</time>
      </trkpt>
      <trkpt lat="41.68180301789351" lon="123.44102754269116">
        <time>2018-05-13T21:48:04.107000Z</time>
      </trkpt>
      <trkpt lat="41.681797779204025" lon="123.44119300145977">
        <ele>78.30208571007478</ele>
        <time>2018-05-13T21:48:08.096000Z</time>
      </trkpt>
      <trkpt lat="41.68180502955027" lon="123.44134588737361">
        <time>2018-05-13T21:48:11.101000Z</time>
      </trkpt>
      <trkpt lat="41.68180209588416" lon="123.44147664506309">
        <time>2018-05-13T21:48:14.109000Z</time>
      </trkpt>
      <trkpt lat="41.68180109005578" lon="123.44160689983838">
        <ele>78.80677015831697</ele>
        <time>2018-05-13T21:48:17.106000Z</time>
      </trkpt>
      <trkpt lat="41.68180058714159" lon="123.44175802555256">
        <time>2018-05-13T21:48:21.106000Z</time>
      </trkpt>
      <trkpt lat="41.68181160934426" lon="123.44189540494554">
        <ele>78.76712782433259</ele>
        <time>2018-05-13T21:48:25.108000Z</time>
      </trkpt>
      <trkpt lat="41.681822254361286" lon="123.44204820704036">
        <time>2018-05-13T21:48:30.099000Z</time>
      </trkpt>
      <trkpt lat="41.681819530242755" lon="123.44217376794987">
        <time>2018-05-13T21:48:33.101000Z</time>
      </trkpt>
      <trkpt lat="41.681817811952605" lon="123.44230134051614">
        <ele>78.62708265831697</ele>
        <time>2018-05-13T21:48:36.099000Z</time>
      </trkpt>
      <trkpt lat="41.681812154167964" lon="123.44243746262364">
        <time>2018-05-13T21:48:39.107000Z</time>
      </trkpt>
      <trkpt lat="41.68180666402139" lon="123.44258540321462">
        <time>2018-05-13T21:48:43.122000Z</time>
      </trkpt>
      <trkpt lat="41.68182200290419" lon="123.4427349363672">
        <ele>78.73542006066072</ele>
        <time>2018-05-13T21:48:47.112000Z</time>
      </trkpt>
      <trkpt lat="41.681841784195676" lon="123.44288983393781">
        <time>2018-05-13T21:48:51.110000Z</time>
      </trkpt>
      <trkpt lat="41.68185205202706" lon="123.44305017974548">
        <ele>78.5610273604654</ele>
        <time>2018-05-13T21:48:55.108000Z</time>
      </trkpt>
      <trkpt lat="41.68185041755594" lon="123.44319736596518">
        <time>2018-05-13T21:48:59.119000Z</time>
      </trkpt>
      <trkpt lat="41.68185113001771" lon="123.44332384888403">
        <time>2018-05-13T21:49:02.056000Z</time>
      </trkpt>
      <trkpt lat="41.68184760961838" lon="123.44347321439855">
        <ele>79.1132734542154</ele>
        <time>2018-05-13T21:49:06.108000Z</time>
      </trkpt>
      <trkpt lat="41.68183843143441" lon="123.4436020442503">
        <time>2018-05-13T21:49:09.106000Z</time>
      </trkpt>
      <trkpt lat="41.68182564903207" lon="123.44374051329069">
        <time>2018-05-13T21:49:13.114000Z</time>
      </trkpt>
      <trkpt lat="41.681829546617045" lon="123.4438784794169">
        <ele>79.50434095909822</ele>
        <time>2018-05-13T21:49:17.109000Z</time>
      </trkpt>
      <trkpt lat="41.681846855247095" lon="123.44400655489736">
        <time>2018-05-13T21:49:20.108000Z</time>
      </trkpt>
      <trkpt lat="41.68185104619868" lon="123.44414544303291">
        <time>2018-05-13T21:49:24.106000Z</time>
      </trkpt>
      <trkpt lat="41.681840275453105" lon="123.44427988875978">
        <ele>79.6655195479654</ele>
        <time>2018-05-13T21:49:28.115000Z</time>
      </trkpt>
      <trkpt lat="41.68184354439534" lon="123.44442095619016">
        <time>2018-05-13T21:49:31.112000Z</time>
      </trkpt>
      <trkpt lat="41.68183750942506" lon="123.44455473136478">
        <ele>79.6285322432779</ele>
        <time>2018-05-13T21:49:35.111000Z</time>
      </trkpt>
      <trkpt lat="41.68183134872623" lon="123.44471809465759">
        <time>2018-05-13T21:49:39.106000Z</time>
      </trkpt>
      <trkpt lat="41.681827032046094" lon="123.44485656369798">
        <time>2018-05-13T21:49:43.110000Z</time>
      </trkpt>
      <trkpt lat="41.68180875949718" lon="123.44497868802719">
        <ele>80.20455153038728</ele>
        <time>2018-05-13T21:49:48.108000Z</time>
      </trkpt>
      <trkpt lat="41.681820242704525" lon="123.44513291504555">
        <time>2018-05-13T21:49:52.109000Z</time>
      </trkpt>
      <trkpt lat="41.68180817276396" lon="123.44529309321516">
        <ele>80.39215834191072</ele>
        <time>2018-05-13T21:49:55.185000Z</time>
      </trkpt>
      <trkpt lat="41.68181584220536" lon="123.44544497330062">
        <time>2018-05-13T21:49:58.101000Z</time>
      </trkpt>
      <trkpt lat="41.6818130342678" lon="123.44558645982616">
        <time>2018-05-13T21:50:01.096000Z</time>
      </trkpt>
      <trkpt lat="41.68182740923174" lon="123.44571311038308">
        <time>2018-05-13T21:50:04.105000Z</time>
      </trkpt>
      <trkpt lat="41.68183281555928" lon="123.44585292052798">
        <ele>80.55861647179353</ele>
        <time>2018-05-13T21:50:07.099000Z</time>
      </trkpt>
      <trkpt lat="41.68184312530018" lon="123.44600304041379">
        <time>2018-05-13T21:50:11.099000Z</time>
      </trkpt>
      <trkpt lat="41.681840485000684" lon="123.4461560939657">
        <ele>80.7620771651529</ele>
        <time>2018-05-13T21:50:15.124000Z</time>
      </trkpt>
      <trkpt lat="41.68181777004309" lon="123.44630713586085">
        <time>2018-05-13T21:50:19.120000Z</time>
      </trkpt>
      <trkpt lat="41.68181156743474" lon="123.44645541172795">
        <time>2018-05-13T21:50:23.099000Z</time>
      </trkpt>
      <trkpt lat="41.68181600984342" lon="123.44659220438771">
        <ele>80.75679762413728</ele>
        <time>2018-05-13T21:50:27.080000Z</time>
      </trkpt>
      <trkpt lat="41.68182958852656" lon="123.44672254298203">
        <time>2018-05-13T21:50:30.101000Z</time>
      </trkpt>
      <trkpt lat="41.68183160018332" lon="123.44687492598169">
        <time>2018-05-13T21:50:34.103000Z</time>
      </trkpt>
      <trkpt lat="41.68182522993691" lon="123.44703149993293">
        <ele>80.69602186730134</ele>
        <time>2018-05-13T21:50:38.114000Z</time>
      </trkpt>
      <trkpt lat="41.68182937897898" lon="123.44716183852725">
        <time>2018-05-13T21:50:41.124000Z</time>
      </trkpt>
      <trkpt lat="41.68182300873257" lon="123.44729427259736">
        <time>2018-05-13T21:50:44.130000Z</time>
      </trkpt>
      <trkpt lat="41.681815297381654" lon="123.44743274163775">
        <ele>80.96553785851228</ele>
        <time>2018-05-13T21:50:47.107000Z</time>
      </trkpt>
      <trkpt lat="41.68180892713524" lon="123.447554949786">
        <time>2018-05-13T21:50:50.121000Z</time>
      </trkpt>
      <trkpt lat="41.681791618505194" lon="123.44769626867347">
        <time>2018-05-13T21:50:54.110000Z</time>
      </trkpt>
      <trkpt lat="41.681769364552274" lon="123.44782073993557">
        <ele>80.63788588097322</ele>
        <time>2018-05-13T21:50:58.113000Z</time>
      </trkpt>
      <trkpt lat="41.68177112475194" lon="123.44797588896327">
        <time>2018-05-13T21:51:02.138000Z</time>
      </trkpt>
      <trkpt lat="41.68180155106045" lon="123.44811125669949">
        <ele>80.6801679854654</ele>
        <time>2018-05-13T21:51:06.116000Z</time>
      </trkpt>
      <trkpt lat="41.68183847334392" lon="123.44822256837361">
        <time>2018-05-13T21:51:09.104000Z</time>
      </trkpt>
      <trkpt lat="41.6818156745673" lon="123.44836397108011">
        <time>2018-05-13T21:51:13.124000Z</time>
      </trkpt>
      <trkpt lat="41.68178156022139" lon="123.44847771350615">
        <ele>80.79642469933259</ele>
        <time>2018-05-13T21:51:16.117000Z</time>
      </trkpt>
      <trkpt lat="41.681780470573976" lon="123.44862758193486">
        <time>2018-05-13T21:51:20.115000Z</time>
      </trkpt>
      <trkpt lat="41.681771585756614" lon="123.44874937098794">
        <time>2018-05-13T21:51:23.113000Z</time>
      </trkpt>
      <trkpt lat="41.68177770454593" lon="123.44887183059328">
        <ele>80.99988539269197</ele>
        <time>2018-05-13T21:51:26.128000Z</time>
      </trkpt>
      <trkpt lat="41.681770579928234" lon="123.44901155691915">
        <time>2018-05-13T21:51:30.094000Z</time>
      </trkpt>
      <trkpt lat="41.681762868577316" lon="123.44916142534785">
        <time>2018-05-13T21:51:34.115000Z</time>
      </trkpt>
      <trkpt lat="41.68177003510453" lon="123.44929779891245">
        <ele>81.26676161339509</ele>
        <time>2018-05-13T21:51:38.101000Z</time>
      </trkpt>
      <trkpt lat="41.681780680121555" lon="123.44944146473281">
        <time>2018-05-13T21:51:42.104000Z</time>
      </trkpt>
      <trkpt lat="41.68179094795294" lon="123.44957448553615">
        <ele>81.36188490441072</ele>
        <time>2018-05-13T21:51:46.104000Z</time>
      </trkpt>
      <trkpt lat="41.68178176976897" lon="123.44974338088505">
        <time>2018-05-13T21:51:50.111000Z</time>
      </trkpt>
      <trkpt lat="41.68177980002172" lon="123.44987179164164">
        <time>2018-05-13T21:51:53.104000Z</time>
      </trkpt>
      <trkpt lat="41.68177879419334" lon="123.44999710109406">
        <ele>81.55477125694978</ele>
        <time>2018-05-13T21:51:56.137000Z</time>
      </trkpt>
      <trkpt lat="41.68177053801872" lon="123.45012584712677">
        <time>2018-05-13T21:51:59.335000Z</time>
      </trkpt>
      <trkpt lat="41.68176978364743" lon="123.45028124761157">
        <time>2018-05-13T21:52:03.062000Z</time>
      </trkpt>
      <trkpt lat="41.681770370380654" lon="123.45040345575981">
        <ele>81.55477125694978</ele>
        <time>2018-05-13T21:52:06.107000Z</time>
      </trkpt>
      <trkpt lat="41.68178101539768" lon="123.45054209243827">
        <time>2018-05-13T21:52:10.090000Z</time>
      </trkpt>
      <trkpt lat="41.68177535761304" lon="123.45066329475813">
        <time>2018-05-13T21:52:13.114000Z</time>
      </trkpt>
      <trkpt lat="41.68177292686112" lon="123.45078432943993">
        <ele>80.99196608116853</ele>
        <time>2018-05-13T21:52:16.119000Z</time>
      </trkpt>
      <trkpt lat="41.68177020274259" lon="123.450943082686">
        <time>2018-05-13T21:52:20.113000Z</time>
      </trkpt>
      <trkpt lat="41.68176999319501" lon="123.45106847595744">
        <time>2018-05-13T21:52:23.110000Z</time>
      </trkpt>
      <trkpt lat="41.681769448371305" lon="123.45122991141253">
        <ele>81.41474134972322</ele>
        <time>2018-05-13T21:52:27.081000Z</time>
      </trkpt>
      <trkpt lat="41.681765215510204" lon="123.45135555614107">
        <time>2018-05-13T21:52:30.065000Z</time>
      </trkpt>
      <trkpt lat="41.68176819108583" lon="123.45150609512203">
        <time>2018-05-13T21:52:34.115000Z</time>
      </trkpt>
      <trkpt lat="41.68178637981571" lon="123.45164087612503">
        <ele>81.48343641808259</ele>
        <time>2018-05-13T21:52:37.123000Z</time>
      </trkpt>
      <trkpt lat="41.68179765347548" lon="123.45179258857243">
        <time>2018-05-13T21:52:41.106000Z</time>
      </trkpt>
      <trkpt lat="41.681769657918885" lon="123.45191546727293">
        <time>2018-05-13T21:52:44.109000Z</time>
      </trkpt>
      <trkpt lat="41.68175804898299" lon="123.45207606453769">
        <ele>81.1055830245279</ele>
        <time>2018-05-13T21:52:48.109000Z</time>
      </trkpt>
      <trkpt lat="41.68176270093925" lon="123.45220631931298">
        <time>2018-05-13T21:52:51.112000Z</time>
      </trkpt>
      <trkpt lat="41.68178700845845" lon="123.45235023659043">
        <ele>81.98548109581697</ele>
        <time>2018-05-13T21:52:55.105000Z</time>
      </trkpt>
      <trkpt lat="41.68180230543174" lon="123.45248602342181">
        <time>2018-05-13T21:52:58.131000Z</time>
      </trkpt>
      <trkpt lat="41.681792414785996" lon="123.45263362873666">
        <time>2018-05-13T21:53:02.128000Z</time>
      </trkpt>
      <trkpt lat="41.68178822383441" lon="123.45275558542781">
        <ele>81.68953688194978</ele>
        <time>2018-05-13T21:53:05.099000Z</time>
      </trkpt>
      <trkpt lat="41.68179815638967" lon="123.45288475055568">
        <time>2018-05-13T21:53:08.088000Z</time>
      </trkpt>
      <trkpt lat="41.68181207034893" lon="123.45304015104048">
        <time>2018-05-13T21:53:12.107000Z</time>
      </trkpt>
      <trkpt lat="41.68180402372189" lon="123.4531860799747">
        <ele>82.31575758507478</ele>
        <time>2018-05-13T21:53:16.120000Z</time>
      </trkpt>
      <trkpt lat="41.68179572563775" lon="123.45333066780441">
        <time>2018-05-13T21:53:20.129000Z</time>
      </trkpt>
      <trkpt lat="41.68180155106045" lon="123.45347936276667">
        <time>2018-05-13T21:53:24.109000Z</time>
      </trkpt>
      <trkpt lat="41.681787259915545" lon="123.45360567804747">
        <ele>82.44260389855134</ele>
        <time>2018-05-13T21:53:27.082000Z</time>
      </trkpt>
      <trkpt lat="41.68176789771922" lon="123.45373073604279">
        <time>2018-05-13T21:53:30.114000Z</time>
      </trkpt>
      <trkpt lat="41.681756204964294" lon="123.4538615775513">
        <time>2018-05-13T21:53:33.112000Z</time>
      </trkpt>
      <trkpt lat="41.68174715250887" lon="123.45399468217366">
        <ele>82.49016554405915</ele>
        <time>2018-05-13T21:53:37.104000Z</time>
      </trkpt>
      <trkpt lat="41.68175511531688" lon="123.45414681371622">
        <time>2018-05-13T21:53:41.108000Z</time>
      </trkpt>
      <trkpt lat="41.68176127601571" lon="123.45428821642273">
        <time>2018-05-13T21:53:44.111000Z</time>
      </trkpt>
      <trkpt lat="41.68176655661471" lon="123.45441964466445">
        <ele>82.69097120812165</ele>
        <time>2018-05-13T21:53:47.119000Z</time>
      </trkpt>
      <trkpt lat="41.681767436714544" lon="123.45456599269383">
        <time>2018-05-13T21:53:51.127000Z</time>
      </trkpt>
      <trkpt lat="41.68175884526379" lon="123.45468778174691">
        <time>2018-05-13T21:53:54.107000Z</time>
      </trkpt>
      <trkpt lat="41.68176232375361" lon="123.45483069319599">
        <ele>82.31047804405915</ele>
        <time>2018-05-13T21:53:57.111000Z</time>
      </trkpt>
      <trkpt lat="41.68175955772556" lon="123.45496899459832">
        <time>2018-05-13T21:54:00.106000Z</time>
      </trkpt>
      <trkpt lat="41.68175788134493" lon="123.45509514224105">
        <time>2018-05-13T21:54:03.122000Z</time>
      </trkpt>
      <trkpt lat="41.68174782306112" lon="123.45524174172752">
        <ele>82.06739027550447</ele>
        <time>2018-05-13T21:54:07.100000Z</time>
      </trkpt>
      <trkpt lat="41.681752768383994" lon="123.45537258323603">
        <time>2018-05-13T21:54:10.119000Z</time>
      </trkpt>
      <trkpt lat="41.68178294323541" lon="123.45549470756524">
        <time>2018-05-13T21:54:14.124000Z</time>
      </trkpt>
      <trkpt lat="41.68180138342239" lon="123.45564457599394">
        <ele>81.82694227745759</ele>
        <time>2018-05-13T21:54:18.108000Z</time>
      </trkpt>
      <trkpt lat="41.6818085499496" lon="123.45578597870045">
        <time>2018-05-13T21:54:22.134000Z</time>
      </trkpt>
      <trkpt lat="41.68181060351588" lon="123.45590760011547">
        <ele>81.85599501183259</ele>
        <time>2018-05-13T21:54:25.116000Z</time>
      </trkpt>
      <trkpt lat="41.68179027740069" lon="123.45607062813215">
        <time>2018-05-13T21:54:29.117000Z</time>
      </trkpt>
      <trkpt lat="41.68176320385344" lon="123.45620540913515">
        <time>2018-05-13T21:54:32.130000Z</time>
      </trkpt>
      <trkpt lat="41.6817525169269" lon="123.45632820401663">
        <ele>81.68689711144197</ele>
        <time>2018-05-13T21:54:35.107000Z</time>
      </trkpt>
      <trkpt lat="41.68174979280837" lon="123.45648041937822">
        <time>2018-05-13T21:54:39.105000Z</time>
      </trkpt>
      <trkpt lat="41.6817498766274" lon="123.45663649041528">
        <time>2018-05-13T21:54:43.112000Z</time>
      </trkpt>
      <trkpt lat="41.68174555994727" lon="123.45675802801127">
        <ele>81.36452467491853</ele>
        <time>2018-05-13T21:54:46.101000Z</time>
      </trkpt>
      <trkpt lat="41.68175193019368" lon="123.45690873463029">
        <time>2018-05-13T21:54:50.107000Z</time>
      </trkpt>
      <trkpt lat="41.68176161129184" lon="123.45703328971142">
        <time>2018-05-13T21:54:53.125000Z</time>
      </trkpt>
      <trkpt lat="41.68175930626847" lon="123.45719095331008">
        <ele>81.42794020226228</ele>
        <time>2018-05-13T21:54:57.080000Z</time>
      </trkpt>
      <trkpt lat="41.68175297793157" lon="123.45734031882459">
        <time>2018-05-13T21:55:01.066000Z</time>
      </trkpt>
      <trkpt lat="41.681753355117216" lon="123.45746722083861">
        <time>2018-05-13T21:55:04.109000Z</time>
      </trkpt>
      <trkpt lat="41.681755785869136" lon="123.45760334294611">
        <ele>80.71981031944978</ele>
        <time>2018-05-13T21:55:07.106000Z</time>
      </trkpt>
      <trkpt lat="41.681753774212375" lon="123.45775438484127">
        <time>2018-05-13T21:55:11.131000Z</time>
      </trkpt>
      <trkpt lat="41.68174878697999" lon="123.45788086776012">
        <time>2018-05-13T21:55:14.114000Z</time>
      </trkpt>
      <trkpt lat="41.68175658214994" lon="123.45802755106563">
        <ele>81.3592451339029</ele>
        <time>2018-05-13T21:55:18.107000Z</time>
      </trkpt>
      <trkpt lat="41.68174509894259" lon="123.45817507256145">
        <time>2018-05-13T21:55:22.109000Z</time>
      </trkpt>
      <trkpt lat="41.68173328045912" lon="123.45830013055676">
        <ele>79.44620497277009</ele>
        <time>2018-05-13T21:55:26.106000Z</time>
      </trkpt>
      <trkpt lat="41.68174120135762" lon="123.45845729124123">
        <time>2018-05-13T21:55:30.128000Z</time>
      </trkpt>
      <trkpt lat="41.68174958326079" lon="123.45862392347628">
        <time>2018-05-13T21:55:34.112000Z</time>
      </trkpt>
      <trkpt lat="41.68175151109852" lon="123.45875660900349">
        <ele>80.81757338097322</ele>
        <time>2018-05-13T21:55:37.117000Z</time>
      </trkpt>
      <trkpt lat="41.68174874507047" lon="123.45889993954772">
        <time>2018-05-13T21:55:40.116000Z</time>
      </trkpt>
      <trkpt lat="41.68175188828416" lon="123.4590336309033">
        <time>2018-05-13T21:55:43.117000Z</time>
      </trkpt>
      <trkpt lat="41.68176483832456" lon="123.45916145492667">
        <ele>81.16371901085603</ele>
        <time>2018-05-13T21:55:46.104000Z</time>
      </trkpt>
      <trkpt lat="41.68177292686112" lon="123.45928953040713">
        <time>2018-05-13T21:55:49.111000Z</time>
      </trkpt>
      <trkpt lat="41.68176341340102" lon="123.45943830918843">
        <time>2018-05-13T21:55:53.111000Z</time>
      </trkpt>
      <trkpt lat="41.681752139741256" lon="123.45958876435036">
        <ele>80.74622328331697</ele>
        <time>2018-05-13T21:55:57.078000Z</time>
      </trkpt>
      <trkpt lat="41.68175431903608" lon="123.45972681429559">
        <time>2018-05-13T21:56:01.106000Z</time>
      </trkpt>
      <trkpt lat="41.68176638897665" lon="123.45988146040911">
        <ele>81.29318983605134</ele>
        <time>2018-05-13T21:56:05.112000Z</time>
      </trkpt>
      <trkpt lat="41.68177129239" lon="123.46001196664149">
        <time>2018-05-13T21:56:08.106000Z</time>
      </trkpt>
      <trkpt lat="41.68178851720102" lon="123.46013098966652">
        <time>2018-05-13T21:56:11.110000Z</time>
      </trkpt>
      <trkpt lat="41.68179974895127" lon="123.4602548741954">
        <time>2018-05-13T21:56:14.118000Z</time>
      </trkpt>
      <trkpt lat="41.68177871037431" lon="123.46037481922978">
        <ele>82.34218580773103</ele>
        <time>2018-05-13T21:56:17.107000Z</time>
      </trkpt>
      <trkpt lat="41.68176697570987" lon="123.46049794938737">
        <time>2018-05-13T21:56:20.111000Z</time>
      </trkpt>
      <trkpt lat="41.68176856827147" lon="123.46063826244647">
        <time>2018-05-13T21:56:23.094000Z</time>
      </trkpt>
      <trkpt lat="41.681768149176314" lon="123.46078829851324">
        <ele>82.50601942589509</ele>
        <time>2018-05-13T21:56:27.068000Z</time>
      </trkpt>
      <trkpt lat="41.681764293500855" lon="123.46090941701407">
        <time>2018-05-13T21:56:30.109000Z</time>
      </trkpt>
      <trkpt lat="41.681762365663126" lon="123.46105559740538">
        <time>2018-05-13T21:56:34.122000Z</time>
      </trkpt>
      <trkpt lat="41.6817784170077" lon="123.46120429236764">
        <ele>82.33954603722322</ele>
        <time>2018-05-13T21:56:38.118000Z</time>
      </trkpt>
      <trkpt lat="41.68176961600937" lon="123.46134401869351">
        <time>2018-05-13T21:56:41.128000Z</time>
      </trkpt>
      <trkpt lat="41.68174291964777" lon="123.46149137255127">
        <ele>83.12432081749665</ele>
        <time>2018-05-13T21:56:45.108000Z</time>
      </trkpt>
      <trkpt lat="41.681756288783326" lon="123.46163302671486">
        <time>2018-05-13T21:56:49.106000Z</time>
      </trkpt>
      <trkpt lat="41.681757629887834" lon="123.46177166339332">
        <time>2018-05-13T21:56:53.102000Z</time>
      </trkpt>
      <trkpt lat="41.68175201401271" lon="123.46189320098931">
        <ele>83.35947401573884</ele>
        <time>2018-05-13T21:56:56.126000Z</time>
      </trkpt>
      <trkpt lat="41.68173177171655" lon="123.4620213602888">
        <time>2018-05-13T21:56:59.109000Z</time>
      </trkpt>
      <trkpt lat="41.68173043061204" lon="123.46217474911684">
        <time>2018-05-13T21:57:03.103000Z</time>
      </trkpt>
      <trkpt lat="41.681725652927234" lon="123.46232763503069">
        <ele>83.41761000206697</ele>
        <time>2018-05-13T21:57:07.107000Z</time>
      </trkpt>
      <trkpt lat="41.68172707785077" lon="123.46247733582133">
        <time>2018-05-13T21:57:11.110000Z</time>
      </trkpt>
      <trkpt lat="41.681717857757285" lon="123.46260096889311">
        <ele>83.9857099776529</ele>
        <time>2018-05-13T21:57:15.109000Z</time>
      </trkpt>
      <trkpt lat="41.68173365764476" lon="123.4627536871689">
        <time>2018-05-13T21:57:19.104000Z</time>
      </trkpt>
      <trkpt lat="41.68173064015962" lon="123.46288712706739">
        <time>2018-05-13T21:57:22.189000Z</time>
      </trkpt>
      <trkpt lat="41.68170788329251" lon="123.46303104434485">
        <ele>83.41497023155915</ele>
        <time>2018-05-13T21:57:26.105000Z</time>
      </trkpt>
      <trkpt lat="41.6816877667249" lon="123.46316766936654">
        <time>2018-05-13T21:57:30.103000Z</time>
      </trkpt>
      <trkpt lat="41.68170184832223" lon="123.46330739569241">
        <time>2018-05-13T21:57:33.110000Z</time>
      </trkpt>
      <trkpt lat="41.68171257715829" lon="123.46345122915083">
        <ele>83.74526197960603</ele>
        <time>2018-05-13T21:57:37.111000Z</time>
      </trkpt>
      <trkpt lat="41.68171731293358" lon="123.46360201958889">
        <time>2018-05-13T21:57:41.126000Z</time>
      </trkpt>
      <trkpt lat="41.68172192298032" lon="123.46374308701927">
        <time>2018-05-13T21:57:44.120000Z</time>
      </trkpt>
      <trkpt lat="41.681711571329906" lon="123.46386873174781">
        <ele>83.9857099776529</ele>
        <time>2018-05-13T21:57:48.117000Z</time>
      </trkpt>
      <trkpt lat="41.681697322094514" lon="123.46399831597084">
        <time>2018-05-13T21:57:52.144000Z</time>
      </trkpt>
      <trkpt lat="41.681702686512544" lon="123.46412102703327">
        <ele>84.03855116417634</ele>
        <time>2018-05-13T21:57:55.109000Z</time>
      </trkpt>
      <trkpt lat="41.681714924091175" lon="123.46426771033877">
        <time>2018-05-13T21:57:59.119000Z</time>
      </trkpt>
      <trkpt lat="41.68170553635962" lon="123.46440148551339">
        <time>2018-05-13T21:58:03.113000Z</time>
      </trkpt>
      <trkpt lat="41.68172426991321" lon="123.46452168200487">
        <ele>84.51682264855134</ele>
        <time>2018-05-13T21:58:07.070000Z</time>
      </trkpt>
      <trkpt lat="41.681708344297185" lon="123.46465017658049">
        <time>2018-05-13T21:58:10.110000Z</time>
      </trkpt>
      <trkpt lat="41.68169434651889" lon="123.46480784017915">
        <time>2018-05-13T21:58:13.117000Z</time>
      </trkpt>
      <trkpt lat="41.681698034556284" lon="123.4649345745551">
        <ele>83.84830458214509</ele>
        <time>2018-05-13T21:58:16.103000Z</time>
      </trkpt>
      <trkpt lat="41.681691245214715" lon="123.46506306913072">
        <time>2018-05-13T21:58:19.126000Z</time>
      </trkpt>
      <trkpt lat="41.681696190537586" lon="123.46519625757212">
        <time>2018-05-13T21:58:22.125000Z</time>
      </trkpt>
      <trkpt lat="41.68170650027849" lon="123.46532885928029">
        <ele>84.12575514366853</ele>
        <time>2018-05-13T21:58:26.107000Z</time>
      </trkpt>
      <trkpt lat="41.6817094339446" lon="123.46547327947194">
        <time>2018-05-13T21:58:30.098000Z</time>
      </trkpt>
      <trkpt lat="41.681708134749606" lon="123.46560018148595">
        <time>2018-05-13T21:58:34.116000Z</time>
      </trkpt>
      <trkpt lat="41.68174145281471" lon="123.46573538158411">
        <ele>84.30542738487947</ele>
        <time>2018-05-13T21:58:39.100000Z</time>
      </trkpt>
      <trkpt lat="41.68173315473057" lon="123.46588315453702">
        <time>2018-05-13T21:58:43.105000Z</time>
      </trkpt>
      <trkpt lat="41.68173470538266" lon="123.46603763301248">
        <ele>85.10869581749665</ele>
        <time>2018-05-13T21:58:47.127000Z</time>
      </trkpt>
      <trkpt lat="41.6817353340254" lon="123.46619244676405">
        <time>2018-05-13T21:58:50.109000Z</time>
      </trkpt>
      <trkpt lat="41.68174178809084" lon="123.46633653167957">
        <time>2018-05-13T21:58:53.120000Z</time>
      </trkpt>
      <trkpt lat="41.681733448097184" lon="123.46646343369359">
        <ele>84.58815748741853</ele>
        <time>2018-05-13T21:58:56.098000Z</time>
      </trkpt>
      <trkpt lat="41.68172183916129" lon="123.46661757689292">
        <time>2018-05-13T21:59:00.105000Z</time>
      </trkpt>
      <trkpt lat="41.68171324771054" lon="123.46674514945919">
        <time>2018-05-13T21:59:03.101000Z</time>
      </trkpt>
      <trkpt lat="41.68171504981972" lon="123.46688479196602">
        <ele>85.11663038780915</ele>
        <time>2018-05-13T21:59:06.122000Z</time>
      </trkpt>
      <trkpt lat="41.681707841382995" lon="123.46701605256969">
        <time>2018-05-13T21:59:09.102000Z</time>
      </trkpt>
      <trkpt lat="41.681696190537586" lon="123.46716877084548">
        <time>2018-05-13T21:59:12.110000Z</time>
      </trkpt>
      <trkpt lat="41.68168948501505" lon="123.46729919325882">
        <ele>86.22376234581697</ele>
        <time>2018-05-13T21:59:15.106000Z</time>
      </trkpt>
      <trkpt lat="41.681694472247436" lon="123.46743095677668">
        <time>2018-05-13T21:59:18.101000Z</time>
      </trkpt>
      <trkpt lat="41.68170314751722" lon="123.46756230119938">
        <time>2018-05-13T21:59:21.111000Z</time>
      </trkpt>
      <trkpt lat="41.681713289620056" lon="123.46768274914795">
        <time>2018-05-13T21:59:24.105000Z</time>
      </trkpt>
      <trkpt lat="41.68171161323942" lon="123.46784343023175">
        <ele>86.78128798058259</ele>
        <time>2018-05-13T21:59:28.110000Z</time>
      </trkpt>
      <trkpt lat="41.68171383444376" lon="123.4679669794845">
        <time>2018-05-13T21:59:31.101000Z</time>
      </trkpt>
      <trkpt lat="41.681725946293845" lon="123.46808994200403">
        <time>2018-05-13T21:59:34.117000Z</time>
      </trkpt>
      <trkpt lat="41.68173420246847" lon="123.4682275728541">
        <ele>86.91603834679353</ele>
        <time>2018-05-13T21:59:38.099000Z</time>
      </trkpt>
      <trkpt lat="41.68174199763842" lon="123.4683747590738">
        <time>2018-05-13T21:59:42.121000Z</time>
      </trkpt>
      <trkpt lat="41.681750840546265" lon="123.46849495556528">
        <ele>85.99651320030915</ele>
        <time>2018-05-13T21:59:45.115000Z</time>
      </trkpt>
      <trkpt lat="41.681756498330905" lon="123.4686213546651">
        <time>2018-05-13T21:59:48.106000Z</time>
      </trkpt>
      <trkpt lat="41.68176010254927" lon="123.46878010791117">
        <time>2018-05-13T21:59:52.134000Z</time>
      </trkpt>
      <trkpt lat="41.68176840063341" lon="123.46892436046475">
        <ele>86.24489576866853</ele>
        <time>2018-05-13T21:59:55.100000Z</time>
      </trkpt>
      <trkpt lat="41.6817844938875" lon="123.46906760718996">
        <time>2018-05-13T21:59:59.103000Z</time>
      </trkpt>
      <trkpt lat="41.68179325297631" lon="123.46919056970948">
        <time>2018-05-13T22:00:02.136000Z</time>
      </trkpt>
      <trkpt lat="41.68180532291688" lon="123.4693447129088">
        <ele>86.31095106652009</ele>
        <time>2018-05-13T22:00:06.104000Z</time>
      </trkpt>
      <trkpt lat="41.68181353718199" lon="123.46948720526272">
        <time>2018-05-13T22:00:10.102000Z</time>
      </trkpt>
      <trkpt lat="41.6818241402895" lon="123.469614777829">
        <time>2018-05-13T22:00:13.125000Z</time>
      </trkpt>
      <trkpt lat="41.681851088108196" lon="123.46974654134685">
        <ele>86.6940840010904</ele>
        <time>2018-05-13T22:00:16.117000Z</time>
      </trkpt>
      <trkpt lat="41.68187606617965" lon="123.46986564819092">
        <time>2018-05-13T22:00:19.112000Z</time>
      </trkpt>
      <trkpt lat="41.681908462235405" lon="123.47001811500961">
        <time>2018-05-13T22:00:23.060000Z</time>
      </trkpt>
      <trkpt lat="41.68192342393257" lon="123.4701689892667">
        <ele>86.86847670128572</ele>
        <time>2018-05-13T22:00:27.089000Z</time>
      </trkpt>
      <trkpt lat="41.68194320522405" lon="123.47028750937754">
        <time>2018-05-13T22:00:30.112000Z</time>
      </trkpt>
      <trkpt lat="41.68197254188515" lon="123.47040913079256">
        <time>2018-05-13T22:00:33.096000Z</time>
      </trkpt>
      <trkpt lat="41.6819916945339" lon="123.47055472445065">
        <ele>86.90547926476228</ele>
        <time>2018-05-13T22:00:37.105000Z</time>
      </trkpt>
      <trkpt lat="41.68201772034325" lon="123.47069394786233">
        <time>2018-05-13T22:00:41.104000Z</time>
      </trkpt>
      <trkpt lat="41.68203913610585" lon="123.47081238415414">
        <time>2018-05-13T22:00:44.116000Z</time>
      </trkpt>
      <trkpt lat="41.68205879166879" lon="123.4709301498937">
        <ele>87.72194654991853</ele>
        <time>2018-05-13T22:00:47.110000Z</time>
      </trkpt>
      <trkpt lat="41.682080877983644" lon="123.47104758035714">
        <time>2018-05-13T22:00:50.109000Z</time>
      </trkpt>
      <trkpt lat="41.68211285494424" lon="123.47119778406197">
        <time>2018-05-13T22:00:54.117000Z</time>
      </trkpt>
      <trkpt lat="41.682141772510185" lon="123.47131345432574">
        <ele>87.87520582726228</ele>
        <time>2018-05-13T22:00:57.073000Z</time>
      </trkpt>
      <trkpt lat="41.68217270173289" lon="123.47145443793708">
        <time>2018-05-13T22:01:01.101000Z</time>
      </trkpt>
      <trkpt lat="41.68220564261235" lon="123.47158561472173">
        <ele>87.86728651573884</ele>
        <time>2018-05-13T22:01:05.107000Z</time>
      </trkpt>
      <trkpt lat="41.68223803866811" lon="123.47171838406797">
        <time>2018-05-13T22:01:09.127000Z</time>
      </trkpt>
      <trkpt lat="41.68228405531652" lon="123.47185710456546">
        <time>2018-05-13T22:01:13.109000Z</time>
      </trkpt>
      <trkpt lat="41.6823268030227" lon="123.4719740321147">
        <ele>87.73516066124665</ele>
        <time>2018-05-13T22:01:16.128000Z</time>
      </trkpt>
      <trkpt lat="41.682370933742895" lon="123.47209112730201">
        <time>2018-05-13T22:01:19.120000Z</time>
      </trkpt>
      <trkpt lat="41.682408484669104" lon="123.47223470930334">
        <time>2018-05-13T22:01:23.116000Z</time>
      </trkpt>
      <trkpt lat="41.68246439196326" lon="123.47236949030633">
        <ele>88.12358839562165</ele>
        <time>2018-05-13T22:01:27.096000Z</time>
      </trkpt>
      <trkpt lat="41.68251367755391" lon="123.47250862989898">
        <time>2018-05-13T22:01:31.120000Z</time>
      </trkpt>
      <trkpt lat="41.682552946770265" lon="123.47262103122051">
        <time>2018-05-13T22:01:34.115000Z</time>
      </trkpt>
      <trkpt lat="41.68260923125006" lon="123.47276251774605">
        <ele>88.42481215050447</ele>
        <time>2018-05-13T22:01:38.102000Z</time>
      </trkpt>
      <trkpt lat="41.68265889402635" lon="123.47289252106424">
        <time>2018-05-13T22:01:42.122000Z</time>
      </trkpt>
      <trkpt lat="41.68270595841266" lon="123.47299503174003">
        <ele>88.87136061241853</ele>
        <time>2018-05-13T22:01:45.121000Z</time>
      </trkpt>
      <trkpt lat="41.68275566309847" lon="123.47312998038109">
        <time>2018-05-13T22:01:49.109000Z</time>
      </trkpt>
      <trkpt lat="41.682802853213325" lon="123.47327414911564">
        <time>2018-05-13T22:01:53.071000Z</time>
      </trkpt>
      <trkpt lat="41.68285347990848" lon="123.47339971002515">
        <ele>88.67317946007478</ele>
        <time>2018-05-13T22:01:56.089000Z</time>
      </trkpt>
      <trkpt lat="41.68290993202634" lon="123.47354262147422">
        <time>2018-05-13T22:02:00.059000Z</time>
      </trkpt>
      <trkpt lat="41.68296961117692" lon="123.47365636390026">
        <time>2018-05-13T22:02:04.058000Z</time>
      </trkpt>
      <trkpt lat="41.683021788524165" lon="123.4737822600859">
        <ele>88.15529615929353</ele>
        <time>2018-05-13T22:02:08.067000Z</time>
      </trkpt>
      <trkpt lat="41.68308197058894" lon="123.47391285013731">
        <time>2018-05-13T22:02:12.059000Z</time>
      </trkpt>
      <trkpt lat="41.683147558981254" lon="123.47403061587687">
        <ele>88.2609785323404</ele>
        <time>2018-05-13T22:02:16.062000Z</time>
      </trkpt>
      <trkpt lat="41.68320141270913" lon="123.47414184373196">
        <time>2018-05-13T22:02:20.145000Z</time>
      </trkpt>
      <trkpt lat="41.683117300310805" lon="123.47407571051593">
        <ele>88.4406660323404</ele>
        <time>2018-05-13T22:02:29.105000Z</time>
      </trkpt>
      <trkpt lat="41.6830528015659" lon="123.47395400528188">
        <time>2018-05-13T22:02:32.127000Z</time>
      </trkpt>
      <trkpt lat="41.68299220040597" lon="123.47381813463147">
        <ele>88.61769850304353</ele>
        <time>2018-05-13T22:02:35.105000Z</time>
      </trkpt>
      <trkpt lat="41.682930635327175" lon="123.47368938859876">
        <time>2018-05-13T22:02:39.089000Z</time>
      </trkpt>
      <trkpt lat="41.6828730935619" lon="123.4735541885006">
        <time>2018-05-13T22:02:43.116000Z</time>
      </trkpt>
      <trkpt lat="41.68282862756558" lon="123.47344631340678">
        <ele>88.42745192101228</ele>
        <time>2018-05-13T22:02:46.099000Z</time>
      </trkpt>
      <trkpt lat="41.6827663081155" lon="123.47331044275637">
        <time>2018-05-13T22:02:49.099000Z</time>
      </trkpt>
      <trkpt lat="41.68270742524572" lon="123.4731691238689">
        <time>2018-05-13T22:02:53.113000Z</time>
      </trkpt>
      <trkpt lat="41.68265264950849" lon="123.47304238949295">
        <ele>89.52930433800447</ele>
        <time>2018-05-13T22:02:56.104000Z</time>
      </trkpt>
      <trkpt lat="41.68260671667911" lon="123.4729357716846">
        <time>2018-05-13T22:02:59.092000Z</time>
      </trkpt>
      <trkpt lat="41.68254611551918" lon="123.47282194543953">
        <time>2018-05-13T22:03:02.112000Z</time>
      </trkpt>
      <trkpt lat="41.68250659484573" lon="123.47271239396508">
        <ele>90.3801191573404</ele>
        <time>2018-05-13T22:03:05.106000Z</time>
      </trkpt>
      <trkpt lat="41.68246732562937" lon="123.47258524049397">
        <time>2018-05-13T22:03:08.107000Z</time>
      </trkpt>
      <trkpt lat="41.68242994234122" lon="123.47246906731601">
        <time>2018-05-13T22:03:11.104000Z</time>
      </trkpt>
      <trkpt lat="41.68238451242603" lon="123.4723437578636">
        <time>2018-05-13T22:03:14.077000Z</time>
      </trkpt>
      <trkpt lat="41.68234914079465" lon="123.47223026689466">
        <ele>89.61649305870759</ele>
        <time>2018-05-13T22:03:17.117000Z</time>
      </trkpt>
      <trkpt lat="41.6823101649449" lon="123.47208467323657">
        <time>2018-05-13T22:03:21.074000Z</time>
      </trkpt>
      <trkpt lat="41.682270267085805" lon="123.47195140097614">
        <ele>88.95590956261384</ele>
        <time>2018-05-13T22:03:25.106000Z</time>
      </trkpt>
      <trkpt lat="41.68222114913322" lon="123.47183095302756">
        <time>2018-05-13T22:03:29.105000Z</time>
      </trkpt>
      <trkpt lat="41.68218242474057" lon="123.47169399272974">
        <time>2018-05-13T22:03:33.121000Z</time>
      </trkpt>
      <trkpt lat="41.682127104179635" lon="123.47156591724928">
        <ele>88.87400038292634</ele>
        <time>2018-05-13T22:03:37.110000Z</time>
      </trkpt>
      <trkpt lat="41.682097851337566" lon="123.47143733885461">
        <time>2018-05-13T22:03:41.115000Z</time>
      </trkpt>
      <trkpt lat="41.68207446582772" lon="123.47131739382023">
        <ele>88.32704908898103</ele>
        <time>2018-05-13T22:03:45.128000Z</time>
      </trkpt>
      <trkpt lat="41.68204915248014" lon="123.47119317401523">
        <time>2018-05-13T22:03:49.114000Z</time>
      </trkpt>
      <trkpt lat="41.682040183843746" lon="123.47106224868769">
        <time>2018-05-13T22:03:53.108000Z</time>
      </trkpt>
      <trkpt lat="41.68201373893924" lon="123.47093794506365">
        <ele>88.2689131026529</ele>
        <time>2018-05-13T22:03:57.119000Z</time>
      </trkpt>
      <trkpt lat="41.6819975199566" lon="123.47079386014813">
        <time>2018-05-13T22:04:02.142000Z</time>
      </trkpt>
      <trkpt lat="41.68196177113958" lon="123.47067374747569">
        <ele>87.81179029991853</ele>
        <time>2018-05-13T22:04:06.103000Z</time>
      </trkpt>
      <trkpt lat="41.68192539367981" lon="123.47051499422962">
        <time>2018-05-13T22:04:09.134000Z</time>
      </trkpt>
      <trkpt lat="41.681901379527226" lon="123.47035615716452">
        <time>2018-05-13T22:04:12.131000Z</time>
      </trkpt>
      <trkpt lat="41.68188905812956" lon="123.4702049476313">
        <ele>87.24896986534822</ele>
        <time>2018-05-13T22:04:15.114000Z</time>
      </trkpt>
      <trkpt lat="41.68187627572723" lon="123.47006421547705">
        <time>2018-05-13T22:04:18.108000Z</time>
      </trkpt>
      <trkpt lat="41.681854231321886" lon="123.46993580472046">
        <time>2018-05-13T22:04:21.115000Z</time>
      </trkpt>
      <trkpt lat="41.68182552330352" lon="123.46980705868775">
        <time>2018-05-13T22:04:24.113000Z</time>
      </trkpt>
      <trkpt lat="41.681800629051104" lon="123.46966255467707">
        <ele>86.48270399620759</ele>
        <time>2018-05-13T22:04:27.110000Z</time>
      </trkpt>
      <trkpt lat="41.68178809810586" lon="123.469530204426">
        <time>2018-05-13T22:04:30.111000Z</time>
      </trkpt>
      <trkpt lat="41.68177284304209" lon="123.46940749336356">
        <time>2018-05-13T22:04:33.120000Z</time>
      </trkpt>
      <trkpt lat="41.68175100818433" lon="123.46928486612016">
        <ele>86.71257765343415</ele>
        <time>2018-05-13T22:04:36.124000Z</time>
      </trkpt>
      <trkpt lat="41.68175314556964" lon="123.46916215505773">
        <time>2018-05-13T22:04:39.118000Z</time>
      </trkpt>
      <trkpt lat="41.681735040658786" lon="123.46903190028245">
        <time>2018-05-13T22:04:42.139000Z</time>
      </trkpt>
      <trkpt lat="41.68171823494293" lon="123.46889032993788">
        <ele>86.23432142784822</ele>
        <time>2018-05-13T22:04:46.116000Z</time>
      </trkpt>
      <trkpt lat="41.6817334900067" lon="123.46876929525608">
        <time>2018-05-13T22:04:49.118000Z</time>
      </trkpt>
      <trkpt lat="41.68172976005979" lon="123.46864691946978">
        <time>2018-05-13T22:04:52.150000Z</time>
      </trkpt>
      <trkpt lat="41.681727371217384" lon="123.46852638770217">
        <ele>86.8737715010904</ele>
        <time>2018-05-13T22:04:55.113000Z</time>
      </trkpt>
      <trkpt lat="41.68172569483675" lon="123.46840300608748">
        <time>2018-05-13T22:04:58.128000Z</time>
      </trkpt>
      <trkpt lat="41.68171266097732" lon="123.46828155231053">
        <time>2018-05-13T22:05:01.151000Z</time>
      </trkpt>
      <trkpt lat="41.681693466419055" lon="123.46815833833391">
        <time>2018-05-13T22:05:04.120000Z</time>
      </trkpt>
      <trkpt lat="41.681694891342595" lon="123.46801844436997">
        <ele>86.26602919152009</ele>
        <time>2018-05-13T22:05:08.139000Z</time>
      </trkpt>
      <trkpt lat="41.6817163071052" lon="123.46788634557599">
        <time>2018-05-13T22:05:12.136000Z</time>
      </trkpt>
      <trkpt lat="41.68171396017231" lon="123.46773270529086">
        <ele>86.84206373741853</ele>
        <time>2018-05-13T22:05:16.134000Z</time>
      </trkpt>
      <trkpt lat="41.681734453925564" lon="123.46760312106782">
        <time>2018-05-13T22:05:20.134000Z</time>
      </trkpt>
      <trkpt lat="41.68172196488984" lon="123.46747965563411">
        <time>2018-05-13T22:05:23.129000Z</time>
      </trkpt>
      <trkpt lat="41.68170947585411" lon="123.4673162923413">
        <ele>87.24896986534822</ele>
        <time>2018-05-13T22:05:27.117000Z</time>
      </trkpt>
      <trkpt lat="41.68170235123642" lon="123.46717514109189">
        <time>2018-05-13T22:05:30.119000Z</time>
      </trkpt>
      <trkpt lat="41.68168998792924" lon="123.46704295847887">
        <time>2018-05-13T22:05:33.130000Z</time>
      </trkpt>
      <trkpt lat="41.681681438388004" lon="123.46691622410292">
        <ele>86.58574659874665</ele>
        <time>2018-05-13T22:05:36.124000Z</time>
      </trkpt>
      <trkpt lat="41.68168340813525" lon="123.46677725214833">
        <time>2018-05-13T22:05:39.124000Z</time>
      </trkpt>
      <trkpt lat="41.68168240230687" lon="123.46664473425919">
        <time>2018-05-13T22:05:42.156000Z</time>
      </trkpt>
      <trkpt lat="41.68168965265311" lon="123.46650400210494">
        <ele>86.05464918663728</ele>
        <time>2018-05-13T22:05:46.117000Z</time>
      </trkpt>
      <trkpt lat="41.681690323205366" lon="123.4663556424188">
        <time>2018-05-13T22:05:49.115000Z</time>
      </trkpt>
      <trkpt lat="41.68168701235361" lon="123.4662176762926">
        <time>2018-05-13T22:05:52.134000Z</time>
      </trkpt>
      <trkpt lat="41.68168889828183" lon="123.46609337266857">
        <ele>85.79041273644197</ele>
        <time>2018-05-13T22:05:55.143000Z</time>
      </trkpt>
      <trkpt lat="41.681703398974314" lon="123.46597149979645">
        <time>2018-05-13T22:05:58.141000Z</time>
      </trkpt>
      <trkpt lat="41.68171018831588" lon="123.4658429214018">
        <time>2018-05-13T22:06:01.116000Z</time>
      </trkpt>
      <trkpt lat="41.681726952122226" lon="123.46572121616775">
        <time>2018-05-13T22:06:04.116000Z</time>
      </trkpt>
      <trkpt lat="41.681720372328236" lon="123.46556447457844">
        <ele>85.4257734542154</ele>
        <time>2018-05-13T22:06:07.130000Z</time>
      </trkpt>
      <trkpt lat="41.68171211615361" lon="123.46541586343521">
        <time>2018-05-13T22:06:10.123000Z</time>
      </trkpt>
      <trkpt lat="41.68171991132356" lon="123.46528694976443">
        <time>2018-05-13T22:06:13.113000Z</time>
      </trkpt>
      <trkpt lat="41.6817102302254" lon="123.4651470558005">
        <ele>85.09548170616853</ele>
        <time>2018-05-13T22:06:16.113000Z</time>
      </trkpt>
      <trkpt lat="41.681703692340925" lon="123.46499090094441">
        <time>2018-05-13T22:06:19.117000Z</time>
      </trkpt>
      <trkpt lat="41.68171211615361" lon="123.46483734447831">
        <time>2018-05-13T22:06:22.148000Z</time>
      </trkpt>
      <trkpt lat="41.681704404802694" lon="123.46471211884493">
        <ele>84.36356337120759</ele>
        <time>2018-05-13T22:06:25.119000Z</time>
      </trkpt>
      <trkpt lat="41.681697615461125" lon="123.46458027150804">
        <time>2018-05-13T22:06:28.109000Z</time>
      </trkpt>
      <trkpt lat="41.6816729726658" lon="123.46443836588735">
        <time>2018-05-13T22:06:31.134000Z</time>
      </trkpt>
      <trkpt lat="41.681670416185334" lon="123.46430827875012">
        <time>2018-05-13T22:06:34.104000Z</time>
      </trkpt>
      <trkpt lat="41.681680223012044" lon="123.46418305311674">
        <ele>84.21559889366853</ele>
        <time>2018-05-13T22:06:37.119000Z</time>
      </trkpt>
      <trkpt lat="41.681663333477154" lon="123.46406159933979">
        <time>2018-05-13T22:06:40.139000Z</time>
      </trkpt>
      <trkpt lat="41.681653903836086" lon="123.46391709532911">
        <time>2018-05-13T22:06:44.109000Z</time>
      </trkpt>
      <trkpt lat="41.68166521940537" lon="123.46376144338721">
        <ele>84.49567396691072</ele>
        <time>2018-05-13T22:06:48.095000Z</time>
      </trkpt>
      <trkpt lat="41.68168332431622" lon="123.46360880893046">
        <time>2018-05-13T22:06:52.120000Z</time>
      </trkpt>
      <trkpt lat="41.681675068141594" lon="123.46347327355618">
        <ele>84.17595655968415</ele>
        <time>2018-05-13T22:06:55.094000Z</time>
      </trkpt>
      <trkpt lat="41.68166647669084" lon="123.46331150282496">
        <time>2018-05-13T22:06:59.681000Z</time>
      </trkpt>
      <trkpt lat="41.68168604843475" lon="123.46315953892046">
        <time>2018-05-13T22:07:03.132000Z</time>
      </trkpt>
      <trkpt lat="41.681687305720224" lon="123.46303188253516">
        <ele>84.37148268273103</ele>
        <time>2018-05-13T22:07:06.108000Z</time>
      </trkpt>
      <trkpt lat="41.681700339579656" lon="123.46289299439961">
        <time>2018-05-13T22:07:10.126000Z</time>
      </trkpt>
      <trkpt lat="41.68171781584777" lon="123.46277480956489">
        <time>2018-05-13T22:07:13.114000Z</time>
      </trkpt>
      <trkpt lat="41.681719869414046" lon="123.46264841046506">
        <ele>83.5602949385904</ele>
        <time>2018-05-13T22:07:16.119000Z</time>
      </trkpt>
      <trkpt lat="41.68171722911455" lon="123.46252276573652">
        <time>2018-05-13T22:07:19.141000Z</time>
      </trkpt>
      <trkpt lat="41.68172338981338" lon="123.46239301387543">
        <time>2018-05-13T22:07:22.128000Z</time>
      </trkpt>
      <trkpt lat="41.681735669301524" lon="123.4622578975963">
        <ele>83.94608290245759</ele>
        <time>2018-05-13T22:07:25.124000Z</time>
      </trkpt>
      <trkpt lat="41.68172682639368" lon="123.46211565669948">
        <time>2018-05-13T22:07:28.126000Z</time>
      </trkpt>
      <trkpt lat="41.68172904759802" lon="123.46198657539064">
        <time>2018-05-13T22:07:31.113000Z</time>
      </trkpt>
      <trkpt lat="41.681727874131575" lon="123.46183486294323">
        <ele>83.17452223351228</ele>
        <time>2018-05-13T22:07:35.118000Z</time>
      </trkpt>
      <trkpt lat="41.681727580764964" lon="123.4617124033379">
        <time>2018-05-13T22:07:38.119000Z</time>
      </trkpt>
      <trkpt lat="41.681735250206366" lon="123.46158189710552">
        <time>2018-05-13T22:07:41.117000Z</time>
      </trkpt>
      <trkpt lat="41.68173369955428" lon="123.46144359570319">
        <time>2018-05-13T22:07:44.129000Z</time>
      </trkpt>
      <trkpt lat="41.681730598250105" lon="123.4613119998234">
        <ele>83.97249586632478</ele>
        <time>2018-05-13T22:07:47.115000Z</time>
      </trkpt>
      <trkpt lat="41.68175264265545" lon="123.46119473699802">
        <time>2018-05-13T22:07:50.114000Z</time>
      </trkpt>
      <trkpt lat="41.68176739480503" lon="123.4610720259356">
        <time>2018-05-13T22:07:53.113000Z</time>
      </trkpt>
      <trkpt lat="41.681782188864126" lon="123.4609351494568">
        <ele>84.23145277550447</ele>
        <time>2018-05-13T22:07:57.116000Z</time>
      </trkpt>
      <trkpt lat="41.68174363210954" lon="123.46081998210722">
        <time>2018-05-13T22:08:03.120000Z</time>
      </trkpt>
      <trkpt lat="41.68174388356663" lon="123.46068444673294">
        <ele>83.93022902062165</ele>
        <time>2018-05-13T22:08:07.165000Z</time>
      </trkpt>
      <trkpt lat="41.681750840546265" lon="123.46056299295599">
        <time>2018-05-13T22:08:10.115000Z</time>
      </trkpt>
      <trkpt lat="41.68174832597531" lon="123.46042661939138">
        <time>2018-05-13T22:08:13.127000Z</time>
      </trkpt>
      <trkpt lat="41.681749415622726" lon="123.46027532603914">
        <ele>83.54973585655915</ele>
        <time>2018-05-13T22:08:16.141000Z</time>
      </trkpt>
      <trkpt lat="41.681785834992006" lon="123.46015680592829">
        <time>2018-05-13T22:08:19.112000Z</time>
      </trkpt>
      <trkpt lat="41.68178436815895" lon="123.46000375237638">
        <time>2018-05-13T22:08:23.133000Z</time>
      </trkpt>
      <trkpt lat="41.68175574395962" lon="123.45988213096136">
        <ele>82.14136488487947</ele>
        <time>2018-05-13T22:08:26.116000Z</time>
      </trkpt>
      <trkpt lat="41.68176291048683" lon="123.45976000663215">
        <time>2018-05-13T22:08:29.121000Z</time>
      </trkpt>
      <trkpt lat="41.68176789771922" lon="123.459624806534">
        <time>2018-05-13T22:08:32.123000Z</time>
      </trkpt>
      <trkpt lat="41.681769238823726" lon="123.4594963957774">
        <ele>82.14929945519197</ele>
        <time>2018-05-13T22:08:35.133000Z</time>
      </trkpt>
      <trkpt lat="41.68178285941638" lon="123.45937351707691">
        <time>2018-05-13T22:08:38.122000Z</time>
      </trkpt>
      <trkpt lat="41.68180368844576" lon="123.45922431920046">
        <time>2018-05-13T22:08:42.138000Z</time>
      </trkpt>
      <trkpt lat="41.68177615389384" lon="123.4590859339791">
        <ele>81.93262465050447</ele>
        <time>2018-05-13T22:08:45.113000Z</time>
      </trkpt>
      <trkpt lat="41.68176006063975" lon="123.45895098533803">
        <time>2018-05-13T22:08:48.118000Z</time>
      </trkpt>
      <trkpt lat="41.68174752969451" lon="123.45881209720248">
        <time>2018-05-13T22:08:51.148000Z</time>
      </trkpt>
      <trkpt lat="41.68174715250887" lon="123.45868603337878">
        <time>2018-05-13T22:08:54.119000Z</time>
      </trkpt>
      <trkpt lat="41.68176068928249" lon="123.45856508251602">
        <ele>81.87184889366853</ele>
        <time>2018-05-13T22:08:57.114000Z</time>
      </trkpt>
      <trkpt lat="41.6817601863683" lon="123.45841144223088">
        <time>2018-05-13T22:09:01.121000Z</time>
      </trkpt>
      <trkpt lat="41.68178181167848" lon="123.45825738285059">
        <ele>82.60642225792634</ele>
        <time>2018-05-13T22:09:05.115000Z</time>
      </trkpt>
      <trkpt lat="41.68178348805912" lon="123.45810156327063">
        <time>2018-05-13T22:09:09.140000Z</time>
      </trkpt>
      <trkpt lat="41.681771879123225" lon="123.45797499653274">
        <time>2018-05-13T22:09:12.131000Z</time>
      </trkpt>
      <trkpt lat="41.68179891076095" lon="123.45782521192307">
        <ele>82.1651533370279</ele>
        <time>2018-05-13T22:09:16.119000Z</time>
      </trkpt>
      <trkpt lat="41.6817784170077" lon="123.45768431213075">
        <time>2018-05-13T22:09:19.125000Z</time>
      </trkpt>
      <trkpt lat="41.68177175339468" lon="123.45755623665029">
        <time>2018-05-13T22:09:22.115000Z</time>
      </trkpt>
      <trkpt lat="41.68175473813124" lon="123.45742078509504">
        <ele>83.10581190636384</ele>
        <time>2018-05-13T22:09:25.116000Z</time>
      </trkpt>
      <trkpt lat="41.681759222449436" lon="123.45725490723127">
        <time>2018-05-13T22:09:28.114000Z</time>
      </trkpt>
      <trkpt lat="41.681754277126565" lon="123.45709363941425">
        <time>2018-05-13T22:09:31.119000Z</time>
      </trkpt>
      <trkpt lat="41.68175557632156" lon="123.45695307489807">
        <ele>82.56943495323884</ele>
        <time>2018-05-13T22:09:35.099000Z</time>
      </trkpt>
      <trkpt lat="41.6817583423496" lon="123.45682860363597">
        <time>2018-05-13T22:09:38.104000Z</time>
      </trkpt>
      <trkpt lat="41.6817533132077" lon="123.45670782041127">
        <time>2018-05-13T22:09:41.141000Z</time>
      </trkpt>
      <trkpt lat="41.68175180446513" lon="123.4565797449308">
        <time>2018-05-13T22:09:44.118000Z</time>
      </trkpt>
      <trkpt lat="41.68175100818433" lon="123.4564473108607">
        <ele>83.11110670616853</ele>
        <time>2018-05-13T22:09:47.111000Z</time>
      </trkpt>
      <trkpt lat="41.681760563553944" lon="123.45629777770812">
        <time>2018-05-13T22:09:51.136000Z</time>
      </trkpt>
      <trkpt lat="41.68176504787214" lon="123.45615436334484">
        <time>2018-05-13T22:09:54.100000Z</time>
      </trkpt>
      <trkpt lat="41.6817577975259" lon="123.45602251600795">
        <ele>82.71475966027009</ele>
        <time>2018-05-13T22:09:57.137000Z</time>
      </trkpt>
      <trkpt lat="41.68174773924209" lon="123.45590181660228">
        <time>2018-05-13T22:10:00.111000Z</time>
      </trkpt>
      <trkpt lat="41.68174094990052" lon="123.45577835116856">
        <time>2018-05-13T22:10:03.112000Z</time>
      </trkpt>
      <trkpt lat="41.68173105925478" lon="123.45565530483">
        <ele>83.59993727257478</ele>
        <time>2018-05-13T22:10:06.119000Z</time>
      </trkpt>
      <trkpt lat="41.68173713613458" lon="123.45550769951515">
        <time>2018-05-13T22:10:10.121000Z</time>
      </trkpt>
      <trkpt lat="41.68174199763842" lon="123.4553807136821">
        <time>2018-05-13T22:10:13.108000Z</time>
      </trkpt>
      <trkpt lat="41.681744260752275" lon="123.45524559740298">
        <ele>83.32248671105134</ele>
        <time>2018-05-13T22:10:17.122000Z</time>
      </trkpt>
      <trkpt lat="41.68173311282106" lon="123.45508650888078">
        <time>2018-05-13T22:10:21.115000Z</time>
      </trkpt>
      <trkpt lat="41.68172380890854" lon="123.45492767181568">
        <ele>83.18508131554353</ele>
        <time>2018-05-13T22:10:25.114000Z</time>
      </trkpt>
      <trkpt lat="41.68171546891488" lon="123.45478459272854">
        <time>2018-05-13T22:10:28.116000Z</time>
      </trkpt>
      <trkpt lat="41.681707925202026" lon="123.45462474983506">
        <time>2018-05-13T22:10:32.120000Z</time>
      </trkpt>
      <trkpt lat="41.681704404802694" lon="123.45449918892555">
        <ele>83.57878859093415</ele>
        <time>2018-05-13T22:10:35.118000Z</time>
      </trkpt>
      <trkpt lat="41.681703901888504" lon="123.4543722030925">
        <time>2018-05-13T22:10:38.146000Z</time>
      </trkpt>
      <trkpt lat="41.68170587163575" lon="123.45424077485077">
        <time>2018-05-13T22:10:41.121000Z</time>
      </trkpt>
      <trkpt lat="41.68170704510219" lon="123.45408638019435">
        <time>2018-05-13T22:10:44.131000Z</time>
      </trkpt>
      <trkpt lat="41.681704698169305" lon="123.45394690532558">
        <ele>83.74526197960603</ele>
        <time>2018-05-13T22:10:47.131000Z</time>
      </trkpt>
      <trkpt lat="41.68170645836897" lon="123.45381866220706">
        <time>2018-05-13T22:10:50.122000Z</time>
      </trkpt>
      <trkpt lat="41.68171383444376" lon="123.45365613710456">
        <time>2018-05-13T22:10:54.117000Z</time>
      </trkpt>
      <trkpt lat="41.681716935747936" lon="123.45350417320006">
        <ele>83.75847609093415</ele>
        <time>2018-05-13T22:10:58.101000Z</time>
      </trkpt>
      <trkpt lat="41.68173013724543" lon="123.45338045630925">
        <time>2018-05-13T22:11:01.121000Z</time>
      </trkpt>
      <trkpt lat="41.681726365389004" lon="123.45325355429523">
        <time>2018-05-13T22:11:04.140000Z</time>
      </trkpt>
      <trkpt lat="41.68172946669318" lon="123.4531170969116">
        <ele>83.19037611534822</ele>
        <time>2018-05-13T22:11:08.156000Z</time>
      </trkpt>
      <trkpt lat="41.68173680085845" lon="123.4529545718091">
        <time>2018-05-13T22:11:12.142000Z</time>
      </trkpt>
      <trkpt lat="41.68174706868984" lon="123.45280646358006">
        <ele>83.05561049034822</ele>
        <time>2018-05-13T22:11:16.117000Z</time>
      </trkpt>
      <trkpt lat="41.68176513169117" lon="123.45268400397472">
        <time>2018-05-13T22:11:19.115000Z</time>
      </trkpt>
      <trkpt lat="41.68177384887047" lon="123.4525502288001">
        <time>2018-05-13T22:11:22.119000Z</time>
      </trkpt>
      <trkpt lat="41.68179568372823" lon="123.45242735009961">
        <ele>82.85480482628572</ele>
        <time>2018-05-13T22:11:25.108000Z</time>
      </trkpt>
      <trkpt lat="41.68180595155962" lon="123.45230472285621">
        <time>2018-05-13T22:11:28.140000Z</time>
      </trkpt>
      <trkpt lat="41.68178156022139" lon="123.45218360435538">
        <time>2018-05-13T22:11:31.113000Z</time>
      </trkpt>
      <trkpt lat="41.68175809089251" lon="123.45205460686557">
        <time>2018-05-13T22:11:34.137000Z</time>
      </trkpt>
      <trkpt lat="41.68177900374092" lon="123.45189786527627">
        <ele>82.52979261925447</ele>
        <time>2018-05-13T22:11:38.116000Z</time>
      </trkpt>
      <trkpt lat="41.681801718698516" lon="123.45175797131233">
        <time>2018-05-13T22:11:41.125000Z</time>
      </trkpt>
      <trkpt lat="41.681821960994675" lon="123.45160315756075">
        <ele>81.85599501183259</ele>
        <time>2018-05-13T22:11:45.166000Z</time>
      </trkpt>
      <trkpt lat="41.68177900374092" lon="123.45148446981185">
        <time>2018-05-13T22:11:48.111000Z</time>
      </trkpt>
      <trkpt lat="41.681767520533576" lon="123.45135513704591">
        <time>2018-05-13T22:11:51.108000Z</time>
      </trkpt>
      <trkpt lat="41.681765299329236" lon="123.45121968549066">
        <time>2018-05-13T22:11:54.108000Z</time>
      </trkpt>
      <trkpt lat="41.68176144365378" lon="123.45108096499317">
        <ele>82.89179213097322</ele>
        <time>2018-05-13T22:11:57.113000Z</time>
      </trkpt>
      <trkpt lat="41.68176249139167" lon="123.45095691282623">
        <time>2018-05-13T22:12:00.120000Z</time>
      </trkpt>
      <trkpt lat="41.681771082842424" lon="123.45079849485629">
        <time>2018-05-13T22:12:04.112000Z</time>
      </trkpt>
      <trkpt lat="41.681764586867466" lon="123.45066388149135">
        <ele>82.5007246260904</ele>
        <time>2018-05-13T22:12:07.124000Z</time>
      </trkpt>
      <trkpt lat="41.68175201401271" lon="123.45052759174578">
        <time>2018-05-13T22:12:10.113000Z</time>
      </trkpt>
      <trkpt lat="41.681743338742926" lon="123.45040010299854">
        <time>2018-05-13T22:12:13.111000Z</time>
      </trkpt>
      <trkpt lat="41.68173856105812" lon="123.4502726142513">
        <ele>83.17716200402009</ele>
        <time>2018-05-13T22:12:16.101000Z</time>
      </trkpt>
      <trkpt lat="41.68174928989418" lon="123.45011687849038">
        <time>2018-05-13T22:12:20.115000Z</time>
      </trkpt>
      <trkpt lat="41.68174229100503" lon="123.44997220684164">
        <time>2018-05-13T22:12:24.124000Z</time>
      </trkpt>
      <trkpt lat="41.68173558548249" lon="123.44983935367637">
        <ele>82.69097120812165</ele>
        <time>2018-05-13T22:12:27.117000Z</time>
      </trkpt>
      <trkpt lat="41.681721084790006" lon="123.44970373448305">
        <time>2018-05-13T22:12:30.117000Z</time>
      </trkpt>
      <trkpt lat="41.681718570219054" lon="123.4495804366874">
        <time>2018-05-13T22:12:33.129000Z</time>
      </trkpt>
      <trkpt lat="41.68171517554827" lon="123.44944129709475">
        <ele>82.97370131066072</ele>
        <time>2018-05-13T22:12:36.120000Z</time>
      </trkpt>
      <trkpt lat="41.68171798348583" lon="123.44931875367038">
        <time>2018-05-13T22:12:39.128000Z</time>
      </trkpt>
      <trkpt lat="41.68173072397865" lon="123.44919428240829">
        <time>2018-05-13T22:12:42.104000Z</time>
      </trkpt>
      <trkpt lat="41.68175117582239" lon="123.44904433016055">
        <ele>82.25763685753572</ele>
        <time>2018-05-13T22:12:46.113000Z</time>
      </trkpt>
      <trkpt lat="41.6817541094885" lon="123.44891876925104">
        <time>2018-05-13T22:12:49.123000Z</time>
      </trkpt>
      <trkpt lat="41.68175955772556" lon="123.4487862513619">
        <time>2018-05-13T22:12:52.133000Z</time>
      </trkpt>
      <trkpt lat="41.681762784758284" lon="123.44864836905472">
        <ele>80.8519209151529</ele>
        <time>2018-05-13T22:12:55.112000Z</time>
      </trkpt>
      <trkpt lat="41.68175918053992" lon="123.44850361358695">
        <time>2018-05-13T22:12:58.108000Z</time>
      </trkpt>
      <trkpt lat="41.68175687551655" lon="123.44834502797895">
        <time>2018-05-13T22:13:02.125000Z</time>
      </trkpt>
      <trkpt lat="41.68177489660837" lon="123.44821720395558">
        <ele>81.5230634932779</ele>
        <time>2018-05-13T22:13:05.119000Z</time>
      </trkpt>
      <trkpt lat="41.68178549971588" lon="123.44806507241302">
        <time>2018-05-13T22:13:09.113000Z</time>
      </trkpt>
      <trkpt lat="41.68174857743241" lon="123.44794789340668">
        <ele>81.94055922081697</ele>
        <time>2018-05-13T22:13:15.114000Z</time>
      </trkpt>
      <trkpt lat="41.68174857743241" lon="123.44794789340668">
        <ele>82.32633192589509</ele>
        <time>2018-05-13T22:13:59.133000Z</time>
      </trkpt>
      <trkpt lat="41.6818196559713" lon="123.44782124284976">
        <time>2018-05-13T22:14:02.150000Z</time>
      </trkpt>
      <trkpt lat="41.68182828933157" lon="123.44767598446779">
        <time>2018-05-13T22:14:05.116000Z</time>
      </trkpt>
      <trkpt lat="41.681841490829065" lon="123.44754078436964">
        <ele>81.39095289757478</ele>
        <time>2018-05-13T22:14:08.127000Z</time>
      </trkpt>
      <trkpt lat="41.681831684002354" lon="123.44740709301405">
        <time>2018-05-13T22:14:11.112000Z</time>
      </trkpt>
      <trkpt lat="41.68182091325678" lon="123.44724054459803">
        <time>2018-05-13T22:14:14.117000Z</time>
      </trkpt>
      <trkpt lat="41.681829462798014" lon="123.44709201727383">
        <time>2018-05-13T22:14:17.117000Z</time>
      </trkpt>
      <trkpt lat="41.68182543948449" lon="123.44693569477968">
        <ele>81.25884230187165</ele>
        <time>2018-05-13T22:14:20.122000Z</time>
      </trkpt>
      <trkpt lat="41.68182979807414" lon="123.44680326070957">
        <time>2018-05-13T22:14:23.119000Z</time>
      </trkpt>
      <trkpt lat="41.68181818913825" lon="123.4466582537847">
        <time>2018-05-13T22:14:26.129000Z</time>
      </trkpt>
      <trkpt lat="41.68182866651721" lon="123.44653453689389">
        <ele>81.62612135460603</ele>
        <time>2018-05-13T22:14:29.131000Z</time>
      </trkpt>
      <trkpt lat="41.68184903454192" lon="123.44641333457403">
        <time>2018-05-13T22:14:32.126000Z</time>
      </trkpt>
      <trkpt lat="41.68186135593958" lon="123.44626564544015">
        <time>2018-05-13T22:14:35.108000Z</time>
      </trkpt>
      <trkpt lat="41.681852932126894" lon="123.44612885278039">
        <ele>81.84807570030915</ele>
        <time>2018-05-13T22:14:38.114000Z</time>
      </trkpt>
      <trkpt lat="41.68185993101604" lon="123.44598200183682">
        <time>2018-05-13T22:14:42.113000Z</time>
      </trkpt>
      <trkpt lat="41.68187057603307" lon="123.4458574467557">
        <time>2018-05-13T22:14:45.112000Z</time>
      </trkpt>
      <trkpt lat="41.68185892518766" lon="123.44572777871363">
        <ele>82.13080580284822</ele>
        <time>2018-05-13T22:14:48.120000Z</time>
      </trkpt>
      <trkpt lat="41.681851213836744" lon="123.44559752393835">
        <time>2018-05-13T22:14:51.112000Z</time>
      </trkpt>
      <trkpt lat="41.681836335958614" lon="123.44546877790563">
        <time>2018-05-13T22:14:54.110000Z</time>
      </trkpt>
      <trkpt lat="41.681815297381654" lon="123.44532871630364">
        <time>2018-05-13T22:14:57.131000Z</time>
      </trkpt>
      <trkpt lat="41.681815381200686" lon="123.44519116927259">
        <ele>82.14401991417634</ele>
        <time>2018-05-13T22:15:00.106000Z</time>
      </trkpt>
      <trkpt lat="41.68181269899167" lon="123.44504725199513">
        <time>2018-05-13T22:15:03.107000Z</time>
      </trkpt>
      <trkpt lat="41.681825313755944" lon="123.44491649430566">
        <time>2018-05-13T22:15:06.123000Z</time>
      </trkpt>
      <trkpt lat="41.68180796321638" lon="123.44476821843855">
        <ele>81.64461500694978</ele>
        <time>2018-05-13T22:15:09.125000Z</time>
      </trkpt>
      <trkpt lat="41.681799916589334" lon="123.44463268306427">
        <time>2018-05-13T22:15:12.110000Z</time>
      </trkpt>
      <trkpt lat="41.68180712502606" lon="123.44449698005192">
        <time>2018-05-13T22:15:15.113000Z</time>
      </trkpt>
      <trkpt lat="41.681795348452106" lon="123.44436110940151">
        <ele>82.19686110069978</ele>
        <time>2018-05-13T22:15:18.122000Z</time>
      </trkpt>
      <trkpt lat="41.68178809810586" lon="123.44423219573073">
        <time>2018-05-13T22:15:21.113000Z</time>
      </trkpt>
      <trkpt lat="41.68181634511955" lon="123.44407134700887">
        <time>2018-05-13T22:15:25.100000Z</time>
      </trkpt>
      <trkpt lat="41.681845933237746" lon="123.44394654047065">
        <ele>81.86920912316072</ele>
        <time>2018-05-13T22:15:28.119000Z</time>
      </trkpt>
      <trkpt lat="41.68184840589918" lon="123.44380270701222">
        <time>2018-05-13T22:15:31.103000Z</time>
      </trkpt>
      <trkpt lat="41.68182669676997" lon="123.44367438007467">
        <time>2018-05-13T22:15:34.118000Z</time>
      </trkpt>
      <trkpt lat="41.681810016782656" lon="123.44354982499354">
        <time>2018-05-13T22:15:37.116000Z</time>
      </trkpt>
      <trkpt lat="41.68182187717564" lon="123.44342619192176">
        <ele>81.20862562706697</ele>
        <time>2018-05-13T22:15:40.119000Z</time>
      </trkpt>
      <trkpt lat="41.68183889243908" lon="123.44330146920257">
        <time>2018-05-13T22:15:43.294000Z</time>
      </trkpt>
      <trkpt lat="41.681848866903856" lon="123.44317305844598">
        <time>2018-05-13T22:15:46.100000Z</time>
      </trkpt>
      <trkpt lat="41.68185104619868" lon="123.44303425412946">
        <ele>81.07915480187165</ele>
        <time>2018-05-13T22:15:49.107000Z</time>
      </trkpt>
      <trkpt lat="41.681850585194006" lon="123.44290324498289">
        <time>2018-05-13T22:15:52.140000Z</time>
      </trkpt>
      <trkpt lat="41.68188972868182" lon="123.44275480147772">
        <time>2018-05-13T22:15:56.119000Z</time>
      </trkpt>
      <trkpt lat="41.68188645973958" lon="123.4426294920253">
        <ele>81.00518019249665</ele>
        <time>2018-05-13T22:15:59.120000Z</time>
      </trkpt>
      <trkpt lat="41.68185791935928" lon="123.44249554921262">
        <time>2018-05-13T22:16:02.134000Z</time>
      </trkpt>
      <trkpt lat="41.681854440869465" lon="123.44236588117056">
        <time>2018-05-13T22:16:05.107000Z</time>
      </trkpt>
      <trkpt lat="41.68185900900669" lon="123.44223487202399">
        <ele>80.71187574913728</ele>
        <time>2018-05-13T22:16:08.161000Z</time>
      </trkpt>
      <trkpt lat="41.68185653634526" lon="123.44210344378226">
        <time>2018-05-13T22:16:11.109000Z</time>
      </trkpt>
      <trkpt lat="41.68186772618599" lon="123.44196950096958">
        <time>2018-05-13T22:16:14.118000Z</time>
      </trkpt>
      <trkpt lat="41.68186529543407" lon="123.44184519734554">
        <time>2018-05-13T22:16:17.114000Z</time>
      </trkpt>
      <trkpt lat="41.68185113001771" lon="123.44169616710715">
        <ele>80.70659620812165</ele>
        <time>2018-05-13T22:16:20.234000Z</time>
      </trkpt>
      <trkpt lat="41.68184115555294" lon="123.44155736279063">
        <time>2018-05-13T22:16:23.107000Z</time>
      </trkpt>
      <trkpt lat="41.681824601294174" lon="123.44139215547912">
        <time>2018-05-13T22:16:27.228000Z</time>
      </trkpt>
      <trkpt lat="41.68181793768115" lon="123.44127003114991">
        <ele>80.50577528527009</ele>
        <time>2018-05-13T22:16:30.127000Z</time>
      </trkpt>
      <trkpt lat="41.681826110036745" lon="123.44112577859633">
        <time>2018-05-13T22:16:34.120000Z</time>
      </trkpt>
      <trkpt lat="41.68185469232656" lon="123.44097993348113">
        <ele>80.28382093956697</ele>
        <time>2018-05-13T22:16:38.121000Z</time>
      </trkpt>
      <trkpt lat="41.68186005674459" lon="123.44085546221903">
        <time>2018-05-13T22:16:41.111000Z</time>
      </trkpt>
      <trkpt lat="41.681882771702185" lon="123.44071540061704">
        <time>2018-05-13T22:16:45.108000Z</time>
      </trkpt>
      <trkpt lat="41.68187560517497" lon="123.44055254023841">
        <ele>80.30231459191072</ele>
        <time>2018-05-13T22:16:49.120000Z</time>
      </trkpt>
      <trkpt lat="41.68185381222673" lon="123.44041633431188">
        <time>2018-05-13T22:16:52.133000Z</time>
      </trkpt>
      <trkpt lat="41.68184304148115" lon="123.44027568597666">
        <time>2018-05-13T22:16:55.155000Z</time>
      </trkpt>
      <trkpt lat="41.681832983197346" lon="123.44014794577232">
        <time>2018-05-13T22:16:58.109000Z</time>
      </trkpt>
      <trkpt lat="41.68182887606479" lon="123.44001919973961">
        <ele>80.44499952843415</ele>
        <time>2018-05-13T22:17:01.118000Z</time>
      </trkpt>
      <trkpt lat="41.681810729244425" lon="123.43990059580973">
        <time>2018-05-13T22:17:04.123000Z</time>
      </trkpt>
      <trkpt lat="41.68182992380269" lon="123.43977930967084">
        <time>2018-05-13T22:17:07.103000Z</time>
      </trkpt>
      <trkpt lat="41.68184798680402" lon="123.43965995136968">
        <ele>80.01166517784822</ele>
        <time>2018-05-13T22:17:10.100000Z</time>
      </trkpt>
      <trkpt lat="41.681861816944256" lon="123.4395088256555">
        <time>2018-05-13T22:17:14.104000Z</time>
      </trkpt>
      <trkpt lat="41.68185825463541" lon="123.43937974434665">
        <time>2018-05-13T22:17:17.122000Z</time>
      </trkpt>
      <trkpt lat="41.68185381222673" lon="123.43925284233264">
        <ele>78.82790358116853</ele>
        <time>2018-05-13T22:17:20.118000Z</time>
      </trkpt>
      <trkpt lat="41.68187200095661" lon="123.43913423840276">
        <time>2018-05-13T22:17:23.111000Z</time>
      </trkpt>
      <trkpt lat="41.68188038285978" lon="123.43899602081946">
        <time>2018-05-13T22:17:27.141000Z</time>
      </trkpt>
      <trkpt lat="41.68191378474392" lon="123.43885084625653">
        <ele>78.96530897667634</ele>
        <time>2018-05-13T22:17:31.104000Z</time>
      </trkpt>
      <trkpt lat="41.681898236313536" lon="123.43872344132832">
        <time>2018-05-13T22:17:34.108000Z</time>
      </trkpt>
      <trkpt lat="41.68186487633891" lon="123.43859385710529">
        <time>2018-05-13T22:17:37.110000Z</time>
      </trkpt>
      <trkpt lat="41.68184203565277" lon="123.43845496896974">
        <ele>79.49112684777009</ele>
        <time>2018-05-13T22:17:40.119000Z</time>
      </trkpt>
      <trkpt lat="41.68182569094159" lon="123.43831934977642">
        <time>2018-05-13T22:17:43.107000Z</time>
      </trkpt>
      <trkpt lat="41.68182535566546" lon="123.43817777943185">
        <time>2018-05-13T22:17:46.121000Z</time>
      </trkpt>
      <trkpt lat="41.68183315083541" lon="123.43804467480949">
        <ele>79.40657789757478</ele>
        <time>2018-05-13T22:17:49.135000Z</time>
      </trkpt>
      <trkpt lat="41.68183139063574" lon="123.43791366566292">
        <time>2018-05-13T22:17:52.128000Z</time>
      </trkpt>
      <trkpt lat="41.68181948833324" lon="123.43779430736176">
        <time>2018-05-13T22:17:55.125000Z</time>
      </trkpt>
      <trkpt lat="41.68181592602439" lon="123.43766530987195">
        <ele>80.50313551476228</ele>
        <time>2018-05-13T22:17:58.111000Z</time>
      </trkpt>
      <trkpt lat="41.6818093462304" lon="123.43749934818915">
        <time>2018-05-13T22:18:01.110000Z</time>
      </trkpt>
      <trkpt lat="41.6818154231102" lon="123.43735878367296">
        <time>2018-05-13T22:18:04.122000Z</time>
      </trkpt>
      <trkpt lat="41.681808298492506" lon="123.43721654277614">
        <time>2018-05-13T22:18:07.110000Z</time>
      </trkpt>
      <trkpt lat="41.681830049531236" lon="123.43706675816647">
        <ele>80.29439528038728</ele>
        <time>2018-05-13T22:18:11.115000Z</time>
      </trkpt>
      <trkpt lat="41.68183306701638" lon="123.43691286642424">
        <time>2018-05-13T22:18:15.129000Z</time>
      </trkpt>
      <trkpt lat="41.68184082027681" lon="123.43676333327166">
        <ele>80.43971998741853</ele>
        <time>2018-05-13T22:18:19.111000Z</time>
      </trkpt>
      <trkpt lat="41.68184916027047" lon="123.43661874544195">
        <time>2018-05-13T22:18:23.108000Z</time>
      </trkpt>
      <trkpt lat="41.681835413949266" lon="123.43646694917551">
        <time>2018-05-13T22:18:26.112000Z</time>
      </trkpt>
      <trkpt lat="41.68183143254526" lon="123.43632487591675">
        <ele>80.13320143273103</ele>
        <time>2018-05-13T22:18:29.114000Z</time>
      </trkpt>
      <trkpt lat="41.68183277364977" lon="123.43619579460791">
        <time>2018-05-13T22:18:32.125000Z</time>
      </trkpt>
      <trkpt lat="41.68182891797431" lon="123.43606780294648">
        <time>2018-05-13T22:18:35.108000Z</time>
      </trkpt>
      <trkpt lat="41.68182673867948" lon="123.43593059119156">
        <ele>79.80820448448884</ele>
        <time>2018-05-13T22:18:38.117000Z</time>
      </trkpt>
      <trkpt lat="41.68185016609885" lon="123.43578172859124">
        <time>2018-05-13T22:18:42.129000Z</time>
      </trkpt>
      <trkpt lat="41.681829337069466" lon="123.43564258899859">
        <ele>80.22304518273103</ele>
        <time>2018-05-13T22:18:59.127000Z</time>
      </trkpt>
      <trkpt lat="41.681865463072135" lon="123.43552356597355">
        <time>2018-05-13T22:19:02.139000Z</time>
      </trkpt>
      <trkpt lat="41.68187732346512" lon="123.43535827484301">
        <time>2018-05-13T22:19:05.162000Z</time>
      </trkpt>
      <trkpt lat="41.681875479446425" lon="123.43521972198359">
        <time>2018-05-13T22:19:08.109000Z</time>
      </trkpt>
      <trkpt lat="41.68187380306579" lon="123.43505124572984">
        <ele>80.01694471886384</ele>
        <time>2018-05-13T22:19:11.106000Z</time>
      </trkpt>
      <trkpt lat="41.68186554689117" lon="123.43490120966307">
        <time>2018-05-13T22:19:14.117000Z</time>
      </trkpt>
      <trkpt lat="41.68185385413624" lon="123.43473960656992">
        <time>2018-05-13T22:19:18.110000Z</time>
      </trkpt>
      <trkpt lat="41.68186169121571" lon="123.43459694657794">
        <ele>79.82669813683259</ele>
        <time>2018-05-13T22:19:21.111000Z</time>
      </trkpt>
      <trkpt lat="41.681866594629064" lon="123.43443450529448">
        <time>2018-05-13T22:19:24.114000Z</time>
      </trkpt>
      <trkpt lat="41.681867600457444" lon="123.43428807344607">
        <time>2018-05-13T22:19:27.137000Z</time>
      </trkpt>
      <trkpt lat="41.6818801733122" lon="123.43414784420601">
        <ele>79.74478895714509</ele>
        <time>2018-05-13T22:19:30.108000Z</time>
      </trkpt>
      <trkpt lat="41.68188117914058" lon="123.4339979757773">
        <time>2018-05-13T22:19:33.119000Z</time>
      </trkpt>
      <trkpt lat="41.68186211031087" lon="123.43385883618465">
        <time>2018-05-13T22:19:36.130000Z</time>
      </trkpt>
      <trkpt lat="41.68184408921905" lon="123.43372271407715">
        <ele>79.45413954308259</ele>
        <time>2018-05-13T22:19:39.131000Z</time>
      </trkpt>
      <trkpt lat="41.681845849418714" lon="123.43358407739869">
        <time>2018-05-13T22:19:42.112000Z</time>
      </trkpt>
      <trkpt lat="41.68185540478833" lon="123.4334384837406">
        <time>2018-05-13T22:19:45.117000Z</time>
      </trkpt>
      <trkpt lat="41.68186097875394" lon="123.43328224506548">
        <ele>79.14762098839509</ele>
        <time>2018-05-13T22:19:49.118000Z</time>
      </trkpt>
      <trkpt lat="41.68186454106279" lon="123.43312759895197">
        <time>2018-05-13T22:19:53.115000Z</time>
      </trkpt>
      <trkpt lat="41.68185553051688" lon="123.43299206357769">
        <time>2018-05-13T22:19:56.138000Z</time>
      </trkpt>
      <trkpt lat="41.68182393074192" lon="123.43285929423145">
        <ele>79.0683515792154</ele>
        <time>2018-05-13T22:19:59.137000Z</time>
      </trkpt>
      <trkpt lat="41.68181571647681" lon="123.4326997866141">
        <time>2018-05-13T22:20:03.111000Z</time>
      </trkpt>
      <trkpt lat="41.681799497494175" lon="123.43255410913697">
        <time>2018-05-13T22:20:06.121000Z</time>
      </trkpt>
      <trkpt lat="41.68182866651721" lon="123.43241689738205">
        <ele>79.08684523155915</ele>
        <time>2018-05-13T22:20:10.112000Z</time>
      </trkpt>
      <trkpt lat="41.681830678173974" lon="123.43228152964583">
        <time>2018-05-13T22:20:13.109000Z</time>
      </trkpt>
      <trkpt lat="41.6818156745673" lon="123.43213493015936">
        <time>2018-05-13T22:20:17.109000Z</time>
      </trkpt>
      <trkpt lat="41.6818257328511" lon="123.43200081970862">
        <ele>78.70899183800447</ele>
        <time>2018-05-13T22:20:20.109000Z</time>
      </trkpt>
      <trkpt lat="41.68183415666379" lon="123.43187483970395">
        <time>2018-05-13T22:20:23.118000Z</time>
      </trkpt>
      <trkpt lat="41.68183139063574" lon="123.43172681529394">
        <time>2018-05-13T22:20:26.120000Z</time>
      </trkpt>
      <trkpt lat="41.68183377947815" lon="123.43159672815672">
        <ele>79.29824049523103</ele>
        <time>2018-05-13T22:20:29.124000Z</time>
      </trkpt>
      <trkpt lat="41.68183151636429" lon="123.43146462936274">
        <time>2018-05-13T22:20:32.107000Z</time>
      </trkpt>
      <trkpt lat="41.68182992380269" lon="123.43133051891199">
        <time>2018-05-13T22:20:35.102000Z</time>
      </trkpt>
      <trkpt lat="41.681828037874475" lon="123.43118635017744">
        <ele>78.67464430382478</ele>
        <time>2018-05-13T22:20:38.115000Z</time>
      </trkpt>
      <trkpt lat="41.68182422410853" lon="123.4310625494676">
        <time>2018-05-13T22:20:41.129000Z</time>
      </trkpt>
      <trkpt lat="41.681832899378314" lon="123.43093086976877">
        <time>2018-05-13T22:20:44.118000Z</time>
      </trkpt>
      <trkpt lat="41.68183553967781" lon="123.43079072434774">
        <time>2018-05-13T22:20:47.119000Z</time>
      </trkpt>
      <trkpt lat="41.68181969788082" lon="123.4306655825334">
        <ele>79.34316237023103</ele>
        <time>2018-05-13T22:20:50.125000Z</time>
      </trkpt>
      <trkpt lat="41.68183478530653" lon="123.43052091088465">
        <time>2018-05-13T22:20:54.191000Z</time>
      </trkpt>
      <trkpt lat="41.68184274811454" lon="123.43039166193775">
        <time>2018-05-13T22:20:57.114000Z</time>
      </trkpt>
      <trkpt lat="41.68183344420202" lon="123.43024271551839">
        <ele>79.38014967491853</ele>
        <time>2018-05-13T22:21:00.125000Z</time>
      </trkpt>
      <trkpt lat="41.68182828933157" lon="123.43010567140153">
        <time>2018-05-13T22:21:03.115000Z</time>
      </trkpt>
      <trkpt lat="41.681830761993005" lon="123.42995370749703">
        <time>2018-05-13T22:21:07.104000Z</time>
      </trkpt>
      <trkpt lat="41.68182715777464" lon="123.42979495425097">
        <ele>78.9864423995279</ele>
        <time>2018-05-13T22:21:10.128000Z</time>
      </trkpt>
      <trkpt lat="41.68182200290419" lon="123.42965849686733">
        <time>2018-05-13T22:21:13.126000Z</time>
      </trkpt>
      <trkpt lat="41.681823888832405" lon="123.42952438641659">
        <time>2018-05-13T22:21:16.116000Z</time>
      </trkpt>
      <trkpt lat="41.68183063626446" lon="123.42940217826835">
        <ele>78.71956617882478</ele>
        <time>2018-05-13T22:21:19.113000Z</time>
      </trkpt>
      <trkpt lat="41.68182179335661" lon="123.42925557878188">
        <time>2018-05-13T22:21:22.113000Z</time>
      </trkpt>
      <trkpt lat="41.68182154189952" lon="123.42913018551043">
        <time>2018-05-13T22:21:25.148000Z</time>
      </trkpt>
      <trkpt lat="41.681826529131904" lon="123.42898936953715">
        <ele>78.34964735558259</ele>
        <time>2018-05-13T22:21:28.123000Z</time>
      </trkpt>
      <trkpt lat="41.68183013335027" lon="123.42885266069642">
        <time>2018-05-13T22:21:31.105000Z</time>
      </trkpt>
      <trkpt lat="41.681840987914875" lon="123.4287170415031">
        <time>2018-05-13T22:21:34.119000Z</time>
      </trkpt>
      <trkpt lat="41.681827828326895" lon="123.42857211839727">
        <time>2018-05-13T22:21:37.128000Z</time>
      </trkpt>
      <trkpt lat="41.681817728133574" lon="123.42844387527875">
        <ele>78.51082594444978</ele>
        <time>2018-05-13T22:21:40.104000Z</time>
      </trkpt>
      <trkpt lat="41.68181642893858" lon="123.42830012563935">
        <time>2018-05-13T22:21:44.132000Z</time>
      </trkpt>
      <trkpt lat="41.68180549055494" lon="123.42816157277993">
        <time>2018-05-13T22:21:48.100000Z</time>
      </trkpt>
      <trkpt lat="41.68181139979668" lon="123.42800340626708">
        <ele>78.7327802901529</ele>
        <time>2018-05-13T22:21:52.102000Z</time>
      </trkpt>
      <trkpt lat="41.681812447534575" lon="123.42786015954188">
        <time>2018-05-13T22:21:55.104000Z</time>
      </trkpt>
      <trkpt lat="41.68180423326947" lon="123.4277211875873">
        <ele>78.79091627648103</ele>
        <time>2018-05-13T22:21:58.114000Z</time>
      </trkpt>
      <trkpt lat="41.68182393074192" lon="123.42758556839398">
        <time>2018-05-13T22:22:02.104000Z</time>
      </trkpt>
      <trkpt lat="41.68184710670419" lon="123.42746092949382">
        <time>2018-05-13T22:22:05.130000Z</time>
      </trkpt>
      <trkpt lat="41.68183637786813" lon="123.42732648376695">
        <ele>78.60330946495759</ele>
        <time>2018-05-13T22:22:08.126000Z</time>
      </trkpt>
      <trkpt lat="41.681832061188" lon="123.42719346296361">
        <time>2018-05-13T22:22:11.107000Z</time>
      </trkpt>
      <trkpt lat="41.68184790298499" lon="123.42705910105578">
        <time>2018-05-13T22:22:14.115000Z</time>
      </trkpt>
      <trkpt lat="41.68186625935294" lon="123.42693236667982">
        <time>2018-05-13T22:22:17.118000Z</time>
      </trkpt>
      <trkpt lat="41.68185519524075" lon="123.42679532256297">
        <ele>78.31264479210603</ele>
        <time>2018-05-13T22:22:20.128000Z</time>
      </trkpt>
      <trkpt lat="41.68185289021738" lon="123.426665905978">
        <time>2018-05-13T22:22:23.127000Z</time>
      </trkpt>
      <trkpt lat="41.681855865793004" lon="123.42652995150856">
        <time>2018-05-13T22:22:26.108000Z</time>
      </trkpt>
      <trkpt lat="41.68186387051053" lon="123.4263926559346">
        <ele>78.0616377120279</ele>
        <time>2018-05-13T22:22:29.119000Z</time>
      </trkpt>
      <trkpt lat="41.68186382860102" lon="123.42625779111258">
        <time>2018-05-13T22:22:32.113000Z</time>
      </trkpt>
      <trkpt lat="41.68186340950586" lon="123.42611932207218">
        <time>2018-05-13T22:22:35.125000Z</time>
      </trkpt>
      <trkpt lat="41.68185527905978" lon="123.42597699735633">
        <ele>77.43804152062165</ele>
        <time>2018-05-13T22:22:38.149000Z</time>
      </trkpt>
      <trkpt lat="41.68185540478833" lon="123.42583911504916">
        <time>2018-05-13T22:22:41.112000Z</time>
      </trkpt>
      <trkpt lat="41.68185921855427" lon="123.425711877759">
        <time>2018-05-13T22:22:44.114000Z</time>
      </trkpt>
      <trkpt lat="41.68186118830152" lon="123.42558447283079">
        <time>2018-05-13T22:22:47.110000Z</time>
      </trkpt>
      <trkpt lat="41.68186609171487" lon="123.4254576546358">
        <ele>77.2028730635904</ele>
        <time>2018-05-13T22:22:50.119000Z</time>
      </trkpt>
      <trkpt lat="41.6818793770314" lon="123.42533720668723">
        <time>2018-05-13T22:22:53.257000Z</time>
      </trkpt>
      <trkpt lat="41.681874473618045" lon="123.42520250950326">
        <time>2018-05-13T22:22:56.125000Z</time>
      </trkpt>
      <trkpt lat="41.68187212668516" lon="123.42507502075603">
        <ele>77.39575941612947</ele>
        <time>2018-05-13T22:22:59.113000Z</time>
      </trkpt>
      <trkpt lat="41.681893710085824" lon="123.42495222587456">
        <time>2018-05-13T22:23:02.140000Z</time>
      </trkpt>
      <trkpt lat="41.68189027350552" lon="123.4248101526158">
        <time>2018-05-13T22:23:05.102000Z</time>
      </trkpt>
      <trkpt lat="41.68188616637297" lon="123.42467227030863">
        <ele>77.78418715050447</ele>
        <time>2018-05-13T22:23:08.120000Z</time>
      </trkpt>
      <trkpt lat="41.68188805230118" lon="123.42453723784854">
        <time>2018-05-13T22:23:11.116000Z</time>
      </trkpt>
      <trkpt lat="41.68187849693157" lon="123.42440807272067">
        <time>2018-05-13T22:23:14.124000Z</time>
      </trkpt>
      <trkpt lat="41.681898655408695" lon="123.42425074439814">
        <ele>77.2028730635904</ele>
        <time>2018-05-13T22:23:18.122000Z</time>
      </trkpt>
      <trkpt lat="41.68192937508382" lon="123.42413524177243">
        <time>2018-05-13T22:23:21.106000Z</time>
      </trkpt>
      <trkpt lat="41.68191441338666" lon="123.42399786237945">
        <time>2018-05-13T22:23:24.115000Z</time>
      </trkpt>
      <trkpt lat="41.681896434204354" lon="123.42385947715809">
        <time>2018-05-13T22:23:27.129000Z</time>
      </trkpt>
      <trkpt lat="41.68191914916195" lon="123.42373332951536">
        <ele>77.35877211144197</ele>
        <time>2018-05-13T22:23:30.106000Z</time>
      </trkpt>
      <trkpt lat="41.681948737280145" lon="123.4236070980536">
        <time>2018-05-13T22:23:33.118000Z</time>
      </trkpt>
      <trkpt lat="41.681955610440745" lon="123.4234493506359">
        <time>2018-05-13T22:23:36.131000Z</time>
      </trkpt>
      <trkpt lat="41.68197648137964" lon="123.42329042975177">
        <ele>77.86873610069978</ele>
        <time>2018-05-13T22:23:40.113000Z</time>
      </trkpt>
      <trkpt lat="41.68198817413457" lon="123.42316227045228">
        <time>2018-05-13T22:23:43.113000Z</time>
      </trkpt>
      <trkpt lat="41.681997100861444" lon="123.42302220885028">
        <time>2018-05-13T22:23:46.113000Z</time>
      </trkpt>
      <trkpt lat="41.68200233955093" lon="123.42289790522625">
        <ele>77.96121962120759</ele>
        <time>2018-05-13T22:23:49.121000Z</time>
      </trkpt>
      <trkpt lat="41.68200510557897" lon="123.42276656080355">
        <time>2018-05-13T22:23:52.139000Z</time>
      </trkpt>
      <trkpt lat="41.68198570147313" lon="123.42261878785064">
        <time>2018-05-13T22:23:55.130000Z</time>
      </trkpt>
      <trkpt lat="41.68196872811921" lon="123.42247445147802">
        <time>2018-05-13T22:23:58.107000Z</time>
      </trkpt>
      <trkpt lat="41.68196407616295" lon="123.42233891610374">
        <ele>78.03256971886384</ele>
        <time>2018-05-13T22:24:01.125000Z</time>
      </trkpt>
      <trkpt lat="41.68198176197864" lon="123.42220027942528">
        <time>2018-05-13T22:24:04.119000Z</time>
      </trkpt>
      <trkpt lat="41.682005985678806" lon="123.42206524696519">
        <time>2018-05-13T22:24:07.110000Z</time>
      </trkpt>
      <trkpt lat="41.68203993238665" lon="123.42194664303531">
        <ele>78.30472548058259</ele>
        <time>2018-05-13T22:24:10.106000Z</time>
      </trkpt>
      <trkpt lat="41.68204144112922" lon="123.42181320313682">
        <time>2018-05-13T22:24:13.123000Z</time>
      </trkpt>
      <trkpt lat="41.68203641198732" lon="123.42168068524768">
        <time>2018-05-13T22:24:16.137000Z</time>
      </trkpt>
      <trkpt lat="41.6820649104581" lon="123.42154087510278">
        <ele>78.42362196495759</ele>
        <time>2018-05-13T22:24:20.113000Z</time>
      </trkpt>
      <trkpt lat="41.68207161598064" lon="123.42139201250245">
        <time>2018-05-13T22:24:23.108000Z</time>
      </trkpt>
      <trkpt lat="41.68207404673256" lon="123.42126460757424">
        <time>2018-05-13T22:24:26.113000Z</time>
      </trkpt>
      <trkpt lat="41.68207140643306" lon="123.4211286531048">
        <ele>78.55310804894197</ele>
        <time>2018-05-13T22:24:29.124000Z</time>
      </trkpt>
      <trkpt lat="41.68208368592121" lon="123.4210094624417">
        <time>2018-05-13T22:24:32.117000Z</time>
      </trkpt>
      <trkpt lat="41.6820908105389" lon="123.42087292123904">
        <time>2018-05-13T22:24:35.108000Z</time>
      </trkpt>
      <trkpt lat="41.68210288047947" lon="123.42072975833287">
        <time>2018-05-13T22:24:38.109000Z</time>
      </trkpt>
      <trkpt lat="41.682089762801006" lon="123.42060143139531">
        <ele>78.09334547569978</ele>
        <time>2018-05-13T22:24:41.125000Z</time>
      </trkpt>
      <trkpt lat="41.68210430540301" lon="123.42045223351886">
        <time>2018-05-13T22:24:45.111000Z</time>
      </trkpt>
      <trkpt lat="41.6820926545576" lon="123.42031099845042">
        <ele>78.05898268273103</ele>
        <time>2018-05-13T22:24:48.114000Z</time>
      </trkpt>
      <trkpt lat="41.68209881525643" lon="123.42017236177196">
        <time>2018-05-13T22:24:51.116000Z</time>
      </trkpt>
      <trkpt lat="41.68209692932822" lon="123.41999944310953">
        <time>2018-05-13T22:24:54.106000Z</time>
      </trkpt>
      <trkpt lat="41.68211964428581" lon="123.4198418633299">
        <ele>77.88722975304353</ele>
        <time>2018-05-13T22:24:58.126000Z</time>
      </trkpt>
      <trkpt lat="41.682154932098165" lon="123.41970339428951">
        <time>2018-05-13T22:25:01.150000Z</time>
      </trkpt>
      <trkpt lat="41.682152291798666" lon="123.41956643399169">
        <time>2018-05-13T22:25:04.114000Z</time>
      </trkpt>
      <trkpt lat="41.68214688547112" lon="123.4193983768331">
        <ele>77.51467115929353</ele>
        <time>2018-05-13T22:25:08.111000Z</time>
      </trkpt>
      <trkpt lat="41.68213477362104" lon="123.4192564712124">
        <time>2018-05-13T22:25:11.114000Z</time>
      </trkpt>
      <trkpt lat="41.68214646637596" lon="123.41913216758837">
        <time>2018-05-13T22:25:14.121000Z</time>
      </trkpt>
      <trkpt lat="41.682159164959266" lon="123.41899503965249">
        <time>2018-05-13T22:25:17.115000Z</time>
      </trkpt>
      <trkpt lat="41.68215560265042" lon="123.41885833081176">
        <ele>77.44332106163728</ele>
        <time>2018-05-13T22:25:20.115000Z</time>
      </trkpt>
      <trkpt lat="41.682153716722205" lon="123.41869815264215">
        <time>2018-05-13T22:25:23.136000Z</time>
      </trkpt>
      <trkpt lat="41.68214579582371" lon="123.41853948321511">
        <time>2018-05-13T22:25:26.117000Z</time>
      </trkpt>
      <trkpt lat="41.68214504145242" lon="123.41840403165986">
        <ele>77.58866102745759</ele>
        <time>2018-05-13T22:25:29.110000Z</time>
      </trkpt>
      <trkpt lat="41.68216025460668" lon="123.41826673608591">
        <time>2018-05-13T22:25:32.132000Z</time>
      </trkpt>
      <trkpt lat="41.68217337228514" lon="123.41811535891463">
        <time>2018-05-13T22:25:35.126000Z</time>
      </trkpt>
      <trkpt lat="41.682182550469115" lon="123.41797437530329">
        <ele>77.3297041182779</ele>
        <time>2018-05-13T22:25:38.135000Z</time>
      </trkpt>
      <trkpt lat="41.68221477888681" lon="123.41783741500547">
        <time>2018-05-13T22:25:41.114000Z</time>
      </trkpt>
      <trkpt lat="41.682222615966275" lon="123.41767296206524">
        <time>2018-05-13T22:25:44.113000Z</time>
      </trkpt>
      <trkpt lat="41.68222349606611" lon="123.4175177292185">
        <time>2018-05-13T22:25:47.122000Z</time>
      </trkpt>
      <trkpt lat="41.68223347053088" lon="123.41736291546692">
        <ele>77.33499891808259</ele>
        <time>2018-05-13T22:25:50.122000Z</time>
      </trkpt>
      <trkpt lat="41.6822377453015" lon="123.41720181528797">
        <time>2018-05-13T22:25:53.130000Z</time>
      </trkpt>
      <trkpt lat="41.68223409917362" lon="123.41703333903422">
        <time>2018-05-13T22:25:56.120000Z</time>
      </trkpt>
      <trkpt lat="41.682238206306174" lon="123.41689260687997">
        <ele>77.20816786339509</ele>
        <time>2018-05-13T22:25:59.137000Z</time>
      </trkpt>
      <trkpt lat="41.682249647604" lon="123.41673150670101">
        <time>2018-05-13T22:26:02.129000Z</time>
      </trkpt>
      <trkpt lat="41.682269261257424" lon="123.4165942949461">
        <time>2018-05-13T22:26:05.120000Z</time>
      </trkpt>
      <trkpt lat="41.68228175029315" lon="123.41644912038316">
        <ele>77.55959303429353</ele>
        <time>2018-05-13T22:26:08.135000Z</time>
      </trkpt>
      <trkpt lat="41.68229147330083" lon="123.41630788531472">
        <time>2018-05-13T22:26:11.122000Z</time>
      </trkpt>
      <trkpt lat="41.682328856588974" lon="123.41617008682658">
        <time>2018-05-13T22:26:14.122000Z</time>
      </trkpt>
      <trkpt lat="41.68240802366443" lon="123.41606028389504">
        <time>2018-05-13T22:26:17.139000Z</time>
      </trkpt>
      <trkpt lat="41.68248501144506" lon="123.41597554285397">
        <ele>79.03928358605134</ele>
        <time>2018-05-13T22:26:20.107000Z</time>
      </trkpt>
      <trkpt lat="41.68258525900699" lon="123.41594545182159">
        <time>2018-05-13T22:26:24.098000Z</time>
      </trkpt>
      <trkpt lat="41.682675280647054" lon="123.41597126808335">
        <ele>78.53459913780915</ele>
        <time>2018-05-13T22:26:29.050000Z</time>
      </trkpt>
    </trkseg>
  </trk>
</gpx>