<?xml version="1.0" encoding="UTF-8"?>
<gpx xmlns="http://www.topografix.com/GPX/1/1" xmlns:gpxtpx="http://www.garmin.com/xmlschemas/TrackPointExtension/v1" xmlns:xsi="http://www.w3.org/2001/XMLSchema-instance" xsi:schemaLocation="http://www.topografix.com/GPX/1/1 http://www.topografix.com/GPX/1/1/gpx.xsd" version="1.1" creator="gpx.py -- https://github.com/tkrajina/gpxpy">
  <trk>
    <name>Sunday Afternoon Run</name>
    <trkseg>
      <trkpt lat="41.683478686066046" lon="123.41495487850477">
        <time>2019-06-02T08:43:13.143000Z</time>
      </trkpt>
      <trkpt lat="41.683475165666714" lon="123.4150828701662">
        <ele>46.779048710195646</ele>
        <time>2019-06-02T08:43:21.058000Z</time>
      </trkpt>
      <trkpt lat="41.683504292780235" lon="123.41520356957187">
        <ele>47.01157739671908</ele>
        <time>2019-06-02T08:43:30.051000Z</time>
      </trkpt>
      <trkpt lat="41.68348845098324" lon="123.41532452043464">
        <ele>45.95728662523471</ele>
        <time>2019-06-02T08:43:44.083000Z</time>
      </trkpt>
      <trkpt lat="41.6834767163188" lon="123.41548084292879">
        <ele>46.57294824632846</ele>
        <time>2019-06-02T08:43:49.076000Z</time>
      </trkpt>
      <trkpt lat="41.683436273636" lon="123.41559307661225">
        <time>2019-06-02T08:43:53.089000Z</time>
      </trkpt>
      <trkpt lat="41.683353753799274" lon="123.41566264640858">
        <time>2019-06-02T08:43:56.095000Z</time>
      </trkpt>
      <trkpt lat="41.68325786482699" lon="123.41567505162527">
        <ele>46.03921106371127</ele>
        <time>2019-06-02T08:43:59.091000Z</time>
      </trkpt>
      <trkpt lat="41.68315133083768" lon="123.41567371052076">
        <time>2019-06-02T08:44:03.085000Z</time>
      </trkpt>
      <trkpt lat="41.68309274133451" lon="123.41579290118386">
        <time>2019-06-02T08:44:06.063000Z</time>
      </trkpt>
      <trkpt lat="41.68309274133451" lon="123.41579290118386">
        <ele>46.324580936758146</ele>
        <time>2019-06-02T08:44:41.449000Z</time>
      </trkpt>
      <trkpt lat="41.68307484597124" lon="123.41596548457017">
        <time>2019-06-02T08:44:41.453000Z</time>
      </trkpt>
      <trkpt lat="41.68297753207542" lon="123.41601451870372">
        <time>2019-06-02T08:44:49.090000Z</time>
      </trkpt>
      <trkpt lat="41.68287958953686" lon="123.41602616954913">
        <ele>46.50161340746127</ele>
        <time>2019-06-02T08:44:52.084000Z</time>
      </trkpt>
      <trkpt lat="41.68277519293286" lon="123.41604310099353">
        <time>2019-06-02T08:44:55.087000Z</time>
      </trkpt>
      <trkpt lat="41.68266400698729" lon="123.41605341073443">
        <time>2019-06-02T08:44:58.080000Z</time>
      </trkpt>
      <trkpt lat="41.68256577108212" lon="123.41606397193243">
        <ele>46.78434351000033</ele>
        <time>2019-06-02T08:45:01.090000Z</time>
      </trkpt>
      <trkpt lat="41.68246082965441" lon="123.41610227722992">
        <time>2019-06-02T08:45:05.089000Z</time>
      </trkpt>
      <trkpt lat="41.682388326191976" lon="123.41621627111306">
        <time>2019-06-02T08:45:08.092000Z</time>
      </trkpt>
      <trkpt lat="41.68233728040166" lon="123.41634392749836">
        <ele>45.84102991136752</ele>
        <time>2019-06-02T08:45:12.095000Z</time>
      </trkpt>
      <trkpt lat="41.68231117077328" lon="123.41650997300019">
        <time>2019-06-02T08:45:16.086000Z</time>
      </trkpt>
      <trkpt lat="41.68232169006176" lon="123.41664458636512">
        <time>2019-06-02T08:45:19.085000Z</time>
      </trkpt>
      <trkpt lat="41.68232462372787" lon="123.41678649198582">
        <ele>45.63492944750033</ele>
        <time>2019-06-02T08:45:22.094000Z</time>
      </trkpt>
      <trkpt lat="41.682311547958925" lon="123.41693485167195">
        <time>2019-06-02T08:45:25.086000Z</time>
      </trkpt>
      <trkpt lat="41.68231896594323" lon="123.41708740230968">
        <time>2019-06-02T08:45:29.085000Z</time>
      </trkpt>
      <trkpt lat="41.68231460735358" lon="123.41722100984623">
        <ele>45.47111108812533</ele>
        <time>2019-06-02T08:45:32.091000Z</time>
      </trkpt>
      <trkpt lat="41.68231431398697" lon="123.41736291546692">
        <time>2019-06-02T08:45:36.090000Z</time>
      </trkpt>
      <trkpt lat="41.682312763334885" lon="123.41749652300348">
        <time>2019-06-02T08:45:39.077000Z</time>
      </trkpt>
      <trkpt lat="41.68228740807779" lon="123.41765284549763">
        <ele>45.373348026601896</ele>
        <time>2019-06-02T08:45:42.085000Z</time>
      </trkpt>
      <trkpt lat="41.68228246275492" lon="123.41777957987358">
        <time>2019-06-02T08:45:45.117000Z</time>
      </trkpt>
      <trkpt lat="41.68227144055225" lon="123.41791218158176">
        <time>2019-06-02T08:45:48.090000Z</time>
      </trkpt>
      <trkpt lat="41.682256395036056" lon="123.41805995453467">
        <ele>45.47111108812533</ele>
        <time>2019-06-02T08:45:51.111000Z</time>
      </trkpt>
      <trkpt lat="41.68224290017195" lon="123.41820680547823">
        <time>2019-06-02T08:45:55.087000Z</time>
      </trkpt>
      <trkpt lat="41.6822300758601" lon="123.41833370749225">
        <time>2019-06-02T08:45:59.092000Z</time>
      </trkpt>
      <trkpt lat="41.68222550772287" lon="123.41845943603983">
        <ele>45.36013391527377</ele>
        <time>2019-06-02T08:46:02.080000Z</time>
      </trkpt>
      <trkpt lat="41.68221834119566" lon="123.41861500416269">
        <time>2019-06-02T08:46:06.100000Z</time>
      </trkpt>
      <trkpt lat="41.68219432704307" lon="123.4187765234368">
        <time>2019-06-02T08:46:10.076000Z</time>
      </trkpt>
      <trkpt lat="41.68218560986377" lon="123.4189202730762">
        <ele>45.18838098558627</ele>
        <time>2019-06-02T08:46:14.077000Z</time>
      </trkpt>
      <trkpt lat="41.68217856906511" lon="123.41907240461876">
        <time>2019-06-02T08:46:18.084000Z</time>
      </trkpt>
      <trkpt lat="41.682170899623706" lon="123.41922386560907">
        <ele>45.23594263109408</ele>
        <time>2019-06-02T08:46:22.080000Z</time>
      </trkpt>
      <trkpt lat="41.68217295318998" lon="123.41937180620005">
        <time>2019-06-02T08:46:26.083000Z</time>
      </trkpt>
      <trkpt lat="41.682164655105844" lon="123.41949711565246">
        <time>2019-06-02T08:46:29.088000Z</time>
      </trkpt>
      <trkpt lat="41.682139760853424" lon="123.41961731214394">
        <ele>45.75648096117221</ele>
        <time>2019-06-02T08:46:33.086000Z</time>
      </trkpt>
      <trkpt lat="41.68213787492521" lon="123.4197504167663">
        <time>2019-06-02T08:46:39.079000Z</time>
      </trkpt>
      <trkpt lat="41.68215673420735" lon="123.41986885305812">
        <ele>45.73269250902377</ele>
        <time>2019-06-02T08:46:42.089000Z</time>
      </trkpt>
      <trkpt lat="41.682153507174625" lon="123.42002333153357">
        <time>2019-06-02T08:46:46.087000Z</time>
      </trkpt>
      <trkpt lat="41.68216105088748" lon="123.42017957020869">
        <time>2019-06-02T08:46:50.089000Z</time>
      </trkpt>
      <trkpt lat="41.68216511611052" lon="123.42033019300868">
        <ele>45.78554895433627</ele>
        <time>2019-06-02T08:46:54.082000Z</time>
      </trkpt>
      <trkpt lat="41.6821867414207" lon="123.42046732094457">
        <time>2019-06-02T08:46:58.078000Z</time>
      </trkpt>
      <trkpt lat="41.682180832178965" lon="123.42059296567311">
        <ele>46.54917505296908</ele>
        <time>2019-06-02T08:47:01.074000Z</time>
      </trkpt>
      <trkpt lat="41.68217064816661" lon="123.42072347190549">
        <time>2019-06-02T08:47:04.099000Z</time>
      </trkpt>
      <trkpt lat="41.682154429183974" lon="123.42085783381333">
        <time>2019-06-02T08:47:08.083000Z</time>
      </trkpt>
      <trkpt lat="41.68214516718097" lon="123.42101708997359">
        <ele>46.387996464101896</ele>
        <time>2019-06-02T08:47:12.083000Z</time>
      </trkpt>
      <trkpt lat="41.68212857101269" lon="123.42115748685171">
        <time>2019-06-02T08:47:16.089000Z</time>
      </trkpt>
      <trkpt lat="41.68212006338097" lon="123.42127734806706">
        <time>2019-06-02T08:47:19.075000Z</time>
      </trkpt>
      <trkpt lat="41.68212400287546" lon="123.42141372163167">
        <ele>46.09469202074252</ele>
        <time>2019-06-02T08:47:23.087000Z</time>
      </trkpt>
      <trkpt lat="41.68209743224241" lon="123.42156937357356">
        <time>2019-06-02T08:47:27.081000Z</time>
      </trkpt>
      <trkpt lat="41.68208179999299" lon="123.42171186592748">
        <ele>46.48575952562533</ele>
        <time>2019-06-02T08:47:31.087000Z</time>
      </trkpt>
      <trkpt lat="41.68208163235493" lon="123.4218520113485">
        <time>2019-06-02T08:47:35.083000Z</time>
      </trkpt>
      <trkpt lat="41.68207739949383" lon="123.42198955837955">
        <time>2019-06-02T08:47:38.087000Z</time>
      </trkpt>
      <trkpt lat="41.68207685467012" lon="123.42214068409373">
        <ele>46.60201623949252</ele>
        <time>2019-06-02T08:47:42.053000Z</time>
      </trkpt>
      <trkpt lat="41.68206960432388" lon="123.42227605182995">
        <time>2019-06-02T08:47:46.079000Z</time>
      </trkpt>
      <trkpt lat="41.682046763637736" lon="123.42239465575983">
        <time>2019-06-02T08:47:49.078000Z</time>
      </trkpt>
      <trkpt lat="41.68204986494191" lon="123.42254703875949">
        <ele>47.19918420824252</ele>
        <time>2019-06-02T08:47:54.086000Z</time>
      </trkpt>
      <trkpt lat="41.682062060611024" lon="123.4226966557311">
        <time>2019-06-02T08:47:58.079000Z</time>
      </trkpt>
      <trkpt lat="41.68202417440869" lon="123.42284434486498">
        <ele>46.623164921133146</ele>
        <time>2019-06-02T08:48:02.084000Z</time>
      </trkpt>
      <trkpt lat="41.68199806478031" lon="123.42296378698518">
        <time>2019-06-02T08:48:05.080000Z</time>
      </trkpt>
      <trkpt lat="41.68198209725477" lon="123.4231094644623">
        <time>2019-06-02T08:48:09.101000Z</time>
      </trkpt>
      <trkpt lat="41.68199948970385" lon="123.42325598012974">
        <ele>47.167476444570646</ele>
        <time>2019-06-02T08:48:14.088000Z</time>
      </trkpt>
      <trkpt lat="41.68198683303006" lon="123.4234044236349">
        <time>2019-06-02T08:48:18.086000Z</time>
      </trkpt>
      <trkpt lat="41.681979792231395" lon="123.42353660624792">
        <ele>46.97986963304721</ele>
        <time>2019-06-02T08:48:22.056000Z</time>
      </trkpt>
      <trkpt lat="41.68197036259033" lon="123.42368748050501">
        <time>2019-06-02T08:48:26.080000Z</time>
      </trkpt>
      <trkpt lat="41.68195984330185" lon="123.42380725790133">
        <time>2019-06-02T08:48:29.089000Z</time>
      </trkpt>
      <trkpt lat="41.68194819245644" lon="123.42394589457979">
        <ele>48.04737451585971</ele>
        <time>2019-06-02T08:48:32.084000Z</time>
      </trkpt>
      <trkpt lat="41.681930925735905" lon="123.42406759981384">
        <time>2019-06-02T08:48:35.074000Z</time>
      </trkpt>
      <trkpt lat="41.6819198197142" lon="123.42419609438946">
        <time>2019-06-02T08:48:38.083000Z</time>
      </trkpt>
      <trkpt lat="41.68191147972055" lon="123.42434847738912">
        <ele>46.742061405508146</ele>
        <time>2019-06-02T08:48:41.083000Z</time>
      </trkpt>
      <trkpt lat="41.681895721742585" lon="123.42447571467926">
        <time>2019-06-02T08:48:44.091000Z</time>
      </trkpt>
      <trkpt lat="41.68189316526212" lon="123.42460940603485">
        <time>2019-06-02T08:48:48.088000Z</time>
      </trkpt>
      <trkpt lat="41.681895931290164" lon="123.42474795889427">
        <ele>47.26523950609408</ele>
        <time>2019-06-02T08:48:52.093000Z</time>
      </trkpt>
      <trkpt lat="41.68190540284075" lon="123.42491291474869">
        <time>2019-06-02T08:48:57.124000Z</time>
      </trkpt>
      <trkpt lat="41.68190749831654" lon="123.42504995886554">
        <ele>47.48719385179721</ele>
        <time>2019-06-02T08:49:01.082000Z</time>
      </trkpt>
      <trkpt lat="41.68189940977998" lon="123.42520653281679">
        <time>2019-06-02T08:49:05.119000Z</time>
      </trkpt>
      <trkpt lat="41.68189102787681" lon="123.42534273874332">
        <time>2019-06-02T08:49:09.079000Z</time>
      </trkpt>
      <trkpt lat="41.68187879029818" lon="123.42547073040475">
        <ele>46.85831811937533</ele>
        <time>2019-06-02T08:49:12.086000Z</time>
      </trkpt>
      <trkpt lat="41.68187946085043" lon="123.42562881309857">
        <time>2019-06-02T08:49:16.084000Z</time>
      </trkpt>
      <trkpt lat="41.68187560517497" lon="123.42577734042278">
        <time>2019-06-02T08:49:20.084000Z</time>
      </trkpt>
      <trkpt lat="41.681873467789664" lon="123.42592410754732">
        <ele>47.222957401601896</ele>
        <time>2019-06-02T08:49:24.074000Z</time>
      </trkpt>
      <trkpt lat="41.681867893824055" lon="123.42607917275599">
        <time>2019-06-02T08:49:28.059000Z</time>
      </trkpt>
      <trkpt lat="41.68186672035761" lon="123.42623499233595">
        <ele>48.282527714101896</ele>
        <time>2019-06-02T08:49:32.087000Z</time>
      </trkpt>
      <trkpt lat="41.68187451552756" lon="123.42638276528886">
        <time>2019-06-02T08:49:36.158000Z</time>
      </trkpt>
      <trkpt lat="41.681878413112535" lon="123.42653405864111">
        <time>2019-06-02T08:49:40.083000Z</time>
      </trkpt>
      <trkpt lat="41.68187388688482" lon="123.42668250214628">
        <ele>47.82542017015658</ele>
        <time>2019-06-02T08:49:44.129000Z</time>
      </trkpt>
      <trkpt lat="41.681884783358946" lon="123.42681803752056">
        <time>2019-06-02T08:49:48.088000Z</time>
      </trkpt>
      <trkpt lat="41.681880047583654" lon="123.42696815740636">
        <ele>48.04471948656283</ele>
        <time>2019-06-02T08:49:52.084000Z</time>
      </trkpt>
      <trkpt lat="41.681874976532235" lon="123.42709145520202">
        <time>2019-06-02T08:49:55.080000Z</time>
      </trkpt>
      <trkpt lat="41.681877113917544" lon="123.4272150882738">
        <time>2019-06-02T08:49:58.120000Z</time>
      </trkpt>
      <trkpt lat="41.68188000567414" lon="123.42734333139232">
        <ele>48.33008935960971</ele>
        <time>2019-06-02T08:50:01.084000Z</time>
      </trkpt>
      <trkpt lat="41.68187895793624" lon="123.42748523701302">
        <time>2019-06-02T08:50:05.084000Z</time>
      </trkpt>
      <trkpt lat="41.68188038285978" lon="123.42763384815625">
        <time>2019-06-02T08:50:09.083000Z</time>
      </trkpt>
      <trkpt lat="41.68188264597364" lon="123.42776125308446">
        <ele>48.43050745043002</ele>
        <time>2019-06-02T08:50:13.080000Z</time>
      </trkpt>
      <trkpt lat="41.68188197542138" lon="123.42788488615624">
        <time>2019-06-02T08:50:17.092000Z</time>
      </trkpt>
      <trkpt lat="41.68188868094392" lon="123.42803785588912">
        <ele>48.51505640062533</ele>
        <time>2019-06-02T08:50:21.084000Z</time>
      </trkpt>
      <trkpt lat="41.6818828136117" lon="123.42818571266106">
        <time>2019-06-02T08:50:25.083000Z</time>
      </trkpt>
      <trkpt lat="41.68188612446345" lon="123.42831437487474">
        <time>2019-06-02T08:50:28.080000Z</time>
      </trkpt>
      <trkpt lat="41.68188872285344" lon="123.4284479824113">
        <ele>48.517696171133146</ele>
        <time>2019-06-02T08:50:32.087000Z</time>
      </trkpt>
      <trkpt lat="41.68188516054459" lon="123.4285965097355">
        <time>2019-06-02T08:50:37.085000Z</time>
      </trkpt>
      <trkpt lat="41.68190930042572" lon="123.42872089717856">
        <ele>49.14393213304721</ele>
        <time>2019-06-02T08:50:41.080000Z</time>
      </trkpt>
      <trkpt lat="41.68193432040669" lon="123.42884050693682">
        <time>2019-06-02T08:50:44.089000Z</time>
      </trkpt>
      <trkpt lat="41.68194932401337" lon="123.42899540450743">
        <time>2019-06-02T08:50:48.087000Z</time>
      </trkpt>
      <trkpt lat="41.68193532623507" lon="123.42912021104566">
        <ele>50.34090784105502</ele>
        <time>2019-06-02T08:50:51.080000Z</time>
      </trkpt>
      <trkpt lat="41.681922543832734" lon="123.42924887325934">
        <time>2019-06-02T08:50:54.076000Z</time>
      </trkpt>
      <trkpt lat="41.68190133761771" lon="123.42939354490808">
        <time>2019-06-02T08:50:58.085000Z</time>
      </trkpt>
      <trkpt lat="41.681900583246424" lon="123.42955037031642">
        <ele>49.42930200609408</ele>
        <time>2019-06-02T08:51:02.082000Z</time>
      </trkpt>
      <trkpt lat="41.68189861349918" lon="123.42970736336282">
        <time>2019-06-02T08:51:06.086000Z</time>
      </trkpt>
      <trkpt lat="41.68189924214192" lon="123.4298621771144">
        <time>2019-06-02T08:51:10.084000Z</time>
      </trkpt>
      <trkpt lat="41.6818999965132" lon="123.42998941440455">
        <ele>50.00797632250033</ele>
        <time>2019-06-02T08:51:13.081000Z</time>
      </trkpt>
      <trkpt lat="41.68189148888148" lon="123.43013819318584">
        <time>2019-06-02T08:51:17.076000Z</time>
      </trkpt>
      <trkpt lat="41.681886417830064" lon="123.4302940127658">
        <ele>49.94190576585971</ele>
        <time>2019-06-02T08:51:21.083000Z</time>
      </trkpt>
      <trkpt lat="41.68189174033858" lon="123.43043264944426">
        <time>2019-06-02T08:51:25.058000Z</time>
      </trkpt>
      <trkpt lat="41.68190255299367" lon="123.43058486480585">
        <time>2019-06-02T08:51:29.076000Z</time>
      </trkpt>
      <trkpt lat="41.68188411280669" lon="123.43072920117847">
        <ele>49.65653589281283</ele>
        <time>2019-06-02T08:51:33.104000Z</time>
      </trkpt>
      <trkpt lat="41.6818751441703" lon="123.43087336991302">
        <time>2019-06-02T08:51:37.083000Z</time>
      </trkpt>
      <trkpt lat="41.68186944447614" lon="123.43099398549965">
        <time>2019-06-02T08:51:40.085000Z</time>
      </trkpt>
      <trkpt lat="41.68187170759" lon="123.43114385392836">
        <ele>50.943355350820646</ele>
        <time>2019-06-02T08:51:44.079000Z</time>
      </trkpt>
      <trkpt lat="41.68186848055728" lon="123.43130461883119">
        <time>2019-06-02T08:51:48.087000Z</time>
      </trkpt>
      <trkpt lat="41.681865463072135" lon="123.43143512506357">
        <ele>50.94599512132846</ele>
        <time>2019-06-02T08:51:52.116000Z</time>
      </trkpt>
      <trkpt lat="41.68186206840135" lon="123.43157719832233">
        <time>2019-06-02T08:51:56.099000Z</time>
      </trkpt>
      <trkpt lat="41.68186579834826" lon="123.43170954857341">
        <time>2019-06-02T08:52:00.078000Z</time>
      </trkpt>
      <trkpt lat="41.68186835482873" lon="123.43184768233768">
        <ele>50.245784550039396</ele>
        <time>2019-06-02T08:52:04.096000Z</time>
      </trkpt>
      <trkpt lat="41.68186512779601" lon="123.43200576503149">
        <time>2019-06-02T08:52:08.081000Z</time>
      </trkpt>
      <trkpt lat="41.68186701372422" lon="123.4321400431203">
        <ele>50.59456995043002</ele>
        <time>2019-06-02T08:52:11.079000Z</time>
      </trkpt>
      <trkpt lat="41.68185653634526" lon="123.43226459820143">
        <time>2019-06-02T08:52:14.084000Z</time>
      </trkpt>
      <trkpt lat="41.68186454106279" lon="123.43242511164716">
        <time>2019-06-02T08:52:18.083000Z</time>
      </trkpt>
      <trkpt lat="41.681861314030066" lon="123.43254664924315">
        <ele>50.237849979726896</ele>
        <time>2019-06-02T08:52:21.072000Z</time>
      </trkpt>
      <trkpt lat="41.68186571452923" lon="123.43266785156301">
        <time>2019-06-02T08:52:24.084000Z</time>
      </trkpt>
      <trkpt lat="41.68185674589284" lon="123.43280967336467">
        <time>2019-06-02T08:52:28.082000Z</time>
      </trkpt>
      <trkpt lat="41.68185972146846" lon="123.43294621456734">
        <ele>51.043758182851896</ele>
        <time>2019-06-02T08:52:32.080000Z</time>
      </trkpt>
      <trkpt lat="41.6818458075092" lon="123.43309708882443">
        <time>2019-06-02T08:52:36.082000Z</time>
      </trkpt>
      <trkpt lat="41.68183415666379" lon="123.4332209733533">
        <time>2019-06-02T08:52:40.089000Z</time>
      </trkpt>
      <trkpt lat="41.681829839983656" lon="123.43334561225346">
        <ele>51.37668970140658</ele>
        <time>2019-06-02T08:52:44.086000Z</time>
      </trkpt>
      <trkpt lat="41.681841700376644" lon="123.43347720813325">
        <time>2019-06-02T08:52:48.083000Z</time>
      </trkpt>
      <trkpt lat="41.68184622660436" lon="123.43363327917031">
        <ele>51.47974756273471</ele>
        <time>2019-06-02T08:52:52.082000Z</time>
      </trkpt>
      <trkpt lat="41.681838766710534" lon="123.43377593916229">
        <time>2019-06-02T08:52:56.078000Z</time>
      </trkpt>
      <trkpt lat="41.68183449193992" lon="123.43392471794358">
        <time>2019-06-02T08:53:00.083000Z</time>
      </trkpt>
      <trkpt lat="41.68182879224576" lon="123.43407986697129">
        <ele>51.37668970140658</ele>
        <time>2019-06-02T08:53:04.079000Z</time>
      </trkpt>
      <trkpt lat="41.68181969788082" lon="123.43421422887913">
        <time>2019-06-02T08:53:08.078000Z</time>
      </trkpt>
      <trkpt lat="41.68183352802105" lon="123.43434674676827">
        <ele>51.89722803148471</ele>
        <time>2019-06-02T08:53:12.079000Z</time>
      </trkpt>
      <trkpt lat="41.68182263154693" lon="123.43448814947477">
        <time>2019-06-02T08:53:15.079000Z</time>
      </trkpt>
      <trkpt lat="41.68182745114125" lon="123.43463441368512">
        <time>2019-06-02T08:53:18.084000Z</time>
      </trkpt>
      <trkpt lat="41.681836629325225" lon="123.43478277337125">
        <ele>51.86288049730502</ele>
        <time>2019-06-02T08:53:22.083000Z</time>
      </trkpt>
      <trkpt lat="41.68185448277898" lon="123.43492493044904">
        <time>2019-06-02T08:53:26.089000Z</time>
      </trkpt>
      <trkpt lat="41.68186730709083" lon="123.43508091766707">
        <ele>51.876094608633146</ele>
        <time>2019-06-02T08:53:31.082000Z</time>
      </trkpt>
      <trkpt lat="41.681872755327895" lon="123.43523070227674">
        <time>2019-06-02T08:53:35.082000Z</time>
      </trkpt>
      <trkpt lat="41.68186265513457" lon="123.43537285935453">
        <time>2019-06-02T08:53:39.082000Z</time>
      </trkpt>
      <trkpt lat="41.681855153331234" lon="123.43551401060394">
        <ele>52.166744022695646</ele>
        <time>2019-06-02T08:53:43.082000Z</time>
      </trkpt>
      <trkpt lat="41.68186387051053" lon="123.4356508032637">
        <time>2019-06-02T08:53:48.092000Z</time>
      </trkpt>
      <trkpt lat="41.68186529543407" lon="123.43578139331511">
        <ele>52.12711694750033</ele>
        <time>2019-06-02T08:53:52.075000Z</time>
      </trkpt>
      <trkpt lat="41.68187665291287" lon="123.43590469111076">
        <time>2019-06-02T08:53:56.086000Z</time>
      </trkpt>
      <trkpt lat="41.681861733125224" lon="123.43606436636618">
        <ele>51.14681604418002</ele>
        <time>2019-06-02T08:54:01.084000Z</time>
      </trkpt>
      <trkpt lat="41.68186064347781" lon="123.43619939882628">
        <time>2019-06-02T08:54:04.081000Z</time>
      </trkpt>
      <trkpt lat="41.681848573537245" lon="123.43633753259054">
        <time>2019-06-02T08:54:08.060000Z</time>
      </trkpt>
      <trkpt lat="41.68185020800836" lon="123.43646334495715">
        <ele>52.58951929125033</ele>
        <time>2019-06-02T08:54:11.078000Z</time>
      </trkpt>
      <trkpt lat="41.68186554689117" lon="123.43660893861524">
        <time>2019-06-02T08:54:15.077000Z</time>
      </trkpt>
      <trkpt lat="41.6818484478087" lon="123.43675687920621">
        <time>2019-06-02T08:54:19.063000Z</time>
      </trkpt>
      <trkpt lat="41.681864038148596" lon="123.43688579287699">
        <ele>52.610652714101896</ele>
        <time>2019-06-02T08:54:23.081000Z</time>
      </trkpt>
      <trkpt lat="41.681851800569966" lon="123.43704613868466">
        <time>2019-06-02T08:54:27.081000Z</time>
      </trkpt>
      <trkpt lat="41.68183671314426" lon="123.43716784391871">
        <time>2019-06-02T08:54:30.075000Z</time>
      </trkpt>
      <trkpt lat="41.681846855247095" lon="123.43731922109">
        <ele>53.308223514883146</ele>
        <time>2019-06-02T08:54:35.081000Z</time>
      </trkpt>
      <trkpt lat="41.68185804508783" lon="123.43745106842688">
        <time>2019-06-02T08:54:39.073000Z</time>
      </trkpt>
      <trkpt lat="41.681867893824055" lon="123.43760026630333">
        <ele>52.211665897695646</ele>
        <time>2019-06-02T08:54:43.086000Z</time>
      </trkpt>
      <trkpt lat="41.68187019884743" lon="123.43772247445158">
        <time>2019-06-02T08:54:46.081000Z</time>
      </trkpt>
      <trkpt lat="41.68186977975227" lon="123.43788089242152">
        <time>2019-06-02T08:54:50.079000Z</time>
      </trkpt>
      <trkpt lat="41.681865379253104" lon="123.43801726598612">
        <ele>52.63178613695346</ele>
        <time>2019-06-02T08:54:53.077000Z</time>
      </trkpt>
      <trkpt lat="41.68184161655761" lon="123.43815615412167">
        <time>2019-06-02T08:54:56.077000Z</time>
      </trkpt>
      <trkpt lat="41.681827032046094" lon="123.43829713773302">
        <time>2019-06-02T08:55:00.079000Z</time>
      </trkpt>
      <trkpt lat="41.68182707395561" lon="123.43843627732566">
        <ele>53.23159387621127</ele>
        <time>2019-06-02T08:55:04.081000Z</time>
      </trkpt>
      <trkpt lat="41.681825104208365" lon="123.43857600365153">
        <time>2019-06-02T08:55:08.119000Z</time>
      </trkpt>
      <trkpt lat="41.68182183526613" lon="123.43871883128158">
        <ele>53.33201196703158</ele>
        <time>2019-06-02T08:55:12.080000Z</time>
      </trkpt>
      <trkpt lat="41.681823595465794" lon="123.43883911159209">
        <time>2019-06-02T08:55:15.079000Z</time>
      </trkpt>
      <trkpt lat="41.68183185164042" lon="123.43897808354667">
        <time>2019-06-02T08:55:18.060000Z</time>
      </trkpt>
      <trkpt lat="41.68182669676997" lon="123.43910783540777">
        <ele>52.91187646898471</ele>
        <time>2019-06-02T08:55:21.080000Z</time>
      </trkpt>
      <trkpt lat="41.68183164209284" lon="123.43926415790192">
        <time>2019-06-02T08:55:25.081000Z</time>
      </trkpt>
      <trkpt lat="41.68183088772155" lon="123.43939550232461">
        <time>2019-06-02T08:55:28.092000Z</time>
      </trkpt>
      <trkpt lat="41.681827325412705" lon="123.4395323788034">
        <ele>53.97938135179721</ele>
        <time>2019-06-02T08:55:31.088000Z</time>
      </trkpt>
      <trkpt lat="41.68185209393658" lon="123.43968207959405">
        <time>2019-06-02T08:55:35.086000Z</time>
      </trkpt>
      <trkpt lat="41.68189848777063" lon="123.43978911649755">
        <time>2019-06-02T08:55:38.074000Z</time>
      </trkpt>
      <trkpt lat="41.68186772618599" lon="123.43992901046148">
        <ele>54.19340112718783</ele>
        <time>2019-06-02T08:55:42.105000Z</time>
      </trkpt>
      <trkpt lat="41.681858883278146" lon="123.4400559124755">
        <time>2019-06-02T08:55:46.090000Z</time>
      </trkpt>
      <trkpt lat="41.681852513031735" lon="123.44021441426447">
        <time>2019-06-02T08:55:50.085000Z</time>
      </trkpt>
      <trkpt lat="41.68184853162773" lon="123.4403410648214">
        <ele>53.797054081289396</ele>
        <time>2019-06-02T08:55:53.083000Z</time>
      </trkpt>
      <trkpt lat="41.68184346057631" lon="123.44048942450753">
        <time>2019-06-02T08:55:57.087000Z</time>
      </trkpt>
      <trkpt lat="41.681840694548264" lon="123.4406513628768">
        <ele>54.04807642015658</ele>
        <time>2019-06-02T08:56:01.086000Z</time>
      </trkpt>
      <trkpt lat="41.68183042671688" lon="123.4407935199546">
        <time>2019-06-02T08:56:04.084000Z</time>
      </trkpt>
      <trkpt lat="41.681829043702855" lon="123.4409518541055">
        <time>2019-06-02T08:56:09.080000Z</time>
      </trkpt>
      <trkpt lat="41.68183750942506" lon="123.4411080089616">
        <ele>53.379573612539396</ele>
        <time>2019-06-02T08:56:13.087000Z</time>
      </trkpt>
      <trkpt lat="41.68183482721604" lon="123.4412398562985">
        <time>2019-06-02T08:56:16.090000Z</time>
      </trkpt>
      <trkpt lat="41.681845430323555" lon="123.44136558484607">
        <time>2019-06-02T08:56:20.084000Z</time>
      </trkpt>
      <trkpt lat="41.68184832208015" lon="123.44151008885675">
        <ele>53.95559289964877</ele>
        <time>2019-06-02T08:56:24.082000Z</time>
      </trkpt>
      <trkpt lat="41.68184719052322" lon="123.44164352875524">
        <time>2019-06-02T08:56:28.066000Z</time>
      </trkpt>
      <trkpt lat="41.68185477614559" lon="123.44176665891283">
        <ele>53.73891809496127</ele>
        <time>2019-06-02T08:56:32.093000Z</time>
      </trkpt>
      <trkpt lat="41.68184752579935" lon="123.4418960754978">
        <time>2019-06-02T08:56:35.086000Z</time>
      </trkpt>
      <trkpt lat="41.68186927683808" lon="123.44203001831048">
        <time>2019-06-02T08:56:39.081000Z</time>
      </trkpt>
      <trkpt lat="41.681869109200015" lon="123.44217024755054">
        <ele>53.73099878343783</ele>
        <time>2019-06-02T08:56:43.086000Z</time>
      </trkpt>
      <trkpt lat="41.68186680417664" lon="123.44231215317123">
        <time>2019-06-02T08:56:46.087000Z</time>
      </trkpt>
      <trkpt lat="41.68185263876028" lon="123.442462189238">
        <time>2019-06-02T08:56:50.093000Z</time>
      </trkpt>
      <trkpt lat="41.68182845696963" lon="123.44259110290878">
        <ele>54.09299829515658</ele>
        <time>2019-06-02T08:56:53.082000Z</time>
      </trkpt>
      <trkpt lat="41.68183725796796" lon="123.44273610983365">
        <time>2019-06-02T08:56:56.079000Z</time>
      </trkpt>
      <trkpt lat="41.681845220775976" lon="123.44289477926068">
        <time>2019-06-02T08:57:00.079000Z</time>
      </trkpt>
      <trkpt lat="41.681851884389" lon="123.44301614921861">
        <ele>55.67310693773471</ele>
        <time>2019-06-02T08:57:03.080000Z</time>
      </trkpt>
      <trkpt lat="41.681868103371635" lon="123.44316383835249">
        <time>2019-06-02T08:57:07.086000Z</time>
      </trkpt>
      <trkpt lat="41.68187967039801" lon="123.44328906398587">
        <time>2019-06-02T08:57:10.084000Z</time>
      </trkpt>
      <trkpt lat="41.68190012224175" lon="123.44343591492944">
        <ele>55.22126367601596</ele>
        <time>2019-06-02T08:57:14.089000Z</time>
      </trkpt>
      <trkpt lat="41.68191650886245" lon="123.44357203703694">
        <time>2019-06-02T08:57:18.080000Z</time>
      </trkpt>
      <trkpt lat="41.681895428375974" lon="123.4437022079932">
        <ele>55.509273319570646</ele>
        <time>2019-06-02T08:57:22.084000Z</time>
      </trkpt>
      <trkpt lat="41.681900792794" lon="123.4438525793361">
        <time>2019-06-02T08:57:28.092000Z</time>
      </trkpt>
      <trkpt lat="41.68188817802973" lon="123.44397889461689">
        <ele>55.63346460375033</ele>
        <time>2019-06-02T08:57:32.087000Z</time>
      </trkpt>
      <trkpt lat="41.6818992002324" lon="123.44411627400987">
        <time>2019-06-02T08:57:36.080000Z</time>
      </trkpt>
      <trkpt lat="41.68188767511554" lon="123.44426614243858">
        <time>2019-06-02T08:57:39.080000Z</time>
      </trkpt>
      <trkpt lat="41.681868606285825" lon="123.44441324483924">
        <ele>56.278194218008146</ele>
        <time>2019-06-02T08:57:42.085000Z</time>
      </trkpt>
      <trkpt lat="41.681855362878814" lon="123.44455288734608">
        <time>2019-06-02T08:57:45.088000Z</time>
      </trkpt>
      <trkpt lat="41.681838263796344" lon="123.44469026673906">
        <time>2019-06-02T08:57:49.084000Z</time>
      </trkpt>
      <trkpt lat="41.68186609171487" lon="123.44482848432236">
        <ele>56.315181522695646</ele>
        <time>2019-06-02T08:57:53.084000Z</time>
      </trkpt>
      <trkpt lat="41.681873551608696" lon="123.444954380508">
        <time>2019-06-02T08:57:57.083000Z</time>
      </trkpt>
      <trkpt lat="41.68187602427013" lon="123.44508145016007">
        <time>2019-06-02T08:58:00.088000Z</time>
      </trkpt>
      <trkpt lat="41.68188025713123" lon="123.44521530915372">
        <ele>56.41559961351596</ele>
        <time>2019-06-02T08:58:03.086000Z</time>
      </trkpt>
      <trkpt lat="41.68187271341838" lon="123.44537054200046">
        <time>2019-06-02T08:58:07.078000Z</time>
      </trkpt>
      <trkpt lat="41.681856452526226" lon="123.44551873404853">
        <time>2019-06-02T08:58:10.086000Z</time>
      </trkpt>
      <trkpt lat="41.681859092825725" lon="123.44563909817808">
        <ele>56.68775537523471</ele>
        <time>2019-06-02T08:58:13.078000Z</time>
      </trkpt>
      <trkpt lat="41.681875269898846" lon="123.445765748735">
        <time>2019-06-02T08:58:16.091000Z</time>
      </trkpt>
      <trkpt lat="41.68187967039801" lon="123.44592282560043">
        <time>2019-06-02T08:58:20.073000Z</time>
      </trkpt>
      <trkpt lat="41.68187887411721" lon="123.44607797462814">
        <ele>56.97048547777377</ele>
        <time>2019-06-02T08:58:25.079000Z</time>
      </trkpt>
      <trkpt lat="41.68187015693791" lon="123.44621560547822">
        <time>2019-06-02T08:58:28.081000Z</time>
      </trkpt>
      <trkpt lat="41.68185599152155" lon="123.44635583471828">
        <ele>57.62313440355502</ele>
        <time>2019-06-02T08:58:31.084000Z</time>
      </trkpt>
      <trkpt lat="41.681829546617045" lon="123.44648885552161">
        <time>2019-06-02T08:58:35.073000Z</time>
      </trkpt>
      <trkpt lat="41.68182430792756" lon="123.44663310807519">
        <time>2019-06-02T08:58:39.078000Z</time>
      </trkpt>
      <trkpt lat="41.68182133235194" lon="123.44676478777401">
        <ele>57.04182031664096</ele>
        <time>2019-06-02T08:58:42.076000Z</time>
      </trkpt>
      <trkpt lat="41.68181290853925" lon="123.44691163871758">
        <time>2019-06-02T08:58:46.075000Z</time>
      </trkpt>
      <trkpt lat="41.6818191111476" lon="123.44704843137734">
        <time>2019-06-02T08:58:50.082000Z</time>
      </trkpt>
      <trkpt lat="41.68180892713524" lon="123.44718304474227">
        <ele>57.564998417226896</ele>
        <time>2019-06-02T08:58:53.084000Z</time>
      </trkpt>
      <trkpt lat="41.68178621217765" lon="123.44733065005713">
        <time>2019-06-02T08:58:56.069000Z</time>
      </trkpt>
      <trkpt lat="41.68178378142573" lon="123.44746417377465">
        <time>2019-06-02T08:58:59.086000Z</time>
      </trkpt>
      <trkpt lat="41.68178428433992" lon="123.44759384181671">
        <ele>58.008907108633146</ele>
        <time>2019-06-02T08:59:02.089000Z</time>
      </trkpt>
      <trkpt lat="41.681766724252775" lon="123.44772837136262">
        <time>2019-06-02T08:59:05.080000Z</time>
      </trkpt>
      <trkpt lat="41.68177837509818" lon="123.44787823979132">
        <time>2019-06-02T08:59:09.070000Z</time>
      </trkpt>
      <trkpt lat="41.68178943921037" lon="123.44801729556494">
        <ele>58.87031152757846</ele>
        <time>2019-06-02T08:59:13.079000Z</time>
      </trkpt>
      <trkpt lat="41.68180917859234" lon="123.44814746652119">
        <time>2019-06-02T08:59:17.086000Z</time>
      </trkpt>
      <trkpt lat="41.68183122299768" lon="123.44828099023871">
        <ele>58.650996952383146</ele>
        <time>2019-06-02T08:59:21.078000Z</time>
      </trkpt>
      <trkpt lat="41.681801006236746" lon="123.4483972472357">
        <time>2019-06-02T08:59:24.095000Z</time>
      </trkpt>
      <trkpt lat="41.68178457770653" lon="123.4485508037018">
        <time>2019-06-02T08:59:28.089000Z</time>
      </trkpt>
      <trkpt lat="41.68178617026813" lon="123.44868038792484">
        <ele>58.650996952383146</ele>
        <time>2019-06-02T08:59:31.092000Z</time>
      </trkpt>
      <trkpt lat="41.681797276289835" lon="123.44880469154887">
        <time>2019-06-02T08:59:34.081000Z</time>
      </trkpt>
      <trkpt lat="41.681802137793674" lon="123.44896168459528">
        <time>2019-06-02T08:59:38.086000Z</time>
      </trkpt>
      <trkpt lat="41.68180259879835" lon="123.44911574397557">
        <ele>59.23231103929721</ele>
        <time>2019-06-02T08:59:42.088000Z</time>
      </trkpt>
      <trkpt lat="41.68178570926346" lon="123.44927131209843">
        <time>2019-06-02T08:59:46.084000Z</time>
      </trkpt>
      <trkpt lat="41.68178981639601" lon="123.44940986495786">
        <time>2019-06-02T08:59:50.081000Z</time>
      </trkpt>
      <trkpt lat="41.68179006785311" lon="123.44955679972045">
        <ele>59.92194726976596</ele>
        <time>2019-06-02T08:59:54.073000Z</time>
      </trkpt>
      <trkpt lat="41.68179145086713" lon="123.44968864705734">
        <time>2019-06-02T08:59:58.060000Z</time>
      </trkpt>
      <trkpt lat="41.681789271572306" lon="123.44982401479356">
        <ele>60.08314111742221</ele>
        <time>2019-06-02T09:00:02.086000Z</time>
      </trkpt>
      <trkpt lat="41.681782607959285" lon="123.44997069809907">
        <time>2019-06-02T09:00:06.077000Z</time>
      </trkpt>
      <trkpt lat="41.68177992575027" lon="123.45011310663395">
        <time>2019-06-02T09:00:10.086000Z</time>
      </trkpt>
      <trkpt lat="41.68178072203107" lon="123.45026037667267">
        <ele>60.009151249258146</ele>
        <time>2019-06-02T09:00:14.087000Z</time>
      </trkpt>
      <trkpt lat="41.68176932264276" lon="123.45040127646499">
        <time>2019-06-02T09:00:18.087000Z</time>
      </trkpt>
      <trkpt lat="41.68178269177832" lon="123.4505405836957">
        <ele>61.15591028246127</ele>
        <time>2019-06-02T09:00:22.077000Z</time>
      </trkpt>
      <trkpt lat="41.68177720163174" lon="123.45068131584995">
        <time>2019-06-02T09:00:26.086000Z</time>
      </trkpt>
      <trkpt lat="41.68176555078633" lon="123.45082565222256">
        <time>2019-06-02T09:00:30.058000Z</time>
      </trkpt>
      <trkpt lat="41.68177275922306" lon="123.45097359281354">
        <ele>60.091060428945646</ele>
        <time>2019-06-02T09:00:34.080000Z</time>
      </trkpt>
      <trkpt lat="41.68177929710753" lon="123.4510945436763">
        <time>2019-06-02T09:00:37.151000Z</time>
      </trkpt>
      <trkpt lat="41.68177929710753" lon="123.4510945436763">
        <ele>61.63682153734408</ele>
        <time>2019-06-02T09:02:04.450000Z</time>
      </trkpt>
      <trkpt lat="41.68174786497064" lon="123.45126226555877">
        <time>2019-06-02T09:02:04.452000Z</time>
      </trkpt>
      <trkpt lat="41.68177506424643" lon="123.4513984714853">
        <ele>61.340877323476896</ele>
        <time>2019-06-02T09:02:07.065000Z</time>
      </trkpt>
      <trkpt lat="41.68179731819935" lon="123.45153065409832">
        <time>2019-06-02T09:02:10.081000Z</time>
      </trkpt>
      <trkpt lat="41.68181081306346" lon="123.45166686002486">
        <time>2019-06-02T09:02:13.080000Z</time>
      </trkpt>
      <trkpt lat="41.68181735094793" lon="123.45180566434138">
        <time>2019-06-02T09:02:16.081000Z</time>
      </trkpt>
      <trkpt lat="41.68179052885778" lon="123.45192963268929">
        <ele>60.15711572679721</ele>
        <time>2019-06-02T09:02:19.057000Z</time>
      </trkpt>
      <trkpt lat="41.68176190465845" lon="123.45204639260047">
        <time>2019-06-02T09:02:22.052000Z</time>
      </trkpt>
      <trkpt lat="41.68177020274259" lon="123.45218150887959">
        <time>2019-06-02T09:02:25.079000Z</time>
      </trkpt>
      <trkpt lat="41.68179224714793" lon="123.4523001966285">
        <ele>62.699031620351896</ele>
        <time>2019-06-02T09:02:28.080000Z</time>
      </trkpt>
      <trkpt lat="41.68181550692923" lon="123.45241779473">
        <time>2019-06-02T09:02:31.081000Z</time>
      </trkpt>
      <trkpt lat="41.681840275453105" lon="123.45254670840077">
        <time>2019-06-02T09:02:34.077000Z</time>
      </trkpt>
      <trkpt lat="41.68182020079501" lon="123.45267822046154">
        <ele>62.21284082445346</ele>
        <time>2019-06-02T09:02:37.075000Z</time>
      </trkpt>
      <trkpt lat="41.68180875949718" lon="123.45279900368624">
        <time>2019-06-02T09:02:40.075000Z</time>
      </trkpt>
      <trkpt lat="41.68181160934426" lon="123.45294887211494">
        <time>2019-06-02T09:02:43.155000Z</time>
      </trkpt>
      <trkpt lat="41.68181202843942" lon="123.45308390457504">
        <time>2019-06-02T09:02:46.080000Z</time>
      </trkpt>
      <trkpt lat="41.68182187717564" lon="123.45320720237069">
        <ele>61.82706811937533</ele>
        <time>2019-06-02T09:02:49.079000Z</time>
      </trkpt>
      <trkpt lat="41.68182602621771" lon="123.45333527785115">
        <time>2019-06-02T09:02:52.081000Z</time>
      </trkpt>
      <trkpt lat="41.68181865014292" lon="123.45347424980574">
        <time>2019-06-02T09:02:56.077000Z</time>
      </trkpt>
      <trkpt lat="41.68183499485411" lon="123.45362420205348">
        <ele>62.24190881761752</ele>
        <time>2019-06-02T09:03:00.082000Z</time>
      </trkpt>
      <trkpt lat="41.68183943726279" lon="123.45376417983644">
        <time>2019-06-02T09:03:03.082000Z</time>
      </trkpt>
      <trkpt lat="41.681831977368965" lon="123.45390357088618">
        <ele>62.672603397695646</ele>
        <time>2019-06-02T09:03:07.077000Z</time>
      </trkpt>
      <trkpt lat="41.681841323191" lon="123.45402452174895">
        <time>2019-06-02T09:03:11.075000Z</time>
      </trkpt>
      <trkpt lat="41.68184073645778" lon="123.45417128887348">
        <time>2019-06-02T09:03:15.081000Z</time>
      </trkpt>
      <trkpt lat="41.68184140701003" lon="123.45431931328349">
        <ele>63.14821985277377</ele>
        <time>2019-06-02T09:03:19.100000Z</time>
      </trkpt>
      <trkpt lat="41.68184425685711" lon="123.4544726182925">
        <time>2019-06-02T09:03:23.077000Z</time>
      </trkpt>
      <trkpt lat="41.68183679696329" lon="123.45461360190384">
        <time>2019-06-02T09:03:26.075000Z</time>
      </trkpt>
      <trkpt lat="41.68182137426145" lon="123.45478534709983">
        <ele>63.33846643480502</ele>
        <time>2019-06-02T09:03:29.079000Z</time>
      </trkpt>
      <trkpt lat="41.68181865014292" lon="123.45492314558797">
        <time>2019-06-02T09:03:32.072000Z</time>
      </trkpt>
      <trkpt lat="41.68181546501972" lon="123.45505004760199">
        <time>2019-06-02T09:03:35.075000Z</time>
      </trkpt>
      <trkpt lat="41.68181839868583" lon="123.45518047001534">
        <ele>63.32790735277377</ele>
        <time>2019-06-02T09:03:38.081000Z</time>
      </trkpt>
      <trkpt lat="41.68178063821204" lon="123.45531533483737">
        <time>2019-06-02T09:03:42.081000Z</time>
      </trkpt>
      <trkpt lat="41.68176974173792" lon="123.45545858156257">
        <time>2019-06-02T09:03:46.084000Z</time>
      </trkpt>
      <trkpt lat="41.68175918053992" lon="123.45562244776957">
        <ele>62.82850244554721</ele>
        <time>2019-06-02T09:03:50.084000Z</time>
      </trkpt>
      <trkpt lat="41.681757629887834" lon="123.45576267700963">
        <time>2019-06-02T09:03:53.079000Z</time>
      </trkpt>
      <trkpt lat="41.68175482195027" lon="123.4558854718911">
        <time>2019-06-02T09:03:56.093000Z</time>
      </trkpt>
      <trkpt lat="41.6817282094077" lon="123.45604045328074">
        <ele>62.41366174730502</ele>
        <time>2019-06-02T09:04:00.085000Z</time>
      </trkpt>
      <trkpt lat="41.68170968540169" lon="123.45618973497622">
        <time>2019-06-02T09:04:04.076000Z</time>
      </trkpt>
      <trkpt lat="41.68171203233458" lon="123.45633113768274">
        <ele>62.08864954027377</ele>
        <time>2019-06-02T09:04:07.079000Z</time>
      </trkpt>
      <trkpt lat="41.68172598820336" lon="123.4564629012006">
        <time>2019-06-02T09:04:10.060000Z</time>
      </trkpt>
      <trkpt lat="41.681748619341924" lon="123.45659776602263">
        <time>2019-06-02T09:04:13.077000Z</time>
      </trkpt>
      <trkpt lat="41.68175980918266" lon="123.45672072854215">
        <time>2019-06-02T09:04:16.085000Z</time>
      </trkpt>
      <trkpt lat="41.68176240757264" lon="123.45684511598522">
        <ele>62.725459843008146</ele>
        <time>2019-06-02T09:04:19.081000Z</time>
      </trkpt>
      <trkpt lat="41.681750421451106" lon="123.45700437214548">
        <time>2019-06-02T09:04:23.061000Z</time>
      </trkpt>
      <trkpt lat="41.681738183872476" lon="123.45715994026834">
        <ele>63.53400781664096</ele>
        <time>2019-06-02T09:04:27.083000Z</time>
      </trkpt>
      <trkpt lat="41.68173307091154" lon="123.457283238064">
        <time>2019-06-02T09:04:30.085000Z</time>
      </trkpt>
      <trkpt lat="41.68174845170386" lon="123.45743210066432">
        <time>2019-06-02T09:04:34.082000Z</time>
      </trkpt>
      <trkpt lat="41.681772088670805" lon="123.45757878396982">
        <ele>63.14558008226596</ele>
        <time>2019-06-02T09:04:38.057000Z</time>
      </trkpt>
      <trkpt lat="41.68177078947581" lon="123.4577304125982">
        <time>2019-06-02T09:04:42.082000Z</time>
      </trkpt>
      <trkpt lat="41.68178181167848" lon="123.45786343340153">
        <time>2019-06-02T09:04:46.084000Z</time>
      </trkpt>
      <trkpt lat="41.68177527379401" lon="123.45801305037314">
        <ele>62.236629276601896</ele>
        <time>2019-06-02T09:04:50.085000Z</time>
      </trkpt>
      <trkpt lat="41.681774016508534" lon="123.45816845085794">
        <time>2019-06-02T09:04:54.086000Z</time>
      </trkpt>
      <trkpt lat="41.68177363932289" lon="123.45828881498748">
        <ele>62.799434452383146</ele>
        <time>2019-06-02T09:04:57.093000Z</time>
      </trkpt>
      <trkpt lat="41.68176261712022" lon="123.45843466010267">
        <time>2019-06-02T09:05:01.087000Z</time>
      </trkpt>
      <trkpt lat="41.681755073407366" lon="123.45856491487795">
        <time>2019-06-02T09:05:05.059000Z</time>
      </trkpt>
      <trkpt lat="41.68174857743241" lon="123.45870950270766">
        <ele>61.68966272386752</ele>
        <time>2019-06-02T09:05:09.083000Z</time>
      </trkpt>
      <trkpt lat="41.68174434457131" lon="123.45886481937343">
        <time>2019-06-02T09:05:13.084000Z</time>
      </trkpt>
      <trkpt lat="41.68174438648082" lon="123.4589976725387">
        <time>2019-06-02T09:05:16.079000Z</time>
      </trkpt>
      <trkpt lat="41.681738393420055" lon="123.459135890122">
        <ele>62.69111230882846</ele>
        <time>2019-06-02T09:05:19.075000Z</time>
      </trkpt>
      <trkpt lat="41.68174572758533" lon="123.45928047795171">
        <time>2019-06-02T09:05:23.077000Z</time>
      </trkpt>
      <trkpt lat="41.68174949944176" lon="123.45941375021214">
        <time>2019-06-02T09:05:26.082000Z</time>
      </trkpt>
      <trkpt lat="41.68174128517665" lon="123.45956135552699">
        <ele>64.12324121507845</ele>
        <time>2019-06-02T09:05:30.082000Z</time>
      </trkpt>
      <trkpt lat="41.681737471410706" lon="123.45971818093533">
        <time>2019-06-02T09:05:34.064000Z</time>
      </trkpt>
      <trkpt lat="41.68173143644042" lon="123.45984491531128">
        <ele>63.848445682851896</ele>
        <time>2019-06-02T09:05:37.086000Z</time>
      </trkpt>
      <trkpt lat="41.68173935733892" lon="123.45999704685384">
        <time>2019-06-02T09:05:41.083000Z</time>
      </trkpt>
      <trkpt lat="41.68175540868349" lon="123.46013467770392">
        <time>2019-06-02T09:05:45.074000Z</time>
      </trkpt>
      <trkpt lat="41.68176781390019" lon="123.46028798271293">
        <ele>65.5448110392972</ele>
        <time>2019-06-02T09:05:49.078000Z</time>
      </trkpt>
      <trkpt lat="41.681727455036416" lon="123.46041698020274">
        <time>2019-06-02T09:05:53.080000Z</time>
      </trkpt>
      <trkpt lat="41.681727455036416" lon="123.46041698020274">
        <ele>65.25944116625033</ele>
        <time>2019-06-02T09:06:55.077000Z</time>
      </trkpt>
      <trkpt lat="41.681756414511874" lon="123.46058897685582">
        <time>2019-06-02T09:06:55.081000Z</time>
      </trkpt>
      <trkpt lat="41.6817644192294" lon="123.46072937373394">
        <time>2019-06-02T09:06:58.080000Z</time>
      </trkpt>
      <trkpt lat="41.68176638897665" lon="123.46088779170388">
        <time>2019-06-02T09:07:02.082000Z</time>
      </trkpt>
      <trkpt lat="41.68177443560369" lon="123.46101821411723">
        <ele>66.41149499925814</ele>
        <time>2019-06-02T09:07:05.080000Z</time>
      </trkpt>
      <trkpt lat="41.68179668955661" lon="123.46117294404978">
        <time>2019-06-02T09:07:09.077000Z</time>
      </trkpt>
      <trkpt lat="41.68178156022139" lon="123.4613051266628">
        <time>2019-06-02T09:07:12.084000Z</time>
      </trkpt>
      <trkpt lat="41.68174807451822" lon="123.46144795429284">
        <ele>66.29258325609408</ele>
        <time>2019-06-02T09:07:16.083000Z</time>
      </trkpt>
      <trkpt lat="41.68175607923575" lon="123.46157276083106">
        <time>2019-06-02T09:07:19.073000Z</time>
      </trkpt>
      <trkpt lat="41.68175788134493" lon="123.46169597480768">
        <time>2019-06-02T09:07:22.082000Z</time>
      </trkpt>
      <trkpt lat="41.68173793241538" lon="123.46185280021602">
        <ele>67.21740320238314</ele>
        <time>2019-06-02T09:07:26.080000Z</time>
      </trkpt>
      <trkpt lat="41.68173856105812" lon="123.46198037278229">
        <time>2019-06-02T09:07:29.083000Z</time>
      </trkpt>
      <trkpt lat="41.6817395668865" lon="123.46211255539531">
        <time>2019-06-02T09:07:32.082000Z</time>
      </trkpt>
      <trkpt lat="41.68173462156363" lon="123.46224658202702">
        <ele>67.18569543871126</ele>
        <time>2019-06-02T09:07:35.080000Z</time>
      </trkpt>
      <trkpt lat="41.68171488218166" lon="123.46237323258394">
        <time>2019-06-02T09:07:38.080000Z</time>
      </trkpt>
      <trkpt lat="41.68171190660603" lon="123.46249778766507">
        <time>2019-06-02T09:07:41.088000Z</time>
      </trkpt>
      <trkpt lat="41.68170486580737" lon="123.46261831943268">
        <time>2019-06-02T09:07:44.081000Z</time>
      </trkpt>
      <trkpt lat="41.68169677727081" lon="123.46276978042299">
        <ele>67.6190297892972</ele>
        <time>2019-06-02T09:07:48.086000Z</time>
      </trkpt>
      <trkpt lat="41.681689024010375" lon="123.46290774654919">
        <time>2019-06-02T09:07:52.069000Z</time>
      </trkpt>
      <trkpt lat="41.68168604843475" lon="123.46306825999493">
        <ele>68.40908411058626</ele>
        <time>2019-06-02T09:07:56.078000Z</time>
      </trkpt>
      <trkpt lat="41.68169694490887" lon="123.4632130154627">
        <time>2019-06-02T09:08:00.092000Z</time>
      </trkpt>
      <trkpt lat="41.68170184832223" lon="123.46337386418456">
        <time>2019-06-02T09:08:04.072000Z</time>
      </trkpt>
      <trkpt lat="41.68170080058433" lon="123.46353546727771">
        <ele>67.44199731859408</ele>
        <time>2019-06-02T09:08:08.083000Z</time>
      </trkpt>
      <trkpt lat="41.68170222550787" lon="123.46365734014982">
        <time>2019-06-02T09:08:11.089000Z</time>
      </trkpt>
      <trkpt lat="41.6817136668057" lon="123.46378139231676">
        <ele>68.32717493089876</ele>
        <time>2019-06-02T09:08:15.088000Z</time>
      </trkpt>
      <trkpt lat="41.68172506619401" lon="123.46390896488303">
        <time>2019-06-02T09:08:18.079000Z</time>
      </trkpt>
      <trkpt lat="41.68171014640637" lon="123.46403201122159">
        <time>2019-06-02T09:08:21.074000Z</time>
      </trkpt>
      <trkpt lat="41.68170867957331" lon="123.46417810779387">
        <ele>67.56618860277376</ele>
        <time>2019-06-02T09:08:25.078000Z</time>
      </trkpt>
      <trkpt lat="41.68174342256196" lon="123.46428933564896">
        <time>2019-06-02T09:08:29.080000Z</time>
      </trkpt>
      <trkpt lat="41.68174970898934" lon="123.46440978359753">
        <time>2019-06-02T09:08:32.081000Z</time>
      </trkpt>
      <trkpt lat="41.68175197210319" lon="123.46453911636347">
        <ele>67.24117639574251</ele>
        <time>2019-06-02T09:08:35.070000Z</time>
      </trkpt>
      <trkpt lat="41.68175310366012" lon="123.464691164087">
        <time>2019-06-02T09:08:39.082000Z</time>
      </trkpt>
      <trkpt lat="41.68173139453091" lon="123.46481295314008">
        <time>2019-06-02T09:08:43.075000Z</time>
      </trkpt>
      <trkpt lat="41.68174128517665" lon="123.46493968751604">
        <ele>67.43406274828158</ele>
        <time>2019-06-02T09:08:47.082000Z</time>
      </trkpt>
      <trkpt lat="41.68176341340102" lon="123.46506189566428">
        <time>2019-06-02T09:08:50.116000Z</time>
      </trkpt>
      <trkpt lat="41.68175897099234" lon="123.46520857896978">
        <time>2019-06-02T09:08:54.079000Z</time>
      </trkpt>
      <trkpt lat="41.68176152747281" lon="123.46535098750466">
        <ele>67.1566274455472</ele>
        <time>2019-06-02T09:08:58.078000Z</time>
      </trkpt>
      <trkpt lat="41.681765299329236" lon="123.46548501413638">
        <time>2019-06-02T09:09:03.078000Z</time>
      </trkpt>
      <trkpt lat="41.68174765542306" lon="123.46563949261183">
        <ele>68.53855493578158</ele>
        <time>2019-06-02T09:09:07.081000Z</time>
      </trkpt>
      <trkpt lat="41.68174472175695" lon="123.46578232024187">
        <time>2019-06-02T09:09:11.066000Z</time>
      </trkpt>
      <trkpt lat="41.68173969261505" lon="123.46594509680146">
        <ele>68.36152246507845</ele>
        <time>2019-06-02T09:09:15.070000Z</time>
      </trkpt>
      <trkpt lat="41.681732316540256" lon="123.46609999437207">
        <time>2019-06-02T09:09:19.079000Z</time>
      </trkpt>
      <trkpt lat="41.681722509713545" lon="123.46622094523484">
        <time>2019-06-02T09:09:22.074000Z</time>
      </trkpt>
      <trkpt lat="41.68171660047181" lon="123.46636838291163">
        <ele>67.53976038011751</ele>
        <time>2019-06-02T09:09:26.090000Z</time>
      </trkpt>
      <trkpt lat="41.681701554955616" lon="123.46649402764017">
        <time>2019-06-02T09:09:29.083000Z</time>
      </trkpt>
      <trkpt lat="41.681691538581326" lon="123.46663861546988">
        <time>2019-06-02T09:09:32.094000Z</time>
      </trkpt>
      <trkpt lat="41.68169572953291" lon="123.46677130099708">
        <ele>68.78429773363314</ele>
        <time>2019-06-02T09:09:35.080000Z</time>
      </trkpt>
      <trkpt lat="41.68168785054393" lon="123.46693273645216">
        <time>2019-06-02T09:09:39.085000Z</time>
      </trkpt>
      <trkpt lat="41.68170675173558" lon="123.46707732428187">
        <time>2019-06-02T09:09:42.082000Z</time>
      </trkpt>
      <trkpt lat="41.68171060741104" lon="123.46720112499172">
        <ele>69.01153162035189</ele>
        <time>2019-06-02T09:09:45.083000Z</time>
      </trkpt>
      <trkpt lat="41.681712074244096" lon="123.46732894901508">
        <time>2019-06-02T09:09:48.079000Z</time>
      </trkpt>
      <trkpt lat="41.68171337343909" lon="123.46748476859504">
        <time>2019-06-02T09:09:52.090000Z</time>
      </trkpt>
      <trkpt lat="41.68172020469017" lon="123.4676183761316">
        <ele>69.50564172777376</ele>
        <time>2019-06-02T09:09:56.090000Z</time>
      </trkpt>
      <trkpt lat="41.681721797251775" lon="123.46775701281005">
        <time>2019-06-02T09:10:00.084000Z</time>
      </trkpt>
      <trkpt lat="41.6817292571456" lon="123.46791693952257">
        <time>2019-06-02T09:10:04.086000Z</time>
      </trkpt>
      <trkpt lat="41.68173470538266" lon="123.46803998586113">
        <ele>69.97861841234408</ele>
        <time>2019-06-02T09:10:07.082000Z</time>
      </trkpt>
      <trkpt lat="41.68175314556964" lon="123.46817032445544">
        <time>2019-06-02T09:10:10.087000Z</time>
      </trkpt>
      <trkpt lat="41.681757713706865" lon="123.46832010906512">
        <time>2019-06-02T09:10:14.083000Z</time>
      </trkpt>
      <trkpt lat="41.681776531079485" lon="123.46846075740034">
        <ele>69.75402429613314</ele>
        <time>2019-06-02T09:10:19.056000Z</time>
      </trkpt>
      <trkpt lat="41.68179539036162" lon="123.46858824614758">
        <ele>69.84386804613314</ele>
        <time>2019-06-02T09:10:25.079000Z</time>
      </trkpt>
      <trkpt lat="41.68179539036162" lon="123.46858824614758">
        <time>2019-06-02T09:10:58.226000Z</time>
      </trkpt>
      <trkpt lat="41.6817852901683" lon="123.4687542916494">
        <time>2019-06-02T09:10:58.230000Z</time>
      </trkpt>
      <trkpt lat="41.68179329488583" lon="123.46888303768212">
        <time>2019-06-02T09:11:01.078000Z</time>
      </trkpt>
      <trkpt lat="41.68179388161905" lon="123.46904195856625">
        <ele>69.79366663011751</ele>
        <time>2019-06-02T09:11:05.078000Z</time>
      </trkpt>
      <trkpt lat="41.6817974439279" lon="123.46916995022768">
        <time>2019-06-02T09:11:08.083000Z</time>
      </trkpt>
      <trkpt lat="41.681818524414375" lon="123.46933423552984">
        <time>2019-06-02T09:11:12.080000Z</time>
      </trkpt>
      <trkpt lat="41.68184865735628" lon="123.4694866185295">
        <ele>69.96012476000033</ele>
        <time>2019-06-02T09:11:16.084000Z</time>
      </trkpt>
      <trkpt lat="41.6818725038708" lon="123.46961813059026">
        <time>2019-06-02T09:11:19.073000Z</time>
      </trkpt>
      <trkpt lat="41.68188432235427" lon="123.46974603843266">
        <time>2019-06-02T09:11:22.089000Z</time>
      </trkpt>
      <trkpt lat="41.68191127017297" lon="123.46986992296154">
        <ele>70.26398828539095</ele>
        <time>2019-06-02T09:11:25.076000Z</time>
      </trkpt>
      <trkpt lat="41.68193251829751" lon="123.46998944890076">
        <time>2019-06-02T09:11:28.089000Z</time>
      </trkpt>
      <trkpt lat="41.6819483600945" lon="123.47011459071511">
        <time>2019-06-02T09:11:31.083000Z</time>
      </trkpt>
      <trkpt lat="41.681968853847756" lon="123.47023847524399">
        <ele>70.50973108324251</ele>
        <time>2019-06-02T09:11:34.080000Z</time>
      </trkpt>
      <trkpt lat="41.681982935445085" lon="123.4703587555545">
        <time>2019-06-02T09:11:37.081000Z</time>
      </trkpt>
      <trkpt lat="41.68201461903907" lon="123.47050770197386">
        <time>2019-06-02T09:11:41.087000Z</time>
      </trkpt>
      <trkpt lat="41.68203905228682" lon="123.47065757040257">
        <ele>72.1189077189847</ele>
        <time>2019-06-02T09:11:45.081000Z</time>
      </trkpt>
      <trkpt lat="41.68206071950652" lon="123.47081598837251">
        <time>2019-06-02T09:11:49.092000Z</time>
      </trkpt>
      <trkpt lat="41.682073879094496" lon="123.47095579851741">
        <time>2019-06-02T09:11:53.080000Z</time>
      </trkpt>
      <trkpt lat="41.68208456602104" lon="123.47109728504294">
        <ele>72.51259973558626</ele>
        <time>2019-06-02T09:11:57.090000Z</time>
      </trkpt>
      <trkpt lat="41.682116878257766" lon="123.47125587065095">
        <time>2019-06-02T09:12:01.080000Z</time>
      </trkpt>
      <trkpt lat="41.682167588771954" lon="123.4713743907618">
        <ele>71.79653528246126</ele>
        <time>2019-06-02T09:12:04.094000Z</time>
      </trkpt>
      <trkpt lat="41.68221062984474" lon="123.4714848642456">
        <time>2019-06-02T09:12:07.070000Z</time>
      </trkpt>
      <trkpt lat="41.68224319353856" lon="123.47162450675245">
        <time>2019-06-02T09:12:11.083000Z</time>
      </trkpt>
      <trkpt lat="41.68226863261469" lon="123.47174679871972">
        <ele>71.84145715746126</ele>
        <time>2019-06-02T09:12:14.080000Z</time>
      </trkpt>
      <trkpt lat="41.6823128052444" lon="123.47187738877113">
        <time>2019-06-02T09:12:17.085000Z</time>
      </trkpt>
      <trkpt lat="41.68234729677595" lon="123.47202180896278">
        <time>2019-06-02T09:12:21.077000Z</time>
      </trkpt>
      <trkpt lat="41.68238342277862" lon="123.47215390775676">
        <ele>73.2973745158597</ele>
        <time>2019-06-02T09:12:25.079000Z</time>
      </trkpt>
      <trkpt lat="41.682417788581624" lon="123.47228743147429">
        <time>2019-06-02T09:12:29.133000Z</time>
      </trkpt>
      <trkpt lat="41.68245412413187" lon="123.47243662935074">
        <time>2019-06-02T09:12:33.080000Z</time>
      </trkpt>
      <trkpt lat="41.68249917686142" lon="123.47254970122452">
        <ele>73.69108179125033</ele>
        <time>2019-06-02T09:12:36.086000Z</time>
      </trkpt>
      <trkpt lat="41.6825554194317" lon="123.47268347639914">
        <time>2019-06-02T09:12:40.088000Z</time>
      </trkpt>
      <trkpt lat="41.68259732894756" lon="123.47281817358311">
        <ele>72.51789453539095</ele>
        <time>2019-06-02T09:12:44.088000Z</time>
      </trkpt>
      <trkpt lat="41.68264393232919" lon="123.47296234231766">
        <time>2019-06-02T09:12:48.080000Z</time>
      </trkpt>
      <trkpt lat="41.68269719932385" lon="123.47306669701214">
        <time>2019-06-02T09:12:51.088000Z</time>
      </trkpt>
      <trkpt lat="41.682759434954896" lon="123.4731968679684">
        <ele>72.6182973674222</ele>
        <time>2019-06-02T09:12:55.090000Z</time>
      </trkpt>
      <trkpt lat="41.68280209884204" lon="123.47330901783283">
        <time>2019-06-02T09:12:58.090000Z</time>
      </trkpt>
      <trkpt lat="41.68285968251683" lon="123.47341563564117">
        <time>2019-06-02T09:13:01.086000Z</time>
      </trkpt>
      <trkpt lat="41.682923049704804" lon="123.47354102891262">
        <ele>72.94066980394564</ele>
        <time>2019-06-02T09:13:05.081000Z</time>
      </trkpt>
      <trkpt lat="41.68298008855589" lon="123.47365418460544">
        <time>2019-06-02T09:13:08.084000Z</time>
      </trkpt>
      <trkpt lat="41.68302438691415" lon="123.47376264643248">
        <time>2019-06-02T09:13:11.080000Z</time>
      </trkpt>
      <trkpt lat="41.68308071330346" lon="123.47388569277103">
        <ele>72.89574792894564</ele>
        <time>2019-06-02T09:13:15.077000Z</time>
      </trkpt>
      <trkpt lat="41.683116881215646" lon="123.47401293006118">
        <time>2019-06-02T09:13:19.087000Z</time>
      </trkpt>
      <trkpt lat="41.6831640713305" lon="123.47411728475566">
        <time>2019-06-02T09:13:22.093000Z</time>
      </trkpt>
      <trkpt lat="41.68324051428743" lon="123.47424033109422">
        <ele>72.91952112230501</ele>
        <time>2019-06-02T09:13:26.091000Z</time>
      </trkpt>
      <trkpt lat="41.6833118023739" lon="123.47436941240306">
        <time>2019-06-02T09:13:30.090000Z</time>
      </trkpt>
      <trkpt lat="41.68336829640128" lon="123.47447913151558">
        <time>2019-06-02T09:13:33.074000Z</time>
      </trkpt>
      <trkpt lat="41.68343870438792" lon="123.47460620116766">
        <ele>72.98029687914095</ele>
        <time>2019-06-02T09:13:37.078000Z</time>
      </trkpt>
      <trkpt lat="41.68351405769743" lon="123.47473218117233">
        <time>2019-06-02T09:13:41.070000Z</time>
      </trkpt>
      <trkpt lat="41.683569545896425" lon="123.47483796079035">
        <ele>72.86931970628939</ele>
        <time>2019-06-02T09:13:44.089000Z</time>
      </trkpt>
      <trkpt lat="41.683631781527474" lon="123.47493804071422">
        <time>2019-06-02T09:13:47.096000Z</time>
      </trkpt>
      <trkpt lat="41.6836881498263" lon="123.47507189970787">
        <time>2019-06-02T09:13:51.078000Z</time>
      </trkpt>
      <trkpt lat="41.68374799661495" lon="123.47518220555361">
        <ele>72.47825220140658</ele>
        <time>2019-06-02T09:13:54.086000Z</time>
      </trkpt>
      <trkpt lat="41.683817817868366" lon="123.47528857190485">
        <time>2019-06-02T09:13:57.087000Z</time>
      </trkpt>
      <trkpt lat="41.68387774847604" lon="123.4753949382561">
        <time>2019-06-02T09:14:00.085000Z</time>
      </trkpt>
      <trkpt lat="41.68392502240993" lon="123.47549996350284">
        <time>2019-06-02T09:14:03.080000Z</time>
      </trkpt>
      <trkpt lat="41.683974098453" lon="123.47560456965442">
        <ele>72.51789453539095</ele>
        <time>2019-06-02T09:14:06.087000Z</time>
      </trkpt>
      <trkpt lat="41.68403218504198" lon="123.47572946001168">
        <time>2019-06-02T09:14:10.084000Z</time>
      </trkpt>
      <trkpt lat="41.684096474239304" lon="123.4758338985252">
        <time>2019-06-02T09:14:13.085000Z</time>
      </trkpt>
      <trkpt lat="41.684155440928116" lon="123.47596876334723">
        <ele>71.72784021410189</ele>
        <time>2019-06-02T09:14:17.109000Z</time>
      </trkpt>
      <trkpt lat="41.68420657053746" lon="123.47611217771049">
        <time>2019-06-02T09:14:21.077000Z</time>
      </trkpt>
      <trkpt lat="41.68426222637452" lon="123.47621644858594">
        <ele>73.18375757250033</ele>
        <time>2019-06-02T09:14:24.075000Z</time>
      </trkpt>
      <trkpt lat="41.68432345617719" lon="123.47630529675956">
        <time>2019-06-02T09:14:27.082000Z</time>
      </trkpt>
      <trkpt lat="41.68437777090974" lon="123.47642867837425">
        <time>2019-06-02T09:14:31.085000Z</time>
      </trkpt>
      <trkpt lat="41.68442617640056" lon="123.4765313566881">
        <ele>72.32235315355501</ele>
        <time>2019-06-02T09:14:34.080000Z</time>
      </trkpt>
      <trkpt lat="41.68447935957618" lon="123.47662858676489">
        <time>2019-06-02T09:14:37.078000Z</time>
      </trkpt>
      <trkpt lat="41.684535266870334" lon="123.47672766086038">
        <time>2019-06-02T09:14:40.085000Z</time>
      </trkpt>
      <trkpt lat="41.684604878576174" lon="123.47685347322698">
        <ele>72.09247949632845</ele>
        <time>2019-06-02T09:14:44.084000Z</time>
      </trkpt>
      <trkpt lat="41.68467545420088" lon="123.47697911795552">
        <time>2019-06-02T09:14:48.086000Z</time>
      </trkpt>
      <trkpt lat="41.68473131958552" lon="123.47707492310877">
        <time>2019-06-02T09:14:51.096000Z</time>
      </trkpt>
      <trkpt lat="41.68479451913543" lon="123.4771978856283">
        <ele>72.10833337816439</ele>
        <time>2019-06-02T09:14:55.086000Z</time>
      </trkpt>
      <trkpt lat="41.68484916914411" lon="123.47729662444766">
        <time>2019-06-02T09:14:58.087000Z</time>
      </trkpt>
      <trkpt lat="41.6849157214553" lon="123.4774169885772">
        <time>2019-06-02T09:15:02.085000Z</time>
      </trkpt>
      <trkpt lat="41.68497506532975" lon="123.47754447732444">
        <ele>72.77155664476595</ele>
        <time>2019-06-02T09:15:06.087000Z</time>
      </trkpt>
      <trkpt lat="41.68502585966297" lon="123.4776815214413">
        <time>2019-06-02T09:15:10.071000Z</time>
      </trkpt>
      <trkpt lat="41.68508482635178" lon="123.4778215830433">
        <ele>72.25893762621126</ele>
        <time>2019-06-02T09:15:14.081000Z</time>
      </trkpt>
      <trkpt lat="41.6851488221825" lon="123.47792216588135">
        <time>2019-06-02T09:15:17.099000Z</time>
      </trkpt>
      <trkpt lat="41.6852212418259" lon="123.4780385905164">
        <time>2019-06-02T09:15:21.076000Z</time>
      </trkpt>
      <trkpt lat="41.685278867410204" lon="123.47813548531707">
        <ele>73.27094629320345</ele>
        <time>2019-06-02T09:15:24.064000Z</time>
      </trkpt>
      <trkpt lat="41.68533640917548" lon="123.47827319998618">
        <time>2019-06-02T09:15:28.083000Z</time>
      </trkpt>
      <trkpt lat="41.6853948729501" lon="123.47840412531372">
        <time>2019-06-02T09:15:32.086000Z</time>
      </trkpt>
      <trkpt lat="41.685442146883986" lon="123.47850739036079">
        <ele>73.71487024339876</ele>
        <time>2019-06-02T09:15:35.076000Z</time>
      </trkpt>
      <trkpt lat="41.68548590041854" lon="123.47861451108332">
        <time>2019-06-02T09:15:38.075000Z</time>
      </trkpt>
      <trkpt lat="41.685541011431894" lon="123.47871802758749">
        <time>2019-06-02T09:15:41.076000Z</time>
      </trkpt>
      <trkpt lat="41.68562667448231" lon="123.47878072422321">
        <ele>73.26302698168001</ele>
        <time>2019-06-02T09:15:44.076000Z</time>
      </trkpt>
      <trkpt lat="41.68572784405359" lon="123.47879086632605">
        <time>2019-06-02T09:15:47.077000Z</time>
      </trkpt>
      <trkpt lat="41.68582201473572" lon="123.47875331539984">
        <time>2019-06-02T09:15:50.079000Z</time>
      </trkpt>
      <trkpt lat="41.68590507939615" lon="123.47867553133841">
        <time>2019-06-02T09:15:53.084000Z</time>
      </trkpt>
      <trkpt lat="41.68598780878045" lon="123.47859967511471">
        <ele>75.41123559984408</ele>
        <time>2019-06-02T09:15:56.074000Z</time>
      </trkpt>
      <trkpt lat="41.68606664057978" lon="123.47853588883157">
        <time>2019-06-02T09:15:59.076000Z</time>
      </trkpt>
      <trkpt lat="41.686151884535036" lon="123.47848869871672">
        <time>2019-06-02T09:16:02.069000Z</time>
      </trkpt>
      <trkpt lat="41.68625556867727" lon="123.47842658881422">
        <ele>73.3872182658597</ele>
        <time>2019-06-02T09:16:06.084000Z</time>
      </trkpt>
      <trkpt lat="41.686353343577764" lon="123.47835567791338">
        <time>2019-06-02T09:16:10.083000Z</time>
      </trkpt>
      <trkpt lat="41.68643259447225" lon="123.47829407092507">
        <time>2019-06-02T09:16:13.084000Z</time>
      </trkpt>
      <trkpt lat="41.68652429249295" lon="123.47819407482024">
        <ele>73.09391382250033</ele>
        <time>2019-06-02T09:16:17.059000Z</time>
      </trkpt>
      <trkpt lat="41.68659214399912" lon="123.47809877258118">
        <time>2019-06-02T09:16:20.062000Z</time>
      </trkpt>
      <trkpt lat="41.68668706905254" lon="123.47801880922492">
        <ele>72.57073572191439</ele>
        <time>2019-06-02T09:16:24.079000Z</time>
      </trkpt>
      <trkpt lat="41.68677277401247" lon="123.4779664223301">
        <time>2019-06-02T09:16:27.075000Z</time>
      </trkpt>
      <trkpt lat="41.68685864661046" lon="123.4779090901124">
        <time>2019-06-02T09:16:30.071000Z</time>
      </trkpt>
      <trkpt lat="41.68693626303383" lon="123.47783407207902">
        <time>2019-06-02T09:16:33.081000Z</time>
      </trkpt>
      <trkpt lat="41.687026536130986" lon="123.47776508901592">
        <ele>71.14652612718783</ele>
        <time>2019-06-02T09:16:37.079000Z</time>
      </trkpt>
      <trkpt lat="41.68711701877572" lon="123.47770859498854">
        <time>2019-06-02T09:16:40.076000Z</time>
      </trkpt>
      <trkpt lat="41.68719534766086" lon="123.47764095302995">
        <time>2019-06-02T09:16:43.082000Z</time>
      </trkpt>
      <trkpt lat="41.687281723173044" lon="123.47757406544264">
        <ele>70.86909082445345</ele>
        <time>2019-06-02T09:16:47.075000Z</time>
      </trkpt>
      <trkpt lat="41.687372960189066" lon="123.47749452118154">
        <time>2019-06-02T09:16:50.073000Z</time>
      </trkpt>
      <trkpt lat="41.687461808362684" lon="123.47741631802495">
        <time>2019-06-02T09:16:53.085000Z</time>
      </trkpt>
      <trkpt lat="41.687542735637805" lon="123.47734758641894">
        <ele>72.15061548265658</ele>
        <time>2019-06-02T09:16:56.082000Z</time>
      </trkpt>
      <trkpt lat="41.68762441728421" lon="123.4772811179268">
        <time>2019-06-02T09:16:59.077000Z</time>
      </trkpt>
      <trkpt lat="41.68771619912394" lon="123.47722814429875">
        <time>2019-06-02T09:17:03.105000Z</time>
      </trkpt>
      <trkpt lat="41.68779762931325" lon="123.47717349429007">
        <ele>71.19144800218783</ele>
        <time>2019-06-02T09:17:06.076000Z</time>
      </trkpt>
      <trkpt lat="41.687908899077854" lon="123.47711758699592">
        <time>2019-06-02T09:17:10.067000Z</time>
      </trkpt>
      <trkpt lat="41.6879954422281" lon="123.47705547709342">
        <time>2019-06-02T09:17:13.082000Z</time>
      </trkpt>
      <trkpt lat="41.68809598315664" lon="123.47696084540661">
        <ele>71.54551294359408</ele>
        <time>2019-06-02T09:17:17.075000Z</time>
      </trkpt>
      <trkpt lat="41.68818395123043" lon="123.47688314516421">
        <time>2019-06-02T09:17:20.075000Z</time>
      </trkpt>
      <trkpt lat="41.68818395123043" lon="123.47688314516421">
        <ele>69.9019887736722</ele>
        <time>2019-06-02T09:17:52.580000Z</time>
      </trkpt>
      <trkpt lat="41.68830745857366" lon="123.47675087873216">
        <time>2019-06-02T09:17:52.584000Z</time>
      </trkpt>
      <trkpt lat="41.68838717047282" lon="123.47665775578793">
        <time>2019-06-02T09:17:55.080000Z</time>
      </trkpt>
      <trkpt lat="41.688474761360965" lon="123.47660427924569">
        <ele>70.20586755785189</ele>
        <time>2019-06-02T09:17:58.083000Z</time>
      </trkpt>
      <trkpt lat="41.68856687847682" lon="123.47657796006973">
        <time>2019-06-02T09:18:01.075000Z</time>
      </trkpt>
      <trkpt lat="41.68867299337097" lon="123.47651886765237">
        <time>2019-06-02T09:18:05.082000Z</time>
      </trkpt>
      <trkpt lat="41.68875547129818" lon="123.47644921403702">
        <time>2019-06-02T09:18:08.078000Z</time>
      </trkpt>
      <trkpt lat="41.68882738802739" lon="123.47636112023469">
        <ele>70.7607534221097</ele>
        <time>2019-06-02T09:18:12.082000Z</time>
      </trkpt>
      <trkpt lat="41.688919630871794" lon="123.4762842581826">
        <time>2019-06-02T09:18:16.080000Z</time>
      </trkpt>
      <trkpt lat="41.68902360838064" lon="123.47622415993686">
        <ele>71.68027856859408</ele>
        <time>2019-06-02T09:18:19.070000Z</time>
      </trkpt>
      <trkpt lat="41.68912766970851" lon="123.47616481606241">
        <time>2019-06-02T09:18:23.073000Z</time>
      </trkpt>
      <trkpt lat="41.68921308130183" lon="123.47609742556091">
        <time>2019-06-02T09:18:26.080000Z</time>
      </trkpt>
      <trkpt lat="41.6893163463489" lon="123.47600271005507">
        <ele>71.53759363207064</ele>
        <time>2019-06-02T09:18:30.079000Z</time>
      </trkpt>
      <trkpt lat="41.68942300606676" lon="123.47593297262068">
        <time>2019-06-02T09:18:34.049000Z</time>
      </trkpt>
      <trkpt lat="41.689533353822014" lon="123.47585602674957">
        <time>2019-06-02T09:18:38.079000Z</time>
      </trkpt>
      <trkpt lat="41.689619435967586" lon="123.47579207282837">
        <ele>70.94836023363314</ele>
        <time>2019-06-02T09:18:41.082000Z</time>
      </trkpt>
      <trkpt lat="41.68972278483369" lon="123.47572099428947">
        <time>2019-06-02T09:18:46.081000Z</time>
      </trkpt>
      <trkpt lat="41.689803293013654" lon="123.47566575754757">
        <ele>70.70525720628939</ele>
        <time>2019-06-02T09:18:49.090000Z</time>
      </trkpt>
      <trkpt lat="41.68989465575822" lon="123.47561119135793">
        <time>2019-06-02T09:18:52.063000Z</time>
      </trkpt>
      <trkpt lat="41.68998375538894" lon="123.47554639924641">
        <time>2019-06-02T09:18:55.081000Z</time>
      </trkpt>
      <trkpt lat="41.69006246145972" lon="123.4754536115783">
        <time>2019-06-02T09:18:58.080000Z</time>
      </trkpt>
      <trkpt lat="41.6901377309502" lon="123.47536392521437">
        <ele>70.3802602580472</ele>
        <time>2019-06-02T09:19:01.079000Z</time>
      </trkpt>
      <trkpt lat="41.690228004047356" lon="123.47528371040102">
        <time>2019-06-02T09:19:04.066000Z</time>
      </trkpt>
      <trkpt lat="41.69030993715086" lon="123.47522486944075">
        <time>2019-06-02T09:19:07.075000Z</time>
      </trkpt>
      <trkpt lat="41.6903993720577" lon="123.47515236597832">
        <ele>70.48330286058626</ele>
        <time>2019-06-02T09:19:11.072000Z</time>
      </trkpt>
      <trkpt lat="41.69047774285235" lon="123.4750619252431">
        <time>2019-06-02T09:19:14.081000Z</time>
      </trkpt>
      <trkpt lat="41.69056286107906" lon="123.47499989915963">
        <time>2019-06-02T09:19:17.062000Z</time>
      </trkpt>
      <trkpt lat="41.69064793739625" lon="123.4749562294441">
        <ele>70.6339223674222</ele>
        <time>2019-06-02T09:19:20.061000Z</time>
      </trkpt>
      <trkpt lat="41.69074416164466" lon="123.47487484116431">
        <time>2019-06-02T09:19:24.074000Z</time>
      </trkpt>
      <trkpt lat="41.69081599455484" lon="123.47480024222608">
        <time>2019-06-02T09:19:27.081000Z</time>
      </trkpt>
      <trkpt lat="41.69089763429173" lon="123.47473603684779">
        <ele>70.97477319750033</ele>
        <time>2019-06-02T09:19:30.080000Z</time>
      </trkpt>
      <trkpt lat="41.69098048940458" lon="123.47468893055196">
        <time>2019-06-02T09:19:33.078000Z</time>
      </trkpt>
      <trkpt lat="41.69106196150341" lon="123.47462145623143">
        <time>2019-06-02T09:19:36.078000Z</time>
      </trkpt>
      <trkpt lat="41.69114033229806" lon="123.47455867577668">
        <ele>70.80038049730501</ele>
        <time>2019-06-02T09:19:39.077000Z</time>
      </trkpt>
      <trkpt lat="41.691225073339126" lon="123.47450117592092">
        <time>2019-06-02T09:19:42.081000Z</time>
      </trkpt>
      <trkpt lat="41.69130830563762" lon="123.4744524770635">
        <time>2019-06-02T09:19:45.081000Z</time>
      </trkpt>
      <trkpt lat="41.691407002547464" lon="123.47439187590356">
        <ele>71.39226892503939</ele>
        <time>2019-06-02T09:19:49.062000Z</time>
      </trkpt>
      <trkpt lat="41.691496521273336" lon="123.47431476239439">
        <time>2019-06-02T09:19:53.077000Z</time>
      </trkpt>
      <trkpt lat="41.69157317377784" lon="123.47424812626417">
        <time>2019-06-02T09:19:56.082000Z</time>
      </trkpt>
      <trkpt lat="41.69165292758652" lon="123.47418216068621">
        <ele>71.47417810472689</ele>
        <time>2019-06-02T09:19:59.083000Z</time>
      </trkpt>
      <trkpt lat="41.691728616172156" lon="123.4741031193393">
        <time>2019-06-02T09:20:02.077000Z</time>
      </trkpt>
      <trkpt lat="41.69181029781856" lon="123.47404142853196">
        <time>2019-06-02T09:20:05.070000Z</time>
      </trkpt>
      <trkpt lat="41.691901325287006" lon="123.47398937691327">
        <time>2019-06-02T09:20:08.076000Z</time>
      </trkpt>
      <trkpt lat="41.691966494584165" lon="123.47390178602512">
        <ele>71.87052515062533</ele>
        <time>2019-06-02T09:20:13.053000Z</time>
      </trkpt>
      <trkpt lat="41.692032250614545" lon="123.47381729644115">
        <time>2019-06-02T09:20:17.072000Z</time>
      </trkpt>
      <trkpt lat="41.69212763667264" lon="123.47373959619875">
        <ele>71.93394067796908</ele>
        <time>2019-06-02T09:20:21.070000Z</time>
      </trkpt>
      <trkpt lat="41.69221434746095" lon="123.47367539082046">
        <time>2019-06-02T09:20:24.072000Z</time>
      </trkpt>
      <trkpt lat="41.692291880065284" lon="123.47360523429091">
        <time>2019-06-02T09:20:27.078000Z</time>
      </trkpt>
      <trkpt lat="41.69239682149299" lon="123.47354002308424">
        <ele>72.66057947191439</ele>
        <time>2019-06-02T09:20:30.076000Z</time>
      </trkpt>
      <trkpt lat="41.692503523120365" lon="123.47347045328792">
        <time>2019-06-02T09:20:33.076000Z</time>
      </trkpt>
      <trkpt lat="41.69258730024257" lon="123.47341513272698">
        <time>2019-06-02T09:20:36.074000Z</time>
      </trkpt>
      <trkpt lat="41.692676609420865" lon="123.47333919268425">
        <ele>72.7002065471097</ele>
        <time>2019-06-02T09:20:41.078000Z</time>
      </trkpt>
      <trkpt lat="41.692786789538054" lon="123.47328579996105">
        <time>2019-06-02T09:20:45.079000Z</time>
      </trkpt>
      <trkpt lat="41.69288121167728" lon="123.47319611359711">
        <ele>72.8349721721097</ele>
        <time>2019-06-02T09:20:49.070000Z</time>
      </trkpt>
      <trkpt lat="41.692949985192804" lon="123.47310659487124">
        <time>2019-06-02T09:20:52.078000Z</time>
      </trkpt>
      <trkpt lat="41.69303413950065" lon="123.47304339532133">
        <time>2019-06-02T09:20:55.079000Z</time>
      </trkpt>
      <trkpt lat="41.69311716225156" lon="123.47299117606457">
        <time>2019-06-02T09:20:58.079000Z</time>
      </trkpt>
      <trkpt lat="41.69319741897443" lon="123.47293082636173">
        <ele>73.13883569750033</ele>
        <time>2019-06-02T09:21:01.079000Z</time>
      </trkpt>
      <trkpt lat="41.69327993881115" lon="123.47287173394437">
        <time>2019-06-02T09:21:04.063000Z</time>
      </trkpt>
      <trkpt lat="41.69336514085689" lon="123.47279319551166">
        <ele>73.01464441332064</ele>
        <time>2019-06-02T09:21:08.081000Z</time>
      </trkpt>
      <trkpt lat="41.6934269993023" lon="123.47270560462351">
        <time>2019-06-02T09:21:12.081000Z</time>
      </trkpt>
      <trkpt lat="41.69351953551331" lon="123.4726265632766">
        <time>2019-06-02T09:21:15.058000Z</time>
      </trkpt>
      <trkpt lat="41.69361374810496" lon="123.47257300291534">
        <time>2019-06-02T09:21:18.077000Z</time>
      </trkpt>
      <trkpt lat="41.69371793516138" lon="123.47251500014539">
        <ele>73.10448816332064</ele>
        <time>2019-06-02T09:21:22.080000Z</time>
      </trkpt>
      <trkpt lat="41.69382329568425" lon="123.47243285749431">
        <time>2019-06-02T09:21:25.063000Z</time>
      </trkpt>
      <trkpt lat="41.69391692154267" lon="123.47237435181017">
        <ele>73.59859827074251</ele>
        <time>2019-06-02T09:21:28.081000Z</time>
      </trkpt>
      <trkpt lat="41.694017881566374" lon="123.47232422802921">
        <time>2019-06-02T09:21:32.079000Z</time>
      </trkpt>
      <trkpt lat="41.69410685546854" lon="123.47224610869165">
        <time>2019-06-02T09:21:36.054000Z</time>
      </trkpt>
      <trkpt lat="41.69419884685585" lon="123.47217285085793">
        <ele>74.5207631877347</ele>
        <time>2019-06-02T09:21:39.071000Z</time>
      </trkpt>
      <trkpt lat="41.694291550704925" lon="123.47206497576411">
        <time>2019-06-02T09:21:43.078000Z</time>
      </trkpt>
      <trkpt lat="41.69438945133397" lon="123.47199322667296">
        <time>2019-06-02T09:21:46.077000Z</time>
      </trkpt>
      <trkpt lat="41.69448819015333" lon="123.47194352198716">
        <ele>74.40978601488314</ele>
        <time>2019-06-02T09:21:49.075000Z</time>
      </trkpt>
      <trkpt lat="41.69456605803379" lon="123.47186942596312">
        <time>2019-06-02T09:21:52.080000Z</time>
      </trkpt>
      <trkpt lat="41.69465545103112" lon="123.47180128109034">
        <time>2019-06-02T09:21:55.073000Z</time>
      </trkpt>
      <trkpt lat="41.694736420215754" lon="123.47174151812072">
        <time>2019-06-02T09:21:58.079000Z</time>
      </trkpt>
      <trkpt lat="41.69481646739104" lon="123.47167186450537">
        <ele>73.56425073656283</ele>
        <time>2019-06-02T09:22:01.081000Z</time>
      </trkpt>
      <trkpt lat="41.69489764612326" lon="123.47158569854076">
        <time>2019-06-02T09:22:05.079000Z</time>
      </trkpt>
      <trkpt lat="41.69497027531424" lon="123.4714708664673">
        <ele>72.4544790080472</ele>
        <time>2019-06-02T09:22:10.073000Z</time>
      </trkpt>
      <trkpt lat="41.69506000358769" lon="123.47138118010336">
        <time>2019-06-02T09:22:15.078000Z</time>
      </trkpt>
      <trkpt lat="41.69514139186749" lon="123.47129375685329">
        <ele>73.91303613695345</ele>
        <time>2019-06-02T09:22:19.055000Z</time>
      </trkpt>
      <trkpt lat="41.69522764165112" lon="123.4712306411224">
        <time>2019-06-02T09:22:22.055000Z</time>
      </trkpt>
      <trkpt lat="41.69530710209319" lon="123.47116492700154">
        <time>2019-06-02T09:22:26.052000Z</time>
      </trkpt>
      <trkpt lat="41.695393938610046" lon="123.47105101693744">
        <ele>73.60123804125033</ele>
        <time>2019-06-02T09:22:30.120000Z</time>
      </trkpt>
      <trkpt lat="41.69549879621872" lon="123.47096610825831">
        <time>2019-06-02T09:22:33.086000Z</time>
      </trkpt>
      <trkpt lat="41.69561970517197" lon="123.47091950487668">
        <time>2019-06-02T09:22:36.077000Z</time>
      </trkpt>
      <trkpt lat="41.69571056500235" lon="123.47086535778219">
        <ele>74.94353845628939</ele>
        <time>2019-06-02T09:22:39.076000Z</time>
      </trkpt>
      <trkpt lat="41.69580264020869" lon="123.47078179020757">
        <time>2019-06-02T09:22:42.078000Z</time>
      </trkpt>
      <trkpt lat="41.695891027377634" lon="123.47070668835515">
        <time>2019-06-02T09:22:45.053000Z</time>
      </trkpt>
      <trkpt lat="41.69596273455927" lon="123.47061532561058">
        <ele>73.07014062914095</ele>
        <time>2019-06-02T09:22:48.091000Z</time>
      </trkpt>
      <trkpt lat="41.69603536375025" lon="123.47052186739022">
        <time>2019-06-02T09:22:51.076000Z</time>
      </trkpt>
      <trkpt lat="41.69613326437929" lon="123.47047492873246">
        <time>2019-06-02T09:22:55.082000Z</time>
      </trkpt>
      <trkpt lat="41.696218508334546" lon="123.4704123997348">
        <ele>73.60387781175814</ele>
        <time>2019-06-02T09:22:59.077000Z</time>
      </trkpt>
      <trkpt lat="41.69630044143805" lon="123.47032656904632">
        <time>2019-06-02T09:23:02.121000Z</time>
      </trkpt>
      <trkpt lat="41.696384637655406" lon="123.47026647080058">
        <time>2019-06-02T09:23:05.078000Z</time>
      </trkpt>
      <trkpt lat="41.69647767678061" lon="123.4702033550697">
        <time>2019-06-02T09:23:08.077000Z</time>
      </trkpt>
      <trkpt lat="41.69656317219296" lon="123.47013177361661">
        <ele>73.5140493205472</ele>
        <time>2019-06-02T09:23:11.058000Z</time>
      </trkpt>
      <trkpt lat="41.6966560436801" lon="123.47008449968273">
        <time>2019-06-02T09:23:14.078000Z</time>
      </trkpt>
      <trkpt lat="41.6967432573826" lon="123.47003437590176">
        <time>2019-06-02T09:23:17.072000Z</time>
      </trkpt>
      <trkpt lat="41.69685406614253" lon="123.46995759766871">
        <ele>73.81791284593783</ele>
        <time>2019-06-02T09:23:21.074000Z</time>
      </trkpt>
      <trkpt lat="41.69695272114286" lon="123.4698909615385">
        <time>2019-06-02T09:23:24.075000Z</time>
      </trkpt>
      <trkpt lat="41.69704047966906" lon="123.46982088882798">
        <time>2019-06-02T09:23:27.076000Z</time>
      </trkpt>
      <trkpt lat="41.69711935337791" lon="123.46972357493216">
        <ele>73.64352014574251</ele>
        <time>2019-06-02T09:23:31.072000Z</time>
      </trkpt>
      <trkpt lat="41.69719512578258" lon="123.46962441701764">
        <time>2019-06-02T09:23:35.079000Z</time>
      </trkpt>
      <trkpt lat="41.69725493066171" lon="123.46953146171147">
        <time>2019-06-02T09:23:38.077000Z</time>
      </trkpt>
      <trkpt lat="41.69731712438324" lon="123.46943515364403">
        <ele>73.38457849535189</ele>
        <time>2019-06-02T09:23:43.077000Z</time>
      </trkpt>
      <trkpt lat="41.69739687819192" lon="123.46933364879662">
        <time>2019-06-02T09:23:47.072000Z</time>
      </trkpt>
      <trkpt lat="41.69749327007839" lon="123.46928880561465">
        <ele>73.2603872111722</ele>
        <time>2019-06-02T09:23:51.071000Z</time>
      </trkpt>
      <trkpt lat="41.69757650237688" lon="123.46921286557192">
        <time>2019-06-02T09:23:54.080000Z</time>
      </trkpt>
      <trkpt lat="41.697650640310435" lon="123.46914446924204">
        <time>2019-06-02T09:23:57.081000Z</time>
      </trkpt>
      <trkpt lat="41.69773789592245" lon="123.46908059913987">
        <ele>73.08599451097689</ele>
        <time>2019-06-02T09:24:01.079000Z</time>
      </trkpt>
      <trkpt lat="41.69780633416185" lon="123.46899166714722">
        <time>2019-06-02T09:24:05.075000Z</time>
      </trkpt>
      <trkpt lat="41.69790314514348" lon="123.46890298661167">
        <ele>72.64736536058626</ele>
        <time>2019-06-02T09:24:09.074000Z</time>
      </trkpt>
      <trkpt lat="41.69799454979756" lon="123.46882386144573">
        <time>2019-06-02T09:24:12.078000Z</time>
      </trkpt>
      <trkpt lat="41.698094001078694" lon="123.46874867577428">
        <time>2019-06-02T09:24:15.072000Z</time>
      </trkpt>
      <trkpt lat="41.69818892613211" lon="123.46868279401535">
        <time>2019-06-02T09:24:18.076000Z</time>
      </trkpt>
      <trkpt lat="41.6982663330079" lon="123.46860450703973">
        <ele>72.5813100627347</ele>
        <time>2019-06-02T09:24:21.083000Z</time>
      </trkpt>
      <trkpt lat="41.698347637468665" lon="123.46854214568013">
        <time>2019-06-02T09:24:24.075000Z</time>
      </trkpt>
      <trkpt lat="41.69841133993277" lon="123.46843041491086">
        <ele>72.00263574632845</ele>
        <time>2019-06-02T09:24:29.075000Z</time>
      </trkpt>
      <trkpt lat="41.69850802518585" lon="123.4683332686531">
        <time>2019-06-02T09:24:33.073000Z</time>
      </trkpt>
      <trkpt lat="41.69858798854211" lon="123.46827199694091">
        <time>2019-06-02T09:24:36.073000Z</time>
      </trkpt>
      <trkpt lat="41.698669963555126" lon="123.46821969386512">
        <ele>72.2457387736722</ele>
        <time>2019-06-02T09:24:39.073000Z</time>
      </trkpt>
      <trkpt lat="41.698746071235924" lon="123.46815054316396">
        <time>2019-06-02T09:24:42.051000Z</time>
      </trkpt>
      <trkpt lat="41.698821340726404" lon="123.46807988372022">
        <time>2019-06-02T09:24:45.074000Z</time>
      </trkpt>
      <trkpt lat="41.698896694035916" lon="123.46800411131555">
        <ele>72.56809595140658</ele>
        <time>2019-06-02T09:24:49.074000Z</time>
      </trkpt>
      <trkpt lat="41.698983404824226" lon="123.46794007357532">
        <time>2019-06-02T09:24:53.072000Z</time>
      </trkpt>
      <trkpt lat="41.69907673731604" lon="123.46787201252157">
        <time>2019-06-02T09:24:56.073000Z</time>
      </trkpt>
      <trkpt lat="41.69918461240986" lon="123.46782406803543">
        <ele>71.72256067308626</ele>
        <time>2019-06-02T09:24:59.082000Z</time>
      </trkpt>
      <trkpt lat="41.69929638508865" lon="123.46777017239803">
        <time>2019-06-02T09:25:03.087000Z</time>
      </trkpt>
      <trkpt lat="41.69938695155242" lon="123.46771552238935">
        <time>2019-06-02T09:25:07.080000Z</time>
      </trkpt>
      <trkpt lat="41.69947001621285" lon="123.46762466255898">
        <ele>71.95507410082064</ele>
        <time>2019-06-02T09:25:12.079000Z</time>
      </trkpt>
      <trkpt lat="41.699542813041894" lon="123.46751871530289">
        <time>2019-06-02T09:25:17.059000Z</time>
      </trkpt>
      <trkpt lat="41.69960081581184" lon="123.46740203921074">
        <ele>72.47033288988314</ele>
        <time>2019-06-02T09:25:21.053000Z</time>
      </trkpt>
      <trkpt lat="41.699682623186796" lon="123.46731545415098">
        <time>2019-06-02T09:25:24.073000Z</time>
      </trkpt>
      <trkpt lat="41.69977130372235" lon="123.46722526487285">
        <time>2019-06-02T09:25:27.070000Z</time>
      </trkpt>
      <trkpt lat="41.69987959791133" lon="123.46713180665249">
        <ele>72.58658960375033</ele>
        <time>2019-06-02T09:25:30.070000Z</time>
      </trkpt>
      <trkpt lat="41.70000168033102" lon="123.46706726599807">
        <time>2019-06-02T09:25:33.070000Z</time>
      </trkpt>
      <trkpt lat="41.700117476323335" lon="123.46701546583647">
        <time>2019-06-02T09:25:36.072000Z</time>
      </trkpt>
      <trkpt lat="41.70022279493669" lon="123.46696911391193">
        <ele>71.8203237346097</ele>
        <time>2019-06-02T09:25:39.074000Z</time>
      </trkpt>
      <trkpt lat="41.700310092458224" lon="123.466887390356">
        <time>2019-06-02T09:25:42.073000Z</time>
      </trkpt>
      <trkpt lat="41.70040099419812" lon="123.46679954801077">
        <time>2019-06-02T09:25:46.074000Z</time>
      </trkpt>
      <trkpt lat="41.70047131836573" lon="123.46669904899174">
        <ele>71.24692895921908</ele>
        <time>2019-06-02T09:25:50.072000Z</time>
      </trkpt>
      <trkpt lat="41.7005600408108" lon="123.46660064544851">
        <time>2019-06-02T09:25:53.071000Z</time>
      </trkpt>
      <trkpt lat="41.700643356928325" lon="123.46652805816704">
        <time>2019-06-02T09:25:56.076000Z</time>
      </trkpt>
      <trkpt lat="41.700748172627485" lon="123.46647374343449">
        <ele>71.29978540453158</ele>
        <time>2019-06-02T09:26:00.074000Z</time>
      </trkpt>
      <trkpt lat="41.70084062501947" lon="123.46643627632731">
        <time>2019-06-02T09:26:03.072000Z</time>
      </trkpt>
      <trkpt lat="41.70092004355202" lon="123.46633653167957">
        <time>2019-06-02T09:26:06.074000Z</time>
      </trkpt>
      <trkpt lat="41.70099841434667" lon="123.46622848894769">
        <ele>71.77804163011751</ele>
        <time>2019-06-02T09:26:09.073000Z</time>
      </trkpt>
      <trkpt lat="41.70107846152196" lon="123.46613511454636">
        <time>2019-06-02T09:26:12.075000Z</time>
      </trkpt>
      <trkpt lat="41.70116425030092" lon="123.4660535586285">
        <time>2019-06-02T09:26:16.080000Z</time>
      </trkpt>
      <trkpt lat="41.70125502631227" lon="123.46597577456707">
        <ele>71.69085290941439</ele>
        <time>2019-06-02T09:26:21.084000Z</time>
      </trkpt>
      <trkpt lat="41.70132874515066" lon="123.46590360638076">
        <time>2019-06-02T09:26:25.075000Z</time>
      </trkpt>
      <trkpt lat="41.701385658273196" lon="123.46579313289696">
        <ele>71.0963247111722</ele>
        <time>2019-06-02T09:26:29.070000Z</time>
      </trkpt>
      <trkpt lat="41.70147785920808" lon="123.46568986784989">
        <time>2019-06-02T09:26:32.074000Z</time>
      </trkpt>
      <trkpt lat="41.701551787594056" lon="123.46560906630332">
        <time>2019-06-02T09:26:35.075000Z</time>
      </trkpt>
      <trkpt lat="41.701622530856824" lon="123.46552365471">
        <ele>71.23900964769564</ele>
        <time>2019-06-02T09:26:39.071000Z</time>
      </trkpt>
      <trkpt lat="41.70170614034096" lon="123.46542944211835">
        <time>2019-06-02T09:26:42.061000Z</time>
      </trkpt>
      <trkpt lat="41.70179616198102" lon="123.46534285705859">
        <time>2019-06-02T09:26:45.072000Z</time>
      </trkpt>
      <trkpt lat="41.70188257940272" lon="123.46526633028263">
        <time>2019-06-02T09:26:48.068000Z</time>
      </trkpt>
      <trkpt lat="41.701978845560646" lon="123.4652350657838">
        <ele>71.4847524455472</ele>
        <time>2019-06-02T09:26:51.070000Z</time>
      </trkpt>
      <trkpt lat="41.7020910373346" lon="123.46520874660784">
        <time>2019-06-02T09:26:55.071000Z</time>
      </trkpt>
      <trkpt lat="41.70217975977967" lon="123.46512258064324">
        <ele>71.31827905687533</ele>
        <time>2019-06-02T09:27:00.071000Z</time>
      </trkpt>
      <trkpt lat="41.70224589299569" lon="123.46500707801754">
        <time>2019-06-02T09:27:04.067000Z</time>
      </trkpt>
      <trkpt lat="41.70232803564677" lon="123.46493071887964">
        <time>2019-06-02T09:27:07.072000Z</time>
      </trkpt>
      <trkpt lat="41.70241336342106" lon="123.46484061342055">
        <ele>71.62478235277376</ele>
        <time>2019-06-02T09:27:11.073000Z</time>
      </trkpt>
      <trkpt lat="41.70248020909885" lon="123.46474363480085">
        <time>2019-06-02T09:27:14.072000Z</time>
      </trkpt>
      <trkpt lat="41.70256905727247" lon="123.46463508915478">
        <time>2019-06-02T09:27:18.074000Z</time>
      </trkpt>
      <trkpt lat="41.70267772864709" lon="123.46457364980454">
        <ele>71.4768178752347</ele>
        <time>2019-06-02T09:27:21.066000Z</time>
      </trkpt>
      <trkpt lat="41.70278183188448" lon="123.46452109527165">
        <time>2019-06-02T09:27:24.072000Z</time>
      </trkpt>
      <trkpt lat="41.70287575110952" lon="123.46445010055179">
        <ele>72.16910913500033</ele>
        <time>2019-06-02T09:27:29.068000Z</time>
      </trkpt>
      <trkpt lat="41.702961246521866" lon="123.46437667508">
        <time>2019-06-02T09:27:33.055000Z</time>
      </trkpt>
      <trkpt lat="41.70305977579365" lon="123.46429470006699">
        <time>2019-06-02T09:27:36.063000Z</time>
      </trkpt>
      <trkpt lat="41.70316052626977" lon="123.46423217106933">
        <ele>72.72135522875033</ele>
        <time>2019-06-02T09:27:40.063000Z</time>
      </trkpt>
      <trkpt lat="41.70325540941367" lon="123.4641575721311">
        <time>2019-06-02T09:27:44.067000Z</time>
      </trkpt>
      <trkpt lat="41.70335599225173" lon="123.46408951107735">
        <time>2019-06-02T09:27:47.070000Z</time>
      </trkpt>
      <trkpt lat="41.70343582987944" lon="123.46400921244496">
        <ele>71.4318960002347</ele>
        <time>2019-06-02T09:27:50.062000Z</time>
      </trkpt>
      <trkpt lat="41.70351227283636" lon="123.46393025491709">
        <time>2019-06-02T09:27:53.079000Z</time>
      </trkpt>
      <trkpt lat="41.70361205939362" lon="123.46384040091509">
        <time>2019-06-02T09:27:56.070000Z</time>
      </trkpt>
      <trkpt lat="41.703728064933514" lon="123.46374141063863">
        <ele>70.24813440355501</ele>
        <time>2019-06-02T09:27:59.071000Z</time>
      </trkpt>
      <trkpt lat="41.70386108573685" lon="123.46364225272411">
        <time>2019-06-02T09:28:02.064000Z</time>
      </trkpt>
      <trkpt lat="41.703954879233336" lon="123.46356379811043">
        <time>2019-06-02T09:28:05.068000Z</time>
      </trkpt>
      <trkpt lat="41.704055755438006" lon="123.4634910431909">
        <ele>70.94570520433626</ele>
        <time>2019-06-02T09:28:09.047000Z</time>
      </trkpt>
      <trkpt lat="41.704157344104445" lon="123.46342767600292">
        <time>2019-06-02T09:28:12.071000Z</time>
      </trkpt>
      <trkpt lat="41.704251305239" lon="123.46336254861528">
        <time>2019-06-02T09:28:15.067000Z</time>
      </trkpt>
      <trkpt lat="41.704361108170545" lon="123.46328526746804">
        <ele>71.47417810472689</ele>
        <time>2019-06-02T09:28:19.049000Z</time>
      </trkpt>
      <trkpt lat="41.70445603322396" lon="123.46322961163098">
        <time>2019-06-02T09:28:22.046000Z</time>
      </trkpt>
      <trkpt lat="41.70455644842396" lon="123.46316540625268">
        <time>2019-06-02T09:28:26.069000Z</time>
      </trkpt>
      <trkpt lat="41.704659378194904" lon="123.46312441874618">
        <ele>68.88998010668001</ele>
        <time>2019-06-02T09:28:30.069000Z</time>
      </trkpt>
      <trkpt lat="41.70474680144498" lon="123.46308552671546">
        <time>2019-06-02T09:28:33.071000Z</time>
      </trkpt>
      <trkpt lat="41.704859077037966" lon="123.46304378483767">
        <time>2019-06-02T09:28:37.067000Z</time>
      </trkpt>
      <trkpt lat="41.70495848640958" lon="123.4630058148163">
        <ele>71.02762964281283</ele>
        <time>2019-06-02T09:28:41.068000Z</time>
      </trkpt>
      <trkpt lat="41.70506443366567" lon="123.46296558168108">
        <time>2019-06-02T09:28:45.069000Z</time>
      </trkpt>
      <trkpt lat="41.70515089299688" lon="123.46291294332916">
        <time>2019-06-02T09:28:48.069000Z</time>
      </trkpt>
      <trkpt lat="41.70523995071808" lon="123.46287136908943">
        <ele>70.77396753343783</ele>
        <time>2019-06-02T09:28:52.072000Z</time>
      </trkpt>
      <trkpt lat="41.70534723907868" lon="123.46283608127708">
        <time>2019-06-02T09:28:56.068000Z</time>
      </trkpt>
      <trkpt lat="41.70543550051907" lon="123.462812109034">
        <ele>70.0816762736722</ele>
        <time>2019-06-02T09:28:59.073000Z</time>
      </trkpt>
      <trkpt lat="41.70552535452107" lon="123.46276466746205">
        <time>2019-06-02T09:29:04.054000Z</time>
      </trkpt>
      <trkpt lat="41.70563444499085" lon="123.4627225064891">
        <time>2019-06-02T09:29:08.067000Z</time>
      </trkpt>
      <trkpt lat="41.70573477637181" lon="123.46268403355354">
        <ele>72.17438867601595</ele>
        <time>2019-06-02T09:29:11.065000Z</time>
      </trkpt>
      <trkpt lat="41.70583665840486" lon="123.46263499941999">
        <time>2019-06-02T09:29:14.069000Z</time>
      </trkpt>
      <trkpt lat="41.705927476325726" lon="123.4626001307028">
        <time>2019-06-02T09:29:17.069000Z</time>
      </trkpt>
      <trkpt lat="41.70603145383457" lon="123.4625726380604">
        <ele>71.84939172777376</ele>
        <time>2019-06-02T09:29:20.068000Z</time>
      </trkpt>
      <trkpt lat="41.70613585043857" lon="123.46254313376123">
        <time>2019-06-02T09:29:23.067000Z</time>
      </trkpt>
      <trkpt lat="41.70623823538581" lon="123.4625047446447">
        <time>2019-06-02T09:29:26.068000Z</time>
      </trkpt>
      <trkpt lat="41.70633533973405" lon="123.46250080515021">
        <ele>71.81768396410189</ele>
        <time>2019-06-02T09:29:29.070000Z</time>
      </trkpt>
      <trkpt lat="41.706448243969774" lon="123.46250566665405">
        <time>2019-06-02T09:29:32.069000Z</time>
      </trkpt>
      <trkpt lat="41.70655595142553" lon="123.4624511004644">
        <time>2019-06-02T09:29:35.068000Z</time>
      </trkpt>
      <trkpt lat="41.70664354231367" lon="123.46235755842501">
        <time>2019-06-02T09:29:38.068000Z</time>
      </trkpt>
      <trkpt lat="41.706741652490294" lon="123.46230081294054">
        <ele>71.19144800218783</ele>
        <time>2019-06-02T09:29:41.076000Z</time>
      </trkpt>
      <trkpt lat="41.70682433996508" lon="123.46223300334388">
        <time>2019-06-02T09:29:44.079000Z</time>
      </trkpt>
      <trkpt lat="41.70685887340615" lon="123.46211934473688">
        <time>2019-06-02T09:29:47.116000Z</time>
      </trkpt>
      <trkpt lat="41.706842822061574" lon="123.46198758121902">
        <ele>69.42373254808626</ele>
        <time>2019-06-02T09:29:50.064000Z</time>
      </trkpt>
      <trkpt lat="41.7068286147357" lon="123.46186235558564">
        <time>2019-06-02T09:29:53.070000Z</time>
      </trkpt>
      <trkpt lat="41.70682576488862" lon="123.4617332742768">
        <time>2019-06-02T09:29:56.075000Z</time>
      </trkpt>
      <trkpt lat="41.706833015234864" lon="123.46156965952689">
        <ele>69.65098169359408</ele>
        <time>2019-06-02T09:30:00.067000Z</time>
      </trkpt>
      <trkpt lat="41.706847976932025" lon="123.46144217077965">
        <time>2019-06-02T09:30:03.077000Z</time>
      </trkpt>
      <trkpt lat="41.706874882841205" lon="123.461308311786">
        <time>2019-06-02T09:30:06.062000Z</time>
      </trkpt>
      <trkpt lat="41.7069105478392" lon="123.46117235731656">
        <ele>69.89934900316439</ele>
        <time>2019-06-02T09:30:09.065000Z</time>
      </trkpt>
      <trkpt lat="41.70693531636307" lon="123.46103112224812">
        <time>2019-06-02T09:30:12.075000Z</time>
      </trkpt>
      <trkpt lat="41.70698108155439" lon="123.46090748917634">
        <time>2019-06-02T09:30:16.068000Z</time>
      </trkpt>
      <trkpt lat="41.707018045747375" lon="123.46079500403577">
        <ele>72.05283716234408</ele>
        <time>2019-06-02T09:30:19.058000Z</time>
      </trkpt>
      <trkpt lat="41.70705534521649" lon="123.46067623246783">
        <time>2019-06-02T09:30:22.060000Z</time>
      </trkpt>
      <trkpt lat="41.707092602776086" lon="123.46054522332126">
        <time>2019-06-02T09:30:25.075000Z</time>
      </trkpt>
      <trkpt lat="41.70712504074136" lon="123.46041429799372">
        <time>2019-06-02T09:30:28.068000Z</time>
      </trkpt>
      <trkpt lat="41.70714817479411" lon="123.46027784061009">
        <ele>73.12826135668001</ele>
        <time>2019-06-02T09:30:31.073000Z</time>
      </trkpt>
      <trkpt lat="41.70716803990463" lon="123.46014088031227">
        <time>2019-06-02T09:30:34.058000Z</time>
      </trkpt>
      <trkpt lat="41.70718501325855" lon="123.46001716342145">
        <time>2019-06-02T09:30:37.066000Z</time>
      </trkpt>
      <trkpt lat="41.70720173515538" lon="123.45986838464016">
        <ele>72.90630701097689</ele>
        <time>2019-06-02T09:30:41.065000Z</time>
      </trkpt>
      <trkpt lat="41.70722004961381" lon="123.45974542212063">
        <ele>76.60819604906283</ele>
        <time>2019-06-02T09:30:51.087000Z</time>
      </trkpt>
      <trkpt lat="41.70722004961381" lon="123.45974542212063">
        <time>2019-06-02T09:31:17.572000Z</time>
      </trkpt>
      <trkpt lat="41.70721996579478" lon="123.45951022591764">
        <time>2019-06-02T09:31:20.048000Z</time>
      </trkpt>
      <trkpt lat="41.707218582780754" lon="123.45937385235304">
        <ele>77.79195764574251</ele>
        <time>2019-06-02T09:31:23.073000Z</time>
      </trkpt>
      <trkpt lat="41.70721996579478" lon="123.45922591176206">
        <time>2019-06-02T09:31:27.077000Z</time>
      </trkpt>
      <trkpt lat="41.70720529746423" lon="123.45908283267492">
        <time>2019-06-02T09:31:30.080000Z</time>
      </trkpt>
      <trkpt lat="41.707193185614145" lon="123.45895031478578">
        <ele>72.71078088793001</ele>
        <time>2019-06-02T09:31:33.068000Z</time>
      </trkpt>
      <trkpt lat="41.70717847537408" lon="123.45880681660348">
        <time>2019-06-02T09:31:37.065000Z</time>
      </trkpt>
      <trkpt lat="41.707164351867235" lon="123.45867211941952">
        <time>2019-06-02T09:31:40.078000Z</time>
      </trkpt>
      <trkpt lat="41.707143397109306" lon="123.4585225024479">
        <ele>71.81768396410189</ele>
        <time>2019-06-02T09:31:43.069000Z</time>
      </trkpt>
      <trkpt lat="41.70713040515939" lon="123.45838688325459">
        <time>2019-06-02T09:31:46.068000Z</time>
      </trkpt>
      <trkpt lat="41.707126717121994" lon="123.458253191899">
        <time>2019-06-02T09:31:49.078000Z</time>
      </trkpt>
      <trkpt lat="41.707108109296954" lon="123.4580982943284">
        <ele>74.91183069261751</ele>
        <time>2019-06-02T09:31:53.063000Z</time>
      </trkpt>
      <trkpt lat="41.70709386006156" lon="123.45795395795578">
        <time>2019-06-02T09:31:56.069000Z</time>
      </trkpt>
      <trkpt lat="41.707069762089944" lon="123.45783426437849">
        <time>2019-06-02T09:31:59.069000Z</time>
      </trkpt>
      <trkpt lat="41.70701448343853" lon="123.45770082448">
        <ele>72.12154748949251</ele>
        <time>2019-06-02T09:32:03.073000Z</time>
      </trkpt>
      <trkpt lat="41.7069478053988" lon="123.45759479340488">
        <time>2019-06-02T09:32:07.062000Z</time>
      </trkpt>
      <trkpt lat="41.706891269461906" lon="123.45749144453877">
        <time>2019-06-02T09:32:10.086000Z</time>
      </trkpt>
      <trkpt lat="41.70684935994605" lon="123.45737040985698">
        <ele>71.29978540453158</ele>
        <time>2019-06-02T09:32:13.069000Z</time>
      </trkpt>
      <trkpt lat="41.70680070299814" lon="123.45722154725665">
        <time>2019-06-02T09:32:17.066000Z</time>
      </trkpt>
      <trkpt lat="41.706749321931696" lon="123.45710386533612">
        <time>2019-06-02T09:32:20.071000Z</time>
      </trkpt>
      <trkpt lat="41.70669060669998" lon="123.45698283065433">
        <ele>75.96612146410189</ele>
        <time>2019-06-02T09:32:23.066000Z</time>
      </trkpt>
      <trkpt lat="41.70664509296576" lon="123.45687688339824">
        <time>2019-06-02T09:32:26.076000Z</time>
      </trkpt>
      <trkpt lat="41.70660347681651" lon="123.45676171604866">
        <time>2019-06-02T09:32:29.067000Z</time>
      </trkpt>
      <trkpt lat="41.70655125755975" lon="123.45664378267104">
        <ele>70.38290002855501</ele>
        <time>2019-06-02T09:32:32.078000Z</time>
      </trkpt>
      <trkpt lat="41.70650440272102" lon="123.45653791923398">
        <time>2019-06-02T09:32:35.064000Z</time>
      </trkpt>
      <trkpt lat="41.706472006665265" lon="123.45642174605602">
        <time>2019-06-02T09:32:38.075000Z</time>
      </trkpt>
      <trkpt lat="41.70643583875308" lon="123.45627372164601">
        <ele>69.23612573656283</ele>
        <time>2019-06-02T09:32:42.067000Z</time>
      </trkpt>
      <trkpt lat="41.706380141006505" lon="123.4561767430263">
        <time>2019-06-02T09:32:45.070000Z</time>
      </trkpt>
      <trkpt lat="41.706288694442904" lon="123.4560598992961">
        <time>2019-06-02T09:32:48.094000Z</time>
      </trkpt>
      <trkpt lat="41.70623215850601" lon="123.45595370058291">
        <time>2019-06-02T09:32:51.072000Z</time>
      </trkpt>
      <trkpt lat="41.70622415378848" lon="123.45581590209477">
        <ele>69.39202478441439</ele>
        <time>2019-06-02T09:32:55.076000Z</time>
      </trkpt>
      <trkpt lat="41.706216735804176" lon="123.45566687185638">
        <time>2019-06-02T09:32:59.063000Z</time>
      </trkpt>
      <trkpt lat="41.706190039442575" lon="123.45553410251014">
        <ele>69.21499231371126</ele>
        <time>2019-06-02T09:33:02.076000Z</time>
      </trkpt>
      <trkpt lat="41.706155338363445" lon="123.45538725156658">
        <time>2019-06-02T09:33:06.063000Z</time>
      </trkpt>
      <trkpt lat="41.70613605998615" lon="123.45525322493486">
        <time>2019-06-02T09:33:09.070000Z</time>
      </trkpt>
      <trkpt lat="41.70611351266662" lon="123.45511048112385">
        <ele>68.11843469652376</ele>
        <time>2019-06-02T09:33:12.074000Z</time>
      </trkpt>
      <trkpt lat="41.70609712604592" lon="123.45497922052019">
        <time>2019-06-02T09:33:15.070000Z</time>
      </trkpt>
      <trkpt lat="41.70609197117547" lon="123.45485516835325">
        <time>2019-06-02T09:33:18.067000Z</time>
      </trkpt>
      <trkpt lat="41.706092599818206" lon="123.4546901286798">
        <ele>68.53855493578158</ele>
        <time>2019-06-02T09:33:22.069000Z</time>
      </trkpt>
      <trkpt lat="41.706079440230226" lon="123.4545540065723">
        <time>2019-06-02T09:33:25.077000Z</time>
      </trkpt>
      <trkpt lat="41.70606313742856" lon="123.45443054113858">
        <time>2019-06-02T09:33:28.065000Z</time>
      </trkpt>
      <trkpt lat="41.70604775663624" lon="123.4542876296895">
        <time>2019-06-02T09:33:31.060000Z</time>
      </trkpt>
      <trkpt lat="41.70602315575043" lon="123.45413843181305">
        <ele>67.38386133226595</ele>
        <time>2019-06-02T09:33:34.090000Z</time>
      </trkpt>
      <trkpt lat="41.70600593093941" lon="123.4540111945229">
        <time>2019-06-02T09:33:37.084000Z</time>
      </trkpt>
      <trkpt lat="41.705987574571466" lon="123.45388714235597">
        <time>2019-06-02T09:33:40.081000Z</time>
      </trkpt>
      <trkpt lat="41.70596951157013" lon="123.45375336718135">
        <ele>66.76292017015658</ele>
        <time>2019-06-02T09:33:43.064000Z</time>
      </trkpt>
      <trkpt lat="41.70594759289334" lon="123.4535936081069">
        <time>2019-06-02T09:33:47.088000Z</time>
      </trkpt>
      <trkpt lat="41.70592550657848" lon="123.45346813101642">
        <time>2019-06-02T09:33:50.077000Z</time>
      </trkpt>
      <trkpt lat="41.70588778801421" lon="123.45331960369222">
        <ele>67.71679285082064</ele>
        <time>2019-06-02T09:33:54.059000Z</time>
      </trkpt>
      <trkpt lat="41.70584457930336" lon="123.45320158649557">
        <time>2019-06-02T09:33:57.084000Z</time>
      </trkpt>
      <trkpt lat="41.70580007139752" lon="123.4530719184535">
        <time>2019-06-02T09:34:00.087000Z</time>
      </trkpt>
      <trkpt lat="41.70577509332607" lon="123.4529373889076">
        <ele>67.9176137736722</ele>
        <time>2019-06-02T09:34:04.065000Z</time>
      </trkpt>
      <trkpt lat="41.70573481828133" lon="123.45279607002013">
        <time>2019-06-02T09:34:08.085000Z</time>
      </trkpt>
      <trkpt lat="41.70568402394811" lon="123.4526596126365">
        <ele>66.65986230882845</ele>
        <time>2019-06-02T09:34:12.087000Z</time>
      </trkpt>
      <trkpt lat="41.70563381634811" lon="123.45255953271263">
        <time>2019-06-02T09:34:15.086000Z</time>
      </trkpt>
      <trkpt lat="41.70557585548768" lon="123.45245316636138">
        <time>2019-06-02T09:34:18.059000Z</time>
      </trkpt>
      <trkpt lat="41.70551688879887" lon="123.45234939840012">
        <time>2019-06-02T09:34:21.066000Z</time>
      </trkpt>
      <trkpt lat="41.70545385688702" lon="123.45225434761815">
        <ele>67.15134790453158</ele>
        <time>2019-06-02T09:34:24.090000Z</time>
      </trkpt>
      <trkpt lat="41.70538919050405" lon="123.45215921301715">
        <time>2019-06-02T09:34:27.086000Z</time>
      </trkpt>
      <trkpt lat="41.70532645195881" lon="123.45205267902784">
        <time>2019-06-02T09:34:30.084000Z</time>
      </trkpt>
      <trkpt lat="41.70526962265531" lon="123.45195720915072">
        <ele>66.96638086351595</ele>
        <time>2019-06-02T09:34:33.078000Z</time>
      </trkpt>
      <trkpt lat="41.70520022049705" lon="123.451873390119">
        <time>2019-06-02T09:34:36.089000Z</time>
      </trkpt>
      <trkpt lat="41.70510642700056" lon="123.45177196909063">
        <time>2019-06-02T09:34:40.082000Z</time>
      </trkpt>
      <trkpt lat="41.70501627963195" lon="123.45166970987194">
        <ele>63.17464807543002</ele>
        <time>2019-06-02T09:34:44.086000Z</time>
      </trkpt>
      <trkpt lat="41.704947925211584" lon="123.45157449145191">
        <time>2019-06-02T09:34:48.089000Z</time>
      </trkpt>
      <trkpt lat="41.70485941231409" lon="123.45146703545325">
        <ele>63.55778101000033</ele>
        <time>2019-06-02T09:34:52.092000Z</time>
      </trkpt>
      <trkpt lat="41.7047701031358" lon="123.45136293221586">
        <time>2019-06-02T09:34:56.086000Z</time>
      </trkpt>
      <trkpt lat="41.70470380228171" lon="123.45127861026995">
        <time>2019-06-02T09:34:59.079000Z</time>
      </trkpt>
      <trkpt lat="41.70463301710943" lon="123.45119437214308">
        <ele>66.30051782640658</ele>
        <time>2019-06-02T09:35:02.073000Z</time>
      </trkpt>
      <trkpt lat="41.70455255083898" lon="123.45107987534575">
        <time>2019-06-02T09:35:06.084000Z</time>
      </trkpt>
      <trkpt lat="41.704483735413945" lon="123.45099630777113">
        <time>2019-06-02T09:35:09.086000Z</time>
      </trkpt>
      <trkpt lat="41.7044194043071" lon="123.45090863306396">
        <ele>66.35599878343783</ele>
        <time>2019-06-02T09:35:12.088000Z</time>
      </trkpt>
      <trkpt lat="41.70435549229542" lon="123.45081106771104">
        <time>2019-06-02T09:35:15.084000Z</time>
      </trkpt>
      <trkpt lat="41.70427255336354" lon="123.45070553955011">
        <time>2019-06-02T09:35:19.086000Z</time>
      </trkpt>
      <trkpt lat="41.70418508820394" lon="123.45059112657182">
        <ele>65.77468469652376</ele>
        <time>2019-06-02T09:35:23.084000Z</time>
      </trkpt>
      <trkpt lat="41.70411400966505" lon="123.45051485125296">
        <time>2019-06-02T09:35:26.082000Z</time>
      </trkpt>
      <trkpt lat="41.70404506851146" lon="123.4504372348296">
        <time>2019-06-02T09:35:29.074000Z</time>
      </trkpt>
      <trkpt lat="41.70396690726439" lon="123.45036070805364">
        <ele>65.21187952074251</ele>
        <time>2019-06-02T09:35:32.085000Z</time>
      </trkpt>
      <trkpt lat="41.70389633163968" lon="123.450269177671">
        <time>2019-06-02T09:35:35.092000Z</time>
      </trkpt>
      <trkpt lat="41.70382248707274" lon="123.4501830117064">
        <time>2019-06-02T09:35:38.077000Z</time>
      </trkpt>
      <trkpt lat="41.703730789052045" lon="123.45008276414447">
        <ele>65.95437219652376</ele>
        <time>2019-06-02T09:35:42.079000Z</time>
      </trkpt>
      <trkpt lat="41.7036606325225" lon="123.45000020239823">
        <time>2019-06-02T09:35:45.084000Z</time>
      </trkpt>
      <trkpt lat="41.70358695559362" lon="123.44992275361292">
        <time>2019-06-02T09:35:48.090000Z</time>
      </trkpt>
      <trkpt lat="41.70349814932952" lon="123.44982191931777">
        <ele>66.35863855394564</ele>
        <time>2019-06-02T09:35:52.076000Z</time>
      </trkpt>
      <trkpt lat="41.70342652596692" lon="123.44971924100392">
        <time>2019-06-02T09:35:56.086000Z</time>
      </trkpt>
      <trkpt lat="41.703346730248725" lon="123.44960985716753">
        <time>2019-06-02T09:36:00.091000Z</time>
      </trkpt>
      <trkpt lat="41.703270748296475" lon="123.44950734649174">
        <ele>64.74418237718783</ele>
        <time>2019-06-02T09:36:04.074000Z</time>
      </trkpt>
      <trkpt lat="41.70320067558596" lon="123.44942109670811">
        <time>2019-06-02T09:36:07.079000Z</time>
      </trkpt>
      <trkpt lat="41.70313370417962" lon="123.44933845114284">
        <time>2019-06-02T09:36:10.073000Z</time>
      </trkpt>
      <trkpt lat="41.70304297007779" lon="123.44923652720027">
        <ele>65.21715906175814</ele>
        <time>2019-06-02T09:36:14.077000Z</time>
      </trkpt>
      <trkpt lat="41.7029809020848" lon="123.44914717611246">
        <time>2019-06-02T09:36:17.072000Z</time>
      </trkpt>
      <trkpt lat="41.70288924597362" lon="123.44905070040696">
        <time>2019-06-02T09:36:21.088000Z</time>
      </trkpt>
      <trkpt lat="41.70280689377496" lon="123.44894710008376">
        <ele>66.02570703539095</ele>
        <time>2019-06-02T09:36:25.083000Z</time>
      </trkpt>
      <trkpt lat="41.70272605031887" lon="123.44883821916156">
        <time>2019-06-02T09:36:29.073000Z</time>
      </trkpt>
      <trkpt lat="41.70264847580502" lon="123.44872087251716">
        <ele>65.66900232347689</ele>
        <time>2019-06-02T09:36:33.079000Z</time>
      </trkpt>
      <trkpt lat="41.70258183967481" lon="123.44863554474287">
        <time>2019-06-02T09:36:36.080000Z</time>
      </trkpt>
      <trkpt lat="41.70250736646513" lon="123.44855256390147">
        <time>2019-06-02T09:36:39.086000Z</time>
      </trkpt>
      <trkpt lat="41.70243612028817" lon="123.44846882868879">
        <ele>65.7086293986722</ele>
        <time>2019-06-02T09:36:42.083000Z</time>
      </trkpt>
      <trkpt lat="41.70234689492891" lon="123.44836958695524">
        <time>2019-06-02T09:36:46.067000Z</time>
      </trkpt>
      <trkpt lat="41.70226005841205" lon="123.44827336270683">
        <time>2019-06-02T09:36:50.079000Z</time>
      </trkpt>
      <trkpt lat="41.70217996932725" lon="123.44816364359431">
        <ele>65.06126001390658</ele>
        <time>2019-06-02T09:36:54.082000Z</time>
      </trkpt>
      <trkpt lat="41.702093174719906" lon="123.44805987563305">
        <time>2019-06-02T09:36:58.091000Z</time>
      </trkpt>
      <trkpt lat="41.702001099513566" lon="123.44796021480434">
        <ele>65.34928491625033</ele>
        <time>2019-06-02T09:37:02.097000Z</time>
      </trkpt>
      <trkpt lat="41.70192859605113" lon="123.4478826822">
        <time>2019-06-02T09:37:05.081000Z</time>
      </trkpt>
      <trkpt lat="41.70186489358703" lon="123.44779584568315">
        <time>2019-06-02T09:37:08.063000Z</time>
      </trkpt>
      <trkpt lat="41.70179892800907" lon="123.44771244574659">
        <time>2019-06-02T09:37:11.082000Z</time>
      </trkpt>
      <trkpt lat="41.70171665962944" lon="123.4476115276324">
        <ele>65.44704797777376</ele>
        <time>2019-06-02T09:37:15.089000Z</time>
      </trkpt>
      <trkpt lat="41.70164675455699" lon="123.44752980407648">
        <time>2019-06-02T09:37:18.065000Z</time>
      </trkpt>
      <trkpt lat="41.701576388479864" lon="123.44745386403375">
        <time>2019-06-02T09:37:21.060000Z</time>
      </trkpt>
      <trkpt lat="41.70150715395967" lon="123.44737716961973">
        <ele>65.0744741252347</ele>
        <time>2019-06-02T09:37:24.082000Z</time>
      </trkpt>
      <trkpt lat="41.70143896717737" lon="123.44729687098734">
        <time>2019-06-02T09:37:27.085000Z</time>
      </trkpt>
      <trkpt lat="41.70135372322211" lon="123.44718690041773">
        <time>2019-06-02T09:37:31.081000Z</time>
      </trkpt>
      <trkpt lat="41.70127552006552" lon="123.44707483437233">
        <ele>64.59621789964876</ele>
        <time>2019-06-02T09:37:35.089000Z</time>
      </trkpt>
      <trkpt lat="41.70118721671561" lon="123.44696989294462">
        <time>2019-06-02T09:37:39.088000Z</time>
      </trkpt>
      <trkpt lat="41.70112590309391" lon="123.44687853020005">
        <ele>64.50901392015658</ele>
        <time>2019-06-02T09:37:42.079000Z</time>
      </trkpt>
      <trkpt lat="41.70104053341011" lon="123.44677023601108">
        <time>2019-06-02T09:37:46.079000Z</time>
      </trkpt>
      <trkpt lat="41.70097968079308" lon="123.44667811889522">
        <time>2019-06-02T09:37:49.080000Z</time>
      </trkpt>
      <trkpt lat="41.70089351482848" lon="123.44657837424748">
        <ele>64.63584497484408</ele>
        <time>2019-06-02T09:37:53.078000Z</time>
      </trkpt>
      <trkpt lat="41.700803702735996" lon="123.44648315582745">
        <time>2019-06-02T09:37:57.081000Z</time>
      </trkpt>
      <trkpt lat="41.70072696641246" lon="123.44638005841844">
        <time>2019-06-02T09:38:01.080000Z</time>
      </trkpt>
      <trkpt lat="41.700656390787756" lon="123.44629900541477">
        <ele>64.1945913127347</ele>
        <time>2019-06-02T09:38:04.087000Z</time>
      </trkpt>
      <trkpt lat="41.70058279767791" lon="123.44622147281044">
        <time>2019-06-02T09:38:07.082000Z</time>
      </trkpt>
      <trkpt lat="41.70050597753534" lon="123.44610764656537">
        <time>2019-06-02T09:38:11.084000Z</time>
      </trkpt>
      <trkpt lat="41.700432007239854" lon="123.44601678673499">
        <ele>63.631770878164396</ele>
        <time>2019-06-02T09:38:14.079000Z</time>
      </trkpt>
      <trkpt lat="41.70035770166824" lon="123.44594034377806">
        <time>2019-06-02T09:38:17.091000Z</time>
      </trkpt>
      <trkpt lat="41.700287712776756" lon="123.44585509982281">
        <time>2019-06-02T09:38:20.080000Z</time>
      </trkpt>
      <trkpt lat="41.700218813532686" lon="123.44576960441046">
        <ele>63.57627466234408</ele>
        <time>2019-06-02T09:38:23.083000Z</time>
      </trkpt>
      <trkpt lat="41.70015033338377" lon="123.44568310316973">
        <time>2019-06-02T09:38:26.080000Z</time>
      </trkpt>
      <trkpt lat="41.7000822304205" lon="123.44560070906155">
        <time>2019-06-02T09:38:29.079000Z</time>
      </trkpt>
      <trkpt lat="41.699993424156396" lon="123.44549409125321">
        <ele>64.32406213793001</ele>
        <time>2019-06-02T09:38:33.080000Z</time>
      </trkpt>
      <trkpt lat="41.69990323487827" lon="123.44539241876774">
        <time>2019-06-02T09:38:37.078000Z</time>
      </trkpt>
      <trkpt lat="41.69983496427694" lon="123.44530910265021">
        <time>2019-06-02T09:38:40.076000Z</time>
      </trkpt>
      <trkpt lat="41.69976728040883" lon="123.44522796582751">
        <ele>63.48115137132846</ele>
        <time>2019-06-02T09:38:43.077000Z</time>
      </trkpt>
      <trkpt lat="41.69967964761117" lon="123.44512252148562">
        <time>2019-06-02T09:38:47.087000Z</time>
      </trkpt>
      <trkpt lat="41.69959473893204" lon="123.44500995252602">
        <time>2019-06-02T09:38:51.083000Z</time>
      </trkpt>
      <trkpt lat="41.69950249608764" lon="123.4449195117908">
        <ele>63.76917627367221</ele>
        <time>2019-06-02T09:38:55.091000Z</time>
      </trkpt>
      <trkpt lat="41.699418174141734" lon="123.44480551790767">
        <time>2019-06-02T09:38:59.088000Z</time>
      </trkpt>
      <trkpt lat="41.699353507758765" lon="123.44472094450467">
        <ele>62.82058313402377</ele>
        <time>2019-06-02T09:39:02.092000Z</time>
      </trkpt>
      <trkpt lat="41.699269437269955" lon="123.44461860146694">
        <time>2019-06-02T09:39:06.085000Z</time>
      </trkpt>
      <trkpt lat="41.69918700125226" lon="123.44450821180217">
        <time>2019-06-02T09:39:10.086000Z</time>
      </trkpt>
      <trkpt lat="41.699118185827224" lon="123.4444242251324">
        <ele>62.725459843008146</ele>
        <time>2019-06-02T09:39:13.086000Z</time>
      </trkpt>
      <trkpt lat="41.69903084639618" lon="123.44432121154242">
        <time>2019-06-02T09:39:17.080000Z</time>
      </trkpt>
      <trkpt lat="41.69896383308032" lon="123.4442392365294">
        <time>2019-06-02T09:39:20.085000Z</time>
      </trkpt>
      <trkpt lat="41.698902477549105" lon="123.44415114272707">
        <ele>63.415096073476896</ele>
        <time>2019-06-02T09:39:23.089000Z</time>
      </trkpt>
      <trkpt lat="41.69883248865762" lon="123.44406631786697">
        <time>2019-06-02T09:39:26.083000Z</time>
      </trkpt>
      <trkpt lat="41.69876141011873" lon="123.44398224737816">
        <time>2019-06-02T09:39:29.087000Z</time>
      </trkpt>
      <trkpt lat="41.69868790082791" lon="123.4438935668426">
        <ele>63.35432031664096</ele>
        <time>2019-06-02T09:39:32.081000Z</time>
      </trkpt>
      <trkpt lat="41.69862210288802" lon="123.44380463484995">
        <time>2019-06-02T09:39:35.085000Z</time>
      </trkpt>
      <trkpt lat="41.6985522816346" lon="123.44371285301023">
        <time>2019-06-02T09:39:38.086000Z</time>
      </trkpt>
      <trkpt lat="41.698479861991196" lon="123.44362962071173">
        <time>2019-06-02T09:39:41.081000Z</time>
      </trkpt>
      <trkpt lat="41.698392648288696" lon="123.4435275291311">
        <ele>62.95533350023471</ele>
        <time>2019-06-02T09:39:45.082000Z</time>
      </trkpt>
      <trkpt lat="41.698322533668666" lon="123.44344429683261">
        <time>2019-06-02T09:39:48.078000Z</time>
      </trkpt>
      <trkpt lat="41.69824839573511" lon="123.44336324382894">
        <time>2019-06-02T09:39:51.085000Z</time>
      </trkpt>
      <trkpt lat="41.69818075377652" lon="123.44328302901559">
        <ele>62.72016504320346</ele>
        <time>2019-06-02T09:39:54.080000Z</time>
      </trkpt>
      <trkpt lat="41.69810422700056" lon="123.44318160798721">
        <time>2019-06-02T09:39:58.084000Z</time>
      </trkpt>
      <trkpt lat="41.69803700413713" lon="123.44309644785099">
        <time>2019-06-02T09:40:01.074000Z</time>
      </trkpt>
      <trkpt lat="41.697964374946146" lon="123.443014556657">
        <ele>62.04108789476596</ele>
        <time>2019-06-02T09:40:04.084000Z</time>
      </trkpt>
      <trkpt lat="41.69788328003296" lon="123.44291162688606">
        <time>2019-06-02T09:40:08.082000Z</time>
      </trkpt>
      <trkpt lat="41.69780440632412" lon="123.44280408706837">
        <ele>61.44393518480502</ele>
        <time>2019-06-02T09:40:12.086000Z</time>
      </trkpt>
      <trkpt lat="41.69773768637487" lon="123.44272244733148">
        <time>2019-06-02T09:40:15.092000Z</time>
      </trkpt>
      <trkpt lat="41.69764774855384" lon="123.44262211595051">
        <time>2019-06-02T09:40:19.060000Z</time>
      </trkpt>
      <trkpt lat="41.69757541272947" lon="123.44254399661295">
        <ele>60.82033899339877</ele>
        <time>2019-06-02T09:40:22.062000Z</time>
      </trkpt>
      <trkpt lat="41.6975075612233" lon="123.44246453617089">
        <time>2019-06-02T09:40:25.083000Z</time>
      </trkpt>
      <trkpt lat="41.69744038026938" lon="123.44237962749176">
        <time>2019-06-02T09:40:28.080000Z</time>
      </trkpt>
      <trkpt lat="41.69735387902865" lon="123.44228105631046">
        <ele>62.79679468187533</ele>
        <time>2019-06-02T09:40:32.088000Z</time>
      </trkpt>
      <trkpt lat="41.697289045007615" lon="123.44219480652683">
        <time>2019-06-02T09:40:35.089000Z</time>
      </trkpt>
      <trkpt lat="41.69722412716755" lon="123.44211140659027">
        <time>2019-06-02T09:40:38.088000Z</time>
      </trkpt>
      <trkpt lat="41.69714282270679" lon="123.44199632305973">
        <ele>63.16672876390658</ele>
        <time>2019-06-02T09:40:42.080000Z</time>
      </trkpt>
      <trkpt lat="41.697062104979246" lon="123.44188517902367">
        <time>2019-06-02T09:40:46.079000Z</time>
      </trkpt>
      <trkpt lat="41.69697505891481" lon="123.44178157870047">
        <time>2019-06-02T09:40:50.077000Z</time>
      </trkpt>
      <trkpt lat="41.69688679747441" lon="123.44167739164405">
        <ele>63.11916711839877</ele>
        <time>2019-06-02T09:40:54.083000Z</time>
      </trkpt>
      <trkpt lat="41.69681022878894" lon="123.44160949822836">
        <time>2019-06-02T09:40:57.079000Z</time>
      </trkpt>
      <trkpt lat="41.696723769457726" lon="123.44151293870382">
        <time>2019-06-02T09:41:01.078000Z</time>
      </trkpt>
      <trkpt lat="41.69665399011382" lon="123.44143448409014">
        <ele>62.72282007250033</ele>
        <time>2019-06-02T09:41:04.086000Z</time>
      </trkpt>
      <trkpt lat="41.696587605440705" lon="123.44134798284941">
        <time>2019-06-02T09:41:07.089000Z</time>
      </trkpt>
      <trkpt lat="41.69652226850548" lon="123.44125963758998">
        <time>2019-06-02T09:41:10.080000Z</time>
      </trkpt>
      <trkpt lat="41.69645898513654" lon="123.44117204670184">
        <ele>61.87726953539096</ele>
        <time>2019-06-02T09:41:13.084000Z</time>
      </trkpt>
      <trkpt lat="41.6963856853933" lon="123.44109560374491">
        <time>2019-06-02T09:41:16.086000Z</time>
      </trkpt>
      <trkpt lat="41.69629910033354" lon="123.44098965648881">
        <time>2019-06-02T09:41:20.084000Z</time>
      </trkpt>
      <trkpt lat="41.696227309332876" lon="123.44090181414357">
        <ele>63.57099512132846</ele>
        <time>2019-06-02T09:41:23.083000Z</time>
      </trkpt>
      <trkpt lat="41.696165408977954" lon="123.44079896819166">
        <time>2019-06-02T09:41:26.090000Z</time>
      </trkpt>
      <trkpt lat="41.69610199988046" lon="123.4406931047546">
        <time>2019-06-02T09:41:29.080000Z</time>
      </trkpt>
      <trkpt lat="41.69604169208714" lon="123.44058271508983">
        <ele>62.852290897695646</ele>
        <time>2019-06-02T09:41:32.080000Z</time>
      </trkpt>
      <trkpt lat="41.695991274939566" lon="123.44047810893825">
        <time>2019-06-02T09:41:35.133000Z</time>
      </trkpt>
      <trkpt lat="41.695929374584644" lon="123.44034274120203">
        <time>2019-06-02T09:41:39.090000Z</time>
      </trkpt>
      <trkpt lat="41.695882729293494" lon="123.44023201626113">
        <ele>63.34376123460971</ele>
        <time>2019-06-02T09:41:42.081000Z</time>
      </trkpt>
      <trkpt lat="41.69583989776829" lon="123.44011835765413">
        <time>2019-06-02T09:41:45.085000Z</time>
      </trkpt>
      <trkpt lat="41.69579178564408" lon="123.4399869294124">
        <time>2019-06-02T09:41:49.102000Z</time>
      </trkpt>
      <trkpt lat="41.69573789000669" lon="123.43983898882142">
        <ele>63.48908594164096</ele>
        <time>2019-06-02T09:41:53.082000Z</time>
      </trkpt>
      <trkpt lat="41.69569740541437" lon="123.43970722530356">
        <time>2019-06-02T09:41:56.081000Z</time>
      </trkpt>
      <trkpt lat="41.69566396162072" lon="123.4395913035827">
        <time>2019-06-02T09:41:59.081000Z</time>
      </trkpt>
      <trkpt lat="41.69562439903775" lon="123.4394755494999">
        <ele>63.11387231859408</ele>
        <time>2019-06-02T09:42:02.086000Z</time>
      </trkpt>
      <trkpt lat="41.695586973840086" lon="123.43936448928288">
        <time>2019-06-02T09:42:05.063000Z</time>
      </trkpt>
      <trkpt lat="41.69554665688583" lon="123.43925284233264">
        <time>2019-06-02T09:42:08.083000Z</time>
      </trkpt>
      <trkpt lat="41.69548689391622" lon="123.43911512766353">
        <ele>62.41366174730502</ele>
        <time>2019-06-02T09:42:12.082000Z</time>
      </trkpt>
      <trkpt lat="41.695430274160294" lon="123.43901605356804">
        <time>2019-06-02T09:42:15.086000Z</time>
      </trkpt>
      <trkpt lat="41.695364601948945" lon="123.43888814572564">
        <time>2019-06-02T09:42:19.078000Z</time>
      </trkpt>
      <trkpt lat="41.69531527444878" lon="123.4387746547567">
        <ele>63.48380640062533</ele>
        <time>2019-06-02T09:42:22.082000Z</time>
      </trkpt>
      <trkpt lat="41.69527390975663" lon="123.43866175052098">
        <time>2019-06-02T09:42:25.078000Z</time>
      </trkpt>
      <trkpt lat="41.69521724809119" lon="123.43851791706255">
        <time>2019-06-02T09:42:29.077000Z</time>
      </trkpt>
      <trkpt lat="41.69516339436331" lon="123.43841758568159">
        <ele>63.243343143789396</ele>
        <time>2019-06-02T09:42:32.085000Z</time>
      </trkpt>
      <trkpt lat="41.695100236722915" lon="123.43830040667525">
        <time>2019-06-02T09:42:35.091000Z</time>
      </trkpt>
      <trkpt lat="41.69505153786549" lon="123.43818917882017">
        <time>2019-06-02T09:42:38.081000Z</time>
      </trkpt>
      <trkpt lat="41.695004641117244" lon="123.43807769950799">
        <time>2019-06-02T09:42:41.085000Z</time>
      </trkpt>
      <trkpt lat="41.694945548699884" lon="123.43793981720081">
        <ele>62.78623559984408</ele>
        <time>2019-06-02T09:42:45.084000Z</time>
      </trkpt>
      <trkpt lat="41.694883815983026" lon="123.4378248174893">
        <time>2019-06-02T09:42:48.085000Z</time>
      </trkpt>
      <trkpt lat="41.6948256036655" lon="123.43769137759081">
        <ele>62.73337915453158</ele>
        <time>2019-06-02T09:42:52.088000Z</time>
      </trkpt>
      <trkpt lat="41.69478541243979" lon="123.43758182611636">
        <time>2019-06-02T09:42:55.085000Z</time>
      </trkpt>
      <trkpt lat="41.69473554011592" lon="123.43747747142187">
        <time>2019-06-02T09:42:58.095000Z</time>
      </trkpt>
      <trkpt lat="41.69469258286217" lon="123.43735937040618">
        <time>2019-06-02T09:43:01.085000Z</time>
      </trkpt>
      <trkpt lat="41.694647278675525" lon="123.43724780727497">
        <ele>63.676692753164396</ele>
        <time>2019-06-02T09:43:04.070000Z</time>
      </trkpt>
      <trkpt lat="41.694607716092555" lon="123.43713523831538">
        <time>2019-06-02T09:43:07.086000Z</time>
      </trkpt>
      <trkpt lat="41.69455989733496" lon="123.43698293913475">
        <time>2019-06-02T09:43:11.086000Z</time>
      </trkpt>
      <trkpt lat="41.69451714962879" lon="123.43685687531105">
        <ele>63.41245630296908</ele>
        <time>2019-06-02T09:43:14.080000Z</time>
      </trkpt>
      <trkpt lat="41.694487938696234" lon="123.43670574959687">
        <time>2019-06-02T09:43:18.064000Z</time>
      </trkpt>
      <trkpt lat="41.694457889573364" lon="123.43658882204763">
        <time>2019-06-02T09:43:21.059000Z</time>
      </trkpt>
      <trkpt lat="41.69442364949891" lon="123.43645320285431">
        <ele>64.10210779222689</ele>
        <time>2019-06-02T09:43:25.078000Z</time>
      </trkpt>
      <trkpt lat="41.694378973955004" lon="123.43632588174513">
        <time>2019-06-02T09:43:28.090000Z</time>
      </trkpt>
      <trkpt lat="41.69434519488522" lon="123.43619621370307">
        <time>2019-06-02T09:43:31.074000Z</time>
      </trkpt>
      <trkpt lat="41.69430982325384" lon="123.43607568193546">
        <ele>64.65435388597689</ele>
        <time>2019-06-02T09:43:34.217000Z</time>
      </trkpt>
      <trkpt lat="41.69426389042446" lon="123.43595808383397">
        <time>2019-06-02T09:43:37.082000Z</time>
      </trkpt>
      <trkpt lat="41.69423015326419" lon="123.43583327729574">
        <time>2019-06-02T09:43:40.076000Z</time>
      </trkpt>
      <trkpt lat="41.69421045579174" lon="123.43570654291979">
        <ele>64.2765004924222</ele>
        <time>2019-06-02T09:43:43.080000Z</time>
      </trkpt>
      <trkpt lat="41.69419176414767" lon="123.43558617879025">
        <time>2019-06-02T09:43:46.091000Z</time>
      </trkpt>
      <trkpt lat="41.694176509083896" lon="123.43546019878558">
        <time>2019-06-02T09:43:49.072000Z</time>
      </trkpt>
      <trkpt lat="41.69414893262246" lon="123.43532022100261">
        <ele>63.91714075121127</ele>
        <time>2019-06-02T09:43:52.086000Z</time>
      </trkpt>
      <trkpt lat="41.69411817103782" lon="123.43518711638025">
        <time>2019-06-02T09:43:55.081000Z</time>
      </trkpt>
      <trkpt lat="41.694108531849174" lon="123.4350617231088">
        <time>2019-06-02T09:43:58.084000Z</time>
      </trkpt>
      <trkpt lat="41.69410308361211" lon="123.43494018551281">
        <time>2019-06-02T09:44:01.081000Z</time>
      </trkpt>
      <trkpt lat="41.694092145228474" lon="123.4347992857205">
        <ele>64.04925134691439</ele>
        <time>2019-06-02T09:44:05.102000Z</time>
      </trkpt>
      <trkpt lat="41.694078482726304" lon="123.43467213224939">
        <time>2019-06-02T09:44:08.080000Z</time>
      </trkpt>
      <trkpt lat="41.69404818214634" lon="123.43452041980198">
        <time>2019-06-02T09:44:11.077000Z</time>
      </trkpt>
      <trkpt lat="41.69402387462714" lon="123.43439108703605">
        <ele>63.206355839101896</ele>
        <time>2019-06-02T09:44:14.073000Z</time>
      </trkpt>
      <trkpt lat="41.69400535062113" lon="123.43424624774924">
        <time>2019-06-02T09:44:18.087000Z</time>
      </trkpt>
      <trkpt lat="41.6939975973607" lon="123.43408497993222">
        <ele>63.31205347093783</ele>
        <time>2019-06-02T09:44:22.081000Z</time>
      </trkpt>
      <trkpt lat="41.693997220175056" lon="123.43396411288849">
        <time>2019-06-02T09:44:25.076000Z</time>
      </trkpt>
      <trkpt lat="41.693998142184405" lon="123.43383771378866">
        <time>2019-06-02T09:44:28.073000Z</time>
      </trkpt>
      <trkpt lat="41.69401222378173" lon="123.43371684674493">
        <time>2019-06-02T09:44:31.077000Z</time>
      </trkpt>
      <trkpt lat="41.69400589544484" lon="123.43359631497732">
        <ele>63.087459354726896</ele>
        <time>2019-06-02T09:44:34.084000Z</time>
      </trkpt>
      <trkpt lat="41.69400589544484" lon="123.43343898665479">
        <time>2019-06-02T09:44:38.075000Z</time>
      </trkpt>
      <trkpt lat="41.69401750438073" lon="123.43328065250388">
        <ele>62.40308740648471</ele>
        <time>2019-06-02T09:44:42.080000Z</time>
      </trkpt>
      <trkpt lat="41.69400656599709" lon="123.43314754788152">
        <time>2019-06-02T09:44:45.081000Z</time>
      </trkpt>
      <trkpt lat="41.69399022128591" lon="123.4329931532251">
        <time>2019-06-02T09:44:49.084000Z</time>
      </trkpt>
      <trkpt lat="41.69401628900477" lon="123.43283708218804">
        <ele>62.58277490648471</ele>
        <time>2019-06-02T09:44:53.082000Z</time>
      </trkpt>
      <trkpt lat="41.694013732524304" lon="123.43269777495733">
        <time>2019-06-02T09:44:56.079000Z</time>
      </trkpt>
      <trkpt lat="41.69400757182547" lon="123.432564754154">
        <time>2019-06-02T09:44:59.081000Z</time>
      </trkpt>
      <trkpt lat="41.69399818409392" lon="123.43242879968456">
        <ele>62.28947046312533</ele>
        <time>2019-06-02T09:45:02.073000Z</time>
      </trkpt>
      <trkpt lat="41.69399219103315" lon="123.43227675196103">
        <time>2019-06-02T09:45:05.073000Z</time>
      </trkpt>
      <trkpt lat="41.69399101756671" lon="123.43214993376604">
        <time>2019-06-02T09:45:08.062000Z</time>
      </trkpt>
      <trkpt lat="41.693996214346676" lon="123.4320221935617">
        <time>2019-06-02T09:45:11.077000Z</time>
      </trkpt>
      <trkpt lat="41.69400333896437" lon="123.43186964292398">
        <ele>62.34231164964877</ele>
        <time>2019-06-02T09:45:14.073000Z</time>
      </trkpt>
      <trkpt lat="41.6939991899223" lon="123.43172254052332">
        <time>2019-06-02T09:45:17.081000Z</time>
      </trkpt>
      <trkpt lat="41.69400111776003" lon="123.43159547087124">
        <time>2019-06-02T09:45:20.081000Z</time>
      </trkpt>
      <trkpt lat="41.69401708528557" lon="123.43145649891666">
        <ele>62.310603885976896</ele>
        <time>2019-06-02T09:45:24.078000Z</time>
      </trkpt>
      <trkpt lat="41.6940673767046" lon="123.43132540595106">
        <time>2019-06-02T09:45:28.071000Z</time>
      </trkpt>
      <trkpt lat="41.69407031037071" lon="123.43116036627761">
        <ele>62.07809045824252</ele>
        <time>2019-06-02T09:45:32.075000Z</time>
      </trkpt>
      <trkpt lat="41.69407316021779" lon="123.43101141985825">
        <time>2019-06-02T09:45:36.078000Z</time>
      </trkpt>
      <trkpt lat="41.69408288322547" lon="123.43089004990033">
        <time>2019-06-02T09:45:39.081000Z</time>
      </trkpt>
      <trkpt lat="41.6940967133657" lon="123.43073833745292">
        <ele>61.84292200121127</ele>
        <time>2019-06-02T09:45:43.077000Z</time>
      </trkpt>
      <trkpt lat="41.694123493546336" lon="123.43061964970401">
        <time>2019-06-02T09:45:46.075000Z</time>
      </trkpt>
      <trkpt lat="41.69412487656036" lon="123.43048520397714">
        <time>2019-06-02T09:45:49.086000Z</time>
      </trkpt>
      <trkpt lat="41.694120350332646" lon="123.43035436246863">
        <ele>61.66059473070346</ele>
        <time>2019-06-02T09:45:52.081000Z</time>
      </trkpt>
      <trkpt lat="41.69412395455101" lon="123.43021513905695">
        <time>2019-06-02T09:45:55.076000Z</time>
      </trkpt>
      <trkpt lat="41.69412265535602" lon="123.43008320790103">
        <time>2019-06-02T09:45:58.073000Z</time>
      </trkpt>
      <trkpt lat="41.69412458319375" lon="123.4299396258997">
        <ele>61.30125024828158</ele>
        <time>2019-06-02T09:46:02.071000Z</time>
      </trkpt>
      <trkpt lat="41.69414847161779" lon="123.42979277495614">
        <time>2019-06-02T09:46:06.071000Z</time>
      </trkpt>
      <trkpt lat="41.69416733089992" lon="123.42963670391909">
        <time>2019-06-02T09:46:10.071000Z</time>
      </trkpt>
      <trkpt lat="41.69418363370159" lon="123.42948172252945">
        <ele>62.00938013109408</ele>
        <time>2019-06-02T09:46:14.070000Z</time>
      </trkpt>
      <trkpt lat="41.69418832756737" lon="123.42935238976351">
        <time>2019-06-02T09:46:17.078000Z</time>
      </trkpt>
      <trkpt lat="41.69418526817271" lon="123.42922716413013">
        <time>2019-06-02T09:46:20.077000Z</time>
      </trkpt>
      <trkpt lat="41.69417981993565" lon="123.42908458795718">
        <ele>62.699031620351896</ele>
        <time>2019-06-02T09:46:23.080000Z</time>
      </trkpt>
      <trkpt lat="41.694186441639154" lon="123.42894142505101">
        <time>2019-06-02T09:46:26.080000Z</time>
      </trkpt>
      <trkpt lat="41.69419985268423" lon="123.42880102817288">
        <time>2019-06-02T09:46:29.072000Z</time>
      </trkpt>
      <trkpt lat="41.694204756097584" lon="123.42867337178758">
        <ele>62.26833704027377</ele>
        <time>2019-06-02T09:46:32.075000Z</time>
      </trkpt>
      <trkpt lat="41.69419444635668" lon="123.42851243924669">
        <time>2019-06-02T09:46:35.079000Z</time>
      </trkpt>
      <trkpt lat="41.694169845470874" lon="123.42834237043134">
        <time>2019-06-02T09:46:38.078000Z</time>
      </trkpt>
      <trkpt lat="41.69417604807922" lon="123.42820222501031">
        <time>2019-06-02T09:46:41.075000Z</time>
      </trkpt>
      <trkpt lat="41.694191680328636" lon="123.42805587698093">
        <ele>62.056941776601896</ele>
        <time>2019-06-02T09:46:45.070000Z</time>
      </trkpt>
      <trkpt lat="41.69418979440042" lon="123.42790089559129">
        <time>2019-06-02T09:46:49.072000Z</time>
      </trkpt>
      <trkpt lat="41.694174581246166" lon="123.42777131136826">
        <ele>62.24984338793002</ele>
        <time>2019-06-02T09:46:52.080000Z</time>
      </trkpt>
      <trkpt lat="41.6941781016455" lon="123.42764860030583">
        <time>2019-06-02T09:46:55.049000Z</time>
      </trkpt>
      <trkpt lat="41.69419318907121" lon="123.42750334192387">
        <time>2019-06-02T09:46:59.073000Z</time>
      </trkpt>
      <trkpt lat="41.694208695592074" lon="123.42737836774758">
        <ele>61.79800012621127</ele>
        <time>2019-06-02T09:47:02.075000Z</time>
      </trkpt>
      <trkpt lat="41.69422110080877" lon="123.42725071136228">
        <time>2019-06-02T09:47:05.075000Z</time>
      </trkpt>
      <trkpt lat="41.694247629532306" lon="123.42709556233457">
        <time>2019-06-02T09:47:09.070000Z</time>
      </trkpt>
      <trkpt lat="41.69428987432429" lon="123.42698290955595">
        <ele>61.83234766039096</ele>
        <time>2019-06-02T09:47:12.076000Z</time>
      </trkpt>
      <trkpt lat="41.69433186765918" lon="123.4268612043219">
        <time>2019-06-02T09:47:15.077000Z</time>
      </trkpt>
      <trkpt lat="41.69436162341544" lon="123.42673824180237">
        <time>2019-06-02T09:47:18.091000Z</time>
      </trkpt>
      <trkpt lat="41.69438316490659" lon="123.42661695566348">
        <time>2019-06-02T09:47:21.075000Z</time>
      </trkpt>
      <trkpt lat="41.69440814297804" lon="123.4264692665296">
        <ele>61.80593469652377</ele>
        <time>2019-06-02T09:47:25.075000Z</time>
      </trkpt>
      <trkpt lat="41.694454285355" lon="123.4263207392054">
        <time>2019-06-02T09:47:29.080000Z</time>
      </trkpt>
      <trkpt lat="41.69447461147019" lon="123.42619727377168">
        <ele>61.78214624437533</ele>
        <time>2019-06-02T09:47:32.078000Z</time>
      </trkpt>
      <trkpt lat="41.694493093566685" lon="123.42606014583579">
        <time>2019-06-02T09:47:35.080000Z</time>
      </trkpt>
      <trkpt lat="41.694518784099905" lon="123.42592871759406">
        <time>2019-06-02T09:47:38.079000Z</time>
      </trkpt>
      <trkpt lat="41.69455235362211" lon="123.42580315668455">
        <time>2019-06-02T09:47:41.080000Z</time>
      </trkpt>
      <trkpt lat="41.6945769125984" lon="123.42564373288621">
        <ele>61.96181848558627</ele>
        <time>2019-06-02T09:47:45.077000Z</time>
      </trkpt>
      <trkpt lat="41.69460947629222" lon="123.42550953861644">
        <time>2019-06-02T09:47:48.078000Z</time>
      </trkpt>
      <trkpt lat="41.69463491536835" lon="123.42539026413431">
        <time>2019-06-02T09:47:51.085000Z</time>
      </trkpt>
      <trkpt lat="41.69464996088454" lon="123.4252575786071">
        <ele>62.18113306078158</ele>
        <time>2019-06-02T09:47:54.086000Z</time>
      </trkpt>
      <trkpt lat="41.69466961644748" lon="123.42510678816905">
        <time>2019-06-02T09:47:58.078000Z</time>
      </trkpt>
      <trkpt lat="41.694700000846474" lon="123.4249829874592">
        <time>2019-06-02T09:48:01.082000Z</time>
      </trkpt>
      <trkpt lat="41.69476642742911" lon="123.4248762020128">
        <ele>61.792720585195646</ele>
        <time>2019-06-02T09:48:04.074000Z</time>
      </trkpt>
      <trkpt lat="41.69483503330657" lon="123.42476564470996">
        <time>2019-06-02T09:48:08.082000Z</time>
      </trkpt>
      <trkpt lat="41.69484391812393" lon="123.42463027697374">
        <time>2019-06-02T09:48:11.081000Z</time>
      </trkpt>
      <trkpt lat="41.69485213238904" lon="123.42450396169295">
        <ele>61.44393518480502</ele>
        <time>2019-06-02T09:48:14.074000Z</time>
      </trkpt>
      <trkpt lat="41.69484664224246" lon="123.4243804124402">
        <time>2019-06-02T09:48:17.165000Z</time>
      </trkpt>
      <trkpt lat="41.69486889619538" lon="123.4242419433998">
        <time>2019-06-02T09:48:21.074000Z</time>
      </trkpt>
      <trkpt lat="41.69489291034797" lon="123.4241245967554">
        <ele>61.124202518789396</ele>
        <time>2019-06-02T09:48:24.083000Z</time>
      </trkpt>
      <trkpt lat="41.6949300002695" lon="123.42401253071">
        <time>2019-06-02T09:48:27.081000Z</time>
      </trkpt>
      <trkpt lat="41.69495489452192" lon="123.42387121182253">
        <time>2019-06-02T09:48:30.088000Z</time>
      </trkpt>
      <trkpt lat="41.69498699721107" lon="123.42372410942187">
        <ele>61.07136133226596</ele>
        <time>2019-06-02T09:48:34.060000Z</time>
      </trkpt>
      <trkpt lat="41.69500891588786" lon="123.42357013386061">
        <time>2019-06-02T09:48:38.085000Z</time>
      </trkpt>
      <trkpt lat="41.69506620619604" lon="123.42345840309133">
        <ele>66.41413476976595</ele>
        <time>2019-06-02T09:48:42.083000Z</time>
      </trkpt>
      <trkpt lat="41.695117629171996" lon="123.42335740115811">
        <time>2019-06-02T09:48:47.088000Z</time>
      </trkpt>
    </trkseg>
  </trk>
</gpx>