<?xml version="1.0" encoding="UTF-8"?>
<gpx xmlns="http://www.topografix.com/GPX/1/1" xmlns:gpxtpx="http://www.garmin.com/xmlschemas/TrackPointExtension/v1" xmlns:xsi="http://www.w3.org/2001/XMLSchema-instance" xsi:schemaLocation="http://www.topografix.com/GPX/1/1 http://www.topografix.com/GPX/1/1/gpx.xsd" version="1.1" creator="gpx.py -- https://github.com/tkrajina/gpxpy">
  <trk>
    <name>星期五  上午跑</name>
    <trkseg>
      <trkpt lat="41.68215730696446" lon="123.41765504626824">
        <ele>43.95575309710005</ele>
        <time>2021-04-01T22:46:46.391000Z</time>
      </trkpt>
      <trkpt lat="41.68215825952964" lon="123.41778788539057">
        <ele>43.99054012735065</ele>
        <time>2021-04-01T22:46:47.391000Z</time>
      </trkpt>
      <trkpt lat="41.682329953059245" lon="123.41802171422138">
        <ele>44.07978049823764</ele>
        <time>2021-04-01T22:46:49.391000Z</time>
      </trkpt>
      <trkpt lat="41.68232951855726" lon="123.41806497622912">
        <ele>43.25936602528868</ele>
        <time>2021-04-01T22:46:52.325000Z</time>
      </trkpt>
      <trkpt lat="41.682283594021804" lon="123.41820273294755">
        <ele>44.05723955389112</ele>
        <time>2021-04-01T22:46:57.075000Z</time>
      </trkpt>
      <trkpt lat="41.682251120624194" lon="123.41833030038738">
        <ele>44.13271277863532</ele>
        <time>2021-04-01T22:46:59.999000Z</time>
      </trkpt>
      <trkpt lat="41.682225564762895" lon="123.41847348279718">
        <ele>44.22808110434562</ele>
        <time>2021-04-01T22:47:04Z</time>
      </trkpt>
      <trkpt lat="41.682197149531135" lon="123.4185973238124">
        <ele>44.47353382315487</ele>
        <time>2021-04-01T22:47:08Z</time>
      </trkpt>
      <trkpt lat="41.68216523735726" lon="123.41873234388446">
        <ele>45.3542098114267</ele>
        <time>2021-04-01T22:47:16Z</time>
      </trkpt>
      <trkpt lat="41.68211083193359" lon="123.41887595223312">
        <ele>44.35290210414678</ele>
        <time>2021-04-01T22:47:27.999000Z</time>
      </trkpt>
      <trkpt lat="41.68205604491943" lon="123.41899562487941">
        <ele>42.59410665836185</ele>
        <time>2021-04-01T22:47:30.999000Z</time>
      </trkpt>
      <trkpt lat="41.68206317433077" lon="123.41917447971008">
        <ele>43.320709018968046</ele>
        <time>2021-04-01T22:47:33.999000Z</time>
      </trkpt>
      <trkpt lat="41.68204225276324" lon="123.41932347994249">
        <ele>43.806266313418746</ele>
        <time>2021-04-01T22:47:37.999000Z</time>
      </trkpt>
      <trkpt lat="41.682005552630464" lon="123.41944146576962">
        <ele>41.94508450478315</ele>
        <time>2021-04-01T22:47:40.999000Z</time>
      </trkpt>
      <trkpt lat="41.682000872741234" lon="123.4195991932962">
        <ele>40.69140015542507</ele>
        <time>2021-04-01T22:47:44.999000Z</time>
      </trkpt>
      <trkpt lat="41.68200634087743" lon="123.41974008041524">
        <ele>42.044389330781996</ele>
        <time>2021-04-01T22:47:47.999000Z</time>
      </trkpt>
      <trkpt lat="41.682008410002695" lon="123.41990180750253">
        <ele>42.302404896356165</ele>
        <time>2021-04-01T22:47:51.999000Z</time>
      </trkpt>
      <trkpt lat="41.68199435134044" lon="123.42006568995443">
        <ele>43.98124762997031</ele>
        <time>2021-04-01T22:47:55.999000Z</time>
      </trkpt>
      <trkpt lat="41.68199664596236" lon="123.42021574156692">
        <ele>43.911545674316585</ele>
        <time>2021-04-01T22:47:58.999000Z</time>
      </trkpt>
      <trkpt lat="41.6819960758075" lon="123.4203701322341">
        <ele>44.89572259783745</ele>
        <time>2021-04-01T22:48:01.999000Z</time>
      </trkpt>
      <trkpt lat="41.681992065060726" lon="123.42050527319883">
        <ele>45.510569566860795</ele>
        <time>2021-04-01T22:48:05.999000Z</time>
      </trkpt>
      <trkpt lat="41.68199832379047" lon="123.42065334037636">
        <ele>44.93208424653858</ele>
        <time>2021-04-01T22:48:09.999000Z</time>
      </trkpt>
      <trkpt lat="41.68197027869507" lon="123.42076963429372">
        <ele>45.16976798232645</ele>
        <time>2021-04-01T22:48:12.999000Z</time>
      </trkpt>
      <trkpt lat="41.68196130866663" lon="123.42089599150577">
        <ele>44.67231304105371</ele>
        <time>2021-04-01T22:48:16.999000Z</time>
      </trkpt>
      <trkpt lat="41.68193451606977" lon="123.42102301325012">
        <ele>44.495595743879676</ele>
        <time>2021-04-01T22:48:20.999000Z</time>
      </trkpt>
      <trkpt lat="41.681945816017766" lon="123.42114749646048">
        <ele>44.50016202311963</ele>
        <time>2021-04-01T22:48:23.999000Z</time>
      </trkpt>
      <trkpt lat="41.68194312443636" lon="123.42128981191654">
        <ele>43.93682788219303</ele>
        <time>2021-04-01T22:48:26.999000Z</time>
      </trkpt>
      <trkpt lat="41.68196237362946" lon="123.42142987305866">
        <ele>43.238783832639456</ele>
        <time>2021-04-01T22:48:29.999000Z</time>
      </trkpt>
      <trkpt lat="41.68195087528943" lon="123.42157162494335">
        <ele>42.953770267777145</ele>
        <time>2021-04-01T22:48:32.999000Z</time>
      </trkpt>
      <trkpt lat="41.681925464661816" lon="123.42168768500078">
        <ele>44.27023137360811</ele>
        <time>2021-04-01T22:48:35.999000Z</time>
      </trkpt>
      <trkpt lat="41.68195714928292" lon="123.42185072398456">
        <ele>43.37106768041849</ele>
        <time>2021-04-01T22:48:38.998000Z</time>
      </trkpt>
      <trkpt lat="41.68194870818761" lon="123.42197164690333">
        <ele>43.39636120200157</ele>
        <time>2021-04-01T22:48:41.998000Z</time>
      </trkpt>
      <trkpt lat="41.681931007551924" lon="123.42210490979696">
        <ele>44.05654862895608</ele>
        <time>2021-04-01T22:48:45.998000Z</time>
      </trkpt>
      <trkpt lat="41.681907672550125" lon="123.42225911321597">
        <ele>44.38632899988443</ele>
        <time>2021-04-01T22:48:49.998000Z</time>
      </trkpt>
      <trkpt lat="41.681897098335035" lon="123.42240691434424">
        <ele>43.902833421714604</ele>
        <time>2021-04-01T22:48:53.998000Z</time>
      </trkpt>
      <trkpt lat="41.68188849927254" lon="123.42253876367954">
        <ele>46.170770009979606</ele>
        <time>2021-04-01T22:48:58.001000Z</time>
      </trkpt>
      <trkpt lat="41.68185132503279" lon="123.42268620285066">
        <ele>45.34084643796086</ele>
        <time>2021-04-01T22:49:03.001000Z</time>
      </trkpt>
      <trkpt lat="41.68182908841357" lon="123.42280452472095">
        <ele>45.32925919815898</ele>
        <time>2021-04-01T22:49:07.001000Z</time>
      </trkpt>
      <trkpt lat="41.68183246423303" lon="123.42295144949028">
        <ele>44.68306799046695</ele>
        <time>2021-04-01T22:49:10Z</time>
      </trkpt>
      <trkpt lat="41.681823192904154" lon="123.42309179046688">
        <ele>44.72732853703201</ele>
        <time>2021-04-01T22:49:14Z</time>
      </trkpt>
      <trkpt lat="41.68179702190896" lon="123.42324463511072">
        <ele>45.22766624484211</ele>
        <time>2021-04-01T22:49:19Z</time>
      </trkpt>
      <trkpt lat="41.68182052989989" lon="123.42337957348005">
        <ele>44.53913505282253</ele>
        <time>2021-04-01T22:49:22Z</time>
      </trkpt>
      <trkpt lat="41.68183400499876" lon="123.42351407857782">
        <ele>44.17228107154369</ele>
        <time>2021-04-01T22:49:25Z</time>
      </trkpt>
      <trkpt lat="41.68183080755549" lon="123.42365606119643">
        <ele>43.97620836738497</ele>
        <time>2021-04-01T22:49:28Z</time>
      </trkpt>
      <trkpt lat="41.68182133322292" lon="123.42378376937313">
        <ele>43.18345396593213</ele>
        <time>2021-04-01T22:49:31Z</time>
      </trkpt>
      <trkpt lat="41.68182044031725" lon="123.42392572539288">
        <ele>44.00100270844996</ele>
        <time>2021-04-01T22:49:34.999000Z</time>
      </trkpt>
      <trkpt lat="41.68184053501922" lon="123.4240437180293">
        <ele>44.18881360068917</ele>
        <time>2021-04-01T22:49:40.999000Z</time>
      </trkpt>
      <trkpt lat="41.68193017834899" lon="123.42409751168407">
        <ele>43.816022139042616</ele>
        <time>2021-04-01T22:49:44.999000Z</time>
      </trkpt>
      <trkpt lat="41.681846903885585" lon="123.42416348872126">
        <ele>42.49153191410005</ele>
        <time>2021-04-01T22:50:13.999000Z</time>
      </trkpt>
      <trkpt lat="41.681786110213785" lon="123.42427874922274">
        <ele>43.17175471037626</ele>
        <time>2021-04-01T22:50:18.998000Z</time>
      </trkpt>
      <trkpt lat="41.68178051589454" lon="123.42442585164082">
        <ele>43.482639213092625</ele>
        <time>2021-04-01T22:50:21.998000Z</time>
      </trkpt>
      <trkpt lat="41.68176364255805" lon="123.42454957859593">
        <ele>43.91966741159558</ele>
        <time>2021-04-01T22:50:27.998000Z</time>
      </trkpt>
      <trkpt lat="41.681771979818244" lon="123.42467132225235">
        <ele>44.74586036242545</ele>
        <time>2021-04-01T22:50:30.998000Z</time>
      </trkpt>
      <trkpt lat="41.68178130528098" lon="123.42482315624687">
        <ele>43.44249719660729</ele>
        <time>2021-04-01T22:50:33.998000Z</time>
      </trkpt>
      <trkpt lat="41.681766842397124" lon="123.4249443545927">
        <ele>43.65714661590755</ele>
        <time>2021-04-01T22:50:36.998000Z</time>
      </trkpt>
      <trkpt lat="41.6817871227288" lon="123.42509537023865">
        <ele>44.03386273421347</ele>
        <time>2021-04-01T22:50:39.998000Z</time>
      </trkpt>
      <trkpt lat="41.68180117360227" lon="123.42524158935187">
        <ele>43.57685170695186</ele>
        <time>2021-04-01T22:50:42.998000Z</time>
      </trkpt>
      <trkpt lat="41.681819975647784" lon="123.42537015741229">
        <ele>43.65339706838131</ele>
        <time>2021-04-01T22:50:45.998000Z</time>
      </trkpt>
      <trkpt lat="41.68179079712248" lon="123.42552283243461">
        <ele>42.63286453485489</ele>
        <time>2021-04-01T22:50:49.998000Z</time>
      </trkpt>
      <trkpt lat="41.68175738309598" lon="123.42567044218065">
        <ele>44.275084709748626</ele>
        <time>2021-04-01T22:50:52.998000Z</time>
      </trkpt>
      <trkpt lat="41.681726554760104" lon="123.42578636611636">
        <ele>44.48250060994178</ele>
        <time>2021-04-01T22:50:56.998000Z</time>
      </trkpt>
      <trkpt lat="41.68172305955088" lon="123.42591782986145">
        <ele>42.80278292205185</ele>
        <time>2021-04-01T22:50:59.998000Z</time>
      </trkpt>
      <trkpt lat="41.681722938247226" lon="123.42603867785174">
        <ele>43.586406354792416</ele>
        <time>2021-04-01T22:51:03Z</time>
      </trkpt>
      <trkpt lat="41.68173193533081" lon="123.42617005464649">
        <ele>43.98436619434506</ele>
        <time>2021-04-01T22:51:06Z</time>
      </trkpt>
      <trkpt lat="41.68172008916921" lon="123.42630231280833">
        <ele>43.400496592745185</ele>
        <time>2021-04-01T22:51:09Z</time>
      </trkpt>
      <trkpt lat="41.68170544529863" lon="123.4264345618231">
        <ele>43.228515486232936</ele>
        <time>2021-04-01T22:51:13Z</time>
      </trkpt>
      <trkpt lat="41.681678623078625" lon="123.42656652354435">
        <ele>44.863850655034184</ele>
        <time>2021-04-01T22:51:16Z</time>
      </trkpt>
      <trkpt lat="41.6816852099088" lon="123.42670982936322">
        <ele>44.13506640121341</ele>
        <time>2021-04-01T22:51:19Z</time>
      </trkpt>
      <trkpt lat="41.68174199842379" lon="123.42681231697544">
        <ele>43.92412783950567</ele>
        <time>2021-04-01T22:51:21Z</time>
      </trkpt>
      <trkpt lat="41.681748425027905" lon="123.4269453436084">
        <ele>44.5207362966612</ele>
        <time>2021-04-01T22:51:24Z</time>
      </trkpt>
      <trkpt lat="41.68173109988619" lon="123.42707412116798">
        <ele>45.6119338888675</ele>
        <time>2021-04-01T22:51:28Z</time>
      </trkpt>
      <trkpt lat="41.681698223232225" lon="123.42721101080778">
        <ele>44.469318957068026</ele>
        <time>2021-04-01T22:51:32Z</time>
      </trkpt>
      <trkpt lat="41.68166981020746" lon="123.42734319537925">
        <ele>43.712301613762975</ele>
        <time>2021-04-01T22:51:35.999000Z</time>
      </trkpt>
      <trkpt lat="41.681623974467726" lon="123.42750312808354">
        <ele>42.29651465266943</ele>
        <time>2021-04-01T22:51:43.999000Z</time>
      </trkpt>
      <trkpt lat="41.681648873022766" lon="123.42763891496593">
        <ele>43.60501611791551</ele>
        <time>2021-04-01T22:51:45.999000Z</time>
      </trkpt>
      <trkpt lat="41.68166865860748" lon="123.42780678356314">
        <ele>44.00554888509214</ele>
        <time>2021-04-01T22:51:48.999000Z</time>
      </trkpt>
      <trkpt lat="41.68170985172623" lon="123.42791852545847">
        <ele>45.35772821865976</ele>
        <time>2021-04-01T22:51:50.999000Z</time>
      </trkpt>
      <trkpt lat="41.6817249773639" lon="123.4280796396776">
        <ele>44.43602911103517</ele>
        <time>2021-04-01T22:51:53.999000Z</time>
      </trkpt>
      <trkpt lat="41.68173988756952" lon="123.42822408407262">
        <ele>43.28428769763559</ele>
        <time>2021-04-01T22:51:56.999000Z</time>
      </trkpt>
      <trkpt lat="41.68175205423249" lon="123.42835924114964">
        <ele>42.58466187864542</ele>
        <time>2021-04-01T22:51:59.999000Z</time>
      </trkpt>
      <trkpt lat="41.68178765665187" lon="123.42847568769923">
        <ele>43.4391480544582</ele>
        <time>2021-04-01T22:52:03.999000Z</time>
      </trkpt>
      <trkpt lat="41.68180808410869" lon="123.42862259845282">
        <ele>43.74178126454353</ele>
        <time>2021-04-01T22:52:07.999000Z</time>
      </trkpt>
      <trkpt lat="41.68182050411288" lon="123.42875046911296">
        <ele>44.10459896828979</ele>
        <time>2021-04-01T22:52:10.998000Z</time>
      </trkpt>
      <trkpt lat="41.68181514042164" lon="123.42888753344978">
        <ele>45.057262907736</ele>
        <time>2021-04-01T22:52:17.998000Z</time>
      </trkpt>
      <trkpt lat="41.68181943593194" lon="123.4290083784596">
        <ele>44.374519552104175</ele>
        <time>2021-04-01T22:52:19.998000Z</time>
      </trkpt>
      <trkpt lat="41.681821791305936" lon="123.4291376771792">
        <ele>44.14314433839172</ele>
        <time>2021-04-01T22:52:23.998000Z</time>
      </trkpt>
      <trkpt lat="41.681813142283474" lon="123.42925774035199">
        <ele>43.769217086955905</ele>
        <time>2021-04-01T22:52:26.998000Z</time>
      </trkpt>
      <trkpt lat="41.68181090950517" lon="123.42940359660686">
        <ele>45.63027475308627</ele>
        <time>2021-04-01T22:52:30.998000Z</time>
      </trkpt>
      <trkpt lat="41.681798677087926" lon="123.4295286055716">
        <ele>44.51268963329494</ele>
        <time>2021-04-01T22:52:33.998000Z</time>
      </trkpt>
      <trkpt lat="41.681809357495396" lon="123.42965513115199">
        <ele>44.69435909856111</ele>
        <time>2021-04-01T22:52:36.998000Z</time>
      </trkpt>
      <trkpt lat="41.68178655114355" lon="123.42979471692074">
        <ele>44.90130936075002</ele>
        <time>2021-04-01T22:52:40.998000Z</time>
      </trkpt>
      <trkpt lat="41.68178866891255" lon="123.42993405902128">
        <ele>45.31177844852209</ele>
        <time>2021-04-01T22:52:43.998000Z</time>
      </trkpt>
      <trkpt lat="41.681772997289926" lon="123.4300723164953">
        <ele>45.59610284212977</ele>
        <time>2021-04-01T22:52:46.998000Z</time>
      </trkpt>
      <trkpt lat="41.68175316892638" lon="123.43021871441778">
        <ele>45.749482709914446</ele>
        <time>2021-04-01T22:52:50.997000Z</time>
      </trkpt>
      <trkpt lat="41.681730802084765" lon="123.43036069131932">
        <ele>46.05050295777619</ele>
        <time>2021-04-01T22:52:54.997000Z</time>
      </trkpt>
      <trkpt lat="41.68177295111826" lon="123.43051646836952">
        <ele>46.523252760991454</ele>
        <time>2021-04-01T22:52:57.997000Z</time>
      </trkpt>
      <trkpt lat="41.68180002259513" lon="123.43063822569324">
        <ele>45.476785943843424</ele>
        <time>2021-04-01T22:53:00.997000Z</time>
      </trkpt>
      <trkpt lat="41.681748660183416" lon="123.43078022013916">
        <ele>45.4802245432511</ele>
        <time>2021-04-01T22:53:04.997000Z</time>
      </trkpt>
      <trkpt lat="41.68166903999396" lon="123.43087733290686">
        <ele>45.21747135743499</ele>
        <time>2021-04-01T22:53:08Z</time>
      </trkpt>
      <trkpt lat="41.68168392443215" lon="123.43100471205715">
        <ele>46.40344562474638</ele>
        <time>2021-04-01T22:53:10Z</time>
      </trkpt>
      <trkpt lat="41.68171767546216" lon="123.43113203213113">
        <ele>45.09490226954222</ele>
        <time>2021-04-01T22:53:14Z</time>
      </trkpt>
      <trkpt lat="41.68169191984161" lon="123.43127732497052">
        <ele>45.07056133169681</ele>
        <time>2021-04-01T22:53:18Z</time>
      </trkpt>
      <trkpt lat="41.68173168331036" lon="123.43139185278012">
        <ele>43.62712657637894</ele>
        <time>2021-04-01T22:53:22Z</time>
      </trkpt>
      <trkpt lat="41.68171300085313" lon="123.43152697679636">
        <ele>44.15116901230067</ele>
        <time>2021-04-01T22:53:25Z</time>
      </trkpt>
      <trkpt lat="41.6816795954597" lon="123.43164395568849">
        <ele>44.44794631190598</ele>
        <time>2021-04-01T22:53:28Z</time>
      </trkpt>
      <trkpt lat="41.6817191907244" lon="123.43178860064481">
        <ele>44.15768704842776</ele>
        <time>2021-04-01T22:53:32Z</time>
      </trkpt>
      <trkpt lat="41.681725063605" lon="123.43193180363676">
        <ele>43.31742853857577</ele>
        <time>2021-04-01T22:53:35.999000Z</time>
      </trkpt>
      <trkpt lat="41.68174420416664" lon="123.43209248474018">
        <ele>43.43913509324193</ele>
        <time>2021-04-01T22:53:39.999000Z</time>
      </trkpt>
      <trkpt lat="41.681806192635925" lon="123.4322035102149">
        <ele>44.10251224040985</ele>
        <time>2021-04-01T22:53:43.999000Z</time>
      </trkpt>
      <trkpt lat="41.68179365033614" lon="123.43232363845048">
        <ele>44.04988106060773</ele>
        <time>2021-04-01T22:53:45.999000Z</time>
      </trkpt>
      <trkpt lat="41.68170191591148" lon="123.43241472423465">
        <ele>44.06930754892528</ele>
        <time>2021-04-01T22:53:49.999000Z</time>
      </trkpt>
      <trkpt lat="41.68174719629774" lon="123.43257930789117">
        <ele>44.835153355263174</ele>
        <time>2021-04-01T22:53:52.999000Z</time>
      </trkpt>
      <trkpt lat="41.681749664707695" lon="123.4327332120101">
        <ele>44.05866986326873</ele>
        <time>2021-04-01T22:53:56.999000Z</time>
      </trkpt>
      <trkpt lat="41.68176038403545" lon="123.43288649790209">
        <ele>44.23517327941954</ele>
        <time>2021-04-01T22:54:00.999000Z</time>
      </trkpt>
      <trkpt lat="41.68178503047844" lon="123.43304127163628">
        <ele>42.96251122839749</ele>
        <time>2021-04-01T22:54:03.999000Z</time>
      </trkpt>
      <trkpt lat="41.68180056632702" lon="123.43317428849574">
        <ele>43.19272926077247</ele>
        <time>2021-04-01T22:54:06.999000Z</time>
      </trkpt>
      <trkpt lat="41.681814130847286" lon="123.43329664189734">
        <ele>43.291800044476986</ele>
        <time>2021-04-01T22:54:10.999000Z</time>
      </trkpt>
      <trkpt lat="41.681840433963416" lon="123.43343117590128">
        <ele>44.35391418542713</ele>
        <time>2021-04-01T22:54:14.998000Z</time>
      </trkpt>
      <trkpt lat="41.681839434827126" lon="123.43358340177846">
        <ele>43.97043288964778</ele>
        <time>2021-04-01T22:54:18.998000Z</time>
      </trkpt>
      <trkpt lat="41.681830773781584" lon="123.43373097905007">
        <ele>43.66054959129542</ele>
        <time>2021-04-01T22:54:22.998000Z</time>
      </trkpt>
      <trkpt lat="41.68182078692982" lon="123.43387129816138">
        <ele>42.278867037035525</ele>
        <time>2021-04-01T22:54:25.998000Z</time>
      </trkpt>
      <trkpt lat="41.68182423318029" lon="123.4340216130107">
        <ele>43.657162548042834</ele>
        <time>2021-04-01T22:54:29.998000Z</time>
      </trkpt>
      <trkpt lat="41.68181442989987" lon="123.43414526744567">
        <ele>43.09949686191976</ele>
        <time>2021-04-01T22:54:32.998000Z</time>
      </trkpt>
      <trkpt lat="41.68182121395239" lon="123.43429185039386">
        <ele>44.73246739525348</ele>
        <time>2021-04-01T22:54:36.998000Z</time>
      </trkpt>
      <trkpt lat="41.681833263249246" lon="123.43442200255758">
        <ele>45.07922264654189</ele>
        <time>2021-04-01T22:54:39.998000Z</time>
      </trkpt>
      <trkpt lat="41.68181840386703" lon="123.43455193760822">
        <ele>43.18058436270803</ele>
        <time>2021-04-01T22:54:43.998000Z</time>
      </trkpt>
      <trkpt lat="41.68181336526336" lon="123.43467377074225">
        <ele>43.6930032055825</ele>
        <time>2021-04-01T22:54:46.998000Z</time>
      </trkpt>
      <trkpt lat="41.6818351239427" lon="123.4348283617116">
        <ele>45.81870233733207</ele>
        <time>2021-04-01T22:54:50.998000Z</time>
      </trkpt>
      <trkpt lat="41.681853482757795" lon="123.43496565736609">
        <ele>46.59242341294885</ele>
        <time>2021-04-01T22:54:54.997000Z</time>
      </trkpt>
      <trkpt lat="41.681838850803246" lon="123.43512596734209">
        <ele>46.148343628272414</ele>
        <time>2021-04-01T22:54:58.997000Z</time>
      </trkpt>
      <trkpt lat="41.681835189736795" lon="123.4352534652237">
        <ele>44.920248872600496</ele>
        <time>2021-04-01T22:55:02.997000Z</time>
      </trkpt>
      <trkpt lat="41.68180582675229" lon="123.43538685153734">
        <ele>46.09664707444608</ele>
        <time>2021-04-01T22:55:09.997000Z</time>
      </trkpt>
      <trkpt lat="41.68182460007057" lon="123.43550481054903">
        <ele>44.58818791247904</ele>
        <time>2021-04-01T22:55:13Z</time>
      </trkpt>
      <trkpt lat="41.68183481116655" lon="123.43562943399641">
        <ele>43.65530576650053</ele>
        <time>2021-04-01T22:55:16Z</time>
      </trkpt>
      <trkpt lat="41.68180694617634" lon="123.43576105509882">
        <ele>43.12143030948937</ele>
        <time>2021-04-01T22:55:20Z</time>
      </trkpt>
      <trkpt lat="41.681802295541864" lon="123.43590546568575">
        <ele>45.51294554863125</ele>
        <time>2021-04-01T22:55:24Z</time>
      </trkpt>
      <trkpt lat="41.6817789104366" lon="123.43604748213744">
        <ele>44.6869375705719</ele>
        <time>2021-04-01T22:55:28Z</time>
      </trkpt>
      <trkpt lat="41.681763149951394" lon="123.43616838176858">
        <ele>44.70503821969032</ele>
        <time>2021-04-01T22:55:31Z</time>
      </trkpt>
      <trkpt lat="41.68177043201374" lon="123.4363187374143">
        <ele>45.19965899735689</ele>
        <time>2021-04-01T22:55:35Z</time>
      </trkpt>
      <trkpt lat="41.681791551052356" lon="123.43644958395156">
        <ele>45.025978674180806</ele>
        <time>2021-04-01T22:55:38.999000Z</time>
      </trkpt>
      <trkpt lat="41.68177720924958" lon="123.43659099954687">
        <ele>44.66098347213119</ele>
        <time>2021-04-01T22:55:42.999000Z</time>
      </trkpt>
      <trkpt lat="41.68176466544141" lon="123.43673660008919">
        <ele>43.5749423019588</ele>
        <time>2021-04-01T22:55:46.999000Z</time>
      </trkpt>
      <trkpt lat="41.68177844387142" lon="123.43689327238054">
        <ele>45.10090286936611</ele>
        <time>2021-04-01T22:55:50.999000Z</time>
      </trkpt>
      <trkpt lat="41.68175011738224" lon="123.43701057623683">
        <ele>44.95300856139511</ele>
        <time>2021-04-01T22:55:53.999000Z</time>
      </trkpt>
      <trkpt lat="41.68170190494627" lon="123.43713890100699">
        <ele>45.97078244294971</ele>
        <time>2021-04-01T22:55:57.999000Z</time>
      </trkpt>
      <trkpt lat="41.68169788133273" lon="123.43726391792123">
        <ele>45.54628215916455</ele>
        <time>2021-04-01T22:56:00.999000Z</time>
      </trkpt>
      <trkpt lat="41.681721711463545" lon="123.43742342506955">
        <ele>44.64945753943175</ele>
        <time>2021-04-01T22:56:03.999000Z</time>
      </trkpt>
      <trkpt lat="41.68172772135992" lon="123.43756126791561">
        <ele>44.00375988334417</ele>
        <time>2021-04-01T22:56:06.999000Z</time>
      </trkpt>
      <trkpt lat="41.68172342795035" lon="123.43769292830612">
        <ele>44.59784085582942</ele>
        <time>2021-04-01T22:56:09.999000Z</time>
      </trkpt>
      <trkpt lat="41.68176114951806" lon="123.43783112321742">
        <ele>44.51706208847463</ele>
        <time>2021-04-01T22:56:12.999000Z</time>
      </trkpt>
      <trkpt lat="41.68174200699987" lon="123.43796865377377">
        <ele>44.416361620649695</ele>
        <time>2021-04-01T22:56:15.999000Z</time>
      </trkpt>
      <trkpt lat="41.68174878870426" lon="123.43811655490154">
        <ele>45.511037370190024</ele>
        <time>2021-04-01T22:56:19.998000Z</time>
      </trkpt>
      <trkpt lat="41.68173981194749" lon="123.43828305292259">
        <ele>44.881182610057294</ele>
        <time>2021-04-01T22:56:23.998000Z</time>
      </trkpt>
      <trkpt lat="41.68175509285964" lon="123.43841821797172">
        <ele>44.42031132243574</ele>
        <time>2021-04-01T22:56:26.998000Z</time>
      </trkpt>
      <trkpt lat="41.681777584492735" lon="123.43853570600685">
        <ele>44.75828504282981</ele>
        <time>2021-04-01T22:56:29.998000Z</time>
      </trkpt>
      <trkpt lat="41.68177303691545" lon="123.43866881859017">
        <ele>44.287741960026324</ele>
        <time>2021-04-01T22:56:35.998000Z</time>
      </trkpt>
      <trkpt lat="41.68180284556678" lon="123.43878633567351">
        <ele>44.127586849965155</ele>
        <time>2021-04-01T22:56:45.998000Z</time>
      </trkpt>
      <trkpt lat="41.68186173393122" lon="123.43890961873711">
        <ele>44.953820925205946</ele>
        <time>2021-04-01T22:56:52.998000Z</time>
      </trkpt>
      <trkpt lat="41.681842731154134" lon="123.43905940306838">
        <ele>43.267223061062396</ele>
        <time>2021-04-01T22:57:26Z</time>
      </trkpt>
      <trkpt lat="41.68183551757752" lon="123.43918064887842">
        <ele>43.84128428064287</ele>
        <time>2021-04-01T22:57:29Z</time>
      </trkpt>
      <trkpt lat="41.681820634265605" lon="123.43932491884722">
        <ele>44.43824470974505</ele>
        <time>2021-04-01T22:57:32Z</time>
      </trkpt>
      <trkpt lat="41.68179913786079" lon="123.43944523695279">
        <ele>44.995827614329755</ele>
        <time>2021-04-01T22:57:36Z</time>
      </trkpt>
      <trkpt lat="41.681791028221056" lon="123.43960750567881">
        <ele>45.64998484402895</ele>
        <time>2021-04-01T22:57:41Z</time>
      </trkpt>
      <trkpt lat="41.68175770203467" lon="123.43975011696644">
        <ele>45.45535327680409</ele>
        <time>2021-04-01T22:57:44.999000Z</time>
      </trkpt>
      <trkpt lat="41.68173083422576" lon="123.43988770963838">
        <ele>46.104872992262244</ele>
        <time>2021-04-01T22:57:48.999000Z</time>
      </trkpt>
      <trkpt lat="41.68174543520676" lon="123.4400114885365">
        <ele>44.96663061529398</ele>
        <time>2021-04-01T22:57:51.999000Z</time>
      </trkpt>
      <trkpt lat="41.681753049223374" lon="123.44013163199676">
        <ele>44.66783134546131</ele>
        <time>2021-04-01T22:57:54.999000Z</time>
      </trkpt>
      <trkpt lat="41.68170947690548" lon="123.44025062737487">
        <ele>46.18379341624677</ele>
        <time>2021-04-01T22:57:58.999000Z</time>
      </trkpt>
      <trkpt lat="41.6816971130368" lon="123.44039831023731">
        <ele>44.06182308681309</ele>
        <time>2021-04-01T22:58:02.999000Z</time>
      </trkpt>
      <trkpt lat="41.681703222122344" lon="123.4405245657638">
        <ele>45.74689953774214</ele>
        <time>2021-04-01T22:58:05.999000Z</time>
      </trkpt>
      <trkpt lat="41.681701285783966" lon="123.44068370398317">
        <ele>46.692106815986335</ele>
        <time>2021-04-01T22:58:09.999000Z</time>
      </trkpt>
      <trkpt lat="41.68171484446965" lon="123.44082200305007">
        <ele>45.696228864602745</ele>
        <time>2021-04-01T22:58:12.999000Z</time>
      </trkpt>
      <trkpt lat="41.68173809679849" lon="123.440988929538">
        <ele>44.30280947405845</ele>
        <time>2021-04-01T22:58:15.999000Z</time>
      </trkpt>
      <trkpt lat="41.68177637195779" lon="123.44113734417215">
        <ele>45.52334973309189</ele>
        <time>2021-04-01T22:58:18.999000Z</time>
      </trkpt>
      <trkpt lat="41.68178212911625" lon="123.44127393902936">
        <ele>44.74857341963798</ele>
        <time>2021-04-01T22:58:21.998000Z</time>
      </trkpt>
      <trkpt lat="41.68177461740995" lon="123.4414264114397">
        <ele>46.61583493836224</ele>
        <time>2021-04-01T22:58:25.998000Z</time>
      </trkpt>
      <trkpt lat="41.6818204419203" lon="123.44154899699926">
        <ele>45.90456877835095</ele>
        <time>2021-04-01T22:58:28.998000Z</time>
      </trkpt>
      <trkpt lat="41.68182327156894" lon="123.44171352216071">
        <ele>44.19256236590445</ele>
        <time>2021-04-01T22:58:32.998000Z</time>
      </trkpt>
      <trkpt lat="41.68181634895127" lon="123.4418406223958">
        <ele>44.72757139336318</ele>
        <time>2021-04-01T22:58:35.998000Z</time>
      </trkpt>
      <trkpt lat="41.68182712471461" lon="123.44200463632065">
        <ele>45.94978047721088</ele>
        <time>2021-04-01T22:58:39.998000Z</time>
      </trkpt>
      <trkpt lat="41.68180915734887" lon="123.44212874946702">
        <ele>45.741377824917436</ele>
        <time>2021-04-01T22:58:42.998000Z</time>
      </trkpt>
      <trkpt lat="41.68180984276998" lon="123.44226970679856">
        <ele>45.26493675168604</ele>
        <time>2021-04-01T22:58:45.998000Z</time>
      </trkpt>
      <trkpt lat="41.68182551842451" lon="123.44242753575882">
        <ele>44.96211745496839</ele>
        <time>2021-04-01T22:58:48.998000Z</time>
      </trkpt>
      <trkpt lat="41.68181815020937" lon="123.442579704532">
        <ele>45.80225375760347</ele>
        <time>2021-04-01T22:58:52.998000Z</time>
      </trkpt>
      <trkpt lat="41.681823726553084" lon="123.44274236595247">
        <ele>45.98968845792115</ele>
        <time>2021-04-01T22:58:56.998000Z</time>
      </trkpt>
      <trkpt lat="41.68183467150837" lon="123.44289472398015">
        <ele>46.091967281885445</ele>
        <time>2021-04-01T22:58:59.997000Z</time>
      </trkpt>
      <trkpt lat="41.68183615227754" lon="123.44302876985529">
        <ele>45.5663526346907</ele>
        <time>2021-04-01T22:59:02.997000Z</time>
      </trkpt>
      <trkpt lat="41.68182834138417" lon="123.44314940117208">
        <ele>45.23843449912965</ele>
        <time>2021-04-01T22:59:05.997000Z</time>
      </trkpt>
      <trkpt lat="41.681821700877485" lon="123.44329555128189">
        <ele>45.23660361673683</ele>
        <time>2021-04-01T22:59:08.997000Z</time>
      </trkpt>
      <trkpt lat="41.68180240804176" lon="123.44342857866829">
        <ele>46.96665564272553</ele>
        <time>2021-04-01T22:59:12.997000Z</time>
      </trkpt>
      <trkpt lat="41.681807189205976" lon="123.44354962156022">
        <ele>46.37219279911369</ele>
        <time>2021-04-01T22:59:16.997000Z</time>
      </trkpt>
      <trkpt lat="41.68181923829918" lon="123.44367210911074">
        <ele>48.470069179311395</ele>
        <time>2021-04-01T22:59:19.997000Z</time>
      </trkpt>
      <trkpt lat="41.681801278584345" lon="123.44379942917352">
        <ele>48.73586453590542</ele>
        <time>2021-04-01T22:59:23.997000Z</time>
      </trkpt>
      <trkpt lat="41.68179841270398" lon="123.44393819752555">
        <ele>48.49072802439332</ele>
        <time>2021-04-01T22:59:28Z</time>
      </trkpt>
      <trkpt lat="41.68179712262569" lon="123.4440954446966">
        <ele>46.96755704283714</ele>
        <time>2021-04-01T22:59:32Z</time>
      </trkpt>
      <trkpt lat="41.68181417758584" lon="123.4442321385684">
        <ele>49.12355680949986</ele>
        <time>2021-04-01T22:59:36Z</time>
      </trkpt>
      <trkpt lat="41.68181598698391" lon="123.44437030360932">
        <ele>50.048348122276366</ele>
        <time>2021-04-01T22:59:40Z</time>
      </trkpt>
      <trkpt lat="41.68181334663579" lon="123.44449463563899">
        <ele>48.7707880968228</ele>
        <time>2021-04-01T22:59:43Z</time>
      </trkpt>
      <trkpt lat="41.681814925462994" lon="123.44463102032506">
        <ele>48.65920988935977</ele>
        <time>2021-04-01T22:59:46.999000Z</time>
      </trkpt>
      <trkpt lat="41.68181858334056" lon="123.44478159806219">
        <ele>47.215736045502126</ele>
        <time>2021-04-01T22:59:50.999000Z</time>
      </trkpt>
      <trkpt lat="41.681818049439684" lon="123.44493104039242">
        <ele>47.11213200818747</ele>
        <time>2021-04-01T22:59:54.999000Z</time>
      </trkpt>
      <trkpt lat="41.68172070289128" lon="123.44502209938139">
        <ele>47.499367179349065</ele>
        <time>2021-04-01T23:00:00.999000Z</time>
      </trkpt>
      <trkpt lat="41.68171931693625" lon="123.44514740496285">
        <ele>47.85118420794606</ele>
        <time>2021-04-01T23:00:03.999000Z</time>
      </trkpt>
      <trkpt lat="41.68175687570201" lon="123.4452866808608">
        <ele>47.81148054264486</ele>
        <time>2021-04-01T23:00:06.999000Z</time>
      </trkpt>
      <trkpt lat="41.68177701860042" lon="123.44541777544131">
        <ele>46.579840385355055</ele>
        <time>2021-04-01T23:00:09.999000Z</time>
      </trkpt>
      <trkpt lat="41.6817799885816" lon="123.44555116350936">
        <ele>45.90781729016453</ele>
        <time>2021-04-01T23:00:12.999000Z</time>
      </trkpt>
      <trkpt lat="41.681782276463814" lon="123.44568887387341">
        <ele>46.39114775136113</ele>
        <time>2021-04-01T23:00:15.999000Z</time>
      </trkpt>
      <trkpt lat="41.681792292954164" lon="123.44583151562762">
        <ele>46.28515229932964</ele>
        <time>2021-04-01T23:00:18.999000Z</time>
      </trkpt>
      <trkpt lat="41.68180007630084" lon="123.44596863506106">
        <ele>46.33899684436619</ele>
        <time>2021-04-01T23:00:21.999000Z</time>
      </trkpt>
      <trkpt lat="41.68181582212457" lon="123.4460933018838">
        <ele>47.10888112336397</ele>
        <time>2021-04-01T23:00:24.998000Z</time>
      </trkpt>
      <trkpt lat="41.681818263945296" lon="123.44623541421704">
        <ele>46.41805199813098</ele>
        <time>2021-04-01T23:00:27.998000Z</time>
      </trkpt>
      <trkpt lat="41.6818362612886" lon="123.44638116296895">
        <ele>46.887920366600156</ele>
        <time>2021-04-01T23:00:30.998000Z</time>
      </trkpt>
      <trkpt lat="41.681828551236784" lon="123.44651486419359">
        <ele>47.10203137807548</ele>
        <time>2021-04-01T23:00:33.998000Z</time>
      </trkpt>
      <trkpt lat="41.68182410282922" lon="123.44665042365534">
        <ele>47.286185131408274</ele>
        <time>2021-04-01T23:00:37.998000Z</time>
      </trkpt>
      <trkpt lat="41.68182567811913" lon="123.44682083176203">
        <ele>46.121470026671886</ele>
        <time>2021-04-01T23:00:40.998000Z</time>
      </trkpt>
      <trkpt lat="41.6818045215568" lon="123.44695615587861">
        <ele>46.30458735488355</ele>
        <time>2021-04-01T23:00:43.998000Z</time>
      </trkpt>
      <trkpt lat="41.68179374735043" lon="123.44707907591824">
        <ele>46.757498843595386</ele>
        <time>2021-04-01T23:00:46.998000Z</time>
      </trkpt>
      <trkpt lat="41.68180376838394" lon="123.44723828882186">
        <ele>46.7793657341972</ele>
        <time>2021-04-01T23:00:49.998000Z</time>
      </trkpt>
      <trkpt lat="41.68180316035409" lon="123.44736547686743">
        <ele>46.299648337066174</ele>
        <time>2021-04-01T23:00:51.998000Z</time>
      </trkpt>
      <trkpt lat="41.681797700631236" lon="123.44751398398306">
        <ele>45.926541389897466</ele>
        <time>2021-04-01T23:00:54.998000Z</time>
      </trkpt>
      <trkpt lat="41.68179933928163" lon="123.44763815116853">
        <ele>45.71083789691329</ele>
        <time>2021-04-01T23:00:57.998000Z</time>
      </trkpt>
      <trkpt lat="41.68178578052955" lon="123.44776445518502">
        <ele>45.8946529654786</ele>
        <time>2021-04-01T23:01:00.998000Z</time>
      </trkpt>
      <trkpt lat="41.68178597946417" lon="123.44790615338155">
        <ele>45.41877760365605</ele>
        <time>2021-04-01T23:01:04.997000Z</time>
      </trkpt>
      <trkpt lat="41.68178528697476" lon="123.44803137486221">
        <ele>46.408384456299245</ele>
        <time>2021-04-01T23:01:07.997000Z</time>
      </trkpt>
      <trkpt lat="41.681781413368604" lon="123.4481563317263">
        <ele>46.87704641837627</ele>
        <time>2021-04-01T23:01:10.997000Z</time>
      </trkpt>
      <trkpt lat="41.681776220985526" lon="123.44827669803524">
        <ele>45.62130872532725</ele>
        <time>2021-04-01T23:01:13.997000Z</time>
      </trkpt>
      <trkpt lat="41.68178269233267" lon="123.4484232376108">
        <ele>46.0760344453156</ele>
        <time>2021-04-01T23:01:17.997000Z</time>
      </trkpt>
      <trkpt lat="41.68180055173957" lon="123.4485920605306">
        <ele>46.114701132290065</ele>
        <time>2021-04-01T23:01:21.997000Z</time>
      </trkpt>
      <trkpt lat="41.68178912815316" lon="123.44875271417689">
        <ele>45.85614611487836</ele>
        <time>2021-04-01T23:01:25.997000Z</time>
      </trkpt>
      <trkpt lat="41.68177975282308" lon="123.44888477156363">
        <ele>46.47566005308181</ele>
        <time>2021-04-01T23:01:29.997000Z</time>
      </trkpt>
      <trkpt lat="41.681780090041826" lon="123.44903704148744">
        <ele>45.515339912846684</ele>
        <time>2021-04-01T23:01:34Z</time>
      </trkpt>
      <trkpt lat="41.681779773799896" lon="123.44916812176542">
        <ele>45.17759630642831</ele>
        <time>2021-04-01T23:01:37Z</time>
      </trkpt>
      <trkpt lat="41.681774387096695" lon="123.44930598388132">
        <ele>46.59355614800006</ele>
        <time>2021-04-01T23:01:41Z</time>
      </trkpt>
      <trkpt lat="41.68178814854036" lon="123.44945096959992">
        <ele>45.97367266379297</ele>
        <time>2021-04-01T23:01:45Z</time>
      </trkpt>
      <trkpt lat="41.68178753464375" lon="123.44958230058059">
        <ele>44.86367642413825</ele>
        <time>2021-04-01T23:01:48Z</time>
      </trkpt>
      <trkpt lat="41.681778330606214" lon="123.44971035048438">
        <ele>45.48653228208423</ele>
        <time>2021-04-01T23:01:50.999000Z</time>
      </trkpt>
      <trkpt lat="41.68177449233499" lon="123.44983077477802">
        <ele>44.9250324415043</ele>
        <time>2021-04-01T23:01:53.999000Z</time>
      </trkpt>
      <trkpt lat="41.6817710815496" lon="123.44996224922896">
        <ele>45.745203936472535</ele>
        <time>2021-04-01T23:01:56.999000Z</time>
      </trkpt>
      <trkpt lat="41.681774861296184" lon="123.45011867994472">
        <ele>45.16017101146281</ele>
        <time>2021-04-01T23:02:00.999000Z</time>
      </trkpt>
      <trkpt lat="41.68177970591749" lon="123.45028003429489">
        <ele>45.69073477294296</ele>
        <time>2021-04-01T23:02:04.999000Z</time>
      </trkpt>
      <trkpt lat="41.68176317864121" lon="123.45040004230324">
        <ele>46.08130338322371</ele>
        <time>2021-04-01T23:02:07.999000Z</time>
      </trkpt>
      <trkpt lat="41.681758927343836" lon="123.45055483115675">
        <ele>46.73938834387809</ele>
        <time>2021-04-01T23:02:11.999000Z</time>
      </trkpt>
      <trkpt lat="41.681767055111" lon="123.4507122857624">
        <ele>46.782539112493396</ele>
        <time>2021-04-01T23:02:15.999000Z</time>
      </trkpt>
      <trkpt lat="41.68176356092762" lon="123.45086801500723">
        <ele>45.63152357470244</ele>
        <time>2021-04-01T23:02:19.999000Z</time>
      </trkpt>
      <trkpt lat="41.68178523345121" lon="123.45101901207418">
        <ele>45.807560389861465</ele>
        <time>2021-04-01T23:02:23.999000Z</time>
      </trkpt>
      <trkpt lat="41.681813316727556" lon="123.45118029595656">
        <ele>45.175235155038536</ele>
        <time>2021-04-01T23:02:27.999000Z</time>
      </trkpt>
      <trkpt lat="41.68183486446694" lon="123.45132675762315">
        <ele>46.02680201455951</ele>
        <time>2021-04-01T23:02:30.998000Z</time>
      </trkpt>
      <trkpt lat="41.681848518304335" lon="123.4514540241268">
        <ele>46.222170607186854</ele>
        <time>2021-04-01T23:02:33.998000Z</time>
      </trkpt>
      <trkpt lat="41.68186543320832" lon="123.4516110037092">
        <ele>46.88105519860983</ele>
        <time>2021-04-01T23:02:37.998000Z</time>
      </trkpt>
      <trkpt lat="41.68192892616048" lon="123.45170799457065">
        <ele>46.52823043614626</ele>
        <time>2021-04-01T23:02:41.998000Z</time>
      </trkpt>
      <trkpt lat="41.68202128129519" lon="123.4517441719206">
        <ele>46.81998839881271</ele>
        <time>2021-04-01T23:02:45.998000Z</time>
      </trkpt>
      <trkpt lat="41.682131422023566" lon="123.45174692152092">
        <ele>46.46134149841964</ele>
        <time>2021-04-01T23:02:49.998000Z</time>
      </trkpt>
      <trkpt lat="41.68223371658345" lon="123.45174464157895">
        <ele>46.7306951796636</ele>
        <time>2021-04-01T23:02:54.998000Z</time>
      </trkpt>
      <trkpt lat="41.6823237860994" lon="123.45182894903758">
        <ele>46.374725895002484</ele>
        <time>2021-04-01T23:02:58.998000Z</time>
      </trkpt>
      <trkpt lat="41.682407456599186" lon="123.45188616560205">
        <ele>46.2544054267928</ele>
        <time>2021-04-01T23:03:02.998000Z</time>
      </trkpt>
      <trkpt lat="41.682494792817096" lon="123.45195360520901">
        <ele>46.01993645913899</ele>
        <time>2021-04-01T23:03:06.998000Z</time>
      </trkpt>
      <trkpt lat="41.682578589765505" lon="123.45202806347628">
        <ele>45.79782502911985</ele>
        <time>2021-04-01T23:03:11.997000Z</time>
      </trkpt>
      <trkpt lat="41.682692339129176" lon="123.45204025872792">
        <ele>45.45653279218823</ele>
        <time>2021-04-01T23:03:17.997000Z</time>
      </trkpt>
      <trkpt lat="41.68278285760529" lon="123.45201519678912">
        <ele>46.5266093024984</ele>
        <time>2021-04-01T23:03:21.997000Z</time>
      </trkpt>
      <trkpt lat="41.68289089183757" lon="123.4519579815442">
        <ele>46.80483290087432</ele>
        <time>2021-04-01T23:03:25.997000Z</time>
      </trkpt>
      <trkpt lat="41.68298466969822" lon="123.45191987652818">
        <ele>47.347267652861774</ele>
        <time>2021-04-01T23:03:28.997000Z</time>
      </trkpt>
      <trkpt lat="41.68307806303457" lon="123.45191787647605">
        <ele>47.23672066628933</ele>
        <time>2021-04-01T23:03:31.997000Z</time>
      </trkpt>
      <trkpt lat="41.68318436730742" lon="123.45188958528269">
        <ele>46.82759775780141</ele>
        <time>2021-04-01T23:03:34.997000Z</time>
      </trkpt>
      <trkpt lat="41.68327763702218" lon="123.45186013074829">
        <ele>46.16090276930481</ele>
        <time>2021-04-01T23:03:37.999000Z</time>
      </trkpt>
      <trkpt lat="41.6833809672504" lon="123.45187988428647">
        <ele>46.70522581227124</ele>
        <time>2021-04-01T23:03:41.999000Z</time>
      </trkpt>
      <trkpt lat="41.68348950842406" lon="123.45190402922961">
        <ele>47.264815020374954</ele>
        <time>2021-04-01T23:03:46Z</time>
      </trkpt>
      <trkpt lat="41.68360889847657" lon="123.45189922793782">
        <ele>45.89323915075511</ele>
        <time>2021-04-01T23:03:50Z</time>
      </trkpt>
      <trkpt lat="41.68371732388839" lon="123.45190295118803">
        <ele>46.67438928131014</ele>
        <time>2021-04-01T23:03:53.999000Z</time>
      </trkpt>
      <trkpt lat="41.68382112615316" lon="123.45190106714384">
        <ele>45.85829651821405</ele>
        <time>2021-04-01T23:03:57.999000Z</time>
      </trkpt>
      <trkpt lat="41.68394282668598" lon="123.4519020115181">
        <ele>45.963846350088716</ele>
        <time>2021-04-01T23:04:01.999000Z</time>
      </trkpt>
      <trkpt lat="41.6840542399296" lon="123.4518927235889">
        <ele>46.908710753545165</ele>
        <time>2021-04-01T23:04:05.999000Z</time>
      </trkpt>
      <trkpt lat="41.68406492178038" lon="123.45201470174864">
        <ele>45.16026880219579</ele>
        <time>2021-04-01T23:04:17.999000Z</time>
      </trkpt>
      <trkpt lat="41.68396708626033" lon="123.45202526450377">
        <ele>46.49235958606005</ele>
        <time>2021-04-01T23:04:24.999000Z</time>
      </trkpt>
      <trkpt lat="41.68386643549113" lon="123.45208991171015">
        <ele>46.03818723279983</ele>
        <time>2021-04-01T23:04:29.999000Z</time>
      </trkpt>
      <trkpt lat="41.683765947507176" lon="123.45207564165491">
        <ele>45.28638159763068</ele>
        <time>2021-04-01T23:04:33.998000Z</time>
      </trkpt>
      <trkpt lat="41.683670544032715" lon="123.45207134051097">
        <ele>46.699293399229646</ele>
        <time>2021-04-01T23:04:37.998000Z</time>
      </trkpt>
      <trkpt lat="41.6835756602035" lon="123.45203232685289">
        <ele>46.69752070866525</ele>
        <time>2021-04-01T23:04:42.998000Z</time>
      </trkpt>
      <trkpt lat="41.68348639984573" lon="123.45197828771683">
        <ele>47.38061511795968</ele>
        <time>2021-04-01T23:04:46.998000Z</time>
      </trkpt>
      <trkpt lat="41.68338964923085" lon="123.45197219792675">
        <ele>46.86877073626965</ele>
        <time>2021-04-01T23:04:49.998000Z</time>
      </trkpt>
      <trkpt lat="41.68329599539043" lon="123.4519407905841">
        <ele>46.110140247270465</ele>
        <time>2021-04-01T23:04:52.998000Z</time>
      </trkpt>
      <trkpt lat="41.683189977085455" lon="123.45192372791931">
        <ele>46.114220378920436</ele>
        <time>2021-04-01T23:04:56.998000Z</time>
      </trkpt>
      <trkpt lat="41.683077183408" lon="123.45193941141011">
        <ele>46.95675714220852</ele>
        <time>2021-04-01T23:05:00.998000Z</time>
      </trkpt>
      <trkpt lat="41.68298622369774" lon="123.45193594131712">
        <ele>47.63212454505265</ele>
        <time>2021-04-01T23:05:06.998000Z</time>
      </trkpt>
      <trkpt lat="41.68289643456073" lon="123.45202033134052">
        <ele>46.20182571001351</ele>
        <time>2021-04-01T23:05:13.997000Z</time>
      </trkpt>
      <trkpt lat="41.68279320081255" lon="123.45208586504533">
        <ele>46.386236203834414</ele>
        <time>2021-04-01T23:05:17.997000Z</time>
      </trkpt>
      <trkpt lat="41.6826946590187" lon="123.45206559955443">
        <ele>46.53346104454249</ele>
        <time>2021-04-01T23:05:21.997000Z</time>
      </trkpt>
      <trkpt lat="41.68257865503375" lon="123.45200481923246">
        <ele>46.34285798575729</ele>
        <time>2021-04-01T23:05:24.997000Z</time>
      </trkpt>
      <trkpt lat="41.682461885628506" lon="123.45197099756658">
        <ele>46.142517070285976</ele>
        <time>2021-04-01T23:05:27.997000Z</time>
      </trkpt>
      <trkpt lat="41.68237089101136" lon="123.45197467023397">
        <ele>46.15835303720087</ele>
        <time>2021-04-01T23:05:29.997000Z</time>
      </trkpt>
      <trkpt lat="41.68227208534624" lon="123.45197906413675">
        <ele>45.39391842391342</ele>
        <time>2021-04-01T23:05:32.997000Z</time>
      </trkpt>
      <trkpt lat="41.6821747236324" lon="123.45201149958682">
        <ele>43.70477511174977</ele>
        <time>2021-04-01T23:05:35.997000Z</time>
      </trkpt>
      <trkpt lat="41.68208686344597" lon="123.45205084881498">
        <ele>44.71307994052768</ele>
        <time>2021-04-01T23:05:38.997000Z</time>
      </trkpt>
      <trkpt lat="41.6819987678855" lon="123.45207990246134">
        <ele>45.51431428082287</ele>
        <time>2021-04-01T23:05:40.997000Z</time>
      </trkpt>
      <trkpt lat="41.6819032985696" lon="123.45215167808831">
        <ele>45.10150717385113</ele>
        <time>2021-04-01T23:05:45.999000Z</time>
      </trkpt>
      <trkpt lat="41.68182950433399" lon="123.45208175868825">
        <ele>45.53376128152013</ele>
        <time>2021-04-01T23:05:53.999000Z</time>
      </trkpt>
      <trkpt lat="41.681776508064736" lon="123.45198419378686">
        <ele>45.62762862443924</ele>
        <time>2021-04-01T23:06:01.999000Z</time>
      </trkpt>
      <trkpt lat="41.68172352277344" lon="123.45208971955321">
        <ele>45.398212518543005</ele>
        <time>2021-04-01T23:06:20.999000Z</time>
      </trkpt>
      <trkpt lat="41.681765954663035" lon="123.4522634430343">
        <ele>44.47959851194173</ele>
        <time>2021-04-01T23:06:25.999000Z</time>
      </trkpt>
      <trkpt lat="41.68177587122866" lon="123.45241632221119">
        <ele>45.78506637830287</ele>
        <time>2021-04-01T23:06:29.999000Z</time>
      </trkpt>
      <trkpt lat="41.681765135732185" lon="123.45255691647002">
        <ele>45.58274608198553</ele>
        <time>2021-04-01T23:06:33.999000Z</time>
      </trkpt>
      <trkpt lat="41.68176177908774" lon="123.45269958520888">
        <ele>46.25118826329708</ele>
        <time>2021-04-01T23:06:37.999000Z</time>
      </trkpt>
      <trkpt lat="41.681773934731794" lon="123.45282797531257">
        <ele>46.87417666148394</ele>
        <time>2021-04-01T23:06:41.998000Z</time>
      </trkpt>
      <trkpt lat="41.68177835865779" lon="123.45297050863391">
        <ele>47.55171867739409</ele>
        <time>2021-04-01T23:06:45.998000Z</time>
      </trkpt>
      <trkpt lat="41.681791097839486" lon="123.45310277849799">
        <ele>46.91370053123683</ele>
        <time>2021-04-01T23:06:48.998000Z</time>
      </trkpt>
      <trkpt lat="41.681783995044924" lon="123.45323583727212">
        <ele>46.69263479486108</ele>
        <time>2021-04-01T23:06:51.998000Z</time>
      </trkpt>
      <trkpt lat="41.681787874938124" lon="123.4533833176147">
        <ele>46.63822849839926</ele>
        <time>2021-04-01T23:06:55.998000Z</time>
      </trkpt>
      <trkpt lat="41.681804374917796" lon="123.45352144138316">
        <ele>47.70251574087888</ele>
        <time>2021-04-01T23:06:59.998000Z</time>
      </trkpt>
      <trkpt lat="41.68181658211719" lon="123.45364383136948">
        <ele>47.1734301969409</ele>
        <time>2021-04-01T23:07:02.998000Z</time>
      </trkpt>
      <trkpt lat="41.68182803684706" lon="123.45379227886606">
        <ele>46.84807027783245</ele>
        <time>2021-04-01T23:07:06.998000Z</time>
      </trkpt>
      <trkpt lat="41.68182892918442" lon="123.45391917915148">
        <ele>46.557375946082175</ele>
        <time>2021-04-01T23:07:09.998000Z</time>
      </trkpt>
      <trkpt lat="41.68182800197287" lon="123.45407112268272">
        <ele>46.58896837383509</ele>
        <time>2021-04-01T23:07:12.998000Z</time>
      </trkpt>
      <trkpt lat="41.68182867372768" lon="123.45422487663681">
        <ele>47.04587960336357</ele>
        <time>2021-04-01T23:07:16.998000Z</time>
      </trkpt>
      <trkpt lat="41.68182866849561" lon="123.4543495460388">
        <ele>47.40172098018229</ele>
        <time>2021-04-01T23:07:19.998000Z</time>
      </trkpt>
      <trkpt lat="41.68184399049993" lon="123.45447741329646">
        <ele>46.65980959497392</ele>
        <time>2021-04-01T23:07:22.997000Z</time>
      </trkpt>
      <trkpt lat="41.68187211461922" lon="123.45461693886115">
        <ele>46.68881792668253</ele>
        <time>2021-04-01T23:07:26.997000Z</time>
      </trkpt>
      <trkpt lat="41.68189137482566" lon="123.45475474070274">
        <ele>47.30177821777761</ele>
        <time>2021-04-01T23:07:30.997000Z</time>
      </trkpt>
      <trkpt lat="41.681904380573926" lon="123.45489367113102">
        <ele>47.270751981996</ele>
        <time>2021-04-01T23:07:33.997000Z</time>
      </trkpt>
      <trkpt lat="41.68193341808296" lon="123.45501358032111">
        <ele>47.83647728525102</ele>
        <time>2021-04-01T23:07:36.997000Z</time>
      </trkpt>
      <trkpt lat="41.681928827175334" lon="123.45514800087624">
        <ele>46.77130629401654</ele>
        <time>2021-04-01T23:07:39.997000Z</time>
      </trkpt>
      <trkpt lat="41.68190241269538" lon="123.45528542281758">
        <ele>46.95383844058961</ele>
        <time>2021-04-01T23:07:43.997000Z</time>
      </trkpt>
      <trkpt lat="41.6818997317963" lon="123.45544348204838">
        <ele>47.36364941019565</ele>
        <time>2021-04-01T23:07:47.997000Z</time>
      </trkpt>
      <trkpt lat="41.6818793482459" lon="123.45557000314248">
        <ele>47.868751337751746</ele>
        <time>2021-04-01T23:07:50.999000Z</time>
      </trkpt>
      <trkpt lat="41.68188003514889" lon="123.45569349074562">
        <ele>47.65611958410591</ele>
        <time>2021-04-01T23:07:53.999000Z</time>
      </trkpt>
      <trkpt lat="41.68184819573801" lon="123.4558521734934">
        <ele>48.10600863862783</ele>
        <time>2021-04-01T23:07:57.999000Z</time>
      </trkpt>
      <trkpt lat="41.68183119256784" lon="123.45597471849966">
        <ele>48.17122729122639</ele>
        <time>2021-04-01T23:08:00.999000Z</time>
      </trkpt>
      <trkpt lat="41.68179923733208" lon="123.45610380444735">
        <ele>47.795588079839945</ele>
        <time>2021-04-01T23:08:03.999000Z</time>
      </trkpt>
      <trkpt lat="41.68180475267501" lon="123.45624322564571">
        <ele>47.73559756204486</ele>
        <time>2021-04-01T23:08:06.999000Z</time>
      </trkpt>
      <trkpt lat="41.681800303278635" lon="123.45636864620087">
        <ele>46.899709144607186</ele>
        <time>2021-04-01T23:08:10.999000Z</time>
      </trkpt>
      <trkpt lat="41.68172933986556" lon="123.45646639422726">
        <ele>46.620217233896255</ele>
        <time>2021-04-01T23:08:14.999000Z</time>
      </trkpt>
      <trkpt lat="41.68176763357785" lon="123.45659039093786">
        <ele>45.63263800088316</ele>
        <time>2021-04-01T23:08:30.999000Z</time>
      </trkpt>
      <trkpt lat="41.68175250663531" lon="123.45671510719868">
        <ele>46.15621718112379</ele>
        <time>2021-04-01T23:08:33.999000Z</time>
      </trkpt>
      <trkpt lat="41.68172750063746" lon="123.45683864269355">
        <ele>45.73138797096908</ele>
        <time>2021-04-01T23:08:38.999000Z</time>
      </trkpt>
      <trkpt lat="41.68171751692223" lon="123.4569627045848">
        <ele>43.876605157740414</ele>
        <time>2021-04-01T23:08:42.999000Z</time>
      </trkpt>
      <trkpt lat="41.68171886632127" lon="123.45710033427498">
        <ele>45.3259274661541</ele>
        <time>2021-04-01T23:08:45.998000Z</time>
      </trkpt>
      <trkpt lat="41.681715932288405" lon="123.45723710081823">
        <ele>46.841073281131685</ele>
        <time>2021-04-01T23:08:48.998000Z</time>
      </trkpt>
      <trkpt lat="41.68172728357503" lon="123.45737099096495">
        <ele>46.73022810276598</ele>
        <time>2021-04-01T23:08:51.998000Z</time>
      </trkpt>
      <trkpt lat="41.68170523057159" lon="123.457488372792">
        <ele>46.182179923169315</ele>
        <time>2021-04-01T23:08:54.998000Z</time>
      </trkpt>
      <trkpt lat="41.68170277370399" lon="123.45763717816887">
        <ele>45.78311625961214</ele>
        <time>2021-04-01T23:08:58.998000Z</time>
      </trkpt>
      <trkpt lat="41.68177836750635" lon="123.45771632297004">
        <ele>47.087838874198496</ele>
        <time>2021-04-01T23:09:00.998000Z</time>
      </trkpt>
      <trkpt lat="41.6818129873001" lon="123.45783788133822">
        <ele>46.9011791292578</ele>
        <time>2021-04-01T23:09:03.998000Z</time>
      </trkpt>
      <trkpt lat="41.68183500644284" lon="123.45795459599287">
        <ele>47.372444773092866</ele>
        <time>2021-04-01T23:09:06.998000Z</time>
      </trkpt>
      <trkpt lat="41.68176846984061" lon="123.45803677124876">
        <ele>47.31981497723609</ele>
        <time>2021-04-01T23:09:10.998000Z</time>
      </trkpt>
      <trkpt lat="41.68173730354495" lon="123.45816725772761">
        <ele>46.40856197476387</ele>
        <time>2021-04-01T23:09:13.998000Z</time>
      </trkpt>
      <trkpt lat="41.68172775428086" lon="123.45829476473676">
        <ele>45.00154274329543</ele>
        <time>2021-04-01T23:09:17.998000Z</time>
      </trkpt>
      <trkpt lat="41.681687703942025" lon="123.45843309277413">
        <ele>44.97608290333301</ele>
        <time>2021-04-01T23:09:21.998000Z</time>
      </trkpt>
      <trkpt lat="41.68170842851565" lon="123.45858929733265">
        <ele>46.82309740409255</ele>
        <time>2021-04-01T23:09:25.997000Z</time>
      </trkpt>
      <trkpt lat="41.68174147706678" lon="123.45871039434488">
        <ele>48.72013283520937</ele>
        <time>2021-04-01T23:09:29.997000Z</time>
      </trkpt>
      <trkpt lat="41.68176902997543" lon="123.4588343788717">
        <ele>48.547116660512984</ele>
        <time>2021-04-01T23:09:32.997000Z</time>
      </trkpt>
      <trkpt lat="41.681761827427444" lon="123.45897195130625">
        <ele>48.3608936984092</ele>
        <time>2021-04-01T23:09:36.997000Z</time>
      </trkpt>
      <trkpt lat="41.68173680489414" lon="123.45909290381695">
        <ele>48.51166082825512</ele>
        <time>2021-04-01T23:09:40.997000Z</time>
      </trkpt>
      <trkpt lat="41.68171507893026" lon="123.45923459464296">
        <ele>49.102226975373924</ele>
        <time>2021-04-01T23:09:46.997000Z</time>
      </trkpt>
      <trkpt lat="41.68173147842509" lon="123.45935810591239">
        <ele>47.87667476758361</ele>
        <time>2021-04-01T23:09:49.997000Z</time>
      </trkpt>
      <trkpt lat="41.68173010178243" lon="123.45948922578124">
        <ele>46.63914490211755</ele>
        <time>2021-04-01T23:09:52.997000Z</time>
      </trkpt>
      <trkpt lat="41.681779571480185" lon="123.45964225506147">
        <ele>47.00668011512607</ele>
        <time>2021-04-01T23:09:55.999000Z</time>
      </trkpt>
      <trkpt lat="41.68179660632201" lon="123.45976849961555">
        <ele>47.7183752655983</ele>
        <time>2021-04-01T23:09:58.999000Z</time>
      </trkpt>
      <trkpt lat="41.68175973140881" lon="123.45989754338058">
        <ele>47.29360735975206</ele>
        <time>2021-04-01T23:10:01.999000Z</time>
      </trkpt>
      <trkpt lat="41.68179253731493" lon="123.46001065230372">
        <ele>48.71013569459319</ele>
        <time>2021-04-01T23:10:03.999000Z</time>
      </trkpt>
      <trkpt lat="41.68187150852264" lon="123.4601299189923">
        <ele>48.136190220713615</ele>
        <time>2021-04-01T23:10:06.999000Z</time>
      </trkpt>
      <trkpt lat="41.681849853726156" lon="123.46024733714046">
        <ele>47.16862203460187</ele>
        <time>2021-04-01T23:10:13.999000Z</time>
      </trkpt>
      <trkpt lat="41.681766760451445" lon="123.46029873743731">
        <ele>46.87999360729009</ele>
        <time>2021-04-01T23:10:21.999000Z</time>
      </trkpt>
      <trkpt lat="41.68169916732472" lon="123.46020611229147">
        <ele>47.023021834902465</ele>
        <time>2021-04-01T23:11:17.998000Z</time>
      </trkpt>
      <trkpt lat="41.68178760708994" lon="123.46025087620933">
        <ele>46.95963211450726</ele>
        <time>2021-04-01T23:11:30.997000Z</time>
      </trkpt>
      <trkpt lat="41.68180607576649" lon="123.46039824253579">
        <ele>46.46077293716371</ele>
        <time>2021-04-01T23:11:37.997000Z</time>
      </trkpt>
      <trkpt lat="41.68177013773411" lon="123.4605449977618">
        <ele>46.31046012137085</ele>
        <time>2021-04-01T23:11:40.997000Z</time>
      </trkpt>
      <trkpt lat="41.68177103442087" lon="123.46069200241108">
        <ele>45.772952700033784</ele>
        <time>2021-04-01T23:11:42.997000Z</time>
      </trkpt>
      <trkpt lat="41.68177636505065" lon="123.46082575859701">
        <ele>47.02475393284112</ele>
        <time>2021-04-01T23:11:45.997000Z</time>
      </trkpt>
      <trkpt lat="41.68178113485696" lon="123.46098104421752">
        <ele>47.44719831831753</ele>
        <time>2021-04-01T23:11:48.997000Z</time>
      </trkpt>
      <trkpt lat="41.68175513857753" lon="123.4611053351747">
        <ele>47.041628764010966</ele>
        <time>2021-04-01T23:11:50.997000Z</time>
      </trkpt>
      <trkpt lat="41.681731481657806" lon="123.46122729403255">
        <ele>47.465653668157756</ele>
        <time>2021-04-01T23:11:52.997000Z</time>
      </trkpt>
      <trkpt lat="41.6817235931068" lon="123.46137116415167">
        <ele>48.428255980834365</ele>
        <time>2021-04-01T23:11:56.997000Z</time>
      </trkpt>
      <trkpt lat="41.6816897117699" lon="123.46149258162409">
        <ele>48.15573698095977</ele>
        <time>2021-04-01T23:12:00.999000Z</time>
      </trkpt>
      <trkpt lat="41.68168806251938" lon="123.46163202054635">
        <ele>48.40047604218125</ele>
        <time>2021-04-01T23:12:04.999000Z</time>
      </trkpt>
      <trkpt lat="41.68167943894074" lon="123.46175493178076">
        <ele>48.317676074802876</ele>
        <time>2021-04-01T23:12:07.999000Z</time>
      </trkpt>
      <trkpt lat="41.68160232912973" lon="123.46183059353773">
        <ele>48.287409220822155</ele>
        <time>2021-04-01T23:12:11.999000Z</time>
      </trkpt>
      <trkpt lat="41.68154922174704" lon="123.461984530198">
        <ele>48.299009749665856</ele>
        <time>2021-04-01T23:12:15.999000Z</time>
      </trkpt>
      <trkpt lat="41.68155627554025" lon="123.46210645550015">
        <ele>47.279304585419595</ele>
        <time>2021-04-01T23:12:17.999000Z</time>
      </trkpt>
      <trkpt lat="41.68156018994413" lon="123.4622747040134">
        <ele>48.14600600861013</ele>
        <time>2021-04-01T23:12:20.999000Z</time>
      </trkpt>
      <trkpt lat="41.68160465312895" lon="123.46242492589835">
        <ele>47.41912234574556</ele>
        <time>2021-04-01T23:12:23.999000Z</time>
      </trkpt>
      <trkpt lat="41.681615263328325" lon="123.4625670231345">
        <ele>46.8062043748796</ele>
        <time>2021-04-01T23:12:26.999000Z</time>
      </trkpt>
      <trkpt lat="41.68158423305633" lon="123.46270408113108">
        <ele>46.37532448209822</ele>
        <time>2021-04-01T23:12:30.999000Z</time>
      </trkpt>
      <trkpt lat="41.68161505448938" lon="123.46285492572858">
        <ele>47.95095928199589</ele>
        <time>2021-04-01T23:12:34.999000Z</time>
      </trkpt>
      <trkpt lat="41.681624368887086" lon="123.46299515802481">
        <ele>47.51000745315105</ele>
        <time>2021-04-01T23:12:37.999000Z</time>
      </trkpt>
      <trkpt lat="41.68165372186979" lon="123.46311302341844">
        <ele>46.41400178242475</ele>
        <time>2021-04-01T23:12:40.999000Z</time>
      </trkpt>
      <trkpt lat="41.681645275990824" lon="123.4632728808228">
        <ele>47.72543599270284</ele>
        <time>2021-04-01T23:12:43.999000Z</time>
      </trkpt>
      <trkpt lat="41.68161243767617" lon="123.46342988414774">
        <ele>47.65890244487673</ele>
        <time>2021-04-01T23:12:46.999000Z</time>
      </trkpt>
      <trkpt lat="41.68162835655374" lon="123.46356167261845">
        <ele>49.0380459362641</ele>
        <time>2021-04-01T23:12:49.999000Z</time>
      </trkpt>
      <trkpt lat="41.68163627149652" lon="123.46370014688799">
        <ele>47.57861200347543</ele>
        <time>2021-04-01T23:12:52.999000Z</time>
      </trkpt>
      <trkpt lat="41.681656345703274" lon="123.46385838625953">
        <ele>47.00022968556732</ele>
        <time>2021-04-01T23:12:55.998000Z</time>
      </trkpt>
      <trkpt lat="41.68162291436323" lon="123.46398828246093">
        <ele>46.12111690361053</ele>
        <time>2021-04-01T23:13:00.998000Z</time>
      </trkpt>
      <trkpt lat="41.68160414279444" lon="123.46411081482643">
        <ele>47.6163526782766</ele>
        <time>2021-04-01T23:13:04.998000Z</time>
      </trkpt>
      <trkpt lat="41.68162740204075" lon="123.46424678036553">
        <ele>48.017112107016146</ele>
        <time>2021-04-01T23:13:07.998000Z</time>
      </trkpt>
      <trkpt lat="41.68167676968545" lon="123.46440171107942">
        <ele>47.252246773801744</ele>
        <time>2021-04-01T23:13:10.998000Z</time>
      </trkpt>
      <trkpt lat="41.68163833835734" lon="123.4645741853197">
        <ele>46.95701881311834</ele>
        <time>2021-04-01T23:13:13.998000Z</time>
      </trkpt>
      <trkpt lat="41.681578928705164" lon="123.46471783433431">
        <ele>47.222626104950905</ele>
        <time>2021-04-01T23:13:17.998000Z</time>
      </trkpt>
      <trkpt lat="41.68158932176744" lon="123.46486676305919">
        <ele>46.91683271713555</ele>
        <time>2021-04-01T23:13:20.998000Z</time>
      </trkpt>
      <trkpt lat="41.681486126161126" lon="123.46495070824325">
        <ele>46.489050878211856</ele>
        <time>2021-04-01T23:13:23.998000Z</time>
      </trkpt>
      <trkpt lat="41.68136689948329" lon="123.46494617761863">
        <ele>46.14507368952036</ele>
        <time>2021-04-01T23:13:26.998000Z</time>
      </trkpt>
      <trkpt lat="41.68139434515973" lon="123.46479919503552">
        <ele>47.250168898142874</ele>
        <time>2021-04-01T23:13:32.998000Z</time>
      </trkpt>
      <trkpt lat="41.68149688402604" lon="123.46466490075825">
        <ele>46.7861437285319</ele>
        <time>2021-04-01T23:13:35.997000Z</time>
      </trkpt>
      <trkpt lat="41.68152444598712" lon="123.4645438246099">
        <ele>47.67716108262539</ele>
        <time>2021-04-01T23:13:38.997000Z</time>
      </trkpt>
      <trkpt lat="41.681491075922615" lon="123.46440919943679">
        <ele>47.41955058462918</ele>
        <time>2021-04-01T23:13:42.997000Z</time>
      </trkpt>
      <trkpt lat="41.68151857035247" lon="123.46427476141432">
        <ele>47.83015791140497</ele>
        <time>2021-04-01T23:13:45.997000Z</time>
      </trkpt>
      <trkpt lat="41.681580274196484" lon="123.46413305887452">
        <ele>48.237261454574764</ele>
        <time>2021-04-01T23:13:48.997000Z</time>
      </trkpt>
      <trkpt lat="41.68150896537698" lon="123.46401870866157">
        <ele>47.14743860438466</ele>
        <time>2021-04-01T23:13:51.997000Z</time>
      </trkpt>
      <trkpt lat="41.6814853452027" lon="123.46387607748962">
        <ele>46.89894613530487</ele>
        <time>2021-04-01T23:13:54.997000Z</time>
      </trkpt>
      <trkpt lat="41.6815152696797" lon="123.46373693758164">
        <ele>47.523567739874125</ele>
        <time>2021-04-01T23:13:57.997000Z</time>
      </trkpt>
      <trkpt lat="41.6815330319371" lon="123.4635925964223">
        <ele>48.088023057207465</ele>
        <time>2021-04-01T23:14:01.997000Z</time>
      </trkpt>
      <trkpt lat="41.68154530136456" lon="123.46345038887956">
        <ele>47.79708028584719</ele>
        <time>2021-04-01T23:14:05.997000Z</time>
      </trkpt>
      <trkpt lat="41.68158340716198" lon="123.46330995421445">
        <ele>46.57264038641006</ele>
        <time>2021-04-01T23:14:09.999000Z</time>
      </trkpt>
      <trkpt lat="41.68160800546401" lon="123.46317646239778">
        <ele>46.97430687118322</ele>
        <time>2021-04-01T23:14:12.999000Z</time>
      </trkpt>
      <trkpt lat="41.68158652292899" lon="123.4630313530672">
        <ele>48.30697447620332</ele>
        <time>2021-04-01T23:14:16.999000Z</time>
      </trkpt>
      <trkpt lat="41.68162016277645" lon="123.4628487437994">
        <ele>47.955412086099386</ele>
        <time>2021-04-01T23:14:21.999000Z</time>
      </trkpt>
      <trkpt lat="41.68164306728117" lon="123.46267592923238">
        <ele>46.783395634032786</ele>
        <time>2021-04-01T23:14:24.999000Z</time>
      </trkpt>
      <trkpt lat="41.681653787293584" lon="123.46251891488474">
        <ele>46.735451756976545</ele>
        <time>2021-04-01T23:14:27.999000Z</time>
      </trkpt>
      <trkpt lat="41.68166587582501" lon="123.46236164668761">
        <ele>46.875696268863976</ele>
        <time>2021-04-01T23:14:30.999000Z</time>
      </trkpt>
      <trkpt lat="41.681663798005836" lon="123.46220898791572">
        <ele>45.88886112999171</ele>
        <time>2021-04-01T23:14:33.999000Z</time>
      </trkpt>
      <trkpt lat="41.681631368742586" lon="123.46207913331739">
        <ele>46.05867523513734</ele>
        <time>2021-04-01T23:14:37.999000Z</time>
      </trkpt>
      <trkpt lat="41.681598183619485" lon="123.4619583178957">
        <ele>46.49446030147374</ele>
        <time>2021-04-01T23:14:41.999000Z</time>
      </trkpt>
      <trkpt lat="41.68160134202278" lon="123.46183607977585">
        <ele>45.69842906482518</ele>
        <time>2021-04-01T23:14:44.999000Z</time>
      </trkpt>
      <trkpt lat="41.68160986246935" lon="123.46170074291102">
        <ele>45.926300526596606</ele>
        <time>2021-04-01T23:14:47.999000Z</time>
      </trkpt>
      <trkpt lat="41.68161358506869" lon="123.461538146507">
        <ele>46.485578225925565</ele>
        <time>2021-04-01T23:14:51.999000Z</time>
      </trkpt>
      <trkpt lat="41.68160192047047" lon="123.46140334188559">
        <ele>46.41559834778309</ele>
        <time>2021-04-01T23:14:54.999000Z</time>
      </trkpt>
      <trkpt lat="41.681616947847274" lon="123.46128028518548">
        <ele>47.64503332413733</ele>
        <time>2021-04-01T23:14:57.998000Z</time>
      </trkpt>
      <trkpt lat="41.68162978973318" lon="123.46112918462809">
        <ele>46.30003640521318</ele>
        <time>2021-04-01T23:15:01.998000Z</time>
      </trkpt>
      <trkpt lat="41.681672546017154" lon="123.46100273117369">
        <ele>46.65951085742563</ele>
        <time>2021-04-01T23:15:07.998000Z</time>
      </trkpt>
      <trkpt lat="41.68176364843463" lon="123.46093384837964">
        <ele>46.93346458207816</ele>
        <time>2021-04-01T23:15:32.998000Z</time>
      </trkpt>
      <trkpt lat="41.6818584181112" lon="123.46090861109802">
        <ele>47.36387808807194</ele>
        <time>2021-04-01T23:15:40.997000Z</time>
      </trkpt>
      <trkpt lat="41.68180022666567" lon="123.46078888441576">
        <ele>46.605420080944896</ele>
        <time>2021-04-01T23:16:12.999000Z</time>
      </trkpt>
      <trkpt lat="41.681759357296364" lon="123.46063174849961">
        <ele>46.35645065177232</ele>
        <time>2021-04-01T23:16:16.999000Z</time>
      </trkpt>
      <trkpt lat="41.68174495311716" lon="123.46048095838924">
        <ele>46.04184989724308</ele>
        <time>2021-04-01T23:16:19.999000Z</time>
      </trkpt>
      <trkpt lat="41.68176674316356" lon="123.4603325097364">
        <ele>45.293130782432854</ele>
        <time>2021-04-01T23:16:22.999000Z</time>
      </trkpt>
      <trkpt lat="41.68172737323381" lon="123.46022355497925">
        <ele>46.44918806757778</ele>
        <time>2021-04-01T23:16:26.999000Z</time>
      </trkpt>
      <trkpt lat="41.68167606408629" lon="123.4601089547643">
        <ele>45.55742606148124</ele>
        <time>2021-04-01T23:16:29.999000Z</time>
      </trkpt>
      <trkpt lat="41.681622597000015" lon="123.45999749980277">
        <ele>46.7236756561324</ele>
        <time>2021-04-01T23:16:32.999000Z</time>
      </trkpt>
      <trkpt lat="41.68158808426588" lon="123.45985631844361">
        <ele>47.74465437605977</ele>
        <time>2021-04-01T23:16:35.999000Z</time>
      </trkpt>
      <trkpt lat="41.68157665290938" lon="123.45972722675413">
        <ele>47.96856833342463</ele>
        <time>2021-04-01T23:16:37.999000Z</time>
      </trkpt>
      <trkpt lat="41.681546247671555" lon="123.45957841396616">
        <ele>48.51263920776546</ele>
        <time>2021-04-01T23:16:40.999000Z</time>
      </trkpt>
      <trkpt lat="41.68158564071886" lon="123.45943354838363">
        <ele>46.515226422809064</ele>
        <time>2021-04-01T23:16:44.999000Z</time>
      </trkpt>
      <trkpt lat="41.68160058135333" lon="123.45929791292336">
        <ele>46.29997419659048</ele>
        <time>2021-04-01T23:16:47.999000Z</time>
      </trkpt>
      <trkpt lat="41.681615865937964" lon="123.45917729394229">
        <ele>46.79562865104526</ele>
        <time>2021-04-01T23:16:50.999000Z</time>
      </trkpt>
      <trkpt lat="41.68160716191958" lon="123.45904560119226">
        <ele>46.36245625279844</ele>
        <time>2021-04-01T23:16:54.999000Z</time>
      </trkpt>
      <trkpt lat="41.68158739617619" lon="123.45890946287334">
        <ele>46.67035123705864</ele>
        <time>2021-04-01T23:16:59.999000Z</time>
      </trkpt>
      <trkpt lat="41.68161246793191" lon="123.45874338367929">
        <ele>47.26509834267199</ele>
        <time>2021-04-01T23:17:02.999000Z</time>
      </trkpt>
      <trkpt lat="41.681622256776215" lon="123.45861814563395">
        <ele>46.4897218439728</ele>
        <time>2021-04-01T23:17:05.999000Z</time>
      </trkpt>
      <trkpt lat="41.681604404634115" lon="123.4584674220772">
        <ele>46.63950545992702</ele>
        <time>2021-04-01T23:17:09.999000Z</time>
      </trkpt>
      <trkpt lat="41.68164665419564" lon="123.45830721767399">
        <ele>46.981684282422066</ele>
        <time>2021-04-01T23:17:12.999000Z</time>
      </trkpt>
      <trkpt lat="41.68166259515848" lon="123.45815811225809">
        <ele>46.22346168290824</ele>
        <time>2021-04-01T23:17:15.998000Z</time>
      </trkpt>
      <trkpt lat="41.68166483573255" lon="123.4580329605133">
        <ele>47.074181157164276</ele>
        <time>2021-04-01T23:17:18.998000Z</time>
      </trkpt>
      <trkpt lat="41.68165860848012" lon="123.45790294722204">
        <ele>47.50350546464324</ele>
        <time>2021-04-01T23:17:21.998000Z</time>
      </trkpt>
      <trkpt lat="41.68166000544197" lon="123.45776635915024">
        <ele>47.31192446965724</ele>
        <time>2021-04-01T23:17:24.998000Z</time>
      </trkpt>
      <trkpt lat="41.68166767865806" lon="123.45762061373851">
        <ele>47.579301106743515</ele>
        <time>2021-04-01T23:17:27.998000Z</time>
      </trkpt>
      <trkpt lat="41.68167135942464" lon="123.45749690545776">
        <ele>47.189821735955775</ele>
        <time>2021-04-01T23:17:29.998000Z</time>
      </trkpt>
      <trkpt lat="41.681675335479945" lon="123.4573589150318">
        <ele>45.820800197310746</ele>
        <time>2021-04-01T23:17:32.998000Z</time>
      </trkpt>
      <trkpt lat="41.68169489089908" lon="123.45720723549525">
        <ele>46.95284906309098</ele>
        <time>2021-04-01T23:17:36.998000Z</time>
      </trkpt>
      <trkpt lat="41.68174637428761" lon="123.45710852507041">
        <ele>45.64108296483755</ele>
        <time>2021-04-01T23:17:42.998000Z</time>
      </trkpt>
      <trkpt lat="41.68173600679284" lon="123.45698888614284">
        <ele>45.0437694368884</ele>
        <time>2021-04-01T23:17:53.998000Z</time>
      </trkpt>
      <trkpt lat="41.68172327586517" lon="123.45685515263186">
        <ele>46.45763356052339</ele>
        <time>2021-04-01T23:17:57.997000Z</time>
      </trkpt>
      <trkpt lat="41.681707056861335" lon="123.45670873524152">
        <ele>46.57179267518222</ele>
        <time>2021-04-01T23:18:01.997000Z</time>
      </trkpt>
      <trkpt lat="41.6817138273589" lon="123.45655531854672">
        <ele>45.747411616146564</ele>
        <time>2021-04-01T23:18:04.997000Z</time>
      </trkpt>
      <trkpt lat="41.68170461354977" lon="123.4564097510501">
        <ele>45.8858188316226</ele>
        <time>2021-04-01T23:18:07.997000Z</time>
      </trkpt>
      <trkpt lat="41.68170243261849" lon="123.45626445178509">
        <ele>46.02717934641987</ele>
        <time>2021-04-01T23:18:10.997000Z</time>
      </trkpt>
      <trkpt lat="41.681690215013596" lon="123.45613440158415">
        <ele>46.49389629624784</ele>
        <time>2021-04-01T23:18:13.997000Z</time>
      </trkpt>
      <trkpt lat="41.68168762835037" lon="123.45598002917224">
        <ele>45.984240505844355</ele>
        <time>2021-04-01T23:18:17.997000Z</time>
      </trkpt>
      <trkpt lat="41.68170359263479" lon="123.45582361869018">
        <ele>46.71591170784086</ele>
        <time>2021-04-01T23:18:21Z</time>
      </trkpt>
      <trkpt lat="41.681702903086325" lon="123.45568972213401">
        <ele>46.65732462517917</ele>
        <time>2021-04-01T23:18:23.999000Z</time>
      </trkpt>
      <trkpt lat="41.681686263971955" lon="123.45555186414158">
        <ele>45.862643151544034</ele>
        <time>2021-04-01T23:18:28Z</time>
      </trkpt>
      <trkpt lat="41.68169826939587" lon="123.4554103183482">
        <ele>46.023754510097206</ele>
        <time>2021-04-01T23:18:31.999000Z</time>
      </trkpt>
      <trkpt lat="41.681683257704364" lon="123.4552759438055">
        <ele>46.82982891611755</ele>
        <time>2021-04-01T23:18:35.999000Z</time>
      </trkpt>
      <trkpt lat="41.68166593854087" lon="123.45515305467626">
        <ele>46.722215936519206</ele>
        <time>2021-04-01T23:18:39.999000Z</time>
      </trkpt>
      <trkpt lat="41.68164352226363" lon="123.45501056522507">
        <ele>48.07001031935215</ele>
        <time>2021-04-01T23:18:43.999000Z</time>
      </trkpt>
      <trkpt lat="41.68164106067924" lon="123.45486292508147">
        <ele>47.48010411020368</ele>
        <time>2021-04-01T23:18:47.999000Z</time>
      </trkpt>
      <trkpt lat="41.68167312908507" lon="123.45473664014226">
        <ele>47.662337055429816</ele>
        <time>2021-04-01T23:18:50.999000Z</time>
      </trkpt>
      <trkpt lat="41.681694882565566" lon="123.45461266856873">
        <ele>46.98253233265132</ele>
        <time>2021-04-01T23:18:53.999000Z</time>
      </trkpt>
      <trkpt lat="41.68178298724978" lon="123.4544995852659">
        <ele>46.738794893957675</ele>
        <time>2021-04-01T23:18:56.999000Z</time>
      </trkpt>
      <trkpt lat="41.681819074721965" lon="123.45437799722497">
        <ele>47.679370261728764</ele>
        <time>2021-04-01T23:18:59.999000Z</time>
      </trkpt>
      <trkpt lat="41.681829376580616" lon="123.45423436985416">
        <ele>47.23678209539503</ele>
        <time>2021-04-01T23:19:02.999000Z</time>
      </trkpt>
      <trkpt lat="41.68178182080812" lon="123.45413020940808">
        <ele>47.28261726535857</ele>
        <time>2021-04-01T23:19:05.999000Z</time>
      </trkpt>
      <trkpt lat="41.6818074216153" lon="123.4539793495057">
        <ele>46.823770394548774</ele>
        <time>2021-04-01T23:19:09.999000Z</time>
      </trkpt>
      <trkpt lat="41.68181742684014" lon="123.45385638944111">
        <ele>47.18010468222201</ele>
        <time>2021-04-01T23:19:12.999000Z</time>
      </trkpt>
      <trkpt lat="41.681752860821305" lon="123.45375723236094">
        <ele>46.38904725853354</ele>
        <time>2021-04-01T23:19:15.998000Z</time>
      </trkpt>
      <trkpt lat="41.681783997965105" lon="123.4536243044099">
        <ele>48.2097887378186</ele>
        <time>2021-04-01T23:19:18.998000Z</time>
      </trkpt>
      <trkpt lat="41.68174206900659" lon="123.45349602815853">
        <ele>48.310215276665986</ele>
        <time>2021-04-01T23:19:21.998000Z</time>
      </trkpt>
      <trkpt lat="41.681708295841304" lon="123.45334174665125">
        <ele>47.675771162845194</ele>
        <time>2021-04-01T23:19:25.998000Z</time>
      </trkpt>
      <trkpt lat="41.68177138179293" lon="123.45319290872865">
        <ele>48.64258779026568</ele>
        <time>2021-04-01T23:19:28.998000Z</time>
      </trkpt>
      <trkpt lat="41.68176431241714" lon="123.45304315507799">
        <ele>48.166914727538824</ele>
        <time>2021-04-01T23:19:32.998000Z</time>
      </trkpt>
      <trkpt lat="41.681742303630706" lon="123.45289332825952">
        <ele>47.70936187636107</ele>
        <time>2021-04-01T23:19:35.998000Z</time>
      </trkpt>
      <trkpt lat="41.68175298556042" lon="123.45271089871734">
        <ele>48.063782846555114</ele>
        <time>2021-04-01T23:19:38.998000Z</time>
      </trkpt>
      <trkpt lat="41.68179940183453" lon="123.45259194810612">
        <ele>46.71804673131555</ele>
        <time>2021-04-01T23:19:41.998000Z</time>
      </trkpt>
      <trkpt lat="41.681788125520974" lon="123.45246819695686">
        <ele>46.09091991558671</ele>
        <time>2021-04-01T23:19:46.998000Z</time>
      </trkpt>
      <trkpt lat="41.68179105511725" lon="123.45234589585787">
        <ele>45.822005429305136</ele>
        <time>2021-04-01T23:19:54.998000Z</time>
      </trkpt>
      <trkpt lat="41.6817785995117" lon="123.45219991188517">
        <ele>45.96690774895251</ele>
        <time>2021-04-01T23:20:15.997000Z</time>
      </trkpt>
      <trkpt lat="41.68172428323085" lon="123.45208895309447">
        <ele>50.020704503171146</ele>
        <time>2021-04-01T23:20:20.997000Z</time>
      </trkpt>
      <trkpt lat="41.68174784232224" lon="123.45196149587076">
        <ele>47.103495865128934</ele>
        <time>2021-04-01T23:20:24.999000Z</time>
      </trkpt>
      <trkpt lat="41.681678017719165" lon="123.45186286092733">
        <ele>47.01969513017684</ele>
        <time>2021-04-01T23:20:29.999000Z</time>
      </trkpt>
      <trkpt lat="41.68169386324219" lon="123.45168390111301">
        <ele>46.67435727734119</ele>
        <time>2021-04-01T23:20:31.999000Z</time>
      </trkpt>
      <trkpt lat="41.68169134972996" lon="123.45153868395738">
        <ele>46.83721782639623</ele>
        <time>2021-04-01T23:20:33.999000Z</time>
      </trkpt>
      <trkpt lat="41.681699077697786" lon="123.45141172736055">
        <ele>47.17414033971727</ele>
        <time>2021-04-01T23:20:35.999000Z</time>
      </trkpt>
      <trkpt lat="41.681700148849956" lon="123.451286476314">
        <ele>47.240721308626235</ele>
        <time>2021-04-01T23:20:38.999000Z</time>
      </trkpt>
      <trkpt lat="41.681692317935045" lon="123.45113616514654">
        <ele>47.84823484532535</ele>
        <time>2021-04-01T23:20:41.999000Z</time>
      </trkpt>
      <trkpt lat="41.681707397740965" lon="123.4509718053529">
        <ele>46.33673386089504</ele>
        <time>2021-04-01T23:20:44.999000Z</time>
      </trkpt>
      <trkpt lat="41.681702312457936" lon="123.45083484589063">
        <ele>44.53298364859074</ele>
        <time>2021-04-01T23:20:47.999000Z</time>
      </trkpt>
      <trkpt lat="41.681717079238005" lon="123.45070543912023">
        <ele>46.5977670205757</ele>
        <time>2021-04-01T23:20:50.999000Z</time>
      </trkpt>
      <trkpt lat="41.68166663331678" lon="123.45058554380137">
        <ele>45.990620664320886</ele>
        <time>2021-04-01T23:20:53.999000Z</time>
      </trkpt>
      <trkpt lat="41.68164023665804" lon="123.45044084705096">
        <ele>45.60927544720471</ele>
        <time>2021-04-01T23:20:57.999000Z</time>
      </trkpt>
      <trkpt lat="41.681671781792474" lon="123.45029135908041">
        <ele>45.99864477477968</ele>
        <time>2021-04-01T23:20:59.999000Z</time>
      </trkpt>
      <trkpt lat="41.681678800328235" lon="123.45012401015558">
        <ele>44.873460330069065</ele>
        <time>2021-04-01T23:21:02.999000Z</time>
      </trkpt>
      <trkpt lat="41.68164561505982" lon="123.44999113936174">
        <ele>46.32498923689127</ele>
        <time>2021-04-01T23:21:05.999000Z</time>
      </trkpt>
      <trkpt lat="41.68169068255295" lon="123.44983156826945">
        <ele>45.69435299746692</ele>
        <time>2021-04-01T23:21:08.999000Z</time>
      </trkpt>
      <trkpt lat="41.68170263079439" lon="123.44969109301235">
        <ele>45.43369407672435</ele>
        <time>2021-04-01T23:21:11.999000Z</time>
      </trkpt>
      <trkpt lat="41.68172775958945" lon="123.44954250975279">
        <ele>45.34121606592089</ele>
        <time>2021-04-01T23:21:14.999000Z</time>
      </trkpt>
      <trkpt lat="41.68172452805964" lon="123.44941270995507">
        <ele>45.64460133574903</ele>
        <time>2021-04-01T23:21:17.999000Z</time>
      </trkpt>
      <trkpt lat="41.68172059521896" lon="123.44925235709039">
        <ele>44.97890109941363</ele>
        <time>2021-04-01T23:21:20.998000Z</time>
      </trkpt>
      <trkpt lat="41.6817267175101" lon="123.44910320180202">
        <ele>44.69457053206861</ele>
        <time>2021-04-01T23:21:23.998000Z</time>
      </trkpt>
      <trkpt lat="41.68172540942215" lon="123.44896015306993">
        <ele>45.2807509182021</ele>
        <time>2021-04-01T23:21:26.998000Z</time>
      </trkpt>
      <trkpt lat="41.681727636381645" lon="123.44882320653946">
        <ele>43.243076861836016</ele>
        <time>2021-04-01T23:21:29.998000Z</time>
      </trkpt>
      <trkpt lat="41.68173143396562" lon="123.44867075645296">
        <ele>44.507551091723144</ele>
        <time>2021-04-01T23:21:32.998000Z</time>
      </trkpt>
      <trkpt lat="41.68174346194508" lon="123.44854434277303">
        <ele>44.7751010004431</ele>
        <time>2021-04-01T23:21:35.998000Z</time>
      </trkpt>
      <trkpt lat="41.681753074809514" lon="123.4483911471204">
        <ele>44.418457358144224</ele>
        <time>2021-04-01T23:21:39.998000Z</time>
      </trkpt>
      <trkpt lat="41.68175539514442" lon="123.4482506402537">
        <ele>44.59760802704841</ele>
        <time>2021-04-01T23:21:43.998000Z</time>
      </trkpt>
      <trkpt lat="41.68172398532393" lon="123.44813239630477">
        <ele>45.89537749439478</ele>
        <time>2021-04-01T23:21:49.998000Z</time>
      </trkpt>
      <trkpt lat="41.68176867349244" lon="123.4480234423032">
        <ele>45.64101152680814</ele>
        <time>2021-04-01T23:22:10.997000Z</time>
      </trkpt>
      <trkpt lat="41.68174401098415" lon="123.44790030079393">
        <ele>45.90085087809712</ele>
        <time>2021-04-01T23:22:39.999000Z</time>
      </trkpt>
      <trkpt lat="41.681740818587045" lon="123.44775777772414">
        <ele>46.23790300823748</ele>
        <time>2021-04-01T23:22:42.999000Z</time>
      </trkpt>
      <trkpt lat="41.68176313207711" lon="123.44762384537593">
        <ele>45.162763895466924</ele>
        <time>2021-04-01T23:22:45.999000Z</time>
      </trkpt>
      <trkpt lat="41.681762347665426" lon="123.44748210522799">
        <ele>45.80345911625773</ele>
        <time>2021-04-01T23:22:49.999000Z</time>
      </trkpt>
      <trkpt lat="41.68174536669777" lon="123.44733071747692">
        <ele>44.86093873716891</ele>
        <time>2021-04-01T23:22:53.999000Z</time>
      </trkpt>
      <trkpt lat="41.68174465907871" lon="123.44720822114904">
        <ele>45.90295596886426</ele>
        <time>2021-04-01T23:22:56.999000Z</time>
      </trkpt>
      <trkpt lat="41.681724259489926" lon="123.4470642864676">
        <ele>46.54686334915459</ele>
        <time>2021-04-01T23:22:59.999000Z</time>
      </trkpt>
      <trkpt lat="41.681727031754285" lon="123.44693760647179">
        <ele>45.92106039635837</ele>
        <time>2021-04-01T23:23:02.999000Z</time>
      </trkpt>
      <trkpt lat="41.68172881531725" lon="123.44681023149758">
        <ele>46.77689658291638</ele>
        <time>2021-04-01T23:23:05.999000Z</time>
      </trkpt>
      <trkpt lat="41.681743204475715" lon="123.44667585139351">
        <ele>43.837552482262254</ele>
        <time>2021-04-01T23:23:08.999000Z</time>
      </trkpt>
      <trkpt lat="41.68173777683677" lon="123.44652639368077">
        <ele>42.55473318416625</ele>
        <time>2021-04-01T23:23:12.999000Z</time>
      </trkpt>
      <trkpt lat="41.68165956438816" lon="123.44644446535112">
        <ele>46.74476795177907</ele>
        <time>2021-04-01T23:23:15.999000Z</time>
      </trkpt>
      <trkpt lat="41.681590214409475" lon="123.44633765665004">
        <ele>49.08128505665809</ele>
        <time>2021-04-01T23:23:20.999000Z</time>
      </trkpt>
      <trkpt lat="41.68160650535017" lon="123.44617478796269">
        <ele>46.51819264609367</ele>
        <time>2021-04-01T23:23:23.999000Z</time>
      </trkpt>
      <trkpt lat="41.681604869813775" lon="123.44603254149658">
        <ele>46.21681240387261</ele>
        <time>2021-04-01T23:23:26.999000Z</time>
      </trkpt>
      <trkpt lat="41.681567547779146" lon="123.44589553841952">
        <ele>46.81056532729417</ele>
        <time>2021-04-01T23:23:30.998000Z</time>
      </trkpt>
      <trkpt lat="41.68153975438645" lon="123.445775220017">
        <ele>47.591193901374936</ele>
        <time>2021-04-01T23:23:34.998000Z</time>
      </trkpt>
      <trkpt lat="41.68156520207758" lon="123.4456552735572">
        <ele>47.36732156574726</ele>
        <time>2021-04-01T23:23:36.998000Z</time>
      </trkpt>
      <trkpt lat="41.68157922012129" lon="123.44552335507815">
        <ele>45.80456855893135</ele>
        <time>2021-04-01T23:23:39.998000Z</time>
      </trkpt>
      <trkpt lat="41.68147976033061" lon="123.4454894399901">
        <ele>47.25883908662945</ele>
        <time>2021-04-01T23:23:43.998000Z</time>
      </trkpt>
      <trkpt lat="41.68139425662967" lon="123.4454359735849">
        <ele>46.89607932791114</ele>
        <time>2021-04-01T23:23:47.998000Z</time>
      </trkpt>
      <trkpt lat="41.681294570161135" lon="123.4454560407611">
        <ele>46.265238775871694</ele>
        <time>2021-04-01T23:23:52.998000Z</time>
      </trkpt>
      <trkpt lat="41.681227039312255" lon="123.44533612194138">
        <ele>46.13889302778989</ele>
        <time>2021-04-01T23:23:56.998000Z</time>
      </trkpt>
      <trkpt lat="41.68114693352082" lon="123.4452519782999">
        <ele>46.0344702238217</ele>
        <time>2021-04-01T23:24:00.998000Z</time>
      </trkpt>
      <trkpt lat="41.681082520492694" lon="123.44514896973362">
        <ele>44.95437593944371</ele>
        <time>2021-04-01T23:24:04.998000Z</time>
      </trkpt>
      <trkpt lat="41.68103166409969" lon="123.44501564655441">
        <ele>47.18091260828078</ele>
        <time>2021-04-01T23:24:08.997000Z</time>
      </trkpt>
      <trkpt lat="41.68104716344717" lon="123.44489088901457">
        <ele>46.99687817133963</ele>
        <time>2021-04-01T23:24:10.997000Z</time>
      </trkpt>
      <trkpt lat="41.681019745032486" lon="123.44476465256847">
        <ele>46.49824396427721</ele>
        <time>2021-04-01T23:24:13.997000Z</time>
      </trkpt>
      <trkpt lat="41.68101276544046" lon="123.44464397336371">
        <ele>45.94222913775593</ele>
        <time>2021-04-01T23:24:15.997000Z</time>
      </trkpt>
      <trkpt lat="41.68109292886497" lon="123.44449036907393">
        <ele>44.9578297669068</ele>
        <time>2021-04-01T23:24:16.997000Z</time>
      </trkpt>
      <trkpt lat="41.68116500367016" lon="123.44432485641221">
        <ele>43.977716269902885</ele>
        <time>2021-04-01T23:24:17.997000Z</time>
      </trkpt>
      <trkpt lat="41.68122688609199" lon="123.44419996020004">
        <ele>43.77667542267591</ele>
        <time>2021-04-01T23:24:18.997000Z</time>
      </trkpt>
      <trkpt lat="41.6813123237416" lon="123.44398277332002">
        <ele>43.72414989862591</ele>
        <time>2021-04-01T23:24:20.997000Z</time>
      </trkpt>
      <trkpt lat="41.68139345112687" lon="123.44378530443296">
        <ele>44.77937004901469</ele>
        <time>2021-04-01T23:24:22.997000Z</time>
      </trkpt>
      <trkpt lat="41.68146190074594" lon="123.44358779404779">
        <ele>45.488913285546005</ele>
        <time>2021-04-01T23:24:24.997000Z</time>
      </trkpt>
      <trkpt lat="41.681513949297056" lon="123.44341958020978">
        <ele>45.2742632124573</ele>
        <time>2021-04-01T23:24:26.997000Z</time>
      </trkpt>
      <trkpt lat="41.6815716974238" lon="123.443283221142">
        <ele>45.096148991025984</ele>
        <time>2021-04-01T23:24:28.997000Z</time>
      </trkpt>
      <trkpt lat="41.68161831125681" lon="123.44316576183043">
        <ele>45.054408960044384</ele>
        <time>2021-04-01T23:24:30.997000Z</time>
      </trkpt>
      <trkpt lat="41.68163713159064" lon="123.44299576944022">
        <ele>45.602719963528216</ele>
        <time>2021-04-01T23:24:33.997000Z</time>
      </trkpt>
      <trkpt lat="41.681624164157306" lon="123.4428500559098">
        <ele>45.471985024400055</ele>
        <time>2021-04-01T23:24:36.999000Z</time>
      </trkpt>
      <trkpt lat="41.68160100702774" lon="123.44272088219462">
        <ele>47.58267431613058</ele>
        <time>2021-04-01T23:24:40.999000Z</time>
      </trkpt>
      <trkpt lat="41.681601031511725" lon="123.44259227015618">
        <ele>47.544539699330926</ele>
        <time>2021-04-01T23:24:43.999000Z</time>
      </trkpt>
      <trkpt lat="41.68162483250872" lon="123.44246597196936">
        <ele>47.453831017017365</ele>
        <time>2021-04-01T23:24:46.999000Z</time>
      </trkpt>
      <trkpt lat="41.68163241789783" lon="123.44233233666648">
        <ele>46.85046943090856</ele>
        <time>2021-04-01T23:24:49.999000Z</time>
      </trkpt>
      <trkpt lat="41.6816609744603" lon="123.44218527959238">
        <ele>45.77686532214284</ele>
        <time>2021-04-01T23:24:52.999000Z</time>
      </trkpt>
      <trkpt lat="41.681640549789485" lon="123.44205126787158">
        <ele>46.005457875318825</ele>
        <time>2021-04-01T23:24:55.999000Z</time>
      </trkpt>
      <trkpt lat="41.68163673310415" lon="123.44190538130943">
        <ele>46.56600768305361</ele>
        <time>2021-04-01T23:24:58.999000Z</time>
      </trkpt>
      <trkpt lat="41.681641268703345" lon="123.4417787926841">
        <ele>46.96014620643109</ele>
        <time>2021-04-01T23:25:01.999000Z</time>
      </trkpt>
      <trkpt lat="41.681657649846564" lon="123.44165109556393">
        <ele>47.24952604342252</ele>
        <time>2021-04-01T23:25:04.999000Z</time>
      </trkpt>
      <trkpt lat="41.68168288365838" lon="123.4415274576373">
        <ele>46.89678139798343</ele>
        <time>2021-04-01T23:25:07.999000Z</time>
      </trkpt>
      <trkpt lat="41.68165744064053" lon="123.44138971516327">
        <ele>45.85133468545973</ele>
        <time>2021-04-01T23:25:11.999000Z</time>
      </trkpt>
      <trkpt lat="41.68165397678897" lon="123.44125049036994">
        <ele>45.96349961590022</ele>
        <time>2021-04-01T23:25:14.999000Z</time>
      </trkpt>
      <trkpt lat="41.681649647910774" lon="123.44110826632043">
        <ele>45.78414411377162</ele>
        <time>2021-04-01T23:25:17.999000Z</time>
      </trkpt>
      <trkpt lat="41.68165484478114" lon="123.44095242202955">
        <ele>46.81599444337189</ele>
        <time>2021-04-01T23:25:21.999000Z</time>
      </trkpt>
      <trkpt lat="41.68164956691258" lon="123.44081491657224">
        <ele>46.8500214247033</ele>
        <time>2021-04-01T23:25:25.999000Z</time>
      </trkpt>
      <trkpt lat="41.681693716711344" lon="123.44066066664011">
        <ele>45.27884548343718</ele>
        <time>2021-04-01T23:25:28.999000Z</time>
      </trkpt>
      <trkpt lat="41.681730062046014" lon="123.4405242835632">
        <ele>45.256490955129266</ele>
        <time>2021-04-01T23:25:31.999000Z</time>
      </trkpt>
      <trkpt lat="41.68176478702619" lon="123.44037234390949">
        <ele>44.948955171741545</ele>
        <time>2021-04-01T23:25:34.999000Z</time>
      </trkpt>
      <trkpt lat="41.6817667212279" lon="123.44024198199641">
        <ele>44.86479164939374</ele>
        <time>2021-04-01T23:25:37.998000Z</time>
      </trkpt>
      <trkpt lat="41.68178071830007" lon="123.4400919289128">
        <ele>45.51426617614925</ele>
        <time>2021-04-01T23:25:41.998000Z</time>
      </trkpt>
      <trkpt lat="41.68178791796098" lon="123.43995584025419">
        <ele>45.4078491833061</ele>
        <time>2021-04-01T23:25:44.998000Z</time>
      </trkpt>
      <trkpt lat="41.68178208483865" lon="123.43982070885593">
        <ele>46.050716297701</ele>
        <time>2021-04-01T23:25:47.998000Z</time>
      </trkpt>
      <trkpt lat="41.68178652216355" lon="123.43967311055955">
        <ele>44.862536357715726</ele>
        <time>2021-04-01T23:25:50.998000Z</time>
      </trkpt>
      <trkpt lat="41.68178957959937" lon="123.43953911673151">
        <ele>44.953610989265144</ele>
        <time>2021-04-01T23:25:53.998000Z</time>
      </trkpt>
      <trkpt lat="41.681790613674735" lon="123.43939635643996">
        <ele>44.186054713092744</ele>
        <time>2021-04-01T23:25:56.998000Z</time>
      </trkpt>
      <trkpt lat="41.68179769680371" lon="123.43924880231177">
        <ele>44.28009898215532</ele>
        <time>2021-04-01T23:25:59.998000Z</time>
      </trkpt>
      <trkpt lat="41.68180994455951" lon="123.43912967169442">
        <ele>44.54169983230531</ele>
        <time>2021-04-01T23:26:01.998000Z</time>
      </trkpt>
      <trkpt lat="41.681838877655274" lon="123.43897458614833">
        <ele>43.702662667259574</ele>
        <time>2021-04-01T23:26:04.998000Z</time>
      </trkpt>
      <trkpt lat="41.681844032583115" lon="123.43884181872144">
        <ele>45.4524574233219</ele>
        <time>2021-04-01T23:26:07.998000Z</time>
      </trkpt>
      <trkpt lat="41.68179525785075" lon="123.43871489479241">
        <ele>45.82009969372302</ele>
        <time>2021-04-01T23:26:11.998000Z</time>
      </trkpt>
      <trkpt lat="41.68179473018282" lon="123.43856592175422">
        <ele>45.37619682960212</ele>
        <time>2021-04-01T23:26:15.998000Z</time>
      </trkpt>
      <trkpt lat="41.68180264647518" lon="123.4384234319234">
        <ele>44.318122290074825</ele>
        <time>2021-04-01T23:26:19.997000Z</time>
      </trkpt>
      <trkpt lat="41.681804741554124" lon="123.43825562953865">
        <ele>44.57357291691005</ele>
        <time>2021-04-01T23:26:23.997000Z</time>
      </trkpt>
      <trkpt lat="41.681794118156" lon="123.43810968880243">
        <ele>44.76397113595158</ele>
        <time>2021-04-01T23:26:27.997000Z</time>
      </trkpt>
      <trkpt lat="41.68179803622956" lon="123.43798463034368">
        <ele>44.39021467603743</ele>
        <time>2021-04-01T23:26:31.997000Z</time>
      </trkpt>
      <trkpt lat="41.68181664718926" lon="123.43781525209165">
        <ele>44.94264126755297</ele>
        <time>2021-04-01T23:26:34.997000Z</time>
      </trkpt>
      <trkpt lat="41.68180573894768" lon="123.4376920036418">
        <ele>44.35822942759842</ele>
        <time>2021-04-01T23:26:37.997000Z</time>
      </trkpt>
      <trkpt lat="41.68178132693646" lon="123.43754828749772">
        <ele>44.92978955991566</ele>
        <time>2021-04-01T23:26:41.997000Z</time>
      </trkpt>
      <trkpt lat="41.68177516856051" lon="123.43741900744594">
        <ele>44.933567866683006</ele>
        <time>2021-04-01T23:26:45.999000Z</time>
      </trkpt>
      <trkpt lat="41.681753649214635" lon="123.4372712959567">
        <ele>45.702545972540975</ele>
        <time>2021-04-01T23:26:49.999000Z</time>
      </trkpt>
      <trkpt lat="41.68178006416826" lon="123.43711919439019">
        <ele>44.0512475008145</ele>
        <time>2021-04-01T23:26:52.999000Z</time>
      </trkpt>
      <trkpt lat="41.6817921248384" lon="123.4369773406463">
        <ele>44.15537625551224</ele>
        <time>2021-04-01T23:26:55.999000Z</time>
      </trkpt>
      <trkpt lat="41.68177015114525" lon="123.43685697422968">
        <ele>45.83713585231453</ele>
        <time>2021-04-01T23:26:58.999000Z</time>
      </trkpt>
      <trkpt lat="41.68174219476889" lon="123.43672287054385">
        <ele>45.436872825957835</ele>
        <time>2021-04-01T23:27:01.999000Z</time>
      </trkpt>
      <trkpt lat="41.68170419472356" lon="123.4365910071659">
        <ele>47.33617323823273</ele>
        <time>2021-04-01T23:27:05.999000Z</time>
      </trkpt>
      <trkpt lat="41.681694996090734" lon="123.4364629986309">
        <ele>45.25307252723724</ele>
        <time>2021-04-01T23:27:08.999000Z</time>
      </trkpt>
      <trkpt lat="41.68174486184784" lon="123.43632813657025">
        <ele>45.10403097141534</ele>
        <time>2021-04-01T23:27:12.999000Z</time>
      </trkpt>
      <trkpt lat="41.68173359993131" lon="123.43620819991344">
        <ele>45.57596788927913</ele>
        <time>2021-04-01T23:27:15.999000Z</time>
      </trkpt>
      <trkpt lat="41.68173998172278" lon="123.43606552956568">
        <ele>45.126684284769</ele>
        <time>2021-04-01T23:27:19.999000Z</time>
      </trkpt>
      <trkpt lat="41.68174938733728" lon="123.43593871625801">
        <ele>45.86715272627771</ele>
        <time>2021-04-01T23:27:24.999000Z</time>
      </trkpt>
      <trkpt lat="41.681758284336134" lon="123.43578557671343">
        <ele>48.792355353944004</ele>
        <time>2021-04-01T23:27:29.999000Z</time>
      </trkpt>
      <trkpt lat="41.68175561025053" lon="123.43566067962483">
        <ele>45.94789565913379</ele>
        <time>2021-04-01T23:27:32.999000Z</time>
      </trkpt>
      <trkpt lat="41.68174123180745" lon="123.43550652018962">
        <ele>46.779162818565965</ele>
        <time>2021-04-01T23:27:37.999000Z</time>
      </trkpt>
      <trkpt lat="41.68174781413576" lon="123.43535680368608">
        <ele>45.657156467437744</ele>
        <time>2021-04-01T23:27:41.999000Z</time>
      </trkpt>
      <trkpt lat="41.681725885400105" lon="123.43520782668197">
        <ele>45.72591562010348</ele>
        <time>2021-04-01T23:27:45.999000Z</time>
      </trkpt>
      <trkpt lat="41.681720497888975" lon="123.43507822072567">
        <ele>46.75248154066503</ele>
        <time>2021-04-01T23:27:50.998000Z</time>
      </trkpt>
      <trkpt lat="41.68168418754177" lon="123.43495596882467">
        <ele>47.12997819390148</ele>
        <time>2021-04-01T23:27:55.998000Z</time>
      </trkpt>
      <trkpt lat="41.68162101795691" lon="123.43485759189825">
        <ele>45.81729574408382</ele>
        <time>2021-04-01T23:28:00.998000Z</time>
      </trkpt>
      <trkpt lat="41.68165172278817" lon="123.43473801104302">
        <ele>45.96884297858924</ele>
        <time>2021-04-01T23:28:02.998000Z</time>
      </trkpt>
      <trkpt lat="41.681635837999906" lon="123.43460266390792">
        <ele>44.70135892275721</ele>
        <time>2021-04-01T23:28:05.998000Z</time>
      </trkpt>
      <trkpt lat="41.68160464104253" lon="123.43448837780282">
        <ele>44.24536445643753</ele>
        <time>2021-04-01T23:28:08.998000Z</time>
      </trkpt>
      <trkpt lat="41.681509680346494" lon="123.4344380537701">
        <ele>43.55164542514831</ele>
        <time>2021-04-01T23:28:11.998000Z</time>
      </trkpt>
      <trkpt lat="41.681429560758005" lon="123.4345145067133">
        <ele>44.64249522052705</ele>
        <time>2021-04-01T23:28:13.998000Z</time>
      </trkpt>
      <trkpt lat="41.68132452497977" lon="123.43442666243891">
        <ele>44.250043663196266</ele>
        <time>2021-04-01T23:28:19.998000Z</time>
      </trkpt>
      <trkpt lat="41.68127768615595" lon="123.43427362128114">
        <ele>45.106156026013196</ele>
        <time>2021-04-01T23:28:22.998000Z</time>
      </trkpt>
      <trkpt lat="41.68127755989388" lon="123.43410236623163">
        <ele>45.62814326584339</ele>
        <time>2021-04-01T23:28:25.998000Z</time>
      </trkpt>
      <trkpt lat="41.68133839615872" lon="123.43400653764549">
        <ele>45.76948223263025</ele>
        <time>2021-04-01T23:28:26.998000Z</time>
      </trkpt>
      <trkpt lat="41.68129368158409" lon="123.4338725752682">
        <ele>44.88680010847747</ele>
        <time>2021-04-01T23:28:29.997000Z</time>
      </trkpt>
      <trkpt lat="41.68132590187158" lon="123.43375002296737">
        <ele>44.30203529447317</ele>
        <time>2021-04-01T23:28:31.997000Z</time>
      </trkpt>
      <trkpt lat="41.68138808997488" lon="123.4336352703817">
        <ele>45.13931710924953</ele>
        <time>2021-04-01T23:28:32.997000Z</time>
      </trkpt>
      <trkpt lat="41.68142166496452" lon="123.43350148751477">
        <ele>44.66530624218285</ele>
        <time>2021-04-01T23:28:34.997000Z</time>
      </trkpt>
      <trkpt lat="41.68144453784607" lon="123.43337879911697">
        <ele>44.90034519508481</ele>
        <time>2021-04-01T23:28:36.997000Z</time>
      </trkpt>
      <trkpt lat="41.68145561053962" lon="123.43319219539642">
        <ele>45.82987546455115</ele>
        <time>2021-04-01T23:28:39.997000Z</time>
      </trkpt>
      <trkpt lat="41.68148627737183" lon="123.43307139416213">
        <ele>45.862833430059254</ele>
        <time>2021-04-01T23:28:40.997000Z</time>
      </trkpt>
      <trkpt lat="41.68150204577782" lon="123.43291943449015">
        <ele>45.51664415653795</ele>
        <time>2021-04-01T23:28:43.997000Z</time>
      </trkpt>
      <trkpt lat="41.6815353519614" lon="123.43280005618324">
        <ele>45.882601549848914</ele>
        <time>2021-04-01T23:28:46.997000Z</time>
      </trkpt>
      <trkpt lat="41.68156606594242" lon="123.43265665718509">
        <ele>45.74736195523292</ele>
        <time>2021-04-01T23:28:50Z</time>
      </trkpt>
      <trkpt lat="41.6815814492035" lon="123.43250853390565">
        <ele>45.35290408600122</ele>
        <time>2021-04-01T23:28:53Z</time>
      </trkpt>
      <trkpt lat="41.681611294954564" lon="123.4323463136072">
        <ele>43.754266432486475</ele>
        <time>2021-04-01T23:28:56Z</time>
      </trkpt>
      <trkpt lat="41.68159924466111" lon="123.43221370752141">
        <ele>44.571848816238344</ele>
        <time>2021-04-01T23:28:59Z</time>
      </trkpt>
      <trkpt lat="41.681629543189906" lon="123.43206911001512">
        <ele>45.19956275820732</ele>
        <time>2021-04-01T23:29:02Z</time>
      </trkpt>
      <trkpt lat="41.681642420300946" lon="123.431933761155">
        <ele>44.326564569957554</ele>
        <time>2021-04-01T23:29:05Z</time>
      </trkpt>
      <trkpt lat="41.68164623995983" lon="123.43177843538126">
        <ele>44.396493854001164</ele>
        <time>2021-04-01T23:29:08Z</time>
      </trkpt>
      <trkpt lat="41.68164651672695" lon="123.43164558367346">
        <ele>45.369064815342426</ele>
        <time>2021-04-01T23:29:10.999000Z</time>
      </trkpt>
      <trkpt lat="41.68163857876124" lon="123.43147643696156">
        <ele>44.6365901241079</ele>
        <time>2021-04-01T23:29:15.999000Z</time>
      </trkpt>
      <trkpt lat="41.68166521887913" lon="123.43131605013902">
        <ele>44.100562886334956</ele>
        <time>2021-04-01T23:29:18.999000Z</time>
      </trkpt>
      <trkpt lat="41.681682964817824" lon="123.43118623990348">
        <ele>44.55900694988668</ele>
        <time>2021-04-01T23:29:21.999000Z</time>
      </trkpt>
      <trkpt lat="41.68168948018124" lon="123.4310465677743">
        <ele>43.50491414964199</ele>
        <time>2021-04-01T23:29:24.999000Z</time>
      </trkpt>
      <trkpt lat="41.68167374172847" lon="123.43091601750052">
        <ele>44.400155283510685</ele>
        <time>2021-04-01T23:29:28Z</time>
      </trkpt>
      <trkpt lat="41.68162625473855" lon="123.43075156949875">
        <ele>47.69872761517763</ele>
        <time>2021-04-01T23:29:32Z</time>
      </trkpt>
      <trkpt lat="41.68163938731827" lon="123.43059678583974">
        <ele>46.358839054591954</ele>
        <time>2021-04-01T23:29:35Z</time>
      </trkpt>
      <trkpt lat="41.68164241138276" lon="123.43046205524229">
        <ele>45.43297220207751</ele>
        <time>2021-04-01T23:29:38Z</time>
      </trkpt>
      <trkpt lat="41.68164195075478" lon="123.43031494433357">
        <ele>45.17398788034916</ele>
        <time>2021-04-01T23:29:41Z</time>
      </trkpt>
      <trkpt lat="41.68163804369855" lon="123.43017724898667">
        <ele>46.30748041160405</ele>
        <time>2021-04-01T23:29:44Z</time>
      </trkpt>
      <trkpt lat="41.68166016395755" lon="123.43001942268681">
        <ele>46.685430084355175</ele>
        <time>2021-04-01T23:29:47Z</time>
      </trkpt>
      <trkpt lat="41.6816409382779" lon="123.42989666382624">
        <ele>46.8942806115374</ele>
        <time>2021-04-01T23:29:49.999000Z</time>
      </trkpt>
      <trkpt lat="41.68163744577724" lon="123.42974635092476">
        <ele>45.99242119677365</ele>
        <time>2021-04-01T23:29:53.999000Z</time>
      </trkpt>
      <trkpt lat="41.681668940625386" lon="123.4296312554675">
        <ele>47.01302062254399</ele>
        <time>2021-04-01T23:29:57.999000Z</time>
      </trkpt>
      <trkpt lat="41.681719062316034" lon="123.4295133879873">
        <ele>44.950280220247805</ele>
        <time>2021-04-01T23:30:02.999000Z</time>
      </trkpt>
      <trkpt lat="41.68178609642086" lon="123.42942922740066">
        <ele>43.972208007238805</ele>
        <time>2021-04-01T23:30:09.999000Z</time>
      </trkpt>
      <trkpt lat="41.68182612293587" lon="123.42931361174298">
        <ele>44.01480867341161</ele>
        <time>2021-04-01T23:30:22.999000Z</time>
      </trkpt>
      <trkpt lat="41.68185479479978" lon="123.42919044141848">
        <ele>44.7943778662011</ele>
        <time>2021-04-01T23:30:27.999000Z</time>
      </trkpt>
      <trkpt lat="41.68184572122154" lon="123.42904558762734">
        <ele>44.403171685524285</ele>
        <time>2021-04-01T23:30:30.998000Z</time>
      </trkpt>
      <trkpt lat="41.681823207139956" lon="123.42890609192332">
        <ele>44.310700363479555</ele>
        <time>2021-04-01T23:30:33.998000Z</time>
      </trkpt>
      <trkpt lat="41.681810130962006" lon="123.42874020617374">
        <ele>44.573903230950236</ele>
        <time>2021-04-01T23:30:36.998000Z</time>
      </trkpt>
      <trkpt lat="41.68177000510738" lon="123.42860789590166">
        <ele>46.63061861973256</ele>
        <time>2021-04-01T23:30:40.998000Z</time>
      </trkpt>
      <trkpt lat="41.68171659790866" lon="123.42846456514657">
        <ele>47.83792503364384</ele>
        <time>2021-04-01T23:30:44.998000Z</time>
      </trkpt>
      <trkpt lat="41.681668640795536" lon="123.4283283877626">
        <ele>48.12600331380963</ele>
        <time>2021-04-01T23:30:48.998000Z</time>
      </trkpt>
      <trkpt lat="41.68168514710501" lon="123.4281998200395">
        <ele>46.95454237610102</ele>
        <time>2021-04-01T23:30:51.998000Z</time>
      </trkpt>
      <trkpt lat="41.68163302244695" lon="123.42807857412303">
        <ele>44.61523453425616</ele>
        <time>2021-04-01T23:30:56Z</time>
      </trkpt>
      <trkpt lat="41.68161938217958" lon="123.42793842327855">
        <ele>44.237464254722</ele>
        <time>2021-04-01T23:31:01Z</time>
      </trkpt>
      <trkpt lat="41.6815906188068" lon="123.42781040549698">
        <ele>44.56239579245448</ele>
        <time>2021-04-01T23:31:04Z</time>
      </trkpt>
      <trkpt lat="41.68160033033059" lon="123.42766495486342">
        <ele>44.09205806441605</ele>
        <time>2021-04-01T23:31:07Z</time>
      </trkpt>
      <trkpt lat="41.68155977550508" lon="123.42755152619134">
        <ele>44.13364438805729</ele>
        <time>2021-04-01T23:31:10Z</time>
      </trkpt>
      <trkpt lat="41.68154498910336" lon="123.42742041596837">
        <ele>44.13748262450099</ele>
        <time>2021-04-01T23:31:13.001000Z</time>
      </trkpt>
      <trkpt lat="41.68155694682897" lon="123.42725197000712">
        <ele>44.434198069386184</ele>
        <time>2021-04-01T23:31:17Z</time>
      </trkpt>
      <trkpt lat="41.68149714040292" lon="123.42714974909836">
        <ele>44.79150213859975</ele>
        <time>2021-04-01T23:31:21Z</time>
      </trkpt>
      <trkpt lat="41.68141699472686" lon="123.42706108073264">
        <ele>44.39661048166454</ele>
        <time>2021-04-01T23:31:31Z</time>
      </trkpt>
      <trkpt lat="41.68136949865289" lon="123.42695753866037">
        <ele>44.380848626606166</ele>
        <time>2021-04-01T23:31:34Z</time>
      </trkpt>
      <trkpt lat="41.68134265443485" lon="123.42681738280109">
        <ele>43.95381641481072</ele>
        <time>2021-04-01T23:31:38Z</time>
      </trkpt>
      <trkpt lat="41.68136517724089" lon="123.42666342378895">
        <ele>44.5416721412912</ele>
        <time>2021-04-01T23:31:40Z</time>
      </trkpt>
      <trkpt lat="41.681366594151385" lon="123.42652581258575">
        <ele>43.8149207374081</ele>
        <time>2021-04-01T23:31:42Z</time>
      </trkpt>
      <trkpt lat="41.68138418844417" lon="123.42636947795032">
        <ele>43.98378124833107</ele>
        <time>2021-04-01T23:31:44Z</time>
      </trkpt>
      <trkpt lat="41.681408207561724" lon="123.42624869076276">
        <ele>44.72128674481064</ele>
        <time>2021-04-01T23:31:46Z</time>
      </trkpt>
      <trkpt lat="41.68144009519521" lon="123.42610926342574">
        <ele>44.679106150753796</ele>
        <time>2021-04-01T23:31:48Z</time>
      </trkpt>
      <trkpt lat="41.68148440006535" lon="123.42592357565546">
        <ele>45.86957927607</ele>
        <time>2021-04-01T23:31:50Z</time>
      </trkpt>
      <trkpt lat="41.68151003815453" lon="123.42578033588681">
        <ele>45.354439987801015</ele>
        <time>2021-04-01T23:31:52Z</time>
      </trkpt>
      <trkpt lat="41.68153443816827" lon="123.42566380795094">
        <ele>45.74576540570706</ele>
        <time>2021-04-01T23:31:54Z</time>
      </trkpt>
      <trkpt lat="41.68157604827085" lon="123.42550257674581">
        <ele>45.14953922107816</ele>
        <time>2021-04-01T23:31:56.999000Z</time>
      </trkpt>
      <trkpt lat="41.68161162354233" lon="123.42537455514756">
        <ele>45.03558762464672</ele>
        <time>2021-04-01T23:31:59.999000Z</time>
      </trkpt>
      <trkpt lat="41.68165253983139" lon="123.42526349268852">
        <ele>45.123012555763125</ele>
        <time>2021-04-01T23:32:02.999000Z</time>
      </trkpt>
      <trkpt lat="41.68167839797614" lon="123.42514700600583">
        <ele>44.05993364751339</ele>
        <time>2021-04-01T23:32:06.999000Z</time>
      </trkpt>
      <trkpt lat="41.681705460689635" lon="123.42500807506907">
        <ele>44.90717661101371</ele>
        <time>2021-04-01T23:32:10.999000Z</time>
      </trkpt>
      <trkpt lat="41.681722247761336" lon="123.42487791706732">
        <ele>44.95475599914789</ele>
        <time>2021-04-01T23:32:14.999000Z</time>
      </trkpt>
      <trkpt lat="41.681741174093496" lon="123.42472981020848">
        <ele>44.19344883877784</ele>
        <time>2021-04-01T23:32:18.999000Z</time>
      </trkpt>
      <trkpt lat="41.68175556481757" lon="123.42460382467888">
        <ele>45.15520467981696</ele>
        <time>2021-04-01T23:32:21.999000Z</time>
      </trkpt>
      <trkpt lat="41.68174939450938" lon="123.4244805188745">
        <ele>45.69063662737608</ele>
        <time>2021-04-01T23:32:24.999000Z</time>
      </trkpt>
      <trkpt lat="41.68175687752784" lon="123.42432581610103">
        <ele>44.765500757843256</ele>
        <time>2021-04-01T23:32:28.999000Z</time>
      </trkpt>
      <trkpt lat="41.68175771290887" lon="123.42418559094853">
        <ele>45.3564042923972</ele>
        <time>2021-04-01T23:32:32.999000Z</time>
      </trkpt>
      <trkpt lat="41.68178677069347" lon="123.4240418681202">
        <ele>44.403426920995116</ele>
        <time>2021-04-01T23:32:36.999000Z</time>
      </trkpt>
      <trkpt lat="41.681782378469826" lon="123.4239218979144">
        <ele>44.97903812583536</ele>
        <time>2021-04-01T23:32:39.998000Z</time>
      </trkpt>
      <trkpt lat="41.68174875192924" lon="123.42379415605022">
        <ele>46.959649295546114</ele>
        <time>2021-04-01T23:32:43.998000Z</time>
      </trkpt>
      <trkpt lat="41.68176724775199" lon="123.42363533937704">
        <ele>45.34718821104616</ele>
        <time>2021-04-01T23:32:46.998000Z</time>
      </trkpt>
      <trkpt lat="41.68173739732829" lon="123.4235089288304">
        <ele>47.94410192221403</ele>
        <time>2021-04-01T23:32:50.998000Z</time>
      </trkpt>
      <trkpt lat="41.68171698944796" lon="123.42337314232634">
        <ele>47.22863182146102</ele>
        <time>2021-04-01T23:32:55.998000Z</time>
      </trkpt>
      <trkpt lat="41.6817041793538" lon="123.42323039845844">
        <ele>46.60486045386642</ele>
        <time>2021-04-01T23:32:58.998000Z</time>
      </trkpt>
      <trkpt lat="41.681717557728625" lon="123.42308688863127">
        <ele>46.65880356263369</ele>
        <time>2021-04-01T23:33:02.001000Z</time>
      </trkpt>
      <trkpt lat="41.68172359628916" lon="123.42296012856644">
        <ele>46.89808325842023</ele>
        <time>2021-04-01T23:33:05.001000Z</time>
      </trkpt>
      <trkpt lat="41.681757452298186" lon="123.42281943755805">
        <ele>45.86763241328299</ele>
        <time>2021-04-01T23:33:08.001000Z</time>
      </trkpt>
      <trkpt lat="41.681773010101466" lon="123.42269807305794">
        <ele>44.322930408641696</ele>
        <time>2021-04-01T23:33:10.001000Z</time>
      </trkpt>
      <trkpt lat="41.68177632080718" lon="123.4225521443843">
        <ele>42.97902384214103</ele>
        <time>2021-04-01T23:33:13.001000Z</time>
      </trkpt>
      <trkpt lat="41.681829194593156" lon="123.42238174757429">
        <ele>44.407072285190225</ele>
        <time>2021-04-01T23:33:16.001000Z</time>
      </trkpt>
      <trkpt lat="41.68185538341914" lon="123.42224296216567">
        <ele>44.42444594204426</ele>
        <time>2021-04-01T23:33:18.001000Z</time>
      </trkpt>
      <trkpt lat="41.68185686417469" lon="123.4221038369835">
        <ele>45.49177655391395</ele>
        <time>2021-04-01T23:33:21Z</time>
      </trkpt>
      <trkpt lat="41.681832030521846" lon="123.42197412540217">
        <ele>48.234405182302</ele>
        <time>2021-04-01T23:33:25Z</time>
      </trkpt>
      <trkpt lat="41.681810916019465" lon="123.4218189115746">
        <ele>47.43175490479916</ele>
        <time>2021-04-01T23:33:29Z</time>
      </trkpt>
      <trkpt lat="41.6818313161499" lon="123.42167007907487">
        <ele>45.309207232668996</ele>
        <time>2021-04-01T23:33:32Z</time>
      </trkpt>
      <trkpt lat="41.68183340591397" lon="123.42153825337363">
        <ele>44.61117950081825</ele>
        <time>2021-04-01T23:33:35Z</time>
      </trkpt>
      <trkpt lat="41.68182202382923" lon="123.42138447173693">
        <ele>45.58251871354878</ele>
        <time>2021-04-01T23:33:38Z</time>
      </trkpt>
      <trkpt lat="41.681814329494905" lon="123.4212635650759">
        <ele>45.766717934049666</ele>
        <time>2021-04-01T23:33:41Z</time>
      </trkpt>
      <trkpt lat="41.68183399981646" lon="123.42110869422872">
        <ele>44.961394228972495</ele>
        <time>2021-04-01T23:33:44Z</time>
      </trkpt>
      <trkpt lat="41.68187808446789" lon="123.42096324208188">
        <ele>43.792509713210166</ele>
        <time>2021-04-01T23:33:47Z</time>
      </trkpt>
      <trkpt lat="41.68187869482556" lon="123.42081208725692">
        <ele>44.186515256762505</ele>
        <time>2021-04-01T23:33:50Z</time>
      </trkpt>
      <trkpt lat="41.68190419803083" lon="123.42067248798453">
        <ele>44.88527761772275</ele>
        <time>2021-04-01T23:33:53Z</time>
      </trkpt>
      <trkpt lat="41.681923579452274" lon="123.4205436610391">
        <ele>44.66605264134705</ele>
        <time>2021-04-01T23:33:56Z</time>
      </trkpt>
      <trkpt lat="41.68192234608806" lon="123.42038123140954">
        <ele>46.02553391829133</ele>
        <time>2021-04-01T23:33:58.999000Z</time>
      </trkpt>
      <trkpt lat="41.68196567116403" lon="123.42024417318335">
        <ele>45.90152012556791</ele>
        <time>2021-04-01T23:34:01.999000Z</time>
      </trkpt>
      <trkpt lat="41.682009808985526" lon="123.4201265661051">
        <ele>44.88475243374705</ele>
        <time>2021-04-01T23:34:06.999000Z</time>
      </trkpt>
      <trkpt lat="41.68202019966772" lon="123.42000325187298">
        <ele>45.980431337840855</ele>
        <time>2021-04-01T23:34:10.999000Z</time>
      </trkpt>
      <trkpt lat="41.68201163076203" lon="123.4198663820356">
        <ele>45.62998551968485</ele>
        <time>2021-04-01T23:34:14.999000Z</time>
      </trkpt>
      <trkpt lat="41.68197730213891" lon="123.41974900356426">
        <ele>44.90799736790359</ele>
        <time>2021-04-01T23:34:20.999000Z</time>
      </trkpt>
      <trkpt lat="41.681965399914716" lon="123.41962756663901">
        <ele>46.77147395350039</ele>
        <time>2021-04-01T23:34:23.999000Z</time>
      </trkpt>
      <trkpt lat="41.68197712799326" lon="123.41949702668497">
        <ele>46.111739688552916</ele>
        <time>2021-04-01T23:34:26.999000Z</time>
      </trkpt>
      <trkpt lat="41.68200837834116" lon="123.41936039483635">
        <ele>46.55529526248574</ele>
        <time>2021-04-01T23:34:30.999000Z</time>
      </trkpt>
      <trkpt lat="41.682028843777175" lon="123.41921255464439">
        <ele>45.3476295536384</ele>
        <time>2021-04-01T23:34:34.999000Z</time>
      </trkpt>
      <trkpt lat="41.68204155915791" lon="123.41907015409858">
        <ele>44.43058772850782</ele>
        <time>2021-04-01T23:34:38.999000Z</time>
      </trkpt>
      <trkpt lat="41.68203767059312" lon="123.41892372185823">
        <ele>43.79893019422889</ele>
        <time>2021-04-01T23:34:42.998000Z</time>
      </trkpt>
      <trkpt lat="41.68199771945277" lon="123.41879060557481">
        <ele>44.82059299945831</ele>
        <time>2021-04-01T23:34:46.998000Z</time>
      </trkpt>
      <trkpt lat="41.681982595831144" lon="123.41866176286798">
        <ele>44.14570689108223</ele>
        <time>2021-04-01T23:34:49.998000Z</time>
      </trkpt>
      <trkpt lat="41.682030619603616" lon="123.4185491947361">
        <ele>43.51788031682372</ele>
        <time>2021-04-01T23:34:53.998000Z</time>
      </trkpt>
      <trkpt lat="41.682070766432965" lon="123.41843813475414">
        <ele>43.45817629341036</ele>
        <time>2021-04-01T23:34:56.998000Z</time>
      </trkpt>
      <trkpt lat="41.682131895884886" lon="123.41833066327332">
        <ele>44.23598592169583</ele>
        <time>2021-04-01T23:34:58.998000Z</time>
      </trkpt>
      <trkpt lat="41.68220013075073" lon="123.41820442558695">
        <ele>43.936253297142684</ele>
        <time>2021-04-01T23:35:01.998000Z</time>
      </trkpt>
      <trkpt lat="41.68222623607127" lon="123.41807865025989">
        <ele>43.87718530651182</ele>
        <time>2021-04-01T23:35:04.998000Z</time>
      </trkpt>
      <trkpt lat="41.68224963673939" lon="123.41795151389904">
        <time>2021-04-01T23:35:07Z</time>
      </trkpt>
    </trkseg>
  </trk>
</gpx>