<?xml version="1.0" encoding="UTF-8"?>
<gpx xmlns="http://www.topografix.com/GPX/1/1" xmlns:gpxtpx="http://www.garmin.com/xmlschemas/TrackPointExtension/v1" xmlns:xsi="http://www.w3.org/2001/XMLSchema-instance" xsi:schemaLocation="http://www.topografix.com/GPX/1/1 http://www.topografix.com/GPX/1/1/gpx.xsd" version="1.1" creator="gpx.py -- https://github.com/tkrajina/gpxpy">
  <trk>
    <name>星期一 晚间跑</name>
    <trkseg>
      <trkpt lat="41.65441217325832" lon="123.44728916843508">
        <ele>48.690571130253375</ele>
        <time>2024-08-05T09:58:11.001000Z</time>
      </trkpt>
      <trkpt lat="41.65450246043142" lon="123.44727531419836">
        <ele>48.80166055820882</ele>
        <time>2024-08-05T09:58:15.001000Z</time>
        <extensions>
          <gpxtpx:TrackPointExtension>
            <gpxtpx:hr>124</gpxtpx:hr>
          </gpxtpx:TrackPointExtension>
        </extensions>
      </trkpt>
      <trkpt lat="41.65459499992158" lon="123.4473546898205">
        <ele>50.33851274102926</ele>
        <time>2024-08-05T09:58:18.001000Z</time>
        <extensions>
          <gpxtpx:TrackPointExtension>
            <gpxtpx:hr>125</gpxtpx:hr>
          </gpxtpx:TrackPointExtension>
        </extensions>
      </trkpt>
      <trkpt lat="41.65469835129863" lon="123.44737236409692">
        <ele>50.84744809754193</ele>
        <time>2024-08-05T09:58:22.001000Z</time>
        <extensions>
          <gpxtpx:TrackPointExtension>
            <gpxtpx:hr>124</gpxtpx:hr>
          </gpxtpx:TrackPointExtension>
        </extensions>
      </trkpt>
      <trkpt lat="41.654800967732406" lon="123.44738161853772">
        <ele>50.03225732874125</ele>
        <time>2024-08-05T09:58:25.001000Z</time>
      </trkpt>
      <trkpt lat="41.6549173113635" lon="123.44738748894116">
        <ele>49.73321350570768</ele>
        <time>2024-08-05T09:58:29.001000Z</time>
      </trkpt>
      <trkpt lat="41.65501865663682" lon="123.4474191410045">
        <ele>49.514546691440046</ele>
        <time>2024-08-05T09:58:33.001000Z</time>
        <extensions>
          <gpxtpx:TrackPointExtension>
            <gpxtpx:hr>125</gpxtpx:hr>
          </gpxtpx:TrackPointExtension>
        </extensions>
      </trkpt>
      <trkpt lat="41.65513288817534" lon="123.44743325327117">
        <ele>50.1881371922791</ele>
        <time>2024-08-05T09:58:37.001000Z</time>
        <extensions>
          <gpxtpx:TrackPointExtension>
            <gpxtpx:hr>128</gpxtpx:hr>
          </gpxtpx:TrackPointExtension>
        </extensions>
      </trkpt>
      <trkpt lat="41.6552348277221" lon="123.44745987221548">
        <ele>50.64566493406892</ele>
        <time>2024-08-05T09:58:40.001000Z</time>
      </trkpt>
      <trkpt lat="41.655343425694895" lon="123.44745738473745">
        <ele>50.19274674821645</ele>
        <time>2024-08-05T09:58:44.001000Z</time>
      </trkpt>
      <trkpt lat="41.65545283541468" lon="123.44745787995666">
        <ele>50.27817594446242</ele>
        <time>2024-08-05T09:58:48.001000Z</time>
        <extensions>
          <gpxtpx:TrackPointExtension>
            <gpxtpx:hr>131</gpxtpx:hr>
          </gpxtpx:TrackPointExtension>
        </extensions>
      </trkpt>
      <trkpt lat="41.6555672387181" lon="123.44746142852799">
        <ele>49.976701957173645</ele>
        <time>2024-08-05T09:58:52.001000Z</time>
        <extensions>
          <gpxtpx:TrackPointExtension>
            <gpxtpx:hr>137</gpxtpx:hr>
          </gpxtpx:TrackPointExtension>
        </extensions>
      </trkpt>
      <trkpt lat="41.655686638085" lon="123.44744749446103">
        <ele>50.02835581358522</ele>
        <time>2024-08-05T09:58:56.001000Z</time>
        <extensions>
          <gpxtpx:TrackPointExtension>
            <gpxtpx:hr>140</gpxtpx:hr>
          </gpxtpx:TrackPointExtension>
        </extensions>
      </trkpt>
      <trkpt lat="41.65578171154939" lon="123.4474483957584">
        <ele>50.33878668304533</ele>
        <time>2024-08-05T09:58:59.001000Z</time>
      </trkpt>
      <trkpt lat="41.65589736367391" lon="123.44745648075455">
        <ele>49.565302348695695</ele>
        <time>2024-08-05T09:59:03.001000Z</time>
        <extensions>
          <gpxtpx:TrackPointExtension>
            <gpxtpx:hr>143</gpxtpx:hr>
          </gpxtpx:TrackPointExtension>
        </extensions>
      </trkpt>
      <trkpt lat="41.656019021154144" lon="123.4474589889681">
        <ele>49.67258904222399</ele>
        <time>2024-08-05T09:59:07.001000Z</time>
        <extensions>
          <gpxtpx:TrackPointExtension>
            <gpxtpx:hr>145</gpxtpx:hr>
          </gpxtpx:TrackPointExtension>
        </extensions>
      </trkpt>
      <trkpt lat="41.65613863166969" lon="123.44746555105887">
        <ele>50.00034333951771</ele>
        <time>2024-08-05T09:59:11.001000Z</time>
        <extensions>
          <gpxtpx:TrackPointExtension>
            <gpxtpx:hr>146</gpxtpx:hr>
          </gpxtpx:TrackPointExtension>
        </extensions>
      </trkpt>
      <trkpt lat="41.656230987063864" lon="123.44746498394873">
        <ele>50.12126289866865</ele>
        <time>2024-08-05T09:59:14.001000Z</time>
      </trkpt>
      <trkpt lat="41.65632268346013" lon="123.44746677263252">
        <ele>49.877662459388375</ele>
        <time>2024-08-05T09:59:17.002000Z</time>
        <extensions>
          <gpxtpx:TrackPointExtension>
            <gpxtpx:hr>147</gpxtpx:hr>
          </gpxtpx:TrackPointExtension>
        </extensions>
      </trkpt>
      <trkpt lat="41.656439255485495" lon="123.44746470837666">
        <ele>50.035803015343845</ele>
        <time>2024-08-05T09:59:21.002000Z</time>
        <extensions>
          <gpxtpx:TrackPointExtension>
            <gpxtpx:hr>146</gpxtpx:hr>
          </gpxtpx:TrackPointExtension>
        </extensions>
      </trkpt>
      <trkpt lat="41.65655567629761" lon="123.44748949149356">
        <ele>50.80469091795385</ele>
        <time>2024-08-05T09:59:25.002000Z</time>
        <extensions>
          <gpxtpx:TrackPointExtension>
            <gpxtpx:hr>147</gpxtpx:hr>
          </gpxtpx:TrackPointExtension>
        </extensions>
      </trkpt>
      <trkpt lat="41.65666632083179" lon="123.44745958041538">
        <ele>51.5080946655944</ele>
        <time>2024-08-05T09:59:28.001000Z</time>
        <extensions>
          <gpxtpx:TrackPointExtension>
            <gpxtpx:hr>146</gpxtpx:hr>
          </gpxtpx:TrackPointExtension>
        </extensions>
      </trkpt>
      <trkpt lat="41.656755679916074" lon="123.44750453451879">
        <ele>50.341744852252305</ele>
        <time>2024-08-05T09:59:34.001000Z</time>
      </trkpt>
      <trkpt lat="41.656845939611735" lon="123.44748924305335">
        <ele>51.00520307291299</ele>
        <time>2024-08-05T09:59:38.001000Z</time>
        <extensions>
          <gpxtpx:TrackPointExtension>
            <gpxtpx:hr>151</gpxtpx:hr>
          </gpxtpx:TrackPointExtension>
        </extensions>
      </trkpt>
      <trkpt lat="41.656955937130824" lon="123.44746944651959">
        <ele>50.19026448111981</ele>
        <time>2024-08-05T09:59:42.001000Z</time>
        <extensions>
          <gpxtpx:TrackPointExtension>
            <gpxtpx:hr>153</gpxtpx:hr>
          </gpxtpx:TrackPointExtension>
        </extensions>
      </trkpt>
      <trkpt lat="41.657046098742775" lon="123.44747156874519">
        <ele>49.786977453157306</ele>
        <time>2024-08-05T09:59:45.001000Z</time>
        <extensions>
          <gpxtpx:TrackPointExtension>
            <gpxtpx:hr>153</gpxtpx:hr>
          </gpxtpx:TrackPointExtension>
        </extensions>
      </trkpt>
      <trkpt lat="41.65713936566253" lon="123.44748196979059">
        <ele>49.56372164096683</ele>
        <time>2024-08-05T09:59:48.001000Z</time>
        <extensions>
          <gpxtpx:TrackPointExtension>
            <gpxtpx:hr>154</gpxtpx:hr>
          </gpxtpx:TrackPointExtension>
        </extensions>
      </trkpt>
      <trkpt lat="41.65723276783582" lon="123.44747180318316">
        <ele>50.02783143334091</ele>
        <time>2024-08-05T09:59:51.001000Z</time>
      </trkpt>
      <trkpt lat="41.657353519119546" lon="123.44746239916762">
        <ele>48.77402632962912</ele>
        <time>2024-08-05T09:59:55.001000Z</time>
        <extensions>
          <gpxtpx:TrackPointExtension>
            <gpxtpx:hr>154</gpxtpx:hr>
          </gpxtpx:TrackPointExtension>
        </extensions>
      </trkpt>
      <trkpt lat="41.65746856077154" lon="123.44747728718546">
        <ele>49.427999245002866</ele>
        <time>2024-08-05T09:59:59.001000Z</time>
        <extensions>
          <gpxtpx:TrackPointExtension>
            <gpxtpx:hr>155</gpxtpx:hr>
          </gpxtpx:TrackPointExtension>
        </extensions>
      </trkpt>
      <trkpt lat="41.65756967572977" lon="123.44747260265123">
        <ele>50.37509686127305</ele>
        <time>2024-08-05T10:00:02.001000Z</time>
        <extensions>
          <gpxtpx:TrackPointExtension>
            <gpxtpx:hr>156</gpxtpx:hr>
          </gpxtpx:TrackPointExtension>
        </extensions>
      </trkpt>
      <trkpt lat="41.65767968239145" lon="123.44747826683049">
        <ele>50.409382495097816</ele>
        <time>2024-08-05T10:00:04.001000Z</time>
      </trkpt>
      <trkpt lat="41.65780161914665" lon="123.44748316403215">
        <ele>49.949484907090664</ele>
        <time>2024-08-05T10:00:08.001000Z</time>
        <extensions>
          <gpxtpx:TrackPointExtension>
            <gpxtpx:hr>157</gpxtpx:hr>
          </gpxtpx:TrackPointExtension>
        </extensions>
      </trkpt>
      <trkpt lat="41.657916516239275" lon="123.44748086723656">
        <ele>50.13770806789398</ele>
        <time>2024-08-05T10:00:11.001000Z</time>
      </trkpt>
      <trkpt lat="41.65802327462162" lon="123.44747999397757">
        <ele>50.37408339418471</ele>
        <time>2024-08-05T10:00:14.001000Z</time>
        <extensions>
          <gpxtpx:TrackPointExtension>
            <gpxtpx:hr>158</gpxtpx:hr>
          </gpxtpx:TrackPointExtension>
        </extensions>
      </trkpt>
      <trkpt lat="41.65812454786702" lon="123.44746766147239">
        <ele>50.504952263087034</ele>
        <time>2024-08-05T10:00:17.001000Z</time>
      </trkpt>
      <trkpt lat="41.658245815475" lon="123.44747529119392">
        <ele>50.864325584843755</ele>
        <time>2024-08-05T10:00:21Z</time>
        <extensions>
          <gpxtpx:TrackPointExtension>
            <gpxtpx:hr>159</gpxtpx:hr>
          </gpxtpx:TrackPointExtension>
        </extensions>
      </trkpt>
      <trkpt lat="41.65834626797454" lon="123.4474765091567">
        <ele>50.66300625167787</ele>
        <time>2024-08-05T10:00:24Z</time>
        <extensions>
          <gpxtpx:TrackPointExtension>
            <gpxtpx:hr>159</gpxtpx:hr>
          </gpxtpx:TrackPointExtension>
        </extensions>
      </trkpt>
      <trkpt lat="41.65844715322704" lon="123.44749224182348">
        <ele>49.86511102039367</ele>
        <time>2024-08-05T10:00:27Z</time>
        <extensions>
          <gpxtpx:TrackPointExtension>
            <gpxtpx:hr>159</gpxtpx:hr>
          </gpxtpx:TrackPointExtension>
        </extensions>
      </trkpt>
      <trkpt lat="41.658555812413255" lon="123.44748307800326">
        <ele>49.06897455640137</ele>
        <time>2024-08-05T10:00:31Z</time>
      </trkpt>
      <trkpt lat="41.658655432038266" lon="123.44748429016845">
        <ele>50.05037031508982</ele>
        <time>2024-08-05T10:00:34Z</time>
      </trkpt>
      <trkpt lat="41.65876557857695" lon="123.44748104513863">
        <ele>49.45155362598598</ele>
        <time>2024-08-05T10:00:38Z</time>
        <extensions>
          <gpxtpx:TrackPointExtension>
            <gpxtpx:hr>160</gpxtpx:hr>
          </gpxtpx:TrackPointExtension>
        </extensions>
      </trkpt>
      <trkpt lat="41.65886430832991" lon="123.44749134871277">
        <ele>49.696838684380054</ele>
        <time>2024-08-05T10:00:41Z</time>
      </trkpt>
      <trkpt lat="41.658976918404775" lon="123.44748118717732">
        <ele>49.91675367113203</ele>
        <time>2024-08-05T10:00:45Z</time>
      </trkpt>
      <trkpt lat="41.65908995702221" lon="123.44747056423394">
        <ele>50.3534317323938</ele>
        <time>2024-08-05T10:00:49Z</time>
        <extensions>
          <gpxtpx:TrackPointExtension>
            <gpxtpx:hr>160</gpxtpx:hr>
          </gpxtpx:TrackPointExtension>
        </extensions>
      </trkpt>
      <trkpt lat="41.659210192514955" lon="123.44748208598308">
        <ele>49.760565797798336</ele>
        <time>2024-08-05T10:00:53Z</time>
      </trkpt>
      <trkpt lat="41.659300402533134" lon="123.44748953502443">
        <ele>50.00483470689505</ele>
        <time>2024-08-05T10:00:56Z</time>
        <extensions>
          <gpxtpx:TrackPointExtension>
            <gpxtpx:hr>161</gpxtpx:hr>
          </gpxtpx:TrackPointExtension>
        </extensions>
      </trkpt>
      <trkpt lat="41.65941860804111" lon="123.44749298589441">
        <ele>49.990355337038636</ele>
        <time>2024-08-05T10:01:00Z</time>
        <extensions>
          <gpxtpx:TrackPointExtension>
            <gpxtpx:hr>161</gpxtpx:hr>
          </gpxtpx:TrackPointExtension>
        </extensions>
      </trkpt>
      <trkpt lat="41.6595116558643" lon="123.44747873666653">
        <ele>50.93386716675013</ele>
        <time>2024-08-05T10:01:03Z</time>
        <extensions>
          <gpxtpx:TrackPointExtension>
            <gpxtpx:hr>161</gpxtpx:hr>
          </gpxtpx:TrackPointExtension>
        </extensions>
      </trkpt>
      <trkpt lat="41.659635112878725" lon="123.44747145741201">
        <ele>50.75596853625029</ele>
        <time>2024-08-05T10:01:07Z</time>
      </trkpt>
      <trkpt lat="41.65974392714388" lon="123.4474741077079">
        <ele>49.99686743784696</ele>
        <time>2024-08-05T10:01:11Z</time>
        <extensions>
          <gpxtpx:TrackPointExtension>
            <gpxtpx:hr>162</gpxtpx:hr>
          </gpxtpx:TrackPointExtension>
        </extensions>
      </trkpt>
      <trkpt lat="41.659856961725524" lon="123.44748341494861">
        <ele>49.7993497736752</ele>
        <time>2024-08-05T10:01:15Z</time>
        <extensions>
          <gpxtpx:TrackPointExtension>
            <gpxtpx:hr>161</gpxtpx:hr>
          </gpxtpx:TrackPointExtension>
        </extensions>
      </trkpt>
      <trkpt lat="41.659973904878534" lon="123.44748040081033">
        <ele>49.4857496265322</ele>
        <time>2024-08-05T10:01:19Z</time>
      </trkpt>
      <trkpt lat="41.66009041392248" lon="123.44747912470216">
        <ele>49.546984230168164</ele>
        <time>2024-08-05T10:01:23.001000Z</time>
        <extensions>
          <gpxtpx:TrackPointExtension>
            <gpxtpx:hr>160</gpxtpx:hr>
          </gpxtpx:TrackPointExtension>
        </extensions>
      </trkpt>
      <trkpt lat="41.66020342707246" lon="123.44747316599927">
        <ele>49.57487011794001</ele>
        <time>2024-08-05T10:01:27Z</time>
        <extensions>
          <gpxtpx:TrackPointExtension>
            <gpxtpx:hr>161</gpxtpx:hr>
          </gpxtpx:TrackPointExtension>
        </extensions>
      </trkpt>
      <trkpt lat="41.660294037802146" lon="123.44747767387952">
        <ele>49.01238985173404</ele>
        <time>2024-08-05T10:01:31Z</time>
        <extensions>
          <gpxtpx:TrackPointExtension>
            <gpxtpx:hr>161</gpxtpx:hr>
          </gpxtpx:TrackPointExtension>
        </extensions>
      </trkpt>
      <trkpt lat="41.6604116115156" lon="123.44746581840718">
        <ele>50.048057419247925</ele>
        <time>2024-08-05T10:01:37Z</time>
        <extensions>
          <gpxtpx:TrackPointExtension>
            <gpxtpx:hr>160</gpxtpx:hr>
          </gpxtpx:TrackPointExtension>
        </extensions>
      </trkpt>
      <trkpt lat="41.660507787798345" lon="123.44746951341239">
        <ele>50.06094744708389</ele>
        <time>2024-08-05T10:01:40Z</time>
      </trkpt>
      <trkpt lat="41.66060639946657" lon="123.44747724343044">
        <ele>50.125096682459116</ele>
        <time>2024-08-05T10:01:45Z</time>
        <extensions>
          <gpxtpx:TrackPointExtension>
            <gpxtpx:hr>159</gpxtpx:hr>
          </gpxtpx:TrackPointExtension>
        </extensions>
      </trkpt>
      <trkpt lat="41.66070373220622" lon="123.44746892802344">
        <ele>51.0313859609887</ele>
        <time>2024-08-05T10:01:49Z</time>
        <extensions>
          <gpxtpx:TrackPointExtension>
            <gpxtpx:hr>159</gpxtpx:hr>
          </gpxtpx:TrackPointExtension>
        </extensions>
      </trkpt>
      <trkpt lat="41.660802249686924" lon="123.4474792237077">
        <ele>50.65520468261093</ele>
        <time>2024-08-05T10:01:52Z</time>
      </trkpt>
      <trkpt lat="41.66090179246339" lon="123.44746789198189">
        <ele>50.96201791707426</ele>
        <time>2024-08-05T10:01:55Z</time>
        <extensions>
          <gpxtpx:TrackPointExtension>
            <gpxtpx:hr>160</gpxtpx:hr>
          </gpxtpx:TrackPointExtension>
        </extensions>
      </trkpt>
      <trkpt lat="41.660999247722735" lon="123.4474634048753">
        <ele>51.92069558985531</ele>
        <time>2024-08-05T10:01:58Z</time>
        <extensions>
          <gpxtpx:TrackPointExtension>
            <gpxtpx:hr>160</gpxtpx:hr>
          </gpxtpx:TrackPointExtension>
        </extensions>
      </trkpt>
      <trkpt lat="41.66109101273743" lon="123.44746947476557">
        <ele>50.94671004731208</ele>
        <time>2024-08-05T10:02:01Z</time>
      </trkpt>
      <trkpt lat="41.66120512873529" lon="123.44747744361585">
        <ele>51.030777919106185</ele>
        <time>2024-08-05T10:02:05Z</time>
      </trkpt>
      <trkpt lat="41.66129713298658" lon="123.44748345821534">
        <ele>50.869027133099735</ele>
        <time>2024-08-05T10:02:08Z</time>
        <extensions>
          <gpxtpx:TrackPointExtension>
            <gpxtpx:hr>161</gpxtpx:hr>
          </gpxtpx:TrackPointExtension>
        </extensions>
      </trkpt>
      <trkpt lat="41.66139329243267" lon="123.44749087961073">
        <ele>50.894446476362646</ele>
        <time>2024-08-05T10:02:11Z</time>
        <extensions>
          <gpxtpx:TrackPointExtension>
            <gpxtpx:hr>161</gpxtpx:hr>
          </gpxtpx:TrackPointExtension>
        </extensions>
      </trkpt>
      <trkpt lat="41.66148574580605" lon="123.44749967236523">
        <ele>50.024592955596745</ele>
        <time>2024-08-05T10:02:14Z</time>
        <extensions>
          <gpxtpx:TrackPointExtension>
            <gpxtpx:hr>161</gpxtpx:hr>
          </gpxtpx:TrackPointExtension>
        </extensions>
      </trkpt>
      <trkpt lat="41.66158209335095" lon="123.44748738190995">
        <ele>50.67039706092328</ele>
        <time>2024-08-05T10:02:17Z</time>
      </trkpt>
      <trkpt lat="41.66169707944109" lon="123.44748326449684">
        <ele>50.07677481509745</ele>
        <time>2024-08-05T10:02:21Z</time>
        <extensions>
          <gpxtpx:TrackPointExtension>
            <gpxtpx:hr>162</gpxtpx:hr>
          </gpxtpx:TrackPointExtension>
        </extensions>
      </trkpt>
      <trkpt lat="41.66181021499973" lon="123.44748856967453">
        <ele>51.4521774565801</ele>
        <time>2024-08-05T10:02:25Z</time>
      </trkpt>
      <trkpt lat="41.661926132315905" lon="123.44749616673595">
        <ele>50.32326120790094</ele>
        <time>2024-08-05T10:02:29Z</time>
        <extensions>
          <gpxtpx:TrackPointExtension>
            <gpxtpx:hr>162</gpxtpx:hr>
          </gpxtpx:TrackPointExtension>
        </extensions>
      </trkpt>
      <trkpt lat="41.66202841599744" lon="123.44750154155342">
        <ele>49.99936344102025</ele>
        <time>2024-08-05T10:02:32Z</time>
        <extensions>
          <gpxtpx:TrackPointExtension>
            <gpxtpx:hr>163</gpxtpx:hr>
          </gpxtpx:TrackPointExtension>
        </extensions>
      </trkpt>
      <trkpt lat="41.66213809793899" lon="123.44750027048461">
        <ele>50.15803496539593</ele>
        <time>2024-08-05T10:02:36Z</time>
      </trkpt>
      <trkpt lat="41.66226062147003" lon="123.44750260015988">
        <ele>49.386726358905435</ele>
        <time>2024-08-05T10:02:40Z</time>
      </trkpt>
      <trkpt lat="41.66237155333916" lon="123.44749838263954">
        <ele>49.3104557255283</ele>
        <time>2024-08-05T10:02:44Z</time>
        <extensions>
          <gpxtpx:TrackPointExtension>
            <gpxtpx:hr>163</gpxtpx:hr>
          </gpxtpx:TrackPointExtension>
        </extensions>
      </trkpt>
      <trkpt lat="41.66249309272207" lon="123.44747719844418">
        <ele>48.832708694040775</ele>
        <time>2024-08-05T10:02:48Z</time>
      </trkpt>
      <trkpt lat="41.662602892669085" lon="123.4474940448339">
        <ele>50.11317207105458</ele>
        <time>2024-08-05T10:02:52Z</time>
        <extensions>
          <gpxtpx:TrackPointExtension>
            <gpxtpx:hr>164</gpxtpx:hr>
          </gpxtpx:TrackPointExtension>
        </extensions>
      </trkpt>
      <trkpt lat="41.66270459266734" lon="123.4474965236335">
        <ele>49.413152400404215</ele>
        <time>2024-08-05T10:02:56Z</time>
      </trkpt>
      <trkpt lat="41.662817130073144" lon="123.44749951132795">
        <ele>49.410617088899016</ele>
        <time>2024-08-05T10:03:00Z</time>
        <extensions>
          <gpxtpx:TrackPointExtension>
            <gpxtpx:hr>164</gpxtpx:hr>
          </gpxtpx:TrackPointExtension>
        </extensions>
      </trkpt>
      <trkpt lat="41.66293131101656" lon="123.44751212227997">
        <ele>48.748614742420614</ele>
        <time>2024-08-05T10:03:04Z</time>
        <extensions>
          <gpxtpx:TrackPointExtension>
            <gpxtpx:hr>165</gpxtpx:hr>
          </gpxtpx:TrackPointExtension>
        </extensions>
      </trkpt>
      <trkpt lat="41.663048095629975" lon="123.44750459380792">
        <ele>49.070392304100096</ele>
        <time>2024-08-05T10:03:08Z</time>
        <extensions>
          <gpxtpx:TrackPointExtension>
            <gpxtpx:hr>165</gpxtpx:hr>
          </gpxtpx:TrackPointExtension>
        </extensions>
      </trkpt>
      <trkpt lat="41.66316534675319" lon="123.4474980293446">
        <ele>49.93620548490435</ele>
        <time>2024-08-05T10:03:12Z</time>
        <extensions>
          <gpxtpx:TrackPointExtension>
            <gpxtpx:hr>165</gpxtpx:hr>
          </gpxtpx:TrackPointExtension>
        </extensions>
      </trkpt>
      <trkpt lat="41.66325867761969" lon="123.44750558893523">
        <ele>48.952268046326935</ele>
        <time>2024-08-05T10:03:15Z</time>
      </trkpt>
      <trkpt lat="41.66337245314073" lon="123.44749706790078">
        <ele>49.42877569515258</ele>
        <time>2024-08-05T10:03:19Z</time>
        <extensions>
          <gpxtpx:TrackPointExtension>
            <gpxtpx:hr>166</gpxtpx:hr>
          </gpxtpx:TrackPointExtension>
        </extensions>
      </trkpt>
      <trkpt lat="41.66349376737115" lon="123.44750066310317">
        <ele>49.530929817818105</ele>
        <time>2024-08-05T10:03:23Z</time>
      </trkpt>
      <trkpt lat="41.663599207854475" lon="123.44749029943893">
        <ele>49.17744596209377</ele>
        <time>2024-08-05T10:03:27.001000Z</time>
        <extensions>
          <gpxtpx:TrackPointExtension>
            <gpxtpx:hr>166</gpxtpx:hr>
          </gpxtpx:TrackPointExtension>
        </extensions>
      </trkpt>
      <trkpt lat="41.66369178980501" lon="123.4474708223068">
        <ele>50.46195125114173</ele>
        <time>2024-08-05T10:03:30.001000Z</time>
      </trkpt>
      <trkpt lat="41.66381064174794" lon="123.44741357104503">
        <ele>49.002758343704045</ele>
        <time>2024-08-05T10:03:34.001000Z</time>
        <extensions>
          <gpxtpx:TrackPointExtension>
            <gpxtpx:hr>164</gpxtpx:hr>
          </gpxtpx:TrackPointExtension>
        </extensions>
      </trkpt>
      <trkpt lat="41.66390755531651" lon="123.44745401099148">
        <ele>48.73194951750338</ele>
        <time>2024-08-05T10:03:39Z</time>
      </trkpt>
      <trkpt lat="41.66401812225837" lon="123.44744071426308">
        <ele>49.608357722871006</ele>
        <time>2024-08-05T10:03:43Z</time>
        <extensions>
          <gpxtpx:TrackPointExtension>
            <gpxtpx:hr>163</gpxtpx:hr>
          </gpxtpx:TrackPointExtension>
        </extensions>
      </trkpt>
      <trkpt lat="41.66410992922237" lon="123.44741978577227">
        <ele>49.33831417094916</ele>
        <time>2024-08-05T10:03:46Z</time>
        <extensions>
          <gpxtpx:TrackPointExtension>
            <gpxtpx:hr>164</gpxtpx:hr>
          </gpxtpx:TrackPointExtension>
        </extensions>
      </trkpt>
      <trkpt lat="41.664207370130946" lon="123.44742925438862">
        <ele>47.71159233618528</ele>
        <time>2024-08-05T10:03:52Z</time>
        <extensions>
          <gpxtpx:TrackPointExtension>
            <gpxtpx:hr>164</gpxtpx:hr>
          </gpxtpx:TrackPointExtension>
        </extensions>
      </trkpt>
      <trkpt lat="41.66423739081807" lon="123.4474366858476">
        <ele>48.12547295447439</ele>
        <time>2024-08-05T10:04:08Z</time>
        <extensions>
          <gpxtpx:TrackPointExtension>
            <gpxtpx:hr>158</gpxtpx:hr>
          </gpxtpx:TrackPointExtension>
        </extensions>
      </trkpt>
      <trkpt lat="41.6643266233393" lon="123.44745825660084">
        <ele>48.78297108691186</ele>
        <time>2024-08-05T10:04:13Z</time>
        <extensions>
          <gpxtpx:TrackPointExtension>
            <gpxtpx:hr>151</gpxtpx:hr>
          </gpxtpx:TrackPointExtension>
        </extensions>
      </trkpt>
      <trkpt lat="41.664426250197295" lon="123.44747830686593">
        <ele>49.420906282030046</ele>
        <time>2024-08-05T10:04:17Z</time>
        <extensions>
          <gpxtpx:TrackPointExtension>
            <gpxtpx:hr>148</gpxtpx:hr>
          </gpxtpx:TrackPointExtension>
        </extensions>
      </trkpt>
      <trkpt lat="41.66453837674692" lon="123.44746998844583">
        <ele>49.64327913802117</ele>
        <time>2024-08-05T10:04:21Z</time>
      </trkpt>
      <trkpt lat="41.66464504422639" lon="123.44746590050707">
        <ele>49.41480710171163</ele>
        <time>2024-08-05T10:04:25Z</time>
        <extensions>
          <gpxtpx:TrackPointExtension>
            <gpxtpx:hr>146</gpxtpx:hr>
          </gpxtpx:TrackPointExtension>
        </extensions>
      </trkpt>
      <trkpt lat="41.6647610084158" lon="123.44748461182627">
        <ele>49.460424170829356</ele>
        <time>2024-08-05T10:04:29Z</time>
        <extensions>
          <gpxtpx:TrackPointExtension>
            <gpxtpx:hr>145</gpxtpx:hr>
          </gpxtpx:TrackPointExtension>
        </extensions>
      </trkpt>
      <trkpt lat="41.664860506843674" lon="123.44749764347195">
        <ele>49.296581430360675</ele>
        <time>2024-08-05T10:04:32Z</time>
        <extensions>
          <gpxtpx:TrackPointExtension>
            <gpxtpx:hr>146</gpxtpx:hr>
          </gpxtpx:TrackPointExtension>
        </extensions>
      </trkpt>
      <trkpt lat="41.66495615562667" lon="123.44751075114239">
        <ele>49.43744240514934</ele>
        <time>2024-08-05T10:04:35Z</time>
      </trkpt>
      <trkpt lat="41.66507336506167" lon="123.44751941686458">
        <ele>49.21350751630962</ele>
        <time>2024-08-05T10:04:39Z</time>
      </trkpt>
      <trkpt lat="41.66516757880364" lon="123.44752778066363">
        <ele>49.49110366869718</ele>
        <time>2024-08-05T10:04:42Z</time>
        <extensions>
          <gpxtpx:TrackPointExtension>
            <gpxtpx:hr>149</gpxtpx:hr>
          </gpxtpx:TrackPointExtension>
        </extensions>
      </trkpt>
      <trkpt lat="41.66528343379729" lon="123.44752399301376">
        <ele>49.60431635007262</ele>
        <time>2024-08-05T10:04:46Z</time>
        <extensions>
          <gpxtpx:TrackPointExtension>
            <gpxtpx:hr>151</gpxtpx:hr>
          </gpxtpx:TrackPointExtension>
        </extensions>
      </trkpt>
      <trkpt lat="41.66538397395056" lon="123.44751895255723">
        <ele>49.42295119073242</ele>
        <time>2024-08-05T10:04:49Z</time>
        <extensions>
          <gpxtpx:TrackPointExtension>
            <gpxtpx:hr>151</gpxtpx:hr>
          </gpxtpx:TrackPointExtension>
        </extensions>
      </trkpt>
      <trkpt lat="41.66547560266288" lon="123.44752989301011">
        <ele>48.830398046411574</ele>
        <time>2024-08-05T10:04:52Z</time>
        <extensions>
          <gpxtpx:TrackPointExtension>
            <gpxtpx:hr>153</gpxtpx:hr>
          </gpxtpx:TrackPointExtension>
        </extensions>
      </trkpt>
      <trkpt lat="41.66556656512032" lon="123.44752804421398">
        <ele>49.028689621947706</ele>
        <time>2024-08-05T10:04:55Z</time>
      </trkpt>
      <trkpt lat="41.66566661829049" lon="123.44752200921101">
        <ele>49.039560929872096</ele>
        <time>2024-08-05T10:04:58Z</time>
        <extensions>
          <gpxtpx:TrackPointExtension>
            <gpxtpx:hr>155</gpxtpx:hr>
          </gpxtpx:TrackPointExtension>
        </extensions>
      </trkpt>
      <trkpt lat="41.66578570276909" lon="123.44753668332575">
        <ele>48.94527398236096</ele>
        <time>2024-08-05T10:05:02Z</time>
      </trkpt>
      <trkpt lat="41.66588114586967" lon="123.44752580768898">
        <ele>48.111807856708765</ele>
        <time>2024-08-05T10:05:05Z</time>
      </trkpt>
      <trkpt lat="41.666006344036155" lon="123.447528901936">
        <ele>47.492448068223894</ele>
        <time>2024-08-05T10:05:09Z</time>
        <extensions>
          <gpxtpx:TrackPointExtension>
            <gpxtpx:hr>157</gpxtpx:hr>
          </gpxtpx:TrackPointExtension>
        </extensions>
      </trkpt>
      <trkpt lat="41.666123121805754" lon="123.44752286941969">
        <ele>47.487358695827425</ele>
        <time>2024-08-05T10:05:13Z</time>
        <extensions>
          <gpxtpx:TrackPointExtension>
            <gpxtpx:hr>158</gpxtpx:hr>
          </gpxtpx:TrackPointExtension>
        </extensions>
      </trkpt>
      <trkpt lat="41.666222275435445" lon="123.44752700244061">
        <ele>47.55233633052558</ele>
        <time>2024-08-05T10:05:16Z</time>
        <extensions>
          <gpxtpx:TrackPointExtension>
            <gpxtpx:hr>160</gpxtpx:hr>
          </gpxtpx:TrackPointExtension>
        </extensions>
      </trkpt>
      <trkpt lat="41.66634029984232" lon="123.44752793906238">
        <ele>48.11747658625245</ele>
        <time>2024-08-05T10:05:20Z</time>
      </trkpt>
      <trkpt lat="41.666449053245685" lon="123.4475195807942">
        <ele>48.07981558702886</ele>
        <time>2024-08-05T10:05:24Z</time>
        <extensions>
          <gpxtpx:TrackPointExtension>
            <gpxtpx:hr>161</gpxtpx:hr>
          </gpxtpx:TrackPointExtension>
        </extensions>
      </trkpt>
      <trkpt lat="41.66655939616048" lon="123.44752524831313">
        <ele>48.09329250920564</ele>
        <time>2024-08-05T10:05:28Z</time>
        <extensions>
          <gpxtpx:TrackPointExtension>
            <gpxtpx:hr>162</gpxtpx:hr>
          </gpxtpx:TrackPointExtension>
        </extensions>
      </trkpt>
      <trkpt lat="41.66668318173292" lon="123.44753650711915">
        <ele>48.02689185924828</ele>
        <time>2024-08-05T10:05:32.001000Z</time>
        <extensions>
          <gpxtpx:TrackPointExtension>
            <gpxtpx:hr>163</gpxtpx:hr>
          </gpxtpx:TrackPointExtension>
        </extensions>
      </trkpt>
      <trkpt lat="41.666792498230215" lon="123.44751627744279">
        <ele>47.61114459205419</ele>
        <time>2024-08-05T10:05:36.001000Z</time>
      </trkpt>
      <trkpt lat="41.6668990571351" lon="123.4475342349831">
        <ele>47.52887739054859</ele>
        <time>2024-08-05T10:05:40.001000Z</time>
        <extensions>
          <gpxtpx:TrackPointExtension>
            <gpxtpx:hr>163</gpxtpx:hr>
          </gpxtpx:TrackPointExtension>
        </extensions>
      </trkpt>
      <trkpt lat="41.667014433620025" lon="123.4475321206595">
        <ele>47.26288288459182</ele>
        <time>2024-08-05T10:05:44.001000Z</time>
      </trkpt>
      <trkpt lat="41.66712958630172" lon="123.44753279171744">
        <ele>47.629856476560235</ele>
        <time>2024-08-05T10:05:48Z</time>
        <extensions>
          <gpxtpx:TrackPointExtension>
            <gpxtpx:hr>164</gpxtpx:hr>
          </gpxtpx:TrackPointExtension>
        </extensions>
      </trkpt>
      <trkpt lat="41.66722503089182" lon="123.44754187050107">
        <ele>47.27132460195571</ele>
        <time>2024-08-05T10:05:54Z</time>
      </trkpt>
      <trkpt lat="41.66732360915287" lon="123.44754050786594">
        <ele>47.74635496176779</ele>
        <time>2024-08-05T10:05:58Z</time>
        <extensions>
          <gpxtpx:TrackPointExtension>
            <gpxtpx:hr>164</gpxtpx:hr>
          </gpxtpx:TrackPointExtension>
        </extensions>
      </trkpt>
      <trkpt lat="41.66743506162611" lon="123.44754037815751">
        <ele>49.185724769718945</ele>
        <time>2024-08-05T10:06:02Z</time>
        <extensions>
          <gpxtpx:TrackPointExtension>
            <gpxtpx:hr>164</gpxtpx:hr>
          </gpxtpx:TrackPointExtension>
        </extensions>
      </trkpt>
      <trkpt lat="41.66753446709796" lon="123.44752608472798">
        <ele>48.218218088150024</ele>
        <time>2024-08-05T10:06:06Z</time>
        <extensions>
          <gpxtpx:TrackPointExtension>
            <gpxtpx:hr>162</gpxtpx:hr>
          </gpxtpx:TrackPointExtension>
        </extensions>
      </trkpt>
      <trkpt lat="41.66763555203781" lon="123.44753477147079">
        <ele>48.26211108081043</ele>
        <time>2024-08-05T10:06:10Z</time>
        <extensions>
          <gpxtpx:TrackPointExtension>
            <gpxtpx:hr>160</gpxtpx:hr>
          </gpxtpx:TrackPointExtension>
        </extensions>
      </trkpt>
      <trkpt lat="41.66773575804046" lon="123.44753878942555">
        <ele>47.715836266987026</ele>
        <time>2024-08-05T10:06:14Z</time>
        <extensions>
          <gpxtpx:TrackPointExtension>
            <gpxtpx:hr>160</gpxtpx:hr>
          </gpxtpx:TrackPointExtension>
        </extensions>
      </trkpt>
      <trkpt lat="41.66783884311354" lon="123.44754415138671">
        <ele>47.35199980903417</ele>
        <time>2024-08-05T10:06:18Z</time>
        <extensions>
          <gpxtpx:TrackPointExtension>
            <gpxtpx:hr>161</gpxtpx:hr>
          </gpxtpx:TrackPointExtension>
        </extensions>
      </trkpt>
      <trkpt lat="41.66794416791109" lon="123.44753530511987">
        <ele>47.497899065725505</ele>
        <time>2024-08-05T10:06:21Z</time>
      </trkpt>
      <trkpt lat="41.66804500305627" lon="123.44752509306949">
        <ele>48.34093660581857</ele>
        <time>2024-08-05T10:06:24Z</time>
        <extensions>
          <gpxtpx:TrackPointExtension>
            <gpxtpx:hr>161</gpxtpx:hr>
          </gpxtpx:TrackPointExtension>
        </extensions>
      </trkpt>
      <trkpt lat="41.66813317580574" lon="123.44748782532828">
        <ele>47.68396673537791</ele>
        <time>2024-08-05T10:06:27Z</time>
        <extensions>
          <gpxtpx:TrackPointExtension>
            <gpxtpx:hr>162</gpxtpx:hr>
          </gpxtpx:TrackPointExtension>
        </extensions>
      </trkpt>
      <trkpt lat="41.668227546178144" lon="123.4474782880572">
        <ele>47.68376377411187</ele>
        <time>2024-08-05T10:06:30Z</time>
      </trkpt>
      <trkpt lat="41.66833173142355" lon="123.4474854079936">
        <ele>47.99289201013744</ele>
        <time>2024-08-05T10:06:33Z</time>
        <extensions>
          <gpxtpx:TrackPointExtension>
            <gpxtpx:hr>163</gpxtpx:hr>
          </gpxtpx:TrackPointExtension>
        </extensions>
      </trkpt>
      <trkpt lat="41.66844490741781" lon="123.44747576985692">
        <ele>48.2377387965098</ele>
        <time>2024-08-05T10:06:37Z</time>
      </trkpt>
      <trkpt lat="41.66855392460127" lon="123.44745300056336">
        <ele>48.15190686751157</ele>
        <time>2024-08-05T10:06:41Z</time>
        <extensions>
          <gpxtpx:TrackPointExtension>
            <gpxtpx:hr>164</gpxtpx:hr>
          </gpxtpx:TrackPointExtension>
        </extensions>
      </trkpt>
      <trkpt lat="41.668666359443456" lon="123.44747907064782">
        <ele>48.063114929012954</ele>
        <time>2024-08-05T10:06:45Z</time>
        <extensions>
          <gpxtpx:TrackPointExtension>
            <gpxtpx:hr>164</gpxtpx:hr>
          </gpxtpx:TrackPointExtension>
        </extensions>
      </trkpt>
      <trkpt lat="41.66875898219872" lon="123.44750364405327">
        <ele>48.22940625157207</ele>
        <time>2024-08-05T10:06:48Z</time>
      </trkpt>
      <trkpt lat="41.6688762861375" lon="123.44752613867834">
        <ele>47.62067317869514</ele>
        <time>2024-08-05T10:06:52Z</time>
        <extensions>
          <gpxtpx:TrackPointExtension>
            <gpxtpx:hr>164</gpxtpx:hr>
          </gpxtpx:TrackPointExtension>
        </extensions>
      </trkpt>
      <trkpt lat="41.66898535774606" lon="123.44752715773802">
        <ele>47.52900764811784</ele>
        <time>2024-08-05T10:06:56Z</time>
        <extensions>
          <gpxtpx:TrackPointExtension>
            <gpxtpx:hr>164</gpxtpx:hr>
          </gpxtpx:TrackPointExtension>
        </extensions>
      </trkpt>
      <trkpt lat="41.66910028271938" lon="123.44752270790148">
        <ele>47.2465935125947</ele>
        <time>2024-08-05T10:07:00Z</time>
        <extensions>
          <gpxtpx:TrackPointExtension>
            <gpxtpx:hr>164</gpxtpx:hr>
          </gpxtpx:TrackPointExtension>
        </extensions>
      </trkpt>
      <trkpt lat="41.669219764151734" lon="123.44751420862227">
        <ele>48.12952919024974</ele>
        <time>2024-08-05T10:07:04Z</time>
        <extensions>
          <gpxtpx:TrackPointExtension>
            <gpxtpx:hr>165</gpxtpx:hr>
          </gpxtpx:TrackPointExtension>
        </extensions>
      </trkpt>
      <trkpt lat="41.66933537208004" lon="123.44753289394642">
        <ele>47.63721100334078</ele>
        <time>2024-08-05T10:07:08Z</time>
      </trkpt>
      <trkpt lat="41.6694478795068" lon="123.44756378257111">
        <ele>47.00772752985358</ele>
        <time>2024-08-05T10:07:12Z</time>
        <extensions>
          <gpxtpx:TrackPointExtension>
            <gpxtpx:hr>166</gpxtpx:hr>
          </gpxtpx:TrackPointExtension>
        </extensions>
      </trkpt>
      <trkpt lat="41.669543838383724" lon="123.44756080711254">
        <ele>47.39142918679863</ele>
        <time>2024-08-05T10:07:15Z</time>
      </trkpt>
      <trkpt lat="41.669653983925876" lon="123.4475588097942">
        <ele>47.68230708409101</ele>
        <time>2024-08-05T10:07:19Z</time>
      </trkpt>
      <trkpt lat="41.66975077893671" lon="123.44756838115603">
        <ele>47.99601717852056</ele>
        <time>2024-08-05T10:07:22Z</time>
        <extensions>
          <gpxtpx:TrackPointExtension>
            <gpxtpx:hr>166</gpxtpx:hr>
          </gpxtpx:TrackPointExtension>
        </extensions>
      </trkpt>
      <trkpt lat="41.66986816012541" lon="123.44755348253172">
        <ele>48.16000112332404</ele>
        <time>2024-08-05T10:07:26Z</time>
        <extensions>
          <gpxtpx:TrackPointExtension>
            <gpxtpx:hr>166</gpxtpx:hr>
          </gpxtpx:TrackPointExtension>
        </extensions>
      </trkpt>
      <trkpt lat="41.669960256127716" lon="123.44755847456476">
        <ele>48.42088923230767</ele>
        <time>2024-08-05T10:07:29Z</time>
      </trkpt>
      <trkpt lat="41.67006454688164" lon="123.44756203080526">
        <ele>47.52417715173215</ele>
        <time>2024-08-05T10:07:33Z</time>
        <extensions>
          <gpxtpx:TrackPointExtension>
            <gpxtpx:hr>166</gpxtpx:hr>
          </gpxtpx:TrackPointExtension>
        </extensions>
      </trkpt>
      <trkpt lat="41.67015649870822" lon="123.44755505972472">
        <ele>47.62031808681786</ele>
        <time>2024-08-05T10:07:36Z</time>
        <extensions>
          <gpxtpx:TrackPointExtension>
            <gpxtpx:hr>164</gpxtpx:hr>
          </gpxtpx:TrackPointExtension>
        </extensions>
      </trkpt>
      <trkpt lat="41.67024786182619" lon="123.44755034521208">
        <ele>47.569723039865494</ele>
        <time>2024-08-05T10:07:39.001000Z</time>
        <extensions>
          <gpxtpx:TrackPointExtension>
            <gpxtpx:hr>164</gpxtpx:hr>
          </gpxtpx:TrackPointExtension>
        </extensions>
      </trkpt>
      <trkpt lat="41.670358858633506" lon="123.44755590620152">
        <ele>47.85216813813895</ele>
        <time>2024-08-05T10:07:43.001000Z</time>
        <extensions>
          <gpxtpx:TrackPointExtension>
            <gpxtpx:hr>164</gpxtpx:hr>
          </gpxtpx:TrackPointExtension>
        </extensions>
      </trkpt>
      <trkpt lat="41.67046755756396" lon="123.4475469490681">
        <ele>47.53308900538832</ele>
        <time>2024-08-05T10:07:47Z</time>
      </trkpt>
      <trkpt lat="41.67057566071151" lon="123.44755627117885">
        <ele>46.64880555216223</ele>
        <time>2024-08-05T10:07:51Z</time>
        <extensions>
          <gpxtpx:TrackPointExtension>
            <gpxtpx:hr>165</gpxtpx:hr>
          </gpxtpx:TrackPointExtension>
        </extensions>
      </trkpt>
      <trkpt lat="41.67067632701295" lon="123.4475550247645">
        <ele>47.48201834317297</ele>
        <time>2024-08-05T10:07:54Z</time>
        <extensions>
          <gpxtpx:TrackPointExtension>
            <gpxtpx:hr>165</gpxtpx:hr>
          </gpxtpx:TrackPointExtension>
        </extensions>
      </trkpt>
      <trkpt lat="41.6707925495965" lon="123.4475556240553">
        <ele>47.02473962493241</ele>
        <time>2024-08-05T10:07:58Z</time>
      </trkpt>
      <trkpt lat="41.67088324704738" lon="123.44756292983301">
        <ele>46.90254282858223</ele>
        <time>2024-08-05T10:08:01Z</time>
        <extensions>
          <gpxtpx:TrackPointExtension>
            <gpxtpx:hr>166</gpxtpx:hr>
          </gpxtpx:TrackPointExtension>
        </extensions>
      </trkpt>
      <trkpt lat="41.670999703131756" lon="123.44755594678409">
        <ele>46.76424873434007</ele>
        <time>2024-08-05T10:08:05Z</time>
        <extensions>
          <gpxtpx:TrackPointExtension>
            <gpxtpx:hr>166</gpxtpx:hr>
          </gpxtpx:TrackPointExtension>
        </extensions>
      </trkpt>
      <trkpt lat="41.671095974738236" lon="123.44756080026774">
        <ele>46.23738360311836</ele>
        <time>2024-08-05T10:08:08Z</time>
        <extensions>
          <gpxtpx:TrackPointExtension>
            <gpxtpx:hr>166</gpxtpx:hr>
          </gpxtpx:TrackPointExtension>
        </extensions>
      </trkpt>
      <trkpt lat="41.671203547333995" lon="123.44756386417168">
        <ele>46.92385597433895</ele>
        <time>2024-08-05T10:08:12Z</time>
        <extensions>
          <gpxtpx:TrackPointExtension>
            <gpxtpx:hr>166</gpxtpx:hr>
          </gpxtpx:TrackPointExtension>
        </extensions>
      </trkpt>
      <trkpt lat="41.67131243911682" lon="123.44755232814553">
        <ele>47.28711711894721</ele>
        <time>2024-08-05T10:08:16Z</time>
      </trkpt>
      <trkpt lat="41.67140587062809" lon="123.44755455860361">
        <ele>46.56623341422528</ele>
        <time>2024-08-05T10:08:20Z</time>
        <extensions>
          <gpxtpx:TrackPointExtension>
            <gpxtpx:hr>165</gpxtpx:hr>
          </gpxtpx:TrackPointExtension>
        </extensions>
      </trkpt>
      <trkpt lat="41.671649845654045" lon="123.44751065259089">
        <ele>46.14128829725087</ele>
        <time>2024-08-05T10:08:41Z</time>
        <extensions>
          <gpxtpx:TrackPointExtension>
            <gpxtpx:hr>159</gpxtpx:hr>
          </gpxtpx:TrackPointExtension>
        </extensions>
      </trkpt>
      <trkpt lat="41.67175462559256" lon="123.4475541437657">
        <ele>46.26987961307168</ele>
        <time>2024-08-05T10:08:47Z</time>
        <extensions>
          <gpxtpx:TrackPointExtension>
            <gpxtpx:hr>157</gpxtpx:hr>
          </gpxtpx:TrackPointExtension>
        </extensions>
      </trkpt>
      <trkpt lat="41.671856189497134" lon="123.44756704113583">
        <ele>46.521871749311686</ele>
        <time>2024-08-05T10:08:50Z</time>
      </trkpt>
      <trkpt lat="41.67198669696262" lon="123.44753663624039">
        <ele>46.89229149091989</ele>
        <time>2024-08-05T10:08:54Z</time>
      </trkpt>
      <trkpt lat="41.6720960750885" lon="123.44754347674615">
        <ele>47.055966462008655</ele>
        <time>2024-08-05T10:08:57Z</time>
        <extensions>
          <gpxtpx:TrackPointExtension>
            <gpxtpx:hr>155</gpxtpx:hr>
          </gpxtpx:TrackPointExtension>
        </extensions>
      </trkpt>
      <trkpt lat="41.67219774529671" lon="123.44755169383066">
        <ele>47.0549730528146</ele>
        <time>2024-08-05T10:09:00Z</time>
      </trkpt>
      <trkpt lat="41.67229143425696" lon="123.4475415261587">
        <ele>47.91711806692183</ele>
        <time>2024-08-05T10:09:03Z</time>
        <extensions>
          <gpxtpx:TrackPointExtension>
            <gpxtpx:hr>156</gpxtpx:hr>
          </gpxtpx:TrackPointExtension>
        </extensions>
      </trkpt>
      <trkpt lat="41.672389864759566" lon="123.44752377468463">
        <ele>47.857872158288956</ele>
        <time>2024-08-05T10:09:06Z</time>
        <extensions>
          <gpxtpx:TrackPointExtension>
            <gpxtpx:hr>156</gpxtpx:hr>
          </gpxtpx:TrackPointExtension>
        </extensions>
      </trkpt>
      <trkpt lat="41.67247972424097" lon="123.44753657512933">
        <ele>47.35428983066231</ele>
        <time>2024-08-05T10:09:09Z</time>
        <extensions>
          <gpxtpx:TrackPointExtension>
            <gpxtpx:hr>157</gpxtpx:hr>
          </gpxtpx:TrackPointExtension>
        </extensions>
      </trkpt>
      <trkpt lat="41.67257833976242" lon="123.44753847591288">
        <ele>47.998857103288174</ele>
        <time>2024-08-05T10:09:12Z</time>
        <extensions>
          <gpxtpx:TrackPointExtension>
            <gpxtpx:hr>157</gpxtpx:hr>
          </gpxtpx:TrackPointExtension>
        </extensions>
      </trkpt>
      <trkpt lat="41.67269526890611" lon="123.44753869065158">
        <ele>47.19761640019715</ele>
        <time>2024-08-05T10:09:16Z</time>
      </trkpt>
      <trkpt lat="41.67280437008819" lon="123.4475317921349">
        <ele>47.27313040290028</ele>
        <time>2024-08-05T10:09:20Z</time>
        <extensions>
          <gpxtpx:TrackPointExtension>
            <gpxtpx:hr>160</gpxtpx:hr>
          </gpxtpx:TrackPointExtension>
        </extensions>
      </trkpt>
      <trkpt lat="41.67292076091953" lon="123.44753430357926">
        <ele>47.30607886239886</ele>
        <time>2024-08-05T10:09:24Z</time>
      </trkpt>
      <trkpt lat="41.67303149639685" lon="123.44756035501636">
        <ele>47.15828945860267</ele>
        <time>2024-08-05T10:09:28Z</time>
        <extensions>
          <gpxtpx:TrackPointExtension>
            <gpxtpx:hr>162</gpxtpx:hr>
          </gpxtpx:TrackPointExtension>
        </extensions>
      </trkpt>
      <trkpt lat="41.673150192364126" lon="123.44756768926898">
        <ele>47.39479875098914</ele>
        <time>2024-08-05T10:09:32Z</time>
        <extensions>
          <gpxtpx:TrackPointExtension>
            <gpxtpx:hr>163</gpxtpx:hr>
          </gpxtpx:TrackPointExtension>
        </extensions>
      </trkpt>
      <trkpt lat="41.67324495149635" lon="123.44755326943078">
        <ele>47.05676089320332</ele>
        <time>2024-08-05T10:09:35Z</time>
        <extensions>
          <gpxtpx:TrackPointExtension>
            <gpxtpx:hr>164</gpxtpx:hr>
          </gpxtpx:TrackPointExtension>
        </extensions>
      </trkpt>
      <trkpt lat="41.673341365065085" lon="123.44756133209025">
        <ele>48.34498980548233</ele>
        <time>2024-08-05T10:09:38Z</time>
        <extensions>
          <gpxtpx:TrackPointExtension>
            <gpxtpx:hr>164</gpxtpx:hr>
          </gpxtpx:TrackPointExtension>
        </extensions>
      </trkpt>
      <trkpt lat="41.67344177476139" lon="123.44757027930096">
        <ele>47.22946006990969</ele>
        <time>2024-08-05T10:09:42Z</time>
        <extensions>
          <gpxtpx:TrackPointExtension>
            <gpxtpx:hr>164</gpxtpx:hr>
          </gpxtpx:TrackPointExtension>
        </extensions>
      </trkpt>
      <trkpt lat="41.67355495005721" lon="123.44756956294387">
        <ele>48.197170697152615</ele>
        <time>2024-08-05T10:09:46Z</time>
      </trkpt>
      <trkpt lat="41.67370288814715" lon="123.44762243477821">
        <ele>46.935362064279616</ele>
        <time>2024-08-05T10:11:43.999000Z</time>
        <extensions>
          <gpxtpx:TrackPointExtension>
            <gpxtpx:hr>121</gpxtpx:hr>
          </gpxtpx:TrackPointExtension>
        </extensions>
      </trkpt>
      <trkpt lat="41.67378043817053" lon="123.4475598305168">
        <ele>47.47037391923368</ele>
        <time>2024-08-05T10:11:48.999000Z</time>
        <extensions>
          <gpxtpx:TrackPointExtension>
            <gpxtpx:hr>120</gpxtpx:hr>
          </gpxtpx:TrackPointExtension>
        </extensions>
      </trkpt>
      <trkpt lat="41.67388340062038" lon="123.44756995040964">
        <ele>47.352307443507016</ele>
        <time>2024-08-05T10:11:52Z</time>
        <extensions>
          <gpxtpx:TrackPointExtension>
            <gpxtpx:hr>120</gpxtpx:hr>
          </gpxtpx:TrackPointExtension>
        </extensions>
      </trkpt>
      <trkpt lat="41.673987527797415" lon="123.44757951669506">
        <ele>47.1841683415696</ele>
        <time>2024-08-05T10:11:55Z</time>
      </trkpt>
      <trkpt lat="41.674080180537544" lon="123.44757679777302">
        <ele>46.97022274695337</ele>
        <time>2024-08-05T10:11:58Z</time>
        <extensions>
          <gpxtpx:TrackPointExtension>
            <gpxtpx:hr>125</gpxtpx:hr>
          </gpxtpx:TrackPointExtension>
        </extensions>
      </trkpt>
      <trkpt lat="41.67417541998286" lon="123.44757208595304">
        <ele>47.723288115113974</ele>
        <time>2024-08-05T10:12:01Z</time>
      </trkpt>
      <trkpt lat="41.67427001756843" lon="123.44759463969541">
        <ele>47.82663100492209</ele>
        <time>2024-08-05T10:12:04Z</time>
        <extensions>
          <gpxtpx:TrackPointExtension>
            <gpxtpx:hr>128</gpxtpx:hr>
          </gpxtpx:TrackPointExtension>
        </extensions>
      </trkpt>
      <trkpt lat="41.67437193736226" lon="123.44762088990079">
        <ele>47.84552232641727</ele>
        <time>2024-08-05T10:12:07Z</time>
      </trkpt>
      <trkpt lat="41.674461992798875" lon="123.44759809279341">
        <ele>47.28671264927834</ele>
        <time>2024-08-05T10:12:10Z</time>
      </trkpt>
      <trkpt lat="41.67455379499867" lon="123.44758809767981">
        <ele>47.164845917373896</ele>
        <time>2024-08-05T10:12:13Z</time>
        <extensions>
          <gpxtpx:TrackPointExtension>
            <gpxtpx:hr>135</gpxtpx:hr>
          </gpxtpx:TrackPointExtension>
        </extensions>
      </trkpt>
      <trkpt lat="41.674649708822464" lon="123.44756969547753">
        <ele>46.71327079460025</ele>
        <time>2024-08-05T10:12:16Z</time>
        <extensions>
          <gpxtpx:TrackPointExtension>
            <gpxtpx:hr>138</gpxtpx:hr>
          </gpxtpx:TrackPointExtension>
        </extensions>
      </trkpt>
      <trkpt lat="41.67474449708435" lon="123.44758484700428">
        <ele>46.95072890073061</ele>
        <time>2024-08-05T10:12:19Z</time>
        <extensions>
          <gpxtpx:TrackPointExtension>
            <gpxtpx:hr>142</gpxtpx:hr>
          </gpxtpx:TrackPointExtension>
        </extensions>
      </trkpt>
      <trkpt lat="41.67484124661983" lon="123.44758847058584">
        <ele>46.637686708942056</ele>
        <time>2024-08-05T10:12:22Z</time>
        <extensions>
          <gpxtpx:TrackPointExtension>
            <gpxtpx:hr>147</gpxtpx:hr>
          </gpxtpx:TrackPointExtension>
        </extensions>
      </trkpt>
      <trkpt lat="41.67493210767586" lon="123.44758113716469">
        <ele>47.0969696464017</ele>
        <time>2024-08-05T10:12:25Z</time>
      </trkpt>
      <trkpt lat="41.675026283635894" lon="123.44759181099211">
        <ele>46.766881310380995</ele>
        <time>2024-08-05T10:12:28Z</time>
        <extensions>
          <gpxtpx:TrackPointExtension>
            <gpxtpx:hr>151</gpxtpx:hr>
          </gpxtpx:TrackPointExtension>
        </extensions>
      </trkpt>
      <trkpt lat="41.675147426612206" lon="123.44758449177328">
        <ele>47.44090565294027</ele>
        <time>2024-08-05T10:12:32Z</time>
      </trkpt>
      <trkpt lat="41.67524275639748" lon="123.44759620155286">
        <ele>47.47118891775608</ele>
        <time>2024-08-05T10:12:35Z</time>
        <extensions>
          <gpxtpx:TrackPointExtension>
            <gpxtpx:hr>154</gpxtpx:hr>
          </gpxtpx:TrackPointExtension>
        </extensions>
      </trkpt>
      <trkpt lat="41.675340311207044" lon="123.44760485435683">
        <ele>46.7980818497017</ele>
        <time>2024-08-05T10:12:38Z</time>
      </trkpt>
      <trkpt lat="41.675453164817945" lon="123.44759749301524">
        <ele>46.937346081249416</ele>
        <time>2024-08-05T10:12:42Z</time>
        <extensions>
          <gpxtpx:TrackPointExtension>
            <gpxtpx:hr>156</gpxtpx:hr>
          </gpxtpx:TrackPointExtension>
        </extensions>
      </trkpt>
      <trkpt lat="41.67554740191384" lon="123.44759846866036">
        <ele>46.96989508997649</ele>
        <time>2024-08-05T10:12:45Z</time>
        <extensions>
          <gpxtpx:TrackPointExtension>
            <gpxtpx:hr>159</gpxtpx:hr>
          </gpxtpx:TrackPointExtension>
        </extensions>
      </trkpt>
      <trkpt lat="41.67563790483272" lon="123.44759565793701">
        <ele>47.31374835874885</ele>
        <time>2024-08-05T10:12:48Z</time>
      </trkpt>
      <trkpt lat="41.67576125772364" lon="123.44759655799317">
        <ele>46.78877411689609</ele>
        <time>2024-08-05T10:12:52Z</time>
        <extensions>
          <gpxtpx:TrackPointExtension>
            <gpxtpx:hr>160</gpxtpx:hr>
          </gpxtpx:TrackPointExtension>
        </extensions>
      </trkpt>
      <trkpt lat="41.6758546098753" lon="123.44759454440998">
        <ele>47.00550335459411</ele>
        <time>2024-08-05T10:12:55Z</time>
      </trkpt>
      <trkpt lat="41.675978261431496" lon="123.44759500741284">
        <ele>47.213537137024105</ele>
        <time>2024-08-05T10:12:59Z</time>
        <extensions>
          <gpxtpx:TrackPointExtension>
            <gpxtpx:hr>162</gpxtpx:hr>
          </gpxtpx:TrackPointExtension>
        </extensions>
      </trkpt>
      <trkpt lat="41.67609486880191" lon="123.447588956229">
        <ele>46.851751286536455</ele>
        <time>2024-08-05T10:13:03Z</time>
      </trkpt>
      <trkpt lat="41.6761972555063" lon="123.447591872044">
        <ele>46.26072247698903</ele>
        <time>2024-08-05T10:13:06Z</time>
        <extensions>
          <gpxtpx:TrackPointExtension>
            <gpxtpx:hr>164</gpxtpx:hr>
          </gpxtpx:TrackPointExtension>
        </extensions>
      </trkpt>
      <trkpt lat="41.676290812248354" lon="123.44761064327751">
        <ele>46.69809408206493</ele>
        <time>2024-08-05T10:13:09Z</time>
        <extensions>
          <gpxtpx:TrackPointExtension>
            <gpxtpx:hr>164</gpxtpx:hr>
          </gpxtpx:TrackPointExtension>
        </extensions>
      </trkpt>
      <trkpt lat="41.67638410302377" lon="123.44759157927226">
        <ele>46.97876709699631</ele>
        <time>2024-08-05T10:13:12Z</time>
        <extensions>
          <gpxtpx:TrackPointExtension>
            <gpxtpx:hr>164</gpxtpx:hr>
          </gpxtpx:TrackPointExtension>
        </extensions>
      </trkpt>
      <trkpt lat="41.67648874010347" lon="123.44760097146455">
        <ele>46.6418846771121</ele>
        <time>2024-08-05T10:13:16Z</time>
      </trkpt>
      <trkpt lat="41.676580723971654" lon="123.44760286551151">
        <ele>46.41297975834459</ele>
        <time>2024-08-05T10:13:19Z</time>
      </trkpt>
      <trkpt lat="41.676683689264024" lon="123.44759856151383">
        <ele>47.05175888258964</ele>
        <time>2024-08-05T10:13:24.999000Z</time>
        <extensions>
          <gpxtpx:TrackPointExtension>
            <gpxtpx:hr>165</gpxtpx:hr>
          </gpxtpx:TrackPointExtension>
        </extensions>
      </trkpt>
      <trkpt lat="41.67678671102748" lon="123.44759450479587">
        <ele>46.77977474685758</ele>
        <time>2024-08-05T10:13:28.999000Z</time>
        <extensions>
          <gpxtpx:TrackPointExtension>
            <gpxtpx:hr>164</gpxtpx:hr>
          </gpxtpx:TrackPointExtension>
        </extensions>
      </trkpt>
      <trkpt lat="41.67688456818104" lon="123.44755333163918">
        <ele>46.38873723335564</ele>
        <time>2024-08-05T10:13:32.999000Z</time>
        <extensions>
          <gpxtpx:TrackPointExtension>
            <gpxtpx:hr>163</gpxtpx:hr>
          </gpxtpx:TrackPointExtension>
        </extensions>
      </trkpt>
      <trkpt lat="41.67698574502191" lon="123.44760897236216">
        <ele>46.144269194453955</ele>
        <time>2024-08-05T10:13:36.999000Z</time>
        <extensions>
          <gpxtpx:TrackPointExtension>
            <gpxtpx:hr>163</gpxtpx:hr>
          </gpxtpx:TrackPointExtension>
        </extensions>
      </trkpt>
      <trkpt lat="41.677095129208496" lon="123.44761090879615">
        <ele>46.656401669606566</ele>
        <time>2024-08-05T10:13:40.999000Z</time>
      </trkpt>
      <trkpt lat="41.67721189421916" lon="123.44759261117483">
        <ele>47.23284033499658</ele>
        <time>2024-08-05T10:13:44.999000Z</time>
        <extensions>
          <gpxtpx:TrackPointExtension>
            <gpxtpx:hr>164</gpxtpx:hr>
          </gpxtpx:TrackPointExtension>
        </extensions>
      </trkpt>
      <trkpt lat="41.67731225892736" lon="123.44755648469466">
        <ele>46.132428450509906</ele>
        <time>2024-08-05T10:13:48.999000Z</time>
        <extensions>
          <gpxtpx:TrackPointExtension>
            <gpxtpx:hr>164</gpxtpx:hr>
          </gpxtpx:TrackPointExtension>
        </extensions>
      </trkpt>
      <trkpt lat="41.67728841522425" lon="123.44744015167517">
        <ele>46.13085832912475</ele>
        <time>2024-08-05T10:13:53.999000Z</time>
        <extensions>
          <gpxtpx:TrackPointExtension>
            <gpxtpx:hr>165</gpxtpx:hr>
          </gpxtpx:TrackPointExtension>
        </extensions>
      </trkpt>
      <trkpt lat="41.67725094812344" lon="123.44732130971607">
        <ele>45.47218869626522</ele>
        <time>2024-08-05T10:13:58Z</time>
        <extensions>
          <gpxtpx:TrackPointExtension>
            <gpxtpx:hr>164</gpxtpx:hr>
          </gpxtpx:TrackPointExtension>
        </extensions>
      </trkpt>
      <trkpt lat="41.67724713800794" lon="123.44717474703106">
        <ele>45.271777821704745</ele>
        <time>2024-08-05T10:14:02Z</time>
        <extensions>
          <gpxtpx:TrackPointExtension>
            <gpxtpx:hr>163</gpxtpx:hr>
          </gpxtpx:TrackPointExtension>
        </extensions>
      </trkpt>
      <trkpt lat="41.67725092856881" lon="123.44704369296116">
        <ele>46.416080271825194</ele>
        <time>2024-08-05T10:14:06Z</time>
      </trkpt>
      <trkpt lat="41.67725182637031" lon="123.44691963589052">
        <ele>46.036049279384315</ele>
        <time>2024-08-05T10:14:09Z</time>
        <extensions>
          <gpxtpx:TrackPointExtension>
            <gpxtpx:hr>164</gpxtpx:hr>
          </gpxtpx:TrackPointExtension>
        </extensions>
      </trkpt>
      <trkpt lat="41.67724514145991" lon="123.44677624445325">
        <ele>47.07892411015928</ele>
        <time>2024-08-05T10:14:13Z</time>
        <extensions>
          <gpxtpx:TrackPointExtension>
            <gpxtpx:hr>164</gpxtpx:hr>
          </gpxtpx:TrackPointExtension>
        </extensions>
      </trkpt>
      <trkpt lat="41.67724587675207" lon="123.44665399922798">
        <ele>46.83224872034043</ele>
        <time>2024-08-05T10:14:16Z</time>
      </trkpt>
      <trkpt lat="41.677247143714105" lon="123.44650038875969">
        <ele>47.14888918958604</ele>
        <time>2024-08-05T10:14:20Z</time>
        <extensions>
          <gpxtpx:TrackPointExtension>
            <gpxtpx:hr>164</gpxtpx:hr>
          </gpxtpx:TrackPointExtension>
        </extensions>
      </trkpt>
      <trkpt lat="41.677235836651285" lon="123.44636231107026">
        <ele>48.08798447623849</ele>
        <time>2024-08-05T10:14:24Z</time>
        <extensions>
          <gpxtpx:TrackPointExtension>
            <gpxtpx:hr>164</gpxtpx:hr>
          </gpxtpx:TrackPointExtension>
        </extensions>
      </trkpt>
      <trkpt lat="41.677234277951825" lon="123.44621810135777">
        <ele>47.08669546991587</ele>
        <time>2024-08-05T10:14:28Z</time>
        <extensions>
          <gpxtpx:TrackPointExtension>
            <gpxtpx:hr>164</gpxtpx:hr>
          </gpxtpx:TrackPointExtension>
        </extensions>
      </trkpt>
      <trkpt lat="41.67723788363085" lon="123.44607646895858">
        <ele>46.318406517617404</ele>
        <time>2024-08-05T10:14:32Z</time>
        <extensions>
          <gpxtpx:TrackPointExtension>
            <gpxtpx:hr>164</gpxtpx:hr>
          </gpxtpx:TrackPointExtension>
        </extensions>
      </trkpt>
      <trkpt lat="41.67724500225135" lon="123.44593727271887">
        <ele>45.86009314097464</ele>
        <time>2024-08-05T10:14:36Z</time>
      </trkpt>
      <trkpt lat="41.67726864669819" lon="123.44579577163526">
        <ele>45.452736700885</ele>
        <time>2024-08-05T10:14:40Z</time>
        <extensions>
          <gpxtpx:TrackPointExtension>
            <gpxtpx:hr>164</gpxtpx:hr>
          </gpxtpx:TrackPointExtension>
        </extensions>
      </trkpt>
      <trkpt lat="41.677243858375796" lon="123.44566858092898">
        <ele>46.975763694383204</ele>
        <time>2024-08-05T10:14:43Z</time>
      </trkpt>
      <trkpt lat="41.67722502310285" lon="123.44553650364256">
        <ele>47.54411813057959</ele>
        <time>2024-08-05T10:14:47Z</time>
        <extensions>
          <gpxtpx:TrackPointExtension>
            <gpxtpx:hr>165</gpxtpx:hr>
          </gpxtpx:TrackPointExtension>
        </extensions>
      </trkpt>
      <trkpt lat="41.67722715182706" lon="123.44538827268062">
        <ele>47.29666002560407</ele>
        <time>2024-08-05T10:14:51Z</time>
        <extensions>
          <gpxtpx:TrackPointExtension>
            <gpxtpx:hr>165</gpxtpx:hr>
          </gpxtpx:TrackPointExtension>
        </extensions>
      </trkpt>
      <trkpt lat="41.6772311309068" lon="123.44523447879173">
        <ele>47.09862666018307</ele>
        <time>2024-08-05T10:14:55Z</time>
      </trkpt>
      <trkpt lat="41.677231528367784" lon="123.44511276567766">
        <ele>46.99381380621344</ele>
        <time>2024-08-05T10:14:58Z</time>
        <extensions>
          <gpxtpx:TrackPointExtension>
            <gpxtpx:hr>165</gpxtpx:hr>
          </gpxtpx:TrackPointExtension>
        </extensions>
      </trkpt>
      <trkpt lat="41.677243380775074" lon="123.44496238941971">
        <ele>46.45237156841904</ele>
        <time>2024-08-05T10:15:02Z</time>
        <extensions>
          <gpxtpx:TrackPointExtension>
            <gpxtpx:hr>166</gpxtpx:hr>
          </gpxtpx:TrackPointExtension>
        </extensions>
      </trkpt>
      <trkpt lat="41.67725455643174" lon="123.44481153341853">
        <ele>47.280633424408734</ele>
        <time>2024-08-05T10:15:06Z</time>
        <extensions>
          <gpxtpx:TrackPointExtension>
            <gpxtpx:hr>167</gpxtpx:hr>
          </gpxtpx:TrackPointExtension>
        </extensions>
      </trkpt>
      <trkpt lat="41.677246787960364" lon="123.44466639576132">
        <ele>46.57605700939894</ele>
        <time>2024-08-05T10:15:10Z</time>
        <extensions>
          <gpxtpx:TrackPointExtension>
            <gpxtpx:hr>167</gpxtpx:hr>
          </gpxtpx:TrackPointExtension>
        </extensions>
      </trkpt>
      <trkpt lat="41.67724193080586" lon="123.44454514301951">
        <ele>46.58886966481805</ele>
        <time>2024-08-05T10:15:12.999000Z</time>
        <extensions>
          <gpxtpx:TrackPointExtension>
            <gpxtpx:hr>168</gpxtpx:hr>
          </gpxtpx:TrackPointExtension>
        </extensions>
      </trkpt>
      <trkpt lat="41.67725975143164" lon="123.44440215410717">
        <ele>46.07091101631522</ele>
        <time>2024-08-05T10:15:16.999000Z</time>
      </trkpt>
      <trkpt lat="41.67726970918144" lon="123.44425258615516">
        <ele>45.918585444800556</ele>
        <time>2024-08-05T10:15:20.999000Z</time>
        <extensions>
          <gpxtpx:TrackPointExtension>
            <gpxtpx:hr>168</gpxtpx:hr>
          </gpxtpx:TrackPointExtension>
        </extensions>
      </trkpt>
      <trkpt lat="41.67726656647053" lon="123.44410590726847">
        <ele>45.922602272592485</ele>
        <time>2024-08-05T10:15:24.999000Z</time>
      </trkpt>
      <trkpt lat="41.67728236055624" lon="123.44396016588578">
        <ele>45.62782925646752</ele>
        <time>2024-08-05T10:15:28.999000Z</time>
        <extensions>
          <gpxtpx:TrackPointExtension>
            <gpxtpx:hr>168</gpxtpx:hr>
          </gpxtpx:TrackPointExtension>
        </extensions>
      </trkpt>
      <trkpt lat="41.677288559285884" lon="123.44381368550596">
        <ele>45.89375149924308</ele>
        <time>2024-08-05T10:15:32.999000Z</time>
        <extensions>
          <gpxtpx:TrackPointExtension>
            <gpxtpx:hr>169</gpxtpx:hr>
          </gpxtpx:TrackPointExtension>
        </extensions>
      </trkpt>
      <trkpt lat="41.67727441951307" lon="123.44368325540957">
        <ele>46.32999338489026</ele>
        <time>2024-08-05T10:15:38.999000Z</time>
      </trkpt>
      <trkpt lat="41.67733918282273" lon="123.44280799389487">
        <ele>44.61800229083747</ele>
        <time>2024-08-05T10:16:32Z</time>
        <extensions>
          <gpxtpx:TrackPointExtension>
            <gpxtpx:hr>141</gpxtpx:hr>
          </gpxtpx:TrackPointExtension>
        </extensions>
      </trkpt>
      <trkpt lat="41.67733982080663" lon="123.44278849396527">
        <ele>44.710309722460806</ele>
        <time>2024-08-05T10:16:33Z</time>
      </trkpt>
      <trkpt lat="41.67730374466366" lon="123.44267744973314">
        <ele>45.52910820860416</ele>
        <time>2024-08-05T10:16:38Z</time>
        <extensions>
          <gpxtpx:TrackPointExtension>
            <gpxtpx:hr>139</gpxtpx:hr>
          </gpxtpx:TrackPointExtension>
        </extensions>
      </trkpt>
      <trkpt lat="41.67727352800475" lon="123.44255364408599">
        <ele>45.987175691872835</ele>
        <time>2024-08-05T10:16:42Z</time>
        <extensions>
          <gpxtpx:TrackPointExtension>
            <gpxtpx:hr>139</gpxtpx:hr>
          </gpxtpx:TrackPointExtension>
        </extensions>
      </trkpt>
      <trkpt lat="41.677269381684575" lon="123.44242281413945">
        <ele>46.11031337082386</ele>
        <time>2024-08-05T10:16:45Z</time>
      </trkpt>
      <trkpt lat="41.677275409840256" lon="123.44227308577118">
        <ele>45.885187316685915</ele>
        <time>2024-08-05T10:16:48Z</time>
        <extensions>
          <gpxtpx:TrackPointExtension>
            <gpxtpx:hr>141</gpxtpx:hr>
          </gpxtpx:TrackPointExtension>
        </extensions>
      </trkpt>
      <trkpt lat="41.67727944671896" lon="123.44214421664994">
        <ele>45.552688895724714</ele>
        <time>2024-08-05T10:16:51Z</time>
      </trkpt>
      <trkpt lat="41.677278019371016" lon="123.44201511176867">
        <ele>44.64861630182713</ele>
        <time>2024-08-05T10:16:54Z</time>
        <extensions>
          <gpxtpx:TrackPointExtension>
            <gpxtpx:hr>145</gpxtpx:hr>
          </gpxtpx:TrackPointExtension>
        </extensions>
      </trkpt>
      <trkpt lat="41.67726084981112" lon="123.44188993362167">
        <ele>45.5904775261879</ele>
        <time>2024-08-05T10:16:57Z</time>
        <extensions>
          <gpxtpx:TrackPointExtension>
            <gpxtpx:hr>148</gpxtpx:hr>
          </gpxtpx:TrackPointExtension>
        </extensions>
      </trkpt>
      <trkpt lat="41.67726287621589" lon="123.44176935933757">
        <ele>44.984422826208174</ele>
        <time>2024-08-05T10:17:00Z</time>
      </trkpt>
      <trkpt lat="41.677262893866" lon="123.44161738054531">
        <ele>44.5602337019518</ele>
        <time>2024-08-05T10:17:04Z</time>
        <extensions>
          <gpxtpx:TrackPointExtension>
            <gpxtpx:hr>154</gpxtpx:hr>
          </gpxtpx:TrackPointExtension>
        </extensions>
      </trkpt>
      <trkpt lat="41.67726920744967" lon="123.4414527927734">
        <ele>45.37236515711993</ele>
        <time>2024-08-05T10:17:08Z</time>
      </trkpt>
      <trkpt lat="41.67724642995541" lon="123.44131589383412">
        <ele>45.34411558043212</ele>
        <time>2024-08-05T10:17:12Z</time>
        <extensions>
          <gpxtpx:TrackPointExtension>
            <gpxtpx:hr>157</gpxtpx:hr>
          </gpxtpx:TrackPointExtension>
        </extensions>
      </trkpt>
      <trkpt lat="41.67726267846804" lon="123.44114935876432">
        <ele>45.22735903505236</ele>
        <time>2024-08-05T10:17:16Z</time>
      </trkpt>
      <trkpt lat="41.67725960917848" lon="123.44099089610849">
        <ele>45.171428888104856</ele>
        <time>2024-08-05T10:17:19.999000Z</time>
        <extensions>
          <gpxtpx:TrackPointExtension>
            <gpxtpx:hr>161</gpxtpx:hr>
          </gpxtpx:TrackPointExtension>
        </extensions>
      </trkpt>
      <trkpt lat="41.67726445868045" lon="123.44083417598614">
        <ele>45.21673412062228</ele>
        <time>2024-08-05T10:17:23.999000Z</time>
      </trkpt>
      <trkpt lat="41.67726664386417" lon="123.4407105942374">
        <ele>45.28883135225624</ele>
        <time>2024-08-05T10:17:26.999000Z</time>
        <extensions>
          <gpxtpx:TrackPointExtension>
            <gpxtpx:hr>158</gpxtpx:hr>
          </gpxtpx:TrackPointExtension>
        </extensions>
      </trkpt>
      <trkpt lat="41.67727619283053" lon="123.44055353317499">
        <ele>45.40973034873605</ele>
        <time>2024-08-05T10:17:30.999000Z</time>
      </trkpt>
      <trkpt lat="41.677290742591076" lon="123.44040849455362">
        <ele>45.68172235786915</ele>
        <time>2024-08-05T10:17:34.999000Z</time>
        <extensions>
          <gpxtpx:TrackPointExtension>
            <gpxtpx:hr>160</gpxtpx:hr>
          </gpxtpx:TrackPointExtension>
        </extensions>
      </trkpt>
      <trkpt lat="41.67728711969725" lon="123.44027167506256">
        <ele>44.17732772231102</ele>
        <time>2024-08-05T10:17:38.999000Z</time>
        <extensions>
          <gpxtpx:TrackPointExtension>
            <gpxtpx:hr>161</gpxtpx:hr>
          </gpxtpx:TrackPointExtension>
        </extensions>
      </trkpt>
      <trkpt lat="41.67728829581833" lon="123.44014597608418">
        <ele>44.33953402843326</ele>
        <time>2024-08-05T10:17:41.999000Z</time>
        <extensions>
          <gpxtpx:TrackPointExtension>
            <gpxtpx:hr>162</gpxtpx:hr>
          </gpxtpx:TrackPointExtension>
        </extensions>
      </trkpt>
      <trkpt lat="41.67730903441024" lon="123.44001247327148">
        <ele>44.6674450756982</ele>
        <time>2024-08-05T10:17:45.999000Z</time>
      </trkpt>
      <trkpt lat="41.67729674139703" lon="123.43986038718425">
        <ele>44.78589045908302</ele>
        <time>2024-08-05T10:17:49.999000Z</time>
        <extensions>
          <gpxtpx:TrackPointExtension>
            <gpxtpx:hr>163</gpxtpx:hr>
          </gpxtpx:TrackPointExtension>
        </extensions>
      </trkpt>
      <trkpt lat="41.67729643083261" lon="123.43973977116516">
        <ele>44.07797140348703</ele>
        <time>2024-08-05T10:17:52.999000Z</time>
      </trkpt>
      <trkpt lat="41.67729432723789" lon="123.43958761452703">
        <ele>44.06642765644938</ele>
        <time>2024-08-05T10:17:56.999000Z</time>
        <extensions>
          <gpxtpx:TrackPointExtension>
            <gpxtpx:hr>164</gpxtpx:hr>
          </gpxtpx:TrackPointExtension>
        </extensions>
      </trkpt>
      <trkpt lat="41.677288419980684" lon="123.4394332800918">
        <ele>43.31530974060297</ele>
        <time>2024-08-05T10:18:00.999000Z</time>
        <extensions>
          <gpxtpx:TrackPointExtension>
            <gpxtpx:hr>164</gpxtpx:hr>
          </gpxtpx:TrackPointExtension>
        </extensions>
      </trkpt>
      <trkpt lat="41.67728677321775" lon="123.43931042081886">
        <ele>43.74410914815962</ele>
        <time>2024-08-05T10:18:03.999000Z</time>
        <extensions>
          <gpxtpx:TrackPointExtension>
            <gpxtpx:hr>165</gpxtpx:hr>
          </gpxtpx:TrackPointExtension>
        </extensions>
      </trkpt>
      <trkpt lat="41.67730339913444" lon="123.43919049452953">
        <ele>42.12679707352072</ele>
        <time>2024-08-05T10:18:06.999000Z</time>
      </trkpt>
      <trkpt lat="41.67729461665542" lon="123.4390648487131">
        <ele>42.22691976185888</ele>
        <time>2024-08-05T10:18:10Z</time>
        <extensions>
          <gpxtpx:TrackPointExtension>
            <gpxtpx:hr>166</gpxtpx:hr>
          </gpxtpx:TrackPointExtension>
        </extensions>
      </trkpt>
      <trkpt lat="41.6773061666863" lon="123.4389199800691">
        <ele>42.27567570656538</ele>
        <time>2024-08-05T10:18:14Z</time>
      </trkpt>
      <trkpt lat="41.67733672298245" lon="123.43878349358921">
        <ele>42.938565011136234</ele>
        <time>2024-08-05T10:18:18Z</time>
        <extensions>
          <gpxtpx:TrackPointExtension>
            <gpxtpx:hr>166</gpxtpx:hr>
          </gpxtpx:TrackPointExtension>
        </extensions>
      </trkpt>
      <trkpt lat="41.67728662056041" lon="123.43867239777428">
        <ele>44.042746756225824</ele>
        <time>2024-08-05T10:18:21Z</time>
      </trkpt>
      <trkpt lat="41.677281503121314" lon="123.43852462094493">
        <ele>44.239212123677135</ele>
        <time>2024-08-05T10:18:25Z</time>
        <extensions>
          <gpxtpx:TrackPointExtension>
            <gpxtpx:hr>166</gpxtpx:hr>
          </gpxtpx:TrackPointExtension>
        </extensions>
      </trkpt>
      <trkpt lat="41.67728570145276" lon="123.43839493020062">
        <ele>45.34402015712112</ele>
        <time>2024-08-05T10:18:28Z</time>
        <extensions>
          <gpxtpx:TrackPointExtension>
            <gpxtpx:hr>166</gpxtpx:hr>
          </gpxtpx:TrackPointExtension>
        </extensions>
      </trkpt>
      <trkpt lat="41.67729043401099" lon="123.43827379129635">
        <ele>44.714617003686726</ele>
        <time>2024-08-05T10:18:31Z</time>
      </trkpt>
      <trkpt lat="41.67728979076005" lon="123.43815265154016">
        <ele>46.14603620395064</ele>
        <time>2024-08-05T10:18:34Z</time>
        <extensions>
          <gpxtpx:TrackPointExtension>
            <gpxtpx:hr>167</gpxtpx:hr>
          </gpxtpx:TrackPointExtension>
        </extensions>
      </trkpt>
      <trkpt lat="41.67729085883041" lon="123.43800296899414">
        <ele>46.12062209844589</ele>
        <time>2024-08-05T10:18:38Z</time>
      </trkpt>
      <trkpt lat="41.67727562312053" lon="123.43787020313535">
        <ele>45.172565871849656</ele>
        <time>2024-08-05T10:18:42Z</time>
        <extensions>
          <gpxtpx:TrackPointExtension>
            <gpxtpx:hr>167</gpxtpx:hr>
          </gpxtpx:TrackPointExtension>
        </extensions>
      </trkpt>
      <trkpt lat="41.67721260587827" lon="123.43619726658962">
        <ele>45.352651754394174</ele>
        <time>2024-08-05T10:20:26Z</time>
        <extensions>
          <gpxtpx:TrackPointExtension>
            <gpxtpx:hr>131</gpxtpx:hr>
          </gpxtpx:TrackPointExtension>
        </extensions>
      </trkpt>
      <trkpt lat="41.67720288127713" lon="123.43616390930752">
        <ele>45.164683691225946</ele>
        <time>2024-08-05T10:20:27Z</time>
        <extensions>
          <gpxtpx:TrackPointExtension>
            <gpxtpx:hr>130</gpxtpx:hr>
          </gpxtpx:TrackPointExtension>
        </extensions>
      </trkpt>
      <trkpt lat="41.67721414847509" lon="123.43602911068142">
        <ele>44.8303327774629</ele>
        <time>2024-08-05T10:20:32Z</time>
        <extensions>
          <gpxtpx:TrackPointExtension>
            <gpxtpx:hr>130</gpxtpx:hr>
          </gpxtpx:TrackPointExtension>
        </extensions>
      </trkpt>
      <trkpt lat="41.6772037691541" lon="123.4359055660356">
        <ele>44.8173881014809</ele>
        <time>2024-08-05T10:20:36Z</time>
      </trkpt>
      <trkpt lat="41.67721500250236" lon="123.43576564251492">
        <ele>44.519973039627075</ele>
        <time>2024-08-05T10:20:40Z</time>
        <extensions>
          <gpxtpx:TrackPointExtension>
            <gpxtpx:hr>133</gpxtpx:hr>
          </gpxtpx:TrackPointExtension>
        </extensions>
      </trkpt>
      <trkpt lat="41.67721068494535" lon="123.43560415114688">
        <ele>44.82594293542206</ele>
        <time>2024-08-05T10:20:43Z</time>
        <extensions>
          <gpxtpx:TrackPointExtension>
            <gpxtpx:hr>138</gpxtpx:hr>
          </gpxtpx:TrackPointExtension>
        </extensions>
      </trkpt>
      <trkpt lat="41.677205116321474" lon="123.43546407169406">
        <ele>45.27388732880354</ele>
        <time>2024-08-05T10:20:46Z</time>
      </trkpt>
      <trkpt lat="41.67721068386478" lon="123.43532560677764">
        <ele>45.315584702417254</ele>
        <time>2024-08-05T10:20:49Z</time>
        <extensions>
          <gpxtpx:TrackPointExtension>
            <gpxtpx:hr>141</gpxtpx:hr>
          </gpxtpx:TrackPointExtension>
        </extensions>
      </trkpt>
      <trkpt lat="41.67721350415464" lon="123.43516743175738">
        <ele>45.19800957571715</ele>
        <time>2024-08-05T10:20:53Z</time>
        <extensions>
          <gpxtpx:TrackPointExtension>
            <gpxtpx:hr>147</gpxtpx:hr>
          </gpxtpx:TrackPointExtension>
        </extensions>
      </trkpt>
      <trkpt lat="41.677208944585274" lon="123.43503691524181">
        <ele>45.51917358022183</ele>
        <time>2024-08-05T10:20:56Z</time>
      </trkpt>
      <trkpt lat="41.67720774663563" lon="123.43487879354143">
        <ele>45.33328950218856</ele>
        <time>2024-08-05T10:21:00Z</time>
        <extensions>
          <gpxtpx:TrackPointExtension>
            <gpxtpx:hr>152</gpxtpx:hr>
          </gpxtpx:TrackPointExtension>
        </extensions>
      </trkpt>
      <trkpt lat="41.67721139712966" lon="123.43472051767651">
        <ele>45.601716166362166</ele>
        <time>2024-08-05T10:21:04Z</time>
        <extensions>
          <gpxtpx:TrackPointExtension>
            <gpxtpx:hr>152</gpxtpx:hr>
          </gpxtpx:TrackPointExtension>
        </extensions>
      </trkpt>
      <trkpt lat="41.67723316305563" lon="123.43460090358855">
        <ele>45.465407378040254</ele>
        <time>2024-08-05T10:21:07Z</time>
      </trkpt>
      <trkpt lat="41.67721008611697" lon="123.43444378905146">
        <ele>45.928785177879035</ele>
        <time>2024-08-05T10:21:11Z</time>
        <extensions>
          <gpxtpx:TrackPointExtension>
            <gpxtpx:hr>155</gpxtpx:hr>
          </gpxtpx:TrackPointExtension>
        </extensions>
      </trkpt>
      <trkpt lat="41.67721509080104" lon="123.4342949198638">
        <ele>45.505420815199614</ele>
        <time>2024-08-05T10:21:15Z</time>
      </trkpt>
      <trkpt lat="41.67722767087014" lon="123.43416930907595">
        <ele>45.62563640810549</ele>
        <time>2024-08-05T10:21:18Z</time>
        <extensions>
          <gpxtpx:TrackPointExtension>
            <gpxtpx:hr>156</gpxtpx:hr>
          </gpxtpx:TrackPointExtension>
        </extensions>
      </trkpt>
      <trkpt lat="41.67720779929874" lon="123.43401358806598">
        <ele>46.46305459924042</ele>
        <time>2024-08-05T10:21:22Z</time>
        <extensions>
          <gpxtpx:TrackPointExtension>
            <gpxtpx:hr>158</gpxtpx:hr>
          </gpxtpx:TrackPointExtension>
        </extensions>
      </trkpt>
      <trkpt lat="41.677216990275625" lon="123.43386491519708">
        <ele>45.72703599091619</ele>
        <time>2024-08-05T10:21:26Z</time>
        <extensions>
          <gpxtpx:TrackPointExtension>
            <gpxtpx:hr>160</gpxtpx:hr>
          </gpxtpx:TrackPointExtension>
        </extensions>
      </trkpt>
      <trkpt lat="41.67722522097273" lon="123.43372616372375">
        <ele>45.73604453261942</ele>
        <time>2024-08-05T10:21:30Z</time>
      </trkpt>
      <trkpt lat="41.677222910213125" lon="123.43357024629918">
        <ele>45.475172650069</ele>
        <time>2024-08-05T10:21:33.999000Z</time>
        <extensions>
          <gpxtpx:TrackPointExtension>
            <gpxtpx:hr>161</gpxtpx:hr>
          </gpxtpx:TrackPointExtension>
        </extensions>
      </trkpt>
      <trkpt lat="41.677222709165044" lon="123.43342524603999">
        <ele>46.2114877179265</ele>
        <time>2024-08-05T10:21:37.999000Z</time>
        <extensions>
          <gpxtpx:TrackPointExtension>
            <gpxtpx:hr>162</gpxtpx:hr>
          </gpxtpx:TrackPointExtension>
        </extensions>
      </trkpt>
      <trkpt lat="41.67722321512006" lon="123.4332779322168">
        <ele>45.943037405610085</ele>
        <time>2024-08-05T10:21:41.999000Z</time>
        <extensions>
          <gpxtpx:TrackPointExtension>
            <gpxtpx:hr>164</gpxtpx:hr>
          </gpxtpx:TrackPointExtension>
        </extensions>
      </trkpt>
      <trkpt lat="41.67720983053445" lon="123.43312640890845">
        <ele>45.662525434046984</ele>
        <time>2024-08-05T10:21:45.999000Z</time>
      </trkpt>
      <trkpt lat="41.67721940659937" lon="123.43297885864966">
        <ele>46.10834137350321</ele>
        <time>2024-08-05T10:21:49.999000Z</time>
        <extensions>
          <gpxtpx:TrackPointExtension>
            <gpxtpx:hr>164</gpxtpx:hr>
          </gpxtpx:TrackPointExtension>
        </extensions>
      </trkpt>
      <trkpt lat="41.67720743915181" lon="123.43282916454895">
        <ele>45.19241210445762</ele>
        <time>2024-08-05T10:21:53.999000Z</time>
      </trkpt>
      <trkpt lat="41.67723069260335" lon="123.432696508283">
        <ele>47.34254074655473</ele>
        <time>2024-08-05T10:21:56.999000Z</time>
        <extensions>
          <gpxtpx:TrackPointExtension>
            <gpxtpx:hr>165</gpxtpx:hr>
          </gpxtpx:TrackPointExtension>
        </extensions>
      </trkpt>
      <trkpt lat="41.677220091734334" lon="123.43254682365624">
        <ele>46.61379945091903</ele>
        <time>2024-08-05T10:22:00.999000Z</time>
      </trkpt>
      <trkpt lat="41.67721257657298" lon="123.43239567790262">
        <ele>46.17479015979916</ele>
        <time>2024-08-05T10:22:04.999000Z</time>
        <extensions>
          <gpxtpx:TrackPointExtension>
            <gpxtpx:hr>165</gpxtpx:hr>
          </gpxtpx:TrackPointExtension>
        </extensions>
      </trkpt>
      <trkpt lat="41.67720360234252" lon="123.43226892576928">
        <ele>47.16107399761677</ele>
        <time>2024-08-05T10:22:08.999000Z</time>
        <extensions>
          <gpxtpx:TrackPointExtension>
            <gpxtpx:hr>166</gpxtpx:hr>
          </gpxtpx:TrackPointExtension>
        </extensions>
      </trkpt>
      <trkpt lat="41.67720335486387" lon="123.4321476041932">
        <ele>45.92814901005477</ele>
        <time>2024-08-05T10:22:11.999000Z</time>
      </trkpt>
      <trkpt lat="41.67720819578031" lon="123.43199229572296">
        <ele>45.83699735626578</ele>
        <time>2024-08-05T10:22:15.999000Z</time>
        <extensions>
          <gpxtpx:TrackPointExtension>
            <gpxtpx:hr>166</gpxtpx:hr>
          </gpxtpx:TrackPointExtension>
        </extensions>
      </trkpt>
      <trkpt lat="41.67721359914647" lon="123.43182981118214">
        <ele>46.45328183565289</ele>
        <time>2024-08-05T10:22:20Z</time>
        <extensions>
          <gpxtpx:TrackPointExtension>
            <gpxtpx:hr>167</gpxtpx:hr>
          </gpxtpx:TrackPointExtension>
        </extensions>
      </trkpt>
      <trkpt lat="41.677218780076295" lon="123.43169919371584">
        <ele>45.94217342976481</ele>
        <time>2024-08-05T10:22:24Z</time>
        <extensions>
          <gpxtpx:TrackPointExtension>
            <gpxtpx:hr>167</gpxtpx:hr>
          </gpxtpx:TrackPointExtension>
        </extensions>
      </trkpt>
      <trkpt lat="41.67726435696106" lon="123.4315672837039">
        <ele>45.60484282486141</ele>
        <time>2024-08-05T10:22:28Z</time>
      </trkpt>
      <trkpt lat="41.677258254842165" lon="123.43142340409365">
        <ele>45.81485538184643</ele>
        <time>2024-08-05T10:22:32Z</time>
        <extensions>
          <gpxtpx:TrackPointExtension>
            <gpxtpx:hr>168</gpxtpx:hr>
          </gpxtpx:TrackPointExtension>
        </extensions>
      </trkpt>
      <trkpt lat="41.677267433432796" lon="123.43126720952449">
        <ele>45.39269803278148</ele>
        <time>2024-08-05T10:22:36Z</time>
      </trkpt>
      <trkpt lat="41.67726540379862" lon="123.43112162145282">
        <ele>45.19618714042008</ele>
        <time>2024-08-05T10:22:40Z</time>
      </trkpt>
      <trkpt lat="41.677275736494266" lon="123.43096714223707">
        <ele>44.5959316091612</ele>
        <time>2024-08-05T10:22:44Z</time>
        <extensions>
          <gpxtpx:TrackPointExtension>
            <gpxtpx:hr>168</gpxtpx:hr>
          </gpxtpx:TrackPointExtension>
        </extensions>
      </trkpt>
      <trkpt lat="41.6772802086005" lon="123.43081476404177">
        <ele>44.7171431677416</ele>
        <time>2024-08-05T10:22:48Z</time>
        <extensions>
          <gpxtpx:TrackPointExtension>
            <gpxtpx:hr>168</gpxtpx:hr>
          </gpxtpx:TrackPointExtension>
        </extensions>
      </trkpt>
      <trkpt lat="41.677276011857636" lon="123.43069181227844">
        <ele>45.229464661329985</ele>
        <time>2024-08-05T10:22:51Z</time>
        <extensions>
          <gpxtpx:TrackPointExtension>
            <gpxtpx:hr>168</gpxtpx:hr>
          </gpxtpx:TrackPointExtension>
        </extensions>
      </trkpt>
      <trkpt lat="41.6772608642053" lon="123.43054835975268">
        <ele>45.264164187945426</ele>
        <time>2024-08-05T10:22:55Z</time>
        <extensions>
          <gpxtpx:TrackPointExtension>
            <gpxtpx:hr>168</gpxtpx:hr>
          </gpxtpx:TrackPointExtension>
        </extensions>
      </trkpt>
      <trkpt lat="41.67727049918002" lon="123.43041487326377">
        <ele>44.60553797800094</ele>
        <time>2024-08-05T10:22:59Z</time>
        <extensions>
          <gpxtpx:TrackPointExtension>
            <gpxtpx:hr>168</gpxtpx:hr>
          </gpxtpx:TrackPointExtension>
        </extensions>
      </trkpt>
      <trkpt lat="41.67727123744913" lon="123.43025542009195">
        <ele>46.24822707939893</ele>
        <time>2024-08-05T10:23:03Z</time>
        <extensions>
          <gpxtpx:TrackPointExtension>
            <gpxtpx:hr>168</gpxtpx:hr>
          </gpxtpx:TrackPointExtension>
        </extensions>
      </trkpt>
      <trkpt lat="41.67729714721001" lon="123.43010214554356">
        <ele>45.57367760036141</ele>
        <time>2024-08-05T10:23:07Z</time>
        <extensions>
          <gpxtpx:TrackPointExtension>
            <gpxtpx:hr>167</gpxtpx:hr>
          </gpxtpx:TrackPointExtension>
        </extensions>
      </trkpt>
      <trkpt lat="41.67728596238366" lon="123.42995447094232">
        <ele>44.96200363058597</ele>
        <time>2024-08-05T10:23:11Z</time>
      </trkpt>
      <trkpt lat="41.67729826305866" lon="123.42982777674163">
        <ele>44.03064907807857</ele>
        <time>2024-08-05T10:23:14Z</time>
        <extensions>
          <gpxtpx:TrackPointExtension>
            <gpxtpx:hr>167</gpxtpx:hr>
          </gpxtpx:TrackPointExtension>
        </extensions>
      </trkpt>
      <trkpt lat="41.67731382660198" lon="123.42967152381308">
        <ele>44.483728505671024</ele>
        <time>2024-08-05T10:23:18Z</time>
      </trkpt>
      <trkpt lat="41.67731834044985" lon="123.42951993851821">
        <ele>44.504439229145646</ele>
        <time>2024-08-05T10:23:22Z</time>
        <extensions>
          <gpxtpx:TrackPointExtension>
            <gpxtpx:hr>169</gpxtpx:hr>
          </gpxtpx:TrackPointExtension>
        </extensions>
      </trkpt>
      <trkpt lat="41.677302920167406" lon="123.42938038861487">
        <ele>44.960355857387185</ele>
        <time>2024-08-05T10:23:26Z</time>
        <extensions>
          <gpxtpx:TrackPointExtension>
            <gpxtpx:hr>170</gpxtpx:hr>
          </gpxtpx:TrackPointExtension>
        </extensions>
      </trkpt>
      <trkpt lat="41.67731201253552" lon="123.42924698540725">
        <ele>44.50625102967024</ele>
        <time>2024-08-05T10:23:29Z</time>
        <extensions>
          <gpxtpx:TrackPointExtension>
            <gpxtpx:hr>170</gpxtpx:hr>
          </gpxtpx:TrackPointExtension>
        </extensions>
      </trkpt>
      <trkpt lat="41.67732147479367" lon="123.4291014176156">
        <ele>43.148000565357506</ele>
        <time>2024-08-05T10:23:33Z</time>
        <extensions>
          <gpxtpx:TrackPointExtension>
            <gpxtpx:hr>170</gpxtpx:hr>
          </gpxtpx:TrackPointExtension>
        </extensions>
      </trkpt>
      <trkpt lat="41.677307084754695" lon="123.42894831903492">
        <ele>39.99373975209892</ele>
        <time>2024-08-05T10:23:36.999000Z</time>
        <extensions>
          <gpxtpx:TrackPointExtension>
            <gpxtpx:hr>169</gpxtpx:hr>
          </gpxtpx:TrackPointExtension>
        </extensions>
      </trkpt>
      <trkpt lat="41.67729594742181" lon="123.42881541326736">
        <ele>44.18066564574838</ele>
        <time>2024-08-05T10:23:39.999000Z</time>
      </trkpt>
      <trkpt lat="41.67731087105341" lon="123.42869034087515">
        <ele>43.28269838914275</ele>
        <time>2024-08-05T10:23:42.999000Z</time>
        <extensions>
          <gpxtpx:TrackPointExtension>
            <gpxtpx:hr>169</gpxtpx:hr>
          </gpxtpx:TrackPointExtension>
        </extensions>
      </trkpt>
      <trkpt lat="41.677309503343565" lon="123.42853626409952">
        <ele>43.80714285001159</ele>
        <time>2024-08-05T10:23:46.999000Z</time>
      </trkpt>
      <trkpt lat="41.677281075393246" lon="123.42839907546076">
        <ele>43.40343376342207</ele>
        <time>2024-08-05T10:23:50.999000Z</time>
        <extensions>
          <gpxtpx:TrackPointExtension>
            <gpxtpx:hr>169</gpxtpx:hr>
          </gpxtpx:TrackPointExtension>
        </extensions>
      </trkpt>
      <trkpt lat="41.677265421509084" lon="123.42826349415552">
        <ele>43.2636183667928</ele>
        <time>2024-08-05T10:23:54.999000Z</time>
        <extensions>
          <gpxtpx:TrackPointExtension>
            <gpxtpx:hr>170</gpxtpx:hr>
          </gpxtpx:TrackPointExtension>
        </extensions>
      </trkpt>
      <trkpt lat="41.67728035761136" lon="123.4281258210693">
        <ele>43.67035031225532</ele>
        <time>2024-08-05T10:23:58.999000Z</time>
      </trkpt>
      <trkpt lat="41.6772746627924" lon="123.42797638660804">
        <ele>43.506091721355915</ele>
        <time>2024-08-05T10:24:02.999000Z</time>
        <extensions>
          <gpxtpx:TrackPointExtension>
            <gpxtpx:hr>170</gpxtpx:hr>
          </gpxtpx:TrackPointExtension>
        </extensions>
      </trkpt>
      <trkpt lat="41.67727317770402" lon="123.42782419197724">
        <ele>43.23705197032541</ele>
        <time>2024-08-05T10:24:06.999000Z</time>
        <extensions>
          <gpxtpx:TrackPointExtension>
            <gpxtpx:hr>171</gpxtpx:hr>
          </gpxtpx:TrackPointExtension>
        </extensions>
      </trkpt>
      <trkpt lat="41.67727057238393" lon="123.42769332173854">
        <ele>43.60487212240696</ele>
        <time>2024-08-05T10:24:10.999000Z</time>
        <extensions>
          <gpxtpx:TrackPointExtension>
            <gpxtpx:hr>172</gpxtpx:hr>
          </gpxtpx:TrackPointExtension>
        </extensions>
      </trkpt>
      <trkpt lat="41.677273240909095" lon="123.4275587470444">
        <ele>43.05543150939047</ele>
        <time>2024-08-05T10:24:14.999000Z</time>
        <extensions>
          <gpxtpx:TrackPointExtension>
            <gpxtpx:hr>171</gpxtpx:hr>
          </gpxtpx:TrackPointExtension>
        </extensions>
      </trkpt>
      <trkpt lat="41.677276167858786" lon="123.42741058926335">
        <ele>43.37561363354325</ele>
        <time>2024-08-05T10:24:18.999000Z</time>
        <extensions>
          <gpxtpx:TrackPointExtension>
            <gpxtpx:hr>171</gpxtpx:hr>
          </gpxtpx:TrackPointExtension>
        </extensions>
      </trkpt>
      <trkpt lat="41.677281358491676" lon="123.42726361652048">
        <ele>42.10541305411607</ele>
        <time>2024-08-05T10:24:22.999000Z</time>
      </trkpt>
      <trkpt lat="41.67727637764721" lon="123.42711233667859">
        <ele>43.152056084014475</ele>
        <time>2024-08-05T10:24:27Z</time>
        <extensions>
          <gpxtpx:TrackPointExtension>
            <gpxtpx:hr>171</gpxtpx:hr>
          </gpxtpx:TrackPointExtension>
        </extensions>
      </trkpt>
      <trkpt lat="41.677273520378" lon="123.42696941122247">
        <ele>43.39097573515028</ele>
        <time>2024-08-05T10:24:31Z</time>
      </trkpt>
      <trkpt lat="41.677279543963365" lon="123.42684562759933">
        <ele>44.189972125925124</ele>
        <time>2024-08-05T10:24:35Z</time>
        <extensions>
          <gpxtpx:TrackPointExtension>
            <gpxtpx:hr>171</gpxtpx:hr>
          </gpxtpx:TrackPointExtension>
        </extensions>
      </trkpt>
      <trkpt lat="41.677291045620855" lon="123.42675220703718">
        <ele>44.505046209320426</ele>
        <time>2024-08-05T10:24:41Z</time>
        <extensions>
          <gpxtpx:TrackPointExtension>
            <gpxtpx:hr>169</gpxtpx:hr>
          </gpxtpx:TrackPointExtension>
        </extensions>
      </trkpt>
      <trkpt lat="41.67728846004355" lon="123.42673065064547">
        <ele>44.590122770518064</ele>
        <time>2024-08-05T10:24:42Z</time>
      </trkpt>
      <trkpt lat="41.6821537024016" lon="123.4188629845402">
        <ele>43.49454505741596</ele>
        <time>2024-08-05T10:36:51Z</time>
        <extensions>
          <gpxtpx:TrackPointExtension>
            <gpxtpx:hr>125</gpxtpx:hr>
          </gpxtpx:TrackPointExtension>
        </extensions>
      </trkpt>
      <trkpt lat="41.682155527988066" lon="123.41873916255106">
        <ele>43.24567597080022</ele>
        <time>2024-08-05T10:36:56Z</time>
        <extensions>
          <gpxtpx:TrackPointExtension>
            <gpxtpx:hr>125</gpxtpx:hr>
          </gpxtpx:TrackPointExtension>
        </extensions>
      </trkpt>
      <trkpt lat="41.68217316754489" lon="123.41860888606922">
        <ele>42.84856231883168</ele>
        <time>2024-08-05T10:37:00Z</time>
        <extensions>
          <gpxtpx:TrackPointExtension>
            <gpxtpx:hr>125</gpxtpx:hr>
          </gpxtpx:TrackPointExtension>
        </extensions>
      </trkpt>
      <trkpt lat="41.68217956437063" lon="123.41857792328256">
        <ele>43.13016288168728</ele>
        <time>2024-08-05T10:37:00.999000Z</time>
      </trkpt>
      <trkpt lat="41.68219083449027" lon="123.41843974163001">
        <ele>42.66208550333977</ele>
        <time>2024-08-05T10:37:03.999000Z</time>
        <extensions>
          <gpxtpx:TrackPointExtension>
            <gpxtpx:hr>129</gpxtpx:hr>
          </gpxtpx:TrackPointExtension>
        </extensions>
      </trkpt>
      <trkpt lat="41.68219917523938" lon="123.41830235236155">
        <ele>41.924525891430676</ele>
        <time>2024-08-05T10:37:06.999000Z</time>
        <extensions>
          <gpxtpx:TrackPointExtension>
            <gpxtpx:hr>136</gpxtpx:hr>
          </gpxtpx:TrackPointExtension>
        </extensions>
      </trkpt>
      <trkpt lat="41.682202091327085" lon="123.41814643030364">
        <ele>41.99975620955229</ele>
        <time>2024-08-05T10:37:09.999000Z</time>
      </trkpt>
      <trkpt lat="41.68219611595608" lon="123.41801464785992">
        <ele>42.67930535040796</ele>
        <time>2024-08-05T10:37:11.999000Z</time>
      </trkpt>
      <trkpt lat="41.68221300899748" lon="123.41786352586055">
        <ele>43.26302671339363</ele>
        <time>2024-08-05T10:37:14.999000Z</time>
      </trkpt>
      <trkpt lat="41.6822245348444" lon="123.4177090132495">
        <ele>43.279515272937715</ele>
        <time>2024-08-05T10:37:17.999000Z</time>
        <extensions>
          <gpxtpx:TrackPointExtension>
            <gpxtpx:hr>146</gpxtpx:hr>
          </gpxtpx:TrackPointExtension>
        </extensions>
      </trkpt>
      <trkpt lat="41.68222588303891" lon="123.41756810751966">
        <ele>43.17507190257311</ele>
        <time>2024-08-05T10:37:21Z</time>
        <extensions>
          <gpxtpx:TrackPointExtension>
            <gpxtpx:hr>150</gpxtpx:hr>
          </gpxtpx:TrackPointExtension>
        </extensions>
      </trkpt>
      <trkpt lat="41.682231664880874" lon="123.41742389485539">
        <ele>43.90353399887681</ele>
        <time>2024-08-05T10:37:24Z</time>
      </trkpt>
      <trkpt lat="41.68224034811101" lon="123.41729969984105">
        <ele>43.04431468620896</ele>
        <time>2024-08-05T10:37:27Z</time>
        <extensions>
          <gpxtpx:TrackPointExtension>
            <gpxtpx:hr>152</gpxtpx:hr>
          </gpxtpx:TrackPointExtension>
        </extensions>
      </trkpt>
      <trkpt lat="41.68224136049779" lon="123.41717939247485">
        <ele>43.293708455748856</ele>
        <time>2024-08-05T10:37:30Z</time>
        <extensions>
          <gpxtpx:TrackPointExtension>
            <gpxtpx:hr>153</gpxtpx:hr>
          </gpxtpx:TrackPointExtension>
        </extensions>
      </trkpt>
      <trkpt lat="41.68225918205563" lon="123.41704743587724">
        <ele>42.84749565180391</ele>
        <time>2024-08-05T10:37:33Z</time>
      </trkpt>
      <trkpt lat="41.682266080900554" lon="123.41692501487987">
        <ele>43.009042418561876</ele>
        <time>2024-08-05T10:37:36Z</time>
        <extensions>
          <gpxtpx:TrackPointExtension>
            <gpxtpx:hr>157</gpxtpx:hr>
          </gpxtpx:TrackPointExtension>
        </extensions>
      </trkpt>
      <trkpt lat="41.68227486539736" lon="123.41678511623313">
        <ele>42.92542939539999</ele>
        <time>2024-08-05T10:37:39Z</time>
        <extensions>
          <gpxtpx:TrackPointExtension>
            <gpxtpx:hr>158</gpxtpx:hr>
          </gpxtpx:TrackPointExtension>
        </extensions>
      </trkpt>
      <trkpt lat="41.68228977154643" lon="123.41664199949975">
        <ele>42.927996524609625</ele>
        <time>2024-08-05T10:37:42Z</time>
        <extensions>
          <gpxtpx:TrackPointExtension>
            <gpxtpx:hr>160</gpxtpx:hr>
          </gpxtpx:TrackPointExtension>
        </extensions>
      </trkpt>
      <trkpt lat="41.68229268553482" lon="123.41652117944679">
        <ele>42.841792056337</ele>
        <time>2024-08-05T10:37:45Z</time>
      </trkpt>
      <trkpt lat="41.682305659217086" lon="123.41639804796026">
        <ele>42.90814422164112</ele>
        <time>2024-08-05T10:37:48Z</time>
        <extensions>
          <gpxtpx:TrackPointExtension>
            <gpxtpx:hr>161</gpxtpx:hr>
          </gpxtpx:TrackPointExtension>
        </extensions>
      </trkpt>
      <trkpt lat="41.68234187027178" lon="123.4162762497399">
        <ele>41.67375933844596</ele>
        <time>2024-08-05T10:37:53Z</time>
        <extensions>
          <gpxtpx:TrackPointExtension>
            <gpxtpx:hr>163</gpxtpx:hr>
          </gpxtpx:TrackPointExtension>
        </extensions>
      </trkpt>
      <trkpt lat="41.682449990457904" lon="123.41611309885396">
        <ele>43.196520091965795</ele>
        <time>2024-08-05T11:02:13Z</time>
        <extensions>
          <gpxtpx:TrackPointExtension>
            <gpxtpx:hr>125</gpxtpx:hr>
          </gpxtpx:TrackPointExtension>
        </extensions>
      </trkpt>
      <trkpt lat="41.68243316897532" lon="123.41612861370837">
        <ele>43.16480710823089</ele>
        <time>2024-08-05T11:02:14Z</time>
      </trkpt>
      <trkpt lat="41.682325020246076" lon="123.41612148602562">
        <ele>43.13250358495861</ele>
        <time>2024-08-05T11:02:19Z</time>
        <extensions>
          <gpxtpx:TrackPointExtension>
            <gpxtpx:hr>125</gpxtpx:hr>
          </gpxtpx:TrackPointExtension>
        </extensions>
      </trkpt>
      <trkpt lat="41.68222673944396" lon="123.41610797692513">
        <ele>41.79455724917352</ele>
        <time>2024-08-05T11:02:23Z</time>
        <extensions>
          <gpxtpx:TrackPointExtension>
            <gpxtpx:hr>128</gpxtpx:hr>
          </gpxtpx:TrackPointExtension>
        </extensions>
      </trkpt>
      <trkpt lat="41.68212519074453" lon="123.41609292434659">
        <ele>41.46678499877453</ele>
        <time>2024-08-05T11:02:27Z</time>
      </trkpt>
      <trkpt lat="41.68200023125825" lon="123.41606519330495">
        <ele>41.43763950280845</ele>
        <time>2024-08-05T11:02:30Z</time>
        <extensions>
          <gpxtpx:TrackPointExtension>
            <gpxtpx:hr>137</gpxtpx:hr>
          </gpxtpx:TrackPointExtension>
        </extensions>
      </trkpt>
      <trkpt lat="41.681903383610326" lon="123.41606433732214">
        <ele>42.09331913944334</ele>
        <time>2024-08-05T11:02:33Z</time>
      </trkpt>
      <trkpt lat="41.681798309505496" lon="123.41613135184397">
        <ele>42.00721683446318</ele>
        <time>2024-08-05T11:02:37Z</time>
        <extensions>
          <gpxtpx:TrackPointExtension>
            <gpxtpx:hr>146</gpxtpx:hr>
          </gpxtpx:TrackPointExtension>
        </extensions>
      </trkpt>
      <trkpt lat="41.68178136753738" lon="123.41628520125235">
        <ele>43.31453722156584</ele>
        <time>2024-08-05T11:02:41Z</time>
      </trkpt>
      <trkpt lat="41.681815715873604" lon="123.41643378163508">
        <ele>42.67825636919588</ele>
        <time>2024-08-05T11:02:44.999000Z</time>
        <extensions>
          <gpxtpx:TrackPointExtension>
            <gpxtpx:hr>151</gpxtpx:hr>
          </gpxtpx:TrackPointExtension>
        </extensions>
      </trkpt>
      <trkpt lat="41.68181065284687" lon="123.41658437653034">
        <ele>42.821520349010825</ele>
        <time>2024-08-05T11:02:48.999000Z</time>
        <extensions>
          <gpxtpx:TrackPointExtension>
            <gpxtpx:hr>154</gpxtpx:hr>
          </gpxtpx:TrackPointExtension>
        </extensions>
      </trkpt>
      <trkpt lat="41.68180777725101" lon="123.41674841676907">
        <ele>42.93634439818561</ele>
        <time>2024-08-05T11:02:52.999000Z</time>
        <extensions>
          <gpxtpx:TrackPointExtension>
            <gpxtpx:hr>155</gpxtpx:hr>
          </gpxtpx:TrackPointExtension>
        </extensions>
      </trkpt>
      <trkpt lat="41.68180251353881" lon="123.416903521783">
        <ele>42.72400480415672</ele>
        <time>2024-08-05T11:02:56.999000Z</time>
      </trkpt>
      <trkpt lat="41.681794323049964" lon="123.41705652203794">
        <ele>42.59961182344705</ele>
        <time>2024-08-05T11:03:00.999000Z</time>
        <extensions>
          <gpxtpx:TrackPointExtension>
            <gpxtpx:hr>158</gpxtpx:hr>
          </gpxtpx:TrackPointExtension>
        </extensions>
      </trkpt>
      <trkpt lat="41.681795021988485" lon="123.4172035770436">
        <ele>42.80550274811685</ele>
        <time>2024-08-05T11:03:04.999000Z</time>
        <extensions>
          <gpxtpx:TrackPointExtension>
            <gpxtpx:hr>160</gpxtpx:hr>
          </gpxtpx:TrackPointExtension>
        </extensions>
      </trkpt>
      <trkpt lat="41.681786225617586" lon="123.41734235612671">
        <ele>42.67050688620657</ele>
        <time>2024-08-05T11:03:08.999000Z</time>
        <extensions>
          <gpxtpx:TrackPointExtension>
            <gpxtpx:hr>160</gpxtpx:hr>
          </gpxtpx:TrackPointExtension>
        </extensions>
      </trkpt>
      <trkpt lat="41.68178229558317" lon="123.41748194330239">
        <ele>42.95957125071436</ele>
        <time>2024-08-05T11:03:12.999000Z</time>
        <extensions>
          <gpxtpx:TrackPointExtension>
            <gpxtpx:hr>161</gpxtpx:hr>
          </gpxtpx:TrackPointExtension>
        </extensions>
      </trkpt>
      <trkpt lat="41.681779340384054" lon="123.41760666016486">
        <ele>43.207208182662725</ele>
        <time>2024-08-05T11:03:15.999000Z</time>
      </trkpt>
      <trkpt lat="41.68177304269381" lon="123.41775086360305">
        <ele>43.55909954570234</ele>
        <time>2024-08-05T11:03:19.999000Z</time>
        <extensions>
          <gpxtpx:TrackPointExtension>
            <gpxtpx:hr>162</gpxtpx:hr>
          </gpxtpx:TrackPointExtension>
        </extensions>
      </trkpt>
      <trkpt lat="41.68176248182114" lon="123.41789368423717">
        <ele>42.62056058179587</ele>
        <time>2024-08-05T11:03:23.999000Z</time>
      </trkpt>
      <trkpt lat="41.68175437840142" lon="123.41803793213597">
        <ele>42.58177575748414</ele>
        <time>2024-08-05T11:03:27.999000Z</time>
        <extensions>
          <gpxtpx:TrackPointExtension>
            <gpxtpx:hr>163</gpxtpx:hr>
          </gpxtpx:TrackPointExtension>
        </extensions>
      </trkpt>
      <trkpt lat="41.68174161453477" lon="123.41818748185514">
        <ele>43.03916169703007</ele>
        <time>2024-08-05T11:03:31.999000Z</time>
        <extensions>
          <gpxtpx:TrackPointExtension>
            <gpxtpx:hr>163</gpxtpx:hr>
          </gpxtpx:TrackPointExtension>
        </extensions>
      </trkpt>
      <trkpt lat="41.681741969040466" lon="123.4183353296766">
        <ele>42.660723282024264</ele>
        <time>2024-08-05T11:03:35.999000Z</time>
      </trkpt>
      <trkpt lat="41.68173536999397" lon="123.41846997817721">
        <ele>42.5838231286034</ele>
        <time>2024-08-05T11:03:39.999000Z</time>
      </trkpt>
      <trkpt lat="41.681718286889996" lon="123.41860596305546">
        <ele>43.38843281939626</ele>
        <time>2024-08-05T11:03:43.999000Z</time>
        <extensions>
          <gpxtpx:TrackPointExtension>
            <gpxtpx:hr>165</gpxtpx:hr>
          </gpxtpx:TrackPointExtension>
        </extensions>
      </trkpt>
      <trkpt lat="41.68170843464029" lon="123.41875716684012">
        <ele>42.74775038007647</ele>
        <time>2024-08-05T11:03:47.999000Z</time>
      </trkpt>
      <trkpt lat="41.68169113340226" lon="123.4189031266492">
        <ele>43.148564441129565</ele>
        <time>2024-08-05T11:03:51.999000Z</time>
        <extensions>
          <gpxtpx:TrackPointExtension>
            <gpxtpx:hr>165</gpxtpx:hr>
          </gpxtpx:TrackPointExtension>
        </extensions>
      </trkpt>
      <trkpt lat="41.6816661888773" lon="123.41902074123857">
        <ele>42.92340805660933</ele>
        <time>2024-08-05T11:03:55Z</time>
        <extensions>
          <gpxtpx:TrackPointExtension>
            <gpxtpx:hr>165</gpxtpx:hr>
          </gpxtpx:TrackPointExtension>
        </extensions>
      </trkpt>
      <trkpt lat="41.68165628514909" lon="123.41915626629826">
        <ele>42.77870905864984</ele>
        <time>2024-08-05T11:03:59Z</time>
      </trkpt>
      <trkpt lat="41.68165147670104" lon="123.41929698973398">
        <ele>42.085475562140346</ele>
        <time>2024-08-05T11:04:03Z</time>
        <extensions>
          <gpxtpx:TrackPointExtension>
            <gpxtpx:hr>165</gpxtpx:hr>
          </gpxtpx:TrackPointExtension>
        </extensions>
      </trkpt>
      <trkpt lat="41.68162946463956" lon="123.4194361693019">
        <ele>42.8683245331049</ele>
        <time>2024-08-05T11:04:07Z</time>
        <extensions>
          <gpxtpx:TrackPointExtension>
            <gpxtpx:hr>166</gpxtpx:hr>
          </gpxtpx:TrackPointExtension>
        </extensions>
      </trkpt>
      <trkpt lat="41.68158482975661" lon="123.4195483666887">
        <ele>42.38077383302152</ele>
        <time>2024-08-05T11:04:11Z</time>
      </trkpt>
      <trkpt lat="41.68147189999839" lon="123.41957504736595">
        <ele>43.38137420732528</ele>
        <time>2024-08-05T11:04:15Z</time>
        <extensions>
          <gpxtpx:TrackPointExtension>
            <gpxtpx:hr>166</gpxtpx:hr>
          </gpxtpx:TrackPointExtension>
        </extensions>
      </trkpt>
      <trkpt lat="41.68137070023852" lon="123.41958112751416">
        <ele>42.38842067588121</ele>
        <time>2024-08-05T11:04:18Z</time>
        <extensions>
          <gpxtpx:TrackPointExtension>
            <gpxtpx:hr>166</gpxtpx:hr>
          </gpxtpx:TrackPointExtension>
        </extensions>
      </trkpt>
      <trkpt lat="41.68127162969933" lon="123.41956192262856">
        <ele>43.289944332093</ele>
        <time>2024-08-05T11:04:25Z</time>
        <extensions>
          <gpxtpx:TrackPointExtension>
            <gpxtpx:hr>166</gpxtpx:hr>
          </gpxtpx:TrackPointExtension>
        </extensions>
      </trkpt>
      <trkpt lat="41.68116415384154" lon="123.41954201840032">
        <ele>42.285924579016864</ele>
        <time>2024-08-05T11:04:30Z</time>
        <extensions>
          <gpxtpx:TrackPointExtension>
            <gpxtpx:hr>166</gpxtpx:hr>
          </gpxtpx:TrackPointExtension>
        </extensions>
      </trkpt>
      <trkpt lat="41.6810694009375" lon="123.41955915381075">
        <ele>42.17800548207015</ele>
        <time>2024-08-05T11:04:34Z</time>
      </trkpt>
      <trkpt lat="41.680967157955635" lon="123.41955415712475">
        <ele>42.35515165142715</ele>
        <time>2024-08-05T11:04:38Z</time>
        <extensions>
          <gpxtpx:TrackPointExtension>
            <gpxtpx:hr>167</gpxtpx:hr>
          </gpxtpx:TrackPointExtension>
        </extensions>
      </trkpt>
      <trkpt lat="41.68085450139195" lon="123.41954968561602">
        <ele>41.95026289578527</ele>
        <time>2024-08-05T11:04:42Z</time>
      </trkpt>
      <trkpt lat="41.68076355133322" lon="123.41953361298721">
        <ele>42.08851763699204</ele>
        <time>2024-08-05T11:04:45Z</time>
      </trkpt>
      <trkpt lat="41.68065997844751" lon="123.41952323446365">
        <ele>42.722609280608594</ele>
        <time>2024-08-05T11:04:49Z</time>
        <extensions>
          <gpxtpx:TrackPointExtension>
            <gpxtpx:hr>165</gpxtpx:hr>
          </gpxtpx:TrackPointExtension>
        </extensions>
      </trkpt>
      <trkpt lat="41.68054512295601" lon="123.41952222103417">
        <ele>41.622938523069024</ele>
        <time>2024-08-05T11:04:53Z</time>
        <extensions>
          <gpxtpx:TrackPointExtension>
            <gpxtpx:hr>158</gpxtpx:hr>
          </gpxtpx:TrackPointExtension>
        </extensions>
      </trkpt>
      <trkpt lat="41.68044927374029" lon="123.4194913360251">
        <ele>43.51516967639327</ele>
        <time>2024-08-05T11:04:56Z</time>
        <extensions>
          <gpxtpx:TrackPointExtension>
            <gpxtpx:hr>157</gpxtpx:hr>
          </gpxtpx:TrackPointExtension>
        </extensions>
      </trkpt>
      <trkpt lat="41.68034163503724" lon="123.4195195594205">
        <ele>44.251715967431664</ele>
        <time>2024-08-05T11:05:00Z</time>
        <extensions>
          <gpxtpx:TrackPointExtension>
            <gpxtpx:hr>157</gpxtpx:hr>
          </gpxtpx:TrackPointExtension>
        </extensions>
      </trkpt>
      <trkpt lat="41.680213340568805" lon="123.41948145167059">
        <ele>44.999685880728066</ele>
        <time>2024-08-05T11:05:04Z</time>
        <extensions>
          <gpxtpx:TrackPointExtension>
            <gpxtpx:hr>157</gpxtpx:hr>
          </gpxtpx:TrackPointExtension>
        </extensions>
      </trkpt>
      <trkpt lat="41.680129571297556" lon="123.41954567060944">
        <ele>43.89067994710058</ele>
        <time>2024-08-05T11:05:08Z</time>
      </trkpt>
      <trkpt lat="41.6800639926751" lon="123.41963971133337">
        <ele>44.25606207177043</ele>
        <time>2024-08-05T11:05:12Z</time>
        <extensions>
          <gpxtpx:TrackPointExtension>
            <gpxtpx:hr>160</gpxtpx:hr>
          </gpxtpx:TrackPointExtension>
        </extensions>
      </trkpt>
      <trkpt lat="41.67998176365445" lon="123.41972923423205">
        <ele>42.423898342996836</ele>
        <time>2024-08-05T11:05:16Z</time>
        <extensions>
          <gpxtpx:TrackPointExtension>
            <gpxtpx:hr>160</gpxtpx:hr>
          </gpxtpx:TrackPointExtension>
        </extensions>
      </trkpt>
      <trkpt lat="41.679869365416415" lon="123.41974689839164">
        <ele>42.625554801896214</ele>
        <time>2024-08-05T11:05:20Z</time>
      </trkpt>
      <trkpt lat="41.679764204718666" lon="123.4197827055705">
        <ele>43.598456162028015</ele>
        <time>2024-08-05T11:05:24Z</time>
        <extensions>
          <gpxtpx:TrackPointExtension>
            <gpxtpx:hr>161</gpxtpx:hr>
          </gpxtpx:TrackPointExtension>
        </extensions>
      </trkpt>
      <trkpt lat="41.679660200269765" lon="123.41984436450154">
        <ele>43.816661219112575</ele>
        <time>2024-08-05T11:05:29Z</time>
        <extensions>
          <gpxtpx:TrackPointExtension>
            <gpxtpx:hr>163</gpxtpx:hr>
          </gpxtpx:TrackPointExtension>
        </extensions>
      </trkpt>
      <trkpt lat="41.67959941903075" lon="123.41995223276156">
        <ele>44.13019102625549</ele>
        <time>2024-08-05T11:05:33Z</time>
        <extensions>
          <gpxtpx:TrackPointExtension>
            <gpxtpx:hr>164</gpxtpx:hr>
          </gpxtpx:TrackPointExtension>
        </extensions>
      </trkpt>
      <trkpt lat="41.67955472890004" lon="123.42008962341549">
        <ele>44.09761954471469</ele>
        <time>2024-08-05T11:05:38Z</time>
        <extensions>
          <gpxtpx:TrackPointExtension>
            <gpxtpx:hr>165</gpxtpx:hr>
          </gpxtpx:TrackPointExtension>
        </extensions>
      </trkpt>
      <trkpt lat="41.679504841753754" lon="123.4202162981852">
        <ele>45.491979089565575</ele>
        <time>2024-08-05T11:05:42Z</time>
        <extensions>
          <gpxtpx:TrackPointExtension>
            <gpxtpx:hr>165</gpxtpx:hr>
          </gpxtpx:TrackPointExtension>
        </extensions>
      </trkpt>
      <trkpt lat="41.67947085456704" lon="123.4203435325155">
        <ele>45.614279204048216</ele>
        <time>2024-08-05T11:05:46Z</time>
      </trkpt>
      <trkpt lat="41.67944148908026" lon="123.42050347593702">
        <ele>45.44889706373215</ele>
        <time>2024-08-05T11:05:50Z</time>
      </trkpt>
      <trkpt lat="41.67944324492396" lon="123.42065304581935">
        <ele>43.617358423769474</ele>
        <time>2024-08-05T11:05:55Z</time>
        <extensions>
          <gpxtpx:TrackPointExtension>
            <gpxtpx:hr>166</gpxtpx:hr>
          </gpxtpx:TrackPointExtension>
        </extensions>
      </trkpt>
      <trkpt lat="41.67942034438974" lon="123.42078029929502">
        <ele>43.33872457873076</ele>
        <time>2024-08-05T11:05:58Z</time>
        <extensions>
          <gpxtpx:TrackPointExtension>
            <gpxtpx:hr>167</gpxtpx:hr>
          </gpxtpx:TrackPointExtension>
        </extensions>
      </trkpt>
      <trkpt lat="41.6794082219321" lon="123.42093134159514">
        <ele>41.95748543553054</ele>
        <time>2024-08-05T11:06:03Z</time>
        <extensions>
          <gpxtpx:TrackPointExtension>
            <gpxtpx:hr>166</gpxtpx:hr>
          </gpxtpx:TrackPointExtension>
        </extensions>
      </trkpt>
      <trkpt lat="41.679332134829735" lon="123.4210465503787">
        <ele>43.21293871756643</ele>
        <time>2024-08-05T11:06:07Z</time>
      </trkpt>
      <trkpt lat="41.67923776818539" lon="123.42106824636073">
        <ele>42.39737349934876</ele>
        <time>2024-08-05T11:06:10Z</time>
        <extensions>
          <gpxtpx:TrackPointExtension>
            <gpxtpx:hr>164</gpxtpx:hr>
          </gpxtpx:TrackPointExtension>
        </extensions>
      </trkpt>
      <trkpt lat="41.67915628065715" lon="123.42113836944749">
        <ele>42.07085353322327</ele>
        <time>2024-08-05T11:06:14Z</time>
      </trkpt>
      <trkpt lat="41.6791586142611" lon="123.4212673584994">
        <ele>43.18397014308721</ele>
        <time>2024-08-05T11:06:19Z</time>
        <extensions>
          <gpxtpx:TrackPointExtension>
            <gpxtpx:hr>164</gpxtpx:hr>
          </gpxtpx:TrackPointExtension>
        </extensions>
      </trkpt>
      <trkpt lat="41.67915717454163" lon="123.42140195610425">
        <ele>42.8230528505519</ele>
        <time>2024-08-05T11:06:23Z</time>
        <extensions>
          <gpxtpx:TrackPointExtension>
            <gpxtpx:hr>163</gpxtpx:hr>
          </gpxtpx:TrackPointExtension>
        </extensions>
      </trkpt>
      <trkpt lat="41.67914446178837" lon="123.42153960386847">
        <ele>42.499642258509994</ele>
        <time>2024-08-05T11:06:27Z</time>
      </trkpt>
      <trkpt lat="41.67913650413176" lon="123.42166223289657">
        <ele>43.075286420062184</ele>
        <time>2024-08-05T11:06:31Z</time>
        <extensions>
          <gpxtpx:TrackPointExtension>
            <gpxtpx:hr>162</gpxtpx:hr>
          </gpxtpx:TrackPointExtension>
        </extensions>
      </trkpt>
      <trkpt lat="41.67913851244518" lon="123.42178507103523">
        <ele>42.40168558899313</ele>
        <time>2024-08-05T11:06:35Z</time>
      </trkpt>
      <trkpt lat="41.67912337803526" lon="123.42193650760161">
        <ele>43.345044997520745</ele>
        <time>2024-08-05T11:06:39Z</time>
        <extensions>
          <gpxtpx:TrackPointExtension>
            <gpxtpx:hr>162</gpxtpx:hr>
          </gpxtpx:TrackPointExtension>
        </extensions>
      </trkpt>
      <trkpt lat="41.679118837355546" lon="123.42207038045072">
        <ele>42.3969995751977</ele>
        <time>2024-08-05T11:06:44Z</time>
      </trkpt>
      <trkpt lat="41.67910595962238" lon="123.42220236591575">
        <ele>43.076342180371284</ele>
        <time>2024-08-05T11:06:48Z</time>
        <extensions>
          <gpxtpx:TrackPointExtension>
            <gpxtpx:hr>161</gpxtpx:hr>
          </gpxtpx:TrackPointExtension>
        </extensions>
      </trkpt>
      <trkpt lat="41.67909084812421" lon="123.4223427028045">
        <ele>43.530035874806345</ele>
        <time>2024-08-05T11:06:52Z</time>
        <extensions>
          <gpxtpx:TrackPointExtension>
            <gpxtpx:hr>163</gpxtpx:hr>
          </gpxtpx:TrackPointExtension>
        </extensions>
      </trkpt>
      <trkpt lat="41.67908156177001" lon="123.42249974460702">
        <ele>43.16028791759163</ele>
        <time>2024-08-05T11:06:56Z</time>
      </trkpt>
      <trkpt lat="41.6790729953144" lon="123.4226274532516">
        <ele>43.69348034542054</ele>
        <time>2024-08-05T11:06:59Z</time>
      </trkpt>
      <trkpt lat="41.67907353916831" lon="123.42276532857736">
        <ele>42.36665618419647</ele>
        <time>2024-08-05T11:07:03Z</time>
        <extensions>
          <gpxtpx:TrackPointExtension>
            <gpxtpx:hr>164</gpxtpx:hr>
          </gpxtpx:TrackPointExtension>
        </extensions>
      </trkpt>
      <trkpt lat="41.679083584514025" lon="123.42289463745527">
        <ele>43.200423148460686</ele>
        <time>2024-08-05T11:07:07Z</time>
        <extensions>
          <gpxtpx:TrackPointExtension>
            <gpxtpx:hr>165</gpxtpx:hr>
          </gpxtpx:TrackPointExtension>
        </extensions>
      </trkpt>
      <trkpt lat="41.67907768013716" lon="123.42304847892993">
        <ele>43.09349139034748</ele>
        <time>2024-08-05T11:07:11Z</time>
      </trkpt>
      <trkpt lat="41.67908193979045" lon="123.42318157181737">
        <ele>43.88143339753151</ele>
        <time>2024-08-05T11:07:15Z</time>
      </trkpt>
      <trkpt lat="41.679059994799545" lon="123.42330622232943">
        <ele>43.93684885185212</ele>
        <time>2024-08-05T11:07:18Z</time>
        <extensions>
          <gpxtpx:TrackPointExtension>
            <gpxtpx:hr>167</gpxtpx:hr>
          </gpxtpx:TrackPointExtension>
        </extensions>
      </trkpt>
      <trkpt lat="41.67902275196244" lon="123.4234533957425">
        <ele>43.06057672761381</ele>
        <time>2024-08-05T11:07:22Z</time>
      </trkpt>
      <trkpt lat="41.67901619599238" lon="123.42359937030484">
        <ele>43.56369081046432</ele>
        <time>2024-08-05T11:07:26Z</time>
        <extensions>
          <gpxtpx:TrackPointExtension>
            <gpxtpx:hr>167</gpxtpx:hr>
          </gpxtpx:TrackPointExtension>
        </extensions>
      </trkpt>
      <trkpt lat="41.679000821480585" lon="123.42374108717041">
        <ele>43.1731860563159</ele>
        <time>2024-08-05T11:07:30Z</time>
        <extensions>
          <gpxtpx:TrackPointExtension>
            <gpxtpx:hr>166</gpxtpx:hr>
          </gpxtpx:TrackPointExtension>
        </extensions>
      </trkpt>
      <trkpt lat="41.678990980669205" lon="123.42387438192742">
        <ele>43.734747174195945</ele>
        <time>2024-08-05T11:07:34Z</time>
      </trkpt>
      <trkpt lat="41.67896698860722" lon="123.4240142544191">
        <ele>44.00106970593333</ele>
        <time>2024-08-05T11:07:38Z</time>
        <extensions>
          <gpxtpx:TrackPointExtension>
            <gpxtpx:hr>165</gpxtpx:hr>
          </gpxtpx:TrackPointExtension>
        </extensions>
      </trkpt>
      <trkpt lat="41.67888334695438" lon="123.42411328675693">
        <ele>43.062017446383834</ele>
        <time>2024-08-05T11:07:42Z</time>
      </trkpt>
      <trkpt lat="41.67880436961817" lon="123.42421778954508">
        <ele>41.90871347580105</ele>
        <time>2024-08-05T11:07:46Z</time>
        <extensions>
          <gpxtpx:TrackPointExtension>
            <gpxtpx:hr>165</gpxtpx:hr>
          </gpxtpx:TrackPointExtension>
        </extensions>
      </trkpt>
      <trkpt lat="41.67876404010713" lon="123.42433665445462">
        <ele>42.942281333729625</ele>
        <time>2024-08-05T11:07:50Z</time>
      </trkpt>
      <trkpt lat="41.67868303383294" lon="123.42440609990736">
        <ele>41.61670723371208</ele>
        <time>2024-08-05T11:07:54Z</time>
        <extensions>
          <gpxtpx:TrackPointExtension>
            <gpxtpx:hr>166</gpxtpx:hr>
          </gpxtpx:TrackPointExtension>
        </extensions>
      </trkpt>
      <trkpt lat="41.67747452779543" lon="123.42436779405799">
        <ele>42.31669992394745</ele>
        <time>2024-08-05T11:09:32Z</time>
        <extensions>
          <gpxtpx:TrackPointExtension>
            <gpxtpx:hr>136</gpxtpx:hr>
          </gpxtpx:TrackPointExtension>
        </extensions>
      </trkpt>
      <trkpt lat="41.67737514888498" lon="123.42436704381642">
        <ele>42.83775819838047</ele>
        <time>2024-08-05T11:09:38Z</time>
        <extensions>
          <gpxtpx:TrackPointExtension>
            <gpxtpx:hr>137</gpxtpx:hr>
          </gpxtpx:TrackPointExtension>
        </extensions>
      </trkpt>
      <trkpt lat="41.67727750615734" lon="123.42436938111261">
        <ele>41.6817178260535</ele>
        <time>2024-08-05T11:09:43Z</time>
      </trkpt>
      <trkpt lat="41.67718624272362" lon="123.42442624074934">
        <ele>42.46638916991651</ele>
        <time>2024-08-05T11:09:46Z</time>
        <extensions>
          <gpxtpx:TrackPointExtension>
            <gpxtpx:hr>138</gpxtpx:hr>
          </gpxtpx:TrackPointExtension>
        </extensions>
      </trkpt>
      <trkpt lat="41.67711476285307" lon="123.42451790102868">
        <ele>41.2662672707811</ele>
        <time>2024-08-05T11:09:49Z</time>
        <extensions>
          <gpxtpx:TrackPointExtension>
            <gpxtpx:hr>137</gpxtpx:hr>
          </gpxtpx:TrackPointExtension>
        </extensions>
      </trkpt>
      <trkpt lat="41.67708697516939" lon="123.42464880878106">
        <ele>42.212190391495824</ele>
        <time>2024-08-05T11:09:53Z</time>
      </trkpt>
      <trkpt lat="41.67708085107036" lon="123.42479782044506">
        <ele>42.4841843014583</ele>
        <time>2024-08-05T11:09:57Z</time>
        <extensions>
          <gpxtpx:TrackPointExtension>
            <gpxtpx:hr>144</gpxtpx:hr>
          </gpxtpx:TrackPointExtension>
        </extensions>
      </trkpt>
      <trkpt lat="41.67707157312272" lon="123.42492954295156">
        <ele>42.32511135470122</ele>
        <time>2024-08-05T11:10:00Z</time>
      </trkpt>
      <trkpt lat="41.677066350494385" lon="123.42505095474267">
        <ele>42.102766008116305</ele>
        <time>2024-08-05T11:10:03Z</time>
        <extensions>
          <gpxtpx:TrackPointExtension>
            <gpxtpx:hr>149</gpxtpx:hr>
          </gpxtpx:TrackPointExtension>
        </extensions>
      </trkpt>
      <trkpt lat="41.67706805804084" lon="123.42520594264015">
        <ele>42.033335394226015</ele>
        <time>2024-08-05T11:10:07Z</time>
      </trkpt>
      <trkpt lat="41.677062558680284" lon="123.42535307191105">
        <ele>42.42464269325137</ele>
        <time>2024-08-05T11:10:11.001000Z</time>
        <extensions>
          <gpxtpx:TrackPointExtension>
            <gpxtpx:hr>153</gpxtpx:hr>
          </gpxtpx:TrackPointExtension>
        </extensions>
      </trkpt>
      <trkpt lat="41.6770581957514" lon="123.42549645881543">
        <ele>43.2727825762704</ele>
        <time>2024-08-05T11:10:15.001000Z</time>
        <extensions>
          <gpxtpx:TrackPointExtension>
            <gpxtpx:hr>154</gpxtpx:hr>
          </gpxtpx:TrackPointExtension>
        </extensions>
      </trkpt>
      <trkpt lat="41.67706461051969" lon="123.42562359621468">
        <ele>42.981575494632125</ele>
        <time>2024-08-05T11:10:19.001000Z</time>
      </trkpt>
      <trkpt lat="41.677063600017355" lon="123.42577249694976">
        <ele>42.98184354323894</ele>
        <time>2024-08-05T11:10:23.001000Z</time>
        <extensions>
          <gpxtpx:TrackPointExtension>
            <gpxtpx:hr>159</gpxtpx:hr>
          </gpxtpx:TrackPointExtension>
        </extensions>
      </trkpt>
      <trkpt lat="41.6770619795376" lon="123.42591931928871">
        <ele>42.91143587604165</ele>
        <time>2024-08-05T11:10:27Z</time>
        <extensions>
          <gpxtpx:TrackPointExtension>
            <gpxtpx:hr>160</gpxtpx:hr>
          </gpxtpx:TrackPointExtension>
        </extensions>
      </trkpt>
      <trkpt lat="41.67706166760753" lon="123.42606171789028">
        <ele>43.29102365951985</ele>
        <time>2024-08-05T11:10:31Z</time>
      </trkpt>
      <trkpt lat="41.67706547883757" lon="123.42621327336195">
        <ele>43.20872101560235</ele>
        <time>2024-08-05T11:10:35Z</time>
        <extensions>
          <gpxtpx:TrackPointExtension>
            <gpxtpx:hr>160</gpxtpx:hr>
          </gpxtpx:TrackPointExtension>
        </extensions>
      </trkpt>
      <trkpt lat="41.67706227570324" lon="123.42635659304541">
        <ele>42.44258457887918</ele>
        <time>2024-08-05T11:10:39Z</time>
      </trkpt>
      <trkpt lat="41.67705830887272" lon="123.42649804542664">
        <ele>42.93443603254855</ele>
        <time>2024-08-05T11:10:43Z</time>
        <extensions>
          <gpxtpx:TrackPointExtension>
            <gpxtpx:hr>162</gpxtpx:hr>
          </gpxtpx:TrackPointExtension>
        </extensions>
      </trkpt>
      <trkpt lat="41.677056691707214" lon="123.42665059005871">
        <ele>43.48395870719105</ele>
        <time>2024-08-05T11:10:47Z</time>
      </trkpt>
      <trkpt lat="41.677057458547324" lon="123.42680289459487">
        <ele>43.29732550960034</ele>
        <time>2024-08-05T11:10:51Z</time>
        <extensions>
          <gpxtpx:TrackPointExtension>
            <gpxtpx:hr>164</gpxtpx:hr>
          </gpxtpx:TrackPointExtension>
        </extensions>
      </trkpt>
      <trkpt lat="41.67705811830187" lon="123.42695164185693">
        <ele>43.31913600396365</ele>
        <time>2024-08-05T11:10:55Z</time>
        <extensions>
          <gpxtpx:TrackPointExtension>
            <gpxtpx:hr>165</gpxtpx:hr>
          </gpxtpx:TrackPointExtension>
        </extensions>
      </trkpt>
      <trkpt lat="41.67705648162655" lon="123.42709015756209">
        <ele>43.142524506896734</ele>
        <time>2024-08-05T11:10:59Z</time>
      </trkpt>
      <trkpt lat="41.67705821014651" lon="123.42723097216786">
        <ele>44.36648728977889</ele>
        <time>2024-08-05T11:11:03Z</time>
        <extensions>
          <gpxtpx:TrackPointExtension>
            <gpxtpx:hr>163</gpxtpx:hr>
          </gpxtpx:TrackPointExtension>
        </extensions>
      </trkpt>
      <trkpt lat="41.677047556982444" lon="123.4273561787495">
        <ele>43.225855882279575</ele>
        <time>2024-08-05T11:11:07Z</time>
      </trkpt>
      <trkpt lat="41.67703313645793" lon="123.42751066975356">
        <ele>42.85900217015296</ele>
        <time>2024-08-05T11:11:11Z</time>
        <extensions>
          <gpxtpx:TrackPointExtension>
            <gpxtpx:hr>163</gpxtpx:hr>
          </gpxtpx:TrackPointExtension>
        </extensions>
      </trkpt>
      <trkpt lat="41.67702373957853" lon="123.42764516184198">
        <ele>42.79147151298821</ele>
        <time>2024-08-05T11:11:15Z</time>
        <extensions>
          <gpxtpx:TrackPointExtension>
            <gpxtpx:hr>163</gpxtpx:hr>
          </gpxtpx:TrackPointExtension>
        </extensions>
      </trkpt>
      <trkpt lat="41.6770167828373" lon="123.42779176235578">
        <ele>43.853185372427106</ele>
        <time>2024-08-05T11:11:19Z</time>
        <extensions>
          <gpxtpx:TrackPointExtension>
            <gpxtpx:hr>162</gpxtpx:hr>
          </gpxtpx:TrackPointExtension>
        </extensions>
      </trkpt>
      <trkpt lat="41.677017739220446" lon="123.42793379033834">
        <ele>43.7451322004199</ele>
        <time>2024-08-05T11:11:23Z</time>
        <extensions>
          <gpxtpx:TrackPointExtension>
            <gpxtpx:hr>163</gpxtpx:hr>
          </gpxtpx:TrackPointExtension>
        </extensions>
      </trkpt>
      <trkpt lat="41.677013389888124" lon="123.42807817516153">
        <ele>44.15081478934735</ele>
        <time>2024-08-05T11:11:27Z</time>
      </trkpt>
      <trkpt lat="41.67701881820321" lon="123.42820134718507">
        <ele>43.48264943622053</ele>
        <time>2024-08-05T11:11:31Z</time>
        <extensions>
          <gpxtpx:TrackPointExtension>
            <gpxtpx:hr>165</gpxtpx:hr>
          </gpxtpx:TrackPointExtension>
        </extensions>
      </trkpt>
      <trkpt lat="41.67701422342816" lon="123.42834474778569">
        <ele>43.3891208935529</ele>
        <time>2024-08-05T11:11:35Z</time>
        <extensions>
          <gpxtpx:TrackPointExtension>
            <gpxtpx:hr>165</gpxtpx:hr>
          </gpxtpx:TrackPointExtension>
        </extensions>
      </trkpt>
      <trkpt lat="41.67700379070254" lon="123.42847167159513">
        <ele>42.769202679395676</ele>
        <time>2024-08-05T11:11:39Z</time>
      </trkpt>
      <trkpt lat="41.67691111678549" lon="123.42852814588662">
        <ele>42.07814135309309</ele>
        <time>2024-08-05T11:11:45Z</time>
        <extensions>
          <gpxtpx:TrackPointExtension>
            <gpxtpx:hr>165</gpxtpx:hr>
          </gpxtpx:TrackPointExtension>
        </extensions>
      </trkpt>
      <trkpt lat="41.6768029840087" lon="123.42856248159467">
        <ele>42.141363145783544</ele>
        <time>2024-08-05T11:11:50Z</time>
        <extensions>
          <gpxtpx:TrackPointExtension>
            <gpxtpx:hr>165</gpxtpx:hr>
          </gpxtpx:TrackPointExtension>
        </extensions>
      </trkpt>
      <trkpt lat="41.67670385665322" lon="123.42855750800373">
        <ele>42.28196655586362</ele>
        <time>2024-08-05T11:11:54Z</time>
        <extensions>
          <gpxtpx:TrackPointExtension>
            <gpxtpx:hr>164</gpxtpx:hr>
          </gpxtpx:TrackPointExtension>
        </extensions>
      </trkpt>
      <trkpt lat="41.6766014736442" lon="123.4285554683614">
        <ele>42.12632582336664</ele>
        <time>2024-08-05T11:11:58Z</time>
        <extensions>
          <gpxtpx:TrackPointExtension>
            <gpxtpx:hr>164</gpxtpx:hr>
          </gpxtpx:TrackPointExtension>
        </extensions>
      </trkpt>
      <trkpt lat="41.676495864122096" lon="123.42854145956396">
        <ele>43.03562259674072</ele>
        <time>2024-08-05T11:12:02Z</time>
        <extensions>
          <gpxtpx:TrackPointExtension>
            <gpxtpx:hr>164</gpxtpx:hr>
          </gpxtpx:TrackPointExtension>
        </extensions>
      </trkpt>
      <trkpt lat="41.67639121291131" lon="123.4285430440288">
        <ele>44.27177906315774</ele>
        <time>2024-08-05T11:12:06Z</time>
      </trkpt>
      <trkpt lat="41.67628281746285" lon="123.42853833162137">
        <ele>43.8048305278644</ele>
        <time>2024-08-05T11:12:10Z</time>
        <extensions>
          <gpxtpx:TrackPointExtension>
            <gpxtpx:hr>164</gpxtpx:hr>
          </gpxtpx:TrackPointExtension>
        </extensions>
      </trkpt>
      <trkpt lat="41.67617965988935" lon="123.42853886714379">
        <ele>43.73773214686662</ele>
        <time>2024-08-05T11:12:14Z</time>
        <extensions>
          <gpxtpx:TrackPointExtension>
            <gpxtpx:hr>164</gpxtpx:hr>
          </gpxtpx:TrackPointExtension>
        </extensions>
      </trkpt>
      <trkpt lat="41.676077821529965" lon="123.42850339538289">
        <ele>42.56441632471979</ele>
        <time>2024-08-05T11:12:18.001000Z</time>
      </trkpt>
      <trkpt lat="41.675960856492736" lon="123.42849854284957">
        <ele>43.51437861658633</ele>
        <time>2024-08-05T11:12:22.001000Z</time>
        <extensions>
          <gpxtpx:TrackPointExtension>
            <gpxtpx:hr>165</gpxtpx:hr>
          </gpxtpx:TrackPointExtension>
        </extensions>
      </trkpt>
      <trkpt lat="41.67586241595726" lon="123.4285085027267">
        <ele>43.33755856193602</ele>
        <time>2024-08-05T11:12:26.001000Z</time>
        <extensions>
          <gpxtpx:TrackPointExtension>
            <gpxtpx:hr>166</gpxtpx:hr>
          </gpxtpx:TrackPointExtension>
        </extensions>
      </trkpt>
      <trkpt lat="41.675765314083606" lon="123.42849265072444">
        <ele>43.126611705869436</ele>
        <time>2024-08-05T11:12:30.001000Z</time>
        <extensions>
          <gpxtpx:TrackPointExtension>
            <gpxtpx:hr>166</gpxtpx:hr>
          </gpxtpx:TrackPointExtension>
        </extensions>
      </trkpt>
      <trkpt lat="41.675658311752166" lon="123.4284775687562">
        <ele>43.02337749302387</ele>
        <time>2024-08-05T11:12:34Z</time>
      </trkpt>
      <trkpt lat="41.67555250401736" lon="123.42847918310102">
        <ele>43.01856066752225</ele>
        <time>2024-08-05T11:12:38Z</time>
        <extensions>
          <gpxtpx:TrackPointExtension>
            <gpxtpx:hr>164</gpxtpx:hr>
          </gpxtpx:TrackPointExtension>
        </extensions>
      </trkpt>
      <trkpt lat="41.67543770623197" lon="123.4284647219471">
        <ele>43.19946936890483</ele>
        <time>2024-08-05T11:12:42Z</time>
        <extensions>
          <gpxtpx:TrackPointExtension>
            <gpxtpx:hr>165</gpxtpx:hr>
          </gpxtpx:TrackPointExtension>
        </extensions>
      </trkpt>
      <trkpt lat="41.67532631051013" lon="123.42845963867548">
        <ele>43.68619513511658</ele>
        <time>2024-08-05T11:12:46Z</time>
      </trkpt>
      <trkpt lat="41.67522751199294" lon="123.42845706316983">
        <ele>44.015267805196345</ele>
        <time>2024-08-05T11:12:50Z</time>
      </trkpt>
      <trkpt lat="41.6751292883683" lon="123.42845701523011">
        <ele>43.90658116340637</ele>
        <time>2024-08-05T11:12:54Z</time>
        <extensions>
          <gpxtpx:TrackPointExtension>
            <gpxtpx:hr>167</gpxtpx:hr>
          </gpxtpx:TrackPointExtension>
        </extensions>
      </trkpt>
      <trkpt lat="41.67502396788482" lon="123.42846254153507">
        <ele>42.52249444555491</ele>
        <time>2024-08-05T11:12:58Z</time>
        <extensions>
          <gpxtpx:TrackPointExtension>
            <gpxtpx:hr>167</gpxtpx:hr>
          </gpxtpx:TrackPointExtension>
        </extensions>
      </trkpt>
      <trkpt lat="41.674914846197645" lon="123.42844346146771">
        <ele>43.689117055386305</ele>
        <time>2024-08-05T11:13:02Z</time>
        <extensions>
          <gpxtpx:TrackPointExtension>
            <gpxtpx:hr>167</gpxtpx:hr>
          </gpxtpx:TrackPointExtension>
        </extensions>
      </trkpt>
      <trkpt lat="41.67482389785848" lon="123.4284360460954">
        <ele>43.94832066167146</ele>
        <time>2024-08-05T11:13:05Z</time>
      </trkpt>
      <trkpt lat="41.67471980749194" lon="123.42843787098234">
        <ele>42.98657848779112</ele>
        <time>2024-08-05T11:13:09Z</time>
        <extensions>
          <gpxtpx:TrackPointExtension>
            <gpxtpx:hr>165</gpxtpx:hr>
          </gpxtpx:TrackPointExtension>
        </extensions>
      </trkpt>
      <trkpt lat="41.67461784332029" lon="123.42842156324102">
        <ele>43.50640670675784</ele>
        <time>2024-08-05T11:13:13Z</time>
        <extensions>
          <gpxtpx:TrackPointExtension>
            <gpxtpx:hr>166</gpxtpx:hr>
          </gpxtpx:TrackPointExtension>
        </extensions>
      </trkpt>
      <trkpt lat="41.674503774760524" lon="123.4284162185361">
        <ele>42.76071854773909</ele>
        <time>2024-08-05T11:13:17Z</time>
        <extensions>
          <gpxtpx:TrackPointExtension>
            <gpxtpx:hr>167</gpxtpx:hr>
          </gpxtpx:TrackPointExtension>
        </extensions>
      </trkpt>
      <trkpt lat="41.67440338815097" lon="123.42840621617341">
        <ele>42.985321681946516</ele>
        <time>2024-08-05T11:13:21Z</time>
      </trkpt>
      <trkpt lat="41.674297154508956" lon="123.42841089327851">
        <ele>42.66343954298645</ele>
        <time>2024-08-05T11:13:25Z</time>
        <extensions>
          <gpxtpx:TrackPointExtension>
            <gpxtpx:hr>167</gpxtpx:hr>
          </gpxtpx:TrackPointExtension>
        </extensions>
      </trkpt>
      <trkpt lat="41.67419936704673" lon="123.42839710799667">
        <ele>43.17389458511025</ele>
        <time>2024-08-05T11:13:29Z</time>
        <extensions>
          <gpxtpx:TrackPointExtension>
            <gpxtpx:hr>167</gpxtpx:hr>
          </gpxtpx:TrackPointExtension>
        </extensions>
      </trkpt>
      <trkpt lat="41.67409149699241" lon="123.42840195935045">
        <ele>43.000026697292924</ele>
        <time>2024-08-05T11:13:33Z</time>
        <extensions>
          <gpxtpx:TrackPointExtension>
            <gpxtpx:hr>167</gpxtpx:hr>
          </gpxtpx:TrackPointExtension>
        </extensions>
      </trkpt>
      <trkpt lat="41.673990695404555" lon="123.42838752818379">
        <ele>43.20849192608148</ele>
        <time>2024-08-05T11:13:37Z</time>
      </trkpt>
      <trkpt lat="41.673885853246745" lon="123.42837851035216">
        <ele>43.29117222689092</ele>
        <time>2024-08-05T11:13:41Z</time>
        <extensions>
          <gpxtpx:TrackPointExtension>
            <gpxtpx:hr>168</gpxtpx:hr>
          </gpxtpx:TrackPointExtension>
        </extensions>
      </trkpt>
      <trkpt lat="41.67377644564967" lon="123.42838053647634">
        <ele>42.96642536111176</ele>
        <time>2024-08-05T11:13:45Z</time>
        <extensions>
          <gpxtpx:TrackPointExtension>
            <gpxtpx:hr>168</gpxtpx:hr>
          </gpxtpx:TrackPointExtension>
        </extensions>
      </trkpt>
      <trkpt lat="41.673675175896754" lon="123.42836536662112">
        <ele>43.14281995873898</ele>
        <time>2024-08-05T11:13:49Z</time>
        <extensions>
          <gpxtpx:TrackPointExtension>
            <gpxtpx:hr>166</gpxtpx:hr>
          </gpxtpx:TrackPointExtension>
        </extensions>
      </trkpt>
      <trkpt lat="41.67356922574327" lon="123.42834179891433">
        <ele>43.696278158575296</ele>
        <time>2024-08-05T11:13:53Z</time>
      </trkpt>
      <trkpt lat="41.673463458079326" lon="123.4283437244659">
        <ele>43.66142729856074</ele>
        <time>2024-08-05T11:13:57Z</time>
        <extensions>
          <gpxtpx:TrackPointExtension>
            <gpxtpx:hr>167</gpxtpx:hr>
          </gpxtpx:TrackPointExtension>
        </extensions>
      </trkpt>
      <trkpt lat="41.673364484251465" lon="123.42834857562914">
        <ele>44.48093694075942</ele>
        <time>2024-08-05T11:14:01Z</time>
        <extensions>
          <gpxtpx:TrackPointExtension>
            <gpxtpx:hr>166</gpxtpx:hr>
          </gpxtpx:TrackPointExtension>
        </extensions>
      </trkpt>
      <trkpt lat="41.67325321814178" lon="123.42832924330108">
        <ele>43.806158892810345</ele>
        <time>2024-08-05T11:14:05Z</time>
        <extensions>
          <gpxtpx:TrackPointExtension>
            <gpxtpx:hr>166</gpxtpx:hr>
          </gpxtpx:TrackPointExtension>
        </extensions>
      </trkpt>
      <trkpt lat="41.672255389184116" lon="123.42864103291289">
        <ele>43.515268713235855</ele>
        <time>2024-08-05T11:16:27Z</time>
        <extensions>
          <gpxtpx:TrackPointExtension>
            <gpxtpx:hr>132</gpxtpx:hr>
          </gpxtpx:TrackPointExtension>
        </extensions>
      </trkpt>
      <trkpt lat="41.67214336837112" lon="123.42864737272997">
        <ele>44.5069888420403</ele>
        <time>2024-08-05T11:16:31Z</time>
      </trkpt>
      <trkpt lat="41.67202708448269" lon="123.4286623403475">
        <ele>44.33492842223495</ele>
        <time>2024-08-05T11:16:35Z</time>
        <extensions>
          <gpxtpx:TrackPointExtension>
            <gpxtpx:hr>130</gpxtpx:hr>
          </gpxtpx:TrackPointExtension>
        </extensions>
      </trkpt>
      <trkpt lat="41.67193076064651" lon="123.42869186399032">
        <ele>44.048399191349745</ele>
        <time>2024-08-05T11:16:39Z</time>
      </trkpt>
      <trkpt lat="41.67183760011154" lon="123.42875423201696">
        <ele>43.684461067430675</ele>
        <time>2024-08-05T11:16:43Z</time>
        <extensions>
          <gpxtpx:TrackPointExtension>
            <gpxtpx:hr>135</gpxtpx:hr>
          </gpxtpx:TrackPointExtension>
        </extensions>
      </trkpt>
      <trkpt lat="41.67180538657446" lon="123.42889307265295">
        <ele>43.91238441411406</ele>
        <time>2024-08-05T11:16:47Z</time>
      </trkpt>
      <trkpt lat="41.67179786995405" lon="123.42904674257974">
        <ele>44.29920844826847</ele>
        <time>2024-08-05T11:16:51Z</time>
        <extensions>
          <gpxtpx:TrackPointExtension>
            <gpxtpx:hr>137</gpxtpx:hr>
          </gpxtpx:TrackPointExtension>
        </extensions>
      </trkpt>
      <trkpt lat="41.67179019721764" lon="123.42919340669472">
        <ele>44.51343413069844</ele>
        <time>2024-08-05T11:16:55Z</time>
        <extensions>
          <gpxtpx:TrackPointExtension>
            <gpxtpx:hr>141</gpxtpx:hr>
          </gpxtpx:TrackPointExtension>
        </extensions>
      </trkpt>
      <trkpt lat="41.671792853045105" lon="123.42933941007038">
        <ele>45.44409951008856</ele>
        <time>2024-08-05T11:16:59Z</time>
        <extensions>
          <gpxtpx:TrackPointExtension>
            <gpxtpx:hr>148</gpxtpx:hr>
          </gpxtpx:TrackPointExtension>
        </extensions>
      </trkpt>
      <trkpt lat="41.671790298769565" lon="123.42949648156002">
        <ele>45.44613591115922</ele>
        <time>2024-08-05T11:17:03Z</time>
      </trkpt>
      <trkpt lat="41.67179485164801" lon="123.42964512243154">
        <ele>45.87885275576264</ele>
        <time>2024-08-05T11:17:07Z</time>
        <extensions>
          <gpxtpx:TrackPointExtension>
            <gpxtpx:hr>155</gpxtpx:hr>
          </gpxtpx:TrackPointExtension>
        </extensions>
      </trkpt>
      <trkpt lat="41.67179577673413" lon="123.42976675636602">
        <ele>45.7211181987077</ele>
        <time>2024-08-05T11:17:10Z</time>
      </trkpt>
      <trkpt lat="41.67179383369709" lon="123.4299116680009">
        <ele>46.01920517440885</ele>
        <time>2024-08-05T11:17:14Z</time>
        <extensions>
          <gpxtpx:TrackPointExtension>
            <gpxtpx:hr>158</gpxtpx:hr>
          </gpxtpx:TrackPointExtension>
        </extensions>
      </trkpt>
      <trkpt lat="41.671789225224956" lon="123.43003327893724">
        <ele>45.11759139504284</ele>
        <time>2024-08-05T11:17:17Z</time>
      </trkpt>
      <trkpt lat="41.67178791398346" lon="123.4301863595689">
        <ele>46.51719009131193</ele>
        <time>2024-08-05T11:17:21Z</time>
        <extensions>
          <gpxtpx:TrackPointExtension>
            <gpxtpx:hr>160</gpxtpx:hr>
          </gpxtpx:TrackPointExtension>
        </extensions>
      </trkpt>
      <trkpt lat="41.67182228380891" lon="123.43029969618019">
        <ele>45.38045093789697</ele>
        <time>2024-08-05T11:17:24Z</time>
        <extensions>
          <gpxtpx:TrackPointExtension>
            <gpxtpx:hr>162</gpxtpx:hr>
          </gpxtpx:TrackPointExtension>
        </extensions>
      </trkpt>
      <trkpt lat="41.67180894925231" lon="123.43042714233151">
        <ele>45.13788912259042</ele>
        <time>2024-08-05T11:17:28Z</time>
      </trkpt>
      <trkpt lat="41.67180325019136" lon="123.4305792652959">
        <ele>44.93278366886079</ele>
        <time>2024-08-05T11:17:32Z</time>
        <extensions>
          <gpxtpx:TrackPointExtension>
            <gpxtpx:hr>163</gpxtpx:hr>
          </gpxtpx:TrackPointExtension>
        </extensions>
      </trkpt>
      <trkpt lat="41.671808830338804" lon="123.43070177945874">
        <ele>45.495397369377315</ele>
        <time>2024-08-05T11:17:35Z</time>
      </trkpt>
      <trkpt lat="41.6718036662018" lon="123.43086711667979">
        <ele>45.699446968734264</ele>
        <time>2024-08-05T11:17:39Z</time>
      </trkpt>
      <trkpt lat="41.67179655764478" lon="123.43102001796593">
        <ele>45.85180634818971</ele>
        <time>2024-08-05T11:17:43Z</time>
        <extensions>
          <gpxtpx:TrackPointExtension>
            <gpxtpx:hr>164</gpxtpx:hr>
          </gpxtpx:TrackPointExtension>
        </extensions>
      </trkpt>
      <trkpt lat="41.67180563386053" lon="123.43116341611275">
        <ele>44.503456842154264</ele>
        <time>2024-08-05T11:17:47Z</time>
      </trkpt>
      <trkpt lat="41.67179572736913" lon="123.43130740637132">
        <ele>44.37568478938192</ele>
        <time>2024-08-05T11:17:51Z</time>
        <extensions>
          <gpxtpx:TrackPointExtension>
            <gpxtpx:hr>167</gpxtpx:hr>
          </gpxtpx:TrackPointExtension>
        </extensions>
      </trkpt>
      <trkpt lat="41.67179790462358" lon="123.43145239547708">
        <ele>43.93579890020192</ele>
        <time>2024-08-05T11:17:55Z</time>
        <extensions>
          <gpxtpx:TrackPointExtension>
            <gpxtpx:hr>167</gpxtpx:hr>
          </gpxtpx:TrackPointExtension>
        </extensions>
      </trkpt>
      <trkpt lat="41.67180121515593" lon="123.4315986130004">
        <ele>44.883335868828</ele>
        <time>2024-08-05T11:17:59Z</time>
        <extensions>
          <gpxtpx:TrackPointExtension>
            <gpxtpx:hr>167</gpxtpx:hr>
          </gpxtpx:TrackPointExtension>
        </extensions>
      </trkpt>
      <trkpt lat="41.6718051380666" lon="123.43173539396034">
        <ele>45.22012542467564</ele>
        <time>2024-08-05T11:18:03Z</time>
        <extensions>
          <gpxtpx:TrackPointExtension>
            <gpxtpx:hr>167</gpxtpx:hr>
          </gpxtpx:TrackPointExtension>
        </extensions>
      </trkpt>
      <trkpt lat="41.67179701555946" lon="123.431885253608">
        <ele>44.99675976857543</ele>
        <time>2024-08-05T11:18:07Z</time>
      </trkpt>
      <trkpt lat="41.6717963157184" lon="123.43203637602713">
        <ele>44.41229975130409</ele>
        <time>2024-08-05T11:18:11Z</time>
        <extensions>
          <gpxtpx:TrackPointExtension>
            <gpxtpx:hr>167</gpxtpx:hr>
          </gpxtpx:TrackPointExtension>
        </extensions>
      </trkpt>
      <trkpt lat="41.67178628288975" lon="123.43216931004125">
        <ele>44.57252543605864</ele>
        <time>2024-08-05T11:18:15Z</time>
        <extensions>
          <gpxtpx:TrackPointExtension>
            <gpxtpx:hr>166</gpxtpx:hr>
          </gpxtpx:TrackPointExtension>
        </extensions>
      </trkpt>
      <trkpt lat="41.671809564561734" lon="123.43229567853277">
        <ele>44.06196636706591</ele>
        <time>2024-08-05T11:18:18Z</time>
      </trkpt>
      <trkpt lat="41.67179636080315" lon="123.43245359080133">
        <ele>45.028695221059024</ele>
        <time>2024-08-05T11:18:23Z</time>
        <extensions>
          <gpxtpx:TrackPointExtension>
            <gpxtpx:hr>166</gpxtpx:hr>
          </gpxtpx:TrackPointExtension>
        </extensions>
      </trkpt>
      <trkpt lat="41.67177897531435" lon="123.43259851193235">
        <ele>45.00405591074377</ele>
        <time>2024-08-05T11:18:27Z</time>
        <extensions>
          <gpxtpx:TrackPointExtension>
            <gpxtpx:hr>166</gpxtpx:hr>
          </gpxtpx:TrackPointExtension>
        </extensions>
      </trkpt>
      <trkpt lat="41.67179790305432" lon="123.43273148273323">
        <ele>44.939118831418455</ele>
        <time>2024-08-05T11:18:31Z</time>
        <extensions>
          <gpxtpx:TrackPointExtension>
            <gpxtpx:hr>167</gpxtpx:hr>
          </gpxtpx:TrackPointExtension>
        </extensions>
      </trkpt>
      <trkpt lat="41.67179556702776" lon="123.43288089016929">
        <ele>45.512434088625014</ele>
        <time>2024-08-05T11:18:35Z</time>
      </trkpt>
      <trkpt lat="41.67179105456935" lon="123.43302424262743">
        <ele>44.947521137073636</ele>
        <time>2024-08-05T11:18:39Z</time>
        <extensions>
          <gpxtpx:TrackPointExtension>
            <gpxtpx:hr>167</gpxtpx:hr>
          </gpxtpx:TrackPointExtension>
        </extensions>
      </trkpt>
      <trkpt lat="41.67180379162188" lon="123.43318318270157">
        <ele>45.55502225086093</ele>
        <time>2024-08-05T11:18:43Z</time>
      </trkpt>
      <trkpt lat="41.671809607015874" lon="123.4333247821057">
        <ele>45.29445899091661</ele>
        <time>2024-08-05T11:18:47Z</time>
        <extensions>
          <gpxtpx:TrackPointExtension>
            <gpxtpx:hr>168</gpxtpx:hr>
          </gpxtpx:TrackPointExtension>
        </extensions>
      </trkpt>
      <trkpt lat="41.67180642792461" lon="123.43347537977156">
        <ele>45.84459886793047</ele>
        <time>2024-08-05T11:18:51Z</time>
        <extensions>
          <gpxtpx:TrackPointExtension>
            <gpxtpx:hr>169</gpxtpx:hr>
          </gpxtpx:TrackPointExtension>
        </extensions>
      </trkpt>
      <trkpt lat="41.6718007661781" lon="123.43361399796098">
        <ele>46.12751537933946</ele>
        <time>2024-08-05T11:18:55Z</time>
        <extensions>
          <gpxtpx:TrackPointExtension>
            <gpxtpx:hr>170</gpxtpx:hr>
          </gpxtpx:TrackPointExtension>
        </extensions>
      </trkpt>
      <trkpt lat="41.67179181691897" lon="123.43375313104666">
        <ele>45.90590831730515</ele>
        <time>2024-08-05T11:18:59Z</time>
        <extensions>
          <gpxtpx:TrackPointExtension>
            <gpxtpx:hr>169</gpxtpx:hr>
          </gpxtpx:TrackPointExtension>
        </extensions>
      </trkpt>
      <trkpt lat="41.671799347683994" lon="123.43390197942844">
        <ele>46.03426895197481</ele>
        <time>2024-08-05T11:19:03Z</time>
      </trkpt>
      <trkpt lat="41.67180687034664" lon="123.43404845393493">
        <ele>46.128105426207185</ele>
        <time>2024-08-05T11:19:07Z</time>
        <extensions>
          <gpxtpx:TrackPointExtension>
            <gpxtpx:hr>170</gpxtpx:hr>
          </gpxtpx:TrackPointExtension>
        </extensions>
      </trkpt>
      <trkpt lat="41.67180303171155" lon="123.4341836853777">
        <ele>46.22935617901385</ele>
        <time>2024-08-05T11:19:11Z</time>
        <extensions>
          <gpxtpx:TrackPointExtension>
            <gpxtpx:hr>170</gpxtpx:hr>
          </gpxtpx:TrackPointExtension>
        </extensions>
      </trkpt>
      <trkpt lat="41.67180577775572" lon="123.43433188847126">
        <ele>45.91929636429995</ele>
        <time>2024-08-05T11:19:15Z</time>
        <extensions>
          <gpxtpx:TrackPointExtension>
            <gpxtpx:hr>169</gpxtpx:hr>
          </gpxtpx:TrackPointExtension>
        </extensions>
      </trkpt>
      <trkpt lat="41.67181636951399" lon="123.43446689913398">
        <ele>45.97142666298896</ele>
        <time>2024-08-05T11:19:19Z</time>
        <extensions>
          <gpxtpx:TrackPointExtension>
            <gpxtpx:hr>169</gpxtpx:hr>
          </gpxtpx:TrackPointExtension>
        </extensions>
      </trkpt>
      <trkpt lat="41.67178604705269" lon="123.43461267183426">
        <ele>45.94166553579271</ele>
        <time>2024-08-05T11:19:23Z</time>
        <extensions>
          <gpxtpx:TrackPointExtension>
            <gpxtpx:hr>170</gpxtpx:hr>
          </gpxtpx:TrackPointExtension>
        </extensions>
      </trkpt>
      <trkpt lat="41.67178926583283" lon="123.43476647141303">
        <ele>46.944482951425016</ele>
        <time>2024-08-05T11:19:27Z</time>
      </trkpt>
      <trkpt lat="41.67178594647465" lon="123.43490481048276">
        <ele>46.587499832734466</ele>
        <time>2024-08-05T11:19:31Z</time>
        <extensions>
          <gpxtpx:TrackPointExtension>
            <gpxtpx:hr>169</gpxtpx:hr>
          </gpxtpx:TrackPointExtension>
        </extensions>
      </trkpt>
      <trkpt lat="41.67179091566767" lon="123.43504684854281">
        <ele>46.904606860131025</ele>
        <time>2024-08-05T11:19:35Z</time>
        <extensions>
          <gpxtpx:TrackPointExtension>
            <gpxtpx:hr>170</gpxtpx:hr>
          </gpxtpx:TrackPointExtension>
        </extensions>
      </trkpt>
      <trkpt lat="41.67179784202806" lon="123.43518571452009">
        <ele>47.55886068101972</ele>
        <time>2024-08-05T11:19:39Z</time>
      </trkpt>
      <trkpt lat="41.671793510561876" lon="123.43533528980882">
        <ele>47.53180240187794</ele>
        <time>2024-08-05T11:19:43Z</time>
        <extensions>
          <gpxtpx:TrackPointExtension>
            <gpxtpx:hr>171</gpxtpx:hr>
          </gpxtpx:TrackPointExtension>
        </extensions>
      </trkpt>
      <trkpt lat="41.67178461486781" lon="123.43547924806651">
        <ele>47.46212567668408</ele>
        <time>2024-08-05T11:19:47Z</time>
        <extensions>
          <gpxtpx:TrackPointExtension>
            <gpxtpx:hr>171</gpxtpx:hr>
          </gpxtpx:TrackPointExtension>
        </extensions>
      </trkpt>
      <trkpt lat="41.67177544949185" lon="123.43563596255393">
        <ele>46.92619638051838</ele>
        <time>2024-08-05T11:19:51Z</time>
        <extensions>
          <gpxtpx:TrackPointExtension>
            <gpxtpx:hr>171</gpxtpx:hr>
          </gpxtpx:TrackPointExtension>
        </extensions>
      </trkpt>
      <trkpt lat="41.67177243791115" lon="123.43577224028198">
        <ele>46.569564019329846</ele>
        <time>2024-08-05T11:19:55Z</time>
        <extensions>
          <gpxtpx:TrackPointExtension>
            <gpxtpx:hr>172</gpxtpx:hr>
          </gpxtpx:TrackPointExtension>
        </extensions>
      </trkpt>
      <trkpt lat="41.67176874322249" lon="123.43590189067383">
        <ele>46.29462125245482</ele>
        <time>2024-08-05T11:19:58Z</time>
        <extensions>
          <gpxtpx:TrackPointExtension>
            <gpxtpx:hr>173</gpxtpx:hr>
          </gpxtpx:TrackPointExtension>
        </extensions>
      </trkpt>
      <trkpt lat="41.671775174007706" lon="123.4360379187297">
        <ele>45.61317228619009</ele>
        <time>2024-08-05T11:20:02Z</time>
      </trkpt>
      <trkpt lat="41.671789531559625" lon="123.43618051242483">
        <ele>45.91426646988839</ele>
        <time>2024-08-05T11:20:06Z</time>
        <extensions>
          <gpxtpx:TrackPointExtension>
            <gpxtpx:hr>172</gpxtpx:hr>
          </gpxtpx:TrackPointExtension>
        </extensions>
      </trkpt>
      <trkpt lat="41.67183152819996" lon="123.43629659544936">
        <ele>46.09002443123609</ele>
        <time>2024-08-05T11:20:12Z</time>
        <extensions>
          <gpxtpx:TrackPointExtension>
            <gpxtpx:hr>171</gpxtpx:hr>
          </gpxtpx:TrackPointExtension>
        </extensions>
      </trkpt>
      <trkpt lat="41.67180350983209" lon="123.4364327761507">
        <ele>45.62993537914008</ele>
        <time>2024-08-05T11:20:17Z</time>
      </trkpt>
      <trkpt lat="41.67175794913463" lon="123.43653942130211">
        <ele>47.094158831983805</ele>
        <time>2024-08-05T11:20:21Z</time>
        <extensions>
          <gpxtpx:TrackPointExtension>
            <gpxtpx:hr>170</gpxtpx:hr>
          </gpxtpx:TrackPointExtension>
        </extensions>
      </trkpt>
      <trkpt lat="41.67177944440878" lon="123.4366666920959">
        <ele>47.359545395709574</ele>
        <time>2024-08-05T11:20:25Z</time>
      </trkpt>
      <trkpt lat="41.671778102596654" lon="123.43680555245288">
        <ele>45.42373470403254</ele>
        <time>2024-08-05T11:20:29Z</time>
        <extensions>
          <gpxtpx:TrackPointExtension>
            <gpxtpx:hr>169</gpxtpx:hr>
          </gpxtpx:TrackPointExtension>
        </extensions>
      </trkpt>
      <trkpt lat="41.67177232706759" lon="123.43692854857721">
        <ele>46.60610510595143</ele>
        <time>2024-08-05T11:20:32Z</time>
        <extensions>
          <gpxtpx:TrackPointExtension>
            <gpxtpx:hr>167</gpxtpx:hr>
          </gpxtpx:TrackPointExtension>
        </extensions>
      </trkpt>
      <trkpt lat="41.67177005501191" lon="123.43707407936938">
        <ele>46.8788490537554</ele>
        <time>2024-08-05T11:20:36Z</time>
        <extensions>
          <gpxtpx:TrackPointExtension>
            <gpxtpx:hr>168</gpxtpx:hr>
          </gpxtpx:TrackPointExtension>
        </extensions>
      </trkpt>
      <trkpt lat="41.67177643022715" lon="123.43721120670756">
        <ele>46.803083502687514</ele>
        <time>2024-08-05T11:20:40.001000Z</time>
      </trkpt>
      <trkpt lat="41.67177826131922" lon="123.43733960705237">
        <ele>47.252455461770296</ele>
        <time>2024-08-05T11:20:43.001000Z</time>
        <extensions>
          <gpxtpx:TrackPointExtension>
            <gpxtpx:hr>170</gpxtpx:hr>
          </gpxtpx:TrackPointExtension>
        </extensions>
      </trkpt>
      <trkpt lat="41.6717774666911" lon="123.43747446209663">
        <ele>46.57933565508574</ele>
        <time>2024-08-05T11:20:47.001000Z</time>
        <extensions>
          <gpxtpx:TrackPointExtension>
            <gpxtpx:hr>169</gpxtpx:hr>
          </gpxtpx:TrackPointExtension>
        </extensions>
      </trkpt>
      <trkpt lat="41.67178389164613" lon="123.43762773859572">
        <ele>46.54233040101826</ele>
        <time>2024-08-05T11:20:51.001000Z</time>
        <extensions>
          <gpxtpx:TrackPointExtension>
            <gpxtpx:hr>169</gpxtpx:hr>
          </gpxtpx:TrackPointExtension>
        </extensions>
      </trkpt>
      <trkpt lat="41.67177964196738" lon="123.4377751235916">
        <ele>45.31757544353604</ele>
        <time>2024-08-05T11:20:55.001000Z</time>
        <extensions>
          <gpxtpx:TrackPointExtension>
            <gpxtpx:hr>169</gpxtpx:hr>
          </gpxtpx:TrackPointExtension>
        </extensions>
      </trkpt>
      <trkpt lat="41.67178382565387" lon="123.43789866876755">
        <ele>46.92650926485658</ele>
        <time>2024-08-05T11:20:58Z</time>
      </trkpt>
      <trkpt lat="41.67176061221166" lon="123.43804083620715">
        <ele>45.94375205505639</ele>
        <time>2024-08-05T11:21:02Z</time>
        <extensions>
          <gpxtpx:TrackPointExtension>
            <gpxtpx:hr>170</gpxtpx:hr>
          </gpxtpx:TrackPointExtension>
        </extensions>
      </trkpt>
      <trkpt lat="41.67175793082653" lon="123.43819184306241">
        <ele>45.98013485223055</ele>
        <time>2024-08-05T11:21:06Z</time>
      </trkpt>
      <trkpt lat="41.671770471483946" lon="123.43832350536209">
        <ele>45.51054908707738</ele>
        <time>2024-08-05T11:21:10Z</time>
        <extensions>
          <gpxtpx:TrackPointExtension>
            <gpxtpx:hr>169</gpxtpx:hr>
          </gpxtpx:TrackPointExtension>
        </extensions>
      </trkpt>
      <trkpt lat="41.67177558040718" lon="123.43844457091326">
        <ele>46.11416758131236</ele>
        <time>2024-08-05T11:21:13Z</time>
      </trkpt>
      <trkpt lat="41.67176332199697" lon="123.438582764722">
        <ele>45.99182826373726</ele>
        <time>2024-08-05T11:21:17Z</time>
        <extensions>
          <gpxtpx:TrackPointExtension>
            <gpxtpx:hr>170</gpxtpx:hr>
          </gpxtpx:TrackPointExtension>
        </extensions>
      </trkpt>
      <trkpt lat="41.67174358568234" lon="123.43871603438542">
        <ele>46.406975145451725</ele>
        <time>2024-08-05T11:21:21Z</time>
        <extensions>
          <gpxtpx:TrackPointExtension>
            <gpxtpx:hr>171</gpxtpx:hr>
          </gpxtpx:TrackPointExtension>
        </extensions>
      </trkpt>
      <trkpt lat="41.67174986964044" lon="123.43885768016494">
        <ele>45.35664455406368</ele>
        <time>2024-08-05T11:21:25Z</time>
        <extensions>
          <gpxtpx:TrackPointExtension>
            <gpxtpx:hr>170</gpxtpx:hr>
          </gpxtpx:TrackPointExtension>
        </extensions>
      </trkpt>
      <trkpt lat="41.67175099646818" lon="123.43898738298911">
        <ele>43.328969477675855</ele>
        <time>2024-08-05T11:21:31Z</time>
        <extensions>
          <gpxtpx:TrackPointExtension>
            <gpxtpx:hr>170</gpxtpx:hr>
          </gpxtpx:TrackPointExtension>
        </extensions>
      </trkpt>
      <trkpt lat="41.67174401321541" lon="123.4391138262316">
        <ele>43.299911476671696</ele>
        <time>2024-08-05T11:21:36Z</time>
        <extensions>
          <gpxtpx:TrackPointExtension>
            <gpxtpx:hr>170</gpxtpx:hr>
          </gpxtpx:TrackPointExtension>
        </extensions>
      </trkpt>
      <trkpt lat="41.67173551665677" lon="123.43925274708064">
        <ele>42.77328446414322</ele>
        <time>2024-08-05T11:21:42Z</time>
        <extensions>
          <gpxtpx:TrackPointExtension>
            <gpxtpx:hr>170</gpxtpx:hr>
          </gpxtpx:TrackPointExtension>
        </extensions>
      </trkpt>
      <trkpt lat="41.67174477267306" lon="123.43937929881533">
        <ele>43.219172947108746</ele>
        <time>2024-08-05T11:21:45Z</time>
      </trkpt>
      <trkpt lat="41.671741886314194" lon="123.43952084040141">
        <ele>43.81757504865527</ele>
        <time>2024-08-05T11:21:49Z</time>
        <extensions>
          <gpxtpx:TrackPointExtension>
            <gpxtpx:hr>169</gpxtpx:hr>
          </gpxtpx:TrackPointExtension>
        </extensions>
      </trkpt>
      <trkpt lat="41.67172351159605" lon="123.43964104435756">
        <ele>44.34974941331893</ele>
        <time>2024-08-05T11:21:52Z</time>
      </trkpt>
      <trkpt lat="41.67173570485024" lon="123.43976509192517">
        <ele>45.61735551524907</ele>
        <time>2024-08-05T11:21:55Z</time>
      </trkpt>
      <trkpt lat="41.67177157985747" lon="123.43989530185446">
        <ele>44.150024846196175</ele>
        <time>2024-08-05T11:21:59Z</time>
        <extensions>
          <gpxtpx:TrackPointExtension>
            <gpxtpx:hr>168</gpxtpx:hr>
          </gpxtpx:TrackPointExtension>
        </extensions>
      </trkpt>
      <trkpt lat="41.67175526250146" lon="123.44002532165185">
        <ele>44.17843862157315</ele>
        <time>2024-08-05T11:22:03Z</time>
        <extensions>
          <gpxtpx:TrackPointExtension>
            <gpxtpx:hr>168</gpxtpx:hr>
          </gpxtpx:TrackPointExtension>
        </extensions>
      </trkpt>
      <trkpt lat="41.67175140315855" lon="123.44015991296041">
        <ele>44.611572567373514</ele>
        <time>2024-08-05T11:22:07Z</time>
      </trkpt>
      <trkpt lat="41.67171877623986" lon="123.44263559562452">
        <ele>44.81942332722247</ele>
        <time>2024-08-05T11:24:32.999000Z</time>
        <extensions>
          <gpxtpx:TrackPointExtension>
            <gpxtpx:hr>136</gpxtpx:hr>
          </gpxtpx:TrackPointExtension>
        </extensions>
      </trkpt>
      <trkpt lat="41.67171804147502" lon="123.44265540076736">
        <ele>44.87255594972521</ele>
        <time>2024-08-05T11:24:33.999000Z</time>
      </trkpt>
      <trkpt lat="41.67165816863944" lon="123.44277846264507">
        <ele>43.51059252396226</ele>
        <time>2024-08-05T11:24:39.999000Z</time>
        <extensions>
          <gpxtpx:TrackPointExtension>
            <gpxtpx:hr>136</gpxtpx:hr>
          </gpxtpx:TrackPointExtension>
        </extensions>
      </trkpt>
      <trkpt lat="41.6715661022051" lon="123.44283337163156">
        <ele>42.710319051519036</ele>
        <time>2024-08-05T11:24:43.999000Z</time>
        <extensions>
          <gpxtpx:TrackPointExtension>
            <gpxtpx:hr>137</gpxtpx:hr>
          </gpxtpx:TrackPointExtension>
        </extensions>
      </trkpt>
      <trkpt lat="41.671450216529855" lon="123.44286582873852">
        <ele>41.142372926697135</ele>
        <time>2024-08-05T11:24:46.999000Z</time>
      </trkpt>
      <trkpt lat="41.67133972434329" lon="123.44286029248232">
        <ele>41.81004326604307</ele>
        <time>2024-08-05T11:24:49.999000Z</time>
        <extensions>
          <gpxtpx:TrackPointExtension>
            <gpxtpx:hr>142</gpxtpx:hr>
          </gpxtpx:TrackPointExtension>
        </extensions>
      </trkpt>
      <trkpt lat="41.67123213884029" lon="123.44288733431802">
        <ele>43.67704292293638</ele>
        <time>2024-08-05T11:24:52.999000Z</time>
      </trkpt>
      <trkpt lat="41.67112609186545" lon="123.44288265360598">
        <ele>44.05183052364737</ele>
        <time>2024-08-05T11:24:55.999000Z</time>
        <extensions>
          <gpxtpx:TrackPointExtension>
            <gpxtpx:hr>150</gpxtpx:hr>
          </gpxtpx:TrackPointExtension>
        </extensions>
      </trkpt>
      <trkpt lat="41.67102711388119" lon="123.4428806462714">
        <ele>44.84424169640988</ele>
        <time>2024-08-05T11:24:58.999000Z</time>
        <extensions>
          <gpxtpx:TrackPointExtension>
            <gpxtpx:hr>152</gpxtpx:hr>
          </gpxtpx:TrackPointExtension>
        </extensions>
      </trkpt>
      <trkpt lat="41.670920179429885" lon="123.44289625652347">
        <ele>45.80824934877455</ele>
        <time>2024-08-05T11:25:01.999000Z</time>
      </trkpt>
      <trkpt lat="41.670827314686626" lon="123.44288585341963">
        <ele>44.45399659220129</ele>
        <time>2024-08-05T11:25:04.999000Z</time>
        <extensions>
          <gpxtpx:TrackPointExtension>
            <gpxtpx:hr>157</gpxtpx:hr>
          </gpxtpx:TrackPointExtension>
        </extensions>
      </trkpt>
      <trkpt lat="41.67072917580023" lon="123.4428824450095">
        <ele>44.36900978162885</ele>
        <time>2024-08-05T11:25:07.999000Z</time>
      </trkpt>
      <trkpt lat="41.67063782706871" lon="123.44288552944712">
        <ele>44.92349706962705</ele>
        <time>2024-08-05T11:25:10.999000Z</time>
        <extensions>
          <gpxtpx:TrackPointExtension>
            <gpxtpx:hr>158</gpxtpx:hr>
          </gpxtpx:TrackPointExtension>
        </extensions>
      </trkpt>
      <trkpt lat="41.6705475769005" lon="123.44288914629313">
        <ele>42.927689308300614</ele>
        <time>2024-08-05T11:25:13.999000Z</time>
        <extensions>
          <gpxtpx:TrackPointExtension>
            <gpxtpx:hr>159</gpxtpx:hr>
          </gpxtpx:TrackPointExtension>
        </extensions>
      </trkpt>
      <trkpt lat="41.67045227381067" lon="123.44288327594292">
        <ele>43.99429848883301</ele>
        <time>2024-08-05T11:25:16.999000Z</time>
      </trkpt>
      <trkpt lat="41.67033209539968" lon="123.44288622067931">
        <ele>42.98207403160632</ele>
        <time>2024-08-05T11:25:20.999000Z</time>
        <extensions>
          <gpxtpx:TrackPointExtension>
            <gpxtpx:hr>162</gpxtpx:hr>
          </gpxtpx:TrackPointExtension>
        </extensions>
      </trkpt>
      <trkpt lat="41.67021837252513" lon="123.44288794429569">
        <ele>43.626364837400615</ele>
        <time>2024-08-05T11:25:24.999000Z</time>
      </trkpt>
      <trkpt lat="41.67012767200933" lon="123.44289017257543">
        <ele>44.00002846401185</ele>
        <time>2024-08-05T11:25:27.999000Z</time>
        <extensions>
          <gpxtpx:TrackPointExtension>
            <gpxtpx:hr>163</gpxtpx:hr>
          </gpxtpx:TrackPointExtension>
        </extensions>
      </trkpt>
      <trkpt lat="41.67000948300289" lon="123.4428856774611">
        <ele>43.273566111922264</ele>
        <time>2024-08-05T11:25:31.999000Z</time>
        <extensions>
          <gpxtpx:TrackPointExtension>
            <gpxtpx:hr>164</gpxtpx:hr>
          </gpxtpx:TrackPointExtension>
        </extensions>
      </trkpt>
      <trkpt lat="41.66990180687237" lon="123.44287918331915">
        <ele>42.21584782842547</ele>
        <time>2024-08-05T11:25:35.999000Z</time>
      </trkpt>
      <trkpt lat="41.6697867343028" lon="123.44288012222064">
        <ele>43.256235991604626</ele>
        <time>2024-08-05T11:25:39.999000Z</time>
        <extensions>
          <gpxtpx:TrackPointExtension>
            <gpxtpx:hr>166</gpxtpx:hr>
          </gpxtpx:TrackPointExtension>
        </extensions>
      </trkpt>
      <trkpt lat="41.66967812021623" lon="123.44287297360347">
        <ele>43.21418899670243</ele>
        <time>2024-08-05T11:25:43.999000Z</time>
        <extensions>
          <gpxtpx:TrackPointExtension>
            <gpxtpx:hr>166</gpxtpx:hr>
          </gpxtpx:TrackPointExtension>
        </extensions>
      </trkpt>
      <trkpt lat="41.66955982132833" lon="123.44287125958205">
        <ele>43.65449771750718</ele>
        <time>2024-08-05T11:25:47.999000Z</time>
      </trkpt>
      <trkpt lat="41.66946044213612" lon="123.44287881665402">
        <ele>42.37241741642356</ele>
        <time>2024-08-05T11:25:51.999000Z</time>
        <extensions>
          <gpxtpx:TrackPointExtension>
            <gpxtpx:hr>166</gpxtpx:hr>
          </gpxtpx:TrackPointExtension>
        </extensions>
      </trkpt>
      <trkpt lat="41.66936849498853" lon="123.44285617607999">
        <ele>43.68323280476034</ele>
        <time>2024-08-05T11:25:54.999000Z</time>
      </trkpt>
      <trkpt lat="41.66926118722297" lon="123.44285235293688">
        <ele>43.857005616649985</ele>
        <time>2024-08-05T11:25:58.999000Z</time>
        <extensions>
          <gpxtpx:TrackPointExtension>
            <gpxtpx:hr>168</gpxtpx:hr>
          </gpxtpx:TrackPointExtension>
        </extensions>
      </trkpt>
      <trkpt lat="41.66916148022616" lon="123.44285349351513">
        <ele>41.62326595932245</ele>
        <time>2024-08-05T11:26:02.999000Z</time>
      </trkpt>
      <trkpt lat="41.66906167099545" lon="123.44283920412678">
        <ele>41.41702419985086</ele>
        <time>2024-08-05T11:26:06.999000Z</time>
        <extensions>
          <gpxtpx:TrackPointExtension>
            <gpxtpx:hr>170</gpxtpx:hr>
          </gpxtpx:TrackPointExtension>
        </extensions>
      </trkpt>
      <trkpt lat="41.66895038584267" lon="123.44282470116414">
        <ele>43.17127136513591</ele>
        <time>2024-08-05T11:26:10.999000Z</time>
        <extensions>
          <gpxtpx:TrackPointExtension>
            <gpxtpx:hr>170</gpxtpx:hr>
          </gpxtpx:TrackPointExtension>
        </extensions>
      </trkpt>
      <trkpt lat="41.66885548403779" lon="123.44280761507643">
        <ele>44.146735646761954</ele>
        <time>2024-08-05T11:26:17.999000Z</time>
        <extensions>
          <gpxtpx:TrackPointExtension>
            <gpxtpx:hr>169</gpxtpx:hr>
          </gpxtpx:TrackPointExtension>
        </extensions>
      </trkpt>
      <trkpt lat="41.66874776623286" lon="123.44279113357554">
        <ele>44.76972025819123</ele>
        <time>2024-08-05T11:26:22.999000Z</time>
      </trkpt>
      <trkpt lat="41.66865013514428" lon="123.44280196881583">
        <ele>44.03827301133424</ele>
        <time>2024-08-05T11:26:26.999000Z</time>
        <extensions>
          <gpxtpx:TrackPointExtension>
            <gpxtpx:hr>168</gpxtpx:hr>
          </gpxtpx:TrackPointExtension>
        </extensions>
      </trkpt>
      <trkpt lat="41.66856793676318" lon="123.44286277122438">
        <ele>44.57596847880632</ele>
        <time>2024-08-05T11:26:30.999000Z</time>
        <extensions>
          <gpxtpx:TrackPointExtension>
            <gpxtpx:hr>168</gpxtpx:hr>
          </gpxtpx:TrackPointExtension>
        </extensions>
      </trkpt>
      <trkpt lat="41.66857575259922" lon="123.44299911954705">
        <ele>44.95749047771096</ele>
        <time>2024-08-05T11:26:34.999000Z</time>
        <extensions>
          <gpxtpx:TrackPointExtension>
            <gpxtpx:hr>169</gpxtpx:hr>
          </gpxtpx:TrackPointExtension>
        </extensions>
      </trkpt>
      <trkpt lat="41.668551268566446" lon="123.4431197474597">
        <ele>45.48935302905738</ele>
        <time>2024-08-05T11:26:38.999000Z</time>
        <extensions>
          <gpxtpx:TrackPointExtension>
            <gpxtpx:hr>168</gpxtpx:hr>
          </gpxtpx:TrackPointExtension>
        </extensions>
      </trkpt>
      <trkpt lat="41.668555097334554" lon="123.44324750742976">
        <ele>45.17311874218285</ele>
        <time>2024-08-05T11:26:43.999000Z</time>
        <extensions>
          <gpxtpx:TrackPointExtension>
            <gpxtpx:hr>167</gpxtpx:hr>
          </gpxtpx:TrackPointExtension>
        </extensions>
      </trkpt>
      <trkpt lat="41.66850902472298" lon="123.44337904720412">
        <ele>45.0564974155277</ele>
        <time>2024-08-05T11:26:47.999000Z</time>
      </trkpt>
      <trkpt lat="41.668404334647285" lon="123.44338239804863">
        <ele>45.922084086574614</ele>
        <time>2024-08-05T11:26:52.999000Z</time>
        <extensions>
          <gpxtpx:TrackPointExtension>
            <gpxtpx:hr>166</gpxtpx:hr>
          </gpxtpx:TrackPointExtension>
        </extensions>
      </trkpt>
      <trkpt lat="41.66829945708562" lon="123.4433506375103">
        <ele>45.33919849433005</ele>
        <time>2024-08-05T11:26:58Z</time>
        <extensions>
          <gpxtpx:TrackPointExtension>
            <gpxtpx:hr>166</gpxtpx:hr>
          </gpxtpx:TrackPointExtension>
        </extensions>
      </trkpt>
      <trkpt lat="41.66820124090319" lon="123.44338870570984">
        <ele>44.35764917824417</ele>
        <time>2024-08-05T11:27:02Z</time>
      </trkpt>
      <trkpt lat="41.66810567363978" lon="123.44336572766746">
        <ele>45.601696574129164</ele>
        <time>2024-08-05T11:27:06Z</time>
        <extensions>
          <gpxtpx:TrackPointExtension>
            <gpxtpx:hr>166</gpxtpx:hr>
          </gpxtpx:TrackPointExtension>
        </extensions>
      </trkpt>
      <trkpt lat="41.668019446554105" lon="123.44331559122152">
        <ele>45.33554934989661</ele>
        <time>2024-08-05T11:27:10Z</time>
        <extensions>
          <gpxtpx:TrackPointExtension>
            <gpxtpx:hr>166</gpxtpx:hr>
          </gpxtpx:TrackPointExtension>
        </extensions>
      </trkpt>
      <trkpt lat="41.667927210879654" lon="123.44329621919584">
        <ele>47.748359623365104</ele>
        <time>2024-08-05T11:27:14Z</time>
      </trkpt>
      <trkpt lat="41.66782782143696" lon="123.44330246494339">
        <ele>47.331300475634634</ele>
        <time>2024-08-05T11:27:18Z</time>
        <extensions>
          <gpxtpx:TrackPointExtension>
            <gpxtpx:hr>164</gpxtpx:hr>
          </gpxtpx:TrackPointExtension>
        </extensions>
      </trkpt>
      <trkpt lat="41.66773170331032" lon="123.44329665901918">
        <ele>46.65155861899257</ele>
        <time>2024-08-05T11:27:21.999000Z</time>
        <extensions>
          <gpxtpx:TrackPointExtension>
            <gpxtpx:hr>163</gpxtpx:hr>
          </gpxtpx:TrackPointExtension>
        </extensions>
      </trkpt>
      <trkpt lat="41.667625903919124" lon="123.44330396187168">
        <ele>47.1118512833491</ele>
        <time>2024-08-05T11:27:25.999000Z</time>
      </trkpt>
      <trkpt lat="41.66751922927277" lon="123.44328226675285">
        <ele>47.12892561405897</ele>
        <time>2024-08-05T11:27:29.999000Z</time>
        <extensions>
          <gpxtpx:TrackPointExtension>
            <gpxtpx:hr>165</gpxtpx:hr>
          </gpxtpx:TrackPointExtension>
        </extensions>
      </trkpt>
      <trkpt lat="41.66741179754739" lon="123.4432673566474">
        <ele>47.397896222770214</ele>
        <time>2024-08-05T11:27:33.999000Z</time>
      </trkpt>
      <trkpt lat="41.66730572039653" lon="123.44326182388964">
        <ele>46.951910086907446</ele>
        <time>2024-08-05T11:27:37.999000Z</time>
        <extensions>
          <gpxtpx:TrackPointExtension>
            <gpxtpx:hr>166</gpxtpx:hr>
          </gpxtpx:TrackPointExtension>
        </extensions>
      </trkpt>
      <trkpt lat="41.667195769862886" lon="123.44324212734661">
        <ele>46.486732034012675</ele>
        <time>2024-08-05T11:27:41.999000Z</time>
        <extensions>
          <gpxtpx:TrackPointExtension>
            <gpxtpx:hr>167</gpxtpx:hr>
          </gpxtpx:TrackPointExtension>
        </extensions>
      </trkpt>
      <trkpt lat="41.66707983814461" lon="123.44324838358716">
        <ele>47.45712963491678</ele>
        <time>2024-08-05T11:27:45.999000Z</time>
      </trkpt>
      <trkpt lat="41.66697032408763" lon="123.44325776324845">
        <ele>46.62133162841201</ele>
        <time>2024-08-05T11:27:49.999000Z</time>
        <extensions>
          <gpxtpx:TrackPointExtension>
            <gpxtpx:hr>168</gpxtpx:hr>
          </gpxtpx:TrackPointExtension>
        </extensions>
      </trkpt>
      <trkpt lat="41.666857828223186" lon="123.4432551104413">
        <ele>46.80200104508549</ele>
        <time>2024-08-05T11:27:53.999000Z</time>
        <extensions>
          <gpxtpx:TrackPointExtension>
            <gpxtpx:hr>169</gpxtpx:hr>
          </gpxtpx:TrackPointExtension>
        </extensions>
      </trkpt>
      <trkpt lat="41.66673860904849" lon="123.44324484551996">
        <ele>46.968098441138864</ele>
        <time>2024-08-05T11:27:57.999000Z</time>
      </trkpt>
      <trkpt lat="41.66663967018626" lon="123.44325194368338">
        <ele>46.05900954268873</ele>
        <time>2024-08-05T11:28:01.999000Z</time>
        <extensions>
          <gpxtpx:TrackPointExtension>
            <gpxtpx:hr>168</gpxtpx:hr>
          </gpxtpx:TrackPointExtension>
        </extensions>
      </trkpt>
      <trkpt lat="41.666536116321055" lon="123.4432500732867">
        <ele>46.58344069123268</ele>
        <time>2024-08-05T11:28:05.999000Z</time>
        <extensions>
          <gpxtpx:TrackPointExtension>
            <gpxtpx:hr>169</gpxtpx:hr>
          </gpxtpx:TrackPointExtension>
        </extensions>
      </trkpt>
      <trkpt lat="41.66642148683665" lon="123.4432577505757">
        <ele>47.18141871318221</ele>
        <time>2024-08-05T11:28:09.999000Z</time>
      </trkpt>
      <trkpt lat="41.666317602537994" lon="123.44323481575482">
        <ele>45.39744870737195</ele>
        <time>2024-08-05T11:28:15.999000Z</time>
        <extensions>
          <gpxtpx:TrackPointExtension>
            <gpxtpx:hr>170</gpxtpx:hr>
          </gpxtpx:TrackPointExtension>
        </extensions>
      </trkpt>
      <trkpt lat="41.66620599146648" lon="123.4432472282824">
        <ele>46.642362599261105</ele>
        <time>2024-08-05T11:28:19.999000Z</time>
      </trkpt>
      <trkpt lat="41.66610236375509" lon="123.44326948918291">
        <ele>45.90839368477464</ele>
        <time>2024-08-05T11:28:23.999000Z</time>
        <extensions>
          <gpxtpx:TrackPointExtension>
            <gpxtpx:hr>171</gpxtpx:hr>
          </gpxtpx:TrackPointExtension>
        </extensions>
      </trkpt>
      <trkpt lat="41.66600350919593" lon="123.44325867839544">
        <ele>45.75375772546977</ele>
        <time>2024-08-05T11:28:27.999000Z</time>
      </trkpt>
      <trkpt lat="41.66585120502402" lon="123.44322749633983">
        <ele>47.88923931121826</ele>
        <time>2024-08-05T11:30:48Z</time>
        <extensions>
          <gpxtpx:TrackPointExtension>
            <gpxtpx:hr>134</gpxtpx:hr>
          </gpxtpx:TrackPointExtension>
        </extensions>
      </trkpt>
      <trkpt lat="41.66575476613474" lon="123.44323866153152">
        <ele>47.78090632613748</ele>
        <time>2024-08-05T11:30:52Z</time>
      </trkpt>
      <trkpt lat="41.66564023801864" lon="123.44323063896975">
        <ele>47.26273071579635</ele>
        <time>2024-08-05T11:30:56Z</time>
        <extensions>
          <gpxtpx:TrackPointExtension>
            <gpxtpx:hr>139</gpxtpx:hr>
          </gpxtpx:TrackPointExtension>
        </extensions>
      </trkpt>
      <trkpt lat="41.66553402511235" lon="123.44322516589443">
        <ele>45.999571999534965</ele>
        <time>2024-08-05T11:30:59.999000Z</time>
        <extensions>
          <gpxtpx:TrackPointExtension>
            <gpxtpx:hr>142</gpxtpx:hr>
          </gpxtpx:TrackPointExtension>
        </extensions>
      </trkpt>
      <trkpt lat="41.66542531276647" lon="123.44323100175012">
        <ele>46.03954554814845</ele>
        <time>2024-08-05T11:31:02.999000Z</time>
        <extensions>
          <gpxtpx:TrackPointExtension>
            <gpxtpx:hr>144</gpxtpx:hr>
          </gpxtpx:TrackPointExtension>
        </extensions>
      </trkpt>
      <trkpt lat="41.66532451219424" lon="123.44320123990758">
        <ele>46.07393107563257</ele>
        <time>2024-08-05T11:31:10Z</time>
      </trkpt>
      <trkpt lat="41.6652120758665" lon="123.44324659000756">
        <ele>46.24483538046479</ele>
        <time>2024-08-05T11:31:14Z</time>
        <extensions>
          <gpxtpx:TrackPointExtension>
            <gpxtpx:hr>155</gpxtpx:hr>
          </gpxtpx:TrackPointExtension>
        </extensions>
      </trkpt>
      <trkpt lat="41.66512092888134" lon="123.44323929217879">
        <ele>46.11559624876827</ele>
        <time>2024-08-05T11:31:17Z</time>
      </trkpt>
      <trkpt lat="41.665028997685575" lon="123.44324216780603">
        <ele>46.95624239463359</ele>
        <time>2024-08-05T11:31:20Z</time>
      </trkpt>
      <trkpt lat="41.66493545864189" lon="123.44324874173695">
        <ele>46.29839585535228</ele>
        <time>2024-08-05T11:31:23Z</time>
        <extensions>
          <gpxtpx:TrackPointExtension>
            <gpxtpx:hr>157</gpxtpx:hr>
          </gpxtpx:TrackPointExtension>
        </extensions>
      </trkpt>
      <trkpt lat="41.66483837322677" lon="123.44325854792855">
        <ele>46.94417498447001</ele>
        <time>2024-08-05T11:31:26Z</time>
        <extensions>
          <gpxtpx:TrackPointExtension>
            <gpxtpx:hr>160</gpxtpx:hr>
          </gpxtpx:TrackPointExtension>
        </extensions>
      </trkpt>
      <trkpt lat="41.66473489078445" lon="123.44324660272376">
        <ele>47.001336213201284</ele>
        <time>2024-08-05T11:31:29Z</time>
      </trkpt>
      <trkpt lat="41.66464225467627" lon="123.44323880312231">
        <ele>47.27233174350113</ele>
        <time>2024-08-05T11:31:32Z</time>
        <extensions>
          <gpxtpx:TrackPointExtension>
            <gpxtpx:hr>162</gpxtpx:hr>
          </gpxtpx:TrackPointExtension>
        </extensions>
      </trkpt>
      <trkpt lat="41.664546727435834" lon="123.44324917418064">
        <ele>46.81173407845199</ele>
        <time>2024-08-05T11:31:35Z</time>
      </trkpt>
      <trkpt lat="41.66444183529525" lon="123.44325392902816">
        <ele>46.78483029920608</ele>
        <time>2024-08-05T11:31:38Z</time>
        <extensions>
          <gpxtpx:TrackPointExtension>
            <gpxtpx:hr>163</gpxtpx:hr>
          </gpxtpx:TrackPointExtension>
        </extensions>
      </trkpt>
      <trkpt lat="41.66433534721415" lon="123.4432812632652">
        <ele>46.58280423562974</ele>
        <time>2024-08-05T11:31:42Z</time>
        <extensions>
          <gpxtpx:TrackPointExtension>
            <gpxtpx:hr>164</gpxtpx:hr>
          </gpxtpx:TrackPointExtension>
        </extensions>
      </trkpt>
      <trkpt lat="41.664222829966064" lon="123.4432855642095">
        <ele>47.11727203056216</ele>
        <time>2024-08-05T11:31:46Z</time>
        <extensions>
          <gpxtpx:TrackPointExtension>
            <gpxtpx:hr>165</gpxtpx:hr>
          </gpxtpx:TrackPointExtension>
        </extensions>
      </trkpt>
      <trkpt lat="41.66413244446374" lon="123.4432927063599">
        <ele>46.430295574478805</ele>
        <time>2024-08-05T11:31:49.999000Z</time>
        <extensions>
          <gpxtpx:TrackPointExtension>
            <gpxtpx:hr>165</gpxtpx:hr>
          </gpxtpx:TrackPointExtension>
        </extensions>
      </trkpt>
      <trkpt lat="41.66405241686191" lon="123.44334791606023">
        <ele>46.72938714269549</ele>
        <time>2024-08-05T11:31:58.999000Z</time>
        <extensions>
          <gpxtpx:TrackPointExtension>
            <gpxtpx:hr>165</gpxtpx:hr>
          </gpxtpx:TrackPointExtension>
        </extensions>
      </trkpt>
      <trkpt lat="41.66395895166993" lon="123.44333553648679">
        <ele>46.884583114646375</ele>
        <time>2024-08-05T11:32:01.999000Z</time>
      </trkpt>
      <trkpt lat="41.66385110901613" lon="123.44336336809118">
        <ele>46.489115859381855</ele>
        <time>2024-08-05T11:32:05.999000Z</time>
        <extensions>
          <gpxtpx:TrackPointExtension>
            <gpxtpx:hr>166</gpxtpx:hr>
          </gpxtpx:TrackPointExtension>
        </extensions>
      </trkpt>
      <trkpt lat="41.66373781976103" lon="123.44335354166017">
        <ele>47.23293719999492</ele>
        <time>2024-08-05T11:32:09.999000Z</time>
      </trkpt>
      <trkpt lat="41.66365128228606" lon="123.44330883375427">
        <ele>46.79445422254503</ele>
        <time>2024-08-05T11:32:12.999000Z</time>
        <extensions>
          <gpxtpx:TrackPointExtension>
            <gpxtpx:hr>168</gpxtpx:hr>
          </gpxtpx:TrackPointExtension>
        </extensions>
      </trkpt>
      <trkpt lat="41.66354356177694" lon="123.44329178480749">
        <ele>47.444176254794</ele>
        <time>2024-08-05T11:32:16.999000Z</time>
      </trkpt>
      <trkpt lat="41.6634367240225" lon="123.44328474583479">
        <ele>46.30480629298836</ele>
        <time>2024-08-05T11:32:20.999000Z</time>
        <extensions>
          <gpxtpx:TrackPointExtension>
            <gpxtpx:hr>165</gpxtpx:hr>
          </gpxtpx:TrackPointExtension>
        </extensions>
      </trkpt>
      <trkpt lat="41.663312223687186" lon="123.44327520753536">
        <ele>47.366571235470474</ele>
        <time>2024-08-05T11:32:24.999000Z</time>
      </trkpt>
      <trkpt lat="41.66321546811977" lon="123.44325838654756">
        <ele>47.912550947628915</ele>
        <time>2024-08-05T11:32:27.999000Z</time>
        <extensions>
          <gpxtpx:TrackPointExtension>
            <gpxtpx:hr>167</gpxtpx:hr>
          </gpxtpx:TrackPointExtension>
        </extensions>
      </trkpt>
      <trkpt lat="41.663113449044495" lon="123.44326683782474">
        <ele>47.04014134220779</ele>
        <time>2024-08-05T11:32:31.999000Z</time>
      </trkpt>
      <trkpt lat="41.66300051493022" lon="123.44324763782069">
        <ele>46.975190272554755</ele>
        <time>2024-08-05T11:32:35.999000Z</time>
        <extensions>
          <gpxtpx:TrackPointExtension>
            <gpxtpx:hr>168</gpxtpx:hr>
          </gpxtpx:TrackPointExtension>
        </extensions>
      </trkpt>
      <trkpt lat="41.662910336569716" lon="123.44323855395653">
        <ele>47.835146804340184</ele>
        <time>2024-08-05T11:32:38.999000Z</time>
        <extensions>
          <gpxtpx:TrackPointExtension>
            <gpxtpx:hr>168</gpxtpx:hr>
          </gpxtpx:TrackPointExtension>
        </extensions>
      </trkpt>
      <trkpt lat="41.6628037680874" lon="123.4432334168063">
        <ele>46.76093040313572</ele>
        <time>2024-08-05T11:32:42.999000Z</time>
        <extensions>
          <gpxtpx:TrackPointExtension>
            <gpxtpx:hr>170</gpxtpx:hr>
          </gpxtpx:TrackPointExtension>
        </extensions>
      </trkpt>
      <trkpt lat="41.662710265560015" lon="123.44324480632922">
        <ele>46.93974191695452</ele>
        <time>2024-08-05T11:32:45.999000Z</time>
      </trkpt>
      <trkpt lat="41.662594614065384" lon="123.44323378667373">
        <ele>47.16397453844547</ele>
        <time>2024-08-05T11:32:49.999000Z</time>
      </trkpt>
      <trkpt lat="41.66248076219241" lon="123.4432337461096">
        <ele>46.95298020541668</ele>
        <time>2024-08-05T11:32:53.999000Z</time>
        <extensions>
          <gpxtpx:TrackPointExtension>
            <gpxtpx:hr>171</gpxtpx:hr>
          </gpxtpx:TrackPointExtension>
        </extensions>
      </trkpt>
      <trkpt lat="41.662384878679624" lon="123.44322551246574">
        <ele>46.10093769058585</ele>
        <time>2024-08-05T11:32:56.999000Z</time>
        <extensions>
          <gpxtpx:TrackPointExtension>
            <gpxtpx:hr>172</gpxtpx:hr>
          </gpxtpx:TrackPointExtension>
        </extensions>
      </trkpt>
      <trkpt lat="41.662294430777514" lon="123.4432339423419">
        <ele>47.59356804005802</ele>
        <time>2024-08-05T11:32:59.999000Z</time>
      </trkpt>
      <trkpt lat="41.6621819739962" lon="123.44321899983017">
        <ele>46.81238237954676</ele>
        <time>2024-08-05T11:33:03.999000Z</time>
        <extensions>
          <gpxtpx:TrackPointExtension>
            <gpxtpx:hr>173</gpxtpx:hr>
          </gpxtpx:TrackPointExtension>
        </extensions>
      </trkpt>
      <trkpt lat="41.66206110701761" lon="123.44321758329643">
        <ele>46.669584271498024</ele>
        <time>2024-08-05T11:33:07.999000Z</time>
        <extensions>
          <gpxtpx:TrackPointExtension>
            <gpxtpx:hr>174</gpxtpx:hr>
          </gpxtpx:TrackPointExtension>
        </extensions>
      </trkpt>
      <trkpt lat="41.661969922883294" lon="123.44325047608314">
        <ele>46.43972269166261</ele>
        <time>2024-08-05T11:33:11.999000Z</time>
      </trkpt>
      <trkpt lat="41.661869922320705" lon="123.44321403947576">
        <ele>47.35403844807297</ele>
        <time>2024-08-05T11:33:15Z</time>
        <extensions>
          <gpxtpx:TrackPointExtension>
            <gpxtpx:hr>174</gpxtpx:hr>
          </gpxtpx:TrackPointExtension>
        </extensions>
      </trkpt>
      <trkpt lat="41.661752753611786" lon="123.44323275163836">
        <ele>47.64286055602133</ele>
        <time>2024-08-05T11:33:19Z</time>
      </trkpt>
      <trkpt lat="41.66165456088221" lon="123.44321968551303">
        <ele>46.94221591670066</ele>
        <time>2024-08-05T11:33:22Z</time>
        <extensions>
          <gpxtpx:TrackPointExtension>
            <gpxtpx:hr>175</gpxtpx:hr>
          </gpxtpx:TrackPointExtension>
        </extensions>
      </trkpt>
      <trkpt lat="41.66154410228283" lon="123.44322743385486">
        <ele>47.45924819819629</ele>
        <time>2024-08-05T11:33:26Z</time>
        <extensions>
          <gpxtpx:TrackPointExtension>
            <gpxtpx:hr>175</gpxtpx:hr>
          </gpxtpx:TrackPointExtension>
        </extensions>
      </trkpt>
      <trkpt lat="41.66144719528439" lon="123.44322175557495">
        <ele>46.400905864313245</ele>
        <time>2024-08-05T11:33:30Z</time>
      </trkpt>
      <trkpt lat="41.660915778830436" lon="123.44322804873472">
        <ele>47.69504633452743</ele>
        <time>2024-08-05T11:34:08.999000Z</time>
        <extensions>
          <gpxtpx:TrackPointExtension>
            <gpxtpx:hr>163</gpxtpx:hr>
          </gpxtpx:TrackPointExtension>
        </extensions>
      </trkpt>
      <trkpt lat="41.660901244844" lon="123.4432288544142">
        <ele>47.61254064925015</ele>
        <time>2024-08-05T11:34:09.999000Z</time>
        <extensions>
          <gpxtpx:TrackPointExtension>
            <gpxtpx:hr>161</gpxtpx:hr>
          </gpxtpx:TrackPointExtension>
        </extensions>
      </trkpt>
      <trkpt lat="41.6607954161083" lon="123.44322801014818">
        <ele>47.16641303244978</ele>
        <time>2024-08-05T11:34:15.999000Z</time>
        <extensions>
          <gpxtpx:TrackPointExtension>
            <gpxtpx:hr>159</gpxtpx:hr>
          </gpxtpx:TrackPointExtension>
        </extensions>
      </trkpt>
      <trkpt lat="41.66069322654445" lon="123.44320994136767">
        <ele>47.14000329002738</ele>
        <time>2024-08-05T11:34:19.999000Z</time>
        <extensions>
          <gpxtpx:TrackPointExtension>
            <gpxtpx:hr>159</gpxtpx:hr>
          </gpxtpx:TrackPointExtension>
        </extensions>
      </trkpt>
      <trkpt lat="41.66059629908784" lon="123.44319897389153">
        <ele>46.71600460354239</ele>
        <time>2024-08-05T11:34:22.999000Z</time>
      </trkpt>
      <trkpt lat="41.660482769154854" lon="123.44320902998317">
        <ele>46.94759768154472</ele>
        <time>2024-08-05T11:34:25.999000Z</time>
        <extensions>
          <gpxtpx:TrackPointExtension>
            <gpxtpx:hr>157</gpxtpx:hr>
          </gpxtpx:TrackPointExtension>
        </extensions>
      </trkpt>
      <trkpt lat="41.66038382562243" lon="123.44322034489616">
        <ele>47.02226196229458</ele>
        <time>2024-08-05T11:34:28.999000Z</time>
      </trkpt>
      <trkpt lat="41.66028149923057" lon="123.44321585325173">
        <ele>47.02612328156829</ele>
        <time>2024-08-05T11:34:31.999000Z</time>
        <extensions>
          <gpxtpx:TrackPointExtension>
            <gpxtpx:hr>158</gpxtpx:hr>
          </gpxtpx:TrackPointExtension>
        </extensions>
      </trkpt>
      <trkpt lat="41.660185671376404" lon="123.44322070272214">
        <ele>47.17062424030155</ele>
        <time>2024-08-05T11:34:34.999000Z</time>
        <extensions>
          <gpxtpx:TrackPointExtension>
            <gpxtpx:hr>159</gpxtpx:hr>
          </gpxtpx:TrackPointExtension>
        </extensions>
      </trkpt>
      <trkpt lat="41.66008818176825" lon="123.44321495708989">
        <ele>47.480343204922974</ele>
        <time>2024-08-05T11:34:37.999000Z</time>
      </trkpt>
      <trkpt lat="41.65999377191563" lon="123.44322890858676">
        <ele>47.18402511719614</ele>
        <time>2024-08-05T11:34:40.999000Z</time>
        <extensions>
          <gpxtpx:TrackPointExtension>
            <gpxtpx:hr>161</gpxtpx:hr>
          </gpxtpx:TrackPointExtension>
        </extensions>
      </trkpt>
      <trkpt lat="41.659872174463985" lon="123.44322609328306">
        <ele>48.38225783035159</ele>
        <time>2024-08-05T11:34:44.999000Z</time>
        <extensions>
          <gpxtpx:TrackPointExtension>
            <gpxtpx:hr>162</gpxtpx:hr>
          </gpxtpx:TrackPointExtension>
        </extensions>
      </trkpt>
      <trkpt lat="41.659780307288436" lon="123.44322021218152">
        <ele>47.52291939407587</ele>
        <time>2024-08-05T11:34:47.999000Z</time>
      </trkpt>
      <trkpt lat="41.6596685771437" lon="123.44320425372943">
        <ele>47.49753403570503</ele>
        <time>2024-08-05T11:34:51.999000Z</time>
        <extensions>
          <gpxtpx:TrackPointExtension>
            <gpxtpx:hr>166</gpxtpx:hr>
          </gpxtpx:TrackPointExtension>
        </extensions>
      </trkpt>
      <trkpt lat="41.659548569708676" lon="123.44320578970682">
        <ele>48.30317503679544</ele>
        <time>2024-08-05T11:34:55.999000Z</time>
        <extensions>
          <gpxtpx:TrackPointExtension>
            <gpxtpx:hr>168</gpxtpx:hr>
          </gpxtpx:TrackPointExtension>
        </extensions>
      </trkpt>
      <trkpt lat="41.65942838411463" lon="123.44319602506847">
        <ele>48.06628712173551</ele>
        <time>2024-08-05T11:34:59.999000Z</time>
        <extensions>
          <gpxtpx:TrackPointExtension>
            <gpxtpx:hr>168</gpxtpx:hr>
          </gpxtpx:TrackPointExtension>
        </extensions>
      </trkpt>
      <trkpt lat="41.65931317406449" lon="123.4432150784929">
        <ele>48.048484715633094</ele>
        <time>2024-08-05T11:35:03.999000Z</time>
      </trkpt>
      <trkpt lat="41.659194855669625" lon="123.4432187903939">
        <ele>47.80491596646607</ele>
        <time>2024-08-05T11:35:07.999000Z</time>
        <extensions>
          <gpxtpx:TrackPointExtension>
            <gpxtpx:hr>171</gpxtpx:hr>
          </gpxtpx:TrackPointExtension>
        </extensions>
      </trkpt>
      <trkpt lat="41.65909630309601" lon="123.44320285343429">
        <ele>46.44901099521667</ele>
        <time>2024-08-05T11:35:10.999000Z</time>
      </trkpt>
      <trkpt lat="41.65898433481435" lon="123.4432099007373">
        <ele>46.34581875335425</ele>
        <time>2024-08-05T11:35:14.999000Z</time>
        <extensions>
          <gpxtpx:TrackPointExtension>
            <gpxtpx:hr>173</gpxtpx:hr>
          </gpxtpx:TrackPointExtension>
        </extensions>
      </trkpt>
      <trkpt lat="41.65889456189251" lon="123.44322181495876">
        <ele>46.15263813082129</ele>
        <time>2024-08-05T11:35:17.999000Z</time>
        <extensions>
          <gpxtpx:TrackPointExtension>
            <gpxtpx:hr>172</gpxtpx:hr>
          </gpxtpx:TrackPointExtension>
        </extensions>
      </trkpt>
      <trkpt lat="41.65880232952165" lon="123.44320515897579">
        <ele>47.352469054050744</ele>
        <time>2024-08-05T11:35:21Z</time>
      </trkpt>
      <trkpt lat="41.658684748864985" lon="123.4431867829015">
        <ele>46.941760532557964</ele>
        <time>2024-08-05T11:35:25Z</time>
        <extensions>
          <gpxtpx:TrackPointExtension>
            <gpxtpx:hr>173</gpxtpx:hr>
          </gpxtpx:TrackPointExtension>
        </extensions>
      </trkpt>
      <trkpt lat="41.65857766283315" lon="123.44318369245505">
        <ele>47.67173309251666</ele>
        <time>2024-08-05T11:35:28Z</time>
      </trkpt>
      <trkpt lat="41.65848737637331" lon="123.44316204234366">
        <ele>47.321688594296575</ele>
        <time>2024-08-05T11:35:32Z</time>
        <extensions>
          <gpxtpx:TrackPointExtension>
            <gpxtpx:hr>173</gpxtpx:hr>
          </gpxtpx:TrackPointExtension>
        </extensions>
      </trkpt>
      <trkpt lat="41.65838677795327" lon="123.44318919979567">
        <ele>47.33299419749528</ele>
        <time>2024-08-05T11:35:35Z</time>
      </trkpt>
      <trkpt lat="41.6582721672954" lon="123.44316629122551">
        <ele>48.07552728615701</ele>
        <time>2024-08-05T11:35:39Z</time>
        <extensions>
          <gpxtpx:TrackPointExtension>
            <gpxtpx:hr>176</gpxtpx:hr>
          </gpxtpx:TrackPointExtension>
        </extensions>
      </trkpt>
      <trkpt lat="41.65816856179709" lon="123.44316202321208">
        <ele>49.101151023991406</ele>
        <time>2024-08-05T11:35:43Z</time>
      </trkpt>
      <trkpt lat="41.658068008483234" lon="123.44316691526973">
        <ele>46.7330493144691</ele>
        <time>2024-08-05T11:35:46Z</time>
        <extensions>
          <gpxtpx:TrackPointExtension>
            <gpxtpx:hr>176</gpxtpx:hr>
          </gpxtpx:TrackPointExtension>
        </extensions>
      </trkpt>
      <trkpt lat="41.65795589372519" lon="123.44318034547568">
        <ele>48.094992517493665</ele>
        <time>2024-08-05T11:35:50Z</time>
        <extensions>
          <gpxtpx:TrackPointExtension>
            <gpxtpx:hr>176</gpxtpx:hr>
          </gpxtpx:TrackPointExtension>
        </extensions>
      </trkpt>
      <trkpt lat="41.65786710199596" lon="123.44320158385841">
        <ele>45.56648934073746</ele>
        <time>2024-08-05T11:35:53Z</time>
      </trkpt>
      <trkpt lat="41.65777411027836" lon="123.44317722986426">
        <ele>46.56807382032275</ele>
        <time>2024-08-05T11:35:56Z</time>
        <extensions>
          <gpxtpx:TrackPointExtension>
            <gpxtpx:hr>177</gpxtpx:hr>
          </gpxtpx:TrackPointExtension>
        </extensions>
      </trkpt>
      <trkpt lat="41.65765924857979" lon="123.44319209232482">
        <ele>46.49891424737871</ele>
        <time>2024-08-05T11:36:00Z</time>
        <extensions>
          <gpxtpx:TrackPointExtension>
            <gpxtpx:hr>177</gpxtpx:hr>
          </gpxtpx:TrackPointExtension>
        </extensions>
      </trkpt>
      <trkpt lat="41.65756629692489" lon="123.44319361489818">
        <ele>45.83198174089193</ele>
        <time>2024-08-05T11:36:04Z</time>
        <extensions>
          <gpxtpx:TrackPointExtension>
            <gpxtpx:hr>177</gpxtpx:hr>
          </gpxtpx:TrackPointExtension>
        </extensions>
      </trkpt>
      <trkpt lat="41.656979234911326" lon="123.44317427127687">
        <ele>46.34144930541515</ele>
        <time>2024-08-05T11:36:48.999000Z</time>
        <extensions>
          <gpxtpx:TrackPointExtension>
            <gpxtpx:hr>162</gpxtpx:hr>
          </gpxtpx:TrackPointExtension>
        </extensions>
      </trkpt>
      <trkpt lat="41.656888517622036" lon="123.44317465636551">
        <ele>46.78370963409543</ele>
        <time>2024-08-05T11:36:54.999000Z</time>
        <extensions>
          <gpxtpx:TrackPointExtension>
            <gpxtpx:hr>159</gpxtpx:hr>
          </gpxtpx:TrackPointExtension>
        </extensions>
      </trkpt>
      <trkpt lat="41.656767269898054" lon="123.44315718461847">
        <ele>46.60277396347374</ele>
        <time>2024-08-05T11:36:59.999000Z</time>
        <extensions>
          <gpxtpx:TrackPointExtension>
            <gpxtpx:hr>157</gpxtpx:hr>
          </gpxtpx:TrackPointExtension>
        </extensions>
      </trkpt>
      <trkpt lat="41.65664415603504" lon="123.44317016186102">
        <ele>48.03527279384434</ele>
        <time>2024-08-05T11:37:02.999000Z</time>
      </trkpt>
      <trkpt lat="41.656540779023764" lon="123.44317141984034">
        <ele>47.81869441643357</ele>
        <time>2024-08-05T11:37:05.999000Z</time>
        <extensions>
          <gpxtpx:TrackPointExtension>
            <gpxtpx:hr>157</gpxtpx:hr>
          </gpxtpx:TrackPointExtension>
        </extensions>
      </trkpt>
      <trkpt lat="41.656419986425945" lon="123.44317280024168">
        <ele>47.42049923352897</ele>
        <time>2024-08-05T11:37:09.999000Z</time>
        <extensions>
          <gpxtpx:TrackPointExtension>
            <gpxtpx:hr>158</gpxtpx:hr>
          </gpxtpx:TrackPointExtension>
        </extensions>
      </trkpt>
      <trkpt lat="41.65630080834538" lon="123.44318265242532">
        <ele>47.84934102650732</ele>
        <time>2024-08-05T11:37:13.999000Z</time>
        <extensions>
          <gpxtpx:TrackPointExtension>
            <gpxtpx:hr>160</gpxtpx:hr>
          </gpxtpx:TrackPointExtension>
        </extensions>
      </trkpt>
      <trkpt lat="41.656185108353114" lon="123.4431867532764">
        <ele>48.25013868138194</ele>
        <time>2024-08-05T11:37:17.999000Z</time>
      </trkpt>
      <trkpt lat="41.65609076585895" lon="123.44317201803841">
        <ele>47.72822197526693</ele>
        <time>2024-08-05T11:37:20.999000Z</time>
        <extensions>
          <gpxtpx:TrackPointExtension>
            <gpxtpx:hr>162</gpxtpx:hr>
          </gpxtpx:TrackPointExtension>
        </extensions>
      </trkpt>
      <trkpt lat="41.655999226607555" lon="123.44318060174885">
        <ele>47.98902674764395</ele>
        <time>2024-08-05T11:37:23.999000Z</time>
        <extensions>
          <gpxtpx:TrackPointExtension>
            <gpxtpx:hr>163</gpxtpx:hr>
          </gpxtpx:TrackPointExtension>
        </extensions>
      </trkpt>
      <trkpt lat="41.65587896278316" lon="123.44318704266357">
        <ele>47.91327600274235</ele>
        <time>2024-08-05T11:37:28Z</time>
      </trkpt>
      <trkpt lat="41.65576660234784" lon="123.4431867485329">
        <ele>47.87335806619376</ele>
        <time>2024-08-05T11:37:32Z</time>
        <extensions>
          <gpxtpx:TrackPointExtension>
            <gpxtpx:hr>166</gpxtpx:hr>
          </gpxtpx:TrackPointExtension>
        </extensions>
      </trkpt>
      <trkpt lat="41.65564794778374" lon="123.44318110540495">
        <ele>48.294214049354196</ele>
        <time>2024-08-05T11:37:36Z</time>
      </trkpt>
      <trkpt lat="41.655544862649066" lon="123.44318008628795">
        <ele>47.966493451967835</ele>
        <time>2024-08-05T11:37:40Z</time>
      </trkpt>
      <trkpt lat="41.65542719172866" lon="123.44318351654803">
        <ele>47.41638483572751</ele>
        <time>2024-08-05T11:37:44Z</time>
        <extensions>
          <gpxtpx:TrackPointExtension>
            <gpxtpx:hr>169</gpxtpx:hr>
          </gpxtpx:TrackPointExtension>
        </extensions>
      </trkpt>
      <trkpt lat="41.65532184485767" lon="123.44317319862148">
        <ele>47.72228667233139</ele>
        <time>2024-08-05T11:37:48Z</time>
      </trkpt>
      <trkpt lat="41.65456400735422" lon="123.44335943456062">
        <ele>47.54220575187355</ele>
        <time>2024-08-05T11:38:45.999000Z</time>
        <extensions>
          <gpxtpx:TrackPointExtension>
            <gpxtpx:hr>150</gpxtpx:hr>
          </gpxtpx:TrackPointExtension>
        </extensions>
      </trkpt>
      <trkpt lat="41.65455206940223" lon="123.44335233295477">
        <ele>47.73452182672918</ele>
        <time>2024-08-05T11:38:46.999000Z</time>
      </trkpt>
      <trkpt lat="41.65447536821794" lon="123.44328607568629">
        <ele>48.163890331983566</ele>
        <time>2024-08-05T11:38:51.999000Z</time>
        <extensions>
          <gpxtpx:TrackPointExtension>
            <gpxtpx:hr>150</gpxtpx:hr>
          </gpxtpx:TrackPointExtension>
        </extensions>
      </trkpt>
      <trkpt lat="41.65438697588562" lon="123.44320302369646">
        <ele>47.02881125546992</ele>
        <time>2024-08-05T11:38:56.999000Z</time>
        <extensions>
          <gpxtpx:TrackPointExtension>
            <gpxtpx:hr>151</gpxtpx:hr>
          </gpxtpx:TrackPointExtension>
        </extensions>
      </trkpt>
      <trkpt lat="41.65427546643784" lon="123.44315116230246">
        <ele>46.620367255061865</ele>
        <time>2024-08-05T11:38:59.999000Z</time>
        <extensions>
          <gpxtpx:TrackPointExtension>
            <gpxtpx:hr>152</gpxtpx:hr>
          </gpxtpx:TrackPointExtension>
        </extensions>
      </trkpt>
      <trkpt lat="41.65415785954931" lon="123.44312888912448">
        <ele>49.1674734512344</ele>
        <time>2024-08-05T11:39:02.999000Z</time>
      </trkpt>
      <trkpt lat="41.65406095948001" lon="123.44310723049774">
        <ele>47.67054758686572</ele>
        <time>2024-08-05T11:39:05.999000Z</time>
        <extensions>
          <gpxtpx:TrackPointExtension>
            <gpxtpx:hr>154</gpxtpx:hr>
          </gpxtpx:TrackPointExtension>
        </extensions>
      </trkpt>
      <trkpt lat="41.65396382862763" lon="123.44311619527828">
        <ele>48.88604059629142</ele>
        <time>2024-08-05T11:39:08.999000Z</time>
      </trkpt>
      <trkpt lat="41.6538683739791" lon="123.44311069807662">
        <ele>47.17367968522012</ele>
        <time>2024-08-05T11:39:11.999000Z</time>
        <extensions>
          <gpxtpx:TrackPointExtension>
            <gpxtpx:hr>157</gpxtpx:hr>
          </gpxtpx:TrackPointExtension>
        </extensions>
      </trkpt>
      <trkpt lat="41.65374892526316" lon="123.44309106302084">
        <ele>47.93840160779655</ele>
        <time>2024-08-05T11:39:15.999000Z</time>
        <extensions>
          <gpxtpx:TrackPointExtension>
            <gpxtpx:hr>159</gpxtpx:hr>
          </gpxtpx:TrackPointExtension>
        </extensions>
      </trkpt>
      <trkpt lat="41.65363411915478" lon="123.44309025811427">
        <ele>49.45993181783706</ele>
        <time>2024-08-05T11:39:19.999000Z</time>
        <extensions>
          <gpxtpx:TrackPointExtension>
            <gpxtpx:hr>161</gpxtpx:hr>
          </gpxtpx:TrackPointExtension>
        </extensions>
      </trkpt>
      <trkpt lat="41.653517441764365" lon="123.44307163837166">
        <ele>49.2384330900386</ele>
        <time>2024-08-05T11:39:23.999000Z</time>
        <extensions>
          <gpxtpx:TrackPointExtension>
            <gpxtpx:hr>162</gpxtpx:hr>
          </gpxtpx:TrackPointExtension>
        </extensions>
      </trkpt>
      <trkpt lat="41.65340393040227" lon="123.44306714035568">
        <ele>48.592308558523655</ele>
        <time>2024-08-05T11:39:27.999000Z</time>
        <extensions>
          <gpxtpx:TrackPointExtension>
            <gpxtpx:hr>163</gpxtpx:hr>
          </gpxtpx:TrackPointExtension>
        </extensions>
      </trkpt>
      <trkpt lat="41.653312693249326" lon="123.44306054520584">
        <ele>47.50975559093058</ele>
        <time>2024-08-05T11:39:30.999000Z</time>
      </trkpt>
      <trkpt lat="41.65321982283471" lon="123.44306374547423">
        <ele>50.142360063269734</ele>
        <time>2024-08-05T11:39:34Z</time>
        <extensions>
          <gpxtpx:TrackPointExtension>
            <gpxtpx:hr>165</gpxtpx:hr>
          </gpxtpx:TrackPointExtension>
        </extensions>
      </trkpt>
      <trkpt lat="41.65312728186591" lon="123.44306585500341">
        <ele>48.95867776684463</ele>
        <time>2024-08-05T11:39:37Z</time>
      </trkpt>
      <trkpt lat="41.65301890469327" lon="123.4430699472643">
        <ele>47.0127117279917</ele>
        <time>2024-08-05T11:39:41Z</time>
        <extensions>
          <gpxtpx:TrackPointExtension>
            <gpxtpx:hr>167</gpxtpx:hr>
          </gpxtpx:TrackPointExtension>
        </extensions>
      </trkpt>
      <trkpt lat="41.652898817916345" lon="123.44307030177801">
        <ele>48.53678695112467</ele>
        <time>2024-08-05T11:39:45Z</time>
        <extensions>
          <gpxtpx:TrackPointExtension>
            <gpxtpx:hr>168</gpxtpx:hr>
          </gpxtpx:TrackPointExtension>
        </extensions>
      </trkpt>
      <trkpt lat="41.65279288739411" lon="123.44303403301868">
        <ele>47.77830552589148</ele>
        <time>2024-08-05T11:39:49Z</time>
      </trkpt>
      <trkpt lat="41.652681855904774" lon="123.44302528496783">
        <ele>47.821707599796355</ele>
        <time>2024-08-05T11:39:53Z</time>
        <extensions>
          <gpxtpx:TrackPointExtension>
            <gpxtpx:hr>169</gpxtpx:hr>
          </gpxtpx:TrackPointExtension>
        </extensions>
      </trkpt>
      <trkpt lat="41.652576186526225" lon="123.44302108646258">
        <ele>47.56795705854893</ele>
        <time>2024-08-05T11:39:57Z</time>
        <extensions>
          <gpxtpx:TrackPointExtension>
            <gpxtpx:hr>169</gpxtpx:hr>
          </gpxtpx:TrackPointExtension>
        </extensions>
      </trkpt>
      <trkpt lat="41.65247954707869" lon="123.44303643674631">
        <ele>47.47565661929548</ele>
        <time>2024-08-05T11:40:00Z</time>
      </trkpt>
      <trkpt lat="41.65236074944504" lon="123.44301387704893">
        <ele>47.665677648968995</ele>
        <time>2024-08-05T11:40:04Z</time>
      </trkpt>
      <trkpt lat="41.652242721322" lon="123.44302337412583">
        <ele>46.88646675273776</ele>
        <time>2024-08-05T11:40:08Z</time>
        <extensions>
          <gpxtpx:TrackPointExtension>
            <gpxtpx:hr>171</gpxtpx:hr>
          </gpxtpx:TrackPointExtension>
        </extensions>
      </trkpt>
      <trkpt lat="41.65215071179279" lon="123.44304394080281">
        <ele>47.73120257817209</ele>
        <time>2024-08-05T11:40:14Z</time>
        <extensions>
          <gpxtpx:TrackPointExtension>
            <gpxtpx:hr>173</gpxtpx:hr>
          </gpxtpx:TrackPointExtension>
        </extensions>
      </trkpt>
      <trkpt lat="41.65211459651047" lon="123.44315692245489">
        <time>2024-08-05T11:40:22.999000Z</time>
        <extensions>
          <gpxtpx:TrackPointExtension>
            <gpxtpx:hr>174</gpxtpx:hr>
          </gpxtpx:TrackPointExtension>
        </extensions>
      </trkpt>
    </trkseg>
  </trk>
</gpx>