<?xml version="1.0" encoding="UTF-8"?>
<gpx xmlns="http://www.topografix.com/GPX/1/1" xmlns:gpxtpx="http://www.garmin.com/xmlschemas/TrackPointExtension/v1" xmlns:xsi="http://www.w3.org/2001/XMLSchema-instance" xsi:schemaLocation="http://www.topografix.com/GPX/1/1 http://www.topografix.com/GPX/1/1/gpx.xsd" version="1.1" creator="gpx.py -- https://github.com/tkrajina/gpxpy">
  <trk>
    <name>Saturday Morning Run</name>
    <trkseg>
      <trkpt lat="41.74528605723989" lon="123.43098181490402">
        <time>2025-06-06T22:05:44.981000Z</time>
      </trkpt>
      <trkpt lat="41.745207870734106" lon="123.43091790307963">
        <time>2025-06-06T22:05:49.981000Z</time>
        <extensions>
          <gpxtpx:TrackPointExtension>
            <gpxtpx:hr>156</gpxtpx:hr>
          </gpxtpx:TrackPointExtension>
        </extensions>
      </trkpt>
      <trkpt lat="41.7451173027333" lon="123.43087724564931">
        <time>2025-06-06T22:05:55.981000Z</time>
      </trkpt>
      <trkpt lat="41.74507389608657" lon="123.43076604087611">
        <time>2025-06-06T22:06:01.981000Z</time>
      </trkpt>
      <trkpt lat="41.74503628533388" lon="123.43062748313329">
        <time>2025-06-06T22:06:06.981000Z</time>
        <extensions>
          <gpxtpx:TrackPointExtension>
            <gpxtpx:hr>158</gpxtpx:hr>
          </gpxtpx:TrackPointExtension>
        </extensions>
      </trkpt>
      <trkpt lat="41.744990499968054" lon="123.43051049521851">
        <time>2025-06-06T22:06:11.981000Z</time>
        <extensions>
          <gpxtpx:TrackPointExtension>
            <gpxtpx:hr>158</gpxtpx:hr>
          </gpxtpx:TrackPointExtension>
        </extensions>
      </trkpt>
      <trkpt lat="41.744945885604864" lon="123.43039817868684">
        <time>2025-06-06T22:06:14.981000Z</time>
      </trkpt>
      <trkpt lat="41.74488290016073" lon="123.43027261346943">
        <time>2025-06-06T22:06:18.981000Z</time>
        <extensions>
          <gpxtpx:TrackPointExtension>
            <gpxtpx:hr>153</gpxtpx:hr>
          </gpxtpx:TrackPointExtension>
        </extensions>
      </trkpt>
      <trkpt lat="41.74483436732194" lon="123.43016367654384">
        <time>2025-06-06T22:06:22.981000Z</time>
        <extensions>
          <gpxtpx:TrackPointExtension>
            <gpxtpx:hr>155</gpxtpx:hr>
          </gpxtpx:TrackPointExtension>
        </extensions>
      </trkpt>
      <trkpt lat="41.74477342187586" lon="123.43004819665623">
        <time>2025-06-06T22:06:26.981000Z</time>
      </trkpt>
      <trkpt lat="41.744728197359066" lon="123.42993714220755">
        <time>2025-06-06T22:06:30.981000Z</time>
        <extensions>
          <gpxtpx:TrackPointExtension>
            <gpxtpx:hr>151</gpxtpx:hr>
          </gpxtpx:TrackPointExtension>
        </extensions>
      </trkpt>
      <trkpt lat="41.74465748981096" lon="123.4297680299288">
        <ele>45.63319247390974</ele>
        <time>2025-06-06T22:06:35.981000Z</time>
      </trkpt>
      <trkpt lat="41.74462489123803" lon="123.42963755333871">
        <time>2025-06-06T22:06:40.981000Z</time>
        <extensions>
          <gpxtpx:TrackPointExtension>
            <gpxtpx:hr>152</gpxtpx:hr>
          </gpxtpx:TrackPointExtension>
        </extensions>
      </trkpt>
      <trkpt lat="41.744579142204955" lon="123.42953385858465">
        <time>2025-06-06T22:06:43.981000Z</time>
      </trkpt>
      <trkpt lat="41.744565547466784" lon="123.42940200540774">
        <ele>45.39712365437299</ele>
        <time>2025-06-06T22:06:47.981000Z</time>
      </trkpt>
      <trkpt lat="41.7445074364373" lon="123.4292726487">
        <time>2025-06-06T22:06:52.981000Z</time>
      </trkpt>
      <trkpt lat="41.74446064795424" lon="123.42914704899802">
        <time>2025-06-06T22:06:57.981000Z</time>
      </trkpt>
      <trkpt lat="41.74440013363882" lon="123.42902780336104">
        <time>2025-06-06T22:07:01.981000Z</time>
      </trkpt>
      <trkpt lat="41.74432649616959" lon="123.4289119573876">
        <time>2025-06-06T22:07:06.981000Z</time>
      </trkpt>
      <trkpt lat="41.74425831164127" lon="123.42881302247588">
        <time>2025-06-06T22:07:10.981000Z</time>
      </trkpt>
      <trkpt lat="41.744201014055015" lon="123.42869706259879">
        <ele>43.62338057812303</ele>
        <time>2025-06-06T22:07:13.981000Z</time>
      </trkpt>
      <trkpt lat="41.74417099833882" lon="123.42856781716647">
        <ele>44.630006537772715</ele>
        <time>2025-06-06T22:07:15.981000Z</time>
      </trkpt>
      <trkpt lat="41.74411428372469" lon="123.42844278704487">
        <time>2025-06-06T22:07:20.981000Z</time>
      </trkpt>
      <trkpt lat="41.744059664234534" lon="123.42830935030878">
        <ele>41.52172688394785</ele>
        <time>2025-06-06T22:07:24.002000Z</time>
      </trkpt>
      <trkpt lat="41.744023235703125" lon="123.42817253563766">
        <ele>42.89493937138468</ele>
        <time>2025-06-06T22:07:28.002000Z</time>
      </trkpt>
      <trkpt lat="41.74396041739288" lon="123.42807061313388">
        <ele>44.085661669261754</ele>
        <time>2025-06-06T22:07:32.002000Z</time>
      </trkpt>
      <trkpt lat="41.743913835674554" lon="123.42796272540286">
        <ele>46.70965326670557</ele>
        <time>2025-06-06T22:07:36.002000Z</time>
      </trkpt>
      <trkpt lat="41.74385602555157" lon="123.42785193879637">
        <ele>47.95143490843475</ele>
        <time>2025-06-06T22:07:40.002000Z</time>
      </trkpt>
      <trkpt lat="41.74380261104189" lon="123.4277472458623">
        <ele>49.48092751670629</ele>
        <time>2025-06-06T22:07:44.002000Z</time>
      </trkpt>
      <trkpt lat="41.743802136871956" lon="123.42762238801127">
        <ele>51.13419197592884</ele>
        <time>2025-06-06T22:07:48.002000Z</time>
      </trkpt>
      <trkpt lat="41.743788789349864" lon="123.42746426929165">
        <ele>51.13018954079598</ele>
        <time>2025-06-06T22:07:53.001000Z</time>
      </trkpt>
      <trkpt lat="41.74376374287693" lon="123.4273356806671">
        <ele>51.011446837335825</ele>
        <time>2025-06-06T22:07:57.001000Z</time>
      </trkpt>
      <trkpt lat="41.74374479444334" lon="123.42718666136226">
        <ele>51.475760711357</ele>
        <time>2025-06-06T22:08:02.001000Z</time>
      </trkpt>
      <trkpt lat="41.74370202170208" lon="123.4270676835836">
        <ele>51.688604483380914</ele>
        <time>2025-06-06T22:08:06Z</time>
      </trkpt>
      <trkpt lat="41.74370168308745" lon="123.42693044025346">
        <ele>50.110410407185555</ele>
        <time>2025-06-06T22:08:10Z</time>
      </trkpt>
      <trkpt lat="41.7436801329498" lon="123.42679836378127">
        <ele>49.581493735313416</ele>
        <time>2025-06-06T22:08:14Z</time>
      </trkpt>
      <trkpt lat="41.74367838708782" lon="123.42666077375621">
        <ele>50.02208192367107</ele>
        <time>2025-06-06T22:08:18Z</time>
      </trkpt>
      <trkpt lat="41.74365322603934" lon="123.42654434379845">
        <ele>50.82947075739503</ele>
        <time>2025-06-06T22:08:21Z</time>
      </trkpt>
      <trkpt lat="41.74364191879899" lon="123.42641763290958">
        <ele>50.49619097262621</ele>
        <time>2025-06-06T22:08:25Z</time>
      </trkpt>
      <trkpt lat="41.74363746797987" lon="123.4262705776007">
        <ele>49.642100376076996</ele>
        <time>2025-06-06T22:08:29Z</time>
      </trkpt>
      <trkpt lat="41.74364288176346" lon="123.4261326260278">
        <ele>49.13852026220411</ele>
        <time>2025-06-06T22:08:33Z</time>
      </trkpt>
      <trkpt lat="41.74363092977392" lon="123.42599052685362">
        <ele>48.641952000558376</ele>
        <time>2025-06-06T22:08:38Z</time>
      </trkpt>
      <trkpt lat="41.743609270034874" lon="123.42587204149179">
        <ele>50.22730235848576</ele>
        <time>2025-06-06T22:08:41Z</time>
      </trkpt>
      <trkpt lat="41.74360508108814" lon="123.42574540297892">
        <ele>49.65585912950337</ele>
        <time>2025-06-06T22:08:45Z</time>
      </trkpt>
      <trkpt lat="41.74359502770979" lon="123.42561777466382">
        <ele>50.4125012550503</ele>
        <time>2025-06-06T22:08:49Z</time>
      </trkpt>
      <trkpt lat="41.74359780936624" lon="123.42548953668782">
        <ele>49.09200253896415</ele>
        <time>2025-06-06T22:08:53Z</time>
      </trkpt>
      <trkpt lat="41.74359108847452" lon="123.42535350810947">
        <ele>49.625266277231276</ele>
        <time>2025-06-06T22:08:58Z</time>
      </trkpt>
      <trkpt lat="41.74358419790685" lon="123.42521548997154">
        <ele>50.0584385804832</ele>
        <time>2025-06-06T22:09:02Z</time>
      </trkpt>
      <trkpt lat="41.74359122747387" lon="123.42508224537401">
        <ele>50.56590682454407</ele>
        <time>2025-06-06T22:09:06Z</time>
      </trkpt>
      <trkpt lat="41.743575714274044" lon="123.42496119264511">
        <ele>49.057142303325236</ele>
        <time>2025-06-06T22:09:09Z</time>
      </trkpt>
      <trkpt lat="41.74357362501009" lon="123.42481485182132">
        <ele>48.356421121396124</ele>
        <time>2025-06-06T22:09:13Z</time>
      </trkpt>
      <trkpt lat="41.74357065709955" lon="123.42468543542425">
        <ele>48.184130429290235</ele>
        <time>2025-06-06T22:09:17Z</time>
      </trkpt>
      <trkpt lat="41.74356051436403" lon="123.42456383923712">
        <ele>48.336848557926714</ele>
        <time>2025-06-06T22:09:21Z</time>
      </trkpt>
      <trkpt lat="41.743549503921265" lon="123.42443736282358">
        <ele>48.08478474058211</ele>
        <time>2025-06-06T22:09:25Z</time>
      </trkpt>
      <trkpt lat="41.74355340509739" lon="123.42429435204743">
        <ele>49.17051893658936</ele>
        <time>2025-06-06T22:09:29Z</time>
      </trkpt>
      <trkpt lat="41.743557042606724" lon="123.42414444151328">
        <ele>48.69840619992465</ele>
        <time>2025-06-06T22:09:33Z</time>
      </trkpt>
      <trkpt lat="41.743545794610526" lon="123.42400461621465">
        <ele>48.719003135338426</ele>
        <time>2025-06-06T22:09:38Z</time>
      </trkpt>
      <trkpt lat="41.743574880100255" lon="123.42388107411014">
        <ele>48.850009999237955</ele>
        <time>2025-06-06T22:09:42Z</time>
      </trkpt>
      <trkpt lat="41.74357220250687" lon="123.42375015413279">
        <ele>49.15465540159494</ele>
        <time>2025-06-06T22:09:46Z</time>
      </trkpt>
      <trkpt lat="41.743607279786175" lon="123.42362230089871">
        <ele>48.67523125745356</ele>
        <time>2025-06-06T22:09:50Z</time>
      </trkpt>
      <trkpt lat="41.74361848009659" lon="123.42349470241233">
        <ele>48.47020956873894</ele>
        <time>2025-06-06T22:09:54Z</time>
      </trkpt>
      <trkpt lat="41.74363775353868" lon="123.4233512697242">
        <ele>49.18404184188694</ele>
        <time>2025-06-06T22:09:58Z</time>
      </trkpt>
      <trkpt lat="41.74365197127269" lon="123.42322656618663">
        <ele>48.91511571779847</ele>
        <time>2025-06-06T22:10:02Z</time>
      </trkpt>
      <trkpt lat="41.743673134526055" lon="123.42308549545065">
        <ele>48.177376304753125</ele>
        <time>2025-06-06T22:10:06Z</time>
      </trkpt>
      <trkpt lat="41.74370208898351" lon="123.4229446707086">
        <ele>47.51052888762206</ele>
        <time>2025-06-06T22:10:09.999000Z</time>
      </trkpt>
      <trkpt lat="41.74374358003028" lon="123.42279260010594">
        <ele>48.4636136861518</ele>
        <time>2025-06-06T22:10:13.999000Z</time>
      </trkpt>
      <trkpt lat="41.743793582046386" lon="123.42267262351405">
        <ele>48.619571167975664</ele>
        <time>2025-06-06T22:10:17.999000Z</time>
      </trkpt>
      <trkpt lat="41.74382797547909" lon="123.42255590515894">
        <ele>49.554191461764276</ele>
        <time>2025-06-06T22:10:20.999000Z</time>
      </trkpt>
      <trkpt lat="41.74386699854234" lon="123.42242868023897">
        <ele>49.176141526550055</ele>
        <time>2025-06-06T22:10:24.998000Z</time>
      </trkpt>
      <trkpt lat="41.743884547743" lon="123.42230631176592">
        <ele>50.0619657356292</ele>
        <time>2025-06-06T22:10:28.998000Z</time>
      </trkpt>
      <trkpt lat="41.74393707361914" lon="123.42218082493252">
        <ele>50.75411094352603</ele>
        <time>2025-06-06T22:10:32.998000Z</time>
      </trkpt>
      <trkpt lat="41.74398099106555" lon="123.42205620004478">
        <ele>51.374371769838035</ele>
        <time>2025-06-06T22:10:36.998000Z</time>
      </trkpt>
      <trkpt lat="41.74404146943158" lon="123.42193793983677">
        <ele>51.29489282052964</ele>
        <time>2025-06-06T22:10:40.998000Z</time>
      </trkpt>
      <trkpt lat="41.744072751075876" lon="123.42182283947712">
        <ele>51.49895028676838</ele>
        <time>2025-06-06T22:10:44.998000Z</time>
      </trkpt>
      <trkpt lat="41.74411259911543" lon="123.42168343176832">
        <ele>48.842395030893385</ele>
        <time>2025-06-06T22:10:48.998000Z</time>
      </trkpt>
      <trkpt lat="41.74415016260253" lon="123.42154754460327">
        <ele>48.77223282959312</ele>
        <time>2025-06-06T22:10:52.998000Z</time>
      </trkpt>
      <trkpt lat="41.74419988966752" lon="123.42141413620517">
        <ele>46.66638352535665</ele>
        <time>2025-06-06T22:10:56.998000Z</time>
      </trkpt>
      <trkpt lat="41.744236809832174" lon="123.42128453614286">
        <ele>47.40532536432147</ele>
        <time>2025-06-06T22:11:00.998000Z</time>
      </trkpt>
      <trkpt lat="41.74429711758565" lon="123.42115004464657">
        <ele>46.38803266827017</ele>
        <time>2025-06-06T22:11:04.998000Z</time>
      </trkpt>
      <trkpt lat="41.744344554076434" lon="123.42103036582013">
        <ele>45.74347048997879</ele>
        <time>2025-06-06T22:11:08.998000Z</time>
      </trkpt>
      <trkpt lat="41.744410591428874" lon="123.42089390570341">
        <ele>46.92059593368322</ele>
        <time>2025-06-06T22:11:12.998000Z</time>
      </trkpt>
      <trkpt lat="41.744454365217074" lon="123.42077755594559">
        <ele>47.204606637358665</ele>
        <time>2025-06-06T22:11:16.998000Z</time>
      </trkpt>
      <trkpt lat="41.744478257115965" lon="123.42065442740459">
        <ele>46.087703733704984</ele>
        <time>2025-06-06T22:11:20.998000Z</time>
      </trkpt>
      <trkpt lat="41.74451730887002" lon="123.420524677672">
        <ele>46.55213851109147</ele>
        <time>2025-06-06T22:11:24.998000Z</time>
      </trkpt>
      <trkpt lat="41.74456537220073" lon="123.4204177298958">
        <ele>46.60555336903781</ele>
        <time>2025-06-06T22:11:28.998000Z</time>
      </trkpt>
      <trkpt lat="41.744597537785836" lon="123.42030244310212">
        <ele>46.83638765197247</ele>
        <time>2025-06-06T22:11:32.998000Z</time>
      </trkpt>
      <trkpt lat="41.74464649991386" lon="123.4201660160244">
        <ele>45.759212407283485</ele>
        <time>2025-06-06T22:11:36.998000Z</time>
      </trkpt>
      <trkpt lat="41.744700530338704" lon="123.42004914676046">
        <ele>47.05007671844214</ele>
        <time>2025-06-06T22:11:40.998000Z</time>
      </trkpt>
      <trkpt lat="41.74472437975871" lon="123.41992941953417">
        <ele>47.2833581212908</ele>
        <time>2025-06-06T22:11:44.998000Z</time>
      </trkpt>
      <trkpt lat="41.74476950478393" lon="123.41979737454827">
        <ele>47.58555586077273</ele>
        <time>2025-06-06T22:11:48.998000Z</time>
      </trkpt>
      <trkpt lat="41.74481741347974" lon="123.4196575815062">
        <ele>47.9362288415432</ele>
        <time>2025-06-06T22:11:52.998000Z</time>
      </trkpt>
      <trkpt lat="41.74485639370201" lon="123.41950379525902">
        <ele>48.77117653563619</ele>
        <time>2025-06-06T22:11:56.998000Z</time>
      </trkpt>
      <trkpt lat="41.744890313060104" lon="123.41938913063466">
        <ele>48.03978077694774</ele>
        <time>2025-06-06T22:12:00.998000Z</time>
      </trkpt>
      <trkpt lat="41.74492820671879" lon="123.41924623890365">
        <ele>48.34379422944039</ele>
        <time>2025-06-06T22:12:04.998000Z</time>
      </trkpt>
      <trkpt lat="41.74497245197793" lon="123.41912910553984">
        <ele>48.643284460529685</ele>
        <time>2025-06-06T22:12:08.998000Z</time>
      </trkpt>
      <trkpt lat="41.74500827400312" lon="123.41897942777813">
        <ele>48.262241643853486</ele>
        <time>2025-06-06T22:12:13.999000Z</time>
      </trkpt>
      <trkpt lat="41.745044268949734" lon="123.41883814569489">
        <ele>48.221395656466484</ele>
        <time>2025-06-06T22:12:17.999000Z</time>
      </trkpt>
      <trkpt lat="41.745090733883835" lon="123.41872131072611">
        <ele>47.337821940891445</ele>
        <time>2025-06-06T22:12:21.999000Z</time>
      </trkpt>
      <trkpt lat="41.74513542303083" lon="123.4185920825377">
        <ele>48.16759148705751</ele>
        <time>2025-06-06T22:12:25.999000Z</time>
      </trkpt>
      <trkpt lat="41.74519016101693" lon="123.41848751299956">
        <ele>48.79456732515246</ele>
        <time>2025-06-06T22:12:28.999000Z</time>
      </trkpt>
      <trkpt lat="41.745240432534814" lon="123.41836012244022">
        <ele>48.72311247698963</ele>
        <time>2025-06-06T22:12:33Z</time>
      </trkpt>
      <trkpt lat="41.74528656134542" lon="123.41821704199404">
        <ele>49.803825804032385</ele>
        <time>2025-06-06T22:12:37Z</time>
      </trkpt>
      <trkpt lat="41.74533929069425" lon="123.41809018559118">
        <ele>49.18688803259283</ele>
        <time>2025-06-06T22:12:41Z</time>
      </trkpt>
      <trkpt lat="41.74538823229878" lon="123.41796776567351">
        <ele>47.62847840320319</ele>
        <time>2025-06-06T22:12:45Z</time>
      </trkpt>
      <trkpt lat="41.74544567708116" lon="123.41783865533313">
        <ele>48.26169390976429</ele>
        <time>2025-06-06T22:12:49.001000Z</time>
      </trkpt>
      <trkpt lat="41.74548763325128" lon="123.41773071432831">
        <ele>47.965999693609774</ele>
        <time>2025-06-06T22:12:52.001000Z</time>
      </trkpt>
      <trkpt lat="41.74552767230483" lon="123.41761731447765">
        <ele>48.55019462574273</ele>
        <time>2025-06-06T22:12:56.001000Z</time>
      </trkpt>
      <trkpt lat="41.7455870548531" lon="123.41748231838741">
        <ele>47.550531623885036</ele>
        <time>2025-06-06T22:13:00.001000Z</time>
      </trkpt>
      <trkpt lat="41.74563317808487" lon="123.41737227230598">
        <ele>48.492780414409935</ele>
        <time>2025-06-06T22:13:03.001000Z</time>
      </trkpt>
      <trkpt lat="41.74567557282402" lon="123.41724310395774">
        <ele>46.20695853885263</ele>
        <time>2025-06-06T22:13:07.001000Z</time>
      </trkpt>
      <trkpt lat="41.745714480767006" lon="123.41710412374307">
        <ele>46.95850582141429</ele>
        <time>2025-06-06T22:13:11.001000Z</time>
      </trkpt>
      <trkpt lat="41.745774362472865" lon="123.41698107059644">
        <ele>46.77450054232031</ele>
        <time>2025-06-06T22:13:15.001000Z</time>
      </trkpt>
      <trkpt lat="41.745825788259246" lon="123.41686240665567">
        <ele>46.51087974011898</ele>
        <time>2025-06-06T22:13:19.001000Z</time>
      </trkpt>
      <trkpt lat="41.74586775564601" lon="123.41673964379426">
        <ele>47.337834174744785</ele>
        <time>2025-06-06T22:13:23.001000Z</time>
      </trkpt>
      <trkpt lat="41.74592283671649" lon="123.41661214055122">
        <ele>45.29086301010102</ele>
        <time>2025-06-06T22:13:27.001000Z</time>
      </trkpt>
      <trkpt lat="41.74596201937434" lon="123.41648387576662">
        <ele>46.11898621916771</ele>
        <time>2025-06-06T22:13:31.001000Z</time>
      </trkpt>
      <trkpt lat="41.74600558295271" lon="123.4163543105874">
        <ele>45.44621617067605</ele>
        <time>2025-06-06T22:13:35.001000Z</time>
      </trkpt>
      <trkpt lat="41.74605966661069" lon="123.4162316489824">
        <ele>45.870674290694296</ele>
        <time>2025-06-06T22:13:39.001000Z</time>
      </trkpt>
      <trkpt lat="41.746110536555406" lon="123.41609671333836">
        <ele>47.49703075084835</ele>
        <time>2025-06-06T22:13:43.001000Z</time>
      </trkpt>
      <trkpt lat="41.74616696557766" lon="123.41595856818313">
        <ele>47.58805588167161</ele>
        <time>2025-06-06T22:13:47.001000Z</time>
      </trkpt>
      <trkpt lat="41.74623088031442" lon="123.41582549866959">
        <ele>46.64865612145513</ele>
        <time>2025-06-06T22:13:51.001000Z</time>
      </trkpt>
      <trkpt lat="41.74628510950545" lon="123.41570868557045">
        <ele>46.271803758107126</ele>
        <time>2025-06-06T22:13:55.001000Z</time>
      </trkpt>
      <trkpt lat="41.74633435311745" lon="123.41560284359966">
        <ele>46.02251391950995</ele>
        <time>2025-06-06T22:13:58.001000Z</time>
      </trkpt>
      <trkpt lat="41.746388986005854" lon="123.4154873331807">
        <ele>45.765954406931996</ele>
        <time>2025-06-06T22:14:02.001000Z</time>
      </trkpt>
      <trkpt lat="41.74644678777101" lon="123.41537779883363">
        <ele>45.52887297514826</ele>
        <time>2025-06-06T22:14:06.001000Z</time>
      </trkpt>
      <trkpt lat="41.74651518520051" lon="123.41525973078657">
        <ele>47.09145463723689</ele>
        <time>2025-06-06T22:14:10.001000Z</time>
      </trkpt>
      <trkpt lat="41.74658517503631" lon="123.41514523593817">
        <ele>47.06573886517435</ele>
        <time>2025-06-06T22:14:14Z</time>
        <extensions>
          <gpxtpx:TrackPointExtension>
            <gpxtpx:hr>157</gpxtpx:hr>
          </gpxtpx:TrackPointExtension>
        </extensions>
      </trkpt>
      <trkpt lat="41.74664497116073" lon="123.41505222401008">
        <ele>46.29175834450871</ele>
        <time>2025-06-06T22:14:17Z</time>
      </trkpt>
      <trkpt lat="41.74671018786388" lon="123.4149437988752">
        <ele>46.63838244881481</ele>
        <time>2025-06-06T22:14:21Z</time>
        <extensions>
          <gpxtpx:TrackPointExtension>
            <gpxtpx:hr>158</gpxtpx:hr>
          </gpxtpx:TrackPointExtension>
        </extensions>
      </trkpt>
      <trkpt lat="41.74677799474626" lon="123.41483524331066">
        <ele>45.91120231244713</ele>
        <time>2025-06-06T22:14:25Z</time>
      </trkpt>
      <trkpt lat="41.74684336536779" lon="123.41472517342461">
        <ele>46.768199319019914</ele>
        <time>2025-06-06T22:14:29Z</time>
        <extensions>
          <gpxtpx:TrackPointExtension>
            <gpxtpx:hr>159</gpxtpx:hr>
          </gpxtpx:TrackPointExtension>
        </extensions>
      </trkpt>
      <trkpt lat="41.74690750494985" lon="123.41459610911664">
        <ele>48.5345454942435</ele>
        <time>2025-06-06T22:14:33Z</time>
      </trkpt>
      <trkpt lat="41.74699979919117" lon="123.41449564167318">
        <ele>47.9667425788939</ele>
        <time>2025-06-06T22:14:37Z</time>
      </trkpt>
      <trkpt lat="41.74708125114763" lon="123.41439322986146">
        <ele>48.994018408469856</ele>
        <time>2025-06-06T22:14:41Z</time>
      </trkpt>
      <trkpt lat="41.74716526284425" lon="123.41430234364171">
        <ele>47.8226098138839</ele>
        <time>2025-06-06T22:14:45Z</time>
      </trkpt>
      <trkpt lat="41.747253797368025" lon="123.41420169964847">
        <ele>49.02491193730384</ele>
        <time>2025-06-06T22:14:49Z</time>
      </trkpt>
      <trkpt lat="41.747340869584825" lon="123.4141014947985">
        <ele>48.755632136017084</ele>
        <time>2025-06-06T22:14:53Z</time>
      </trkpt>
      <trkpt lat="41.747431132114386" lon="123.4140102081367">
        <ele>49.19128217920661</ele>
        <time>2025-06-06T22:14:57Z</time>
      </trkpt>
      <trkpt lat="41.74750856491094" lon="123.41392959956046">
        <ele>48.247461221180856</ele>
        <time>2025-06-06T22:15:01Z</time>
      </trkpt>
      <trkpt lat="41.74758916754739" lon="123.41384402485384">
        <ele>48.199344454333186</ele>
        <time>2025-06-06T22:15:05Z</time>
      </trkpt>
      <trkpt lat="41.74767678135081" lon="123.41375790180832">
        <ele>46.632449333555996</ele>
        <time>2025-06-06T22:15:09Z</time>
      </trkpt>
      <trkpt lat="41.747770287493374" lon="123.41367415475042">
        <ele>46.2099282220006</ele>
        <time>2025-06-06T22:15:13Z</time>
      </trkpt>
      <trkpt lat="41.74786732191902" lon="123.41359372777882">
        <ele>45.90997843071818</ele>
        <time>2025-06-06T22:15:17Z</time>
        <extensions>
          <gpxtpx:TrackPointExtension>
            <gpxtpx:hr>159</gpxtpx:hr>
          </gpxtpx:TrackPointExtension>
        </extensions>
      </trkpt>
      <trkpt lat="41.74795584616425" lon="123.41351129386659">
        <ele>45.88042958267033</ele>
        <time>2025-06-06T22:15:21Z</time>
      </trkpt>
      <trkpt lat="41.74803332388586" lon="123.41343654380255">
        <ele>46.095147425308824</ele>
        <time>2025-06-06T22:15:25Z</time>
      </trkpt>
      <trkpt lat="41.74810776256511" lon="123.41336831029905">
        <ele>46.157176406122744</ele>
        <time>2025-06-06T22:15:28Z</time>
      </trkpt>
      <trkpt lat="41.74819126385917" lon="123.41329920065188">
        <ele>45.8497627209872</ele>
        <time>2025-06-06T22:15:31Z</time>
      </trkpt>
      <trkpt lat="41.74827195126291" lon="123.41321953754345">
        <ele>46.999671027995646</ele>
        <time>2025-06-06T22:15:35Z</time>
      </trkpt>
      <trkpt lat="41.74835653562324" lon="123.41313838174753">
        <ele>46.46242904663086</ele>
        <time>2025-06-06T22:15:39Z</time>
      </trkpt>
      <trkpt lat="41.748446371465555" lon="123.41306849841793">
        <ele>46.74086229968816</ele>
        <time>2025-06-06T22:15:43Z</time>
      </trkpt>
      <trkpt lat="41.74853480254019" lon="123.41297164234729">
        <ele>47.12783691473305</ele>
        <time>2025-06-06T22:15:47Z</time>
      </trkpt>
      <trkpt lat="41.74863003310627" lon="123.41290031119988">
        <ele>47.43171734362841</ele>
        <time>2025-06-06T22:15:51Z</time>
      </trkpt>
      <trkpt lat="41.748732503248554" lon="123.41282709188229">
        <ele>47.27708443719894</ele>
        <time>2025-06-06T22:15:55Z</time>
      </trkpt>
      <trkpt lat="41.74880134044638" lon="123.41272067771438">
        <ele>46.51289637386799</ele>
        <time>2025-06-06T22:15:59Z</time>
      </trkpt>
      <trkpt lat="41.74888778032958" lon="123.41266145752925">
        <ele>47.11369842849672</ele>
        <time>2025-06-06T22:16:02Z</time>
      </trkpt>
      <trkpt lat="41.74896995209433" lon="123.41256218428951">
        <ele>45.75165892485529</ele>
        <time>2025-06-06T22:16:06Z</time>
      </trkpt>
      <trkpt lat="41.749071690214656" lon="123.41248838506621">
        <ele>45.820356574840844</ele>
        <time>2025-06-06T22:16:10Z</time>
      </trkpt>
      <trkpt lat="41.74915571688855" lon="123.41239578631516">
        <ele>45.72870106715709</ele>
        <time>2025-06-06T22:16:14Z</time>
      </trkpt>
      <trkpt lat="41.74922433657623" lon="123.41231730701631">
        <ele>46.60200909245759</ele>
        <time>2025-06-06T22:16:17Z</time>
      </trkpt>
      <trkpt lat="41.74931935532596" lon="123.41223404531043">
        <ele>46.96846173517406</ele>
        <time>2025-06-06T22:16:21Z</time>
      </trkpt>
      <trkpt lat="41.7494128281269" lon="123.4121505393038">
        <ele>46.986330705694854</ele>
        <time>2025-06-06T22:16:25Z</time>
      </trkpt>
      <trkpt lat="41.749483138294224" lon="123.41205458696476">
        <ele>46.564540582709014</ele>
        <time>2025-06-06T22:16:29Z</time>
      </trkpt>
      <trkpt lat="41.74956129928062" lon="123.41198323902739">
        <ele>45.67636071611196</ele>
        <time>2025-06-06T22:16:32Z</time>
      </trkpt>
      <trkpt lat="41.7496501166683" lon="123.41189780743524">
        <ele>46.575336690060794</ele>
        <time>2025-06-06T22:16:36Z</time>
      </trkpt>
      <trkpt lat="41.74971996012518" lon="123.41179336914803">
        <ele>45.77153913024813</ele>
        <time>2025-06-06T22:16:40Z</time>
      </trkpt>
      <trkpt lat="41.74981296969927" lon="123.41174191691796">
        <ele>44.74023838341236</ele>
        <time>2025-06-06T22:16:43Z</time>
      </trkpt>
      <trkpt lat="41.749884521474456" lon="123.4116439991971">
        <ele>44.59434997104108</ele>
        <time>2025-06-06T22:16:47Z</time>
      </trkpt>
      <trkpt lat="41.74997373708999" lon="123.41160565652889">
        <ele>43.63616582658142</ele>
        <time>2025-06-06T22:16:50Z</time>
      </trkpt>
      <trkpt lat="41.750049825338934" lon="123.41150213879052">
        <ele>44.45532687474042</ele>
        <time>2025-06-06T22:16:54Z</time>
      </trkpt>
      <trkpt lat="41.75011667914706" lon="123.41140850263645">
        <ele>46.079153230413795</ele>
        <time>2025-06-06T22:16:58Z</time>
      </trkpt>
      <trkpt lat="41.75019594471468" lon="123.41130176825709">
        <ele>45.95958000700921</ele>
        <time>2025-06-06T22:17:02Z</time>
      </trkpt>
      <trkpt lat="41.75028348963524" lon="123.41125565047122">
        <ele>47.910307010635734</ele>
        <time>2025-06-06T22:17:05Z</time>
      </trkpt>
      <trkpt lat="41.75036388363821" lon="123.41119439515353">
        <ele>46.678227532655</ele>
        <time>2025-06-06T22:17:08Z</time>
      </trkpt>
      <trkpt lat="41.750453441794434" lon="123.411109868977">
        <ele>46.17851939518005</ele>
        <time>2025-06-06T22:17:12Z</time>
      </trkpt>
      <trkpt lat="41.750534123113624" lon="123.41103645256861">
        <ele>46.68058580160141</ele>
        <time>2025-06-06T22:17:16Z</time>
      </trkpt>
      <trkpt lat="41.750621254037576" lon="123.41095259447216">
        <ele>49.29000791721046</ele>
        <time>2025-06-06T22:17:20Z</time>
      </trkpt>
      <trkpt lat="41.750704538352345" lon="123.41084721041834">
        <ele>49.20476299058646</ele>
        <time>2025-06-06T22:17:24Z</time>
      </trkpt>
      <trkpt lat="41.75079832802043" lon="123.41082075248801">
        <ele>45.20554775092751</ele>
        <time>2025-06-06T22:17:27Z</time>
      </trkpt>
      <trkpt lat="41.75084600394129" lon="123.41070778322201">
        <ele>47.11607984080911</ele>
        <time>2025-06-06T22:17:30Z</time>
      </trkpt>
      <trkpt lat="41.75095010091462" lon="123.41063444880254">
        <ele>46.42816497106105</ele>
        <time>2025-06-06T22:17:34Z</time>
      </trkpt>
      <trkpt lat="41.751051811058936" lon="123.41056193564285">
        <ele>46.1927319066599</ele>
        <time>2025-06-06T22:17:38Z</time>
      </trkpt>
      <trkpt lat="41.751159197735255" lon="123.41047377165643">
        <ele>45.30755074322224</ele>
        <time>2025-06-06T22:17:42Z</time>
      </trkpt>
      <trkpt lat="41.75125362205954" lon="123.41038704660765">
        <ele>45.12081955373287</ele>
        <time>2025-06-06T22:17:46Z</time>
      </trkpt>
      <trkpt lat="41.751326700732875" lon="123.41029662153271">
        <ele>44.73726647812873</ele>
        <time>2025-06-06T22:17:49Z</time>
      </trkpt>
      <trkpt lat="41.75142835739764" lon="123.41022248378353">
        <ele>45.225011525675654</ele>
        <time>2025-06-06T22:17:53Z</time>
      </trkpt>
      <trkpt lat="41.75150900730633" lon="123.41015495926581">
        <ele>44.93041390180588</ele>
        <time>2025-06-06T22:17:56Z</time>
      </trkpt>
      <trkpt lat="41.75157720001707" lon="123.41005330508625">
        <ele>46.53337608650327</ele>
        <time>2025-06-06T22:17:59Z</time>
      </trkpt>
      <trkpt lat="41.751997785401876" lon="123.41012576544912">
        <ele>46.361546884290874</ele>
        <time>2025-06-06T22:23:47Z</time>
        <extensions>
          <gpxtpx:TrackPointExtension>
            <gpxtpx:hr>101</gpxtpx:hr>
          </gpxtpx:TrackPointExtension>
        </extensions>
      </trkpt>
      <trkpt lat="41.75193732748345" lon="123.41001391849127">
        <ele>47.21697164699435</ele>
        <time>2025-06-06T22:23:53Z</time>
      </trkpt>
      <trkpt lat="41.75188238061156" lon="123.40991855113343">
        <ele>47.49347475357354</ele>
        <time>2025-06-06T22:23:56Z</time>
      </trkpt>
      <trkpt lat="41.75187234145069" lon="123.40978326545185">
        <ele>49.36060054041445</ele>
        <time>2025-06-06T22:24:01Z</time>
      </trkpt>
      <trkpt lat="41.75196291185461" lon="123.40970575707273">
        <ele>47.25440698582679</ele>
        <time>2025-06-06T22:24:04Z</time>
      </trkpt>
      <trkpt lat="41.75204743559369" lon="123.4096274913305">
        <ele>47.539156881161034</ele>
        <time>2025-06-06T22:24:08Z</time>
      </trkpt>
      <trkpt lat="41.75212412251439" lon="123.4095212405906">
        <ele>47.583630294539034</ele>
        <time>2025-06-06T22:24:12Z</time>
      </trkpt>
      <trkpt lat="41.75221362104956" lon="123.4094403678309">
        <ele>47.787891214713454</ele>
        <time>2025-06-06T22:24:16Z</time>
      </trkpt>
      <trkpt lat="41.75230321989656" lon="123.40936407683344">
        <ele>47.95275148469955</ele>
        <time>2025-06-06T22:24:20Z</time>
      </trkpt>
      <trkpt lat="41.75238208319119" lon="123.40926824077167">
        <ele>48.23477694950998</ele>
        <time>2025-06-06T22:24:24Z</time>
      </trkpt>
      <trkpt lat="41.75248485473588" lon="123.40919940747114">
        <ele>48.786414111964405</ele>
        <time>2025-06-06T22:24:29Z</time>
      </trkpt>
      <trkpt lat="41.752554945541725" lon="123.40911569139867">
        <ele>48.79661756195128</ele>
        <time>2025-06-06T22:24:32Z</time>
      </trkpt>
      <trkpt lat="41.75262856669673" lon="123.40904308729456">
        <ele>46.97280429303646</ele>
        <time>2025-06-06T22:24:35Z</time>
        <extensions>
          <gpxtpx:TrackPointExtension>
            <gpxtpx:hr>130</gpxtpx:hr>
          </gpxtpx:TrackPointExtension>
        </extensions>
      </trkpt>
      <trkpt lat="41.752721496846306" lon="123.40894300413564">
        <ele>47.95948762167245</ele>
        <time>2025-06-06T22:24:39Z</time>
      </trkpt>
      <trkpt lat="41.75279431106477" lon="123.40887001229773">
        <ele>49.0492252074182</ele>
        <time>2025-06-06T22:24:42Z</time>
        <extensions>
          <gpxtpx:TrackPointExtension>
            <gpxtpx:hr>133</gpxtpx:hr>
          </gpxtpx:TrackPointExtension>
        </extensions>
      </trkpt>
      <trkpt lat="41.75287893357258" lon="123.40879469927029">
        <ele>48.8724256567657</ele>
        <time>2025-06-06T22:24:46Z</time>
      </trkpt>
      <trkpt lat="41.75296204708073" lon="123.40871360024067">
        <ele>49.65804531611502</ele>
        <time>2025-06-06T22:24:49Z</time>
        <extensions>
          <gpxtpx:TrackPointExtension>
            <gpxtpx:hr>136</gpxtpx:hr>
          </gpxtpx:TrackPointExtension>
        </extensions>
      </trkpt>
      <trkpt lat="41.75303831663127" lon="123.40861788324396">
        <ele>49.132949008606374</ele>
        <time>2025-06-06T22:24:53Z</time>
        <extensions>
          <gpxtpx:TrackPointExtension>
            <gpxtpx:hr>137</gpxtpx:hr>
          </gpxtpx:TrackPointExtension>
        </extensions>
      </trkpt>
      <trkpt lat="41.75311736949843" lon="123.40854261191075">
        <ele>48.51232253294438</ele>
        <time>2025-06-06T22:24:56Z</time>
      </trkpt>
      <trkpt lat="41.75319981799586" lon="123.40846363232741">
        <ele>48.31827749777585</ele>
        <time>2025-06-06T22:25:00Z</time>
        <extensions>
          <gpxtpx:TrackPointExtension>
            <gpxtpx:hr>140</gpxtpx:hr>
          </gpxtpx:TrackPointExtension>
        </extensions>
      </trkpt>
      <trkpt lat="41.75330075939739" lon="123.40837344891729">
        <ele>47.799546849913895</ele>
        <time>2025-06-06T22:25:04Z</time>
        <extensions>
          <gpxtpx:TrackPointExtension>
            <gpxtpx:hr>141</gpxtpx:hr>
          </gpxtpx:TrackPointExtension>
        </extensions>
      </trkpt>
      <trkpt lat="41.75337439488178" lon="123.40828261061911">
        <ele>48.025379778817296</ele>
        <time>2025-06-06T22:25:07Z</time>
      </trkpt>
      <trkpt lat="41.75346187554517" lon="123.40821296659742">
        <ele>48.24459073878825</ele>
        <time>2025-06-06T22:25:10Z</time>
        <extensions>
          <gpxtpx:TrackPointExtension>
            <gpxtpx:hr>142</gpxtpx:hr>
          </gpxtpx:TrackPointExtension>
        </extensions>
      </trkpt>
      <trkpt lat="41.753556692521876" lon="123.40812632858685">
        <ele>47.830656375736</ele>
        <time>2025-06-06T22:25:14Z</time>
      </trkpt>
      <trkpt lat="41.75363702093335" lon="123.40805771491479">
        <ele>49.42831443808973</ele>
        <time>2025-06-06T22:25:17Z</time>
        <extensions>
          <gpxtpx:TrackPointExtension>
            <gpxtpx:hr>144</gpxtpx:hr>
          </gpxtpx:TrackPointExtension>
        </extensions>
      </trkpt>
      <trkpt lat="41.75372023192724" lon="123.40796759730974">
        <ele>49.54666323866695</ele>
        <time>2025-06-06T22:25:21Z</time>
        <extensions>
          <gpxtpx:TrackPointExtension>
            <gpxtpx:hr>145</gpxtpx:hr>
          </gpxtpx:TrackPointExtension>
        </extensions>
      </trkpt>
      <trkpt lat="41.75381039046128" lon="123.40787134278315">
        <ele>48.37125640362501</ele>
        <time>2025-06-06T22:25:25Z</time>
      </trkpt>
      <trkpt lat="41.75390259302931" lon="123.40779045414952">
        <ele>47.85410637687892</ele>
        <time>2025-06-06T22:25:29Z</time>
        <extensions>
          <gpxtpx:TrackPointExtension>
            <gpxtpx:hr>146</gpxtpx:hr>
          </gpxtpx:TrackPointExtension>
        </extensions>
      </trkpt>
      <trkpt lat="41.75399914609665" lon="123.40770047956065">
        <ele>46.53774724435061</ele>
        <time>2025-06-06T22:25:33Z</time>
        <extensions>
          <gpxtpx:TrackPointExtension>
            <gpxtpx:hr>147</gpxtpx:hr>
          </gpxtpx:TrackPointExtension>
        </extensions>
      </trkpt>
      <trkpt lat="41.75407630525496" lon="123.4076230639808">
        <ele>49.818278963677585</ele>
        <time>2025-06-06T22:25:36Z</time>
      </trkpt>
      <trkpt lat="41.75416717309669" lon="123.40754935123688">
        <ele>49.57318366598338</ele>
        <time>2025-06-06T22:25:40Z</time>
        <extensions>
          <gpxtpx:TrackPointExtension>
            <gpxtpx:hr>147</gpxtpx:hr>
          </gpxtpx:TrackPointExtension>
        </extensions>
      </trkpt>
      <trkpt lat="41.754241724698474" lon="123.40743318583539">
        <ele>47.439367345534265</ele>
        <time>2025-06-06T22:25:44Z</time>
      </trkpt>
      <trkpt lat="41.75431885234722" lon="123.40736412325086">
        <ele>49.208729496225715</ele>
        <time>2025-06-06T22:25:47Z</time>
        <extensions>
          <gpxtpx:TrackPointExtension>
            <gpxtpx:hr>148</gpxtpx:hr>
          </gpxtpx:TrackPointExtension>
        </extensions>
      </trkpt>
      <trkpt lat="41.75441769611692" lon="123.40727925325349">
        <ele>49.42086913064122</ele>
        <time>2025-06-06T22:25:51Z</time>
      </trkpt>
      <trkpt lat="41.754508585435794" lon="123.40719210144394">
        <ele>49.048324844799936</ele>
        <time>2025-06-06T22:25:55Z</time>
        <extensions>
          <gpxtpx:TrackPointExtension>
            <gpxtpx:hr>148</gpxtpx:hr>
          </gpxtpx:TrackPointExtension>
        </extensions>
      </trkpt>
      <trkpt lat="41.754600165820456" lon="123.40715852155961">
        <ele>47.9743196060881</ele>
        <time>2025-06-06T22:25:58Z</time>
        <extensions>
          <gpxtpx:TrackPointExtension>
            <gpxtpx:hr>149</gpxtpx:hr>
          </gpxtpx:TrackPointExtension>
        </extensions>
      </trkpt>
      <trkpt lat="41.754678386324294" lon="123.40705227341843">
        <ele>50.186787344515324</ele>
        <time>2025-06-06T22:26:02Z</time>
        <extensions>
          <gpxtpx:TrackPointExtension>
            <gpxtpx:hr>149</gpxtpx:hr>
          </gpxtpx:TrackPointExtension>
        </extensions>
      </trkpt>
      <trkpt lat="41.75477545694126" lon="123.40697592533267">
        <ele>49.324654906988144</ele>
        <time>2025-06-06T22:26:06Z</time>
      </trkpt>
      <trkpt lat="41.75487541669538" lon="123.40689630160429">
        <ele>50.35377263929695</ele>
        <time>2025-06-06T22:26:10Z</time>
        <extensions>
          <gpxtpx:TrackPointExtension>
            <gpxtpx:hr>149</gpxtpx:hr>
          </gpxtpx:TrackPointExtension>
        </extensions>
      </trkpt>
      <trkpt lat="41.754966177168086" lon="123.40680141290565">
        <ele>49.811017559841275</ele>
        <time>2025-06-06T22:26:14Z</time>
        <extensions>
          <gpxtpx:TrackPointExtension>
            <gpxtpx:hr>148</gpxtpx:hr>
          </gpxtpx:TrackPointExtension>
        </extensions>
      </trkpt>
      <trkpt lat="41.75504884052951" lon="123.40674497981166">
        <ele>49.56514633912593</ele>
        <time>2025-06-06T22:26:17Z</time>
        <extensions>
          <gpxtpx:TrackPointExtension>
            <gpxtpx:hr>149</gpxtpx:hr>
          </gpxtpx:TrackPointExtension>
        </extensions>
      </trkpt>
      <trkpt lat="41.755147524950644" lon="123.40667058324138">
        <ele>48.419522289186716</ele>
        <time>2025-06-06T22:26:21Z</time>
        <extensions>
          <gpxtpx:TrackPointExtension>
            <gpxtpx:hr>149</gpxtpx:hr>
          </gpxtpx:TrackPointExtension>
        </extensions>
      </trkpt>
      <trkpt lat="41.755200707660165" lon="123.4065628494209">
        <ele>48.49141646362841</ele>
        <time>2025-06-06T22:26:24Z</time>
      </trkpt>
      <trkpt lat="41.75527573764615" lon="123.4064867094383">
        <ele>48.74345605727285</ele>
        <time>2025-06-06T22:26:27Z</time>
        <extensions>
          <gpxtpx:TrackPointExtension>
            <gpxtpx:hr>150</gpxtpx:hr>
          </gpxtpx:TrackPointExtension>
        </extensions>
      </trkpt>
      <trkpt lat="41.755379478074" lon="123.40640818927291">
        <ele>48.27071584109217</ele>
        <time>2025-06-06T22:26:31Z</time>
      </trkpt>
      <trkpt lat="41.75546395633663" lon="123.40631175068174">
        <ele>49.18586022872478</ele>
        <time>2025-06-06T22:26:35Z</time>
        <extensions>
          <gpxtpx:TrackPointExtension>
            <gpxtpx:hr>150</gpxtpx:hr>
          </gpxtpx:TrackPointExtension>
        </extensions>
      </trkpt>
      <trkpt lat="41.75557130914985" lon="123.40624843105766">
        <ele>49.02839793730527</ele>
        <time>2025-06-06T22:26:39Z</time>
        <extensions>
          <gpxtpx:TrackPointExtension>
            <gpxtpx:hr>151</gpxtpx:hr>
          </gpxtpx:TrackPointExtension>
        </extensions>
      </trkpt>
      <trkpt lat="41.75566901321315" lon="123.4061624134366">
        <ele>48.210963984020054</ele>
        <time>2025-06-06T22:26:43Z</time>
        <extensions>
          <gpxtpx:TrackPointExtension>
            <gpxtpx:hr>151</gpxtpx:hr>
          </gpxtpx:TrackPointExtension>
        </extensions>
      </trkpt>
      <trkpt lat="41.755736719705006" lon="123.40606869136161">
        <ele>49.27125076856464</ele>
        <time>2025-06-06T22:26:46Z</time>
      </trkpt>
      <trkpt lat="41.75583614370396" lon="123.40599533403282">
        <ele>48.19829930458218</ele>
        <time>2025-06-06T22:26:50Z</time>
        <extensions>
          <gpxtpx:TrackPointExtension>
            <gpxtpx:hr>151</gpxtpx:hr>
          </gpxtpx:TrackPointExtension>
        </extensions>
      </trkpt>
      <trkpt lat="41.75591885834082" lon="123.40593740011093">
        <ele>47.263163273222744</ele>
        <time>2025-06-06T22:26:53Z</time>
      </trkpt>
      <trkpt lat="41.75600705148082" lon="123.40584978117624">
        <ele>47.80644299648702</ele>
        <time>2025-06-06T22:26:57Z</time>
        <extensions>
          <gpxtpx:TrackPointExtension>
            <gpxtpx:hr>151</gpxtpx:hr>
          </gpxtpx:TrackPointExtension>
        </extensions>
      </trkpt>
      <trkpt lat="41.75609570466302" lon="123.40576106638504">
        <ele>48.146992336027324</ele>
        <time>2025-06-06T22:27:01Z</time>
      </trkpt>
      <trkpt lat="41.756180526404286" lon="123.40567252513604">
        <ele>48.12693635746837</ele>
        <time>2025-06-06T22:27:05Z</time>
        <extensions>
          <gpxtpx:TrackPointExtension>
            <gpxtpx:hr>150</gpxtpx:hr>
          </gpxtpx:TrackPointExtension>
        </extensions>
      </trkpt>
      <trkpt lat="41.75626010276712" lon="123.40558807426268">
        <ele>47.35481512080878</ele>
        <time>2025-06-06T22:27:09Z</time>
        <extensions>
          <gpxtpx:TrackPointExtension>
            <gpxtpx:hr>151</gpxtpx:hr>
          </gpxtpx:TrackPointExtension>
        </extensions>
      </trkpt>
      <trkpt lat="41.75635844736366" lon="123.40550338093398">
        <ele>46.18126859143376</ele>
        <time>2025-06-06T22:27:13Z</time>
        <extensions>
          <gpxtpx:TrackPointExtension>
            <gpxtpx:hr>151</gpxtpx:hr>
          </gpxtpx:TrackPointExtension>
        </extensions>
      </trkpt>
      <trkpt lat="41.75644421598727" lon="123.40541028168059">
        <ele>47.07905119005591</ele>
        <time>2025-06-06T22:27:17Z</time>
      </trkpt>
      <trkpt lat="41.75653053447207" lon="123.40537081511857">
        <ele>46.06993085052818</ele>
        <time>2025-06-06T22:27:20Z</time>
        <extensions>
          <gpxtpx:TrackPointExtension>
            <gpxtpx:hr>152</gpxtpx:hr>
          </gpxtpx:TrackPointExtension>
        </extensions>
      </trkpt>
      <trkpt lat="41.756589918614885" lon="123.40527962425647">
        <ele>48.548494189977646</ele>
        <time>2025-06-06T22:27:23Z</time>
      </trkpt>
      <trkpt lat="41.75667675472819" lon="123.40519798524556">
        <ele>48.428202657960355</ele>
        <time>2025-06-06T22:27:27Z</time>
        <extensions>
          <gpxtpx:TrackPointExtension>
            <gpxtpx:hr>152</gpxtpx:hr>
          </gpxtpx:TrackPointExtension>
        </extensions>
      </trkpt>
      <trkpt lat="41.75676455144596" lon="123.40512300084772">
        <ele>46.24281118623912</ele>
        <time>2025-06-06T22:27:31Z</time>
        <extensions>
          <gpxtpx:TrackPointExtension>
            <gpxtpx:hr>152</gpxtpx:hr>
          </gpxtpx:TrackPointExtension>
        </extensions>
      </trkpt>
      <trkpt lat="41.756858415385786" lon="123.40503201464759">
        <ele>47.69096433836967</ele>
        <time>2025-06-06T22:27:35Z</time>
        <extensions>
          <gpxtpx:TrackPointExtension>
            <gpxtpx:hr>153</gpxtpx:hr>
          </gpxtpx:TrackPointExtension>
        </extensions>
      </trkpt>
      <trkpt lat="41.756948257916726" lon="123.4049399699492">
        <ele>47.65859992057085</ele>
        <time>2025-06-06T22:27:39Z</time>
        <extensions>
          <gpxtpx:TrackPointExtension>
            <gpxtpx:hr>152</gpxtpx:hr>
          </gpxtpx:TrackPointExtension>
        </extensions>
      </trkpt>
      <trkpt lat="41.75703010989913" lon="123.40485046109723">
        <ele>47.346090983599424</ele>
        <time>2025-06-06T22:27:43Z</time>
      </trkpt>
      <trkpt lat="41.75711317949736" lon="123.40474015582652">
        <ele>47.87918294779956</ele>
        <time>2025-06-06T22:27:47Z</time>
        <extensions>
          <gpxtpx:TrackPointExtension>
            <gpxtpx:hr>153</gpxtpx:hr>
          </gpxtpx:TrackPointExtension>
        </extensions>
      </trkpt>
      <trkpt lat="41.75720425182171" lon="123.40465972105943">
        <ele>47.194602460600436</ele>
        <time>2025-06-06T22:27:51Z</time>
      </trkpt>
      <trkpt lat="41.757279986445056" lon="123.40455825144838">
        <ele>47.87038518767804</ele>
        <time>2025-06-06T22:27:55Z</time>
        <extensions>
          <gpxtpx:TrackPointExtension>
            <gpxtpx:hr>154</gpxtpx:hr>
          </gpxtpx:TrackPointExtension>
        </extensions>
      </trkpt>
      <trkpt lat="41.75734223763148" lon="123.4044692791691">
        <ele>47.81609498336911</ele>
        <time>2025-06-06T22:27:58Z</time>
      </trkpt>
      <trkpt lat="41.757424777189385" lon="123.40436535300718">
        <ele>48.33637694083154</ele>
        <time>2025-06-06T22:28:02Z</time>
        <extensions>
          <gpxtpx:TrackPointExtension>
            <gpxtpx:hr>154</gpxtpx:hr>
          </gpxtpx:TrackPointExtension>
        </extensions>
      </trkpt>
      <trkpt lat="41.75749631373255" lon="123.40423841949035">
        <ele>49.885499079711735</ele>
        <time>2025-06-06T22:28:06Z</time>
        <extensions>
          <gpxtpx:TrackPointExtension>
            <gpxtpx:hr>154</gpxtpx:hr>
          </gpxtpx:TrackPointExtension>
        </extensions>
      </trkpt>
      <trkpt lat="41.75755434893931" lon="123.40410576483646">
        <ele>50.642379654571414</ele>
        <time>2025-06-06T22:28:10Z</time>
        <extensions>
          <gpxtpx:TrackPointExtension>
            <gpxtpx:hr>155</gpxtpx:hr>
          </gpxtpx:TrackPointExtension>
        </extensions>
      </trkpt>
      <trkpt lat="41.757604248429004" lon="123.40400540239906">
        <ele>51.545835197903216</ele>
        <time>2025-06-06T22:28:13Z</time>
      </trkpt>
      <trkpt lat="41.75770035659873" lon="123.40390033955933">
        <ele>49.243110470473766</ele>
        <time>2025-06-06T22:28:17Z</time>
        <extensions>
          <gpxtpx:TrackPointExtension>
            <gpxtpx:hr>155</gpxtpx:hr>
          </gpxtpx:TrackPointExtension>
        </extensions>
      </trkpt>
      <trkpt lat="41.75778891686101" lon="123.40379305236871">
        <ele>47.75192039832473</ele>
        <time>2025-06-06T22:28:21Z</time>
        <extensions>
          <gpxtpx:TrackPointExtension>
            <gpxtpx:hr>156</gpxtpx:hr>
          </gpxtpx:TrackPointExtension>
        </extensions>
      </trkpt>
      <trkpt lat="41.75784151370239" lon="123.40368309323198">
        <ele>46.757216735742986</ele>
        <time>2025-06-06T22:28:24Z</time>
        <extensions>
          <gpxtpx:TrackPointExtension>
            <gpxtpx:hr>156</gpxtpx:hr>
          </gpxtpx:TrackPointExtension>
        </extensions>
      </trkpt>
      <trkpt lat="41.75787888376921" lon="123.40357215873684">
        <ele>47.481022109277546</ele>
        <time>2025-06-06T22:28:27Z</time>
      </trkpt>
      <trkpt lat="41.75794710360658" lon="123.40345529275048">
        <ele>46.80016525276005</ele>
        <time>2025-06-06T22:28:31Z</time>
        <extensions>
          <gpxtpx:TrackPointExtension>
            <gpxtpx:hr>157</gpxtpx:hr>
          </gpxtpx:TrackPointExtension>
        </extensions>
      </trkpt>
      <trkpt lat="41.75801201365246" lon="123.40332751915645">
        <ele>47.549843257293105</ele>
        <time>2025-06-06T22:28:35Z</time>
        <extensions>
          <gpxtpx:TrackPointExtension>
            <gpxtpx:hr>157</gpxtpx:hr>
          </gpxtpx:TrackPointExtension>
        </extensions>
      </trkpt>
      <trkpt lat="41.75804961824884" lon="123.40321284367774">
        <ele>48.61372010037303</ele>
        <time>2025-06-06T22:28:38Z</time>
      </trkpt>
      <trkpt lat="41.7580837659861" lon="123.40306592870168">
        <ele>49.520958103239536</ele>
        <time>2025-06-06T22:28:42Z</time>
        <extensions>
          <gpxtpx:TrackPointExtension>
            <gpxtpx:hr>157</gpxtpx:hr>
          </gpxtpx:TrackPointExtension>
        </extensions>
      </trkpt>
      <trkpt lat="41.75812814724481" lon="123.40295163255479">
        <ele>50.27817812003195</ele>
        <time>2025-06-06T22:28:45Z</time>
        <extensions>
          <gpxtpx:TrackPointExtension>
            <gpxtpx:hr>158</gpxtpx:hr>
          </gpxtpx:TrackPointExtension>
        </extensions>
      </trkpt>
      <trkpt lat="41.75817318640927" lon="123.40280950248852">
        <ele>49.35976780671626</ele>
        <time>2025-06-06T22:28:49Z</time>
      </trkpt>
      <trkpt lat="41.758205257872405" lon="123.402689669991">
        <ele>50.221170148812234</ele>
        <time>2025-06-06T22:28:52Z</time>
        <extensions>
          <gpxtpx:TrackPointExtension>
            <gpxtpx:hr>157</gpxtpx:hr>
          </gpxtpx:TrackPointExtension>
        </extensions>
      </trkpt>
      <trkpt lat="41.75823561569095" lon="123.40256954470647">
        <ele>49.80743592325598</ele>
        <time>2025-06-06T22:28:55Z</time>
        <extensions>
          <gpxtpx:TrackPointExtension>
            <gpxtpx:hr>158</gpxtpx:hr>
          </gpxtpx:TrackPointExtension>
        </extensions>
      </trkpt>
      <trkpt lat="41.75828568557091" lon="123.40244411504563">
        <ele>48.69051275961101</ele>
        <time>2025-06-06T22:28:58Z</time>
      </trkpt>
      <trkpt lat="41.758290667834316" lon="123.40229404914226">
        <ele>48.515638639219105</ele>
        <time>2025-06-06T22:29:02Z</time>
        <extensions>
          <gpxtpx:TrackPointExtension>
            <gpxtpx:hr>159</gpxtpx:hr>
          </gpxtpx:TrackPointExtension>
        </extensions>
      </trkpt>
      <trkpt lat="41.75833003216842" lon="123.40214996868745">
        <ele>48.319841803982854</ele>
        <time>2025-06-06T22:29:06Z</time>
        <extensions>
          <gpxtpx:TrackPointExtension>
            <gpxtpx:hr>159</gpxtpx:hr>
          </gpxtpx:TrackPointExtension>
        </extensions>
      </trkpt>
      <trkpt lat="41.758360975380384" lon="123.40202942748367">
        <ele>49.22547036688775</ele>
        <time>2025-06-06T22:29:09Z</time>
      </trkpt>
      <trkpt lat="41.75841074251379" lon="123.40190762736735">
        <ele>47.49263199418783</ele>
        <time>2025-06-06T22:29:12Z</time>
        <extensions>
          <gpxtpx:TrackPointExtension>
            <gpxtpx:hr>159</gpxtpx:hr>
          </gpxtpx:TrackPointExtension>
        </extensions>
      </trkpt>
      <trkpt lat="41.75844745876528" lon="123.40177809749">
        <ele>48.62629819009453</ele>
        <time>2025-06-06T22:29:15Z</time>
        <extensions>
          <gpxtpx:TrackPointExtension>
            <gpxtpx:hr>159</gpxtpx:hr>
          </gpxtpx:TrackPointExtension>
        </extensions>
      </trkpt>
      <trkpt lat="41.7584739778114" lon="123.40165717207479">
        <ele>48.00763782020658</ele>
        <time>2025-06-06T22:29:18Z</time>
      </trkpt>
      <trkpt lat="41.75851211316026" lon="123.40153995084984">
        <ele>48.76759023964405</ele>
        <time>2025-06-06T22:29:21Z</time>
      </trkpt>
      <trkpt lat="41.75855310085848" lon="123.40140786636566">
        <ele>47.223706307820976</ele>
        <time>2025-06-06T22:29:24Z</time>
        <extensions>
          <gpxtpx:TrackPointExtension>
            <gpxtpx:hr>160</gpxtpx:hr>
          </gpxtpx:TrackPointExtension>
        </extensions>
      </trkpt>
      <trkpt lat="41.75859305367416" lon="123.40125695709368">
        <ele>47.35410932917148</ele>
        <time>2025-06-06T22:29:28Z</time>
        <extensions>
          <gpxtpx:TrackPointExtension>
            <gpxtpx:hr>160</gpxtpx:hr>
          </gpxtpx:TrackPointExtension>
        </extensions>
      </trkpt>
      <trkpt lat="41.758626500831696" lon="123.40112498695724">
        <ele>47.40872718766332</ele>
        <time>2025-06-06T22:29:32Z</time>
        <extensions>
          <gpxtpx:TrackPointExtension>
            <gpxtpx:hr>161</gpxtpx:hr>
          </gpxtpx:TrackPointExtension>
        </extensions>
      </trkpt>
      <trkpt lat="41.75865125895729" lon="123.40098390911986">
        <ele>46.91082082223147</ele>
        <time>2025-06-06T22:29:36Z</time>
        <extensions>
          <gpxtpx:TrackPointExtension>
            <gpxtpx:hr>161</gpxtpx:hr>
          </gpxtpx:TrackPointExtension>
        </extensions>
      </trkpt>
      <trkpt lat="41.758686821490755" lon="123.40084664470609">
        <ele>46.34141543507576</ele>
        <time>2025-06-06T22:29:40Z</time>
        <extensions>
          <gpxtpx:TrackPointExtension>
            <gpxtpx:hr>161</gpxtpx:hr>
          </gpxtpx:TrackPointExtension>
        </extensions>
      </trkpt>
      <trkpt lat="41.758716658899246" lon="123.40071061335307">
        <ele>47.53108875639737</ele>
        <time>2025-06-06T22:29:44Z</time>
      </trkpt>
      <trkpt lat="41.758762491220175" lon="123.40058695505203">
        <ele>46.48527295142412</ele>
        <time>2025-06-06T22:29:48Z</time>
        <extensions>
          <gpxtpx:TrackPointExtension>
            <gpxtpx:hr>161</gpxtpx:hr>
          </gpxtpx:TrackPointExtension>
        </extensions>
      </trkpt>
      <trkpt lat="41.75879173406121" lon="123.4004729218431">
        <ele>45.92449738550931</ele>
        <time>2025-06-06T22:29:51Z</time>
        <extensions>
          <gpxtpx:TrackPointExtension>
            <gpxtpx:hr>161</gpxtpx:hr>
          </gpxtpx:TrackPointExtension>
        </extensions>
      </trkpt>
      <trkpt lat="41.75881061274596" lon="123.40033742947632">
        <ele>45.73069374449551</ele>
        <time>2025-06-06T22:29:55Z</time>
        <extensions>
          <gpxtpx:TrackPointExtension>
            <gpxtpx:hr>161</gpxtpx:hr>
          </gpxtpx:TrackPointExtension>
        </extensions>
      </trkpt>
      <trkpt lat="41.75884073960329" lon="123.40019229742497">
        <ele>44.481063570827246</ele>
        <time>2025-06-06T22:29:59Z</time>
      </trkpt>
      <trkpt lat="41.75888013822498" lon="123.40006496959309">
        <ele>43.960687063634396</ele>
        <time>2025-06-06T22:30:03Z</time>
        <extensions>
          <gpxtpx:TrackPointExtension>
            <gpxtpx:hr>162</gpxtpx:hr>
          </gpxtpx:TrackPointExtension>
        </extensions>
      </trkpt>
      <trkpt lat="41.75892849479863" lon="123.39993270096058">
        <ele>41.4546565245837</ele>
        <time>2025-06-06T22:30:07Z</time>
        <extensions>
          <gpxtpx:TrackPointExtension>
            <gpxtpx:hr>162</gpxtpx:hr>
          </gpxtpx:TrackPointExtension>
        </extensions>
      </trkpt>
      <trkpt lat="41.75895452017504" lon="123.39979514342171">
        <ele>41.40991393011063</ele>
        <time>2025-06-06T22:30:11Z</time>
        <extensions>
          <gpxtpx:TrackPointExtension>
            <gpxtpx:hr>162</gpxtpx:hr>
          </gpxtpx:TrackPointExtension>
        </extensions>
      </trkpt>
      <trkpt lat="41.7589915797918" lon="123.39966772037867">
        <ele>41.289538751356304</ele>
        <time>2025-06-06T22:30:15Z</time>
      </trkpt>
      <trkpt lat="41.759018273434066" lon="123.39954356956072">
        <ele>41.83823901042342</ele>
        <time>2025-06-06T22:30:19Z</time>
        <extensions>
          <gpxtpx:TrackPointExtension>
            <gpxtpx:hr>160</gpxtpx:hr>
          </gpxtpx:TrackPointExtension>
        </extensions>
      </trkpt>
      <trkpt lat="41.759048008758185" lon="123.39942330847344">
        <ele>42.489504873752594</ele>
        <time>2025-06-06T22:30:23Z</time>
      </trkpt>
      <trkpt lat="41.75905446542764" lon="123.39928058141439">
        <ele>42.63188689108938</ele>
        <time>2025-06-06T22:30:26Z</time>
        <extensions>
          <gpxtpx:TrackPointExtension>
            <gpxtpx:hr>160</gpxtpx:hr>
          </gpxtpx:TrackPointExtension>
        </extensions>
      </trkpt>
      <trkpt lat="41.75908356055498" lon="123.39914600563486">
        <ele>42.321667147800326</ele>
        <time>2025-06-06T22:30:30Z</time>
        <extensions>
          <gpxtpx:TrackPointExtension>
            <gpxtpx:hr>161</gpxtpx:hr>
          </gpxtpx:TrackPointExtension>
        </extensions>
      </trkpt>
      <trkpt lat="41.7591159472796" lon="123.39899981913872">
        <ele>42.02349349670112</ele>
        <time>2025-06-06T22:30:34Z</time>
        <extensions>
          <gpxtpx:TrackPointExtension>
            <gpxtpx:hr>161</gpxtpx:hr>
          </gpxtpx:TrackPointExtension>
        </extensions>
      </trkpt>
      <trkpt lat="41.759136594167" lon="123.39887377781137">
        <ele>42.978841254487634</ele>
        <time>2025-06-06T22:30:38Z</time>
        <extensions>
          <gpxtpx:TrackPointExtension>
            <gpxtpx:hr>161</gpxtpx:hr>
          </gpxtpx:TrackPointExtension>
        </extensions>
      </trkpt>
      <trkpt lat="41.75916625056531" lon="123.39873978695188">
        <ele>43.1500710202381</ele>
        <time>2025-06-06T22:30:41Z</time>
      </trkpt>
      <trkpt lat="41.75916989748349" lon="123.39861203935683">
        <ele>42.37037937901914</ele>
        <time>2025-06-06T22:30:45Z</time>
        <extensions>
          <gpxtpx:TrackPointExtension>
            <gpxtpx:hr>161</gpxtpx:hr>
          </gpxtpx:TrackPointExtension>
        </extensions>
      </trkpt>
      <trkpt lat="41.75919698688621" lon="123.39847136695525">
        <ele>42.56744471937418</ele>
        <time>2025-06-06T22:30:49Z</time>
      </trkpt>
      <trkpt lat="41.75922701590123" lon="123.39835139948788">
        <ele>42.88177268765867</ele>
        <time>2025-06-06T22:30:53Z</time>
        <extensions>
          <gpxtpx:TrackPointExtension>
            <gpxtpx:hr>160</gpxtpx:hr>
          </gpxtpx:TrackPointExtension>
        </extensions>
      </trkpt>
      <trkpt lat="41.759239032606615" lon="123.39823116624547">
        <ele>41.93261460214853</ele>
        <time>2025-06-06T22:30:56Z</time>
      </trkpt>
      <trkpt lat="41.75925268507549" lon="123.39809731616451">
        <ele>42.00548550859094</ele>
        <time>2025-06-06T22:31:00Z</time>
        <extensions>
          <gpxtpx:TrackPointExtension>
            <gpxtpx:hr>161</gpxtpx:hr>
          </gpxtpx:TrackPointExtension>
        </extensions>
      </trkpt>
      <trkpt lat="41.759252970918574" lon="123.39793800962464">
        <ele>42.22065493091941</ele>
        <time>2025-06-06T22:31:04Z</time>
        <extensions>
          <gpxtpx:TrackPointExtension>
            <gpxtpx:hr>161</gpxtpx:hr>
          </gpxtpx:TrackPointExtension>
        </extensions>
      </trkpt>
      <trkpt lat="41.759266317513635" lon="123.39781543433064">
        <ele>42.10849595069885</ele>
        <time>2025-06-06T22:31:07.999000Z</time>
      </trkpt>
      <trkpt lat="41.75928359457457" lon="123.3976826271401">
        <ele>41.83916779700667</ele>
        <time>2025-06-06T22:31:10.999000Z</time>
        <extensions>
          <gpxtpx:TrackPointExtension>
            <gpxtpx:hr>161</gpxtpx:hr>
          </gpxtpx:TrackPointExtension>
        </extensions>
      </trkpt>
      <trkpt lat="41.75929253595741" lon="123.39755933619982">
        <ele>41.82853317540139</ele>
        <time>2025-06-06T22:31:13.999000Z</time>
      </trkpt>
      <trkpt lat="41.759290373578665" lon="123.39742234280419">
        <ele>41.71590395830572</ele>
        <time>2025-06-06T22:31:17.999000Z</time>
        <extensions>
          <gpxtpx:TrackPointExtension>
            <gpxtpx:hr>160</gpxtpx:hr>
          </gpxtpx:TrackPointExtension>
        </extensions>
      </trkpt>
      <trkpt lat="41.75931589333235" lon="123.39727289478783">
        <ele>41.80149512644857</ele>
        <time>2025-06-06T22:31:22Z</time>
      </trkpt>
      <trkpt lat="41.75930914233598" lon="123.3971411050056">
        <ele>41.62072206009179</ele>
        <time>2025-06-06T22:31:26Z</time>
      </trkpt>
      <trkpt lat="41.7593283445007" lon="123.39699933651546">
        <ele>40.99711969029158</ele>
        <time>2025-06-06T22:31:30Z</time>
        <extensions>
          <gpxtpx:TrackPointExtension>
            <gpxtpx:hr>160</gpxtpx:hr>
          </gpxtpx:TrackPointExtension>
        </extensions>
      </trkpt>
      <trkpt lat="41.75933644134833" lon="123.3968649388818">
        <ele>41.92178581096232</ele>
        <time>2025-06-06T22:31:34Z</time>
        <extensions>
          <gpxtpx:TrackPointExtension>
            <gpxtpx:hr>160</gpxtpx:hr>
          </gpxtpx:TrackPointExtension>
        </extensions>
      </trkpt>
      <trkpt lat="41.75935494009559" lon="123.39671313275127">
        <ele>43.13177762273699</ele>
        <time>2025-06-06T22:31:38Z</time>
        <extensions>
          <gpxtpx:TrackPointExtension>
            <gpxtpx:hr>161</gpxtpx:hr>
          </gpxtpx:TrackPointExtension>
        </extensions>
      </trkpt>
      <trkpt lat="41.75937186460454" lon="123.39657330781759">
        <ele>43.95519940648228</ele>
        <time>2025-06-06T22:31:42Z</time>
        <extensions>
          <gpxtpx:TrackPointExtension>
            <gpxtpx:hr>161</gpxtpx:hr>
          </gpxtpx:TrackPointExtension>
        </extensions>
      </trkpt>
      <trkpt lat="41.7593528751137" lon="123.39642784499763">
        <ele>44.19151877332479</ele>
        <time>2025-06-06T22:31:46Z</time>
      </trkpt>
      <trkpt lat="41.75937013976183" lon="123.39629110765941">
        <ele>44.17402456421405</ele>
        <time>2025-06-06T22:31:50Z</time>
        <extensions>
          <gpxtpx:TrackPointExtension>
            <gpxtpx:hr>160</gpxtpx:hr>
          </gpxtpx:TrackPointExtension>
        </extensions>
      </trkpt>
      <trkpt lat="41.75938961870693" lon="123.39614867540338">
        <ele>44.00371670443565</ele>
        <time>2025-06-06T22:31:54Z</time>
        <extensions>
          <gpxtpx:TrackPointExtension>
            <gpxtpx:hr>160</gpxtpx:hr>
          </gpxtpx:TrackPointExtension>
        </extensions>
      </trkpt>
      <trkpt lat="41.75941204225256" lon="123.39599482611442">
        <ele>44.0640664473176</ele>
        <time>2025-06-06T22:31:59Z</time>
        <extensions>
          <gpxtpx:TrackPointExtension>
            <gpxtpx:hr>160</gpxtpx:hr>
          </gpxtpx:TrackPointExtension>
        </extensions>
      </trkpt>
      <trkpt lat="41.759415983180325" lon="123.39585303847295">
        <ele>43.90563086140901</ele>
        <time>2025-06-06T22:32:03Z</time>
      </trkpt>
      <trkpt lat="41.75942743996605" lon="123.39570796905333">
        <ele>44.26823762524873</ele>
        <time>2025-06-06T22:32:07Z</time>
        <extensions>
          <gpxtpx:TrackPointExtension>
            <gpxtpx:hr>160</gpxtpx:hr>
          </gpxtpx:TrackPointExtension>
        </extensions>
      </trkpt>
      <trkpt lat="41.759424988541376" lon="123.39556127547932">
        <ele>44.42108706384897</ele>
        <time>2025-06-06T22:32:11Z</time>
        <extensions>
          <gpxtpx:TrackPointExtension>
            <gpxtpx:hr>160</gpxtpx:hr>
          </gpxtpx:TrackPointExtension>
        </extensions>
      </trkpt>
      <trkpt lat="41.75943006554249" lon="123.39541093930171">
        <ele>44.02270441874862</ele>
        <time>2025-06-06T22:32:15Z</time>
        <extensions>
          <gpxtpx:TrackPointExtension>
            <gpxtpx:hr>160</gpxtpx:hr>
          </gpxtpx:TrackPointExtension>
        </extensions>
      </trkpt>
      <trkpt lat="41.759430648983326" lon="123.39528042602466">
        <ele>42.445251163095236</ele>
        <time>2025-06-06T22:32:19Z</time>
      </trkpt>
      <trkpt lat="41.759453275566344" lon="123.39512929101407">
        <ele>42.275366116315126</ele>
        <time>2025-06-06T22:32:23Z</time>
        <extensions>
          <gpxtpx:TrackPointExtension>
            <gpxtpx:hr>160</gpxtpx:hr>
          </gpxtpx:TrackPointExtension>
        </extensions>
      </trkpt>
      <trkpt lat="41.75944695035038" lon="123.3949888703086">
        <ele>42.46612274367362</ele>
        <time>2025-06-06T22:32:27Z</time>
        <extensions>
          <gpxtpx:TrackPointExtension>
            <gpxtpx:hr>161</gpxtpx:hr>
          </gpxtpx:TrackPointExtension>
        </extensions>
      </trkpt>
      <trkpt lat="41.75946387848805" lon="123.39484531791622">
        <ele>42.44390940666199</ele>
        <time>2025-06-06T22:32:31Z</time>
        <extensions>
          <gpxtpx:TrackPointExtension>
            <gpxtpx:hr>161</gpxtpx:hr>
          </gpxtpx:TrackPointExtension>
        </extensions>
      </trkpt>
      <trkpt lat="41.75945075398081" lon="123.39470508620778">
        <ele>42.52485739160329</ele>
        <time>2025-06-06T22:32:35Z</time>
      </trkpt>
      <trkpt lat="41.759473440060596" lon="123.3945717542521">
        <ele>43.16883378662169</ele>
        <time>2025-06-06T22:32:39Z</time>
        <extensions>
          <gpxtpx:TrackPointExtension>
            <gpxtpx:hr>160</gpxtpx:hr>
          </gpxtpx:TrackPointExtension>
        </extensions>
      </trkpt>
      <trkpt lat="41.759471722142656" lon="123.3944396873051">
        <ele>43.138072482310236</ele>
        <time>2025-06-06T22:32:43Z</time>
      </trkpt>
      <trkpt lat="41.75944494753692" lon="123.39432278415919">
        <ele>43.79878637846559</ele>
        <time>2025-06-06T22:32:46Z</time>
        <extensions>
          <gpxtpx:TrackPointExtension>
            <gpxtpx:hr>161</gpxtpx:hr>
          </gpxtpx:TrackPointExtension>
        </extensions>
      </trkpt>
      <trkpt lat="41.75946128920777" lon="123.39417414971807">
        <ele>43.718968966044486</ele>
        <time>2025-06-06T22:32:50Z</time>
        <extensions>
          <gpxtpx:TrackPointExtension>
            <gpxtpx:hr>159</gpxtpx:hr>
          </gpxtpx:TrackPointExtension>
        </extensions>
      </trkpt>
      <trkpt lat="41.75946478553612" lon="123.39401055859004">
        <ele>43.26714951265603</ele>
        <time>2025-06-06T22:32:54Z</time>
      </trkpt>
      <trkpt lat="41.75945261835546" lon="123.39385866495832">
        <ele>44.068822210654616</ele>
        <time>2025-06-06T22:32:58Z</time>
        <extensions>
          <gpxtpx:TrackPointExtension>
            <gpxtpx:hr>160</gpxtpx:hr>
          </gpxtpx:TrackPointExtension>
        </extensions>
      </trkpt>
      <trkpt lat="41.759446921514495" lon="123.39372647341878">
        <ele>43.38768751360476</ele>
        <time>2025-06-06T22:33:01Z</time>
      </trkpt>
      <trkpt lat="41.75941878107411" lon="123.39357656097017">
        <ele>43.251650650054216</ele>
        <time>2025-06-06T22:33:05Z</time>
        <extensions>
          <gpxtpx:TrackPointExtension>
            <gpxtpx:hr>161</gpxtpx:hr>
          </gpxtpx:TrackPointExtension>
        </extensions>
      </trkpt>
      <trkpt lat="41.759414980049904" lon="123.39345102516057">
        <ele>43.445067145861685</ele>
        <time>2025-06-06T22:33:08Z</time>
      </trkpt>
      <trkpt lat="41.75940272735508" lon="123.39329034038542">
        <ele>44.168912085704505</ele>
        <time>2025-06-06T22:33:12Z</time>
        <extensions>
          <gpxtpx:TrackPointExtension>
            <gpxtpx:hr>162</gpxtpx:hr>
          </gpxtpx:TrackPointExtension>
        </extensions>
      </trkpt>
      <trkpt lat="41.7593849820711" lon="123.39316376321074">
        <ele>43.71501076221466</ele>
        <time>2025-06-06T22:33:15Z</time>
        <extensions>
          <gpxtpx:TrackPointExtension>
            <gpxtpx:hr>162</gpxtpx:hr>
          </gpxtpx:TrackPointExtension>
        </extensions>
      </trkpt>
      <trkpt lat="41.75939589208504" lon="123.39301814100936">
        <ele>44.210259575396776</ele>
        <time>2025-06-06T22:33:19Z</time>
      </trkpt>
      <trkpt lat="41.759396696772775" lon="123.39289672034182">
        <ele>45.05771571584046</ele>
        <time>2025-06-06T22:33:22Z</time>
        <extensions>
          <gpxtpx:TrackPointExtension>
            <gpxtpx:hr>161</gpxtpx:hr>
          </gpxtpx:TrackPointExtension>
        </extensions>
      </trkpt>
      <trkpt lat="41.75937083578694" lon="123.39275697421432">
        <ele>45.64757150132209</ele>
        <time>2025-06-06T22:33:26Z</time>
        <extensions>
          <gpxtpx:TrackPointExtension>
            <gpxtpx:hr>161</gpxtpx:hr>
          </gpxtpx:TrackPointExtension>
        </extensions>
      </trkpt>
      <trkpt lat="41.7593599107202" lon="123.39263005001501">
        <ele>44.94189920742065</ele>
        <time>2025-06-06T22:33:29Z</time>
      </trkpt>
      <trkpt lat="41.759316974458734" lon="123.3925113759484">
        <ele>45.87506986036897</ele>
        <time>2025-06-06T22:33:32Z</time>
        <extensions>
          <gpxtpx:TrackPointExtension>
            <gpxtpx:hr>162</gpxtpx:hr>
          </gpxtpx:TrackPointExtension>
        </extensions>
      </trkpt>
      <trkpt lat="41.759259896779646" lon="123.39239505482179">
        <ele>45.47064514923841</ele>
        <time>2025-06-06T22:33:36Z</time>
        <extensions>
          <gpxtpx:TrackPointExtension>
            <gpxtpx:hr>162</gpxtpx:hr>
          </gpxtpx:TrackPointExtension>
        </extensions>
      </trkpt>
      <trkpt lat="41.7592203616663" lon="123.3922569497362">
        <ele>44.08312469813973</ele>
        <time>2025-06-06T22:33:40Z</time>
        <extensions>
          <gpxtpx:TrackPointExtension>
            <gpxtpx:hr>162</gpxtpx:hr>
          </gpxtpx:TrackPointExtension>
        </extensions>
      </trkpt>
      <trkpt lat="41.75917416751069" lon="123.39214613703592">
        <ele>44.883764249272645</ele>
        <time>2025-06-06T22:33:43Z</time>
      </trkpt>
      <trkpt lat="41.75917922178388" lon="123.39198734066677">
        <ele>44.76586212683469</ele>
        <time>2025-06-06T22:33:47Z</time>
        <extensions>
          <gpxtpx:TrackPointExtension>
            <gpxtpx:hr>161</gpxtpx:hr>
          </gpxtpx:TrackPointExtension>
        </extensions>
      </trkpt>
      <trkpt lat="41.75917096228545" lon="123.39186502373182">
        <ele>44.86371610686183</ele>
        <time>2025-06-06T22:33:51Z</time>
        <extensions>
          <gpxtpx:TrackPointExtension>
            <gpxtpx:hr>162</gpxtpx:hr>
          </gpxtpx:TrackPointExtension>
        </extensions>
      </trkpt>
      <trkpt lat="41.7591876667279" lon="123.39172189102409">
        <ele>45.434469033032656</ele>
        <time>2025-06-06T22:33:55Z</time>
        <extensions>
          <gpxtpx:TrackPointExtension>
            <gpxtpx:hr>162</gpxtpx:hr>
          </gpxtpx:TrackPointExtension>
        </extensions>
      </trkpt>
      <trkpt lat="41.75919093807451" lon="123.39158656537349">
        <ele>45.2199785374105</ele>
        <time>2025-06-06T22:33:59Z</time>
      </trkpt>
      <trkpt lat="41.759156494098946" lon="123.39145411693997">
        <ele>44.64068069308996</ele>
        <time>2025-06-06T22:34:03Z</time>
        <extensions>
          <gpxtpx:TrackPointExtension>
            <gpxtpx:hr>162</gpxtpx:hr>
          </gpxtpx:TrackPointExtension>
        </extensions>
      </trkpt>
      <trkpt lat="41.75907413440886" lon="123.39138997532106">
        <ele>44.599284468218684</ele>
        <time>2025-06-06T22:34:06Z</time>
      </trkpt>
      <trkpt lat="41.758980647900415" lon="123.39137954253223">
        <ele>43.924417614005506</ele>
        <time>2025-06-06T22:34:11Z</time>
        <extensions>
          <gpxtpx:TrackPointExtension>
            <gpxtpx:hr>162</gpxtpx:hr>
          </gpxtpx:TrackPointExtension>
        </extensions>
      </trkpt>
      <trkpt lat="41.758887373581416" lon="123.3913508816494">
        <ele>44.35490352381021</ele>
        <time>2025-06-06T22:34:15Z</time>
      </trkpt>
      <trkpt lat="41.758828706031174" lon="123.39125930696376">
        <ele>44.746059224940836</ele>
        <time>2025-06-06T22:34:18Z</time>
      </trkpt>
      <trkpt lat="41.75878958407676" lon="123.39114861972678">
        <ele>43.99451870005578</ele>
        <time>2025-06-06T22:34:22Z</time>
      </trkpt>
      <trkpt lat="41.75875701701311" lon="123.39102494508609">
        <ele>44.24162374436855</ele>
        <time>2025-06-06T22:34:26Z</time>
        <extensions>
          <gpxtpx:TrackPointExtension>
            <gpxtpx:hr>162</gpxtpx:hr>
          </gpxtpx:TrackPointExtension>
        </extensions>
      </trkpt>
      <trkpt lat="41.758719632616895" lon="123.3908818958886">
        <ele>43.8318635141477</ele>
        <time>2025-06-06T22:34:31Z</time>
      </trkpt>
      <trkpt lat="41.75867777557286" lon="123.39075514408741">
        <ele>44.10384261794388</ele>
        <time>2025-06-06T22:34:35Z</time>
      </trkpt>
      <trkpt lat="41.75861214395548" lon="123.39064602947556">
        <ele>44.419381747953594</ele>
        <time>2025-06-06T22:34:40Z</time>
      </trkpt>
      <trkpt lat="41.75858326358756" lon="123.39052986410888">
        <ele>44.675208766944706</ele>
        <time>2025-06-06T22:34:44Z</time>
      </trkpt>
      <trkpt lat="41.7585299226686" lon="123.3904082671687">
        <ele>45.50287563260645</ele>
        <time>2025-06-06T22:34:49Z</time>
      </trkpt>
      <trkpt lat="41.75848136400392" lon="123.39027142422631">
        <ele>46.06341452244669</ele>
        <time>2025-06-06T22:34:54Z</time>
      </trkpt>
      <trkpt lat="41.758440498131804" lon="123.39014646372902">
        <ele>45.147000391967595</ele>
        <time>2025-06-06T22:34:58Z</time>
      </trkpt>
      <trkpt lat="41.75838290112968" lon="123.39003203791981">
        <ele>45.425829319283366</ele>
        <time>2025-06-06T22:35:02Z</time>
      </trkpt>
      <trkpt lat="41.75831544835344" lon="123.38992377359082">
        <ele>44.81386971846223</ele>
        <time>2025-06-06T22:35:06Z</time>
      </trkpt>
      <trkpt lat="41.75825476119199" lon="123.38981613921376">
        <ele>44.963428631424904</ele>
        <time>2025-06-06T22:35:10Z</time>
      </trkpt>
      <trkpt lat="41.75818412429272" lon="123.38972910239572">
        <ele>45.750572096556425</ele>
        <time>2025-06-06T22:35:14Z</time>
      </trkpt>
      <trkpt lat="41.758088107925616" lon="123.38965240950398">
        <ele>45.34809415508062</ele>
        <time>2025-06-06T22:35:18Z</time>
      </trkpt>
      <trkpt lat="41.75798556534283" lon="123.38959289570002">
        <ele>44.19291335809976</ele>
        <time>2025-06-06T22:35:22Z</time>
      </trkpt>
      <trkpt lat="41.75790110225116" lon="123.3895315895863">
        <ele>43.94740653689951</ele>
        <time>2025-06-06T22:35:26Z</time>
      </trkpt>
      <trkpt lat="41.75779485446439" lon="123.38953035449104">
        <ele>43.817255646921694</ele>
        <time>2025-06-06T22:35:31Z</time>
      </trkpt>
      <trkpt lat="41.75769371534921" lon="123.38952851527311">
        <ele>43.204040974378586</ele>
        <time>2025-06-06T22:35:35Z</time>
      </trkpt>
      <trkpt lat="41.75759959755224" lon="123.38954413283473">
        <ele>42.97934457287192</ele>
        <time>2025-06-06T22:35:39Z</time>
      </trkpt>
      <trkpt lat="41.75748623217796" lon="123.38958437089806">
        <ele>42.49826252926141</ele>
        <time>2025-06-06T22:35:43Z</time>
      </trkpt>
      <trkpt lat="41.75739392096176" lon="123.3896240260197">
        <ele>42.74102656915784</ele>
        <time>2025-06-06T22:35:47Z</time>
      </trkpt>
      <trkpt lat="41.75728785127154" lon="123.38969054962072">
        <ele>42.2982503362</ele>
        <time>2025-06-06T22:35:51Z</time>
      </trkpt>
      <trkpt lat="41.75719691332286" lon="123.389737662992">
        <ele>42.837598422542214</ele>
        <time>2025-06-06T22:35:55Z</time>
      </trkpt>
      <trkpt lat="41.75709598128684" lon="123.38980508959033">
        <ele>42.41545595321804</ele>
        <time>2025-06-06T22:35:59Z</time>
      </trkpt>
      <trkpt lat="41.756993638058695" lon="123.38987014385931">
        <ele>42.13719263114035</ele>
        <time>2025-06-06T22:36:03Z</time>
      </trkpt>
      <trkpt lat="41.756911804260966" lon="123.38992553619754">
        <ele>42.42616572417319</ele>
        <time>2025-06-06T22:36:06Z</time>
      </trkpt>
      <trkpt lat="41.75680032575243" lon="123.38999312054234">
        <ele>41.953144039958715</ele>
        <time>2025-06-06T22:36:10Z</time>
      </trkpt>
      <trkpt lat="41.75670720388841" lon="123.39003915734217">
        <ele>41.455611899495125</ele>
        <time>2025-06-06T22:36:13Z</time>
      </trkpt>
      <trkpt lat="41.75662362167431" lon="123.39008861299781">
        <ele>41.940061832778156</ele>
        <time>2025-06-06T22:36:16Z</time>
      </trkpt>
      <trkpt lat="41.75650870954915" lon="123.39015045076853">
        <ele>41.34881288651377</ele>
        <time>2025-06-06T22:36:20Z</time>
      </trkpt>
      <trkpt lat="41.75640340574518" lon="123.39020117016689">
        <ele>40.990324195474386</ele>
        <time>2025-06-06T22:36:24Z</time>
      </trkpt>
      <trkpt lat="41.75632078510437" lon="123.39025130359715">
        <ele>41.15209535975009</ele>
        <time>2025-06-06T22:36:27Z</time>
      </trkpt>
      <trkpt lat="41.756243399238194" lon="123.3903176238762">
        <ele>41.48057740088552</ele>
        <time>2025-06-06T22:36:30Z</time>
      </trkpt>
      <trkpt lat="41.75613772905858" lon="123.39036907230071">
        <ele>41.87604270875454</ele>
        <time>2025-06-06T22:36:34Z</time>
      </trkpt>
      <trkpt lat="41.75603467608144" lon="123.39043008417005">
        <ele>42.77918492164463</ele>
        <time>2025-06-06T22:36:38Z</time>
      </trkpt>
      <trkpt lat="41.75594267922702" lon="123.39046701211166">
        <ele>43.19706628564745</ele>
        <time>2025-06-06T22:36:41Z</time>
      </trkpt>
      <trkpt lat="41.75583653160176" lon="123.39052391295037">
        <ele>43.11258277203888</ele>
        <time>2025-06-06T22:36:45Z</time>
      </trkpt>
      <trkpt lat="41.75574112219285" lon="123.39060015189791">
        <ele>42.14811167307198</ele>
        <time>2025-06-06T22:36:49Z</time>
      </trkpt>
      <trkpt lat="41.75563335576547" lon="123.39069615893192">
        <ele>42.37900805938989</ele>
        <time>2025-06-06T22:36:53Z</time>
      </trkpt>
      <trkpt lat="41.755551999899005" lon="123.39079718340074">
        <ele>41.27431973721832</ele>
        <time>2025-06-06T22:36:57Z</time>
      </trkpt>
      <trkpt lat="41.755499443656255" lon="123.3908971277888">
        <ele>42.00867810100317</ele>
        <time>2025-06-06T22:37:00Z</time>
      </trkpt>
      <trkpt lat="41.75545636208813" lon="123.39102799164517">
        <ele>42.17802590504289</ele>
        <time>2025-06-06T22:37:04Z</time>
      </trkpt>
      <trkpt lat="41.75542781491884" lon="123.39114245597152">
        <ele>42.16159845236689</ele>
        <time>2025-06-06T22:37:07Z</time>
      </trkpt>
      <trkpt lat="41.75540798308088" lon="123.39129140145839">
        <ele>42.331555558368564</ele>
        <time>2025-06-06T22:37:11Z</time>
      </trkpt>
      <trkpt lat="41.755414313632876" lon="123.39143633296052">
        <ele>42.40284178312868</ele>
        <time>2025-06-06T22:37:15Z</time>
      </trkpt>
      <trkpt lat="41.7554244979081" lon="123.39155630759936">
        <ele>42.91981117334217</ele>
        <time>2025-06-06T22:37:18Z</time>
      </trkpt>
      <trkpt lat="41.75544087212281" lon="123.3917023446721">
        <ele>42.95627508405596</ele>
        <time>2025-06-06T22:37:22Z</time>
      </trkpt>
      <trkpt lat="41.755458957061535" lon="123.39182172595726">
        <ele>42.26761985383928</ele>
        <time>2025-06-06T22:37:25Z</time>
        <extensions>
          <gpxtpx:TrackPointExtension>
            <gpxtpx:hr>160</gpxtpx:hr>
          </gpxtpx:TrackPointExtension>
        </extensions>
      </trkpt>
      <trkpt lat="41.755485342773206" lon="123.39195743627171">
        <ele>43.07738783676177</ele>
        <time>2025-06-06T22:37:29Z</time>
      </trkpt>
      <trkpt lat="41.755486151348066" lon="123.39207876253158">
        <ele>42.448028163053095</ele>
        <time>2025-06-06T22:37:32Z</time>
      </trkpt>
      <trkpt lat="41.755520000822926" lon="123.3922046864011">
        <ele>43.117399604059756</ele>
        <time>2025-06-06T22:37:35Z</time>
      </trkpt>
      <trkpt lat="41.75556171062354" lon="123.39234550904182">
        <ele>43.251168355345726</ele>
        <time>2025-06-06T22:37:39Z</time>
        <extensions>
          <gpxtpx:TrackPointExtension>
            <gpxtpx:hr>161</gpxtpx:hr>
          </gpxtpx:TrackPointExtension>
        </extensions>
      </trkpt>
      <trkpt lat="41.755588230518455" lon="123.39246115491217">
        <ele>42.81828080583364</ele>
        <time>2025-06-06T22:37:42Z</time>
      </trkpt>
      <trkpt lat="41.75561444680894" lon="123.39261003476031">
        <ele>42.90245226584375</ele>
        <time>2025-06-06T22:37:46Z</time>
        <extensions>
          <gpxtpx:TrackPointExtension>
            <gpxtpx:hr>161</gpxtpx:hr>
          </gpxtpx:TrackPointExtension>
        </extensions>
      </trkpt>
      <trkpt lat="41.7556549391791" lon="123.39274004078355">
        <ele>42.91691325325519</ele>
        <time>2025-06-06T22:37:50Z</time>
      </trkpt>
      <trkpt lat="41.75567204637515" lon="123.39289499792555">
        <ele>42.389422847889364</ele>
        <time>2025-06-06T22:37:54Z</time>
        <extensions>
          <gpxtpx:TrackPointExtension>
            <gpxtpx:hr>161</gpxtpx:hr>
          </gpxtpx:TrackPointExtension>
        </extensions>
      </trkpt>
      <trkpt lat="41.75569950899715" lon="123.39300961340928">
        <ele>41.660888156853616</ele>
        <time>2025-06-06T22:37:57Z</time>
      </trkpt>
      <trkpt lat="41.755717438657584" lon="123.39315502676244">
        <ele>41.639188354834914</ele>
        <time>2025-06-06T22:38:01Z</time>
      </trkpt>
      <trkpt lat="41.755760116811544" lon="123.39328807626949">
        <ele>42.6984344786033</ele>
        <time>2025-06-06T22:38:05Z</time>
      </trkpt>
      <trkpt lat="41.75577531879146" lon="123.39344339610749">
        <ele>42.323432424105704</ele>
        <time>2025-06-06T22:38:09Z</time>
      </trkpt>
      <trkpt lat="41.75581117101312" lon="123.39359104246859">
        <ele>42.05217267759144</ele>
        <time>2025-06-06T22:38:13Z</time>
        <extensions>
          <gpxtpx:TrackPointExtension>
            <gpxtpx:hr>159</gpxtpx:hr>
          </gpxtpx:TrackPointExtension>
        </extensions>
      </trkpt>
      <trkpt lat="41.755799156565764" lon="123.39373250212097">
        <ele>41.81657859776169</ele>
        <time>2025-06-06T22:38:17Z</time>
      </trkpt>
      <trkpt lat="41.75576495545681" lon="123.39386513895997">
        <ele>42.46455919183791</ele>
        <time>2025-06-06T22:38:21Z</time>
      </trkpt>
      <trkpt lat="41.75573171044168" lon="123.39398326186375">
        <ele>42.39022692106664</ele>
        <time>2025-06-06T22:38:25Z</time>
      </trkpt>
      <trkpt lat="41.755735859080794" lon="123.3941210843727">
        <ele>42.32991148997098</ele>
        <time>2025-06-06T22:38:30Z</time>
      </trkpt>
      <trkpt lat="41.75573352291299" lon="123.39427070999756">
        <ele>43.153908749111</ele>
        <time>2025-06-06T22:38:35Z</time>
      </trkpt>
      <trkpt lat="41.755714098737315" lon="123.39440750700075">
        <ele>43.71049650758505</ele>
        <time>2025-06-06T22:38:39Z</time>
      </trkpt>
      <trkpt lat="41.75574410654738" lon="123.39454545772969">
        <ele>43.4248185204342</ele>
        <time>2025-06-06T22:38:43Z</time>
      </trkpt>
      <trkpt lat="41.7557433809662" lon="123.39467667669304">
        <ele>43.77404879592359</ele>
        <time>2025-06-06T22:38:47Z</time>
      </trkpt>
      <trkpt lat="41.75572308894538" lon="123.3948059645297">
        <ele>43.66197516955435</ele>
        <time>2025-06-06T22:38:51Z</time>
      </trkpt>
      <trkpt lat="41.7557238912423" lon="123.3949510705303">
        <ele>42.830329111777246</ele>
        <time>2025-06-06T22:38:55Z</time>
      </trkpt>
      <trkpt lat="41.755706560123976" lon="123.39510094555553">
        <ele>42.564619190990925</ele>
        <time>2025-06-06T22:39:00Z</time>
      </trkpt>
      <trkpt lat="41.75571556322669" lon="123.39523721707592">
        <ele>42.14669709093869</ele>
        <time>2025-06-06T22:39:04Z</time>
      </trkpt>
      <trkpt lat="41.755700645171174" lon="123.39538819887314">
        <ele>42.41014868952334</ele>
        <time>2025-06-06T22:39:08Z</time>
      </trkpt>
      <trkpt lat="41.755707871830786" lon="123.3955177534641">
        <ele>43.24306955561042</ele>
        <time>2025-06-06T22:39:12Z</time>
      </trkpt>
      <trkpt lat="41.7557280585948" lon="123.39564313839755">
        <ele>42.859372914768755</ele>
        <time>2025-06-06T22:39:16Z</time>
      </trkpt>
      <trkpt lat="41.75573906130139" lon="123.39579088872901">
        <ele>43.44683028757572</ele>
        <time>2025-06-06T22:39:21Z</time>
      </trkpt>
      <trkpt lat="41.75572015055303" lon="123.39592137356505">
        <ele>43.16897191107273</ele>
        <time>2025-06-06T22:39:25Z</time>
      </trkpt>
      <trkpt lat="41.755728864000325" lon="123.3960515217324">
        <ele>43.526551502756774</ele>
        <time>2025-06-06T22:39:29Z</time>
      </trkpt>
      <trkpt lat="41.75571119986595" lon="123.39618229861172">
        <ele>42.96962166111916</ele>
        <time>2025-06-06T22:39:32.999000Z</time>
      </trkpt>
      <trkpt lat="41.755693474209316" lon="123.39632162827132">
        <ele>44.07494071405381</ele>
        <time>2025-06-06T22:39:36.999000Z</time>
      </trkpt>
      <trkpt lat="41.75567734293525" lon="123.3964607753016">
        <ele>44.381883868947625</ele>
        <time>2025-06-06T22:39:40.999000Z</time>
      </trkpt>
      <trkpt lat="41.75566204221321" lon="123.39661703989239">
        <ele>43.22014582436532</ele>
        <time>2025-06-06T22:39:45.999000Z</time>
      </trkpt>
      <trkpt lat="41.75564337185499" lon="123.39675627130012">
        <ele>43.79875492863357</ele>
        <time>2025-06-06T22:39:49.999000Z</time>
      </trkpt>
      <trkpt lat="41.7556368619304" lon="123.39688344895845">
        <ele>43.930360964499414</ele>
        <time>2025-06-06T22:39:53.999000Z</time>
      </trkpt>
      <trkpt lat="41.75559693743329" lon="123.39701653499664">
        <ele>44.892934991046786</ele>
        <time>2025-06-06T22:39:57.999000Z</time>
      </trkpt>
      <trkpt lat="41.75556241817409" lon="123.39713317479521">
        <ele>45.5969141703099</ele>
        <time>2025-06-06T22:40:01.999000Z</time>
      </trkpt>
      <trkpt lat="41.755536492599475" lon="123.39726536436339">
        <ele>45.06534064095467</ele>
        <time>2025-06-06T22:40:05.999000Z</time>
      </trkpt>
      <trkpt lat="41.75550342899198" lon="123.39740445208608">
        <ele>44.73700570873916</ele>
        <time>2025-06-06T22:40:10.999000Z</time>
      </trkpt>
      <trkpt lat="41.755464851093244" lon="123.3975228721697">
        <ele>44.538504355587065</ele>
        <time>2025-06-06T22:40:14.999000Z</time>
      </trkpt>
      <trkpt lat="41.75540883304105" lon="123.39765287391448">
        <ele>43.886179885827005</ele>
        <time>2025-06-06T22:40:19.999000Z</time>
      </trkpt>
      <trkpt lat="41.75536102784546" lon="123.39775970693556">
        <ele>43.92613909393549</ele>
        <time>2025-06-06T22:40:23.999000Z</time>
      </trkpt>
      <trkpt lat="41.75537025044754" lon="123.39791282635782">
        <ele>43.18997399415821</ele>
        <time>2025-06-06T22:40:27.999000Z</time>
      </trkpt>
      <trkpt lat="41.75535617126985" lon="123.39803197788734">
        <ele>43.9422153448686</ele>
        <time>2025-06-06T22:40:30.999000Z</time>
      </trkpt>
      <trkpt lat="41.75534260540545" lon="123.39817156557086">
        <ele>43.63412573374808</ele>
        <time>2025-06-06T22:40:34.999000Z</time>
      </trkpt>
      <trkpt lat="41.755312050012456" lon="123.39830200272606">
        <ele>43.38973571360111</ele>
        <time>2025-06-06T22:40:38.999000Z</time>
      </trkpt>
      <trkpt lat="41.7552854494177" lon="123.39844176311566">
        <ele>43.80311340279877</ele>
        <time>2025-06-06T22:40:42.999000Z</time>
      </trkpt>
      <trkpt lat="41.755251180499606" lon="123.39857134666242">
        <ele>42.93183069024235</ele>
        <time>2025-06-06T22:40:46.999000Z</time>
      </trkpt>
      <trkpt lat="41.75521537412551" lon="123.39871047722302">
        <ele>41.72288141772151</ele>
        <time>2025-06-06T22:40:50.999000Z</time>
      </trkpt>
      <trkpt lat="41.755195495483406" lon="123.39884880671514">
        <ele>42.01953603234142</ele>
        <time>2025-06-06T22:40:54.999000Z</time>
      </trkpt>
      <trkpt lat="41.75514902832797" lon="123.39895692730693">
        <ele>41.887814205139875</ele>
        <time>2025-06-06T22:40:57.999000Z</time>
      </trkpt>
      <trkpt lat="41.75511937870462" lon="123.3991092271083">
        <ele>42.23901281040162</ele>
        <time>2025-06-06T22:41:01.999000Z</time>
      </trkpt>
      <trkpt lat="41.75507845447136" lon="123.39924918036665">
        <ele>42.41915527172387</ele>
        <time>2025-06-06T22:41:05.999000Z</time>
      </trkpt>
      <trkpt lat="41.755016027323194" lon="123.39937080827485">
        <ele>42.31248330138624</ele>
        <time>2025-06-06T22:41:08.999000Z</time>
      </trkpt>
      <trkpt lat="41.75498274965685" lon="123.39949141433138">
        <ele>42.70792900305241</ele>
        <time>2025-06-06T22:41:11.999000Z</time>
      </trkpt>
      <trkpt lat="41.75496877864394" lon="123.39961497763669">
        <ele>42.500422907061875</ele>
        <time>2025-06-06T22:41:14.999000Z</time>
      </trkpt>
      <trkpt lat="41.75491340974707" lon="123.39971802233693">
        <ele>42.39536046888679</ele>
        <time>2025-06-06T22:41:17.999000Z</time>
      </trkpt>
      <trkpt lat="41.754870662064526" lon="123.39982703103767">
        <ele>43.29782878328115</ele>
        <time>2025-06-06T22:41:20.999000Z</time>
      </trkpt>
      <trkpt lat="41.754833861591344" lon="123.3999778271225">
        <ele>43.21540709491819</ele>
        <time>2025-06-06T22:41:24.999000Z</time>
      </trkpt>
      <trkpt lat="41.754788464943196" lon="123.40008407816435">
        <ele>42.95454379543662</ele>
        <time>2025-06-06T22:41:27.999000Z</time>
      </trkpt>
      <trkpt lat="41.75472558396014" lon="123.40018472149023">
        <ele>43.68627938628197</ele>
        <time>2025-06-06T22:41:30.999000Z</time>
      </trkpt>
      <trkpt lat="41.75469142934066" lon="123.40029633497852">
        <ele>42.417502217926085</ele>
        <time>2025-06-06T22:41:33.999000Z</time>
      </trkpt>
      <trkpt lat="41.75460692743365" lon="123.40040027965527">
        <ele>42.606559722684324</ele>
        <time>2025-06-06T22:41:37.999000Z</time>
      </trkpt>
      <trkpt lat="41.75455235170614" lon="123.4005388007216">
        <ele>41.97690192703158</ele>
        <time>2025-06-06T22:41:42Z</time>
      </trkpt>
      <trkpt lat="41.7544708604146" lon="123.40063884720047">
        <ele>43.29743489250541</ele>
        <time>2025-06-06T22:41:46Z</time>
      </trkpt>
      <trkpt lat="41.754384312279676" lon="123.4007173459001">
        <ele>42.75944120530039</ele>
        <time>2025-06-06T22:41:50Z</time>
      </trkpt>
      <trkpt lat="41.75436491922167" lon="123.40087173904739">
        <ele>41.57848092447966</ele>
        <time>2025-06-06T22:41:54Z</time>
      </trkpt>
      <trkpt lat="41.75433854672589" lon="123.40099600474302">
        <ele>42.1759643740952</ele>
        <time>2025-06-06T22:41:57Z</time>
      </trkpt>
      <trkpt lat="41.754290862193194" lon="123.40112525489441">
        <ele>42.51863054931164</ele>
        <time>2025-06-06T22:42:01Z</time>
      </trkpt>
      <trkpt lat="41.754248958563" lon="123.40125422621978">
        <ele>42.11582971084863</ele>
        <time>2025-06-06T22:42:05Z</time>
      </trkpt>
      <trkpt lat="41.75421608993189" lon="123.40138590940943">
        <ele>43.12013277038932</ele>
        <time>2025-06-06T22:42:09Z</time>
      </trkpt>
      <trkpt lat="41.75416768359046" lon="123.40152302273148">
        <ele>44.07260328903794</ele>
        <time>2025-06-06T22:42:13Z</time>
      </trkpt>
      <trkpt lat="41.754131406721726" lon="123.40164940429702">
        <ele>44.230645563453436</ele>
        <time>2025-06-06T22:42:17Z</time>
      </trkpt>
      <trkpt lat="41.75406949514212" lon="123.40176849864665">
        <ele>44.04252283833921</ele>
        <time>2025-06-06T22:42:21Z</time>
      </trkpt>
      <trkpt lat="41.75400882857005" lon="123.4018827156637">
        <ele>44.44112571142614</ele>
        <time>2025-06-06T22:42:25Z</time>
      </trkpt>
      <trkpt lat="41.75394588350979" lon="123.40199708739482">
        <ele>44.809412963688374</ele>
        <time>2025-06-06T22:42:29Z</time>
      </trkpt>
      <trkpt lat="41.75387579552786" lon="123.4020777231471">
        <ele>44.316861054860055</ele>
        <time>2025-06-06T22:42:32.001000Z</time>
      </trkpt>
      <trkpt lat="41.75379091216091" lon="123.40218366849165">
        <ele>45.06552213616669</ele>
        <time>2025-06-06T22:42:36.001000Z</time>
      </trkpt>
      <trkpt lat="41.75374370934911" lon="123.40230094837025">
        <ele>45.30839073844254</ele>
        <time>2025-06-06T22:42:40.001000Z</time>
      </trkpt>
      <trkpt lat="41.7536704867722" lon="123.4024105641101">
        <ele>45.84741698857397</ele>
        <time>2025-06-06T22:42:44.001000Z</time>
      </trkpt>
      <trkpt lat="41.75361277544005" lon="123.4025155778786">
        <ele>44.57843445520848</ele>
        <time>2025-06-06T22:42:48.001000Z</time>
      </trkpt>
      <trkpt lat="41.753541107164345" lon="123.40263200428795">
        <ele>44.43457758054137</ele>
        <time>2025-06-06T22:42:52.001000Z</time>
      </trkpt>
      <trkpt lat="41.75347082949776" lon="123.40270746018717">
        <ele>44.55232674814761</ele>
        <time>2025-06-06T22:42:55.001000Z</time>
      </trkpt>
      <trkpt lat="41.75338249375165" lon="123.40280270871442">
        <ele>44.072840069420636</ele>
        <time>2025-06-06T22:42:59.001000Z</time>
      </trkpt>
      <trkpt lat="41.753301692758875" lon="123.40288949246349">
        <ele>44.31776763871312</ele>
        <time>2025-06-06T22:43:03.001000Z</time>
      </trkpt>
      <trkpt lat="41.753216669233204" lon="123.40297823285515">
        <ele>42.76273517124355</ele>
        <time>2025-06-06T22:43:07.001000Z</time>
      </trkpt>
      <trkpt lat="41.75313693257478" lon="123.40307445195435">
        <ele>41.849177565425634</ele>
        <time>2025-06-06T22:43:11.001000Z</time>
      </trkpt>
      <trkpt lat="41.75306483565216" lon="123.40316235700338">
        <ele>42.018184890039265</ele>
        <time>2025-06-06T22:43:15.001000Z</time>
      </trkpt>
      <trkpt lat="41.75298652832754" lon="123.40323062143214">
        <ele>41.19524495024234</ele>
        <time>2025-06-06T22:43:19.001000Z</time>
      </trkpt>
      <trkpt lat="41.75289343840573" lon="123.40330193223066">
        <ele>39.59144355915487</ele>
        <time>2025-06-06T22:43:23.001000Z</time>
      </trkpt>
      <trkpt lat="41.75280496790733" lon="123.40336847597206">
        <ele>39.18211191892624</ele>
        <time>2025-06-06T22:43:27.001000Z</time>
      </trkpt>
      <trkpt lat="41.75271806721818" lon="123.40346064112674">
        <ele>40.41728798300028</ele>
        <time>2025-06-06T22:43:31.001000Z</time>
      </trkpt>
      <trkpt lat="41.75262061154516" lon="123.40352739509805">
        <ele>38.761891623958945</ele>
        <time>2025-06-06T22:43:35.001000Z</time>
      </trkpt>
      <trkpt lat="41.752554425141234" lon="123.40361953758422">
        <ele>38.49132593628019</ele>
        <time>2025-06-06T22:43:39.001000Z</time>
      </trkpt>
      <trkpt lat="41.75245675852208" lon="123.40370712534462">
        <ele>37.98109660297632</ele>
        <time>2025-06-06T22:43:43.001000Z</time>
      </trkpt>
      <trkpt lat="41.75237995568951" lon="123.40377087303654">
        <ele>38.01679002400488</ele>
        <time>2025-06-06T22:43:46.001000Z</time>
      </trkpt>
      <trkpt lat="41.75229228307998" lon="123.40384762030465">
        <ele>38.62516122870147</ele>
        <time>2025-06-06T22:43:50.001000Z</time>
      </trkpt>
      <trkpt lat="41.75221373420723" lon="123.40394191936312">
        <ele>39.14490020927042</ele>
        <time>2025-06-06T22:43:54Z</time>
      </trkpt>
      <trkpt lat="41.75213587650966" lon="123.4040045476256">
        <ele>40.270962657406926</ele>
        <time>2025-06-06T22:43:57Z</time>
      </trkpt>
      <trkpt lat="41.75204532520192" lon="123.40407579026765">
        <ele>39.22005707677454</ele>
        <time>2025-06-06T22:44:01Z</time>
      </trkpt>
      <trkpt lat="41.75195748581268" lon="123.40414487692145">
        <ele>38.80195847712457</ele>
        <time>2025-06-06T22:44:05Z</time>
      </trkpt>
      <trkpt lat="41.75186989592281" lon="123.40423715409385">
        <ele>40.214163763448596</ele>
        <time>2025-06-06T22:44:09Z</time>
      </trkpt>
      <trkpt lat="41.751793287366624" lon="123.40430240760831">
        <ele>40.63477261643857</ele>
        <time>2025-06-06T22:44:12Z</time>
      </trkpt>
      <trkpt lat="41.751706246549055" lon="123.40439531947764">
        <ele>40.630274190567434</ele>
        <time>2025-06-06T22:44:16Z</time>
      </trkpt>
      <trkpt lat="41.75162440657911" lon="123.40447092598932">
        <ele>40.96810828987509</ele>
        <time>2025-06-06T22:44:19Z</time>
      </trkpt>
      <trkpt lat="41.75153751882773" lon="123.40452903675327">
        <ele>40.911452238447964</ele>
        <time>2025-06-06T22:44:22Z</time>
      </trkpt>
      <trkpt lat="41.75145564340519" lon="123.40461628828177">
        <ele>40.61802429147065</ele>
        <time>2025-06-06T22:44:25Z</time>
      </trkpt>
      <trkpt lat="41.75134619985845" lon="123.40469451684054">
        <ele>40.05036725848913</ele>
        <time>2025-06-06T22:44:29Z</time>
      </trkpt>
      <trkpt lat="41.75126211312106" lon="123.40478849227591">
        <ele>41.341154431924224</ele>
        <time>2025-06-06T22:44:32Z</time>
      </trkpt>
      <trkpt lat="41.75117187484585" lon="123.40484796464925">
        <ele>41.7391633503139</ele>
        <time>2025-06-06T22:44:36Z</time>
      </trkpt>
      <trkpt lat="41.75108854958985" lon="123.40490455029297">
        <ele>42.516048275865614</ele>
        <time>2025-06-06T22:44:40Z</time>
      </trkpt>
      <trkpt lat="41.75099070362816" lon="123.40498312595551">
        <ele>42.66708749718964</ele>
        <time>2025-06-06T22:44:44Z</time>
      </trkpt>
      <trkpt lat="41.750884058176766" lon="123.40503249256302">
        <ele>43.44727977178991</ele>
        <time>2025-06-06T22:44:49Z</time>
      </trkpt>
      <trkpt lat="41.75079552382208" lon="123.40511762627185">
        <ele>42.888671880587935</ele>
        <time>2025-06-06T22:44:53Z</time>
      </trkpt>
      <trkpt lat="41.75071315426489" lon="123.40517652883668">
        <ele>44.86847899854183</ele>
        <time>2025-06-06T22:44:56Z</time>
      </trkpt>
      <trkpt lat="41.75059758521924" lon="123.40524356989653">
        <ele>45.33533424884081</ele>
        <time>2025-06-06T22:45:00Z</time>
      </trkpt>
      <trkpt lat="41.750508055382895" lon="123.40532408578149">
        <ele>45.0620172470808</ele>
        <time>2025-06-06T22:45:04Z</time>
      </trkpt>
      <trkpt lat="41.750414977504064" lon="123.40539010393154">
        <ele>45.95036348514259</ele>
        <time>2025-06-06T22:45:08Z</time>
      </trkpt>
      <trkpt lat="41.750309941656596" lon="123.40545574987577">
        <ele>45.60030962713063</ele>
        <time>2025-06-06T22:45:12Z</time>
      </trkpt>
      <trkpt lat="41.75023254552112" lon="123.40553478230436">
        <ele>44.12660678476095</ele>
        <time>2025-06-06T22:45:15Z</time>
      </trkpt>
      <trkpt lat="41.75014765289841" lon="123.40559673941421">
        <ele>45.80720176640898</ele>
        <time>2025-06-06T22:45:18Z</time>
      </trkpt>
      <trkpt lat="41.75005697311212" lon="123.40567371088628">
        <ele>45.27987847942859</ele>
        <time>2025-06-06T22:45:22Z</time>
      </trkpt>
      <trkpt lat="41.749969484105755" lon="123.4057105939604">
        <ele>45.363307242281735</ele>
        <time>2025-06-06T22:45:25Z</time>
      </trkpt>
      <trkpt lat="41.7498833488958" lon="123.405799052886">
        <ele>47.13218323234469</ele>
        <time>2025-06-06T22:45:28Z</time>
      </trkpt>
      <trkpt lat="41.74979349627688" lon="123.40587594401589">
        <ele>47.878891441971064</ele>
        <time>2025-06-06T22:45:31Z</time>
      </trkpt>
      <trkpt lat="41.74972008304739" lon="123.40595438023978">
        <ele>48.06965440418571</ele>
        <time>2025-06-06T22:45:34Z</time>
      </trkpt>
      <trkpt lat="41.74963973637391" lon="123.40602655834802">
        <ele>48.145806677639484</ele>
        <time>2025-06-06T22:45:38Z</time>
      </trkpt>
      <trkpt lat="41.74954983776016" lon="123.40609443204951">
        <ele>49.119932292960584</ele>
        <time>2025-06-06T22:45:42Z</time>
      </trkpt>
      <trkpt lat="41.749463155349225" lon="123.40618536285018">
        <ele>49.173657992854714</ele>
        <time>2025-06-06T22:45:47Z</time>
      </trkpt>
      <trkpt lat="41.74936535554647" lon="123.4062463157574">
        <ele>48.24012449197471</ele>
        <time>2025-06-06T22:45:51Z</time>
      </trkpt>
      <trkpt lat="41.74921718975169" lon="123.40626816266433">
        <ele>45.760118609294295</ele>
        <time>2025-06-06T22:45:55Z</time>
      </trkpt>
      <trkpt lat="41.74911204369609" lon="123.40630204059059">
        <ele>45.03537951409817</ele>
        <time>2025-06-06T22:45:59Z</time>
      </trkpt>
      <trkpt lat="41.749021974874815" lon="123.40636099853906">
        <ele>45.0347471293062</ele>
        <time>2025-06-06T22:46:02Z</time>
      </trkpt>
      <trkpt lat="41.74892355051357" lon="123.40643948493704">
        <ele>45.61926199309528</ele>
        <time>2025-06-06T22:46:06Z</time>
      </trkpt>
      <trkpt lat="41.74882047357433" lon="123.40650425533015">
        <ele>45.16363350301981</ele>
        <time>2025-06-06T22:46:11Z</time>
      </trkpt>
      <trkpt lat="41.7487265521031" lon="123.40658655317313">
        <ele>44.75510634109378</ele>
        <time>2025-06-06T22:46:15Z</time>
      </trkpt>
      <trkpt lat="41.7486410619455" lon="123.40667366461822">
        <ele>45.4343797583133</ele>
        <time>2025-06-06T22:46:19Z</time>
      </trkpt>
      <trkpt lat="41.74854789642272" lon="123.40673952759498">
        <ele>46.25150851532817</ele>
        <time>2025-06-06T22:46:24Z</time>
        <extensions>
          <gpxtpx:TrackPointExtension>
            <gpxtpx:hr>156</gpxtpx:hr>
          </gpxtpx:TrackPointExtension>
        </extensions>
      </trkpt>
      <trkpt lat="41.74844556587631" lon="123.40679486643063">
        <ele>46.22451312839985</ele>
        <time>2025-06-06T22:46:28Z</time>
        <extensions>
          <gpxtpx:TrackPointExtension>
            <gpxtpx:hr>160</gpxtpx:hr>
          </gpxtpx:TrackPointExtension>
        </extensions>
      </trkpt>
      <trkpt lat="41.74836020357593" lon="123.40685298291476">
        <ele>46.72438184171915</ele>
        <time>2025-06-06T22:46:32Z</time>
      </trkpt>
      <trkpt lat="41.7482783496503" lon="123.40691023809086">
        <ele>46.34372777771205</ele>
        <time>2025-06-06T22:46:36Z</time>
      </trkpt>
      <trkpt lat="41.748195225526324" lon="123.40697441532889">
        <ele>46.709489406086504</ele>
        <time>2025-06-06T22:46:40Z</time>
      </trkpt>
      <trkpt lat="41.74810050300526" lon="123.40698756962284">
        <ele>47.57679945509881</ele>
        <time>2025-06-06T22:46:45Z</time>
      </trkpt>
      <trkpt lat="41.74804249106163" lon="123.40708000605368">
        <ele>46.521575678139925</ele>
        <time>2025-06-06T22:46:48Z</time>
      </trkpt>
      <trkpt lat="41.747961057511795" lon="123.40713403379064">
        <ele>47.67578284442425</ele>
        <time>2025-06-06T22:46:52Z</time>
        <extensions>
          <gpxtpx:TrackPointExtension>
            <gpxtpx:hr>165</gpxtpx:hr>
          </gpxtpx:TrackPointExtension>
        </extensions>
      </trkpt>
      <trkpt lat="41.74787177723136" lon="123.40721639412936">
        <ele>48.273037052713335</ele>
        <time>2025-06-06T22:46:56Z</time>
        <extensions>
          <gpxtpx:TrackPointExtension>
            <gpxtpx:hr>168</gpxtpx:hr>
          </gpxtpx:TrackPointExtension>
        </extensions>
      </trkpt>
      <trkpt lat="41.74777200390596" lon="123.40726234620494">
        <ele>47.943801956251264</ele>
        <time>2025-06-06T22:47:00Z</time>
        <extensions>
          <gpxtpx:TrackPointExtension>
            <gpxtpx:hr>167</gpxtpx:hr>
          </gpxtpx:TrackPointExtension>
        </extensions>
      </trkpt>
      <trkpt lat="41.74766629728618" lon="123.407310693239">
        <ele>48.45771291479468</ele>
        <time>2025-06-06T22:47:04Z</time>
        <extensions>
          <gpxtpx:TrackPointExtension>
            <gpxtpx:hr>168</gpxtpx:hr>
          </gpxtpx:TrackPointExtension>
        </extensions>
      </trkpt>
      <trkpt lat="41.74756506951452" lon="123.40738063473056">
        <ele>47.798318727873266</ele>
        <time>2025-06-06T22:47:08Z</time>
        <extensions>
          <gpxtpx:TrackPointExtension>
            <gpxtpx:hr>167</gpxtpx:hr>
          </gpxtpx:TrackPointExtension>
        </extensions>
      </trkpt>
      <trkpt lat="41.74746413960186" lon="123.40740851177014">
        <ele>47.61280190013349</ele>
        <time>2025-06-06T22:47:11Z</time>
      </trkpt>
      <trkpt lat="41.74738605832484" lon="123.40748663678042">
        <ele>49.34585914108902</ele>
        <time>2025-06-06T22:47:15Z</time>
        <extensions>
          <gpxtpx:TrackPointExtension>
            <gpxtpx:hr>166</gpxtpx:hr>
          </gpxtpx:TrackPointExtension>
        </extensions>
      </trkpt>
      <trkpt lat="41.74729148318973" lon="123.40752665496692">
        <ele>49.59639123082161</ele>
        <time>2025-06-06T22:47:19Z</time>
      </trkpt>
      <trkpt lat="41.74720604411176" lon="123.40760922782803">
        <ele>49.679643634706736</ele>
        <time>2025-06-06T22:47:23Z</time>
        <extensions>
          <gpxtpx:TrackPointExtension>
            <gpxtpx:hr>158</gpxtpx:hr>
          </gpxtpx:TrackPointExtension>
        </extensions>
      </trkpt>
      <trkpt lat="41.74709332833687" lon="123.40763265694679">
        <ele>48.50425068382174</ele>
        <time>2025-06-06T22:47:28Z</time>
        <extensions>
          <gpxtpx:TrackPointExtension>
            <gpxtpx:hr>158</gpxtpx:hr>
          </gpxtpx:TrackPointExtension>
        </extensions>
      </trkpt>
      <trkpt lat="41.74700438004908" lon="123.40766952524085">
        <ele>48.37694912403822</ele>
        <time>2025-06-06T22:47:32Z</time>
        <extensions>
          <gpxtpx:TrackPointExtension>
            <gpxtpx:hr>157</gpxtpx:hr>
          </gpxtpx:TrackPointExtension>
        </extensions>
      </trkpt>
      <trkpt lat="41.74690486075665" lon="123.40770342104913">
        <ele>48.518485236912966</ele>
        <time>2025-06-06T22:47:36Z</time>
        <extensions>
          <gpxtpx:TrackPointExtension>
            <gpxtpx:hr>157</gpxtpx:hr>
          </gpxtpx:TrackPointExtension>
        </extensions>
      </trkpt>
      <trkpt lat="41.74682953005265" lon="123.40777317471115">
        <ele>50.118928224779665</ele>
        <time>2025-06-06T22:47:40Z</time>
      </trkpt>
      <trkpt lat="41.74673532794395" lon="123.40782056342032">
        <ele>50.00623013358563</ele>
        <time>2025-06-06T22:47:44Z</time>
      </trkpt>
      <trkpt lat="41.74663738918775" lon="123.4078772047818">
        <ele>49.72459463775158</ele>
        <time>2025-06-06T22:47:48Z</time>
        <extensions>
          <gpxtpx:TrackPointExtension>
            <gpxtpx:hr>157</gpxtpx:hr>
          </gpxtpx:TrackPointExtension>
        </extensions>
      </trkpt>
      <trkpt lat="41.74654192078701" lon="123.40792480191604">
        <ele>49.57222048472613</ele>
        <time>2025-06-06T22:47:52Z</time>
        <extensions>
          <gpxtpx:TrackPointExtension>
            <gpxtpx:hr>157</gpxtpx:hr>
          </gpxtpx:TrackPointExtension>
        </extensions>
      </trkpt>
      <trkpt lat="41.746449227406565" lon="123.40798255971265">
        <ele>50.51396474149078</ele>
        <time>2025-06-06T22:47:56Z</time>
        <extensions>
          <gpxtpx:TrackPointExtension>
            <gpxtpx:hr>157</gpxtpx:hr>
          </gpxtpx:TrackPointExtension>
        </extensions>
      </trkpt>
      <trkpt lat="41.74634320333273" lon="123.40802160389178">
        <ele>50.794356828555465</ele>
        <time>2025-06-06T22:48:00Z</time>
        <extensions>
          <gpxtpx:TrackPointExtension>
            <gpxtpx:hr>158</gpxtpx:hr>
          </gpxtpx:TrackPointExtension>
        </extensions>
      </trkpt>
      <trkpt lat="41.74624700401062" lon="123.40807908955892">
        <ele>50.789344913326204</ele>
        <time>2025-06-06T22:48:04Z</time>
      </trkpt>
      <trkpt lat="41.746140984137185" lon="123.40814016189324">
        <ele>50.21759915445</ele>
        <time>2025-06-06T22:48:08Z</time>
        <extensions>
          <gpxtpx:TrackPointExtension>
            <gpxtpx:hr>157</gpxtpx:hr>
          </gpxtpx:TrackPointExtension>
        </extensions>
      </trkpt>
      <trkpt lat="41.74604039640995" lon="123.4081744901182">
        <ele>49.448814917355776</ele>
        <time>2025-06-06T22:48:12Z</time>
        <extensions>
          <gpxtpx:TrackPointExtension>
            <gpxtpx:hr>156</gpxtpx:hr>
          </gpxtpx:TrackPointExtension>
        </extensions>
      </trkpt>
      <trkpt lat="41.745924701421" lon="123.40822369160335">
        <ele>49.574192254804075</ele>
        <time>2025-06-06T22:48:16Z</time>
      </trkpt>
      <trkpt lat="41.74584069284172" lon="123.40829387185991">
        <ele>51.68549176119268</ele>
        <time>2025-06-06T22:48:20Z</time>
        <extensions>
          <gpxtpx:TrackPointExtension>
            <gpxtpx:hr>153</gpxtpx:hr>
          </gpxtpx:TrackPointExtension>
        </extensions>
      </trkpt>
      <trkpt lat="41.74572594744365" lon="123.40833483541819">
        <ele>51.29834188055247</ele>
        <time>2025-06-06T22:48:24Z</time>
        <extensions>
          <gpxtpx:TrackPointExtension>
            <gpxtpx:hr>154</gpxtpx:hr>
          </gpxtpx:TrackPointExtension>
        </extensions>
      </trkpt>
      <trkpt lat="41.74560852180985" lon="123.40835171195678">
        <ele>51.257903463207185</ele>
        <time>2025-06-06T22:48:28Z</time>
        <extensions>
          <gpxtpx:TrackPointExtension>
            <gpxtpx:hr>155</gpxtpx:hr>
          </gpxtpx:TrackPointExtension>
        </extensions>
      </trkpt>
      <trkpt lat="41.74551266449976" lon="123.40840426250729">
        <ele>50.280146453529596</ele>
        <time>2025-06-06T22:48:32Z</time>
        <extensions>
          <gpxtpx:TrackPointExtension>
            <gpxtpx:hr>158</gpxtpx:hr>
          </gpxtpx:TrackPointExtension>
        </extensions>
      </trkpt>
      <trkpt lat="41.74540539887571" lon="123.4084595469784">
        <ele>49.31722298450768</ele>
        <time>2025-06-06T22:48:36Z</time>
      </trkpt>
      <trkpt lat="41.745300010984565" lon="123.40846337952595">
        <ele>47.15162764955312</ele>
        <time>2025-06-06T22:48:40Z</time>
        <extensions>
          <gpxtpx:TrackPointExtension>
            <gpxtpx:hr>159</gpxtpx:hr>
          </gpxtpx:TrackPointExtension>
        </extensions>
      </trkpt>
      <trkpt lat="41.74521150777019" lon="123.408490021975">
        <ele>44.94874474871904</ele>
        <time>2025-06-06T22:48:44Z</time>
      </trkpt>
      <trkpt lat="41.74511224433611" lon="123.40851254407823">
        <ele>43.22219836246222</ele>
        <time>2025-06-06T22:48:48Z</time>
        <extensions>
          <gpxtpx:TrackPointExtension>
            <gpxtpx:hr>159</gpxtpx:hr>
          </gpxtpx:TrackPointExtension>
        </extensions>
      </trkpt>
      <trkpt lat="41.74502538833552" lon="123.4085847727301">
        <ele>44.597864262759686</ele>
        <time>2025-06-06T22:48:52Z</time>
        <extensions>
          <gpxtpx:TrackPointExtension>
            <gpxtpx:hr>159</gpxtpx:hr>
          </gpxtpx:TrackPointExtension>
        </extensions>
      </trkpt>
      <trkpt lat="41.74492752609133" lon="123.40862649123939">
        <ele>44.06424179673195</ele>
        <time>2025-06-06T22:48:56Z</time>
        <extensions>
          <gpxtpx:TrackPointExtension>
            <gpxtpx:hr>158</gpxtpx:hr>
          </gpxtpx:TrackPointExtension>
        </extensions>
      </trkpt>
      <trkpt lat="41.74483409372879" lon="123.40869442158119">
        <ele>43.75285696238279</ele>
        <time>2025-06-06T22:49:00Z</time>
      </trkpt>
      <trkpt lat="41.744749190910596" lon="123.40874942747354">
        <ele>44.38817044720054</ele>
        <time>2025-06-06T22:49:04Z</time>
        <extensions>
          <gpxtpx:TrackPointExtension>
            <gpxtpx:hr>156</gpxtpx:hr>
          </gpxtpx:TrackPointExtension>
        </extensions>
      </trkpt>
      <trkpt lat="41.744654480052624" lon="123.4088016853073">
        <ele>43.58878526836634</ele>
        <time>2025-06-06T22:49:09Z</time>
        <extensions>
          <gpxtpx:TrackPointExtension>
            <gpxtpx:hr>155</gpxtpx:hr>
          </gpxtpx:TrackPointExtension>
        </extensions>
      </trkpt>
      <trkpt lat="41.74455976553034" lon="123.40886354928736">
        <ele>43.79714665841311</ele>
        <time>2025-06-06T22:49:13Z</time>
        <extensions>
          <gpxtpx:TrackPointExtension>
            <gpxtpx:hr>155</gpxtpx:hr>
          </gpxtpx:TrackPointExtension>
        </extensions>
      </trkpt>
      <trkpt lat="41.744474693308035" lon="123.40893128059867">
        <ele>43.46523601002991</ele>
        <time>2025-06-06T22:49:17Z</time>
      </trkpt>
      <trkpt lat="41.744376931716985" lon="123.4090178181831">
        <ele>43.51517145615071</ele>
        <time>2025-06-06T22:49:21Z</time>
        <extensions>
          <gpxtpx:TrackPointExtension>
            <gpxtpx:hr>154</gpxtpx:hr>
          </gpxtpx:TrackPointExtension>
        </extensions>
      </trkpt>
      <trkpt lat="41.74428935079467" lon="123.40909560257433">
        <ele>43.23204861860722</ele>
        <time>2025-06-06T22:49:25Z</time>
        <extensions>
          <gpxtpx:TrackPointExtension>
            <gpxtpx:hr>153</gpxtpx:hr>
          </gpxtpx:TrackPointExtension>
        </extensions>
      </trkpt>
      <trkpt lat="41.74419638676806" lon="123.40916074772204">
        <ele>44.06506053451449</ele>
        <time>2025-06-06T22:49:29Z</time>
      </trkpt>
      <trkpt lat="41.744112386710526" lon="123.40922735255727">
        <ele>43.43773056566715</ele>
        <time>2025-06-06T22:49:33Z</time>
        <extensions>
          <gpxtpx:TrackPointExtension>
            <gpxtpx:hr>155</gpxtpx:hr>
          </gpxtpx:TrackPointExtension>
        </extensions>
      </trkpt>
      <trkpt lat="41.74402206240725" lon="123.40930137768575">
        <ele>43.72086860984564</ele>
        <time>2025-06-06T22:49:37Z</time>
      </trkpt>
      <trkpt lat="41.74394186871685" lon="123.40937241512106">
        <ele>44.241510428488255</ele>
        <time>2025-06-06T22:49:41Z</time>
        <extensions>
          <gpxtpx:TrackPointExtension>
            <gpxtpx:hr>155</gpxtpx:hr>
          </gpxtpx:TrackPointExtension>
        </extensions>
      </trkpt>
      <trkpt lat="41.74385837534148" lon="123.40945148871296">
        <ele>42.84947726037353</ele>
        <time>2025-06-06T22:49:45Z</time>
        <extensions>
          <gpxtpx:TrackPointExtension>
            <gpxtpx:hr>156</gpxtpx:hr>
          </gpxtpx:TrackPointExtension>
        </extensions>
      </trkpt>
      <trkpt lat="41.743757290896596" lon="123.40953203441046">
        <ele>43.10053201485425</ele>
        <time>2025-06-06T22:49:49Z</time>
        <extensions>
          <gpxtpx:TrackPointExtension>
            <gpxtpx:hr>157</gpxtpx:hr>
          </gpxtpx:TrackPointExtension>
        </extensions>
      </trkpt>
      <trkpt lat="41.74366731558135" lon="123.40959231457678">
        <ele>43.18593814317137</ele>
        <time>2025-06-06T22:49:53Z</time>
        <extensions>
          <gpxtpx:TrackPointExtension>
            <gpxtpx:hr>157</gpxtpx:hr>
          </gpxtpx:TrackPointExtension>
        </extensions>
      </trkpt>
      <trkpt lat="41.74358541298449" lon="123.409663717387">
        <ele>42.62173591181636</ele>
        <time>2025-06-06T22:49:57Z</time>
        <extensions>
          <gpxtpx:TrackPointExtension>
            <gpxtpx:hr>158</gpxtpx:hr>
          </gpxtpx:TrackPointExtension>
        </extensions>
      </trkpt>
      <trkpt lat="41.743512673568375" lon="123.4097633953352">
        <ele>41.73526079766452</ele>
        <time>2025-06-06T22:50:01Z</time>
      </trkpt>
      <trkpt lat="41.7434217107793" lon="123.40983704758837">
        <ele>41.76253427285701</ele>
        <time>2025-06-06T22:50:05Z</time>
        <extensions>
          <gpxtpx:TrackPointExtension>
            <gpxtpx:hr>157</gpxtpx:hr>
          </gpxtpx:TrackPointExtension>
        </extensions>
      </trkpt>
      <trkpt lat="41.74333211702657" lon="123.40991751409668">
        <ele>42.47099324129522</ele>
        <time>2025-06-06T22:50:09Z</time>
      </trkpt>
      <trkpt lat="41.743242926355435" lon="123.40999940484194">
        <ele>42.864109767600894</ele>
        <time>2025-06-06T22:50:13Z</time>
        <extensions>
          <gpxtpx:TrackPointExtension>
            <gpxtpx:hr>158</gpxtpx:hr>
          </gpxtpx:TrackPointExtension>
        </extensions>
      </trkpt>
      <trkpt lat="41.74315242910338" lon="123.41009684946425">
        <ele>42.76157560851425</ele>
        <time>2025-06-06T22:50:17Z</time>
        <extensions>
          <gpxtpx:TrackPointExtension>
            <gpxtpx:hr>158</gpxtpx:hr>
          </gpxtpx:TrackPointExtension>
        </extensions>
      </trkpt>
      <trkpt lat="41.74307381223455" lon="123.41018517844647">
        <ele>42.33161805011332</ele>
        <time>2025-06-06T22:50:21Z</time>
        <extensions>
          <gpxtpx:TrackPointExtension>
            <gpxtpx:hr>158</gpxtpx:hr>
          </gpxtpx:TrackPointExtension>
        </extensions>
      </trkpt>
      <trkpt lat="41.74298848642965" lon="123.41027394474538">
        <ele>42.376057187095284</ele>
        <time>2025-06-06T22:50:25Z</time>
      </trkpt>
      <trkpt lat="41.74289585682667" lon="123.41034681786654">
        <ele>43.239187290892005</ele>
        <time>2025-06-06T22:50:29Z</time>
        <extensions>
          <gpxtpx:TrackPointExtension>
            <gpxtpx:hr>157</gpxtpx:hr>
          </gpxtpx:TrackPointExtension>
        </extensions>
      </trkpt>
      <trkpt lat="41.74282409032143" lon="123.41043777409827">
        <ele>43.23205511830747</ele>
        <time>2025-06-06T22:50:33Z</time>
      </trkpt>
      <trkpt lat="41.74273895671526" lon="123.41052945135974">
        <ele>43.342805420048535</ele>
        <time>2025-06-06T22:50:37Z</time>
        <extensions>
          <gpxtpx:TrackPointExtension>
            <gpxtpx:hr>158</gpxtpx:hr>
          </gpxtpx:TrackPointExtension>
        </extensions>
      </trkpt>
      <trkpt lat="41.7426617728236" lon="123.41062279702828">
        <ele>42.71880642231554</ele>
        <time>2025-06-06T22:50:41Z</time>
      </trkpt>
      <trkpt lat="41.74258444320744" lon="123.410693898022">
        <ele>42.64461862575263</ele>
        <time>2025-06-06T22:50:45Z</time>
        <extensions>
          <gpxtpx:TrackPointExtension>
            <gpxtpx:hr>156</gpxtpx:hr>
          </gpxtpx:TrackPointExtension>
        </extensions>
      </trkpt>
      <trkpt lat="41.742517400563855" lon="123.41079201058031">
        <ele>42.50217894092202</ele>
        <time>2025-06-06T22:50:49Z</time>
        <extensions>
          <gpxtpx:TrackPointExtension>
            <gpxtpx:hr>157</gpxtpx:hr>
          </gpxtpx:TrackPointExtension>
        </extensions>
      </trkpt>
      <trkpt lat="41.74243709231872" lon="123.41087114035156">
        <ele>42.791579072363675</ele>
        <time>2025-06-06T22:50:52Z</time>
      </trkpt>
      <trkpt lat="41.74235579424296" lon="123.4109546270948">
        <ele>43.092755334451795</ele>
        <time>2025-06-06T22:50:56Z</time>
        <extensions>
          <gpxtpx:TrackPointExtension>
            <gpxtpx:hr>158</gpxtpx:hr>
          </gpxtpx:TrackPointExtension>
        </extensions>
      </trkpt>
      <trkpt lat="41.74227003628426" lon="123.41104365899943">
        <ele>43.308264093473554</ele>
        <time>2025-06-06T22:51:00Z</time>
      </trkpt>
      <trkpt lat="41.74218528795972" lon="123.41115747210002">
        <ele>43.16868902556598</ele>
        <time>2025-06-06T22:51:04Z</time>
        <extensions>
          <gpxtpx:TrackPointExtension>
            <gpxtpx:hr>158</gpxtpx:hr>
          </gpxtpx:TrackPointExtension>
        </extensions>
      </trkpt>
      <trkpt lat="41.74211148951255" lon="123.4112692155199">
        <ele>43.155580702237785</ele>
        <time>2025-06-06T22:51:08Z</time>
        <extensions>
          <gpxtpx:TrackPointExtension>
            <gpxtpx:hr>159</gpxtpx:hr>
          </gpxtpx:TrackPointExtension>
        </extensions>
      </trkpt>
      <trkpt lat="41.74204515944945" lon="123.41136739343351">
        <ele>44.37913777586073</ele>
        <time>2025-06-06T22:51:11Z</time>
      </trkpt>
      <trkpt lat="41.741958261331504" lon="123.4114742733962">
        <ele>42.601176341064274</ele>
        <time>2025-06-06T22:51:15Z</time>
        <extensions>
          <gpxtpx:TrackPointExtension>
            <gpxtpx:hr>161</gpxtpx:hr>
          </gpxtpx:TrackPointExtension>
        </extensions>
      </trkpt>
      <trkpt lat="41.74189141766735" lon="123.41155615151969">
        <ele>42.81379460170865</ele>
        <time>2025-06-06T22:51:18Z</time>
        <extensions>
          <gpxtpx:TrackPointExtension>
            <gpxtpx:hr>162</gpxtpx:hr>
          </gpxtpx:TrackPointExtension>
        </extensions>
      </trkpt>
      <trkpt lat="41.74181757619208" lon="123.41163610397395">
        <ele>42.862391787581146</ele>
        <time>2025-06-06T22:51:21Z</time>
        <extensions>
          <gpxtpx:TrackPointExtension>
            <gpxtpx:hr>162</gpxtpx:hr>
          </gpxtpx:TrackPointExtension>
        </extensions>
      </trkpt>
      <trkpt lat="41.741777688071906" lon="123.41174517791451">
        <ele>42.523815397173166</ele>
        <time>2025-06-06T22:51:25Z</time>
      </trkpt>
      <trkpt lat="41.741695419788876" lon="123.4118640066868">
        <ele>43.93522238731384</ele>
        <time>2025-06-06T22:51:29Z</time>
      </trkpt>
      <trkpt lat="41.74164270539967" lon="123.41196374616592">
        <ele>44.20382243208587</ele>
        <time>2025-06-06T22:51:32Z</time>
        <extensions>
          <gpxtpx:TrackPointExtension>
            <gpxtpx:hr>160</gpxtpx:hr>
          </gpxtpx:TrackPointExtension>
        </extensions>
      </trkpt>
      <trkpt lat="41.74160999618076" lon="123.4120835837346">
        <ele>44.09983326215297</ele>
        <time>2025-06-06T22:51:35Z</time>
        <extensions>
          <gpxtpx:TrackPointExtension>
            <gpxtpx:hr>160</gpxtpx:hr>
          </gpxtpx:TrackPointExtension>
        </extensions>
      </trkpt>
      <trkpt lat="41.74156593772807" lon="123.41220280386185">
        <ele>43.77826513815671</ele>
        <time>2025-06-06T22:51:38Z</time>
      </trkpt>
      <trkpt lat="41.74150382936905" lon="123.4123219900424">
        <ele>44.255305813625455</ele>
        <time>2025-06-06T22:51:42Z</time>
        <extensions>
          <gpxtpx:TrackPointExtension>
            <gpxtpx:hr>160</gpxtpx:hr>
          </gpxtpx:TrackPointExtension>
        </extensions>
      </trkpt>
      <trkpt lat="41.74144831451737" lon="123.41245092685381">
        <ele>44.19833245873451</ele>
        <time>2025-06-06T22:51:46Z</time>
      </trkpt>
      <trkpt lat="41.741392289072806" lon="123.41255723742448">
        <ele>44.547513499855995</ele>
        <time>2025-06-06T22:51:50Z</time>
        <extensions>
          <gpxtpx:TrackPointExtension>
            <gpxtpx:hr>161</gpxtpx:hr>
          </gpxtpx:TrackPointExtension>
        </extensions>
      </trkpt>
      <trkpt lat="41.74132807149869" lon="123.41265098520277">
        <ele>44.98871143348515</ele>
        <time>2025-06-06T22:51:53Z</time>
      </trkpt>
      <trkpt lat="41.74128019135693" lon="123.41275424929233">
        <ele>44.20568115171045</ele>
        <time>2025-06-06T22:51:56Z</time>
        <extensions>
          <gpxtpx:TrackPointExtension>
            <gpxtpx:hr>162</gpxtpx:hr>
          </gpxtpx:TrackPointExtension>
        </extensions>
      </trkpt>
      <trkpt lat="41.741240585539565" lon="123.41289590138895">
        <ele>44.93831726163626</ele>
        <time>2025-06-06T22:52:00Z</time>
        <extensions>
          <gpxtpx:TrackPointExtension>
            <gpxtpx:hr>163</gpxtpx:hr>
          </gpxtpx:TrackPointExtension>
        </extensions>
      </trkpt>
      <trkpt lat="41.74114952702382" lon="123.41298972367746">
        <ele>44.63056866452098</ele>
        <time>2025-06-06T22:52:04Z</time>
        <extensions>
          <gpxtpx:TrackPointExtension>
            <gpxtpx:hr>162</gpxtpx:hr>
          </gpxtpx:TrackPointExtension>
        </extensions>
      </trkpt>
      <trkpt lat="41.74112985319432" lon="123.41312072106638">
        <ele>44.05013965908438</ele>
        <time>2025-06-06T22:52:08Z</time>
      </trkpt>
      <trkpt lat="41.74107949170922" lon="123.4132403475418">
        <ele>44.46262712776661</ele>
        <time>2025-06-06T22:52:12Z</time>
        <extensions>
          <gpxtpx:TrackPointExtension>
            <gpxtpx:hr>160</gpxtpx:hr>
          </gpxtpx:TrackPointExtension>
        </extensions>
      </trkpt>
      <trkpt lat="41.741014801388715" lon="123.4133522223111">
        <ele>44.06212661135942</ele>
        <time>2025-06-06T22:52:16Z</time>
        <extensions>
          <gpxtpx:TrackPointExtension>
            <gpxtpx:hr>160</gpxtpx:hr>
          </gpxtpx:TrackPointExtension>
        </extensions>
      </trkpt>
      <trkpt lat="41.7409665592015" lon="123.41347907691957">
        <ele>44.926254799589515</ele>
        <time>2025-06-06T22:52:20Z</time>
        <extensions>
          <gpxtpx:TrackPointExtension>
            <gpxtpx:hr>160</gpxtpx:hr>
          </gpxtpx:TrackPointExtension>
        </extensions>
      </trkpt>
      <trkpt lat="41.740949248037126" lon="123.4136013442198">
        <ele>44.98219511657953</ele>
        <time>2025-06-06T22:52:24Z</time>
        <extensions>
          <gpxtpx:TrackPointExtension>
            <gpxtpx:hr>159</gpxtpx:hr>
          </gpxtpx:TrackPointExtension>
        </extensions>
      </trkpt>
      <trkpt lat="41.74091304847017" lon="123.41372278180384">
        <ele>44.850120480172336</ele>
        <time>2025-06-06T22:52:28Z</time>
        <extensions>
          <gpxtpx:TrackPointExtension>
            <gpxtpx:hr>159</gpxtpx:hr>
          </gpxtpx:TrackPointExtension>
        </extensions>
      </trkpt>
      <trkpt lat="41.740857093798525" lon="123.41381809027696">
        <ele>44.86466087400913</ele>
        <time>2025-06-06T22:52:31Z</time>
      </trkpt>
      <trkpt lat="41.74085985961152" lon="123.41394146044166">
        <ele>45.51806391496211</ele>
        <time>2025-06-06T22:52:35Z</time>
        <extensions>
          <gpxtpx:TrackPointExtension>
            <gpxtpx:hr>159</gpxtpx:hr>
          </gpxtpx:TrackPointExtension>
        </extensions>
      </trkpt>
      <trkpt lat="41.74079764937705" lon="123.41405325395519">
        <ele>44.83806926757097</ele>
        <time>2025-06-06T22:52:39Z</time>
        <extensions>
          <gpxtpx:TrackPointExtension>
            <gpxtpx:hr>159</gpxtpx:hr>
          </gpxtpx:TrackPointExtension>
        </extensions>
      </trkpt>
      <trkpt lat="41.74074674372242" lon="123.4141620837552">
        <ele>44.83064543455839</ele>
        <time>2025-06-06T22:52:43Z</time>
      </trkpt>
      <trkpt lat="41.740724103220046" lon="123.4143050623395">
        <ele>44.12771940883249</ele>
        <time>2025-06-06T22:52:48Z</time>
        <extensions>
          <gpxtpx:TrackPointExtension>
            <gpxtpx:hr>158</gpxtpx:hr>
          </gpxtpx:TrackPointExtension>
        </extensions>
      </trkpt>
      <trkpt lat="41.74070177849684" lon="123.41442662304448">
        <ele>44.03679851349443</ele>
        <time>2025-06-06T22:52:52Z</time>
      </trkpt>
      <trkpt lat="41.74065633878984" lon="123.41458157829989">
        <ele>44.44225576519966</ele>
        <time>2025-06-06T22:52:57Z</time>
        <extensions>
          <gpxtpx:TrackPointExtension>
            <gpxtpx:hr>159</gpxtpx:hr>
          </gpxtpx:TrackPointExtension>
        </extensions>
      </trkpt>
      <trkpt lat="41.74062284241343" lon="123.4147075964267">
        <ele>44.865554271265864</ele>
        <time>2025-06-06T22:53:01Z</time>
        <extensions>
          <gpxtpx:TrackPointExtension>
            <gpxtpx:hr>158</gpxtpx:hr>
          </gpxtpx:TrackPointExtension>
        </extensions>
      </trkpt>
      <trkpt lat="41.74059649877599" lon="123.41482701732824">
        <ele>44.346026904881</ele>
        <time>2025-06-06T22:53:05Z</time>
        <extensions>
          <gpxtpx:TrackPointExtension>
            <gpxtpx:hr>158</gpxtpx:hr>
          </gpxtpx:TrackPointExtension>
        </extensions>
      </trkpt>
      <trkpt lat="41.740544846977485" lon="123.41496589664149">
        <ele>43.99982334021479</ele>
        <time>2025-06-06T22:53:09Z</time>
        <extensions>
          <gpxtpx:TrackPointExtension>
            <gpxtpx:hr>158</gpxtpx:hr>
          </gpxtpx:TrackPointExtension>
        </extensions>
      </trkpt>
      <trkpt lat="41.74051698565371" lon="123.41510666364978">
        <ele>44.13079184759408</ele>
        <time>2025-06-06T22:53:13Z</time>
        <extensions>
          <gpxtpx:TrackPointExtension>
            <gpxtpx:hr>158</gpxtpx:hr>
          </gpxtpx:TrackPointExtension>
        </extensions>
      </trkpt>
      <trkpt lat="41.74050277737477" lon="123.41522850407766">
        <ele>45.09390976373106</ele>
        <time>2025-06-06T22:53:17Z</time>
      </trkpt>
      <trkpt lat="41.740472381102606" lon="123.41535207008485">
        <ele>44.591696607880294</ele>
        <time>2025-06-06T22:53:21Z</time>
        <extensions>
          <gpxtpx:TrackPointExtension>
            <gpxtpx:hr>158</gpxtpx:hr>
          </gpxtpx:TrackPointExtension>
        </extensions>
      </trkpt>
      <trkpt lat="41.740435037968304" lon="123.4154749354424">
        <ele>43.58355622366071</ele>
        <time>2025-06-06T22:53:25Z</time>
        <extensions>
          <gpxtpx:TrackPointExtension>
            <gpxtpx:hr>156</gpxtpx:hr>
          </gpxtpx:TrackPointExtension>
        </extensions>
      </trkpt>
      <trkpt lat="41.74039656736291" lon="123.41561308234313">
        <ele>44.02335290983319</ele>
        <time>2025-06-06T22:53:29Z</time>
        <extensions>
          <gpxtpx:TrackPointExtension>
            <gpxtpx:hr>157</gpxtpx:hr>
          </gpxtpx:TrackPointExtension>
        </extensions>
      </trkpt>
      <trkpt lat="41.74036440434135" lon="123.41574256895217">
        <ele>43.95445763412863</ele>
        <time>2025-06-06T22:53:33Z</time>
      </trkpt>
      <trkpt lat="41.740339313011816" lon="123.4158806771649">
        <ele>42.19652954302728</ele>
        <time>2025-06-06T22:53:37Z</time>
        <extensions>
          <gpxtpx:TrackPointExtension>
            <gpxtpx:hr>155</gpxtpx:hr>
          </gpxtpx:TrackPointExtension>
        </extensions>
      </trkpt>
      <trkpt lat="41.74031107605024" lon="123.41601823006656">
        <ele>42.09599849302322</ele>
        <time>2025-06-06T22:53:41Z</time>
        <extensions>
          <gpxtpx:TrackPointExtension>
            <gpxtpx:hr>156</gpxtpx:hr>
          </gpxtpx:TrackPointExtension>
        </extensions>
      </trkpt>
      <trkpt lat="41.7402819732505" lon="123.41616169699621">
        <ele>42.18784676864743</ele>
        <time>2025-06-06T22:53:45Z</time>
      </trkpt>
      <trkpt lat="41.740255687314225" lon="123.4162945838269">
        <ele>42.6100555639714</ele>
        <time>2025-06-06T22:53:49Z</time>
        <extensions>
          <gpxtpx:TrackPointExtension>
            <gpxtpx:hr>156</gpxtpx:hr>
          </gpxtpx:TrackPointExtension>
        </extensions>
      </trkpt>
      <trkpt lat="41.740216315223506" lon="123.41644313371349">
        <ele>43.60938496515155</ele>
        <time>2025-06-06T22:53:53Z</time>
      </trkpt>
      <trkpt lat="41.74020900427878" lon="123.41659095013296">
        <ele>42.451238913461566</ele>
        <time>2025-06-06T22:53:57Z</time>
        <extensions>
          <gpxtpx:TrackPointExtension>
            <gpxtpx:hr>159</gpxtpx:hr>
          </gpxtpx:TrackPointExtension>
        </extensions>
      </trkpt>
      <trkpt lat="41.74018660452971" lon="123.41674592687748">
        <ele>43.838434245437384</ele>
        <time>2025-06-06T22:54:01Z</time>
      </trkpt>
      <trkpt lat="41.74016635190952" lon="123.41689207250029">
        <ele>43.86998043768108</ele>
        <time>2025-06-06T22:54:05Z</time>
        <extensions>
          <gpxtpx:TrackPointExtension>
            <gpxtpx:hr>159</gpxtpx:hr>
          </gpxtpx:TrackPointExtension>
        </extensions>
      </trkpt>
      <trkpt lat="41.74014285089059" lon="123.41704205277468">
        <ele>44.535559784621</ele>
        <time>2025-06-06T22:54:09Z</time>
        <extensions>
          <gpxtpx:TrackPointExtension>
            <gpxtpx:hr>159</gpxtpx:hr>
          </gpxtpx:TrackPointExtension>
        </extensions>
      </trkpt>
      <trkpt lat="41.740101110129075" lon="123.41716044997113">
        <ele>45.29547447897494</ele>
        <time>2025-06-06T22:54:13Z</time>
        <extensions>
          <gpxtpx:TrackPointExtension>
            <gpxtpx:hr>159</gpxtpx:hr>
          </gpxtpx:TrackPointExtension>
        </extensions>
      </trkpt>
      <trkpt lat="41.74005535956641" lon="123.41729229483889">
        <ele>43.461403699591756</ele>
        <time>2025-06-06T22:54:17Z</time>
      </trkpt>
      <trkpt lat="41.740016871825716" lon="123.41742241310482">
        <ele>44.46566775068641</ele>
        <time>2025-06-06T22:54:21Z</time>
        <extensions>
          <gpxtpx:TrackPointExtension>
            <gpxtpx:hr>160</gpxtpx:hr>
          </gpxtpx:TrackPointExtension>
        </extensions>
      </trkpt>
      <trkpt lat="41.73999224364401" lon="123.41755928414986">
        <ele>43.31930567044765</ele>
        <time>2025-06-06T22:54:25Z</time>
        <extensions>
          <gpxtpx:TrackPointExtension>
            <gpxtpx:hr>159</gpxtpx:hr>
          </gpxtpx:TrackPointExtension>
        </extensions>
      </trkpt>
      <trkpt lat="41.73995710479243" lon="123.41769980350024">
        <ele>43.80444370955229</ele>
        <time>2025-06-06T22:54:29Z</time>
        <extensions>
          <gpxtpx:TrackPointExtension>
            <gpxtpx:hr>159</gpxtpx:hr>
          </gpxtpx:TrackPointExtension>
        </extensions>
      </trkpt>
      <trkpt lat="41.739933227239426" lon="123.4178276732023">
        <ele>44.03692290280014</ele>
        <time>2025-06-06T22:54:33Z</time>
      </trkpt>
      <trkpt lat="41.73990211188997" lon="123.41795874511976">
        <ele>42.425971284508705</ele>
        <time>2025-06-06T22:54:37Z</time>
        <extensions>
          <gpxtpx:TrackPointExtension>
            <gpxtpx:hr>159</gpxtpx:hr>
          </gpxtpx:TrackPointExtension>
        </extensions>
      </trkpt>
      <trkpt lat="41.7398680484629" lon="123.41808468114236">
        <ele>41.45907365530729</ele>
        <time>2025-06-06T22:54:41Z</time>
      </trkpt>
      <trkpt lat="41.73983381229697" lon="123.41821162732714">
        <ele>41.44345601648092</ele>
        <time>2025-06-06T22:54:45Z</time>
        <extensions>
          <gpxtpx:TrackPointExtension>
            <gpxtpx:hr>158</gpxtpx:hr>
          </gpxtpx:TrackPointExtension>
        </extensions>
      </trkpt>
      <trkpt lat="41.739818584244745" lon="123.41834668450207">
        <ele>41.57874736003578</ele>
        <time>2025-06-06T22:54:49Z</time>
        <extensions>
          <gpxtpx:TrackPointExtension>
            <gpxtpx:hr>158</gpxtpx:hr>
          </gpxtpx:TrackPointExtension>
        </extensions>
      </trkpt>
      <trkpt lat="41.739798641073314" lon="123.41846830676512">
        <ele>42.807129547931254</ele>
        <time>2025-06-06T22:54:53Z</time>
      </trkpt>
      <trkpt lat="41.73977148071312" lon="123.41859441498443">
        <ele>42.6889691343531</ele>
        <time>2025-06-06T22:54:57Z</time>
        <extensions>
          <gpxtpx:TrackPointExtension>
            <gpxtpx:hr>157</gpxtpx:hr>
          </gpxtpx:TrackPointExtension>
        </extensions>
      </trkpt>
      <trkpt lat="41.73974956259244" lon="123.41871337706473">
        <ele>43.01784713473171</ele>
        <time>2025-06-06T22:55:01Z</time>
      </trkpt>
      <trkpt lat="41.739712050057776" lon="123.41884128148385">
        <ele>41.677505870349705</ele>
        <time>2025-06-06T22:55:05Z</time>
        <extensions>
          <gpxtpx:TrackPointExtension>
            <gpxtpx:hr>157</gpxtpx:hr>
          </gpxtpx:TrackPointExtension>
        </extensions>
      </trkpt>
      <trkpt lat="41.73969508944616" lon="123.4189709055187">
        <ele>42.10219200979918</ele>
        <time>2025-06-06T22:55:09Z</time>
      </trkpt>
      <trkpt lat="41.73967120259638" lon="123.41909994573807">
        <ele>42.698098849505186</ele>
        <time>2025-06-06T22:55:13Z</time>
        <extensions>
          <gpxtpx:TrackPointExtension>
            <gpxtpx:hr>157</gpxtpx:hr>
          </gpxtpx:TrackPointExtension>
        </extensions>
      </trkpt>
      <trkpt lat="41.73963417759777" lon="123.4192141347259">
        <ele>42.202237440273166</ele>
        <time>2025-06-06T22:55:17Z</time>
        <extensions>
          <gpxtpx:TrackPointExtension>
            <gpxtpx:hr>158</gpxtpx:hr>
          </gpxtpx:TrackPointExtension>
        </extensions>
      </trkpt>
      <trkpt lat="41.7396187970432" lon="123.41934740891956">
        <ele>42.5228585312143</ele>
        <time>2025-06-06T22:55:21Z</time>
        <extensions>
          <gpxtpx:TrackPointExtension>
            <gpxtpx:hr>157</gpxtpx:hr>
          </gpxtpx:TrackPointExtension>
        </extensions>
      </trkpt>
      <trkpt lat="41.73958398622132" lon="123.41947373747851">
        <ele>43.54181883763522</ele>
        <time>2025-06-06T22:55:25Z</time>
      </trkpt>
      <trkpt lat="41.73956850400383" lon="123.41961050651012">
        <ele>43.014806263148785</ele>
        <time>2025-06-06T22:55:29Z</time>
        <extensions>
          <gpxtpx:TrackPointExtension>
            <gpxtpx:hr>157</gpxtpx:hr>
          </gpxtpx:TrackPointExtension>
        </extensions>
      </trkpt>
      <trkpt lat="41.739545335325936" lon="123.41974574392951">
        <ele>42.36753533501178</ele>
        <time>2025-06-06T22:55:33Z</time>
      </trkpt>
      <trkpt lat="41.73952158471615" lon="123.419881224394">
        <ele>42.355666850693524</ele>
        <time>2025-06-06T22:55:37Z</time>
        <extensions>
          <gpxtpx:TrackPointExtension>
            <gpxtpx:hr>157</gpxtpx:hr>
          </gpxtpx:TrackPointExtension>
        </extensions>
      </trkpt>
      <trkpt lat="41.73950896228811" lon="123.42002219017189">
        <ele>42.149454477243125</ele>
        <time>2025-06-06T22:55:41Z</time>
        <extensions>
          <gpxtpx:TrackPointExtension>
            <gpxtpx:hr>157</gpxtpx:hr>
          </gpxtpx:TrackPointExtension>
        </extensions>
      </trkpt>
      <trkpt lat="41.739490219401546" lon="123.42015582031905">
        <ele>42.35678859986365</ele>
        <time>2025-06-06T22:55:45Z</time>
        <extensions>
          <gpxtpx:TrackPointExtension>
            <gpxtpx:hr>157</gpxtpx:hr>
          </gpxtpx:TrackPointExtension>
        </extensions>
      </trkpt>
      <trkpt lat="41.73947828765407" lon="123.42027833108718">
        <ele>44.19877470191568</ele>
        <time>2025-06-06T22:55:49Z</time>
      </trkpt>
      <trkpt lat="41.73946532045811" lon="123.42041373538504">
        <ele>44.60998572781682</ele>
        <time>2025-06-06T22:55:53Z</time>
        <extensions>
          <gpxtpx:TrackPointExtension>
            <gpxtpx:hr>157</gpxtpx:hr>
          </gpxtpx:TrackPointExtension>
        </extensions>
      </trkpt>
      <trkpt lat="41.73944393853527" lon="123.42054456535512">
        <ele>44.71213375404477</ele>
        <time>2025-06-06T22:55:57Z</time>
        <extensions>
          <gpxtpx:TrackPointExtension>
            <gpxtpx:hr>158</gpxtpx:hr>
          </gpxtpx:TrackPointExtension>
        </extensions>
      </trkpt>
      <trkpt lat="41.73943684016379" lon="123.42067070337912">
        <ele>45.3360735764727</ele>
        <time>2025-06-06T22:56:01Z</time>
      </trkpt>
      <trkpt lat="41.73939269472237" lon="123.42079278543936">
        <ele>44.113091399893165</ele>
        <time>2025-06-06T22:56:05Z</time>
        <extensions>
          <gpxtpx:TrackPointExtension>
            <gpxtpx:hr>158</gpxtpx:hr>
          </gpxtpx:TrackPointExtension>
        </extensions>
      </trkpt>
      <trkpt lat="41.739369997357656" lon="123.42090942303564">
        <ele>43.27539489232004</ele>
        <time>2025-06-06T22:56:09Z</time>
      </trkpt>
      <trkpt lat="41.73936599333745" lon="123.42105397129471">
        <ele>44.88450624141842</ele>
        <time>2025-06-06T22:56:13Z</time>
        <extensions>
          <gpxtpx:TrackPointExtension>
            <gpxtpx:hr>157</gpxtpx:hr>
          </gpxtpx:TrackPointExtension>
        </extensions>
      </trkpt>
      <trkpt lat="41.73935467442277" lon="123.42117607009675">
        <ele>45.721836919896305</ele>
        <time>2025-06-06T22:56:17Z</time>
        <extensions>
          <gpxtpx:TrackPointExtension>
            <gpxtpx:hr>155</gpxtpx:hr>
          </gpxtpx:TrackPointExtension>
        </extensions>
      </trkpt>
      <trkpt lat="41.73933736711838" lon="123.42129866685377">
        <ele>45.78391948994249</ele>
        <time>2025-06-06T22:56:21Z</time>
        <extensions>
          <gpxtpx:TrackPointExtension>
            <gpxtpx:hr>154</gpxtpx:hr>
          </gpxtpx:TrackPointExtension>
        </extensions>
      </trkpt>
      <trkpt lat="41.739326513148335" lon="123.42142791463422">
        <ele>45.971272085793316</ele>
        <time>2025-06-06T22:56:25Z</time>
      </trkpt>
      <trkpt lat="41.73932593614249" lon="123.42156957374814">
        <ele>46.55343144200742</ele>
        <time>2025-06-06T22:56:29Z</time>
        <extensions>
          <gpxtpx:TrackPointExtension>
            <gpxtpx:hr>156</gpxtpx:hr>
          </gpxtpx:TrackPointExtension>
        </extensions>
      </trkpt>
      <trkpt lat="41.7393116492001" lon="123.4216927351498">
        <ele>47.803996245376766</ele>
        <time>2025-06-06T22:56:33Z</time>
        <extensions>
          <gpxtpx:TrackPointExtension>
            <gpxtpx:hr>156</gpxtpx:hr>
          </gpxtpx:TrackPointExtension>
        </extensions>
      </trkpt>
      <trkpt lat="41.73927988031984" lon="123.4218220756806">
        <ele>45.53060852177441</ele>
        <time>2025-06-06T22:56:37Z</time>
      </trkpt>
      <trkpt lat="41.73926191293518" lon="123.42195628009">
        <ele>45.2947798455134</ele>
        <time>2025-06-06T22:56:41Z</time>
        <extensions>
          <gpxtpx:TrackPointExtension>
            <gpxtpx:hr>157</gpxtpx:hr>
          </gpxtpx:TrackPointExtension>
        </extensions>
      </trkpt>
      <trkpt lat="41.73924203708269" lon="123.42210072502535">
        <ele>43.439887611195445</ele>
        <time>2025-06-06T22:56:45Z</time>
        <extensions>
          <gpxtpx:TrackPointExtension>
            <gpxtpx:hr>157</gpxtpx:hr>
          </gpxtpx:TrackPointExtension>
        </extensions>
      </trkpt>
      <trkpt lat="41.739233507986725" lon="123.42224704566519">
        <ele>43.596847544424236</ele>
        <time>2025-06-06T22:56:49Z</time>
        <extensions>
          <gpxtpx:TrackPointExtension>
            <gpxtpx:hr>158</gpxtpx:hr>
          </gpxtpx:TrackPointExtension>
        </extensions>
      </trkpt>
      <trkpt lat="41.739218787264704" lon="123.42239115903193">
        <ele>45.06746002845466</ele>
        <time>2025-06-06T22:56:53Z</time>
        <extensions>
          <gpxtpx:TrackPointExtension>
            <gpxtpx:hr>159</gpxtpx:hr>
          </gpxtpx:TrackPointExtension>
        </extensions>
      </trkpt>
      <trkpt lat="41.73919793767617" lon="123.42251950489819">
        <ele>43.64428924955428</ele>
        <time>2025-06-06T22:56:57Z</time>
      </trkpt>
      <trkpt lat="41.73919158229778" lon="123.42264169893264">
        <ele>43.57910072617233</ele>
        <time>2025-06-06T22:57:01Z</time>
        <extensions>
          <gpxtpx:TrackPointExtension>
            <gpxtpx:hr>159</gpxtpx:hr>
          </gpxtpx:TrackPointExtension>
        </extensions>
      </trkpt>
      <trkpt lat="41.739193517209" lon="123.42277822800516">
        <ele>44.368813913315535</ele>
        <time>2025-06-06T22:57:05Z</time>
        <extensions>
          <gpxtpx:TrackPointExtension>
            <gpxtpx:hr>158</gpxtpx:hr>
          </gpxtpx:TrackPointExtension>
        </extensions>
      </trkpt>
      <trkpt lat="41.73918504974102" lon="123.42290790274276">
        <ele>44.12015820853412</ele>
        <time>2025-06-06T22:57:09Z</time>
        <extensions>
          <gpxtpx:TrackPointExtension>
            <gpxtpx:hr>158</gpxtpx:hr>
          </gpxtpx:TrackPointExtension>
        </extensions>
      </trkpt>
      <trkpt lat="41.73918390336912" lon="123.42304234471557">
        <ele>43.874568465165794</ele>
        <time>2025-06-06T22:57:13Z</time>
        <extensions>
          <gpxtpx:TrackPointExtension>
            <gpxtpx:hr>158</gpxtpx:hr>
          </gpxtpx:TrackPointExtension>
        </extensions>
      </trkpt>
      <trkpt lat="41.739219173312605" lon="123.42316089187757">
        <ele>44.68009206559509</ele>
        <time>2025-06-06T22:57:16Z</time>
        <extensions>
          <gpxtpx:TrackPointExtension>
            <gpxtpx:hr>157</gpxtpx:hr>
          </gpxtpx:TrackPointExtension>
        </extensions>
      </trkpt>
      <trkpt lat="41.73917861353482" lon="123.42328911517072">
        <ele>44.75775280315429</ele>
        <time>2025-06-06T22:57:20Z</time>
      </trkpt>
      <trkpt lat="41.739167825289165" lon="123.42342098528759">
        <ele>44.43498996831477</ele>
        <time>2025-06-06T22:57:24Z</time>
        <extensions>
          <gpxtpx:TrackPointExtension>
            <gpxtpx:hr>156</gpxtpx:hr>
          </gpxtpx:TrackPointExtension>
        </extensions>
      </trkpt>
      <trkpt lat="41.739179214468784" lon="123.42355619955345">
        <ele>45.264830318279564</ele>
        <time>2025-06-06T22:57:28Z</time>
        <extensions>
          <gpxtpx:TrackPointExtension>
            <gpxtpx:hr>155</gpxtpx:hr>
          </gpxtpx:TrackPointExtension>
        </extensions>
      </trkpt>
      <trkpt lat="41.73919052432849" lon="123.42368557604618">
        <ele>47.33923983667046</ele>
        <time>2025-06-06T22:57:32Z</time>
      </trkpt>
      <trkpt lat="41.73920471543942" lon="123.42381176988688">
        <ele>47.9193419823423</ele>
        <time>2025-06-06T22:57:35Z</time>
        <extensions>
          <gpxtpx:TrackPointExtension>
            <gpxtpx:hr>154</gpxtpx:hr>
          </gpxtpx:TrackPointExtension>
        </extensions>
      </trkpt>
      <trkpt lat="41.739205261966774" lon="123.42395913323902">
        <ele>48.020344394259155</ele>
        <time>2025-06-06T22:57:39Z</time>
        <extensions>
          <gpxtpx:TrackPointExtension>
            <gpxtpx:hr>154</gpxtpx:hr>
          </gpxtpx:TrackPointExtension>
        </extensions>
      </trkpt>
      <trkpt lat="41.73920133822688" lon="123.424110887805">
        <ele>48.432093287818134</ele>
        <time>2025-06-06T22:57:43Z</time>
      </trkpt>
      <trkpt lat="41.739213189747694" lon="123.42423980933535">
        <ele>48.852941614575684</ele>
        <time>2025-06-06T22:57:47Z</time>
        <extensions>
          <gpxtpx:TrackPointExtension>
            <gpxtpx:hr>156</gpxtpx:hr>
          </gpxtpx:TrackPointExtension>
        </extensions>
      </trkpt>
      <trkpt lat="41.73920220756524" lon="123.42439459035167">
        <ele>49.76024263352156</ele>
        <time>2025-06-06T22:57:51Z</time>
        <extensions>
          <gpxtpx:TrackPointExtension>
            <gpxtpx:hr>156</gpxtpx:hr>
          </gpxtpx:TrackPointExtension>
        </extensions>
      </trkpt>
      <trkpt lat="41.739214287759204" lon="123.42454802862169">
        <ele>48.8249576119706</ele>
        <time>2025-06-06T22:57:55Z</time>
        <extensions>
          <gpxtpx:TrackPointExtension>
            <gpxtpx:hr>157</gpxtpx:hr>
          </gpxtpx:TrackPointExtension>
        </extensions>
      </trkpt>
      <trkpt lat="41.73921174606331" lon="123.42470050803288">
        <ele>48.76859399210662</ele>
        <time>2025-06-06T22:57:59Z</time>
      </trkpt>
      <trkpt lat="41.7392078188421" lon="123.42482795440158">
        <ele>48.08506917208433</ele>
        <time>2025-06-06T22:58:02Z</time>
        <extensions>
          <gpxtpx:TrackPointExtension>
            <gpxtpx:hr>159</gpxtpx:hr>
          </gpxtpx:TrackPointExtension>
        </extensions>
      </trkpt>
      <trkpt lat="41.73921506810911" lon="123.42497756559317">
        <ele>48.164166916161776</ele>
        <time>2025-06-06T22:58:06Z</time>
      </trkpt>
      <trkpt lat="41.739217283386374" lon="123.4251015071174">
        <ele>47.809574018232524</ele>
        <time>2025-06-06T22:58:09Z</time>
        <extensions>
          <gpxtpx:TrackPointExtension>
            <gpxtpx:hr>161</gpxtpx:hr>
          </gpxtpx:TrackPointExtension>
        </extensions>
      </trkpt>
      <trkpt lat="41.73923177338902" lon="123.42524823659838">
        <ele>47.45508925896138</ele>
        <time>2025-06-06T22:58:13Z</time>
        <extensions>
          <gpxtpx:TrackPointExtension>
            <gpxtpx:hr>162</gpxtpx:hr>
          </gpxtpx:TrackPointExtension>
        </extensions>
      </trkpt>
      <trkpt lat="41.73924184834616" lon="123.42537118575096">
        <ele>47.267659455537796</ele>
        <time>2025-06-06T22:58:16Z</time>
        <extensions>
          <gpxtpx:TrackPointExtension>
            <gpxtpx:hr>163</gpxtpx:hr>
          </gpxtpx:TrackPointExtension>
        </extensions>
      </trkpt>
      <trkpt lat="41.739242487261016" lon="123.42551597694359">
        <ele>47.159001217223704</ele>
        <time>2025-06-06T22:58:20Z</time>
      </trkpt>
      <trkpt lat="41.73925783298531" lon="123.42567743734139">
        <ele>47.221706808544695</ele>
        <time>2025-06-06T22:58:24Z</time>
      </trkpt>
      <trkpt lat="41.73925938253016" lon="123.42583011589845">
        <ele>46.1227235365659</ele>
        <time>2025-06-06T22:58:28Z</time>
        <extensions>
          <gpxtpx:TrackPointExtension>
            <gpxtpx:hr>164</gpxtpx:hr>
          </gpxtpx:TrackPointExtension>
        </extensions>
      </trkpt>
      <trkpt lat="41.73927131939962" lon="123.42598568405276">
        <ele>45.292208581231534</ele>
        <time>2025-06-06T22:58:32Z</time>
      </trkpt>
      <trkpt lat="41.73928314524605" lon="123.42610937547053">
        <ele>45.348080842755735</ele>
        <time>2025-06-06T22:58:35Z</time>
        <extensions>
          <gpxtpx:TrackPointExtension>
            <gpxtpx:hr>164</gpxtpx:hr>
          </gpxtpx:TrackPointExtension>
        </extensions>
      </trkpt>
      <trkpt lat="41.73929382638334" lon="123.42623216378514">
        <ele>45.211142032407224</ele>
        <time>2025-06-06T22:58:38Z</time>
        <extensions>
          <gpxtpx:TrackPointExtension>
            <gpxtpx:hr>163</gpxtpx:hr>
          </gpxtpx:TrackPointExtension>
        </extensions>
      </trkpt>
      <trkpt lat="41.73930952025137" lon="123.42637443662514">
        <ele>44.67277100775391</ele>
        <time>2025-06-06T22:58:42Z</time>
        <extensions>
          <gpxtpx:TrackPointExtension>
            <gpxtpx:hr>163</gpxtpx:hr>
          </gpxtpx:TrackPointExtension>
        </extensions>
      </trkpt>
      <trkpt lat="41.73932642268526" lon="123.42652102806946">
        <ele>45.60498570650816</ele>
        <time>2025-06-06T22:58:46Z</time>
        <extensions>
          <gpxtpx:TrackPointExtension>
            <gpxtpx:hr>164</gpxtpx:hr>
          </gpxtpx:TrackPointExtension>
        </extensions>
      </trkpt>
      <trkpt lat="41.73933533477188" lon="123.42664185112311">
        <ele>45.367876682430506</ele>
        <time>2025-06-06T22:58:49Z</time>
      </trkpt>
      <trkpt lat="41.739356565697875" lon="123.42677705285851">
        <ele>45.22854321543127</ele>
        <time>2025-06-06T22:58:53Z</time>
      </trkpt>
      <trkpt lat="41.73937285007609" lon="123.42692147170705">
        <ele>46.015865811146796</ele>
        <time>2025-06-06T22:58:57Z</time>
        <extensions>
          <gpxtpx:TrackPointExtension>
            <gpxtpx:hr>166</gpxtpx:hr>
          </gpxtpx:TrackPointExtension>
        </extensions>
      </trkpt>
      <trkpt lat="41.73939185377855" lon="123.42705904837736">
        <ele>47.05565655045211</ele>
        <time>2025-06-06T22:59:01Z</time>
        <extensions>
          <gpxtpx:TrackPointExtension>
            <gpxtpx:hr>167</gpxtpx:hr>
          </gpxtpx:TrackPointExtension>
        </extensions>
      </trkpt>
      <trkpt lat="41.73941827739641" lon="123.42719520872733">
        <ele>47.3705622209236</ele>
        <time>2025-06-06T22:59:05Z</time>
        <extensions>
          <gpxtpx:TrackPointExtension>
            <gpxtpx:hr>168</gpxtpx:hr>
          </gpxtpx:TrackPointExtension>
        </extensions>
      </trkpt>
      <trkpt lat="41.73944431974105" lon="123.42733698907905">
        <ele>46.79865235649049</ele>
        <time>2025-06-06T22:59:09Z</time>
        <extensions>
          <gpxtpx:TrackPointExtension>
            <gpxtpx:hr>167</gpxtpx:hr>
          </gpxtpx:TrackPointExtension>
        </extensions>
      </trkpt>
      <trkpt lat="41.739450366169166" lon="123.4274727194299">
        <ele>46.82484833244234</ele>
        <time>2025-06-06T22:59:13Z</time>
        <extensions>
          <gpxtpx:TrackPointExtension>
            <gpxtpx:hr>168</gpxtpx:hr>
          </gpxtpx:TrackPointExtension>
        </extensions>
      </trkpt>
      <trkpt lat="41.73947165736749" lon="123.42760117126957">
        <ele>46.544753858819604</ele>
        <time>2025-06-06T22:59:17Z</time>
      </trkpt>
      <trkpt lat="41.73947498038794" lon="123.42772930292608">
        <ele>46.58889479748905</ele>
        <time>2025-06-06T22:59:21Z</time>
        <extensions>
          <gpxtpx:TrackPointExtension>
            <gpxtpx:hr>164</gpxtpx:hr>
          </gpxtpx:TrackPointExtension>
        </extensions>
      </trkpt>
      <trkpt lat="41.73950456832738" lon="123.42786966347872">
        <ele>46.69589895103127</ele>
        <time>2025-06-06T22:59:25Z</time>
        <extensions>
          <gpxtpx:TrackPointExtension>
            <gpxtpx:hr>163</gpxtpx:hr>
          </gpxtpx:TrackPointExtension>
        </extensions>
      </trkpt>
      <trkpt lat="41.73953093537528" lon="123.42799992749602">
        <ele>46.42031206283718</ele>
        <time>2025-06-06T22:59:29Z</time>
        <extensions>
          <gpxtpx:TrackPointExtension>
            <gpxtpx:hr>163</gpxtpx:hr>
          </gpxtpx:TrackPointExtension>
        </extensions>
      </trkpt>
      <trkpt lat="41.73955906800521" lon="123.42812585983712">
        <ele>46.706992257386446</ele>
        <time>2025-06-06T22:59:33Z</time>
        <extensions>
          <gpxtpx:TrackPointExtension>
            <gpxtpx:hr>163</gpxtpx:hr>
          </gpxtpx:TrackPointExtension>
        </extensions>
      </trkpt>
      <trkpt lat="41.73957393304675" lon="123.42825934210896">
        <ele>46.135693764314055</ele>
        <time>2025-06-06T22:59:37Z</time>
      </trkpt>
      <trkpt lat="41.73959223991971" lon="123.42838779421315">
        <ele>45.88493361696601</ele>
        <time>2025-06-06T22:59:41Z</time>
        <extensions>
          <gpxtpx:TrackPointExtension>
            <gpxtpx:hr>163</gpxtpx:hr>
          </gpxtpx:TrackPointExtension>
        </extensions>
      </trkpt>
      <trkpt lat="41.7396219782965" lon="123.42850821917042">
        <ele>45.00977016799152</ele>
        <time>2025-06-06T22:59:45Z</time>
        <extensions>
          <gpxtpx:TrackPointExtension>
            <gpxtpx:hr>164</gpxtpx:hr>
          </gpxtpx:TrackPointExtension>
        </extensions>
      </trkpt>
      <trkpt lat="41.73963201038285" lon="123.42863601898209">
        <ele>45.71805938240141</ele>
        <time>2025-06-06T22:59:49Z</time>
        <extensions>
          <gpxtpx:TrackPointExtension>
            <gpxtpx:hr>163</gpxtpx:hr>
          </gpxtpx:TrackPointExtension>
        </extensions>
      </trkpt>
      <trkpt lat="41.739647493370356" lon="123.42876618477067">
        <ele>45.95718962419778</ele>
        <time>2025-06-06T22:59:53Z</time>
        <extensions>
          <gpxtpx:TrackPointExtension>
            <gpxtpx:hr>163</gpxtpx:hr>
          </gpxtpx:TrackPointExtension>
        </extensions>
      </trkpt>
      <trkpt lat="41.73967157929199" lon="123.4289109131983">
        <ele>45.58324231207371</ele>
        <time>2025-06-06T22:59:57Z</time>
      </trkpt>
      <trkpt lat="41.73971455731353" lon="123.42904694078052">
        <ele>45.48922855220735</ele>
        <time>2025-06-06T23:00:01Z</time>
        <extensions>
          <gpxtpx:TrackPointExtension>
            <gpxtpx:hr>161</gpxtpx:hr>
          </gpxtpx:TrackPointExtension>
        </extensions>
      </trkpt>
      <trkpt lat="41.73972957217766" lon="123.4291991605935">
        <ele>44.01160095073283</ele>
        <time>2025-06-06T23:00:05Z</time>
        <extensions>
          <gpxtpx:TrackPointExtension>
            <gpxtpx:hr>163</gpxtpx:hr>
          </gpxtpx:TrackPointExtension>
        </extensions>
      </trkpt>
      <trkpt lat="41.73976454689373" lon="123.4293300368449">
        <ele>44.2527838088572</ele>
        <time>2025-06-06T23:00:09Z</time>
        <extensions>
          <gpxtpx:TrackPointExtension>
            <gpxtpx:hr>164</gpxtpx:hr>
          </gpxtpx:TrackPointExtension>
        </extensions>
      </trkpt>
      <trkpt lat="41.73978524864881" lon="123.42946346740172">
        <ele>44.934649024158716</ele>
        <time>2025-06-06T23:00:13Z</time>
      </trkpt>
      <trkpt lat="41.73982905985825" lon="123.42958494549129">
        <ele>45.41460509132594</ele>
        <time>2025-06-06T23:00:17Z</time>
        <extensions>
          <gpxtpx:TrackPointExtension>
            <gpxtpx:hr>162</gpxtpx:hr>
          </gpxtpx:TrackPointExtension>
        </extensions>
      </trkpt>
      <trkpt lat="41.73986663670103" lon="123.42970121926713">
        <ele>47.033484120853245</ele>
        <time>2025-06-06T23:00:21Z</time>
        <extensions>
          <gpxtpx:TrackPointExtension>
            <gpxtpx:hr>162</gpxtpx:hr>
          </gpxtpx:TrackPointExtension>
        </extensions>
      </trkpt>
      <trkpt lat="41.7398889843952" lon="123.42981905601403">
        <ele>47.09156910330057</ele>
        <time>2025-06-06T23:00:24Z</time>
        <extensions>
          <gpxtpx:TrackPointExtension>
            <gpxtpx:hr>161</gpxtpx:hr>
          </gpxtpx:TrackPointExtension>
        </extensions>
      </trkpt>
      <trkpt lat="41.73991079037245" lon="123.42995640689712">
        <ele>46.59034150931984</ele>
        <time>2025-06-06T23:00:28Z</time>
        <extensions>
          <gpxtpx:TrackPointExtension>
            <gpxtpx:hr>162</gpxtpx:hr>
          </gpxtpx:TrackPointExtension>
        </extensions>
      </trkpt>
      <trkpt lat="41.73991473574119" lon="123.43009737011054">
        <ele>46.75730644259602</ele>
        <time>2025-06-06T23:00:32Z</time>
      </trkpt>
      <trkpt lat="41.73993025963972" lon="123.43024411724359">
        <ele>46.1021241331473</ele>
        <time>2025-06-06T23:00:36Z</time>
        <extensions>
          <gpxtpx:TrackPointExtension>
            <gpxtpx:hr>163</gpxtpx:hr>
          </gpxtpx:TrackPointExtension>
        </extensions>
      </trkpt>
      <trkpt lat="41.73994729004955" lon="123.4303915796338">
        <ele>47.58050617482513</ele>
        <time>2025-06-06T23:00:40Z</time>
      </trkpt>
      <trkpt lat="41.73997545752178" lon="123.43052071911016">
        <ele>46.784373006783426</ele>
        <time>2025-06-06T23:00:44Z</time>
        <extensions>
          <gpxtpx:TrackPointExtension>
            <gpxtpx:hr>164</gpxtpx:hr>
          </gpxtpx:TrackPointExtension>
        </extensions>
      </trkpt>
      <trkpt lat="41.740006286906464" lon="123.43065782752599">
        <ele>46.229981628246605</ele>
        <time>2025-06-06T23:00:48Z</time>
        <extensions>
          <gpxtpx:TrackPointExtension>
            <gpxtpx:hr>163</gpxtpx:hr>
          </gpxtpx:TrackPointExtension>
        </extensions>
      </trkpt>
      <trkpt lat="41.74003075425897" lon="123.4308008017607">
        <ele>46.21416315995157</ele>
        <time>2025-06-06T23:00:52Z</time>
      </trkpt>
      <trkpt lat="41.74005255036487" lon="123.43092202844018">
        <ele>46.804184118285775</ele>
        <time>2025-06-06T23:00:56Z</time>
        <extensions>
          <gpxtpx:TrackPointExtension>
            <gpxtpx:hr>164</gpxtpx:hr>
          </gpxtpx:TrackPointExtension>
        </extensions>
      </trkpt>
      <trkpt lat="41.74006837100557" lon="123.43107069626302">
        <ele>46.54591227788478</ele>
        <time>2025-06-06T23:01:00Z</time>
        <extensions>
          <gpxtpx:TrackPointExtension>
            <gpxtpx:hr>163</gpxtpx:hr>
          </gpxtpx:TrackPointExtension>
        </extensions>
      </trkpt>
      <trkpt lat="41.74012032510013" lon="123.43119189309628">
        <ele>47.497891096398234</ele>
        <time>2025-06-06T23:01:04Z</time>
      </trkpt>
      <trkpt lat="41.74014416844295" lon="123.4313227536571">
        <ele>46.94909459911287</ele>
        <time>2025-06-06T23:01:08Z</time>
        <extensions>
          <gpxtpx:TrackPointExtension>
            <gpxtpx:hr>163</gpxtpx:hr>
          </gpxtpx:TrackPointExtension>
        </extensions>
      </trkpt>
      <trkpt lat="41.74018872260201" lon="123.43146468759676">
        <ele>48.154691251926124</ele>
        <time>2025-06-06T23:01:13Z</time>
        <extensions>
          <gpxtpx:TrackPointExtension>
            <gpxtpx:hr>162</gpxtpx:hr>
          </gpxtpx:TrackPointExtension>
        </extensions>
      </trkpt>
      <trkpt lat="41.7402321850029" lon="123.43158838657523">
        <ele>46.79400676488876</ele>
        <time>2025-06-06T23:01:17Z</time>
      </trkpt>
      <trkpt lat="41.740273345413" lon="123.43172491995853">
        <ele>45.84890996851027</ele>
        <time>2025-06-06T23:01:21Z</time>
        <extensions>
          <gpxtpx:TrackPointExtension>
            <gpxtpx:hr>162</gpxtpx:hr>
          </gpxtpx:TrackPointExtension>
        </extensions>
      </trkpt>
      <trkpt lat="41.74030767742348" lon="123.43183740546499">
        <ele>46.42445275653154</ele>
        <time>2025-06-06T23:01:25Z</time>
        <extensions>
          <gpxtpx:TrackPointExtension>
            <gpxtpx:hr>163</gpxtpx:hr>
          </gpxtpx:TrackPointExtension>
        </extensions>
      </trkpt>
      <trkpt lat="41.7403331087904" lon="123.43195935180239">
        <ele>45.81660589110106</ele>
        <time>2025-06-06T23:01:29Z</time>
        <extensions>
          <gpxtpx:TrackPointExtension>
            <gpxtpx:hr>163</gpxtpx:hr>
          </gpxtpx:TrackPointExtension>
        </extensions>
      </trkpt>
      <trkpt lat="41.740360125337716" lon="123.43207713270371">
        <ele>46.26974139083177</ele>
        <time>2025-06-06T23:01:33Z</time>
      </trkpt>
      <trkpt lat="41.74041898551643" lon="123.43221090452501">
        <ele>46.97798442002386</ele>
        <time>2025-06-06T23:01:38Z</time>
        <extensions>
          <gpxtpx:TrackPointExtension>
            <gpxtpx:hr>162</gpxtpx:hr>
          </gpxtpx:TrackPointExtension>
        </extensions>
      </trkpt>
      <trkpt lat="41.74046434049388" lon="123.43234754150926">
        <ele>48.00825919210911</ele>
        <time>2025-06-06T23:01:43Z</time>
        <extensions>
          <gpxtpx:TrackPointExtension>
            <gpxtpx:hr>163</gpxtpx:hr>
          </gpxtpx:TrackPointExtension>
        </extensions>
      </trkpt>
      <trkpt lat="41.740511126175555" lon="123.43246616345111">
        <ele>48.96245545614511</ele>
        <time>2025-06-06T23:01:47Z</time>
        <extensions>
          <gpxtpx:TrackPointExtension>
            <gpxtpx:hr>162</gpxtpx:hr>
          </gpxtpx:TrackPointExtension>
        </extensions>
      </trkpt>
      <trkpt lat="41.74055687004272" lon="123.43258322872614">
        <ele>49.15214819274843</ele>
        <time>2025-06-06T23:01:51Z</time>
        <extensions>
          <gpxtpx:TrackPointExtension>
            <gpxtpx:hr>161</gpxtpx:hr>
          </gpxtpx:TrackPointExtension>
        </extensions>
      </trkpt>
      <trkpt lat="41.74059312566977" lon="123.43270917861021">
        <ele>48.38148262538016</ele>
        <time>2025-06-06T23:01:55Z</time>
      </trkpt>
      <trkpt lat="41.7406428460911" lon="123.43284489810247">
        <ele>47.7863156190142</ele>
        <time>2025-06-06T23:01:59Z</time>
      </trkpt>
      <trkpt lat="41.740680846353705" lon="123.43297329291605">
        <ele>46.748086721636355</ele>
        <time>2025-06-06T23:02:03Z</time>
        <extensions>
          <gpxtpx:TrackPointExtension>
            <gpxtpx:hr>157</gpxtpx:hr>
          </gpxtpx:TrackPointExtension>
        </extensions>
      </trkpt>
      <trkpt lat="41.740738104240386" lon="123.43310702998802">
        <ele>48.25478188786656</ele>
        <time>2025-06-06T23:02:08Z</time>
        <extensions>
          <gpxtpx:TrackPointExtension>
            <gpxtpx:hr>156</gpxtpx:hr>
          </gpxtpx:TrackPointExtension>
        </extensions>
      </trkpt>
      <trkpt lat="41.740803576688826" lon="123.43322376890306">
        <ele>48.343714638613164</ele>
        <time>2025-06-06T23:02:12Z</time>
        <extensions>
          <gpxtpx:TrackPointExtension>
            <gpxtpx:hr>157</gpxtpx:hr>
          </gpxtpx:TrackPointExtension>
        </extensions>
      </trkpt>
      <trkpt lat="41.74086231004462" lon="123.43334410139448">
        <ele>48.92005707975477</ele>
        <time>2025-06-06T23:02:16Z</time>
      </trkpt>
      <trkpt lat="41.7409389037396" lon="123.43347169615629">
        <ele>49.961199479177594</ele>
        <time>2025-06-06T23:02:20Z</time>
        <extensions>
          <gpxtpx:TrackPointExtension>
            <gpxtpx:hr>159</gpxtpx:hr>
          </gpxtpx:TrackPointExtension>
        </extensions>
      </trkpt>
      <trkpt lat="41.74099506484242" lon="123.43356998135322">
        <ele>50.22655774280429</ele>
        <time>2025-06-06T23:02:24Z</time>
        <extensions>
          <gpxtpx:TrackPointExtension>
            <gpxtpx:hr>160</gpxtpx:hr>
          </gpxtpx:TrackPointExtension>
        </extensions>
      </trkpt>
      <trkpt lat="41.74106671933937" lon="123.43369178686892">
        <ele>49.880057372152805</ele>
        <time>2025-06-06T23:02:28Z</time>
        <extensions>
          <gpxtpx:TrackPointExtension>
            <gpxtpx:hr>159</gpxtpx:hr>
          </gpxtpx:TrackPointExtension>
        </extensions>
      </trkpt>
      <trkpt lat="41.741127886747144" lon="123.4337944283799">
        <ele>50.20664095506072</ele>
        <time>2025-06-06T23:02:32Z</time>
        <extensions>
          <gpxtpx:TrackPointExtension>
            <gpxtpx:hr>160</gpxtpx:hr>
          </gpxtpx:TrackPointExtension>
        </extensions>
      </trkpt>
      <trkpt lat="41.7411827806163" lon="123.43391603728729">
        <ele>50.955871284008026</ele>
        <time>2025-06-06T23:02:36Z</time>
        <extensions>
          <gpxtpx:TrackPointExtension>
            <gpxtpx:hr>160</gpxtpx:hr>
          </gpxtpx:TrackPointExtension>
        </extensions>
      </trkpt>
      <trkpt lat="41.74123604706501" lon="123.43402499758868">
        <ele>51.99496388807893</ele>
        <time>2025-06-06T23:02:40Z</time>
      </trkpt>
      <trkpt lat="41.741311591020796" lon="123.43411920206009">
        <ele>52.22891532070935</ele>
        <time>2025-06-06T23:02:44Z</time>
        <extensions>
          <gpxtpx:TrackPointExtension>
            <gpxtpx:hr>161</gpxtpx:hr>
          </gpxtpx:TrackPointExtension>
        </extensions>
      </trkpt>
      <trkpt lat="41.741355141756664" lon="123.43422741153356">
        <ele>52.26686874497682</ele>
        <time>2025-06-06T23:02:48Z</time>
        <extensions>
          <gpxtpx:TrackPointExtension>
            <gpxtpx:hr>161</gpxtpx:hr>
          </gpxtpx:TrackPointExtension>
        </extensions>
      </trkpt>
      <trkpt lat="41.741408861349136" lon="123.4343327880053">
        <ele>52.329455986618996</ele>
        <time>2025-06-06T23:02:52Z</time>
      </trkpt>
      <trkpt lat="41.74147197706894" lon="123.43446013169543">
        <ele>52.36596221383661</ele>
        <time>2025-06-06T23:02:56Z</time>
        <extensions>
          <gpxtpx:TrackPointExtension>
            <gpxtpx:hr>160</gpxtpx:hr>
          </gpxtpx:TrackPointExtension>
        </extensions>
      </trkpt>
      <trkpt lat="41.74152749473481" lon="123.43457724312499">
        <ele>51.43733062129468</ele>
        <time>2025-06-06T23:03:01Z</time>
        <extensions>
          <gpxtpx:TrackPointExtension>
            <gpxtpx:hr>159</gpxtpx:hr>
          </gpxtpx:TrackPointExtension>
        </extensions>
      </trkpt>
      <trkpt lat="41.741578292867885" lon="123.43467828246357">
        <ele>50.220605596899986</ele>
        <time>2025-06-06T23:03:05Z</time>
      </trkpt>
      <trkpt lat="41.74164859792601" lon="123.43475439648095">
        <ele>50.74706937279552</ele>
        <time>2025-06-06T23:03:09Z</time>
        <extensions>
          <gpxtpx:TrackPointExtension>
            <gpxtpx:hr>160</gpxtpx:hr>
          </gpxtpx:TrackPointExtension>
        </extensions>
      </trkpt>
      <trkpt lat="41.74170374394436" lon="123.43488030437597">
        <ele>49.693453564308584</ele>
        <time>2025-06-06T23:03:13Z</time>
      </trkpt>
      <trkpt lat="41.741760085410824" lon="123.43500286555496">
        <ele>49.68420946318656</ele>
        <time>2025-06-06T23:03:17Z</time>
        <extensions>
          <gpxtpx:TrackPointExtension>
            <gpxtpx:hr>157</gpxtpx:hr>
          </gpxtpx:TrackPointExtension>
        </extensions>
      </trkpt>
      <trkpt lat="41.74183568559571" lon="123.43511264050348">
        <ele>51.02454727329314</ele>
        <time>2025-06-06T23:03:21Z</time>
        <extensions>
          <gpxtpx:TrackPointExtension>
            <gpxtpx:hr>157</gpxtpx:hr>
          </gpxtpx:TrackPointExtension>
        </extensions>
      </trkpt>
      <trkpt lat="41.74189474749942" lon="123.43522284914883">
        <ele>50.080272934399545</ele>
        <time>2025-06-06T23:03:25Z</time>
      </trkpt>
      <trkpt lat="41.74194744482771" lon="123.43536132051804">
        <ele>49.2661291686818</ele>
        <time>2025-06-06T23:03:29Z</time>
      </trkpt>
      <trkpt lat="41.742020134680594" lon="123.43545466741546">
        <ele>50.435304139740765</ele>
        <time>2025-06-06T23:03:33Z</time>
        <extensions>
          <gpxtpx:TrackPointExtension>
            <gpxtpx:hr>159</gpxtpx:hr>
          </gpxtpx:TrackPointExtension>
        </extensions>
      </trkpt>
      <trkpt lat="41.74209434834904" lon="123.43556362812053">
        <ele>50.08561101090163</ele>
        <time>2025-06-06T23:03:37Z</time>
      </trkpt>
      <trkpt lat="41.74214383046949" lon="123.43566741868747">
        <ele>50.50648357439786</ele>
        <time>2025-06-06T23:03:40Z</time>
        <extensions>
          <gpxtpx:TrackPointExtension>
            <gpxtpx:hr>159</gpxtpx:hr>
          </gpxtpx:TrackPointExtension>
        </extensions>
      </trkpt>
      <trkpt lat="41.74223728657969" lon="123.4357594819907">
        <ele>51.612684284336865</ele>
        <time>2025-06-06T23:03:44Z</time>
        <extensions>
          <gpxtpx:TrackPointExtension>
            <gpxtpx:hr>160</gpxtpx:hr>
          </gpxtpx:TrackPointExtension>
        </extensions>
      </trkpt>
      <trkpt lat="41.74228333867281" lon="123.43587488954351">
        <ele>52.80441015865654</ele>
        <time>2025-06-06T23:03:47Z</time>
      </trkpt>
      <trkpt lat="41.74236508189879" lon="123.43598251744268">
        <ele>54.34017201885581</ele>
        <time>2025-06-06T23:03:51Z</time>
        <extensions>
          <gpxtpx:TrackPointExtension>
            <gpxtpx:hr>162</gpxtpx:hr>
          </gpxtpx:TrackPointExtension>
        </extensions>
      </trkpt>
      <trkpt lat="41.7424223679998" lon="123.4361092655454">
        <ele>53.468376676552</ele>
        <time>2025-06-06T23:03:54Z</time>
        <extensions>
          <gpxtpx:TrackPointExtension>
            <gpxtpx:hr>165</gpxtpx:hr>
          </gpxtpx:TrackPointExtension>
        </extensions>
      </trkpt>
      <trkpt lat="41.742482474317896" lon="123.43621103768824">
        <ele>52.05021256301552</ele>
        <time>2025-06-06T23:03:57Z</time>
      </trkpt>
      <trkpt lat="41.742569674412536" lon="123.43631278724298">
        <ele>51.1138321608305</ele>
        <time>2025-06-06T23:04:00Z</time>
        <extensions>
          <gpxtpx:TrackPointExtension>
            <gpxtpx:hr>166</gpxtpx:hr>
          </gpxtpx:TrackPointExtension>
        </extensions>
      </trkpt>
      <trkpt lat="41.742665287109276" lon="123.43639822893734">
        <ele>49.83278739079833</ele>
        <time>2025-06-06T23:04:04Z</time>
        <extensions>
          <gpxtpx:TrackPointExtension>
            <gpxtpx:hr>167</gpxtpx:hr>
          </gpxtpx:TrackPointExtension>
        </extensions>
      </trkpt>
      <trkpt lat="41.74273498690984" lon="123.43650929449556">
        <ele>49.32275645341724</ele>
        <time>2025-06-06T23:04:07Z</time>
        <extensions>
          <gpxtpx:TrackPointExtension>
            <gpxtpx:hr>168</gpxtpx:hr>
          </gpxtpx:TrackPointExtension>
        </extensions>
      </trkpt>
      <trkpt lat="41.74280839789531" lon="123.43659165401498">
        <ele>48.38392812293023</ele>
        <time>2025-06-06T23:04:10Z</time>
      </trkpt>
      <trkpt lat="41.74290003155005" lon="123.43665308668264">
        <ele>48.50656051468104</ele>
        <time>2025-06-06T23:04:13Z</time>
      </trkpt>
      <trkpt lat="41.743001223497046" lon="123.43673666133176">
        <ele>49.34860986098647</ele>
        <time>2025-06-06T23:04:17Z</time>
        <extensions>
          <gpxtpx:TrackPointExtension>
            <gpxtpx:hr>167</gpxtpx:hr>
          </gpxtpx:TrackPointExtension>
        </extensions>
      </trkpt>
      <trkpt lat="41.7431046307014" lon="123.4368169467876">
        <ele>51.190827663987875</ele>
        <time>2025-06-06T23:04:21Z</time>
        <extensions>
          <gpxtpx:TrackPointExtension>
            <gpxtpx:hr>168</gpxtpx:hr>
          </gpxtpx:TrackPointExtension>
        </extensions>
      </trkpt>
      <trkpt lat="41.74318229257802" lon="123.43691016809534">
        <ele>51.66793614253402</ele>
        <time>2025-06-06T23:04:25Z</time>
        <extensions>
          <gpxtpx:TrackPointExtension>
            <gpxtpx:hr>168</gpxtpx:hr>
          </gpxtpx:TrackPointExtension>
        </extensions>
      </trkpt>
      <trkpt lat="41.743240730965695" lon="123.43700405397749">
        <ele>51.28031140193343</ele>
        <time>2025-06-06T23:04:28Z</time>
      </trkpt>
      <trkpt lat="41.74329912086688" lon="123.43714545364543">
        <ele>50.37830362841487</ele>
        <time>2025-06-06T23:04:31Z</time>
        <extensions>
          <gpxtpx:TrackPointExtension>
            <gpxtpx:hr>168</gpxtpx:hr>
          </gpxtpx:TrackPointExtension>
        </extensions>
      </trkpt>
      <trkpt lat="41.743332909226794" lon="123.43726652933145">
        <ele>49.41667113266885</ele>
        <time>2025-06-06T23:04:34Z</time>
        <extensions>
          <gpxtpx:TrackPointExtension>
            <gpxtpx:hr>169</gpxtpx:hr>
          </gpxtpx:TrackPointExtension>
        </extensions>
      </trkpt>
      <trkpt lat="41.74340044421903" lon="123.43736973738538">
        <ele>49.71759577654302</ele>
        <time>2025-06-06T23:04:37Z</time>
      </trkpt>
      <trkpt lat="41.743467654679954" lon="123.43745191353642">
        <ele>50.15580089110881</ele>
        <time>2025-06-06T23:04:40Z</time>
        <extensions>
          <gpxtpx:TrackPointExtension>
            <gpxtpx:hr>170</gpxtpx:hr>
          </gpxtpx:TrackPointExtension>
        </extensions>
      </trkpt>
      <trkpt lat="41.74353645391897" lon="123.43758612567613">
        <ele>50.09726189356297</ele>
        <time>2025-06-06T23:04:44Z</time>
        <extensions>
          <gpxtpx:TrackPointExtension>
            <gpxtpx:hr>170</gpxtpx:hr>
          </gpxtpx:TrackPointExtension>
        </extensions>
      </trkpt>
      <trkpt lat="41.74357631432001" lon="123.43770685495512">
        <ele>50.219697932712734</ele>
        <time>2025-06-06T23:04:47Z</time>
        <extensions>
          <gpxtpx:TrackPointExtension>
            <gpxtpx:hr>171</gpxtpx:hr>
          </gpxtpx:TrackPointExtension>
        </extensions>
      </trkpt>
      <trkpt lat="41.74364801280838" lon="123.43780380779717">
        <ele>50.69544890336692</ele>
        <time>2025-06-06T23:04:50Z</time>
      </trkpt>
      <trkpt lat="41.74369499704325" lon="123.43791562773912">
        <ele>50.715743854641914</ele>
        <time>2025-06-06T23:04:53Z</time>
        <extensions>
          <gpxtpx:TrackPointExtension>
            <gpxtpx:hr>171</gpxtpx:hr>
          </gpxtpx:TrackPointExtension>
        </extensions>
      </trkpt>
      <trkpt lat="41.743758019896184" lon="123.43801809693497">
        <ele>51.20360972266644</ele>
        <time>2025-06-06T23:04:56Z</time>
      </trkpt>
      <trkpt lat="41.74382176030391" lon="123.43813933035547">
        <ele>52.73950363975018</ele>
        <time>2025-06-06T23:05:00Z</time>
        <extensions>
          <gpxtpx:TrackPointExtension>
            <gpxtpx:hr>172</gpxtpx:hr>
          </gpxtpx:TrackPointExtension>
        </extensions>
      </trkpt>
      <trkpt lat="41.74390427762626" lon="123.43824316378989">
        <ele>52.12407500483096</ele>
        <time>2025-06-06T23:05:04Z</time>
        <extensions>
          <gpxtpx:TrackPointExtension>
            <gpxtpx:hr>173</gpxtpx:hr>
          </gpxtpx:TrackPointExtension>
        </extensions>
      </trkpt>
      <trkpt lat="41.74395167043745" lon="123.43835703586429">
        <ele>51.57160150445998</ele>
        <time>2025-06-06T23:05:07Z</time>
      </trkpt>
      <trkpt lat="41.74398445738804" lon="123.43847549459424">
        <ele>50.270349964499474</ele>
        <time>2025-06-06T23:05:10Z</time>
        <extensions>
          <gpxtpx:TrackPointExtension>
            <gpxtpx:hr>174</gpxtpx:hr>
          </gpxtpx:TrackPointExtension>
        </extensions>
      </trkpt>
      <trkpt lat="41.744046928266975" lon="123.43857015784022">
        <ele>50.16093487478793</ele>
        <time>2025-06-06T23:05:13Z</time>
      </trkpt>
      <trkpt lat="41.744099696311515" lon="123.4386874354345">
        <ele>48.98972443677485</ele>
        <time>2025-06-06T23:05:16Z</time>
        <extensions>
          <gpxtpx:TrackPointExtension>
            <gpxtpx:hr>173</gpxtpx:hr>
          </gpxtpx:TrackPointExtension>
        </extensions>
      </trkpt>
      <trkpt lat="41.744163426705136" lon="123.43879882492506">
        <ele>48.553377664647996</ele>
        <time>2025-06-06T23:05:19Z</time>
        <extensions>
          <gpxtpx:TrackPointExtension>
            <gpxtpx:hr>173</gpxtpx:hr>
          </gpxtpx:TrackPointExtension>
        </extensions>
      </trkpt>
      <trkpt lat="41.74424273066979" lon="123.4388938454707">
        <ele>48.43140363506973</ele>
        <time>2025-06-06T23:05:22Z</time>
      </trkpt>
      <trkpt lat="41.744298347024866" lon="123.43900744264774">
        <ele>49.034309949725866</ele>
        <time>2025-06-06T23:05:25Z</time>
        <extensions>
          <gpxtpx:TrackPointExtension>
            <gpxtpx:hr>173</gpxtpx:hr>
          </gpxtpx:TrackPointExtension>
        </extensions>
      </trkpt>
      <trkpt lat="41.74434827703915" lon="123.43913027605957">
        <ele>48.09973772987723</ele>
        <time>2025-06-06T23:05:28Z</time>
        <extensions>
          <gpxtpx:TrackPointExtension>
            <gpxtpx:hr>173</gpxtpx:hr>
          </gpxtpx:TrackPointExtension>
        </extensions>
      </trkpt>
      <trkpt lat="41.7444143469274" lon="123.4392325069269">
        <ele>48.12377261836082</ele>
        <time>2025-06-06T23:05:31Z</time>
      </trkpt>
      <trkpt lat="41.74447636333383" lon="123.43934477882635">
        <ele>46.90781506430358</ele>
        <time>2025-06-06T23:05:34Z</time>
      </trkpt>
      <trkpt lat="41.74451264210209" lon="123.4394697306706">
        <ele>47.23534276150167</ele>
        <time>2025-06-06T23:05:37Z</time>
        <extensions>
          <gpxtpx:TrackPointExtension>
            <gpxtpx:hr>174</gpxtpx:hr>
          </gpxtpx:TrackPointExtension>
        </extensions>
      </trkpt>
      <trkpt lat="41.744543396538496" lon="123.43959528657577">
        <ele>47.23590995091945</ele>
        <time>2025-06-06T23:05:40Z</time>
        <extensions>
          <gpxtpx:TrackPointExtension>
            <gpxtpx:hr>175</gpxtpx:hr>
          </gpxtpx:TrackPointExtension>
        </extensions>
      </trkpt>
      <trkpt lat="41.74459270973502" lon="123.4397066127284">
        <ele>47.585411448031664</ele>
        <time>2025-06-06T23:05:43Z</time>
      </trkpt>
      <trkpt lat="41.744639314225346" lon="123.4398488769699">
        <ele>47.590948171913624</ele>
        <time>2025-06-06T23:05:47Z</time>
        <extensions>
          <gpxtpx:TrackPointExtension>
            <gpxtpx:hr>174</gpxtpx:hr>
          </gpxtpx:TrackPointExtension>
        </extensions>
      </trkpt>
      <trkpt lat="41.74467618459527" lon="123.43996725513033">
        <ele>48.0050344299525</ele>
        <time>2025-06-06T23:05:50Z</time>
        <extensions>
          <gpxtpx:TrackPointExtension>
            <gpxtpx:hr>174</gpxtpx:hr>
          </gpxtpx:TrackPointExtension>
        </extensions>
      </trkpt>
      <trkpt lat="41.74470234326961" lon="123.4401031801167">
        <ele>45.96774599980563</ele>
        <time>2025-06-06T23:05:53Z</time>
        <extensions>
          <gpxtpx:TrackPointExtension>
            <gpxtpx:hr>174</gpxtpx:hr>
          </gpxtpx:TrackPointExtension>
        </extensions>
      </trkpt>
      <trkpt lat="41.744729575246105" lon="123.44025119497847">
        <ele>45.874836549162865</ele>
        <time>2025-06-06T23:05:57Z</time>
      </trkpt>
      <trkpt lat="41.74475695793406" lon="123.44037234906602">
        <ele>46.76704502198845</ele>
        <time>2025-06-06T23:06:00Z</time>
        <extensions>
          <gpxtpx:TrackPointExtension>
            <gpxtpx:hr>175</gpxtpx:hr>
          </gpxtpx:TrackPointExtension>
        </extensions>
      </trkpt>
      <trkpt lat="41.7447654533426" lon="123.44052115092363">
        <ele>47.485040188767016</ele>
        <time>2025-06-06T23:06:04Z</time>
        <extensions>
          <gpxtpx:TrackPointExtension>
            <gpxtpx:hr>174</gpxtpx:hr>
          </gpxtpx:TrackPointExtension>
        </extensions>
      </trkpt>
      <trkpt lat="41.74476462245581" lon="123.44064997822832">
        <ele>47.87689885031432</ele>
        <time>2025-06-06T23:06:07Z</time>
      </trkpt>
      <trkpt lat="41.74478278687552" lon="123.44080249342883">
        <ele>48.47608446981758</ele>
        <time>2025-06-06T23:06:11Z</time>
        <extensions>
          <gpxtpx:TrackPointExtension>
            <gpxtpx:hr>175</gpxtpx:hr>
          </gpxtpx:TrackPointExtension>
        </extensions>
      </trkpt>
      <trkpt lat="41.74481581724268" lon="123.44093185085616">
        <ele>48.4774565435946</ele>
        <time>2025-06-06T23:06:14Z</time>
        <extensions>
          <gpxtpx:TrackPointExtension>
            <gpxtpx:hr>176</gpxtpx:hr>
          </gpxtpx:TrackPointExtension>
        </extensions>
      </trkpt>
      <trkpt lat="41.7448526436534" lon="123.44104246741976">
        <ele>48.543463786132634</ele>
        <time>2025-06-06T23:06:17Z</time>
        <extensions>
          <gpxtpx:TrackPointExtension>
            <gpxtpx:hr>176</gpxtpx:hr>
          </gpxtpx:TrackPointExtension>
        </extensions>
      </trkpt>
      <trkpt lat="41.74488175211886" lon="123.44115787547722">
        <ele>48.48969870619476</ele>
        <time>2025-06-06T23:06:20Z</time>
      </trkpt>
      <trkpt lat="41.744927352240744" lon="123.44128569762984">
        <ele>48.68402483314276</ele>
        <time>2025-06-06T23:06:23Z</time>
      </trkpt>
      <trkpt lat="41.74500713654102" lon="123.44134688173645">
        <ele>48.40581911802292</ele>
        <time>2025-06-06T23:06:26Z</time>
        <extensions>
          <gpxtpx:TrackPointExtension>
            <gpxtpx:hr>177</gpxtpx:hr>
          </gpxtpx:TrackPointExtension>
        </extensions>
      </trkpt>
      <trkpt lat="41.74509185144063" lon="123.44140918033445">
        <ele>48.49366268143058</ele>
        <time>2025-06-06T23:06:29Z</time>
        <extensions>
          <gpxtpx:TrackPointExtension>
            <gpxtpx:hr>177</gpxtpx:hr>
          </gpxtpx:TrackPointExtension>
        </extensions>
      </trkpt>
      <trkpt lat="41.74509411974277" lon="123.44153916419167">
        <ele>50.70955515000969</ele>
        <time>2025-06-06T23:06:33Z</time>
      </trkpt>
      <trkpt lat="41.74499723497162" lon="123.44153560704318">
        <ele>49.66313311923295</ele>
        <time>2025-06-06T23:06:37Z</time>
        <extensions>
          <gpxtpx:TrackPointExtension>
            <gpxtpx:hr>177</gpxtpx:hr>
          </gpxtpx:TrackPointExtension>
        </extensions>
      </trkpt>
      <trkpt lat="41.74493047691283" lon="123.44144637716175">
        <ele>53.056180791929364</ele>
        <time>2025-06-06T23:06:50Z</time>
        <extensions>
          <gpxtpx:TrackPointExtension>
            <gpxtpx:hr>172</gpxtpx:hr>
          </gpxtpx:TrackPointExtension>
        </extensions>
      </trkpt>
      <trkpt lat="41.744925427877305" lon="123.44132456405137">
        <ele>53.534380099736154</ele>
        <time>2025-06-06T23:06:56Z</time>
        <extensions>
          <gpxtpx:TrackPointExtension>
            <gpxtpx:hr>170</gpxtpx:hr>
          </gpxtpx:TrackPointExtension>
        </extensions>
      </trkpt>
      <trkpt lat="41.74500078564242" lon="123.4412284277623">
        <ele>52.54318389296532</ele>
        <time>2025-06-06T23:07:00Z</time>
        <extensions>
          <gpxtpx:TrackPointExtension>
            <gpxtpx:hr>165</gpxtpx:hr>
          </gpxtpx:TrackPointExtension>
        </extensions>
      </trkpt>
      <trkpt lat="41.7450809960487" lon="123.44114703665957">
        <ele>52.726514405570924</ele>
        <time>2025-06-06T23:07:04Z</time>
        <extensions>
          <gpxtpx:TrackPointExtension>
            <gpxtpx:hr>165</gpxtpx:hr>
          </gpxtpx:TrackPointExtension>
        </extensions>
      </trkpt>
      <trkpt lat="41.74516785702579" lon="123.4410312946609">
        <ele>52.34565270319581</ele>
        <time>2025-06-06T23:07:07Z</time>
        <extensions>
          <gpxtpx:TrackPointExtension>
            <gpxtpx:hr>166</gpxtpx:hr>
          </gpxtpx:TrackPointExtension>
        </extensions>
      </trkpt>
      <trkpt lat="41.745244462405985" lon="123.44095051685137">
        <ele>52.68773417454213</ele>
        <time>2025-06-06T23:07:10Z</time>
      </trkpt>
      <trkpt lat="41.74529885714938" lon="123.44084674829949">
        <ele>53.165795852430165</ele>
        <time>2025-06-06T23:07:13Z</time>
        <extensions>
          <gpxtpx:TrackPointExtension>
            <gpxtpx:hr>168</gpxtpx:hr>
          </gpxtpx:TrackPointExtension>
        </extensions>
      </trkpt>
      <trkpt lat="41.74537923085756" lon="123.44076313401396">
        <ele>53.407910079695284</ele>
        <time>2025-06-06T23:07:16Z</time>
      </trkpt>
      <trkpt lat="41.745443503815736" lon="123.44066746141515">
        <ele>52.65393349248916</ele>
        <time>2025-06-06T23:07:19Z</time>
        <extensions>
          <gpxtpx:TrackPointExtension>
            <gpxtpx:hr>170</gpxtpx:hr>
          </gpxtpx:TrackPointExtension>
        </extensions>
      </trkpt>
      <trkpt lat="41.74551162760489" lon="123.44056994187149">
        <ele>53.545326619409025</ele>
        <time>2025-06-06T23:07:22Z</time>
      </trkpt>
      <trkpt lat="41.74559643052368" lon="123.44048897894733">
        <ele>53.81054207496345</ele>
        <time>2025-06-06T23:07:25Z</time>
        <extensions>
          <gpxtpx:TrackPointExtension>
            <gpxtpx:hr>171</gpxtpx:hr>
          </gpxtpx:TrackPointExtension>
        </extensions>
      </trkpt>
      <trkpt lat="41.74565780622407" lon="123.4403931489473">
        <ele>52.77369054593146</ele>
        <time>2025-06-06T23:07:28Z</time>
      </trkpt>
      <trkpt lat="41.745727306117395" lon="123.44030605728611">
        <ele>53.29456206597388</ele>
        <time>2025-06-06T23:07:31Z</time>
        <extensions>
          <gpxtpx:TrackPointExtension>
            <gpxtpx:hr>173</gpxtpx:hr>
          </gpxtpx:TrackPointExtension>
        </extensions>
      </trkpt>
      <trkpt lat="41.74580055052706" lon="123.44023086770473">
        <ele>53.597193617373705</ele>
        <time>2025-06-06T23:07:34Z</time>
        <extensions>
          <gpxtpx:TrackPointExtension>
            <gpxtpx:hr>173</gpxtpx:hr>
          </gpxtpx:TrackPointExtension>
        </extensions>
      </trkpt>
      <trkpt lat="41.74586265356403" lon="123.4401395610303">
        <ele>53.35593281593174</ele>
        <time>2025-06-06T23:07:37Z</time>
      </trkpt>
      <trkpt lat="41.74592847418463" lon="123.44004450301796">
        <ele>54.80729757621884</ele>
        <time>2025-06-06T23:07:40Z</time>
        <extensions>
          <gpxtpx:TrackPointExtension>
            <gpxtpx:hr>174</gpxtpx:hr>
          </gpxtpx:TrackPointExtension>
        </extensions>
      </trkpt>
      <trkpt lat="41.74600959737616" lon="123.4399375126321">
        <ele>54.10578132327646</ele>
        <time>2025-06-06T23:07:44Z</time>
        <extensions>
          <gpxtpx:TrackPointExtension>
            <gpxtpx:hr>174</gpxtpx:hr>
          </gpxtpx:TrackPointExtension>
        </extensions>
      </trkpt>
      <trkpt lat="41.74607811863227" lon="123.4398539658778">
        <ele>55.56651591230184</ele>
        <time>2025-06-06T23:07:47Z</time>
      </trkpt>
      <trkpt lat="41.74613550102316" lon="123.43975725678037">
        <ele>55.096688161604106</ele>
        <time>2025-06-06T23:07:50Z</time>
        <extensions>
          <gpxtpx:TrackPointExtension>
            <gpxtpx:hr>176</gpxtpx:hr>
          </gpxtpx:TrackPointExtension>
        </extensions>
      </trkpt>
      <trkpt lat="41.746226155668026" lon="123.4396511052843">
        <ele>54.43608223926276</ele>
        <time>2025-06-06T23:07:54Z</time>
        <extensions>
          <gpxtpx:TrackPointExtension>
            <gpxtpx:hr>176</gpxtpx:hr>
          </gpxtpx:TrackPointExtension>
        </extensions>
      </trkpt>
      <trkpt lat="41.74629566796916" lon="123.43956611984284">
        <ele>53.793619305826724</ele>
        <time>2025-06-06T23:07:57Z</time>
      </trkpt>
      <trkpt lat="41.74636383266232" lon="123.43947072972708">
        <ele>54.913005388341844</ele>
        <time>2025-06-06T23:08:00Z</time>
        <extensions>
          <gpxtpx:TrackPointExtension>
            <gpxtpx:hr>176</gpxtpx:hr>
          </gpxtpx:TrackPointExtension>
        </extensions>
      </trkpt>
      <trkpt lat="41.746430411869014" lon="123.43938209250894">
        <ele>53.9499824391678</ele>
        <time>2025-06-06T23:08:03Z</time>
        <extensions>
          <gpxtpx:TrackPointExtension>
            <gpxtpx:hr>175</gpxtpx:hr>
          </gpxtpx:TrackPointExtension>
        </extensions>
      </trkpt>
      <trkpt lat="41.746507455744066" lon="123.43929875218177">
        <ele>54.70730027090758</ele>
        <time>2025-06-06T23:08:06Z</time>
      </trkpt>
      <trkpt lat="41.74658342226412" lon="123.4391878991807">
        <ele>54.39556477498263</ele>
        <time>2025-06-06T23:08:10Z</time>
        <extensions>
          <gpxtpx:TrackPointExtension>
            <gpxtpx:hr>176</gpxtpx:hr>
          </gpxtpx:TrackPointExtension>
        </extensions>
      </trkpt>
      <trkpt lat="41.74665351462526" lon="123.43909725054155">
        <ele>55.10905832797289</ele>
        <time>2025-06-06T23:08:13Z</time>
      </trkpt>
      <trkpt lat="41.74671782810881" lon="123.43900755560766">
        <ele>55.40281747095287</ele>
        <time>2025-06-06T23:08:16Z</time>
        <extensions>
          <gpxtpx:TrackPointExtension>
            <gpxtpx:hr>178</gpxtpx:hr>
          </gpxtpx:TrackPointExtension>
        </extensions>
      </trkpt>
      <trkpt lat="41.74678010065111" lon="123.43891829436856">
        <ele>55.77170213777572</ele>
        <time>2025-06-06T23:08:19Z</time>
        <extensions>
          <gpxtpx:TrackPointExtension>
            <gpxtpx:hr>179</gpxtpx:hr>
          </gpxtpx:TrackPointExtension>
        </extensions>
      </trkpt>
      <trkpt lat="41.74687824879247" lon="123.43881906314955">
        <ele>56.56974603421986</ele>
        <time>2025-06-06T23:08:23Z</time>
        <extensions>
          <gpxtpx:TrackPointExtension>
            <gpxtpx:hr>178</gpxtpx:hr>
          </gpxtpx:TrackPointExtension>
        </extensions>
      </trkpt>
      <trkpt lat="41.746951684507714" lon="123.43874783936397">
        <ele>56.84658082481474</ele>
        <time>2025-06-06T23:08:26Z</time>
      </trkpt>
      <trkpt lat="41.74702781141675" lon="123.4386764770449">
        <ele>56.59105455316603</ele>
        <time>2025-06-06T23:08:29Z</time>
        <extensions>
          <gpxtpx:TrackPointExtension>
            <gpxtpx:hr>178</gpxtpx:hr>
          </gpxtpx:TrackPointExtension>
        </extensions>
      </trkpt>
      <trkpt lat="41.74712732782776" lon="123.43859624614157">
        <ele>57.23311164136976</ele>
        <time>2025-06-06T23:08:33Z</time>
      </trkpt>
      <trkpt lat="41.74740654595845" lon="123.43817362672846">
        <ele>55.09173994883895</ele>
        <time>2025-06-06T23:08:55Z</time>
        <extensions>
          <gpxtpx:TrackPointExtension>
            <gpxtpx:hr>175</gpxtpx:hr>
          </gpxtpx:TrackPointExtension>
        </extensions>
      </trkpt>
      <trkpt lat="41.74748656189375" lon="123.43807456973737">
        <ele>54.89287890121341</ele>
        <time>2025-06-06T23:08:59Z</time>
        <extensions>
          <gpxtpx:TrackPointExtension>
            <gpxtpx:hr>173</gpxtpx:hr>
          </gpxtpx:TrackPointExtension>
        </extensions>
      </trkpt>
      <trkpt lat="41.747576187800064" lon="123.43795892626508">
        <ele>55.41400122176856</ele>
        <time>2025-06-06T23:09:03Z</time>
        <extensions>
          <gpxtpx:TrackPointExtension>
            <gpxtpx:hr>171</gpxtpx:hr>
          </gpxtpx:TrackPointExtension>
        </extensions>
      </trkpt>
      <trkpt lat="41.747642198908146" lon="123.4378709222043">
        <ele>57.21000440977514</ele>
        <time>2025-06-06T23:09:06Z</time>
      </trkpt>
      <trkpt lat="41.74770560279598" lon="123.43777263903782">
        <ele>56.974302313290536</ele>
        <time>2025-06-06T23:09:09Z</time>
        <extensions>
          <gpxtpx:TrackPointExtension>
            <gpxtpx:hr>170</gpxtpx:hr>
          </gpxtpx:TrackPointExtension>
        </extensions>
      </trkpt>
      <trkpt lat="41.747785068659496" lon="123.43768178929372">
        <ele>56.96493719238788</ele>
        <time>2025-06-06T23:09:12Z</time>
        <extensions>
          <gpxtpx:TrackPointExtension>
            <gpxtpx:hr>170</gpxtpx:hr>
          </gpxtpx:TrackPointExtension>
        </extensions>
      </trkpt>
      <trkpt lat="41.74786192087461" lon="123.43759018298667">
        <ele>56.76355763524771</ele>
        <time>2025-06-06T23:09:15Z</time>
      </trkpt>
      <trkpt lat="41.74793107923324" lon="123.43750260302905">
        <ele>55.83157905936241</ele>
        <time>2025-06-06T23:09:18Z</time>
        <extensions>
          <gpxtpx:TrackPointExtension>
            <gpxtpx:hr>172</gpxtpx:hr>
          </gpxtpx:TrackPointExtension>
        </extensions>
      </trkpt>
      <trkpt lat="41.74799829866924" lon="123.43740541661941">
        <ele>55.95934400521219</ele>
        <time>2025-06-06T23:09:21Z</time>
      </trkpt>
      <trkpt lat="41.74807152747452" lon="123.43731382079058">
        <ele>55.49446116108447</ele>
        <time>2025-06-06T23:09:24Z</time>
      </trkpt>
      <trkpt lat="41.74815256516628" lon="123.43719932826627">
        <ele>55.955056234262884</ele>
        <time>2025-06-06T23:09:28Z</time>
        <extensions>
          <gpxtpx:TrackPointExtension>
            <gpxtpx:hr>173</gpxtpx:hr>
          </gpxtpx:TrackPointExtension>
        </extensions>
      </trkpt>
      <trkpt lat="41.748239426405306" lon="123.4370971816297">
        <ele>55.34550572745502</ele>
        <time>2025-06-06T23:09:32Z</time>
        <extensions>
          <gpxtpx:TrackPointExtension>
            <gpxtpx:hr>174</gpxtpx:hr>
          </gpxtpx:TrackPointExtension>
        </extensions>
      </trkpt>
      <trkpt lat="41.74833558079086" lon="123.43709701108352">
        <ele>54.518458096310496</ele>
        <time>2025-06-06T23:09:35Z</time>
        <extensions>
          <gpxtpx:TrackPointExtension>
            <gpxtpx:hr>174</gpxtpx:hr>
          </gpxtpx:TrackPointExtension>
        </extensions>
      </trkpt>
      <trkpt lat="41.748414912285334" lon="123.43716737148996">
        <ele>54.6570369778201</ele>
        <time>2025-06-06T23:09:38Z</time>
        <extensions>
          <gpxtpx:TrackPointExtension>
            <gpxtpx:hr>174</gpxtpx:hr>
          </gpxtpx:TrackPointExtension>
        </extensions>
      </trkpt>
      <trkpt lat="41.74848884943498" lon="123.4372680426394">
        <ele>53.87534457631409</ele>
        <time>2025-06-06T23:09:41Z</time>
      </trkpt>
      <trkpt lat="41.74855462869114" lon="123.43736221440939">
        <ele>53.75095948390663</ele>
        <time>2025-06-06T23:09:44Z</time>
        <extensions>
          <gpxtpx:TrackPointExtension>
            <gpxtpx:hr>174</gpxtpx:hr>
          </gpxtpx:TrackPointExtension>
        </extensions>
      </trkpt>
      <trkpt lat="41.74862097691634" lon="123.43745006471319">
        <ele>53.02941860817373</ele>
        <time>2025-06-06T23:09:47Z</time>
      </trkpt>
      <trkpt lat="41.748688894442886" lon="123.4375386522199">
        <ele>52.89387700613588</ele>
        <time>2025-06-06T23:09:50Z</time>
        <extensions>
          <gpxtpx:TrackPointExtension>
            <gpxtpx:hr>174</gpxtpx:hr>
          </gpxtpx:TrackPointExtension>
        </extensions>
      </trkpt>
      <trkpt lat="41.748755166500224" lon="123.43764646768966">
        <ele>52.30723742302507</ele>
        <time>2025-06-06T23:09:53Z</time>
      </trkpt>
      <trkpt lat="41.74880668317617" lon="123.43775413194267">
        <ele>51.18363860156387</ele>
        <time>2025-06-06T23:09:56Z</time>
        <extensions>
          <gpxtpx:TrackPointExtension>
            <gpxtpx:hr>175</gpxtpx:hr>
          </gpxtpx:TrackPointExtension>
        </extensions>
      </trkpt>
      <trkpt lat="41.74888005944288" lon="123.43787615331459">
        <ele>49.995622623711824</ele>
        <time>2025-06-06T23:10:00Z</time>
        <extensions>
          <gpxtpx:TrackPointExtension>
            <gpxtpx:hr>175</gpxtpx:hr>
          </gpxtpx:TrackPointExtension>
        </extensions>
      </trkpt>
      <trkpt lat="41.74895164135025" lon="123.43796034055299">
        <ele>48.77126392535865</ele>
        <time>2025-06-06T23:10:03Z</time>
      </trkpt>
      <trkpt lat="41.74903239985223" lon="123.43802432959745">
        <ele>48.824383618310094</ele>
        <time>2025-06-06T23:10:06Z</time>
        <extensions>
          <gpxtpx:TrackPointExtension>
            <gpxtpx:hr>173</gpxtpx:hr>
          </gpxtpx:TrackPointExtension>
        </extensions>
      </trkpt>
      <trkpt lat="41.74912241595692" lon="123.43806114279886">
        <ele>49.46773249283433</ele>
        <time>2025-06-06T23:10:09Z</time>
      </trkpt>
      <trkpt lat="41.749229755146615" lon="123.43806907034944">
        <ele>51.51086586061865</ele>
        <time>2025-06-06T23:10:13Z</time>
        <extensions>
          <gpxtpx:TrackPointExtension>
            <gpxtpx:hr>175</gpxtpx:hr>
          </gpxtpx:TrackPointExtension>
        </extensions>
      </trkpt>
      <trkpt lat="41.7493336060325" lon="123.43800072026156">
        <ele>50.92705656494945</ele>
        <time>2025-06-06T23:10:17Z</time>
        <extensions>
          <gpxtpx:TrackPointExtension>
            <gpxtpx:hr>176</gpxtpx:hr>
          </gpxtpx:TrackPointExtension>
        </extensions>
      </trkpt>
      <trkpt lat="41.7494398472474" lon="123.43794027754721">
        <ele>51.495167048648</ele>
        <time>2025-06-06T23:10:21Z</time>
      </trkpt>
      <trkpt lat="41.749530054031766" lon="123.43789679124825">
        <ele>51.377151215448976</ele>
        <time>2025-06-06T23:10:24Z</time>
        <extensions>
          <gpxtpx:TrackPointExtension>
            <gpxtpx:hr>176</gpxtpx:hr>
          </gpxtpx:TrackPointExtension>
        </extensions>
      </trkpt>
      <trkpt lat="41.74961550546736" lon="123.43784384107931">
        <ele>51.29069409426302</ele>
        <time>2025-06-06T23:10:27Z</time>
      </trkpt>
      <trkpt lat="41.74970300126988" lon="123.437800920512">
        <ele>50.67999314982444</ele>
        <time>2025-06-06T23:10:30Z</time>
        <extensions>
          <gpxtpx:TrackPointExtension>
            <gpxtpx:hr>177</gpxtpx:hr>
          </gpxtpx:TrackPointExtension>
        </extensions>
      </trkpt>
      <trkpt lat="41.74981978545961" lon="123.4378208190007">
        <ele>50.910442541353405</ele>
        <time>2025-06-06T23:10:34Z</time>
      </trkpt>
      <trkpt lat="41.749793312615274" lon="123.43797154252869">
        <ele>51.301222388632596</ele>
        <time>2025-06-06T23:10:37Z</time>
        <extensions>
          <gpxtpx:TrackPointExtension>
            <gpxtpx:hr>175</gpxtpx:hr>
          </gpxtpx:TrackPointExtension>
        </extensions>
      </trkpt>
      <trkpt lat="41.749668846451044" lon="123.43797858496757">
        <ele>49.32821535971016</ele>
        <time>2025-06-06T23:10:40Z</time>
        <extensions>
          <gpxtpx:TrackPointExtension>
            <gpxtpx:hr>175</gpxtpx:hr>
          </gpxtpx:TrackPointExtension>
        </extensions>
      </trkpt>
      <trkpt lat="41.749589438605916" lon="123.43804455546596">
        <ele>47.064100350253284</ele>
        <time>2025-06-06T23:10:43Z</time>
      </trkpt>
      <trkpt lat="41.74949207010688" lon="123.4380823898539">
        <ele>46.718289867043495</ele>
        <time>2025-06-06T23:10:46Z</time>
        <extensions>
          <gpxtpx:TrackPointExtension>
            <gpxtpx:hr>176</gpxtpx:hr>
          </gpxtpx:TrackPointExtension>
        </extensions>
      </trkpt>
      <trkpt lat="41.74939482904531" lon="123.43812866798704">
        <ele>45.15096651855856</ele>
        <time>2025-06-06T23:10:49Z</time>
      </trkpt>
      <trkpt lat="41.749291345923524" lon="123.43819147405776">
        <ele>43.50198450125754</ele>
        <time>2025-06-06T23:10:53Z</time>
        <extensions>
          <gpxtpx:TrackPointExtension>
            <gpxtpx:hr>176</gpxtpx:hr>
          </gpxtpx:TrackPointExtension>
        </extensions>
      </trkpt>
      <trkpt lat="41.74919746455159" lon="123.43820987792775">
        <ele>43.750545089133084</ele>
        <time>2025-06-06T23:10:56Z</time>
        <extensions>
          <gpxtpx:TrackPointExtension>
            <gpxtpx:hr>175</gpxtpx:hr>
          </gpxtpx:TrackPointExtension>
        </extensions>
      </trkpt>
      <trkpt lat="41.74910143140507" lon="123.43820575704177">
        <ele>45.02971750777215</ele>
        <time>2025-06-06T23:10:59Z</time>
      </trkpt>
      <trkpt lat="41.748988186695996" lon="123.43815484101505">
        <ele>46.590302526950836</ele>
        <time>2025-06-06T23:11:03Z</time>
        <extensions>
          <gpxtpx:TrackPointExtension>
            <gpxtpx:hr>175</gpxtpx:hr>
          </gpxtpx:TrackPointExtension>
        </extensions>
      </trkpt>
      <trkpt lat="41.7489087366493" lon="123.43807430774541">
        <ele>44.85181214287877</ele>
        <time>2025-06-06T23:11:06Z</time>
      </trkpt>
      <trkpt lat="41.748850676122565" lon="123.43797459381221">
        <ele>45.6905625378713</ele>
        <time>2025-06-06T23:11:09Z</time>
      </trkpt>
      <trkpt lat="41.74878474253902" lon="123.43788837826436">
        <ele>47.376448462717235</ele>
        <time>2025-06-06T23:11:12Z</time>
        <extensions>
          <gpxtpx:TrackPointExtension>
            <gpxtpx:hr>176</gpxtpx:hr>
          </gpxtpx:TrackPointExtension>
        </extensions>
      </trkpt>
      <trkpt lat="41.74872422518754" lon="123.43778463200125">
        <ele>45.74135503359139</ele>
        <time>2025-06-06T23:11:15Z</time>
        <extensions>
          <gpxtpx:TrackPointExtension>
            <gpxtpx:hr>176</gpxtpx:hr>
          </gpxtpx:TrackPointExtension>
        </extensions>
      </trkpt>
      <trkpt lat="41.748645261243105" lon="123.43767277429154">
        <ele>46.25312199816108</ele>
        <time>2025-06-06T23:11:19Z</time>
      </trkpt>
      <trkpt lat="41.748556463174715" lon="123.4375539930555">
        <ele>46.946219806559384</ele>
        <time>2025-06-06T23:11:23Z</time>
        <extensions>
          <gpxtpx:TrackPointExtension>
            <gpxtpx:hr>176</gpxtpx:hr>
          </gpxtpx:TrackPointExtension>
        </extensions>
      </trkpt>
      <trkpt lat="41.74847970034673" lon="123.43743555299416">
        <ele>47.738518997095525</ele>
        <time>2025-06-06T23:11:27Z</time>
        <extensions>
          <gpxtpx:TrackPointExtension>
            <gpxtpx:hr>176</gpxtpx:hr>
          </gpxtpx:TrackPointExtension>
        </extensions>
      </trkpt>
      <trkpt lat="41.74838556584543" lon="123.43733968514037">
        <ele>49.46569818165153</ele>
        <time>2025-06-06T23:11:31Z</time>
        <extensions>
          <gpxtpx:TrackPointExtension>
            <gpxtpx:hr>177</gpxtpx:hr>
          </gpxtpx:TrackPointExtension>
        </extensions>
      </trkpt>
      <trkpt lat="41.74831921594375" lon="123.43720586843109">
        <ele>50.28919810522348</ele>
        <time>2025-06-06T23:11:35Z</time>
        <extensions>
          <gpxtpx:TrackPointExtension>
            <gpxtpx:hr>177</gpxtpx:hr>
          </gpxtpx:TrackPointExtension>
        </extensions>
      </trkpt>
      <trkpt lat="41.748236119649775" lon="123.43709996791806">
        <ele>49.80195744801313</ele>
        <time>2025-06-06T23:11:39Z</time>
      </trkpt>
      <trkpt lat="41.74816218658854" lon="123.43699333800429">
        <ele>50.08880452532321</ele>
        <time>2025-06-06T23:11:43Z</time>
        <extensions>
          <gpxtpx:TrackPointExtension>
            <gpxtpx:hr>176</gpxtpx:hr>
          </gpxtpx:TrackPointExtension>
        </extensions>
      </trkpt>
      <trkpt lat="41.74809541290324" lon="123.43691185271334">
        <ele>50.214585893787444</ele>
        <time>2025-06-06T23:11:46Z</time>
        <extensions>
          <gpxtpx:TrackPointExtension>
            <gpxtpx:hr>176</gpxtpx:hr>
          </gpxtpx:TrackPointExtension>
        </extensions>
      </trkpt>
      <trkpt lat="41.74803394895629" lon="123.43681754015772">
        <ele>50.21091396454722</ele>
        <time>2025-06-06T23:11:49Z</time>
        <extensions>
          <gpxtpx:TrackPointExtension>
            <gpxtpx:hr>176</gpxtpx:hr>
          </gpxtpx:TrackPointExtension>
        </extensions>
      </trkpt>
      <trkpt lat="41.74798827770449" lon="123.43668926551845">
        <ele>49.403778890147805</ele>
        <time>2025-06-06T23:11:52Z</time>
        <extensions>
          <gpxtpx:TrackPointExtension>
            <gpxtpx:hr>176</gpxtpx:hr>
          </gpxtpx:TrackPointExtension>
        </extensions>
      </trkpt>
      <trkpt lat="41.74793162671813" lon="123.43659535432316">
        <ele>49.69088065903634</ele>
        <time>2025-06-06T23:11:55Z</time>
      </trkpt>
      <trkpt lat="41.74786859205129" lon="123.43650230061375">
        <ele>49.07222470175475</ele>
        <time>2025-06-06T23:11:58Z</time>
        <extensions>
          <gpxtpx:TrackPointExtension>
            <gpxtpx:hr>175</gpxtpx:hr>
          </gpxtpx:TrackPointExtension>
        </extensions>
      </trkpt>
      <trkpt lat="41.74781279268857" lon="123.43640240029738">
        <ele>49.01441386062652</ele>
        <time>2025-06-06T23:12:01Z</time>
      </trkpt>
      <trkpt lat="41.747762890163315" lon="123.43628056455955">
        <ele>47.6179762231186</ele>
        <time>2025-06-06T23:12:04Z</time>
        <extensions>
          <gpxtpx:TrackPointExtension>
            <gpxtpx:hr>176</gpxtpx:hr>
          </gpxtpx:TrackPointExtension>
        </extensions>
      </trkpt>
      <trkpt lat="41.747706020073494" lon="123.43618278885464">
        <ele>49.076000986620784</ele>
        <time>2025-06-06T23:12:07Z</time>
      </trkpt>
      <trkpt lat="41.74764999962409" lon="123.43608239869228">
        <ele>47.49673557188362</ele>
        <time>2025-06-06T23:12:10Z</time>
        <extensions>
          <gpxtpx:TrackPointExtension>
            <gpxtpx:hr>177</gpxtpx:hr>
          </gpxtpx:TrackPointExtension>
        </extensions>
      </trkpt>
      <trkpt lat="41.74758891164987" lon="123.43598278574751">
        <ele>47.94134709332138</ele>
        <time>2025-06-06T23:12:13Z</time>
        <extensions>
          <gpxtpx:TrackPointExtension>
            <gpxtpx:hr>178</gpxtpx:hr>
          </gpxtpx:TrackPointExtension>
        </extensions>
      </trkpt>
      <trkpt lat="41.74750837502512" lon="123.43587225722408">
        <ele>47.29791873320937</ele>
        <time>2025-06-06T23:12:17Z</time>
        <extensions>
          <gpxtpx:TrackPointExtension>
            <gpxtpx:hr>177</gpxtpx:hr>
          </gpxtpx:TrackPointExtension>
        </extensions>
      </trkpt>
      <trkpt lat="41.7474349981376" lon="123.43575738209225">
        <ele>46.95543060917407</ele>
        <time>2025-06-06T23:12:21Z</time>
      </trkpt>
      <trkpt lat="41.74738248063619" lon="123.43565386390604">
        <ele>46.06288089416921</ele>
        <time>2025-06-06T23:12:24Z</time>
        <extensions>
          <gpxtpx:TrackPointExtension>
            <gpxtpx:hr>177</gpxtpx:hr>
          </gpxtpx:TrackPointExtension>
        </extensions>
      </trkpt>
      <trkpt lat="41.747321393116565" lon="123.4355587807475">
        <ele>46.62147989589721</ele>
        <time>2025-06-06T23:12:27Z</time>
      </trkpt>
      <trkpt lat="41.747261189414736" lon="123.43542953758119">
        <ele>46.96814708132297</ele>
        <time>2025-06-06T23:12:31Z</time>
        <extensions>
          <gpxtpx:TrackPointExtension>
            <gpxtpx:hr>177</gpxtpx:hr>
          </gpxtpx:TrackPointExtension>
        </extensions>
      </trkpt>
      <trkpt lat="41.74723901468363" lon="123.4353024734441">
        <ele>46.57152881473303</ele>
        <time>2025-06-06T23:12:34Z</time>
        <extensions>
          <gpxtpx:TrackPointExtension>
            <gpxtpx:hr>177</gpxtpx:hr>
          </gpxtpx:TrackPointExtension>
        </extensions>
      </trkpt>
      <trkpt lat="41.747264850947346" lon="123.43514143130503">
        <ele>47.31408390123397</ele>
        <time>2025-06-06T23:12:38Z</time>
      </trkpt>
      <trkpt lat="41.747250413744275" lon="123.43500235715392">
        <ele>49.24912156071514</ele>
        <time>2025-06-06T23:12:41.001000Z</time>
        <extensions>
          <gpxtpx:TrackPointExtension>
            <gpxtpx:hr>177</gpxtpx:hr>
          </gpxtpx:TrackPointExtension>
        </extensions>
      </trkpt>
      <trkpt lat="41.74725899971255" lon="123.4348571340138">
        <ele>49.07125529833138</ele>
        <time>2025-06-06T23:12:45.001000Z</time>
        <extensions>
          <gpxtpx:TrackPointExtension>
            <gpxtpx:hr>177</gpxtpx:hr>
          </gpxtpx:TrackPointExtension>
        </extensions>
      </trkpt>
      <trkpt lat="41.747226161784695" lon="123.43473321067076">
        <ele>49.669712793082</ele>
        <time>2025-06-06T23:12:49.001000Z</time>
      </trkpt>
      <trkpt lat="41.74717410201984" lon="123.4346004305938">
        <ele>50.1054773228243</ele>
        <time>2025-06-06T23:12:53.001000Z</time>
        <extensions>
          <gpxtpx:TrackPointExtension>
            <gpxtpx:hr>179</gpxtpx:hr>
          </gpxtpx:TrackPointExtension>
        </extensions>
      </trkpt>
      <trkpt lat="41.74709185991346" lon="123.43449058217116">
        <ele>50.33628638461232</ele>
        <time>2025-06-06T23:12:57.001000Z</time>
        <extensions>
          <gpxtpx:TrackPointExtension>
            <gpxtpx:hr>178</gpxtpx:hr>
          </gpxtpx:TrackPointExtension>
        </extensions>
      </trkpt>
      <trkpt lat="41.74702771303032" lon="123.43440543658407">
        <ele>50.2335309907794</ele>
        <time>2025-06-06T23:13:00.001000Z</time>
      </trkpt>
      <trkpt lat="41.746954400011376" lon="123.43430252057286">
        <ele>50.99886426702142</ele>
        <time>2025-06-06T23:13:04.001000Z</time>
        <extensions>
          <gpxtpx:TrackPointExtension>
            <gpxtpx:hr>179</gpxtpx:hr>
          </gpxtpx:TrackPointExtension>
        </extensions>
      </trkpt>
      <trkpt lat="41.746887351617794" lon="123.43419549252162">
        <ele>52.16797505598515</ele>
        <time>2025-06-06T23:13:08.001000Z</time>
        <extensions>
          <gpxtpx:TrackPointExtension>
            <gpxtpx:hr>179</gpxtpx:hr>
          </gpxtpx:TrackPointExtension>
        </extensions>
      </trkpt>
      <trkpt lat="41.74681657085298" lon="123.43410103798671">
        <ele>51.832685297355056</ele>
        <time>2025-06-06T23:13:12.001000Z</time>
      </trkpt>
      <trkpt lat="41.74671994890221" lon="123.43402876794569">
        <ele>51.84948807489127</ele>
        <time>2025-06-06T23:13:16.001000Z</time>
        <extensions>
          <gpxtpx:TrackPointExtension>
            <gpxtpx:hr>179</gpxtpx:hr>
          </gpxtpx:TrackPointExtension>
        </extensions>
      </trkpt>
      <trkpt lat="41.746628746568106" lon="123.43395676474829">
        <ele>51.35026591271162</ele>
        <time>2025-06-06T23:13:20.001000Z</time>
        <extensions>
          <gpxtpx:TrackPointExtension>
            <gpxtpx:hr>179</gpxtpx:hr>
          </gpxtpx:TrackPointExtension>
        </extensions>
      </trkpt>
      <trkpt lat="41.74654946086907" lon="123.43386193976603">
        <ele>51.64247687906027</ele>
        <time>2025-06-06T23:13:24.001000Z</time>
      </trkpt>
      <trkpt lat="41.74646489944667" lon="123.43375987995415">
        <ele>51.39784930087626</ele>
        <time>2025-06-06T23:13:28.001000Z</time>
        <extensions>
          <gpxtpx:TrackPointExtension>
            <gpxtpx:hr>179</gpxtpx:hr>
          </gpxtpx:TrackPointExtension>
        </extensions>
      </trkpt>
      <trkpt lat="41.74639957160458" lon="123.4336370193054">
        <ele>51.345403601415455</ele>
        <time>2025-06-06T23:13:32.001000Z</time>
      </trkpt>
      <trkpt lat="41.74632452906394" lon="123.43353021822864">
        <ele>50.58097128197551</ele>
        <time>2025-06-06T23:13:36.001000Z</time>
        <extensions>
          <gpxtpx:TrackPointExtension>
            <gpxtpx:hr>179</gpxtpx:hr>
          </gpxtpx:TrackPointExtension>
        </extensions>
      </trkpt>
      <trkpt lat="41.74624824725726" lon="123.4334188583301">
        <ele>50.001530880108476</ele>
        <time>2025-06-06T23:13:40.001000Z</time>
        <extensions>
          <gpxtpx:TrackPointExtension>
            <gpxtpx:hr>179</gpxtpx:hr>
          </gpxtpx:TrackPointExtension>
        </extensions>
      </trkpt>
      <trkpt lat="41.74618377035208" lon="123.43331272447772">
        <ele>49.16798037197441</ele>
        <time>2025-06-06T23:13:44Z</time>
        <extensions>
          <gpxtpx:TrackPointExtension>
            <gpxtpx:hr>179</gpxtpx:hr>
          </gpxtpx:TrackPointExtension>
        </extensions>
      </trkpt>
      <trkpt lat="41.74611981026793" lon="123.43318810374167">
        <ele>50.70623712334782</ele>
        <time>2025-06-06T23:13:48Z</time>
      </trkpt>
      <trkpt lat="41.74605859713279" lon="123.4330807381126">
        <ele>51.09472584538162</ele>
        <time>2025-06-06T23:13:52Z</time>
        <extensions>
          <gpxtpx:TrackPointExtension>
            <gpxtpx:hr>178</gpxtpx:hr>
          </gpxtpx:TrackPointExtension>
        </extensions>
      </trkpt>
      <trkpt lat="41.745992287290655" lon="123.43296892387866">
        <ele>51.34716474171728</ele>
        <time>2025-06-06T23:13:56Z</time>
      </trkpt>
      <trkpt lat="41.7459233203842" lon="123.43285367475642">
        <ele>51.707532978616655</ele>
        <time>2025-06-06T23:14:00Z</time>
        <extensions>
          <gpxtpx:TrackPointExtension>
            <gpxtpx:hr>178</gpxtpx:hr>
          </gpxtpx:TrackPointExtension>
        </extensions>
      </trkpt>
      <trkpt lat="41.74585480351292" lon="123.43271777824111">
        <ele>50.79841565527022</ele>
        <time>2025-06-06T23:14:04Z</time>
        <extensions>
          <gpxtpx:TrackPointExtension>
            <gpxtpx:hr>177</gpxtpx:hr>
          </gpxtpx:TrackPointExtension>
        </extensions>
      </trkpt>
      <trkpt lat="41.7457878868632" lon="123.43261576303857">
        <ele>50.539701205678284</ele>
        <time>2025-06-06T23:14:08Z</time>
        <extensions>
          <gpxtpx:TrackPointExtension>
            <gpxtpx:hr>176</gpxtpx:hr>
          </gpxtpx:TrackPointExtension>
        </extensions>
      </trkpt>
      <trkpt lat="41.745712275912794" lon="123.43250682436509">
        <ele>49.1721708457917</ele>
        <time>2025-06-06T23:14:12Z</time>
      </trkpt>
      <trkpt lat="41.745646423694836" lon="123.43238753233122">
        <ele>49.08829113841057</ele>
        <time>2025-06-06T23:14:16Z</time>
        <extensions>
          <gpxtpx:TrackPointExtension>
            <gpxtpx:hr>175</gpxtpx:hr>
          </gpxtpx:TrackPointExtension>
        </extensions>
      </trkpt>
      <trkpt lat="41.74558102284053" lon="123.43229864938803">
        <ele>49.227828306145966</ele>
        <time>2025-06-06T23:14:19Z</time>
      </trkpt>
      <trkpt lat="41.74553307612369" lon="123.43218322793871">
        <ele>47.95129132922739</ele>
        <time>2025-06-06T23:14:22Z</time>
        <extensions>
          <gpxtpx:TrackPointExtension>
            <gpxtpx:hr>176</gpxtpx:hr>
          </gpxtpx:TrackPointExtension>
        </extensions>
      </trkpt>
      <trkpt lat="41.74548018902613" lon="123.43204332111152">
        <ele>49.06142628658563</ele>
        <time>2025-06-06T23:14:26Z</time>
        <extensions>
          <gpxtpx:TrackPointExtension>
            <gpxtpx:hr>176</gpxtpx:hr>
          </gpxtpx:TrackPointExtension>
        </extensions>
      </trkpt>
      <trkpt lat="41.74541213853088" lon="123.43190225675927">
        <ele>48.711239935830235</ele>
        <time>2025-06-06T23:14:30Z</time>
      </trkpt>
      <trkpt lat="41.745361108750366" lon="123.43176641104829">
        <ele>49.617127244360745</ele>
        <time>2025-06-06T23:14:34Z</time>
        <extensions>
          <gpxtpx:TrackPointExtension>
            <gpxtpx:hr>176</gpxtpx:hr>
          </gpxtpx:TrackPointExtension>
        </extensions>
      </trkpt>
      <trkpt lat="41.74530509948015" lon="123.43163468583711">
        <ele>48.14826062414795</ele>
        <time>2025-06-06T23:14:38Z</time>
      </trkpt>
      <trkpt lat="41.74527886864638" lon="123.43151518177187">
        <ele>47.555367042310536</ele>
        <time>2025-06-06T23:14:42Z</time>
        <extensions>
          <gpxtpx:TrackPointExtension>
            <gpxtpx:hr>176</gpxtpx:hr>
          </gpxtpx:TrackPointExtension>
        </extensions>
      </trkpt>
      <trkpt lat="41.74525598179804" lon="123.43136109033675">
        <ele>46.34678421821445</ele>
        <time>2025-06-06T23:14:47Z</time>
        <extensions>
          <gpxtpx:TrackPointExtension>
            <gpxtpx:hr>176</gpxtpx:hr>
          </gpxtpx:TrackPointExtension>
        </extensions>
      </trkpt>
      <trkpt lat="41.74522028101125" lon="123.43121466432866">
        <ele>44.46402454469353</ele>
        <time>2025-06-06T23:14:51Z</time>
      </trkpt>
      <trkpt lat="41.74517004183643" lon="123.43108206329785">
        <ele>46.40697101317346</ele>
        <time>2025-06-06T23:14:55Z</time>
        <extensions>
          <gpxtpx:TrackPointExtension>
            <gpxtpx:hr>173</gpxtpx:hr>
          </gpxtpx:TrackPointExtension>
        </extensions>
      </trkpt>
      <trkpt lat="41.74511758458371" lon="123.43094859394931">
        <ele>46.35227773617953</ele>
        <time>2025-06-06T23:14:59Z</time>
        <extensions>
          <gpxtpx:TrackPointExtension>
            <gpxtpx:hr>174</gpxtpx:hr>
          </gpxtpx:TrackPointExtension>
        </extensions>
      </trkpt>
      <trkpt lat="41.745060220340875" lon="123.43082820980875">
        <ele>47.5557496547699</ele>
        <time>2025-06-06T23:15:03Z</time>
        <extensions>
          <gpxtpx:TrackPointExtension>
            <gpxtpx:hr>175</gpxtpx:hr>
          </gpxtpx:TrackPointExtension>
        </extensions>
      </trkpt>
      <trkpt lat="41.745021123749304" lon="123.430717598637">
        <ele>47.72371455933899</ele>
        <time>2025-06-06T23:15:06Z</time>
      </trkpt>
      <trkpt lat="41.74497053290513" lon="123.43059134485397">
        <ele>47.46141090802848</ele>
        <time>2025-06-06T23:15:10Z</time>
        <extensions>
          <gpxtpx:TrackPointExtension>
            <gpxtpx:hr>174</gpxtpx:hr>
          </gpxtpx:TrackPointExtension>
        </extensions>
      </trkpt>
      <trkpt lat="41.74491548101396" lon="123.43045352815682">
        <ele>47.29368041828275</ele>
        <time>2025-06-06T23:15:14Z</time>
        <extensions>
          <gpxtpx:TrackPointExtension>
            <gpxtpx:hr>173</gpxtpx:hr>
          </gpxtpx:TrackPointExtension>
        </extensions>
      </trkpt>
      <trkpt lat="41.744871591244696" lon="123.43033134123158">
        <ele>47.07552880235016</ele>
        <time>2025-06-06T23:15:18Z</time>
        <extensions>
          <gpxtpx:TrackPointExtension>
            <gpxtpx:hr>173</gpxtpx:hr>
          </gpxtpx:TrackPointExtension>
        </extensions>
      </trkpt>
      <trkpt lat="41.744832021828756" lon="123.43017870363637">
        <ele>46.892697867937386</ele>
        <time>2025-06-06T23:15:22Z</time>
        <extensions>
          <gpxtpx:TrackPointExtension>
            <gpxtpx:hr>174</gpxtpx:hr>
          </gpxtpx:TrackPointExtension>
        </extensions>
      </trkpt>
      <trkpt lat="41.74477847645935" lon="123.43006292681589">
        <ele>46.28859299141914</ele>
        <time>2025-06-06T23:15:26Z</time>
      </trkpt>
      <trkpt lat="41.74473657240663" lon="123.42991287908258">
        <ele>47.32307839486748</ele>
        <time>2025-06-06T23:15:30Z</time>
        <extensions>
          <gpxtpx:TrackPointExtension>
            <gpxtpx:hr>174</gpxtpx:hr>
          </gpxtpx:TrackPointExtension>
        </extensions>
      </trkpt>
      <trkpt lat="41.74469570839716" lon="123.42977530284998">
        <ele>47.504336844198406</ele>
        <time>2025-06-06T23:15:34Z</time>
      </trkpt>
      <trkpt lat="41.74464958002445" lon="123.42962920730122">
        <ele>47.191297916695476</ele>
        <time>2025-06-06T23:15:38Z</time>
        <extensions>
          <gpxtpx:TrackPointExtension>
            <gpxtpx:hr>175</gpxtpx:hr>
          </gpxtpx:TrackPointExtension>
        </extensions>
      </trkpt>
      <trkpt lat="41.74461172616114" lon="123.4295142807726">
        <ele>47.393214103765786</ele>
        <time>2025-06-06T23:15:41Z</time>
      </trkpt>
      <trkpt lat="41.74455947805633" lon="123.42937146958624">
        <ele>45.99590634275228</ele>
        <time>2025-06-06T23:15:45Z</time>
        <extensions>
          <gpxtpx:TrackPointExtension>
            <gpxtpx:hr>176</gpxtpx:hr>
          </gpxtpx:TrackPointExtension>
        </extensions>
      </trkpt>
      <trkpt lat="41.7444953354052" lon="123.42927630249329">
        <ele>47.34479701332748</ele>
        <time>2025-06-06T23:15:48Z</time>
        <extensions>
          <gpxtpx:TrackPointExtension>
            <gpxtpx:hr>177</gpxtpx:hr>
          </gpxtpx:TrackPointExtension>
        </extensions>
      </trkpt>
      <trkpt lat="41.744445948972114" lon="123.42917151575655">
        <ele>46.38233036082238</ele>
        <time>2025-06-06T23:15:51Z</time>
      </trkpt>
      <trkpt lat="41.74440105973565" lon="123.42905986920194">
        <ele>48.82605939079076</ele>
        <time>2025-06-06T23:15:54Z</time>
        <extensions>
          <gpxtpx:TrackPointExtension>
            <gpxtpx:hr>177</gpxtpx:hr>
          </gpxtpx:TrackPointExtension>
        </extensions>
      </trkpt>
      <trkpt lat="41.74433884612866" lon="123.42893711985201">
        <ele>47.14338110294193</ele>
        <time>2025-06-06T23:15:58Z</time>
      </trkpt>
      <trkpt lat="41.74430804480967" lon="123.42881524131072">
        <ele>47.683552824892104</ele>
        <time>2025-06-06T23:16:01Z</time>
        <extensions>
          <gpxtpx:TrackPointExtension>
            <gpxtpx:hr>176</gpxtpx:hr>
          </gpxtpx:TrackPointExtension>
        </extensions>
      </trkpt>
      <trkpt lat="41.74424446565047" lon="123.42869060776867">
        <ele>46.17426894791424</ele>
        <time>2025-06-06T23:16:05Z</time>
      </trkpt>
      <trkpt lat="41.744187283700164" lon="123.42855536790144">
        <ele>45.23918235395104</ele>
        <time>2025-06-06T23:16:09Z</time>
        <extensions>
          <gpxtpx:TrackPointExtension>
            <gpxtpx:hr>177</gpxtpx:hr>
          </gpxtpx:TrackPointExtension>
        </extensions>
      </trkpt>
      <trkpt lat="41.7441291695746" lon="123.42843505416421">
        <ele>45.33593488484621</ele>
        <time>2025-06-06T23:16:13Z</time>
      </trkpt>
      <trkpt lat="41.74407084255014" lon="123.42832953585834">
        <ele>45.801325156353414</ele>
        <time>2025-06-06T23:16:16Z</time>
        <extensions>
          <gpxtpx:TrackPointExtension>
            <gpxtpx:hr>176</gpxtpx:hr>
          </gpxtpx:TrackPointExtension>
        </extensions>
      </trkpt>
      <trkpt lat="41.7440276821667" lon="123.42821587386061">
        <ele>46.76972888223827</ele>
        <time>2025-06-06T23:16:19Z</time>
      </trkpt>
      <trkpt lat="41.74396597656265" lon="123.42808216153145">
        <ele>46.24150446150452</ele>
        <time>2025-06-06T23:16:23Z</time>
        <extensions>
          <gpxtpx:TrackPointExtension>
            <gpxtpx:hr>177</gpxtpx:hr>
          </gpxtpx:TrackPointExtension>
        </extensions>
      </trkpt>
      <trkpt lat="41.74390052493539" lon="123.4279535058141">
        <ele>47.2523124627769</ele>
        <time>2025-06-06T23:16:27Z</time>
      </trkpt>
      <trkpt lat="41.743841907227264" lon="123.42780734047686">
        <ele>46.665258961729705</ele>
        <time>2025-06-06T23:16:31Z</time>
        <extensions>
          <gpxtpx:TrackPointExtension>
            <gpxtpx:hr>178</gpxtpx:hr>
          </gpxtpx:TrackPointExtension>
        </extensions>
      </trkpt>
      <trkpt lat="41.743821693101495" lon="123.42766625414176">
        <ele>44.50789503753185</ele>
        <time>2025-06-06T23:16:35Z</time>
        <extensions>
          <gpxtpx:TrackPointExtension>
            <gpxtpx:hr>178</gpxtpx:hr>
          </gpxtpx:TrackPointExtension>
        </extensions>
      </trkpt>
      <trkpt lat="41.74379577093289" lon="123.42751145580861">
        <ele>45.72345448937267</ele>
        <time>2025-06-06T23:16:39Z</time>
      </trkpt>
      <trkpt lat="41.74376761900923" lon="123.4273632145242">
        <ele>47.9503219993785</ele>
        <time>2025-06-06T23:16:43Z</time>
        <extensions>
          <gpxtpx:TrackPointExtension>
            <gpxtpx:hr>178</gpxtpx:hr>
          </gpxtpx:TrackPointExtension>
        </extensions>
      </trkpt>
      <trkpt lat="41.74374894034874" lon="123.4272249643108">
        <ele>48.000315082259476</ele>
        <time>2025-06-06T23:16:47Z</time>
      </trkpt>
      <trkpt lat="41.74372696419862" lon="123.42706340029642">
        <ele>46.85982580948621</ele>
        <time>2025-06-06T23:16:51Z</time>
        <extensions>
          <gpxtpx:TrackPointExtension>
            <gpxtpx:hr>178</gpxtpx:hr>
          </gpxtpx:TrackPointExtension>
        </extensions>
      </trkpt>
      <trkpt lat="41.74372085172711" lon="123.42692074230456">
        <ele>47.046748546883464</ele>
        <time>2025-06-06T23:16:55Z</time>
      </trkpt>
      <trkpt lat="41.74369862010911" lon="123.4267914266285">
        <ele>45.622576787136495</ele>
        <time>2025-06-06T23:16:59Z</time>
        <extensions>
          <gpxtpx:TrackPointExtension>
            <gpxtpx:hr>178</gpxtpx:hr>
          </gpxtpx:TrackPointExtension>
        </extensions>
      </trkpt>
      <trkpt lat="41.74368917983749" lon="123.42663714936492">
        <ele>46.5264487946406</ele>
        <time>2025-06-06T23:17:03Z</time>
        <extensions>
          <gpxtpx:TrackPointExtension>
            <gpxtpx:hr>178</gpxtpx:hr>
          </gpxtpx:TrackPointExtension>
        </extensions>
      </trkpt>
      <trkpt lat="41.74366396330258" lon="123.42649775278495">
        <ele>46.42768881749362</ele>
        <time>2025-06-06T23:17:07Z</time>
        <extensions>
          <gpxtpx:TrackPointExtension>
            <gpxtpx:hr>178</gpxtpx:hr>
          </gpxtpx:TrackPointExtension>
        </extensions>
      </trkpt>
      <trkpt lat="41.74364394632168" lon="123.42635661178726">
        <ele>46.02482671570033</ele>
        <time>2025-06-06T23:17:11Z</time>
      </trkpt>
      <trkpt lat="41.74363730682074" lon="123.42621436657733">
        <ele>46.639233275316656</ele>
        <time>2025-06-06T23:17:15Z</time>
        <extensions>
          <gpxtpx:TrackPointExtension>
            <gpxtpx:hr>179</gpxtpx:hr>
          </gpxtpx:TrackPointExtension>
        </extensions>
      </trkpt>
      <trkpt lat="41.743629220114435" lon="123.42607925204562">
        <ele>45.20088351517916</ele>
        <time>2025-06-06T23:17:19Z</time>
        <extensions>
          <gpxtpx:TrackPointExtension>
            <gpxtpx:hr>178</gpxtpx:hr>
          </gpxtpx:TrackPointExtension>
        </extensions>
      </trkpt>
      <trkpt lat="41.743625263475415" lon="123.42595059504356">
        <ele>45.0234299255535</ele>
        <time>2025-06-06T23:17:22Z</time>
        <extensions>
          <gpxtpx:TrackPointExtension>
            <gpxtpx:hr>177</gpxtpx:hr>
          </gpxtpx:TrackPointExtension>
        </extensions>
      </trkpt>
      <trkpt lat="41.743609018693064" lon="123.42580762999441">
        <ele>45.97455227468163</ele>
        <time>2025-06-06T23:17:26Z</time>
        <extensions>
          <gpxtpx:TrackPointExtension>
            <gpxtpx:hr>176</gpxtpx:hr>
          </gpxtpx:TrackPointExtension>
        </extensions>
      </trkpt>
      <trkpt lat="41.74359330482847" lon="123.42566209976412">
        <ele>46.68107511103153</ele>
        <time>2025-06-06T23:17:30Z</time>
      </trkpt>
      <trkpt lat="41.743598861557736" lon="123.42554084772588">
        <ele>47.087807301431894</ele>
        <time>2025-06-06T23:17:33Z</time>
        <extensions>
          <gpxtpx:TrackPointExtension>
            <gpxtpx:hr>178</gpxtpx:hr>
          </gpxtpx:TrackPointExtension>
        </extensions>
      </trkpt>
      <trkpt lat="41.7435844954788" lon="123.42540291841075">
        <ele>47.70845432113856</ele>
        <time>2025-06-06T23:17:37Z</time>
      </trkpt>
      <trkpt lat="41.74357367558621" lon="123.42527419909084">
        <ele>49.011982675641775</ele>
        <time>2025-06-06T23:17:42Z</time>
        <extensions>
          <gpxtpx:TrackPointExtension>
            <gpxtpx:hr>177</gpxtpx:hr>
          </gpxtpx:TrackPointExtension>
        </extensions>
      </trkpt>
      <trkpt lat="41.74357611670847" lon="123.42514999269716">
        <ele>49.16781342122704</ele>
        <time>2025-06-06T23:17:47Z</time>
        <extensions>
          <gpxtpx:TrackPointExtension>
            <gpxtpx:hr>176</gpxtpx:hr>
          </gpxtpx:TrackPointExtension>
        </extensions>
      </trkpt>
      <trkpt lat="41.743553658537046" lon="123.42503008994488">
        <ele>50.70565842092037</ele>
        <time>2025-06-06T23:17:53Z</time>
        <extensions>
          <gpxtpx:TrackPointExtension>
            <gpxtpx:hr>175</gpxtpx:hr>
          </gpxtpx:TrackPointExtension>
        </extensions>
      </trkpt>
      <trkpt lat="41.743568146339335" lon="123.42489775451101">
        <ele>49.528951342217624</ele>
        <time>2025-06-06T23:17:59Z</time>
        <extensions>
          <gpxtpx:TrackPointExtension>
            <gpxtpx:hr>172</gpxtpx:hr>
          </gpxtpx:TrackPointExtension>
        </extensions>
      </trkpt>
      <trkpt lat="41.74357428623333" lon="123.42477066311683">
        <ele>49.395249030552804</ele>
        <time>2025-06-06T23:18:04Z</time>
      </trkpt>
      <trkpt lat="41.74357143832085" lon="123.42459641224036">
        <ele>49.38172005303204</ele>
        <time>2025-06-06T23:18:09Z</time>
        <extensions>
          <gpxtpx:TrackPointExtension>
            <gpxtpx:hr>169</gpxtpx:hr>
          </gpxtpx:TrackPointExtension>
        </extensions>
      </trkpt>
      <trkpt lat="41.74359419883502" lon="123.42443241877274">
        <ele>48.88464701268822</ele>
        <time>2025-06-06T23:18:13Z</time>
        <extensions>
          <gpxtpx:TrackPointExtension>
            <gpxtpx:hr>172</gpxtpx:hr>
          </gpxtpx:TrackPointExtension>
        </extensions>
      </trkpt>
      <trkpt lat="41.74360676627473" lon="123.42428378304373">
        <ele>48.98175670672208</ele>
        <time>2025-06-06T23:18:16Z</time>
        <extensions>
          <gpxtpx:TrackPointExtension>
            <gpxtpx:hr>172</gpxtpx:hr>
          </gpxtpx:TrackPointExtension>
        </extensions>
      </trkpt>
      <trkpt lat="41.743605829604476" lon="123.42414992751827">
        <ele>47.328988114371896</ele>
        <time>2025-06-06T23:18:19Z</time>
      </trkpt>
      <trkpt lat="41.74361553173066" lon="123.42400899433625">
        <ele>46.83861369173974</ele>
        <time>2025-06-06T23:18:22Z</time>
        <extensions>
          <gpxtpx:TrackPointExtension>
            <gpxtpx:hr>172</gpxtpx:hr>
          </gpxtpx:TrackPointExtension>
        </extensions>
      </trkpt>
      <trkpt lat="41.743609502123775" lon="123.42387449685519">
        <ele>48.55272208992392</ele>
        <time>2025-06-06T23:18:25Z</time>
      </trkpt>
      <trkpt lat="41.743615453533415" lon="123.42372449338673">
        <ele>48.51189107168466</ele>
        <time>2025-06-06T23:18:29Z</time>
      </trkpt>
      <trkpt lat="41.74362302891167" lon="123.42356802165448">
        <ele>48.80463312193751</ele>
        <time>2025-06-06T23:18:33Z</time>
        <extensions>
          <gpxtpx:TrackPointExtension>
            <gpxtpx:hr>172</gpxtpx:hr>
          </gpxtpx:TrackPointExtension>
        </extensions>
      </trkpt>
      <trkpt lat="41.74363680821566" lon="123.4234424463596">
        <ele>49.16252821683884</ele>
        <time>2025-06-06T23:18:36Z</time>
        <extensions>
          <gpxtpx:TrackPointExtension>
            <gpxtpx:hr>174</gpxtpx:hr>
          </gpxtpx:TrackPointExtension>
        </extensions>
      </trkpt>
      <trkpt lat="41.74366884143216" lon="123.42330982511596">
        <ele>47.77553933206946</ele>
        <time>2025-06-06T23:18:39Z</time>
      </trkpt>
      <trkpt lat="41.7437042056274" lon="123.42319886578012">
        <ele>47.13471405208111</ele>
        <time>2025-06-06T23:18:42Z</time>
        <extensions>
          <gpxtpx:TrackPointExtension>
            <gpxtpx:hr>175</gpxtpx:hr>
          </gpxtpx:TrackPointExtension>
        </extensions>
      </trkpt>
      <trkpt lat="41.74372045503712" lon="123.42304715809976">
        <ele>47.49504476599395</ele>
        <time>2025-06-06T23:18:46Z</time>
        <extensions>
          <gpxtpx:TrackPointExtension>
            <gpxtpx:hr>175</gpxtpx:hr>
          </gpxtpx:TrackPointExtension>
        </extensions>
      </trkpt>
      <trkpt lat="41.743760592098624" lon="123.422894885715">
        <ele>48.230544787831604</ele>
        <time>2025-06-06T23:18:50Z</time>
        <extensions>
          <gpxtpx:TrackPointExtension>
            <gpxtpx:hr>176</gpxtpx:hr>
          </gpxtpx:TrackPointExtension>
        </extensions>
      </trkpt>
      <trkpt lat="41.743787229337485" lon="123.42277377905206">
        <ele>46.04015620611608</ele>
        <time>2025-06-06T23:18:53Z</time>
        <extensions>
          <gpxtpx:TrackPointExtension>
            <gpxtpx:hr>176</gpxtpx:hr>
          </gpxtpx:TrackPointExtension>
        </extensions>
      </trkpt>
      <trkpt lat="41.743826006744605" lon="123.42266523092543">
        <ele>45.4773478731513</ele>
        <time>2025-06-06T23:18:56Z</time>
      </trkpt>
      <trkpt lat="41.74386084619088" lon="123.42254041288722">
        <ele>46.32045650109649</ele>
        <time>2025-06-06T23:19:00Z</time>
        <extensions>
          <gpxtpx:TrackPointExtension>
            <gpxtpx:hr>176</gpxtpx:hr>
          </gpxtpx:TrackPointExtension>
        </extensions>
      </trkpt>
      <trkpt lat="41.74389396034456" lon="123.42242610046436">
        <ele>45.91550668235868</ele>
        <time>2025-06-06T23:19:03Z</time>
      </trkpt>
      <trkpt lat="41.743919123373324" lon="123.42230063306332">
        <ele>45.466768137179315</ele>
        <time>2025-06-06T23:19:06Z</time>
        <extensions>
          <gpxtpx:TrackPointExtension>
            <gpxtpx:hr>177</gpxtpx:hr>
          </gpxtpx:TrackPointExtension>
        </extensions>
      </trkpt>
      <trkpt lat="41.74397257134742" lon="123.42217230819229">
        <ele>44.92936085443944</ele>
        <time>2025-06-06T23:19:10Z</time>
      </trkpt>
      <trkpt lat="41.744017809933815" lon="123.42203640951017">
        <ele>44.480963178910315</ele>
        <time>2025-06-06T23:19:14Z</time>
        <extensions>
          <gpxtpx:TrackPointExtension>
            <gpxtpx:hr>177</gpxtpx:hr>
          </gpxtpx:TrackPointExtension>
        </extensions>
      </trkpt>
      <trkpt lat="41.74407016156916" lon="123.42191576908297">
        <ele>44.614494828507304</ele>
        <time>2025-06-06T23:19:18Z</time>
      </trkpt>
      <trkpt lat="41.74411170129038" lon="123.4217927087985">
        <ele>43.974895923398435</ele>
        <time>2025-06-06T23:19:22Z</time>
        <extensions>
          <gpxtpx:TrackPointExtension>
            <gpxtpx:hr>176</gpxtpx:hr>
          </gpxtpx:TrackPointExtension>
        </extensions>
      </trkpt>
      <trkpt lat="41.7441413318517" lon="123.4216703540983">
        <ele>45.23507746774703</ele>
        <time>2025-06-06T23:19:26Z</time>
        <extensions>
          <gpxtpx:TrackPointExtension>
            <gpxtpx:hr>177</gpxtpx:hr>
          </gpxtpx:TrackPointExtension>
        </extensions>
      </trkpt>
      <trkpt lat="41.74417014073544" lon="123.42155008165301">
        <ele>45.22423267643899</ele>
        <time>2025-06-06T23:19:30Z</time>
        <extensions>
          <gpxtpx:TrackPointExtension>
            <gpxtpx:hr>176</gpxtpx:hr>
          </gpxtpx:TrackPointExtension>
        </extensions>
      </trkpt>
      <trkpt lat="41.744219270326596" lon="123.42140057303956">
        <ele>46.102334067225456</ele>
        <time>2025-06-06T23:19:35Z</time>
        <extensions>
          <gpxtpx:TrackPointExtension>
            <gpxtpx:hr>175</gpxtpx:hr>
          </gpxtpx:TrackPointExtension>
        </extensions>
      </trkpt>
      <trkpt lat="41.7442708590967" lon="123.42128152614329">
        <ele>47.73975712992251</ele>
        <time>2025-06-06T23:19:39Z</time>
        <extensions>
          <gpxtpx:TrackPointExtension>
            <gpxtpx:hr>174</gpxtpx:hr>
          </gpxtpx:TrackPointExtension>
        </extensions>
      </trkpt>
      <trkpt lat="41.74432526410003" lon="123.4211725858437">
        <ele>45.67978651449084</ele>
        <time>2025-06-06T23:19:42Z</time>
      </trkpt>
      <trkpt lat="41.744361215772045" lon="123.42101581067656">
        <ele>46.140164035372436</ele>
        <time>2025-06-06T23:19:46Z</time>
        <extensions>
          <gpxtpx:TrackPointExtension>
            <gpxtpx:hr>175</gpxtpx:hr>
          </gpxtpx:TrackPointExtension>
        </extensions>
      </trkpt>
      <trkpt lat="41.74439808179927" lon="123.4208889954654">
        <ele>48.2539460035041</ele>
        <time>2025-06-06T23:19:50Z</time>
        <extensions>
          <gpxtpx:TrackPointExtension>
            <gpxtpx:hr>176</gpxtpx:hr>
          </gpxtpx:TrackPointExtension>
        </extensions>
      </trkpt>
      <trkpt lat="41.744450007537594" lon="123.42077060907245">
        <ele>48.46785891894251</ele>
        <time>2025-06-06T23:19:54Z</time>
        <extensions>
          <gpxtpx:TrackPointExtension>
            <gpxtpx:hr>175</gpxtpx:hr>
          </gpxtpx:TrackPointExtension>
        </extensions>
      </trkpt>
      <trkpt lat="41.74450173039123" lon="123.42064089625445">
        <ele>47.999434693716466</ele>
        <time>2025-06-06T23:19:58Z</time>
        <extensions>
          <gpxtpx:TrackPointExtension>
            <gpxtpx:hr>177</gpxtpx:hr>
          </gpxtpx:TrackPointExtension>
        </extensions>
      </trkpt>
      <trkpt lat="41.744538836344574" lon="123.4205271711342">
        <ele>47.16526497434825</ele>
        <time>2025-06-06T23:20:02Z</time>
      </trkpt>
      <trkpt lat="41.74458356969838" lon="123.42039387487326">
        <ele>46.56404559779912</ele>
        <time>2025-06-06T23:20:06Z</time>
        <extensions>
          <gpxtpx:TrackPointExtension>
            <gpxtpx:hr>177</gpxtpx:hr>
          </gpxtpx:TrackPointExtension>
        </extensions>
      </trkpt>
      <trkpt lat="41.744625267405915" lon="123.42025859991723">
        <ele>46.14974378887564</ele>
        <time>2025-06-06T23:20:10Z</time>
        <extensions>
          <gpxtpx:TrackPointExtension>
            <gpxtpx:hr>177</gpxtpx:hr>
          </gpxtpx:TrackPointExtension>
        </extensions>
      </trkpt>
      <trkpt lat="41.74467730265137" lon="123.42013880710324">
        <ele>46.710313516668975</ele>
        <time>2025-06-06T23:20:14Z</time>
        <extensions>
          <gpxtpx:TrackPointExtension>
            <gpxtpx:hr>176</gpxtpx:hr>
          </gpxtpx:TrackPointExtension>
        </extensions>
      </trkpt>
      <trkpt lat="41.744724162916384" lon="123.42000010011957">
        <ele>44.97954369708896</ele>
        <time>2025-06-06T23:20:18Z</time>
      </trkpt>
      <trkpt lat="41.74476662472231" lon="123.41985849980512">
        <ele>43.93070022203028</ele>
        <time>2025-06-06T23:20:22Z</time>
        <extensions>
          <gpxtpx:TrackPointExtension>
            <gpxtpx:hr>175</gpxtpx:hr>
          </gpxtpx:TrackPointExtension>
        </extensions>
      </trkpt>
      <trkpt lat="41.744821523549106" lon="123.41975707850415">
        <ele>44.58432309515774</ele>
        <time>2025-06-06T23:20:25Z</time>
      </trkpt>
      <trkpt lat="41.74486461423983" lon="123.4196296918747">
        <ele>45.033039026893675</ele>
        <time>2025-06-06T23:20:29Z</time>
        <extensions>
          <gpxtpx:TrackPointExtension>
            <gpxtpx:hr>175</gpxtpx:hr>
          </gpxtpx:TrackPointExtension>
        </extensions>
      </trkpt>
      <trkpt lat="41.74490783718197" lon="123.41949727325688">
        <ele>46.46331855189055</ele>
        <time>2025-06-06T23:20:33Z</time>
        <extensions>
          <gpxtpx:TrackPointExtension>
            <gpxtpx:hr>174</gpxtpx:hr>
          </gpxtpx:TrackPointExtension>
        </extensions>
      </trkpt>
      <trkpt lat="41.74494548339081" lon="123.41935501713607">
        <ele>44.284247542731464</ele>
        <time>2025-06-06T23:20:37Z</time>
        <extensions>
          <gpxtpx:TrackPointExtension>
            <gpxtpx:hr>175</gpxtpx:hr>
          </gpxtpx:TrackPointExtension>
        </extensions>
      </trkpt>
      <trkpt lat="41.7449883354351" lon="123.41922924910642">
        <ele>43.37966236844659</ele>
        <time>2025-06-06T23:20:43Z</time>
      </trkpt>
      <trkpt lat="41.745040624657015" lon="123.41910734047424">
        <ele>44.340778198093176</ele>
        <time>2025-06-06T23:20:51Z</time>
        <extensions>
          <gpxtpx:TrackPointExtension>
            <gpxtpx:hr>174</gpxtpx:hr>
          </gpxtpx:TrackPointExtension>
        </extensions>
      </trkpt>
      <trkpt lat="41.74509346762684" lon="123.4189963286372">
        <ele>43.73323501460254</ele>
        <time>2025-06-06T23:20:57Z</time>
        <extensions>
          <gpxtpx:TrackPointExtension>
            <gpxtpx:hr>172</gpxtpx:hr>
          </gpxtpx:TrackPointExtension>
        </extensions>
      </trkpt>
      <trkpt lat="41.745117647350405" lon="123.41887382508587">
        <ele>44.5324333133176</ele>
        <time>2025-06-06T23:21:03Z</time>
      </trkpt>
      <trkpt lat="41.745167471107486" lon="123.4187414749438">
        <ele>43.73041346296668</ele>
        <time>2025-06-06T23:21:08Z</time>
        <extensions>
          <gpxtpx:TrackPointExtension>
            <gpxtpx:hr>169</gpxtpx:hr>
          </gpxtpx:TrackPointExtension>
        </extensions>
      </trkpt>
      <trkpt lat="41.7452310639155" lon="123.41861458087007">
        <ele>42.968762995675206</ele>
        <time>2025-06-06T23:21:13Z</time>
        <extensions>
          <gpxtpx:TrackPointExtension>
            <gpxtpx:hr>168</gpxtpx:hr>
          </gpxtpx:TrackPointExtension>
        </extensions>
      </trkpt>
      <trkpt lat="41.7452934293241" lon="123.41847745856413">
        <ele>41.40963385812938</ele>
        <time>2025-06-06T23:21:16Z</time>
      </trkpt>
      <trkpt lat="41.74532980485275" lon="123.4183618722836">
        <ele>41.87575338501483</ele>
        <time>2025-06-06T23:21:19Z</time>
        <extensions>
          <gpxtpx:TrackPointExtension>
            <gpxtpx:hr>166</gpxtpx:hr>
          </gpxtpx:TrackPointExtension>
        </extensions>
      </trkpt>
      <trkpt lat="41.74537353185705" lon="123.41825124985111">
        <ele>41.277761369012296</ele>
        <time>2025-06-06T23:21:22Z</time>
      </trkpt>
      <trkpt lat="41.74541466547973" lon="123.41813943492805">
        <ele>40.47701434325427</ele>
        <time>2025-06-06T23:21:25Z</time>
        <extensions>
          <gpxtpx:TrackPointExtension>
            <gpxtpx:hr>167</gpxtpx:hr>
          </gpxtpx:TrackPointExtension>
        </extensions>
      </trkpt>
      <trkpt lat="41.74544370395179" lon="123.41798944992696">
        <ele>42.212786068208516</ele>
        <time>2025-06-06T23:21:29Z</time>
        <extensions>
          <gpxtpx:TrackPointExtension>
            <gpxtpx:hr>167</gpxtpx:hr>
          </gpxtpx:TrackPointExtension>
        </extensions>
      </trkpt>
      <trkpt lat="41.74547943817618" lon="123.41786770882568">
        <ele>43.182842714712024</ele>
        <time>2025-06-06T23:21:32Z</time>
      </trkpt>
      <trkpt lat="41.74552331263907" lon="123.41772860461636">
        <ele>43.46355856861919</ele>
        <time>2025-06-06T23:21:36Z</time>
        <extensions>
          <gpxtpx:TrackPointExtension>
            <gpxtpx:hr>168</gpxtpx:hr>
          </gpxtpx:TrackPointExtension>
        </extensions>
      </trkpt>
      <trkpt lat="41.745554491727155" lon="123.41757385762624">
        <ele>43.76629873178899</ele>
        <time>2025-06-06T23:21:40Z</time>
        <extensions>
          <gpxtpx:TrackPointExtension>
            <gpxtpx:hr>168</gpxtpx:hr>
          </gpxtpx:TrackPointExtension>
        </extensions>
      </trkpt>
      <trkpt lat="41.74560300037065" lon="123.41743328513117">
        <ele>43.097119751386344</ele>
        <time>2025-06-06T23:21:44Z</time>
      </trkpt>
      <trkpt lat="41.745664837883766" lon="123.41730806523387">
        <ele>43.406653000973165</ele>
        <time>2025-06-06T23:21:48Z</time>
        <extensions>
          <gpxtpx:TrackPointExtension>
            <gpxtpx:hr>171</gpxtpx:hr>
          </gpxtpx:TrackPointExtension>
        </extensions>
      </trkpt>
      <trkpt lat="41.74570074323932" lon="123.41716276262926">
        <ele>44.146153905428946</ele>
        <time>2025-06-06T23:21:52Z</time>
        <extensions>
          <gpxtpx:TrackPointExtension>
            <gpxtpx:hr>174</gpxtpx:hr>
          </gpxtpx:TrackPointExtension>
        </extensions>
      </trkpt>
      <trkpt lat="41.74574507964375" lon="123.41704812592016">
        <ele>44.66002909839153</ele>
        <time>2025-06-06T23:21:55Z</time>
      </trkpt>
      <trkpt lat="41.74579731677035" lon="123.41691583117735">
        <ele>44.0631257602945</ele>
        <time>2025-06-06T23:21:59Z</time>
        <extensions>
          <gpxtpx:TrackPointExtension>
            <gpxtpx:hr>175</gpxtpx:hr>
          </gpxtpx:TrackPointExtension>
        </extensions>
      </trkpt>
      <trkpt lat="41.74584030154288" lon="123.41678074020729">
        <ele>45.42379686329514</ele>
        <time>2025-06-06T23:22:03Z</time>
      </trkpt>
      <trkpt lat="41.745886373413455" lon="123.41664583506572">
        <ele>44.65779319778085</ele>
        <time>2025-06-06T23:22:07Z</time>
        <extensions>
          <gpxtpx:TrackPointExtension>
            <gpxtpx:hr>175</gpxtpx:hr>
          </gpxtpx:TrackPointExtension>
        </extensions>
      </trkpt>
      <trkpt lat="41.745935577272355" lon="123.41653786160745">
        <ele>44.89925984479487</ele>
        <time>2025-06-06T23:22:10Z</time>
      </trkpt>
      <trkpt lat="41.745981644743296" lon="123.41640790640473">
        <ele>43.13300180900842</ele>
        <time>2025-06-06T23:22:14Z</time>
      </trkpt>
      <trkpt lat="41.746031698196774" lon="123.4162825348928">
        <ele>44.01486611645669</ele>
        <time>2025-06-06T23:22:18Z</time>
        <extensions>
          <gpxtpx:TrackPointExtension>
            <gpxtpx:hr>175</gpxtpx:hr>
          </gpxtpx:TrackPointExtension>
        </extensions>
      </trkpt>
      <trkpt lat="41.74608806853741" lon="123.41614800509308">
        <ele>43.1267851497978</ele>
        <time>2025-06-06T23:22:22Z</time>
        <extensions>
          <gpxtpx:TrackPointExtension>
            <gpxtpx:hr>174</gpxtpx:hr>
          </gpxtpx:TrackPointExtension>
        </extensions>
      </trkpt>
      <trkpt lat="41.74615160979604" lon="123.41602269001673">
        <ele>42.4270251756534</ele>
        <time>2025-06-06T23:22:26Z</time>
        <extensions>
          <gpxtpx:TrackPointExtension>
            <gpxtpx:hr>174</gpxtpx:hr>
          </gpxtpx:TrackPointExtension>
        </extensions>
      </trkpt>
      <trkpt lat="41.746211804414074" lon="123.4158866462366">
        <ele>43.73801241721958</ele>
        <time>2025-06-06T23:22:30Z</time>
        <extensions>
          <gpxtpx:TrackPointExtension>
            <gpxtpx:hr>174</gpxtpx:hr>
          </gpxtpx:TrackPointExtension>
        </extensions>
      </trkpt>
      <trkpt lat="41.746250514619014" lon="123.4157538852557">
        <ele>44.6260105734691</ele>
        <time>2025-06-06T23:22:34Z</time>
        <extensions>
          <gpxtpx:TrackPointExtension>
            <gpxtpx:hr>176</gpxtpx:hr>
          </gpxtpx:TrackPointExtension>
        </extensions>
      </trkpt>
      <trkpt lat="41.74630513381456" lon="123.41561191077085">
        <ele>43.40522821713239</ele>
        <time>2025-06-06T23:22:38Z</time>
      </trkpt>
      <trkpt lat="41.74635419661943" lon="123.4154862141846">
        <ele>43.03471849579364</ele>
        <time>2025-06-06T23:22:42Z</time>
        <extensions>
          <gpxtpx:TrackPointExtension>
            <gpxtpx:hr>176</gpxtpx:hr>
          </gpxtpx:TrackPointExtension>
        </extensions>
      </trkpt>
      <trkpt lat="41.74643643816716" lon="123.41535967921155">
        <ele>43.061417393386364</ele>
        <time>2025-06-06T23:22:46Z</time>
        <extensions>
          <gpxtpx:TrackPointExtension>
            <gpxtpx:hr>177</gpxtpx:hr>
          </gpxtpx:TrackPointExtension>
        </extensions>
      </trkpt>
      <trkpt lat="41.74651058157961" lon="123.41527118965648">
        <ele>45.00036602281034</ele>
        <time>2025-06-06T23:22:50Z</time>
      </trkpt>
      <trkpt lat="41.74658493782228" lon="123.41515439666428">
        <ele>44.50613890495151</ele>
        <time>2025-06-06T23:22:54Z</time>
        <extensions>
          <gpxtpx:TrackPointExtension>
            <gpxtpx:hr>176</gpxtpx:hr>
          </gpxtpx:TrackPointExtension>
        </extensions>
      </trkpt>
      <trkpt lat="41.74666132851703" lon="123.4150472019428">
        <ele>44.64991044532508</ele>
        <time>2025-06-06T23:22:58Z</time>
      </trkpt>
      <trkpt lat="41.74673630235277" lon="123.414935671578">
        <ele>43.69837418477982</ele>
        <time>2025-06-06T23:23:02Z</time>
        <extensions>
          <gpxtpx:TrackPointExtension>
            <gpxtpx:hr>175</gpxtpx:hr>
          </gpxtpx:TrackPointExtension>
        </extensions>
      </trkpt>
      <trkpt lat="41.74682542473793" lon="123.41484917774626">
        <ele>42.96190011128783</ele>
        <time>2025-06-06T23:23:06Z</time>
      </trkpt>
      <trkpt lat="41.74687248076287" lon="123.41473194447984">
        <ele>42.84638909995556</ele>
        <time>2025-06-06T23:23:10Z</time>
        <extensions>
          <gpxtpx:TrackPointExtension>
            <gpxtpx:hr>175</gpxtpx:hr>
          </gpxtpx:TrackPointExtension>
        </extensions>
      </trkpt>
      <trkpt lat="41.746965655002455" lon="123.4146300783976">
        <ele>42.731669921427965</ele>
        <time>2025-06-06T23:23:14Z</time>
      </trkpt>
      <trkpt lat="41.74704807345407" lon="123.41452970742957">
        <ele>42.86652244348079</ele>
        <time>2025-06-06T23:23:18Z</time>
        <extensions>
          <gpxtpx:TrackPointExtension>
            <gpxtpx:hr>175</gpxtpx:hr>
          </gpxtpx:TrackPointExtension>
        </extensions>
      </trkpt>
      <trkpt lat="41.74712586056188" lon="123.41442574706387">
        <ele>42.976011261343956</ele>
        <time>2025-06-06T23:23:22Z</time>
      </trkpt>
      <trkpt lat="41.74722243254983" lon="123.4143455437253">
        <ele>42.3289598505944</ele>
        <time>2025-06-06T23:23:26Z</time>
        <extensions>
          <gpxtpx:TrackPointExtension>
            <gpxtpx:hr>175</gpxtpx:hr>
          </gpxtpx:TrackPointExtension>
        </extensions>
      </trkpt>
      <trkpt lat="41.74728577015088" lon="123.4142470982161">
        <ele>44.391514433547854</ele>
        <time>2025-06-06T23:23:30Z</time>
      </trkpt>
      <trkpt lat="41.74737358736338" lon="123.4141503739259">
        <ele>46.58482677396387</ele>
        <time>2025-06-06T23:23:34Z</time>
      </trkpt>
      <trkpt lat="41.7474633100662" lon="123.41407767136272">
        <ele>45.741974662058055</ele>
        <time>2025-06-06T23:23:38Z</time>
        <extensions>
          <gpxtpx:TrackPointExtension>
            <gpxtpx:hr>173</gpxtpx:hr>
          </gpxtpx:TrackPointExtension>
        </extensions>
      </trkpt>
      <trkpt lat="41.74753457600783" lon="123.41398352279565">
        <ele>45.817240056581795</ele>
        <time>2025-06-06T23:23:42Z</time>
        <extensions>
          <gpxtpx:TrackPointExtension>
            <gpxtpx:hr>174</gpxtpx:hr>
          </gpxtpx:TrackPointExtension>
        </extensions>
      </trkpt>
      <trkpt lat="41.74761578657723" lon="123.41390888878095">
        <ele>43.56317188497633</ele>
        <time>2025-06-06T23:23:47Z</time>
        <extensions>
          <gpxtpx:TrackPointExtension>
            <gpxtpx:hr>175</gpxtpx:hr>
          </gpxtpx:TrackPointExtension>
        </extensions>
      </trkpt>
      <trkpt lat="41.747521207557966" lon="123.4139338947904">
        <ele>44.94373020157218</ele>
        <time>2025-06-06T23:24:06Z</time>
        <extensions>
          <gpxtpx:TrackPointExtension>
            <gpxtpx:hr>171</gpxtpx:hr>
          </gpxtpx:TrackPointExtension>
        </extensions>
      </trkpt>
      <trkpt lat="41.74744827498618" lon="123.41401546453876">
        <ele>44.18818583898246</ele>
        <time>2025-06-06T23:24:12Z</time>
        <extensions>
          <gpxtpx:TrackPointExtension>
            <gpxtpx:hr>169</gpxtpx:hr>
          </gpxtpx:TrackPointExtension>
        </extensions>
      </trkpt>
      <trkpt lat="41.74736517663516" lon="123.41410060079407">
        <ele>43.87966313492507</ele>
        <time>2025-06-06T23:24:17Z</time>
        <extensions>
          <gpxtpx:TrackPointExtension>
            <gpxtpx:hr>166</gpxtpx:hr>
          </gpxtpx:TrackPointExtension>
        </extensions>
      </trkpt>
      <trkpt lat="41.74729041240506" lon="123.41418947578323">
        <ele>42.231238787062466</ele>
        <time>2025-06-06T23:24:20Z</time>
      </trkpt>
      <trkpt lat="41.74721159041584" lon="123.41427804630624">
        <ele>43.71494843252003</ele>
        <time>2025-06-06T23:24:23Z</time>
        <extensions>
          <gpxtpx:TrackPointExtension>
            <gpxtpx:hr>168</gpxtpx:hr>
          </gpxtpx:TrackPointExtension>
        </extensions>
      </trkpt>
      <trkpt lat="41.7471304269383" lon="123.41438238819487">
        <ele>41.775118578225374</ele>
        <time>2025-06-06T23:24:26Z</time>
        <extensions>
          <gpxtpx:TrackPointExtension>
            <gpxtpx:hr>170</gpxtpx:hr>
          </gpxtpx:TrackPointExtension>
        </extensions>
      </trkpt>
      <trkpt lat="41.7470512683142" lon="123.41447046681566">
        <ele>42.118892705999315</ele>
        <time>2025-06-06T23:24:29Z</time>
      </trkpt>
      <trkpt lat="41.74697906016703" lon="123.4145545823104">
        <ele>39.87953440286219</ele>
        <time>2025-06-06T23:24:32Z</time>
        <extensions>
          <gpxtpx:TrackPointExtension>
            <gpxtpx:hr>174</gpxtpx:hr>
          </gpxtpx:TrackPointExtension>
        </extensions>
      </trkpt>
      <trkpt lat="41.74688817053421" lon="123.41467013201719">
        <ele>39.812416044063866</ele>
        <time>2025-06-06T23:24:36Z</time>
        <extensions>
          <gpxtpx:TrackPointExtension>
            <gpxtpx:hr>174</gpxtpx:hr>
          </gpxtpx:TrackPointExtension>
        </extensions>
      </trkpt>
      <trkpt lat="41.7468283139612" lon="123.41476825818258">
        <ele>38.93881177902222</ele>
        <time>2025-06-06T23:24:39Z</time>
      </trkpt>
      <trkpt lat="41.74676381235218" lon="123.41485507277837">
        <ele>38.468976692296565</ele>
        <time>2025-06-06T23:24:42Z</time>
      </trkpt>
      <trkpt lat="41.74670019230071" lon="123.4149518691607">
        <ele>38.62428376544267</ele>
        <time>2025-06-06T23:24:45Z</time>
        <extensions>
          <gpxtpx:TrackPointExtension>
            <gpxtpx:hr>174</gpxtpx:hr>
          </gpxtpx:TrackPointExtension>
        </extensions>
      </trkpt>
      <trkpt lat="41.74662869176302" lon="123.4150654555591">
        <ele>39.27652153279632</ele>
        <time>2025-06-06T23:24:49Z</time>
        <extensions>
          <gpxtpx:TrackPointExtension>
            <gpxtpx:hr>174</gpxtpx:hr>
          </gpxtpx:TrackPointExtension>
        </extensions>
      </trkpt>
      <trkpt lat="41.7465650880927" lon="123.41516096579628">
        <ele>38.38896284252405</ele>
        <time>2025-06-06T23:24:52Z</time>
      </trkpt>
      <trkpt lat="41.7464979909371" lon="123.41528290641827">
        <ele>39.828273048624396</ele>
        <time>2025-06-06T23:24:56Z</time>
        <extensions>
          <gpxtpx:TrackPointExtension>
            <gpxtpx:hr>171</gpxtpx:hr>
          </gpxtpx:TrackPointExtension>
        </extensions>
      </trkpt>
      <trkpt lat="41.746418370019306" lon="123.41539927489008">
        <ele>41.82753883302212</ele>
        <time>2025-06-06T23:25:00Z</time>
        <extensions>
          <gpxtpx:TrackPointExtension>
            <gpxtpx:hr>170</gpxtpx:hr>
          </gpxtpx:TrackPointExtension>
        </extensions>
      </trkpt>
      <trkpt lat="41.74637191969316" lon="123.41550336729794">
        <ele>41.899181311018765</ele>
        <time>2025-06-06T23:25:03Z</time>
        <extensions>
          <gpxtpx:TrackPointExtension>
            <gpxtpx:hr>170</gpxtpx:hr>
          </gpxtpx:TrackPointExtension>
        </extensions>
      </trkpt>
      <trkpt lat="41.74631528993738" lon="123.41562459052018">
        <ele>41.72123088967055</ele>
        <time>2025-06-06T23:25:07Z</time>
        <extensions>
          <gpxtpx:TrackPointExtension>
            <gpxtpx:hr>169</gpxtpx:hr>
          </gpxtpx:TrackPointExtension>
        </extensions>
      </trkpt>
      <trkpt lat="41.74626277403713" lon="123.41574897569575">
        <ele>40.962974737398326</ele>
        <time>2025-06-06T23:25:11Z</time>
      </trkpt>
      <trkpt lat="41.74621180842551" lon="123.41586823478657">
        <ele>41.17512843478471</ele>
        <time>2025-06-06T23:25:15Z</time>
        <extensions>
          <gpxtpx:TrackPointExtension>
            <gpxtpx:hr>173</gpxtpx:hr>
          </gpxtpx:TrackPointExtension>
        </extensions>
      </trkpt>
      <trkpt lat="41.74616018732409" lon="123.41600278155788">
        <ele>41.73644399177283</ele>
        <time>2025-06-06T23:25:19Z</time>
      </trkpt>
      <trkpt lat="41.74610010483069" lon="123.41610777213704">
        <ele>43.550535306334496</ele>
        <time>2025-06-06T23:25:22Z</time>
        <extensions>
          <gpxtpx:TrackPointExtension>
            <gpxtpx:hr>173</gpxtpx:hr>
          </gpxtpx:TrackPointExtension>
        </extensions>
      </trkpt>
      <trkpt lat="41.74603968343403" lon="123.41622345631116">
        <ele>44.88819687999785</ele>
        <time>2025-06-06T23:25:26Z</time>
      </trkpt>
      <trkpt lat="41.74599240441948" lon="123.41632872145361">
        <ele>45.057315413840115</ele>
        <time>2025-06-06T23:25:29Z</time>
      </trkpt>
      <trkpt lat="41.74593513280102" lon="123.41645015660923">
        <ele>45.5163666754961</ele>
        <time>2025-06-06T23:25:33Z</time>
        <extensions>
          <gpxtpx:TrackPointExtension>
            <gpxtpx:hr>175</gpxtpx:hr>
          </gpxtpx:TrackPointExtension>
        </extensions>
      </trkpt>
      <trkpt lat="41.745894056207874" lon="123.4165924954756">
        <ele>44.94597924593836</ele>
        <time>2025-06-06T23:25:37Z</time>
        <extensions>
          <gpxtpx:TrackPointExtension>
            <gpxtpx:hr>175</gpxtpx:hr>
          </gpxtpx:TrackPointExtension>
        </extensions>
      </trkpt>
      <trkpt lat="41.74584579171326" lon="123.41669781109198">
        <ele>44.05149908736348</ele>
        <time>2025-06-06T23:25:40Z</time>
        <extensions>
          <gpxtpx:TrackPointExtension>
            <gpxtpx:hr>177</gpxtpx:hr>
          </gpxtpx:TrackPointExtension>
        </extensions>
      </trkpt>
      <trkpt lat="41.74580498726609" lon="123.4168349802141">
        <ele>42.90385595802218</ele>
        <time>2025-06-06T23:25:44Z</time>
      </trkpt>
      <trkpt lat="41.745749042535195" lon="123.41694025402155">
        <ele>42.11631574854255</ele>
        <time>2025-06-06T23:25:47Z</time>
        <extensions>
          <gpxtpx:TrackPointExtension>
            <gpxtpx:hr>177</gpxtpx:hr>
          </gpxtpx:TrackPointExtension>
        </extensions>
      </trkpt>
      <trkpt lat="41.745708036810356" lon="123.41704821550753">
        <ele>44.29040546528995</ele>
        <time>2025-06-06T23:25:50Z</time>
        <extensions>
          <gpxtpx:TrackPointExtension>
            <gpxtpx:hr>177</gpxtpx:hr>
          </gpxtpx:TrackPointExtension>
        </extensions>
      </trkpt>
      <trkpt lat="41.745668282021015" lon="123.41715624881677">
        <ele>44.607524073682725</ele>
        <time>2025-06-06T23:25:53Z</time>
        <extensions>
          <gpxtpx:TrackPointExtension>
            <gpxtpx:hr>178</gpxtpx:hr>
          </gpxtpx:TrackPointExtension>
        </extensions>
      </trkpt>
      <trkpt lat="41.7456231320695" lon="123.41731399458409">
        <ele>44.24927673954517</ele>
        <time>2025-06-06T23:25:57Z</time>
        <extensions>
          <gpxtpx:TrackPointExtension>
            <gpxtpx:hr>178</gpxtpx:hr>
          </gpxtpx:TrackPointExtension>
        </extensions>
      </trkpt>
      <trkpt lat="41.745585619211646" lon="123.41743698417685">
        <ele>44.55504875257611</ele>
        <time>2025-06-06T23:26:01Z</time>
      </trkpt>
      <trkpt lat="41.745559189761174" lon="123.41755721338325">
        <ele>44.987169455736876</ele>
        <time>2025-06-06T23:26:04Z</time>
      </trkpt>
      <trkpt lat="41.74553995721055" lon="123.41770219488656">
        <ele>44.721787152811885</ele>
        <time>2025-06-06T23:26:08Z</time>
        <extensions>
          <gpxtpx:TrackPointExtension>
            <gpxtpx:hr>178</gpxtpx:hr>
          </gpxtpx:TrackPointExtension>
        </extensions>
      </trkpt>
      <trkpt lat="41.74546403891225" lon="123.41783234764502">
        <ele>44.69824536237866</ele>
        <time>2025-06-06T23:26:12Z</time>
        <extensions>
          <gpxtpx:TrackPointExtension>
            <gpxtpx:hr>178</gpxtpx:hr>
          </gpxtpx:TrackPointExtension>
        </extensions>
      </trkpt>
      <trkpt lat="41.745411259884385" lon="123.41795068035474">
        <ele>45.08373440988362</ele>
        <time>2025-06-06T23:26:15Z</time>
      </trkpt>
      <trkpt lat="41.745352949218365" lon="123.41808254587">
        <ele>43.9879368506372</ele>
        <time>2025-06-06T23:26:19Z</time>
      </trkpt>
      <trkpt lat="41.74529926732778" lon="123.41822301359407">
        <ele>44.53206332959235</ele>
        <time>2025-06-06T23:26:23Z</time>
        <extensions>
          <gpxtpx:TrackPointExtension>
            <gpxtpx:hr>179</gpxtpx:hr>
          </gpxtpx:TrackPointExtension>
        </extensions>
      </trkpt>
      <trkpt lat="41.7452795735746" lon="123.41837328459688">
        <ele>44.1353122908622</ele>
        <time>2025-06-06T23:26:27Z</time>
        <extensions>
          <gpxtpx:TrackPointExtension>
            <gpxtpx:hr>180</gpxtpx:hr>
          </gpxtpx:TrackPointExtension>
        </extensions>
      </trkpt>
      <trkpt lat="41.74522887095272" lon="123.41847508800522">
        <ele>44.64107397478074</ele>
        <time>2025-06-06T23:26:30Z</time>
      </trkpt>
      <trkpt lat="41.745184447593104" lon="123.41859535777971">
        <ele>43.22099604643881</ele>
        <time>2025-06-06T23:26:34Z</time>
      </trkpt>
      <trkpt lat="41.74514796947877" lon="123.41873315678833">
        <ele>42.70905965939164</ele>
        <time>2025-06-06T23:26:38Z</time>
        <extensions>
          <gpxtpx:TrackPointExtension>
            <gpxtpx:hr>178</gpxtpx:hr>
          </gpxtpx:TrackPointExtension>
        </extensions>
      </trkpt>
      <trkpt lat="41.74512234421459" lon="123.41886889617686">
        <ele>42.60824714042246</ele>
        <time>2025-06-06T23:26:42Z</time>
        <extensions>
          <gpxtpx:TrackPointExtension>
            <gpxtpx:hr>179</gpxtpx:hr>
          </gpxtpx:TrackPointExtension>
        </extensions>
      </trkpt>
      <trkpt lat="41.74507296549377" lon="123.419017813948">
        <ele>42.28439570590854</ele>
        <time>2025-06-06T23:26:46Z</time>
      </trkpt>
      <trkpt lat="41.745026788704024" lon="123.41913763381774">
        <ele>41.26775314565748</ele>
        <time>2025-06-06T23:26:50Z</time>
        <extensions>
          <gpxtpx:TrackPointExtension>
            <gpxtpx:hr>178</gpxtpx:hr>
          </gpxtpx:TrackPointExtension>
        </extensions>
      </trkpt>
      <trkpt lat="41.7449785598148" lon="123.41927500142478">
        <ele>40.80361633840948</ele>
        <time>2025-06-06T23:26:54Z</time>
        <extensions>
          <gpxtpx:TrackPointExtension>
            <gpxtpx:hr>179</gpxtpx:hr>
          </gpxtpx:TrackPointExtension>
        </extensions>
      </trkpt>
      <trkpt lat="41.744938587789385" lon="123.41942106767831">
        <ele>40.853708050213754</ele>
        <time>2025-06-06T23:26:58Z</time>
        <extensions>
          <gpxtpx:TrackPointExtension>
            <gpxtpx:hr>179</gpxtpx:hr>
          </gpxtpx:TrackPointExtension>
        </extensions>
      </trkpt>
      <trkpt lat="41.744886151872265" lon="123.41954129070191">
        <ele>40.1824881369248</ele>
        <time>2025-06-06T23:27:01Z</time>
      </trkpt>
      <trkpt lat="41.74483606942132" lon="123.41967543018086">
        <ele>41.47330107353628</ele>
        <time>2025-06-06T23:27:05Z</time>
        <extensions>
          <gpxtpx:TrackPointExtension>
            <gpxtpx:hr>180</gpxtpx:hr>
          </gpxtpx:TrackPointExtension>
        </extensions>
      </trkpt>
      <trkpt lat="41.7448034549302" lon="123.41979564727602">
        <ele>42.84638352971524</ele>
        <time>2025-06-06T23:27:08Z</time>
      </trkpt>
      <trkpt lat="41.7447578494515" lon="123.41990212246726">
        <ele>42.425913913175464</ele>
        <time>2025-06-06T23:27:11Z</time>
        <extensions>
          <gpxtpx:TrackPointExtension>
            <gpxtpx:hr>180</gpxtpx:hr>
          </gpxtpx:TrackPointExtension>
        </extensions>
      </trkpt>
      <trkpt lat="41.74470849597175" lon="123.42003779496193">
        <ele>42.26436810474843</ele>
        <time>2025-06-06T23:27:15Z</time>
      </trkpt>
      <trkpt lat="41.74466580615771" lon="123.42016809223578">
        <ele>41.23762472253293</ele>
        <time>2025-06-06T23:27:19Z</time>
      </trkpt>
      <trkpt lat="41.74462707272263" lon="123.42031022420323">
        <ele>40.403477990068495</ele>
        <time>2025-06-06T23:27:23Z</time>
        <extensions>
          <gpxtpx:TrackPointExtension>
            <gpxtpx:hr>181</gpxtpx:hr>
          </gpxtpx:TrackPointExtension>
        </extensions>
      </trkpt>
      <trkpt lat="41.74458269229406" lon="123.42042077792557">
        <ele>43.17497566342354</ele>
        <time>2025-06-06T23:27:26Z</time>
        <extensions>
          <gpxtpx:TrackPointExtension>
            <gpxtpx:hr>181</gpxtpx:hr>
          </gpxtpx:TrackPointExtension>
        </extensions>
      </trkpt>
      <trkpt lat="41.74454802085434" lon="123.42056378019237">
        <ele>42.311737252399325</ele>
        <time>2025-06-06T23:27:30Z</time>
        <extensions>
          <gpxtpx:TrackPointExtension>
            <gpxtpx:hr>181</gpxtpx:hr>
          </gpxtpx:TrackPointExtension>
        </extensions>
      </trkpt>
      <trkpt lat="41.744526443037955" lon="123.420689014702">
        <ele>40.54150388855487</ele>
        <time>2025-06-06T23:27:33Z</time>
        <extensions>
          <gpxtpx:TrackPointExtension>
            <gpxtpx:hr>181</gpxtpx:hr>
          </gpxtpx:TrackPointExtension>
        </extensions>
      </trkpt>
      <trkpt lat="41.74448515922907" lon="123.42080254252438">
        <ele>40.451853138394654</ele>
        <time>2025-06-06T23:27:36Z</time>
      </trkpt>
      <trkpt lat="41.74442379978835" lon="123.42093378484162">
        <ele>38.67327050399035</ele>
        <time>2025-06-06T23:27:40Z</time>
        <extensions>
          <gpxtpx:TrackPointExtension>
            <gpxtpx:hr>181</gpxtpx:hr>
          </gpxtpx:TrackPointExtension>
        </extensions>
      </trkpt>
      <trkpt lat="41.74438049924916" lon="123.42104818389095">
        <ele>40.285253384150565</ele>
        <time>2025-06-06T23:27:43Z</time>
      </trkpt>
      <trkpt lat="41.7443317238179" lon="123.42115846660855">
        <ele>40.691142690368</ele>
        <time>2025-06-06T23:27:46Z</time>
        <extensions>
          <gpxtpx:TrackPointExtension>
            <gpxtpx:hr>181</gpxtpx:hr>
          </gpxtpx:TrackPointExtension>
        </extensions>
      </trkpt>
      <trkpt lat="41.744294073676095" lon="123.42127499093746">
        <ele>38.74609567318112</ele>
        <time>2025-06-06T23:27:49Z</time>
        <extensions>
          <gpxtpx:TrackPointExtension>
            <gpxtpx:hr>181</gpxtpx:hr>
          </gpxtpx:TrackPointExtension>
        </extensions>
      </trkpt>
      <trkpt lat="41.744256732706106" lon="123.42140770098031">
        <ele>40.4877186845988</ele>
        <time>2025-06-06T23:27:53Z</time>
        <extensions>
          <gpxtpx:TrackPointExtension>
            <gpxtpx:hr>181</gpxtpx:hr>
          </gpxtpx:TrackPointExtension>
        </extensions>
      </trkpt>
      <trkpt lat="41.74421822503512" lon="123.4215370431646">
        <ele>41.78818413708359</ele>
        <time>2025-06-06T23:27:57Z</time>
        <extensions>
          <gpxtpx:TrackPointExtension>
            <gpxtpx:hr>180</gpxtpx:hr>
          </gpxtpx:TrackPointExtension>
        </extensions>
      </trkpt>
      <trkpt lat="41.74416775687905" lon="123.4216691978502">
        <ele>41.53859086241573</ele>
        <time>2025-06-06T23:28:01Z</time>
      </trkpt>
      <trkpt lat="41.74410816176439" lon="123.42180609989781">
        <ele>43.87921595200896</ele>
        <time>2025-06-06T23:28:05Z</time>
        <extensions>
          <gpxtpx:TrackPointExtension>
            <gpxtpx:hr>182</gpxtpx:hr>
          </gpxtpx:TrackPointExtension>
        </extensions>
      </trkpt>
      <trkpt lat="41.74406628762075" lon="123.42193055573672">
        <ele>43.99200912471861</ele>
        <time>2025-06-06T23:28:09Z</time>
      </trkpt>
      <trkpt lat="41.744034881331835" lon="123.42206488859166">
        <ele>44.15217118151486</ele>
        <time>2025-06-06T23:28:13Z</time>
        <extensions>
          <gpxtpx:TrackPointExtension>
            <gpxtpx:hr>181</gpxtpx:hr>
          </gpxtpx:TrackPointExtension>
        </extensions>
      </trkpt>
      <trkpt lat="41.743996999070774" lon="123.42218781143072">
        <ele>41.458010285161436</ele>
        <time>2025-06-06T23:28:16Z</time>
        <extensions>
          <gpxtpx:TrackPointExtension>
            <gpxtpx:hr>181</gpxtpx:hr>
          </gpxtpx:TrackPointExtension>
        </extensions>
      </trkpt>
      <trkpt lat="41.74399961090267" lon="123.42231519452852">
        <ele>40.27711509633809</ele>
        <time>2025-06-06T23:28:19Z</time>
      </trkpt>
      <trkpt lat="41.74392786442237" lon="123.4224019376086">
        <ele>42.48780004680157</ele>
        <time>2025-06-06T23:28:23Z</time>
        <extensions>
          <gpxtpx:TrackPointExtension>
            <gpxtpx:hr>180</gpxtpx:hr>
          </gpxtpx:TrackPointExtension>
        </extensions>
      </trkpt>
      <trkpt lat="41.74388920397023" lon="123.42255704401643">
        <ele>41.334802753292024</ele>
        <time>2025-06-06T23:28:27Z</time>
      </trkpt>
      <trkpt lat="41.74384386220995" lon="123.4226737904004">
        <ele>38.79182236455381</ele>
        <time>2025-06-06T23:28:31Z</time>
        <extensions>
          <gpxtpx:TrackPointExtension>
            <gpxtpx:hr>177</gpxtpx:hr>
          </gpxtpx:TrackPointExtension>
        </extensions>
      </trkpt>
      <trkpt lat="41.74379227714115" lon="123.42279676155819">
        <ele>40.206740375608206</ele>
        <time>2025-06-06T23:28:35Z</time>
        <extensions>
          <gpxtpx:TrackPointExtension>
            <gpxtpx:hr>177</gpxtpx:hr>
          </gpxtpx:TrackPointExtension>
        </extensions>
      </trkpt>
      <trkpt lat="41.74374615318456" lon="123.42292164832563">
        <ele>41.71646917518228</ele>
        <time>2025-06-06T23:28:39Z</time>
      </trkpt>
      <trkpt lat="41.74371301734186" lon="123.42305887053847">
        <ele>42.03667116444558</ele>
        <time>2025-06-06T23:28:43Z</time>
        <extensions>
          <gpxtpx:TrackPointExtension>
            <gpxtpx:hr>178</gpxtpx:hr>
          </gpxtpx:TrackPointExtension>
        </extensions>
      </trkpt>
      <trkpt lat="41.743703327003004" lon="123.42319525542588">
        <ele>42.90853665582836</ele>
        <time>2025-06-06T23:28:46Z</time>
      </trkpt>
      <trkpt lat="41.74370344849922" lon="123.42334486142842">
        <ele>43.94931560289115</ele>
        <time>2025-06-06T23:28:50Z</time>
        <extensions>
          <gpxtpx:TrackPointExtension>
            <gpxtpx:hr>177</gpxtpx:hr>
          </gpxtpx:TrackPointExtension>
        </extensions>
      </trkpt>
      <trkpt lat="41.743681613516905" lon="123.42346611691367">
        <ele>44.528046044521034</ele>
        <time>2025-06-06T23:28:53Z</time>
        <extensions>
          <gpxtpx:TrackPointExtension>
            <gpxtpx:hr>178</gpxtpx:hr>
          </gpxtpx:TrackPointExtension>
        </extensions>
      </trkpt>
      <trkpt lat="41.74365628523313" lon="123.42358666398012">
        <ele>44.46684682369232</ele>
        <time>2025-06-06T23:28:57Z</time>
      </trkpt>
      <trkpt lat="41.74365483646076" lon="123.42373556622874">
        <ele>45.31337358430028</ele>
        <time>2025-06-06T23:29:01Z</time>
        <extensions>
          <gpxtpx:TrackPointExtension>
            <gpxtpx:hr>179</gpxtpx:hr>
          </gpxtpx:TrackPointExtension>
        </extensions>
      </trkpt>
      <trkpt lat="41.74363734350047" lon="123.42389136870653">
        <ele>44.661589407362044</ele>
        <time>2025-06-06T23:29:05Z</time>
      </trkpt>
      <trkpt lat="41.743627468249464" lon="123.42401675955895">
        <ele>43.60463184956461</ele>
        <time>2025-06-06T23:29:08Z</time>
        <extensions>
          <gpxtpx:TrackPointExtension>
            <gpxtpx:hr>180</gpxtpx:hr>
          </gpxtpx:TrackPointExtension>
        </extensions>
      </trkpt>
      <trkpt lat="41.74361732092981" lon="123.42416125653888">
        <ele>43.95044242031872</ele>
        <time>2025-06-06T23:29:12Z</time>
        <extensions>
          <gpxtpx:TrackPointExtension>
            <gpxtpx:hr>180</gpxtpx:hr>
          </gpxtpx:TrackPointExtension>
        </extensions>
      </trkpt>
      <trkpt lat="41.74360164668957" lon="123.424283291757">
        <ele>44.2373362025246</ele>
        <time>2025-06-06T23:29:16Z</time>
      </trkpt>
      <trkpt lat="41.7435899180312" lon="123.42441260181525">
        <ele>44.009288809262216</ele>
        <time>2025-06-06T23:29:20Z</time>
        <extensions>
          <gpxtpx:TrackPointExtension>
            <gpxtpx:hr>181</gpxtpx:hr>
          </gpxtpx:TrackPointExtension>
        </extensions>
      </trkpt>
      <trkpt lat="41.74360028310238" lon="123.42454077263812">
        <ele>44.18263470195234</ele>
        <time>2025-06-06T23:29:23Z</time>
        <extensions>
          <gpxtpx:TrackPointExtension>
            <gpxtpx:hr>181</gpxtpx:hr>
          </gpxtpx:TrackPointExtension>
        </extensions>
      </trkpt>
      <trkpt lat="41.74359240776674" lon="123.42469326059698">
        <ele>44.71480710897595</ele>
        <time>2025-06-06T23:29:27Z</time>
      </trkpt>
      <trkpt lat="41.7435863038375" lon="123.42483248701613">
        <ele>44.913613685406744</ele>
        <time>2025-06-06T23:29:31Z</time>
        <extensions>
          <gpxtpx:TrackPointExtension>
            <gpxtpx:hr>180</gpxtpx:hr>
          </gpxtpx:TrackPointExtension>
        </extensions>
      </trkpt>
      <trkpt lat="41.743610421201765" lon="123.42497077757497">
        <ele>45.58966951817274</ele>
        <time>2025-06-06T23:29:35Z</time>
        <extensions>
          <gpxtpx:TrackPointExtension>
            <gpxtpx:hr>181</gpxtpx:hr>
          </gpxtpx:TrackPointExtension>
        </extensions>
      </trkpt>
      <trkpt lat="41.743650380866136" lon="123.42507929361966">
        <ele>44.372821286320686</ele>
        <time>2025-06-06T23:29:38Z</time>
        <extensions>
          <gpxtpx:TrackPointExtension>
            <gpxtpx:hr>182</gpxtpx:hr>
          </gpxtpx:TrackPointExtension>
        </extensions>
      </trkpt>
      <trkpt lat="41.743645451036954" lon="123.42520173304194">
        <ele>43.08205902110785</ele>
        <time>2025-06-06T23:29:41Z</time>
      </trkpt>
      <trkpt lat="41.74365021008675" lon="123.42534637168168">
        <ele>43.77360424306244</ele>
        <time>2025-06-06T23:29:45Z</time>
        <extensions>
          <gpxtpx:TrackPointExtension>
            <gpxtpx:hr>181</gpxtpx:hr>
          </gpxtpx:TrackPointExtension>
        </extensions>
      </trkpt>
      <trkpt lat="41.743649118186354" lon="123.4255043400279">
        <ele>43.356795062310994</ele>
        <time>2025-06-06T23:29:49Z</time>
      </trkpt>
      <trkpt lat="41.743638343418766" lon="123.42566672727399">
        <ele>44.36197712831199</ele>
        <time>2025-06-06T23:29:53Z</time>
        <extensions>
          <gpxtpx:TrackPointExtension>
            <gpxtpx:hr>181</gpxtpx:hr>
          </gpxtpx:TrackPointExtension>
        </extensions>
      </trkpt>
      <trkpt lat="41.74364585746202" lon="123.42581347312307">
        <ele>44.34981887973845</ele>
        <time>2025-06-06T23:29:57Z</time>
        <extensions>
          <gpxtpx:TrackPointExtension>
            <gpxtpx:hr>180</gpxtpx:hr>
          </gpxtpx:TrackPointExtension>
        </extensions>
      </trkpt>
      <trkpt lat="41.74365174375197" lon="123.4259855930099">
        <ele>46.32508180011064</ele>
        <time>2025-06-06T23:30:01Z</time>
        <extensions>
          <gpxtpx:TrackPointExtension>
            <gpxtpx:hr>180</gpxtpx:hr>
          </gpxtpx:TrackPointExtension>
        </extensions>
      </trkpt>
      <trkpt lat="41.74365745118201" lon="123.42612646336248">
        <ele>46.024154216982424</ele>
        <time>2025-06-06T23:30:05Z</time>
        <extensions>
          <gpxtpx:TrackPointExtension>
            <gpxtpx:hr>179</gpxtpx:hr>
          </gpxtpx:TrackPointExtension>
        </extensions>
      </trkpt>
      <trkpt lat="41.74364802434074" lon="123.42626833155106">
        <ele>45.60706671420485</ele>
        <time>2025-06-06T23:30:09Z</time>
        <extensions>
          <gpxtpx:TrackPointExtension>
            <gpxtpx:hr>180</gpxtpx:hr>
          </gpxtpx:TrackPointExtension>
        </extensions>
      </trkpt>
      <trkpt lat="41.74366656470966" lon="123.4264068805616">
        <ele>44.90362119115889</ele>
        <time>2025-06-06T23:30:13Z</time>
      </trkpt>
      <trkpt lat="41.743694578592226" lon="123.4265700638554">
        <ele>45.00509954337031</ele>
        <time>2025-06-06T23:30:17Z</time>
        <extensions>
          <gpxtpx:TrackPointExtension>
            <gpxtpx:hr>181</gpxtpx:hr>
          </gpxtpx:TrackPointExtension>
        </extensions>
      </trkpt>
      <trkpt lat="41.743711465766964" lon="123.42669822225902">
        <ele>45.22862257249653</ele>
        <time>2025-06-06T23:30:20Z</time>
      </trkpt>
      <trkpt lat="41.743743555837476" lon="123.42684694962712">
        <ele>45.53866907116026</ele>
        <time>2025-06-06T23:30:24Z</time>
        <extensions>
          <gpxtpx:TrackPointExtension>
            <gpxtpx:hr>181</gpxtpx:hr>
          </gpxtpx:TrackPointExtension>
        </extensions>
      </trkpt>
      <trkpt lat="41.74375643731383" lon="123.42697933689428">
        <ele>44.546235429123044</ele>
        <time>2025-06-06T23:30:28Z</time>
        <extensions>
          <gpxtpx:TrackPointExtension>
            <gpxtpx:hr>180</gpxtpx:hr>
          </gpxtpx:TrackPointExtension>
        </extensions>
      </trkpt>
      <trkpt lat="41.743769507602345" lon="123.42713244166957">
        <ele>45.13340898230672</ele>
        <time>2025-06-06T23:30:32Z</time>
        <extensions>
          <gpxtpx:TrackPointExtension>
            <gpxtpx:hr>180</gpxtpx:hr>
          </gpxtpx:TrackPointExtension>
        </extensions>
      </trkpt>
      <trkpt lat="41.74379702049208" lon="123.42729348984422">
        <ele>45.27295474149287</ele>
        <time>2025-06-06T23:30:36Z</time>
      </trkpt>
      <trkpt lat="41.74382578989572" lon="123.42741764559881">
        <ele>43.64907658658922</ele>
        <time>2025-06-06T23:30:39Z</time>
      </trkpt>
      <trkpt lat="41.74385090040473" lon="123.42753855210597">
        <ele>43.14273469615728</ele>
        <time>2025-06-06T23:30:42Z</time>
        <extensions>
          <gpxtpx:TrackPointExtension>
            <gpxtpx:hr>181</gpxtpx:hr>
          </gpxtpx:TrackPointExtension>
        </extensions>
      </trkpt>
      <trkpt lat="41.74386203529941" lon="123.4276892408199">
        <ele>43.042364025488496</ele>
        <time>2025-06-06T23:30:46Z</time>
      </trkpt>
      <trkpt lat="41.74392532487089" lon="123.42782248617368">
        <ele>42.8670759415254</ele>
        <time>2025-06-06T23:30:50Z</time>
        <extensions>
          <gpxtpx:TrackPointExtension>
            <gpxtpx:hr>179</gpxtpx:hr>
          </gpxtpx:TrackPointExtension>
        </extensions>
      </trkpt>
      <trkpt lat="41.74397752885658" lon="123.42793591748709">
        <ele>43.02086707577109</ele>
        <time>2025-06-06T23:30:53Z</time>
      </trkpt>
      <trkpt lat="41.74401599115154" lon="123.42804720359727">
        <ele>42.765247902832925</ele>
        <time>2025-06-06T23:30:56Z</time>
        <extensions>
          <gpxtpx:TrackPointExtension>
            <gpxtpx:hr>179</gpxtpx:hr>
          </gpxtpx:TrackPointExtension>
        </extensions>
      </trkpt>
      <trkpt lat="41.744069204737315" lon="123.42814695912843">
        <ele>44.08846305310726</ele>
        <time>2025-06-06T23:30:59Z</time>
      </trkpt>
      <trkpt lat="41.744120964289074" lon="123.42826952946481">
        <ele>43.94519459921867</ele>
        <time>2025-06-06T23:31:03Z</time>
      </trkpt>
      <trkpt lat="41.744172292721714" lon="123.42837607966715">
        <ele>43.574391826055944</ele>
        <time>2025-06-06T23:31:06Z</time>
        <extensions>
          <gpxtpx:TrackPointExtension>
            <gpxtpx:hr>180</gpxtpx:hr>
          </gpxtpx:TrackPointExtension>
        </extensions>
      </trkpt>
      <trkpt lat="41.74422451126219" lon="123.42849303849283">
        <ele>44.653341674245894</ele>
        <time>2025-06-06T23:31:09Z</time>
      </trkpt>
      <trkpt lat="41.74428246182874" lon="123.42859145062815">
        <ele>45.31742889340967</ele>
        <time>2025-06-06T23:31:12Z</time>
      </trkpt>
      <trkpt lat="41.74433913314227" lon="123.4287128624096">
        <ele>44.44454405643046</ele>
        <time>2025-06-06T23:31:15Z</time>
        <extensions>
          <gpxtpx:TrackPointExtension>
            <gpxtpx:hr>181</gpxtpx:hr>
          </gpxtpx:TrackPointExtension>
        </extensions>
      </trkpt>
      <trkpt lat="41.74441058989715" lon="123.4288234271238">
        <ele>44.533559910953045</ele>
        <time>2025-06-06T23:31:19Z</time>
      </trkpt>
      <trkpt lat="41.74446498434426" lon="123.42895177381861">
        <ele>45.66829056572169</ele>
        <time>2025-06-06T23:31:23Z</time>
        <extensions>
          <gpxtpx:TrackPointExtension>
            <gpxtpx:hr>182</gpxtpx:hr>
          </gpxtpx:TrackPointExtension>
        </extensions>
      </trkpt>
      <trkpt lat="41.74453487254376" lon="123.42905766151175">
        <ele>44.63221141602844</ele>
        <time>2025-06-06T23:31:27Z</time>
        <extensions>
          <gpxtpx:TrackPointExtension>
            <gpxtpx:hr>182</gpxtpx:hr>
          </gpxtpx:TrackPointExtension>
        </extensions>
      </trkpt>
      <trkpt lat="41.74459258492948" lon="123.42918631927769">
        <ele>44.672674843110144</ele>
        <time>2025-06-06T23:31:31Z</time>
        <extensions>
          <gpxtpx:TrackPointExtension>
            <gpxtpx:hr>182</gpxtpx:hr>
          </gpxtpx:TrackPointExtension>
        </extensions>
      </trkpt>
      <trkpt lat="41.74463827624736" lon="123.42930273293544">
        <ele>45.76793256029487</ele>
        <time>2025-06-06T23:31:35Z</time>
        <extensions>
          <gpxtpx:TrackPointExtension>
            <gpxtpx:hr>182</gpxtpx:hr>
          </gpxtpx:TrackPointExtension>
        </extensions>
      </trkpt>
      <trkpt lat="41.744683280149324" lon="123.42942514603936">
        <ele>46.063973845914006</ele>
        <time>2025-06-06T23:31:39Z</time>
        <extensions>
          <gpxtpx:TrackPointExtension>
            <gpxtpx:hr>182</gpxtpx:hr>
          </gpxtpx:TrackPointExtension>
        </extensions>
      </trkpt>
      <trkpt lat="41.74472786579699" lon="123.42954389763834">
        <ele>45.65917373262346</ele>
        <time>2025-06-06T23:31:43Z</time>
        <extensions>
          <gpxtpx:TrackPointExtension>
            <gpxtpx:hr>183</gpxtpx:hr>
          </gpxtpx:TrackPointExtension>
        </extensions>
      </trkpt>
      <trkpt lat="41.74473907255517" lon="123.42969207847791">
        <ele>45.56136333197355</ele>
        <time>2025-06-06T23:31:47Z</time>
      </trkpt>
      <trkpt lat="41.74477518192868" lon="123.42980547154">
        <ele>45.853080741129816</ele>
        <time>2025-06-06T23:31:50Z</time>
        <extensions>
          <gpxtpx:TrackPointExtension>
            <gpxtpx:hr>181</gpxtpx:hr>
          </gpxtpx:TrackPointExtension>
        </extensions>
      </trkpt>
      <trkpt lat="41.744824344215274" lon="123.4299393804656">
        <ele>46.032583279535174</ele>
        <time>2025-06-06T23:31:54Z</time>
        <extensions>
          <gpxtpx:TrackPointExtension>
            <gpxtpx:hr>181</gpxtpx:hr>
          </gpxtpx:TrackPointExtension>
        </extensions>
      </trkpt>
      <trkpt lat="41.744866818660476" lon="123.43006195288191">
        <ele>46.0870294701308</ele>
        <time>2025-06-06T23:31:58Z</time>
        <extensions>
          <gpxtpx:TrackPointExtension>
            <gpxtpx:hr>181</gpxtpx:hr>
          </gpxtpx:TrackPointExtension>
        </extensions>
      </trkpt>
      <trkpt lat="41.74491358779355" lon="123.43020012764495">
        <ele>46.31252379063517</ele>
        <time>2025-06-06T23:32:02Z</time>
      </trkpt>
      <trkpt lat="41.74496241004474" lon="123.43030790954337">
        <ele>45.742499376647174</ele>
        <time>2025-06-06T23:32:05Z</time>
        <extensions>
          <gpxtpx:TrackPointExtension>
            <gpxtpx:hr>181</gpxtpx:hr>
          </gpxtpx:TrackPointExtension>
        </extensions>
      </trkpt>
      <trkpt lat="41.74500871573959" lon="123.43042920014261">
        <ele>45.50658885203302</ele>
        <time>2025-06-06T23:32:09Z</time>
        <extensions>
          <gpxtpx:TrackPointExtension>
            <gpxtpx:hr>181</gpxtpx:hr>
          </gpxtpx:TrackPointExtension>
        </extensions>
      </trkpt>
      <trkpt lat="41.74503871218628" lon="123.43056977491858">
        <ele>46.12166043743491</ele>
        <time>2025-06-06T23:32:12Z</time>
        <extensions>
          <gpxtpx:TrackPointExtension>
            <gpxtpx:hr>181</gpxtpx:hr>
          </gpxtpx:TrackPointExtension>
        </extensions>
      </trkpt>
      <trkpt lat="41.745091025278406" lon="123.43067931077846">
        <ele>46.299340409226716</ele>
        <time>2025-06-06T23:32:16Z</time>
      </trkpt>
      <trkpt lat="41.74518514453595" lon="123.43074530431387">
        <ele>46.496098799631</ele>
        <time>2025-06-06T23:32:20Z</time>
        <extensions>
          <gpxtpx:TrackPointExtension>
            <gpxtpx:hr>180</gpxtpx:hr>
          </gpxtpx:TrackPointExtension>
        </extensions>
      </trkpt>
      <trkpt lat="41.74527568652415" lon="123.43074848923598">
        <ele>46.95679436903447</ele>
        <time>2025-06-06T23:32:24Z</time>
        <extensions>
          <gpxtpx:TrackPointExtension>
            <gpxtpx:hr>180</gpxtpx:hr>
          </gpxtpx:TrackPointExtension>
        </extensions>
      </trkpt>
      <trkpt lat="41.745365725097656" lon="123.43082240962778">
        <ele>48.106553624384105</ele>
        <time>2025-06-06T23:32:28Z</time>
        <extensions>
          <gpxtpx:TrackPointExtension>
            <gpxtpx:hr>181</gpxtpx:hr>
          </gpxtpx:TrackPointExtension>
        </extensions>
      </trkpt>
      <trkpt lat="41.74540856166756" lon="123.43096215586641">
        <time>2025-06-06T23:32:32Z</time>
      </trkpt>
    </trkseg>
  </trk>
</gpx>